idx,run_id,config,runnumber,repetition,seedset,suite,num_uavs,puf_ber,fe_profile,attack_mode,uav_id,success,puf_eval_ms,fe_gen_ms,total_ms,helper_bytes,challenge_bytes,details
0,Baseline5UAV-0-20260922-20:31:47-1127386,Baseline5UAV,0,0,0,sha3,5,,,,0,1,0.011822,0.049662,0.105706,160,16,enrollment; config=Baseline5UAV
1,Baseline5UAV-0-20260922-20:31:47-1127386,Baseline5UAV,0,0,0,sha3,5,,,,1,1,0.00549,0.035746,0.069028,160,16,enrollment; config=Baseline5UAV
2,Baseline5UAV-0-20260922-20:31:47-1127386,Baseline5UAV,0,0,0,sha3,5,,,,2,1,0.003947,0.035646,0.066964,160,16,enrollment; config=Baseline5UAV
3,Baseline5UAV-0-20260922-20:31:47-1127386,Baseline5UAV,0,0,0,sha3,5,,,,3,1,0.003857,0.035125,0.062255,160,16,enrollment; config=Baseline5UAV
4,Baseline5UAV-0-20260922-20:31:47-1127386,Baseline5UAV,0,0,0,sha3,5,,,,4,1,0.003767,0.035175,0.064039,160,16,enrollment; config=Baseline5UAV
5,Baseline5UAV-1-20260922-20:31:47-1127386,Baseline5UAV,1,1,1,sha3,5,,,,0,1,0.006422,0.042719,0.078625,160,16,enrollment; config=Baseline5UAV
6,Baseline5UAV-1-20260922-20:31:47-1127386,Baseline5UAV,1,1,1,sha3,5,,,,1,1,0.004118,0.03804,0.068136,160,16,enrollment; config=Baseline5UAV
7,Baseline5UAV-1-20260922-20:31:47-1127386,Baseline5UAV,1,1,1,sha3,5,,,,2,1,0.003827,0.034785,0.063268,160,16,enrollment; config=Baseline5UAV
8,Baseline5UAV-1-20260922-20:31:47-1127386,Baseline5UAV,1,1,1,sha3,5,,,,3,1,0.003807,0.03753,0.063708,160,16,enrollment; config=Baseline5UAV
9,Baseline5UAV-1-20260922-20:31:47-1127386,Baseline5UAV,1,1,1,sha3,5,,,,4,1,0.003787,0.038401,0.065131,160,16,enrollment; config=Baseline5UAV
10,Baseline5UAV-10-20260922-20:31:47-1127386,Baseline5UAV,10,10,10,sha3,5,,,,0,1,0.009057,0.041216,0.081651,160,16,enrollment; config=Baseline5UAV
11,Baseline5UAV-10-20260922-20:31:47-1127386,Baseline5UAV,10,10,10,sha3,5,,,,1,1,0.004077,0.035356,0.066133,160,16,enrollment; config=Baseline5UAV
12,Baseline5UAV-10-20260922-20:31:47-1127386,Baseline5UAV,10,10,10,sha3,5,,,,2,1,0.003827,0.035035,0.063758,160,16,enrollment; config=Baseline5UAV
13,Baseline5UAV-10-20260922-20:31:47-1127386,Baseline5UAV,10,10,10,sha3,5,,,,3,1,0.003837,0.035005,0.062185,160,16,enrollment; config=Baseline5UAV
14,Baseline5UAV-10-20260922-20:31:47-1127386,Baseline5UAV,10,10,10,sha3,5,,,,4,1,0.003817,0.034695,0.062065,160,16,enrollment; config=Baseline5UAV
15,Baseline5UAV-11-20260922-20:31:47-1127386,Baseline5UAV,11,11,11,sha3,5,,,,0,1,0.006662,0.039253,0.076272,160,16,enrollment; config=Baseline5UAV
16,Baseline5UAV-11-20260922-20:31:47-1127386,Baseline5UAV,11,11,11,sha3,5,,,,1,1,0.004148,0.035205,0.066103,160,16,enrollment; config=Baseline5UAV
17,Baseline5UAV-11-20260922-20:31:47-1127386,Baseline5UAV,11,11,11,sha3,5,,,,2,1,0.003967,0.034765,0.063237,160,16,enrollment; config=Baseline5UAV
18,Baseline5UAV-11-20260922-20:31:47-1127386,Baseline5UAV,11,11,11,sha3,5,,,,3,1,0.003797,0.034494,0.061534,160,16,enrollment; config=Baseline5UAV
19,Baseline5UAV-11-20260922-20:31:47-1127386,Baseline5UAV,11,11,11,sha3,5,,,,4,1,0.003817,0.035506,0.069649,160,16,enrollment; config=Baseline5UAV
20,Baseline5UAV-12-20260922-20:31:47-1127386,Baseline5UAV,12,12,12,sha3,5,,,,0,1,0.008065,0.039684,0.078996,160,16,enrollment; config=Baseline5UAV
21,Baseline5UAV-12-20260922-20:31:47-1127386,Baseline5UAV,12,12,12,sha3,5,,,,1,1,0.004028,0.035085,0.065712,160,16,enrollment; config=Baseline5UAV
22,Baseline5UAV-12-20260922-20:31:47-1127386,Baseline5UAV,12,12,12,sha3,5,,,,2,1,0.003857,0.035275,0.06481,160,16,enrollment; config=Baseline5UAV
23,Baseline5UAV-12-20260922-20:31:47-1127386,Baseline5UAV,12,12,12,sha3,5,,,,3,1,0.003827,0.035055,0.062796,160,16,enrollment; config=Baseline5UAV
24,Baseline5UAV-12-20260922-20:31:47-1127386,Baseline5UAV,12,12,12,sha3,5,,,,4,1,0.003787,0.034624,0.062255,160,16,enrollment; config=Baseline5UAV
25,Baseline5UAV-13-20260922-20:31:47-1127386,Baseline5UAV,13,13,13,sha3,5,,,,0,1,0.006552,0.039603,0.076201,160,16,enrollment; config=Baseline5UAV
26,Baseline5UAV-13-20260922-20:31:47-1127386,Baseline5UAV,13,13,13,sha3,5,,,,1,1,0.004068,0.034984,0.065531,160,16,enrollment; config=Baseline5UAV
27,Baseline5UAV-13-20260922-20:31:47-1127386,Baseline5UAV,13,13,13,sha3,5,,,,2,1,0.003927,0.035065,0.071132,160,16,enrollment; config=Baseline5UAV
28,Baseline5UAV-13-20260922-20:31:47-1127386,Baseline5UAV,13,13,13,sha3,5,,,,3,1,0.003877,0.035847,0.063427,160,16,enrollment; config=Baseline5UAV
29,Baseline5UAV-13-20260922-20:31:47-1127386,Baseline5UAV,13,13,13,sha3,5,,,,4,1,0.003737,0.035105,0.062496,160,16,enrollment; config=Baseline5UAV
30,Baseline5UAV-14-20260922-20:31:47-1127386,Baseline5UAV,14,14,14,sha3,5,,,,0,1,0.007274,0.040355,0.078916,160,16,enrollment; config=Baseline5UAV
31,Baseline5UAV-14-20260922-20:31:47-1127386,Baseline5UAV,14,14,14,sha3,5,,,,1,1,0.004087,0.035306,0.065181,160,16,enrollment; config=Baseline5UAV
32,Baseline5UAV-14-20260922-20:31:47-1127386,Baseline5UAV,14,14,14,sha3,5,,,,2,1,0.003837,0.035947,0.064399,160,16,enrollment; config=Baseline5UAV
33,Baseline5UAV-14-20260922-20:31:47-1127386,Baseline5UAV,14,14,14,sha3,5,,,,3,1,0.003867,0.035455,0.062806,160,16,enrollment; config=Baseline5UAV
34,Baseline5UAV-14-20260922-20:31:47-1127386,Baseline5UAV,14,14,14,sha3,5,,,,4,1,0.003767,0.042098,0.069649,160,16,enrollment; config=Baseline5UAV
35,Baseline5UAV-15-20260922-20:31:47-1127386,Baseline5UAV,15,15,15,sha3,5,,,,0,1,0.006292,0.039954,0.076171,160,16,enrollment; config=Baseline5UAV
36,Baseline5UAV-15-20260922-20:31:47-1127386,Baseline5UAV,15,15,15,sha3,5,,,,1,1,0.003997,0.035295,0.065542,160,16,enrollment; config=Baseline5UAV
37,Baseline5UAV-15-20260922-20:31:47-1127386,Baseline5UAV,15,15,15,sha3,5,,,,2,1,0.003897,0.035004,0.063688,160,16,enrollment; config=Baseline5UAV
38,Baseline5UAV-15-20260922-20:31:47-1127386,Baseline5UAV,15,15,15,sha3,5,,,,3,1,0.003827,0.034614,0.061473,160,16,enrollment; config=Baseline5UAV
39,Baseline5UAV-15-20260922-20:31:47-1127386,Baseline5UAV,15,15,15,sha3,5,,,,4,1,0.003777,0.034704,0.061815,160,16,enrollment; config=Baseline5UAV
40,Baseline5UAV-16-20260922-20:31:47-1127386,Baseline5UAV,16,16,16,sha3,5,,,,0,1,0.006602,0.039783,0.077033,160,16,enrollment; config=Baseline5UAV
41,Baseline5UAV-16-20260922-20:31:47-1127386,Baseline5UAV,16,16,16,sha3,5,,,,1,1,0.004017,0.035486,0.065811,160,16,enrollment; config=Baseline5UAV
42,Baseline5UAV-16-20260922-20:31:47-1127386,Baseline5UAV,16,16,16,sha3,5,,,,2,1,0.003847,0.036708,0.06532,160,16,enrollment; config=Baseline5UAV
43,Baseline5UAV-16-20260922-20:31:47-1127386,Baseline5UAV,16,16,16,sha3,5,,,,3,1,0.003857,0.035155,0.062365,160,16,enrollment; config=Baseline5UAV
44,Baseline5UAV-16-20260922-20:31:47-1127386,Baseline5UAV,16,16,16,sha3,5,,,,4,1,0.003777,0.035185,0.062345,160,16,enrollment; config=Baseline5UAV
45,Baseline5UAV-17-20260922-20:31:47-1127386,Baseline5UAV,17,17,17,sha3,5,,,,0,1,0.006482,0.041958,0.078245,160,16,enrollment; config=Baseline5UAV
46,Baseline5UAV-17-20260922-20:31:47-1127386,Baseline5UAV,17,17,17,sha3,5,,,,1,1,0.004117,0.035486,0.065561,160,16,enrollment; config=Baseline5UAV
47,Baseline5UAV-17-20260922-20:31:47-1127386,Baseline5UAV,17,17,17,sha3,5,,,,2,1,0.003857,0.035416,0.064079,160,16,enrollment; config=Baseline5UAV
48,Baseline5UAV-17-20260922-20:31:47-1127386,Baseline5UAV,17,17,17,sha3,5,,,,3,1,0.003898,0.034934,0.061774,160,16,enrollment; config=Baseline5UAV
49,Baseline5UAV-17-20260922-20:31:47-1127386,Baseline5UAV,17,17,17,sha3,5,,,,4,1,0.003787,0.034985,0.061855,160,16,enrollment; config=Baseline5UAV
50,Baseline5UAV-18-20260922-20:31:48-1127386,Baseline5UAV,18,18,18,sha3,5,,,,0,1,0.007564,0.040535,0.079768,160,16,enrollment; config=Baseline5UAV
51,Baseline5UAV-18-20260922-20:31:48-1127386,Baseline5UAV,18,18,18,sha3,5,,,,1,1,0.004088,0.036046,0.066934,160,16,enrollment; config=Baseline5UAV
52,Baseline5UAV-18-20260922-20:31:48-1127386,Baseline5UAV,18,18,18,sha3,5,,,,2,1,0.003867,0.035145,0.064069,160,16,enrollment; config=Baseline5UAV
53,Baseline5UAV-18-20260922-20:31:48-1127386,Baseline5UAV,18,18,18,sha3,5,,,,3,1,0.003887,0.035225,0.062495,160,16,enrollment; config=Baseline5UAV
54,Baseline5UAV-18-20260922-20:31:48-1127386,Baseline5UAV,18,18,18,sha3,5,,,,4,1,0.003807,0.036388,0.064189,160,16,enrollment; config=Baseline5UAV
55,Baseline5UAV-19-20260922-20:31:48-1127386,Baseline5UAV,19,19,19,sha3,5,,,,0,1,0.007123,0.040365,0.077543,160,16,enrollment; config=Baseline5UAV
56,Baseline5UAV-19-20260922-20:31:48-1127386,Baseline5UAV,19,19,19,sha3,5,,,,1,1,0.004047,0.035635,0.065812,160,16,enrollment; config=Baseline5UAV
57,Baseline5UAV-19-20260922-20:31:48-1127386,Baseline5UAV,19,19,19,sha3,5,,,,2,1,0.003877,0.035045,0.063518,160,16,enrollment; config=Baseline5UAV
58,Baseline5UAV-19-20260922-20:31:48-1127386,Baseline5UAV,19,19,19,sha3,5,,,,3,1,0.003887,0.035266,0.062847,160,16,enrollment; config=Baseline5UAV
59,Baseline5UAV-19-20260922-20:31:48-1127386,Baseline5UAV,19,19,19,sha3,5,,,,4,1,0.003797,0.042959,0.07062,160,16,enrollment; config=Baseline5UAV
60,Baseline5UAV-2-20260922-20:31:47-1127386,Baseline5UAV,2,2,2,sha3,5,,,,0,1,0.007825,0.048951,0.087152,160,16,enrollment; config=Baseline5UAV
61,Baseline5UAV-2-20260922-20:31:47-1127386,Baseline5UAV,2,2,2,sha3,5,,,,1,1,0.004078,0.035295,0.06531,160,16,enrollment; config=Baseline5UAV
62,Baseline5UAV-2-20260922-20:31:47-1127386,Baseline5UAV,2,2,2,sha3,5,,,,2,1,0.003777,0.035296,0.063317,160,16,enrollment; config=Baseline5UAV
63,Baseline5UAV-2-20260922-20:31:47-1127386,Baseline5UAV,2,2,2,sha3,5,,,,3,1,0.003858,0.036096,0.063287,160,16,enrollment; config=Baseline5UAV
64,Baseline5UAV-2-20260922-20:31:47-1127386,Baseline5UAV,2,2,2,sha3,5,,,,4,1,0.003747,0.035005,0.062105,160,16,enrollment; config=Baseline5UAV
65,Baseline5UAV-20-20260922-20:31:48-1127386,Baseline5UAV,20,20,20,sha3,5,,,,0,1,0.007804,0.040074,0.078856,160,16,enrollment; config=Baseline5UAV
66,Baseline5UAV-20-20260922-20:31:48-1127386,Baseline5UAV,20,20,20,sha3,5,,,,1,1,0.004248,0.035686,0.073636,160,16,enrollment; config=Baseline5UAV
67,Baseline5UAV-20-20260922-20:31:48-1127386,Baseline5UAV,20,20,20,sha3,5,,,,2,1,0.003877,0.035706,0.064589,160,16,enrollment; config=Baseline5UAV
68,Baseline5UAV-20-20260922-20:31:48-1127386,Baseline5UAV,20,20,20,sha3,5,,,,3,1,0.003887,0.035064,0.062356,160,16,enrollment; config=Baseline5UAV
69,Baseline5UAV-20-20260922-20:31:48-1127386,Baseline5UAV,20,20,20,sha3,5,,,,4,1,0.003847,0.036146,0.063919,160,16,enrollment; config=Baseline5UAV
70,Baseline5UAV-21-20260922-20:31:48-1127386,Baseline5UAV,21,21,21,sha3,5,,,,0,1,0.007393,0.040365,0.078936,160,16,enrollment; config=Baseline5UAV
71,Baseline5UAV-21-20260922-20:31:48-1127386,Baseline5UAV,21,21,21,sha3,5,,,,1,1,0.004088,0.035546,0.066002,160,16,enrollment; config=Baseline5UAV
72,Baseline5UAV-21-20260922-20:31:48-1127386,Baseline5UAV,21,21,21,sha3,5,,,,2,1,0.003837,0.036187,0.06458,160,16,enrollment; config=Baseline5UAV
73,Baseline5UAV-21-20260922-20:31:48-1127386,Baseline5UAV,21,21,21,sha3,5,,,,3,1,0.003867,0.035045,0.062385,160,16,enrollment; config=Baseline5UAV
74,Baseline5UAV-21-20260922-20:31:48-1127386,Baseline5UAV,21,21,21,sha3,5,,,,4,1,0.003827,0.035275,0.062947,160,16,enrollment; config=Baseline5UAV
75,Baseline5UAV-22-20260922-20:31:48-1127386,Baseline5UAV,22,22,22,sha3,5,,,,0,1,0.008716,0.04288,0.084877,160,16,enrollment; config=Baseline5UAV
76,Baseline5UAV-22-20260922-20:31:48-1127386,Baseline5UAV,22,22,22,sha3,5,,,,1,1,0.004298,0.036107,0.067796,160,16,enrollment; config=Baseline5UAV
77,Baseline5UAV-22-20260922-20:31:48-1127386,Baseline5UAV,22,22,22,sha3,5,,,,2,1,0.003847,0.036638,0.065671,160,16,enrollment; config=Baseline5UAV
78,Baseline5UAV-22-20260922-20:31:48-1127386,Baseline5UAV,22,22,22,sha3,5,,,,3,1,0.003897,0.035085,0.062626,160,16,enrollment; config=Baseline5UAV
79,Baseline5UAV-22-20260922-20:31:48-1127386,Baseline5UAV,22,22,22,sha3,5,,,,4,1,0.003828,0.034664,0.061925,160,16,enrollment; config=Baseline5UAV
80,Baseline5UAV-23-20260922-20:31:48-1127386,Baseline5UAV,23,23,23,sha3,5,,,,0,1,0.006452,0.039914,0.077032,160,16,enrollment; config=Baseline5UAV
81,Baseline5UAV-23-20260922-20:31:48-1127386,Baseline5UAV,23,23,23,sha3,5,,,,1,1,0.004158,0.035396,0.066253,160,16,enrollment; config=Baseline5UAV
82,Baseline5UAV-23-20260922-20:31:48-1127386,Baseline5UAV,23,23,23,sha3,5,,,,2,1,0.003867,0.034905,0.063808,160,16,enrollment; config=Baseline5UAV
83,Baseline5UAV-23-20260922-20:31:48-1127386,Baseline5UAV,23,23,23,sha3,5,,,,3,1,0.003827,0.036207,0.064039,160,16,enrollment; config=Baseline5UAV
84,Baseline5UAV-23-20260922-20:31:48-1127386,Baseline5UAV,23,23,23,sha3,5,,,,4,1,0.003767,0.035175,0.062336,160,16,enrollment; config=Baseline5UAV
85,Baseline5UAV-24-20260922-20:31:48-1127386,Baseline5UAV,24,24,24,sha3,5,,,,0,1,0.007103,0.040344,0.078966,160,16,enrollment; config=Baseline5UAV
86,Baseline5UAV-24-20260922-20:31:48-1127386,Baseline5UAV,24,24,24,sha3,5,,,,1,1,0.004318,0.035876,0.07552,160,16,enrollment; config=Baseline5UAV
87,Baseline5UAV-24-20260922-20:31:48-1127386,Baseline5UAV,24,24,24,sha3,5,,,,2,1,0.003948,0.035445,0.06466,160,16,enrollment; config=Baseline5UAV
88,Baseline5UAV-24-20260922-20:31:48-1127386,Baseline5UAV,24,24,24,sha3,5,,,,3,1,0.003918,0.036097,0.063378,160,16,enrollment; config=Baseline5UAV
89,Baseline5UAV-24-20260922-20:31:48-1127386,Baseline5UAV,24,24,24,sha3,5,,,,4,1,0.003837,0.035276,0.062325,160,16,enrollment; config=Baseline5UAV
90,Baseline5UAV-25-20260922-20:31:48-1127386,Baseline5UAV,25,25,25,sha3,5,,,,0,1,0.006232,0.040004,0.076301,160,16,enrollment; config=Baseline5UAV
91,Baseline5UAV-25-20260922-20:31:48-1127386,Baseline5UAV,25,25,25,sha3,5,,,,1,1,0.004128,0.045985,0.076471,160,16,enrollment; config=Baseline5UAV
92,Baseline5UAV-25-20260922-20:31:48-1127386,Baseline5UAV,25,25,25,sha3,5,,,,2,1,0.003987,0.034965,0.064139,160,16,enrollment; config=Baseline5UAV
93,Baseline5UAV-25-20260922-20:31:48-1127386,Baseline5UAV,25,25,25,sha3,5,,,,3,1,0.003887,0.034995,0.062065,160,16,enrollment; config=Baseline5UAV
94,Baseline5UAV-25-20260922-20:31:48-1127386,Baseline5UAV,25,25,25,sha3,5,,,,4,1,0.003787,0.036167,0.063678,160,16,enrollment; config=Baseline5UAV
95,Baseline5UAV-26-20260922-20:31:48-1127386,Baseline5UAV,26,26,26,sha3,5,,,,0,1,0.007674,0.040144,0.078786,160,16,enrollment; config=Baseline5UAV
96,Baseline5UAV-26-20260922-20:31:48-1127386,Baseline5UAV,26,26,26,sha3,5,,,,1,1,0.004057,0.035566,0.066463,160,16,enrollment; config=Baseline5UAV
97,Baseline5UAV-26-20260922-20:31:48-1127386,Baseline5UAV,26,26,26,sha3,5,,,,2,1,0.003867,0.035386,0.064579,160,16,enrollment; config=Baseline5UAV
98,Baseline5UAV-26-20260922-20:31:48-1127386,Baseline5UAV,26,26,26,sha3,5,,,,3,1,0.003797,0.035435,0.062766,160,16,enrollment; config=Baseline5UAV
99,Baseline5UAV-26-20260922-20:31:48-1127386,Baseline5UAV,26,26,26,sha3,5,,,,4,1,0.003818,0.035435,0.062546,160,16,enrollment; config=Baseline5UAV
100,Baseline5UAV-27-20260922-20:31:48-1127386,Baseline5UAV,27,27,27,sha3,5,,,,0,1,0.006322,0.039052,0.075299,160,16,enrollment; config=Baseline5UAV
101,Baseline5UAV-27-20260922-20:31:48-1127386,Baseline5UAV,27,27,27,sha3,5,,,,1,1,0.004078,0.035235,0.065371,160,16,enrollment; config=Baseline5UAV
102,Baseline5UAV-27-20260922-20:31:48-1127386,Baseline5UAV,27,27,27,sha3,5,,,,2,1,0.003767,0.034854,0.063899,160,16,enrollment; config=Baseline5UAV
103,Baseline5UAV-27-20260922-20:31:48-1127386,Baseline5UAV,27,27,27,sha3,5,,,,3,1,0.003807,0.034674,0.061573,160,16,enrollment; config=Baseline5UAV
104,Baseline5UAV-27-20260922-20:31:48-1127386,Baseline5UAV,27,27,27,sha3,5,,,,4,1,0.003726,0.036117,0.062967,160,16,enrollment; config=Baseline5UAV
105,Baseline5UAV-28-20260922-20:31:48-1127386,Baseline5UAV,28,28,28,sha3,5,,,,0,1,0.008275,0.040956,0.08101,160,16,enrollment; config=Baseline5UAV
106,Baseline5UAV-28-20260922-20:31:48-1127386,Baseline5UAV,28,28,28,sha3,5,,,,1,1,0.004088,0.035295,0.065742,160,16,enrollment; config=Baseline5UAV
107,Baseline5UAV-28-20260922-20:31:48-1127386,Baseline5UAV,28,28,28,sha3,5,,,,2,1,0.003857,0.035005,0.063918,160,16,enrollment; config=Baseline5UAV
108,Baseline5UAV-28-20260922-20:31:48-1127386,Baseline5UAV,28,28,28,sha3,5,,,,3,1,0.003847,0.034874,0.061714,160,16,enrollment; config=Baseline5UAV
109,Baseline5UAV-28-20260922-20:31:48-1127386,Baseline5UAV,28,28,28,sha3,5,,,,4,1,0.003767,0.034885,0.062385,160,16,enrollment; config=Baseline5UAV
110,Baseline5UAV-29-20260922-20:31:48-1127386,Baseline5UAV,29,29,29,sha3,5,,,,0,1,0.006311,0.039243,0.07587,160,16,enrollment; config=Baseline5UAV
111,Baseline5UAV-29-20260922-20:31:48-1127386,Baseline5UAV,29,29,29,sha3,5,,,,1,1,0.004057,0.035215,0.066233,160,16,enrollment; config=Baseline5UAV
112,Baseline5UAV-29-20260922-20:31:48-1127386,Baseline5UAV,29,29,29,sha3,5,,,,2,1,0.003827,0.035185,0.063528,160,16,enrollment; config=Baseline5UAV
113,Baseline5UAV-29-20260922-20:31:48-1127386,Baseline5UAV,29,29,29,sha3,5,,,,3,1,0.003827,0.034805,0.061905,160,16,enrollment; config=Baseline5UAV
114,Baseline5UAV-29-20260922-20:31:48-1127386,Baseline5UAV,29,29,29,sha3,5,,,,4,1,0.003777,0.034785,0.062165,160,16,enrollment; config=Baseline5UAV
115,Baseline5UAV-3-20260922-20:31:47-1127386,Baseline5UAV,3,3,3,sha3,5,,,,0,1,0.006392,0.039773,0.076101,160,16,enrollment; config=Baseline5UAV
116,Baseline5UAV-3-20260922-20:31:47-1127386,Baseline5UAV,3,3,3,sha3,5,,,,1,1,0.004188,0.035155,0.073486,160,16,enrollment; config=Baseline5UAV
117,Baseline5UAV-3-20260922-20:31:47-1127386,Baseline5UAV,3,3,3,sha3,5,,,,2,1,0.003898,0.034814,0.06466,160,16,enrollment; config=Baseline5UAV
118,Baseline5UAV-3-20260922-20:31:47-1127386,Baseline5UAV,3,3,3,sha3,5,,,,3,1,0.003897,0.034524,0.061635,160,16,enrollment; config=Baseline5UAV
119,Baseline5UAV-3-20260922-20:31:47-1127386,Baseline5UAV,3,3,3,sha3,5,,,,4,1,0.003767,0.035756,0.062636,160,16,enrollment; config=Baseline5UAV
120,Baseline5UAV-4-20260922-20:31:47-1127386,Baseline5UAV,4,4,4,sha3,5,,,,0,1,0.007964,0.039995,0.078545,160,16,enrollment; config=Baseline5UAV
121,Baseline5UAV-4-20260922-20:31:47-1127386,Baseline5UAV,4,4,4,sha3,5,,,,1,1,0.004058,0.035586,0.065812,160,16,enrollment; config=Baseline5UAV
122,Baseline5UAV-4-20260922-20:31:47-1127386,Baseline5UAV,4,4,4,sha3,5,,,,2,1,0.003917,0.035346,0.063698,160,16,enrollment; config=Baseline5UAV
123,Baseline5UAV-4-20260922-20:31:47-1127386,Baseline5UAV,4,4,4,sha3,5,,,,3,1,0.003777,0.035335,0.062015,160,16,enrollment; config=Baseline5UAV
124,Baseline5UAV-4-20260922-20:31:47-1127386,Baseline5UAV,4,4,4,sha3,5,,,,4,1,0.003747,0.034925,0.061544,160,16,enrollment; config=Baseline5UAV
125,Baseline5UAV-5-20260922-20:31:47-1127386,Baseline5UAV,5,5,5,sha3,5,,,,0,1,0.006422,0.039292,0.07521,160,16,enrollment; config=Baseline5UAV
126,Baseline5UAV-5-20260922-20:31:47-1127386,Baseline5UAV,5,5,5,sha3,5,,,,1,1,0.004078,0.035085,0.065692,160,16,enrollment; config=Baseline5UAV
127,Baseline5UAV-5-20260922-20:31:47-1127386,Baseline5UAV,5,5,5,sha3,5,,,,2,1,0.003887,0.035215,0.063998,160,16,enrollment; config=Baseline5UAV
128,Baseline5UAV-5-20260922-20:31:47-1127386,Baseline5UAV,5,5,5,sha3,5,,,,3,1,0.003877,0.034884,0.062095,160,16,enrollment; config=Baseline5UAV
129,Baseline5UAV-5-20260922-20:31:47-1127386,Baseline5UAV,5,5,5,sha3,5,,,,4,1,0.003787,0.034604,0.061133,160,16,enrollment; config=Baseline5UAV
130,Baseline5UAV-6-20260922-20:31:47-1127386,Baseline5UAV,6,6,6,sha3,5,,,,0,1,0.019716,0.040776,0.091209,160,16,enrollment; config=Baseline5UAV
131,Baseline5UAV-6-20260922-20:31:47-1127386,Baseline5UAV,6,6,6,sha3,5,,,,1,1,0.003977,0.035145,0.06526,160,16,enrollment; config=Baseline5UAV
132,Baseline5UAV-6-20260922-20:31:47-1127386,Baseline5UAV,6,6,6,sha3,5,,,,2,1,0.003857,0.035866,0.064369,160,16,enrollment; config=Baseline5UAV
133,Baseline5UAV-6-20260922-20:31:47-1127386,Baseline5UAV,6,6,6,sha3,5,,,,3,1,0.003837,0.034965,0.061554,160,16,enrollment; config=Baseline5UAV
134,Baseline5UAV-6-20260922-20:31:47-1127386,Baseline5UAV,6,6,6,sha3,5,,,,4,1,0.003807,0.035546,0.062717,160,16,enrollment; config=Baseline5UAV
135,Baseline5UAV-7-20260922-20:31:47-1127386,Baseline5UAV,7,7,7,sha3,5,,,,0,1,0.006392,0.039353,0.075369,160,16,enrollment; config=Baseline5UAV
136,Baseline5UAV-7-20260922-20:31:47-1127386,Baseline5UAV,7,7,7,sha3,5,,,,1,1,0.003977,0.034935,0.06501,160,16,enrollment; config=Baseline5UAV
137,Baseline5UAV-7-20260922-20:31:47-1127386,Baseline5UAV,7,7,7,sha3,5,,,,2,1,0.003827,0.034684,0.062877,160,16,enrollment; config=Baseline5UAV
138,Baseline5UAV-7-20260922-20:31:47-1127386,Baseline5UAV,7,7,7,sha3,5,,,,3,1,0.003857,0.035085,0.061954,160,16,enrollment; config=Baseline5UAV
139,Baseline5UAV-7-20260922-20:31:47-1127386,Baseline5UAV,7,7,7,sha3,5,,,,4,1,0.003757,0.034354,0.060753,160,16,enrollment; config=Baseline5UAV
140,Baseline5UAV-8-20260922-20:31:47-1127386,Baseline5UAV,8,8,8,sha3,5,,,,0,1,0.009728,0.051104,0.092391,160,16,enrollment; config=Baseline5UAV
141,Baseline5UAV-8-20260922-20:31:47-1127386,Baseline5UAV,8,8,8,sha3,5,,,,1,1,0.004108,0.035255,0.065792,160,16,enrollment; config=Baseline5UAV
142,Baseline5UAV-8-20260922-20:31:47-1127386,Baseline5UAV,8,8,8,sha3,5,,,,2,1,0.003827,0.035906,0.06479,160,16,enrollment; config=Baseline5UAV
143,Baseline5UAV-8-20260922-20:31:47-1127386,Baseline5UAV,8,8,8,sha3,5,,,,3,1,0.003857,0.035125,0.062105,160,16,enrollment; config=Baseline5UAV
144,Baseline5UAV-8-20260922-20:31:47-1127386,Baseline5UAV,8,8,8,sha3,5,,,,4,1,0.003777,0.034805,0.061874,160,16,enrollment; config=Baseline5UAV
145,Baseline5UAV-9-20260922-20:31:47-1127386,Baseline5UAV,9,9,9,sha3,5,,,,0,1,0.006813,0.039503,0.076421,160,16,enrollment; config=Baseline5UAV
146,Baseline5UAV-9-20260922-20:31:47-1127386,Baseline5UAV,9,9,9,sha3,5,,,,1,1,0.004057,0.035115,0.065,160,16,enrollment; config=Baseline5UAV
147,Baseline5UAV-9-20260922-20:31:47-1127386,Baseline5UAV,9,9,9,sha3,5,,,,2,1,0.003867,0.035065,0.063187,160,16,enrollment; config=Baseline5UAV
148,Baseline5UAV-9-20260922-20:31:47-1127386,Baseline5UAV,9,9,9,sha3,5,,,,3,1,0.003807,0.034494,0.061234,160,16,enrollment; config=Baseline5UAV
149,Baseline5UAV-9-20260922-20:31:47-1127386,Baseline5UAV,9,9,9,sha3,5,,,,4,1,0.003727,0.034494,0.061543,160,16,enrollment; config=Baseline5UAV
150,StadiumSHA3-0-20260922-20:31:40-1127323,StadiumSHA3,0,0,0,sha3,10,,,,0,1,0.012413,0.052277,0.109392,160,16,enrollment; config=StadiumSHA3
151,StadiumSHA3-0-20260922-20:31:40-1127323,StadiumSHA3,0,0,0,sha3,10,,,,1,1,0.005681,0.038371,0.081211,160,16,enrollment; config=StadiumSHA3
152,StadiumSHA3-0-20260922-20:31:40-1127323,StadiumSHA3,0,0,0,sha3,10,,,,2,1,0.004238,0.03791,0.068717,160,16,enrollment; config=StadiumSHA3
153,StadiumSHA3-0-20260922-20:31:40-1127323,StadiumSHA3,0,0,0,sha3,10,,,,3,1,0.004158,0.03755,0.068697,160,16,enrollment; config=StadiumSHA3
154,StadiumSHA3-0-20260922-20:31:40-1127323,StadiumSHA3,0,0,0,sha3,10,,,,4,1,0.003988,0.037259,0.066544,160,16,enrollment; config=StadiumSHA3
155,StadiumSHA3-0-20260922-20:31:40-1127323,StadiumSHA3,0,0,0,sha3,10,,,,5,1,0.004058,0.03792,0.066173,160,16,enrollment; config=StadiumSHA3
156,StadiumSHA3-0-20260922-20:31:40-1127323,StadiumSHA3,0,0,0,sha3,10,,,,6,1,0.004138,0.0379,0.068457,160,16,enrollment; config=StadiumSHA3
157,StadiumSHA3-0-20260922-20:31:40-1127323,StadiumSHA3,0,0,0,sha3,10,,,,7,1,0.003958,0.03801,0.06488,160,16,enrollment; config=StadiumSHA3
158,StadiumSHA3-0-20260922-20:31:40-1127323,StadiumSHA3,0,0,0,sha3,10,,,,8,1,0.004188,0.037529,0.065651,160,16,enrollment; config=StadiumSHA3
159,StadiumSHA3-0-20260922-20:31:40-1127323,StadiumSHA3,0,0,0,sha3,10,,,,9,1,0.004048,0.037429,0.066193,160,16,enrollment; config=StadiumSHA3
160,StadiumSHA3-1-20260922-20:31:40-1127323,StadiumSHA3,1,1,1,sha3,10,,,,0,1,0.013816,0.055813,0.105215,160,16,enrollment; config=StadiumSHA3
161,StadiumSHA3-1-20260922-20:31:40-1127323,StadiumSHA3,1,1,1,sha3,10,,,,1,1,0.004529,0.041797,0.07569,160,16,enrollment; config=StadiumSHA3
162,StadiumSHA3-1-20260922-20:31:40-1127323,StadiumSHA3,1,1,1,sha3,10,,,,2,1,0.004318,0.041907,0.074138,160,16,enrollment; config=StadiumSHA3
163,StadiumSHA3-1-20260922-20:31:40-1127323,StadiumSHA3,1,1,1,sha3,10,,,,3,1,0.004208,0.038121,0.067324,160,16,enrollment; config=StadiumSHA3
164,StadiumSHA3-1-20260922-20:31:40-1127323,StadiumSHA3,1,1,1,sha3,10,,,,4,1,0.004108,0.03801,0.067816,160,16,enrollment; config=StadiumSHA3
165,StadiumSHA3-1-20260922-20:31:40-1127323,StadiumSHA3,1,1,1,sha3,10,,,,5,1,0.004438,0.042709,0.07564,160,16,enrollment; config=StadiumSHA3
166,StadiumSHA3-1-20260922-20:31:40-1127323,StadiumSHA3,1,1,1,sha3,10,,,,6,1,0.004388,0.038151,0.070511,160,16,enrollment; config=StadiumSHA3
167,StadiumSHA3-1-20260922-20:31:40-1127323,StadiumSHA3,1,1,1,sha3,10,,,,7,1,0.004197,0.04365,0.072684,160,16,enrollment; config=StadiumSHA3
168,StadiumSHA3-1-20260922-20:31:40-1127323,StadiumSHA3,1,1,1,sha3,10,,,,8,1,0.004238,0.03802,0.066864,160,16,enrollment; config=StadiumSHA3
169,StadiumSHA3-1-20260922-20:31:40-1127323,StadiumSHA3,1,1,1,sha3,10,,,,9,1,0.004298,0.03753,0.065471,160,16,enrollment; config=StadiumSHA3
170,StadiumSHA3-10-20260922-20:31:41-1127323,StadiumSHA3,10,10,10,sha3,10,,,,0,1,0.015839,0.054862,0.112097,160,16,enrollment; config=StadiumSHA3
171,StadiumSHA3-10-20260922-20:31:41-1127323,StadiumSHA3,10,10,10,sha3,10,,,,1,1,0.006683,0.049812,0.09208,160,16,enrollment; config=StadiumSHA3
172,StadiumSHA3-10-20260922-20:31:41-1127323,StadiumSHA3,10,10,10,sha3,10,,,,2,1,0.007333,0.048941,0.08666,160,16,enrollment; config=StadiumSHA3
173,StadiumSHA3-10-20260922-20:31:41-1127323,StadiumSHA3,10,10,10,sha3,10,,,,3,1,0.004428,0.046125,0.085669,160,16,enrollment; config=StadiumSHA3
174,StadiumSHA3-10-20260922-20:31:41-1127323,StadiumSHA3,10,10,10,sha3,10,,,,4,1,0.004178,0.046787,0.084656,160,16,enrollment; config=StadiumSHA3
175,StadiumSHA3-10-20260922-20:31:41-1127323,StadiumSHA3,10,10,10,sha3,10,,,,5,1,0.004329,0.048519,0.085629,160,16,enrollment; config=StadiumSHA3
176,StadiumSHA3-10-20260922-20:31:41-1127323,StadiumSHA3,10,10,10,sha3,10,,,,6,1,0.006973,0.050834,0.084106,160,16,enrollment; config=StadiumSHA3
177,StadiumSHA3-10-20260922-20:31:41-1127323,StadiumSHA3,10,10,10,sha3,10,,,,7,1,0.004128,0.050123,0.081782,160,16,enrollment; config=StadiumSHA3
178,StadiumSHA3-10-20260922-20:31:41-1127323,StadiumSHA3,10,10,10,sha3,10,,,,8,1,0.005079,0.054281,0.083584,160,16,enrollment; config=StadiumSHA3
179,StadiumSHA3-10-20260922-20:31:41-1127323,StadiumSHA3,10,10,10,sha3,10,,,,9,1,0.007715,0.046526,0.088684,160,16,enrollment; config=StadiumSHA3
180,StadiumSHA3-11-20260922-20:31:41-1127323,StadiumSHA3,11,11,11,sha3,10,,,,0,1,0.018464,0.084908,0.159065,160,16,enrollment; config=StadiumSHA3
181,StadiumSHA3-11-20260922-20:31:41-1127323,StadiumSHA3,11,11,11,sha3,10,,,,1,1,0.009848,0.075059,0.133397,160,16,enrollment; config=StadiumSHA3
182,StadiumSHA3-11-20260922-20:31:41-1127323,StadiumSHA3,11,11,11,sha3,10,,,,2,1,0.009127,0.083094,0.141071,160,16,enrollment; config=StadiumSHA3
183,StadiumSHA3-11-20260922-20:31:41-1127323,StadiumSHA3,11,11,11,sha3,10,,,,3,1,0.009928,0.072875,0.12962,160,16,enrollment; config=StadiumSHA3
184,StadiumSHA3-11-20260922-20:31:41-1127323,StadiumSHA3,11,11,11,sha3,10,,,,4,1,0.008486,0.070942,0.124902,160,16,enrollment; config=StadiumSHA3
185,StadiumSHA3-11-20260922-20:31:41-1127323,StadiumSHA3,11,11,11,sha3,10,,,,5,1,0.009107,0.072294,0.126544,160,16,enrollment; config=StadiumSHA3
186,StadiumSHA3-11-20260922-20:31:41-1127323,StadiumSHA3,11,11,11,sha3,10,,,,6,1,0.008777,0.082042,0.136242,160,16,enrollment; config=StadiumSHA3
187,StadiumSHA3-11-20260922-20:31:41-1127323,StadiumSHA3,11,11,11,sha3,10,,,,7,1,0.007915,0.066593,0.112127,160,16,enrollment; config=StadiumSHA3
188,StadiumSHA3-11-20260922-20:31:41-1127323,StadiumSHA3,11,11,11,sha3,10,,,,8,1,0.008606,0.066123,0.116095,160,16,enrollment; config=StadiumSHA3
189,StadiumSHA3-11-20260922-20:31:41-1127323,StadiumSHA3,11,11,11,sha3,10,,,,9,1,0.009197,0.066763,0.116726,160,16,enrollment; config=StadiumSHA3
190,StadiumSHA3-12-20260922-20:31:41-1127323,StadiumSHA3,12,12,12,sha3,10,,,,0,1,0.020578,0.048039,0.103672,160,16,enrollment; config=StadiumSHA3
191,StadiumSHA3-12-20260922-20:31:41-1127323,StadiumSHA3,12,12,12,sha3,10,,,,1,1,0.004488,0.038542,0.071492,160,16,enrollment; config=StadiumSHA3
192,StadiumSHA3-12-20260922-20:31:41-1127323,StadiumSHA3,12,12,12,sha3,10,,,,2,1,0.003988,0.035936,0.0649,160,16,enrollment; config=StadiumSHA3
193,StadiumSHA3-12-20260922-20:31:41-1127323,StadiumSHA3,12,12,12,sha3,10,,,,3,1,0.004078,0.036267,0.064149,160,16,enrollment; config=StadiumSHA3
194,StadiumSHA3-12-20260922-20:31:41-1127323,StadiumSHA3,12,12,12,sha3,10,,,,4,1,0.003867,0.035786,0.064008,160,16,enrollment; config=StadiumSHA3
195,StadiumSHA3-12-20260922-20:31:41-1127323,StadiumSHA3,12,12,12,sha3,10,,,,5,1,0.004008,0.043621,0.070611,160,16,enrollment; config=StadiumSHA3
196,StadiumSHA3-12-20260922-20:31:41-1127323,StadiumSHA3,12,12,12,sha3,10,,,,6,1,0.003978,0.036257,0.063828,160,16,enrollment; config=StadiumSHA3
197,StadiumSHA3-12-20260922-20:31:41-1127323,StadiumSHA3,12,12,12,sha3,10,,,,7,1,0.004287,0.036398,0.071903,160,16,enrollment; config=StadiumSHA3
198,StadiumSHA3-12-20260922-20:31:41-1127323,StadiumSHA3,12,12,12,sha3,10,,,,8,1,0.003927,0.035997,0.063528,160,16,enrollment; config=StadiumSHA3
199,StadiumSHA3-12-20260922-20:31:41-1127323,StadiumSHA3,12,12,12,sha3,10,,,,9,1,0.003967,0.035676,0.061894,160,16,enrollment; config=StadiumSHA3
200,StadiumSHA3-13-20260922-20:31:41-1127323,StadiumSHA3,13,13,13,sha3,10,,,,0,1,0.014517,0.049932,0.100686,160,16,enrollment; config=StadiumSHA3
201,StadiumSHA3-13-20260922-20:31:41-1127323,StadiumSHA3,13,13,13,sha3,10,,,,1,1,0.004619,0.037289,0.070761,160,16,enrollment; config=StadiumSHA3
202,StadiumSHA3-13-20260922-20:31:41-1127323,StadiumSHA3,13,13,13,sha3,10,,,,2,1,0.003967,0.034875,0.063808,160,16,enrollment; config=StadiumSHA3
203,StadiumSHA3-13-20260922-20:31:41-1127323,StadiumSHA3,13,13,13,sha3,10,,,,3,1,0.003837,0.034815,0.062045,160,16,enrollment; config=StadiumSHA3
204,StadiumSHA3-13-20260922-20:31:41-1127323,StadiumSHA3,13,13,13,sha3,10,,,,4,1,0.003767,0.034644,0.061894,160,16,enrollment; config=StadiumSHA3
205,StadiumSHA3-13-20260922-20:31:41-1127323,StadiumSHA3,13,13,13,sha3,10,,,,5,1,0.003887,0.035306,0.07002,160,16,enrollment; config=StadiumSHA3
206,StadiumSHA3-13-20260922-20:31:41-1127323,StadiumSHA3,13,13,13,sha3,10,,,,6,1,0.003837,0.035486,0.062806,160,16,enrollment; config=StadiumSHA3
207,StadiumSHA3-13-20260922-20:31:41-1127323,StadiumSHA3,13,13,13,sha3,10,,,,7,1,0.003827,0.035065,0.061794,160,16,enrollment; config=StadiumSHA3
208,StadiumSHA3-13-20260922-20:31:41-1127323,StadiumSHA3,13,13,13,sha3,10,,,,8,1,0.003888,0.035616,0.062526,160,16,enrollment; config=StadiumSHA3
209,StadiumSHA3-13-20260922-20:31:41-1127323,StadiumSHA3,13,13,13,sha3,10,,,,9,1,0.003917,0.034494,0.060592,160,16,enrollment; config=StadiumSHA3
210,StadiumSHA3-14-20260922-20:31:41-1127323,StadiumSHA3,14,14,14,sha3,10,,,,0,1,0.02144,0.079508,0.152282,160,16,enrollment; config=StadiumSHA3
211,StadiumSHA3-14-20260922-20:31:41-1127323,StadiumSHA3,14,14,14,sha3,10,,,,1,1,0.007915,0.066332,0.119912,160,16,enrollment; config=StadiumSHA3
212,StadiumSHA3-14-20260922-20:31:41-1127323,StadiumSHA3,14,14,14,sha3,10,,,,2,1,0.007554,0.074187,0.124951,160,16,enrollment; config=StadiumSHA3
213,StadiumSHA3-14-20260922-20:31:41-1127323,StadiumSHA3,14,14,14,sha3,10,,,,3,1,0.007905,0.065371,0.114692,160,16,enrollment; config=StadiumSHA3
214,StadiumSHA3-14-20260922-20:31:41-1127323,StadiumSHA3,14,14,14,sha3,10,,,,4,1,0.007464,0.065291,0.113119,160,16,enrollment; config=StadiumSHA3
215,StadiumSHA3-14-20260922-20:31:41-1127323,StadiumSHA3,14,14,14,sha3,10,,,,5,1,0.007554,0.066163,0.11373,160,16,enrollment; config=StadiumSHA3
216,StadiumSHA3-14-20260922-20:31:41-1127323,StadiumSHA3,14,14,14,sha3,10,,,,6,1,0.007804,0.065051,0.113831,160,16,enrollment; config=StadiumSHA3
217,StadiumSHA3-14-20260922-20:31:41-1127323,StadiumSHA3,14,14,14,sha3,10,,,,7,1,0.007724,0.065341,0.113991,160,16,enrollment; config=StadiumSHA3
218,StadiumSHA3-14-20260922-20:31:41-1127323,StadiumSHA3,14,14,14,sha3,10,,,,8,1,0.007854,0.064309,0.11331,160,16,enrollment; config=StadiumSHA3
219,StadiumSHA3-14-20260922-20:31:41-1127323,StadiumSHA3,14,14,14,sha3,10,,,,9,1,0.007393,0.062997,0.112117,160,16,enrollment; config=StadiumSHA3
220,StadiumSHA3-15-20260922-20:31:41-1127323,StadiumSHA3,15,15,15,sha3,10,,,,0,1,0.011442,0.04317,0.086149,160,16,enrollment; config=StadiumSHA3
221,StadiumSHA3-15-20260922-20:31:41-1127323,StadiumSHA3,15,15,15,sha3,10,,,,1,1,0.004108,0.036127,0.066914,160,16,enrollment; config=StadiumSHA3
222,StadiumSHA3-15-20260922-20:31:41-1127323,StadiumSHA3,15,15,15,sha3,10,,,,2,1,0.003867,0.035135,0.063368,160,16,enrollment; config=StadiumSHA3
223,StadiumSHA3-15-20260922-20:31:41-1127323,StadiumSHA3,15,15,15,sha3,10,,,,3,1,0.003878,0.035155,0.062105,160,16,enrollment; config=StadiumSHA3
224,StadiumSHA3-15-20260922-20:31:41-1127323,StadiumSHA3,15,15,15,sha3,10,,,,4,1,0.003867,0.036428,0.063637,160,16,enrollment; config=StadiumSHA3
225,StadiumSHA3-15-20260922-20:31:41-1127323,StadiumSHA3,15,15,15,sha3,10,,,,5,1,0.003897,0.035626,0.062346,160,16,enrollment; config=StadiumSHA3
226,StadiumSHA3-15-20260922-20:31:41-1127323,StadiumSHA3,15,15,15,sha3,10,,,,6,1,0.003797,0.034954,0.061423,160,16,enrollment; config=StadiumSHA3
227,StadiumSHA3-15-20260922-20:31:41-1127323,StadiumSHA3,15,15,15,sha3,10,,,,7,1,0.003937,0.035035,0.060983,160,16,enrollment; config=StadiumSHA3
228,StadiumSHA3-15-20260922-20:31:41-1127323,StadiumSHA3,15,15,15,sha3,10,,,,8,1,0.003898,0.034684,0.060873,160,16,enrollment; config=StadiumSHA3
229,StadiumSHA3-15-20260922-20:31:41-1127323,StadiumSHA3,15,15,15,sha3,10,,,,9,1,0.003887,0.034834,0.060923,160,16,enrollment; config=StadiumSHA3
230,StadiumSHA3-16-20260922-20:31:41-1127323,StadiumSHA3,16,16,16,sha3,10,,,,0,1,0.007634,0.044633,0.084767,160,16,enrollment; config=StadiumSHA3
231,StadiumSHA3-16-20260922-20:31:41-1127323,StadiumSHA3,16,16,16,sha3,10,,,,1,1,0.004378,0.039042,0.071142,160,16,enrollment; config=StadiumSHA3
232,StadiumSHA3-16-20260922-20:31:41-1127323,StadiumSHA3,16,16,16,sha3,10,,,,2,1,0.004087,0.03777,0.068146,160,16,enrollment; config=StadiumSHA3
233,StadiumSHA3-16-20260922-20:31:41-1127323,StadiumSHA3,16,16,16,sha3,10,,,,3,1,0.004048,0.035956,0.064199,160,16,enrollment; config=StadiumSHA3
234,StadiumSHA3-16-20260922-20:31:41-1127323,StadiumSHA3,16,16,16,sha3,10,,,,4,1,0.003807,0.043391,0.07057,160,16,enrollment; config=StadiumSHA3
235,StadiumSHA3-16-20260922-20:31:41-1127323,StadiumSHA3,16,16,16,sha3,10,,,,5,1,0.003787,0.036317,0.062787,160,16,enrollment; config=StadiumSHA3
236,StadiumSHA3-16-20260922-20:31:41-1127323,StadiumSHA3,16,16,16,sha3,10,,,,6,1,0.003838,0.036247,0.062707,160,16,enrollment; config=StadiumSHA3
237,StadiumSHA3-16-20260922-20:31:41-1127323,StadiumSHA3,16,16,16,sha3,10,,,,7,1,0.003817,0.037639,0.063919,160,16,enrollment; config=StadiumSHA3
238,StadiumSHA3-16-20260922-20:31:41-1127323,StadiumSHA3,16,16,16,sha3,10,,,,8,1,0.003777,0.036457,0.063026,160,16,enrollment; config=StadiumSHA3
239,StadiumSHA3-16-20260922-20:31:41-1127323,StadiumSHA3,16,16,16,sha3,10,,,,9,1,0.003797,0.034373,0.0595,160,16,enrollment; config=StadiumSHA3
240,StadiumSHA3-17-20260922-20:31:41-1127323,StadiumSHA3,17,17,17,sha3,10,,,,0,1,0.018163,0.073436,0.144027,160,16,enrollment; config=StadiumSHA3
241,StadiumSHA3-17-20260922-20:31:41-1127323,StadiumSHA3,17,17,17,sha3,10,,,,1,1,0.007454,0.062125,0.114602,160,16,enrollment; config=StadiumSHA3
242,StadiumSHA3-17-20260922-20:31:41-1127323,StadiumSHA3,17,17,17,sha3,10,,,,2,1,0.007323,0.063587,0.115654,160,16,enrollment; config=StadiumSHA3
243,StadiumSHA3-17-20260922-20:31:41-1127323,StadiumSHA3,17,17,17,sha3,10,,,,3,1,0.007704,0.062947,0.112058,160,16,enrollment; config=StadiumSHA3
244,StadiumSHA3-17-20260922-20:31:41-1127323,StadiumSHA3,17,17,17,sha3,10,,,,4,1,0.007223,0.063187,0.114202,160,16,enrollment; config=StadiumSHA3
245,StadiumSHA3-17-20260922-20:31:41-1127323,StadiumSHA3,17,17,17,sha3,10,,,,5,1,0.007464,0.062576,0.111266,160,16,enrollment; config=StadiumSHA3
246,StadiumSHA3-17-20260922-20:31:41-1127323,StadiumSHA3,17,17,17,sha3,10,,,,6,1,0.007483,0.061584,0.111246,160,16,enrollment; config=StadiumSHA3
247,StadiumSHA3-17-20260922-20:31:41-1127323,StadiumSHA3,17,17,17,sha3,10,,,,7,1,0.006913,0.069579,0.115824,160,16,enrollment; config=StadiumSHA3
248,StadiumSHA3-17-20260922-20:31:41-1127323,StadiumSHA3,17,17,17,sha3,10,,,,8,1,0.007073,0.061123,0.110324,160,16,enrollment; config=StadiumSHA3
249,StadiumSHA3-17-20260922-20:31:41-1127323,StadiumSHA3,17,17,17,sha3,10,,,,9,1,0.007865,0.05956,0.106838,160,16,enrollment; config=StadiumSHA3
250,StadiumSHA3-18-20260922-20:31:41-1127323,StadiumSHA3,18,18,18,sha3,10,,,,0,1,0.019066,0.083034,0.166929,160,16,enrollment; config=StadiumSHA3
251,StadiumSHA3-18-20260922-20:31:41-1127323,StadiumSHA3,18,18,18,sha3,10,,,,1,1,0.007414,0.068527,0.11897,160,16,enrollment; config=StadiumSHA3
252,StadiumSHA3-18-20260922-20:31:41-1127323,StadiumSHA3,18,18,18,sha3,10,,,,2,1,0.006712,0.068277,0.121615,160,16,enrollment; config=StadiumSHA3
253,StadiumSHA3-18-20260922-20:31:41-1127323,StadiumSHA3,18,18,18,sha3,10,,,,3,1,0.145359,0.064029,0.253789,160,16,enrollment; config=StadiumSHA3
254,StadiumSHA3-18-20260922-20:31:41-1127323,StadiumSHA3,18,18,18,sha3,10,,,,4,1,0.006933,0.065471,0.116225,160,16,enrollment; config=StadiumSHA3
255,StadiumSHA3-18-20260922-20:31:41-1127323,StadiumSHA3,18,18,18,sha3,10,,,,5,1,0.006592,0.061314,0.108411,160,16,enrollment; config=StadiumSHA3
256,StadiumSHA3-18-20260922-20:31:41-1127323,StadiumSHA3,18,18,18,sha3,10,,,,6,1,0.008055,0.069739,0.120714,160,16,enrollment; config=StadiumSHA3
257,StadiumSHA3-18-20260922-20:31:41-1127323,StadiumSHA3,18,18,18,sha3,10,,,,7,1,0.007614,0.0699,0.119211,160,16,enrollment; config=StadiumSHA3
258,StadiumSHA3-18-20260922-20:31:41-1127323,StadiumSHA3,18,18,18,sha3,10,,,,8,1,0.008135,0.060512,0.115474,160,16,enrollment; config=StadiumSHA3
259,StadiumSHA3-18-20260922-20:31:41-1127323,StadiumSHA3,18,18,18,sha3,10,,,,9,1,0.007143,0.062105,0.109423,160,16,enrollment; config=StadiumSHA3
260,StadiumSHA3-19-20260922-20:31:41-1127323,StadiumSHA3,19,19,19,sha3,10,,,,0,1,0.020308,0.077483,0.150869,160,16,enrollment; config=StadiumSHA3
261,StadiumSHA3-19-20260922-20:31:41-1127323,StadiumSHA3,19,19,19,sha3,10,,,,1,1,0.007785,0.064429,0.127406,160,16,enrollment; config=StadiumSHA3
262,StadiumSHA3-19-20260922-20:31:41-1127323,StadiumSHA3,19,19,19,sha3,10,,,,2,1,0.012503,0.063939,0.116696,160,16,enrollment; config=StadiumSHA3
263,StadiumSHA3-19-20260922-20:31:41-1127323,StadiumSHA3,19,19,19,sha3,10,,,,3,1,0.004839,0.049522,0.091109,160,16,enrollment; config=StadiumSHA3
264,StadiumSHA3-19-20260922-20:31:41-1127323,StadiumSHA3,19,19,19,sha3,10,,,,4,1,0.008055,0.065101,0.115434,160,16,enrollment; config=StadiumSHA3
265,StadiumSHA3-19-20260922-20:31:41-1127323,StadiumSHA3,19,19,19,sha3,10,,,,5,1,0.007363,0.0646,0.113771,160,16,enrollment; config=StadiumSHA3
266,StadiumSHA3-19-20260922-20:31:41-1127323,StadiumSHA3,19,19,19,sha3,10,,,,6,1,0.006803,0.0702,0.11874,160,16,enrollment; config=StadiumSHA3
267,StadiumSHA3-19-20260922-20:31:41-1127323,StadiumSHA3,19,19,19,sha3,10,,,,7,1,0.00536,0.05426,0.099304,160,16,enrollment; config=StadiumSHA3
268,StadiumSHA3-19-20260922-20:31:41-1127323,StadiumSHA3,19,19,19,sha3,10,,,,8,1,0.007865,0.070591,0.121175,160,16,enrollment; config=StadiumSHA3
269,StadiumSHA3-19-20260922-20:31:41-1127323,StadiumSHA3,19,19,19,sha3,10,,,,9,1,0.00532,0.055092,0.112197,160,16,enrollment; config=StadiumSHA3
270,StadiumSHA3-2-20260922-20:31:40-1127323,StadiumSHA3,2,2,2,sha3,10,,,,0,1,0.013245,0.045654,0.091729,160,16,enrollment; config=StadiumSHA3
271,StadiumSHA3-2-20260922-20:31:40-1127323,StadiumSHA3,2,2,2,sha3,10,,,,1,1,0.004358,0.036688,0.068146,160,16,enrollment; config=StadiumSHA3
272,StadiumSHA3-2-20260922-20:31:40-1127323,StadiumSHA3,2,2,2,sha3,10,,,,2,1,0.004068,0.036267,0.065902,160,16,enrollment; config=StadiumSHA3
273,StadiumSHA3-2-20260922-20:31:40-1127323,StadiumSHA3,2,2,2,sha3,10,,,,3,1,0.004048,0.036738,0.064499,160,16,enrollment; config=StadiumSHA3
274,StadiumSHA3-2-20260922-20:31:40-1127323,StadiumSHA3,2,2,2,sha3,10,,,,4,1,0.004037,0.036427,0.064489,160,16,enrollment; config=StadiumSHA3
275,StadiumSHA3-2-20260922-20:31:40-1127323,StadiumSHA3,2,2,2,sha3,10,,,,5,1,0.004017,0.036247,0.063808,160,16,enrollment; config=StadiumSHA3
276,StadiumSHA3-2-20260922-20:31:40-1127323,StadiumSHA3,2,2,2,sha3,10,,,,6,1,0.003978,0.036217,0.063638,160,16,enrollment; config=StadiumSHA3
277,StadiumSHA3-2-20260922-20:31:40-1127323,StadiumSHA3,2,2,2,sha3,10,,,,7,1,0.003998,0.036086,0.063007,160,16,enrollment; config=StadiumSHA3
278,StadiumSHA3-2-20260922-20:31:40-1127323,StadiumSHA3,2,2,2,sha3,10,,,,8,1,0.003957,0.036277,0.063728,160,16,enrollment; config=StadiumSHA3
279,StadiumSHA3-2-20260922-20:31:40-1127323,StadiumSHA3,2,2,2,sha3,10,,,,9,1,0.004018,0.036287,0.063077,160,16,enrollment; config=StadiumSHA3
280,StadiumSHA3-20-20260922-20:31:41-1127323,StadiumSHA3,20,20,20,sha3,10,,,,0,1,0.013796,0.048309,0.09735,160,16,enrollment; config=StadiumSHA3
281,StadiumSHA3-20-20260922-20:31:41-1127323,StadiumSHA3,20,20,20,sha3,10,,,,1,1,0.007644,0.040385,0.082302,160,16,enrollment; config=StadiumSHA3
282,StadiumSHA3-20-20260922-20:31:41-1127323,StadiumSHA3,20,20,20,sha3,10,,,,2,1,0.004959,0.042859,0.093213,160,16,enrollment; config=StadiumSHA3
283,StadiumSHA3-20-20260922-20:31:41-1127323,StadiumSHA3,20,20,20,sha3,10,,,,3,1,0.004919,0.047047,0.082112,160,16,enrollment; config=StadiumSHA3
284,StadiumSHA3-20-20260922-20:31:41-1127323,StadiumSHA3,20,20,20,sha3,10,,,,4,1,0.004428,0.048189,0.080358,160,16,enrollment; config=StadiumSHA3
285,StadiumSHA3-20-20260922-20:31:41-1127323,StadiumSHA3,20,20,20,sha3,10,,,,5,1,0.004338,0.039343,0.069258,160,16,enrollment; config=StadiumSHA3
286,StadiumSHA3-20-20260922-20:31:41-1127323,StadiumSHA3,20,20,20,sha3,10,,,,6,1,0.004248,0.039082,0.069438,160,16,enrollment; config=StadiumSHA3
287,StadiumSHA3-20-20260922-20:31:41-1127323,StadiumSHA3,20,20,20,sha3,10,,,,7,1,0.004418,0.039573,0.068888,160,16,enrollment; config=StadiumSHA3
288,StadiumSHA3-20-20260922-20:31:41-1127323,StadiumSHA3,20,20,20,sha3,10,,,,8,1,0.004378,0.046446,0.076782,160,16,enrollment; config=StadiumSHA3
289,StadiumSHA3-20-20260922-20:31:41-1127323,StadiumSHA3,20,20,20,sha3,10,,,,9,1,0.004318,0.040425,0.069238,160,16,enrollment; config=StadiumSHA3
290,StadiumSHA3-21-20260922-20:31:41-1127323,StadiumSHA3,21,21,21,sha3,10,,,,0,1,0.020748,0.057547,0.109824,160,16,enrollment; config=StadiumSHA3
291,StadiumSHA3-21-20260922-20:31:41-1127323,StadiumSHA3,21,21,21,sha3,10,,,,1,1,0.004238,0.035846,0.066713,160,16,enrollment; config=StadiumSHA3
292,StadiumSHA3-21-20260922-20:31:41-1127323,StadiumSHA3,21,21,21,sha3,10,,,,2,1,0.003867,0.034604,0.063819,160,16,enrollment; config=StadiumSHA3
293,StadiumSHA3-21-20260922-20:31:41-1127323,StadiumSHA3,21,21,21,sha3,10,,,,3,1,0.007303,0.042639,0.080419,160,16,enrollment; config=StadiumSHA3
294,StadiumSHA3-21-20260922-20:31:41-1127323,StadiumSHA3,21,21,21,sha3,10,,,,4,1,0.003787,0.035386,0.062406,160,16,enrollment; config=StadiumSHA3
295,StadiumSHA3-21-20260922-20:31:41-1127323,StadiumSHA3,21,21,21,sha3,10,,,,5,1,0.003897,0.035266,0.062015,160,16,enrollment; config=StadiumSHA3
296,StadiumSHA3-21-20260922-20:31:41-1127323,StadiumSHA3,21,21,21,sha3,10,,,,6,1,0.003848,0.035325,0.061865,160,16,enrollment; config=StadiumSHA3
297,StadiumSHA3-21-20260922-20:31:41-1127323,StadiumSHA3,21,21,21,sha3,10,,,,7,1,0.003857,0.036768,0.063557,160,16,enrollment; config=StadiumSHA3
298,StadiumSHA3-21-20260922-20:31:41-1127323,StadiumSHA3,21,21,21,sha3,10,,,,8,1,0.003847,0.035796,0.062044,160,16,enrollment; config=StadiumSHA3
299,StadiumSHA3-21-20260922-20:31:41-1127323,StadiumSHA3,21,21,21,sha3,10,,,,9,1,0.003847,0.034955,0.060823,160,16,enrollment; config=StadiumSHA3
300,StadiumSHA3-22-20260922-20:31:41-1127323,StadiumSHA3,22,22,22,sha3,10,,,,0,1,0.014216,0.045985,0.093904,160,16,enrollment; config=StadiumSHA3
301,StadiumSHA3-22-20260922-20:31:41-1127323,StadiumSHA3,22,22,22,sha3,10,,,,1,1,0.004328,0.03759,0.07004,160,16,enrollment; config=StadiumSHA3
302,StadiumSHA3-22-20260922-20:31:41-1127323,StadiumSHA3,22,22,22,sha3,10,,,,2,1,0.004077,0.042319,0.077063,160,16,enrollment; config=StadiumSHA3
303,StadiumSHA3-22-20260922-20:31:41-1127323,StadiumSHA3,22,22,22,sha3,10,,,,3,1,0.004529,0.037429,0.072484,160,16,enrollment; config=StadiumSHA3
304,StadiumSHA3-22-20260922-20:31:41-1127323,StadiumSHA3,22,22,22,sha3,10,,,,4,1,0.004087,0.051085,0.081601,160,16,enrollment; config=StadiumSHA3
305,StadiumSHA3-22-20260922-20:31:41-1127323,StadiumSHA3,22,22,22,sha3,10,,,,5,1,0.004198,0.038321,0.067765,160,16,enrollment; config=StadiumSHA3
306,StadiumSHA3-22-20260922-20:31:41-1127323,StadiumSHA3,22,22,22,sha3,10,,,,6,1,0.004047,0.037029,0.066393,160,16,enrollment; config=StadiumSHA3
307,StadiumSHA3-22-20260922-20:31:41-1127323,StadiumSHA3,22,22,22,sha3,10,,,,7,1,0.004368,0.036988,0.075169,160,16,enrollment; config=StadiumSHA3
308,StadiumSHA3-22-20260922-20:31:41-1127323,StadiumSHA3,22,22,22,sha3,10,,,,8,1,0.004098,0.036989,0.065812,160,16,enrollment; config=StadiumSHA3
309,StadiumSHA3-22-20260922-20:31:41-1127323,StadiumSHA3,22,22,22,sha3,10,,,,9,1,0.007414,0.04345,0.080609,160,16,enrollment; config=StadiumSHA3
310,StadiumSHA3-23-20260922-20:31:41-1127323,StadiumSHA3,23,23,23,sha3,10,,,,0,1,0.017712,0.062716,0.126364,160,16,enrollment; config=StadiumSHA3
311,StadiumSHA3-23-20260922-20:31:41-1127323,StadiumSHA3,23,23,23,sha3,10,,,,1,1,0.007374,0.062906,0.110755,160,16,enrollment; config=StadiumSHA3
312,StadiumSHA3-23-20260922-20:31:41-1127323,StadiumSHA3,23,23,23,sha3,10,,,,2,1,0.006462,0.057387,0.098823,160,16,enrollment; config=StadiumSHA3
313,StadiumSHA3-23-20260922-20:31:41-1127323,StadiumSHA3,23,23,23,sha3,10,,,,3,1,0.009578,0.060963,0.118088,160,16,enrollment; config=StadiumSHA3
314,StadiumSHA3-23-20260922-20:31:41-1127323,StadiumSHA3,23,23,23,sha3,10,,,,4,1,0.006161,0.05377,0.107389,160,16,enrollment; config=StadiumSHA3
315,StadiumSHA3-23-20260922-20:31:41-1127323,StadiumSHA3,23,23,23,sha3,10,,,,5,1,0.006883,0.07539,0.117597,160,16,enrollment; config=StadiumSHA3
316,StadiumSHA3-23-20260922-20:31:41-1127323,StadiumSHA3,23,23,23,sha3,10,,,,6,1,0.007504,0.052116,0.087762,160,16,enrollment; config=StadiumSHA3
317,StadiumSHA3-23-20260922-20:31:41-1127323,StadiumSHA3,23,23,23,sha3,10,,,,7,1,0.007504,0.058798,0.112648,160,16,enrollment; config=StadiumSHA3
318,StadiumSHA3-23-20260922-20:31:41-1127323,StadiumSHA3,23,23,23,sha3,10,,,,8,1,0.017953,0.065972,0.131724,160,16,enrollment; config=StadiumSHA3
319,StadiumSHA3-23-20260922-20:31:41-1127323,StadiumSHA3,23,23,23,sha3,10,,,,9,1,0.008065,0.066153,0.115684,160,16,enrollment; config=StadiumSHA3
320,StadiumSHA3-24-20260922-20:31:41-1127323,StadiumSHA3,24,24,24,sha3,10,,,,0,1,0.008797,0.051535,0.100236,160,16,enrollment; config=StadiumSHA3
321,StadiumSHA3-24-20260922-20:31:41-1127323,StadiumSHA3,24,24,24,sha3,10,,,,1,1,0.006422,0.040946,0.077253,160,16,enrollment; config=StadiumSHA3
322,StadiumSHA3-24-20260922-20:31:41-1127323,StadiumSHA3,24,24,24,sha3,10,,,,2,1,0.007153,0.041547,0.076021,160,16,enrollment; config=StadiumSHA3
323,StadiumSHA3-24-20260922-20:31:41-1127323,StadiumSHA3,24,24,24,sha3,10,,,,3,1,0.006722,0.045233,0.077503,160,16,enrollment; config=StadiumSHA3
324,StadiumSHA3-24-20260922-20:31:41-1127323,StadiumSHA3,24,24,24,sha3,10,,,,4,1,0.004358,0.044914,0.077714,160,16,enrollment; config=StadiumSHA3
325,StadiumSHA3-24-20260922-20:31:41-1127323,StadiumSHA3,24,24,24,sha3,10,,,,5,1,0.004569,0.045745,0.078986,160,16,enrollment; config=StadiumSHA3
326,StadiumSHA3-24-20260922-20:31:41-1127323,StadiumSHA3,24,24,24,sha3,10,,,,6,1,0.004428,0.044222,0.077543,160,16,enrollment; config=StadiumSHA3
327,StadiumSHA3-24-20260922-20:31:41-1127323,StadiumSHA3,24,24,24,sha3,10,,,,7,1,0.004448,0.045013,0.078976,160,16,enrollment; config=StadiumSHA3
328,StadiumSHA3-24-20260922-20:31:41-1127323,StadiumSHA3,24,24,24,sha3,10,,,,8,1,0.004398,0.044092,0.077894,160,16,enrollment; config=StadiumSHA3
329,StadiumSHA3-24-20260922-20:31:41-1127323,StadiumSHA3,24,24,24,sha3,10,,,,9,1,0.004478,0.044523,0.082172,160,16,enrollment; config=StadiumSHA3
330,StadiumSHA3-25-20260922-20:31:41-1127323,StadiumSHA3,25,25,25,sha3,10,,,,0,1,0.012613,0.045795,0.091379,160,16,enrollment; config=StadiumSHA3
331,StadiumSHA3-25-20260922-20:31:41-1127323,StadiumSHA3,25,25,25,sha3,10,,,,1,1,0.004268,0.037109,0.069209,160,16,enrollment; config=StadiumSHA3
332,StadiumSHA3-25-20260922-20:31:41-1127323,StadiumSHA3,25,25,25,sha3,10,,,,2,1,0.004197,0.036498,0.066853,160,16,enrollment; config=StadiumSHA3
333,StadiumSHA3-25-20260922-20:31:41-1127323,StadiumSHA3,25,25,25,sha3,10,,,,3,1,0.004128,0.036888,0.065612,160,16,enrollment; config=StadiumSHA3
334,StadiumSHA3-25-20260922-20:31:41-1127323,StadiumSHA3,25,25,25,sha3,10,,,,4,1,0.003967,0.036808,0.06501,160,16,enrollment; config=StadiumSHA3
335,StadiumSHA3-25-20260922-20:31:41-1127323,StadiumSHA3,25,25,25,sha3,10,,,,5,1,0.004197,0.03784,0.073105,160,16,enrollment; config=StadiumSHA3
336,StadiumSHA3-25-20260922-20:31:41-1127323,StadiumSHA3,25,25,25,sha3,10,,,,6,1,0.004028,0.036818,0.06447,160,16,enrollment; config=StadiumSHA3
337,StadiumSHA3-25-20260922-20:31:41-1127323,StadiumSHA3,25,25,25,sha3,10,,,,7,1,0.004078,0.036608,0.064258,160,16,enrollment; config=StadiumSHA3
338,StadiumSHA3-25-20260922-20:31:41-1127323,StadiumSHA3,25,25,25,sha3,10,,,,8,1,0.004158,0.037008,0.074017,160,16,enrollment; config=StadiumSHA3
339,StadiumSHA3-25-20260922-20:31:41-1127323,StadiumSHA3,25,25,25,sha3,10,,,,9,1,0.004007,0.036898,0.06463,160,16,enrollment; config=StadiumSHA3
340,StadiumSHA3-26-20260922-20:31:41-1127323,StadiumSHA3,26,26,26,sha3,10,,,,0,1,0.013345,0.045905,0.091409,160,16,enrollment; config=StadiumSHA3
341,StadiumSHA3-26-20260922-20:31:41-1127323,StadiumSHA3,26,26,26,sha3,10,,,,1,1,0.004317,0.036928,0.068898,160,16,enrollment; config=StadiumSHA3
342,StadiumSHA3-26-20260922-20:31:41-1127323,StadiumSHA3,26,26,26,sha3,10,,,,2,1,0.004067,0.036338,0.066683,160,16,enrollment; config=StadiumSHA3
343,StadiumSHA3-26-20260922-20:31:41-1127323,StadiumSHA3,26,26,26,sha3,10,,,,3,1,0.004218,0.036788,0.074698,160,16,enrollment; config=StadiumSHA3
344,StadiumSHA3-26-20260922-20:31:41-1127323,StadiumSHA3,26,26,26,sha3,10,,,,4,1,0.004008,0.036467,0.066023,160,16,enrollment; config=StadiumSHA3
345,StadiumSHA3-26-20260922-20:31:41-1127323,StadiumSHA3,26,26,26,sha3,10,,,,5,1,0.004118,0.036497,0.06454,160,16,enrollment; config=StadiumSHA3
346,StadiumSHA3-26-20260922-20:31:41-1127323,StadiumSHA3,26,26,26,sha3,10,,,,6,1,0.004048,0.03815,0.066212,160,16,enrollment; config=StadiumSHA3
347,StadiumSHA3-26-20260922-20:31:41-1127323,StadiumSHA3,26,26,26,sha3,10,,,,7,1,0.004088,0.040866,0.072945,160,16,enrollment; config=StadiumSHA3
348,StadiumSHA3-26-20260922-20:31:41-1127323,StadiumSHA3,26,26,26,sha3,10,,,,8,1,0.004218,0.046866,0.075319,160,16,enrollment; config=StadiumSHA3
349,StadiumSHA3-26-20260922-20:31:41-1127323,StadiumSHA3,26,26,26,sha3,10,,,,9,1,0.004248,0.090307,0.11888,160,16,enrollment; config=StadiumSHA3
350,StadiumSHA3-27-20260922-20:31:41-1127323,StadiumSHA3,27,27,27,sha3,10,,,,0,1,0.013275,0.055683,0.10249,160,16,enrollment; config=StadiumSHA3
351,StadiumSHA3-27-20260922-20:31:41-1127323,StadiumSHA3,27,27,27,sha3,10,,,,1,1,0.004559,0.03823,0.070871,160,16,enrollment; config=StadiumSHA3
352,StadiumSHA3-27-20260922-20:31:41-1127323,StadiumSHA3,27,27,27,sha3,10,,,,2,1,0.004238,0.03779,0.068797,160,16,enrollment; config=StadiumSHA3
353,StadiumSHA3-27-20260922-20:31:41-1127323,StadiumSHA3,27,27,27,sha3,10,,,,3,1,0.004147,0.0375,0.066784,160,16,enrollment; config=StadiumSHA3
354,StadiumSHA3-27-20260922-20:31:41-1127323,StadiumSHA3,27,27,27,sha3,10,,,,4,1,0.004158,0.038681,0.067945,160,16,enrollment; config=StadiumSHA3
355,StadiumSHA3-27-20260922-20:31:41-1127323,StadiumSHA3,27,27,27,sha3,10,,,,5,1,0.004118,0.037459,0.065612,160,16,enrollment; config=StadiumSHA3
356,StadiumSHA3-27-20260922-20:31:41-1127323,StadiumSHA3,27,27,27,sha3,10,,,,6,1,0.004118,0.038111,0.066874,160,16,enrollment; config=StadiumSHA3
357,StadiumSHA3-27-20260922-20:31:41-1127323,StadiumSHA3,27,27,27,sha3,10,,,,7,1,0.004237,0.0374,0.0653,160,16,enrollment; config=StadiumSHA3
358,StadiumSHA3-27-20260922-20:31:41-1127323,StadiumSHA3,27,27,27,sha3,10,,,,8,1,0.004128,0.037249,0.065582,160,16,enrollment; config=StadiumSHA3
359,StadiumSHA3-27-20260922-20:31:41-1127323,StadiumSHA3,27,27,27,sha3,10,,,,9,1,0.004097,0.037069,0.065371,160,16,enrollment; config=StadiumSHA3
360,StadiumSHA3-28-20260922-20:31:41-1127323,StadiumSHA3,28,28,28,sha3,10,,,,0,1,0.018594,0.071994,0.138777,160,16,enrollment; config=StadiumSHA3
361,StadiumSHA3-28-20260922-20:31:41-1127323,StadiumSHA3,28,28,28,sha3,10,,,,1,1,0.008736,0.064229,0.114702,160,16,enrollment; config=StadiumSHA3
362,StadiumSHA3-28-20260922-20:31:41-1127323,StadiumSHA3,28,28,28,sha3,10,,,,2,1,0.006051,0.038161,0.083895,160,16,enrollment; config=StadiumSHA3
363,StadiumSHA3-28-20260922-20:31:41-1127323,StadiumSHA3,28,28,28,sha3,10,,,,3,1,0.007023,0.051114,0.089797,160,16,enrollment; config=StadiumSHA3
364,StadiumSHA3-28-20260922-20:31:41-1127323,StadiumSHA3,28,28,28,sha3,10,,,,4,1,0.009127,0.077424,0.124601,160,16,enrollment; config=StadiumSHA3
365,StadiumSHA3-28-20260922-20:31:41-1127323,StadiumSHA3,28,28,28,sha3,10,,,,5,1,0.010539,0.046396,0.097851,160,16,enrollment; config=StadiumSHA3
366,StadiumSHA3-28-20260922-20:31:41-1127323,StadiumSHA3,28,28,28,sha3,10,,,,6,1,0.009808,0.061123,0.118028,160,16,enrollment; config=StadiumSHA3
367,StadiumSHA3-28-20260922-20:31:41-1127323,StadiumSHA3,28,28,28,sha3,10,,,,7,1,0.00502,0.039292,0.073777,160,16,enrollment; config=StadiumSHA3
368,StadiumSHA3-28-20260922-20:31:41-1127323,StadiumSHA3,28,28,28,sha3,10,,,,8,1,0.004258,0.039022,0.070962,160,16,enrollment; config=StadiumSHA3
369,StadiumSHA3-28-20260922-20:31:41-1127323,StadiumSHA3,28,28,28,sha3,10,,,,9,1,0.004448,0.063107,0.093483,160,16,enrollment; config=StadiumSHA3
370,StadiumSHA3-29-20260922-20:31:41-1127323,StadiumSHA3,29,29,29,sha3,10,,,,0,1,0.011491,0.043791,0.087011,160,16,enrollment; config=StadiumSHA3
371,StadiumSHA3-29-20260922-20:31:41-1127323,StadiumSHA3,29,29,29,sha3,10,,,,1,1,0.004247,0.036127,0.067164,160,16,enrollment; config=StadiumSHA3
372,StadiumSHA3-29-20260922-20:31:41-1127323,StadiumSHA3,29,29,29,sha3,10,,,,2,1,0.003938,0.045484,0.078004,160,16,enrollment; config=StadiumSHA3
373,StadiumSHA3-29-20260922-20:31:41-1127323,StadiumSHA3,29,29,29,sha3,10,,,,3,1,0.004028,0.035896,0.064629,160,16,enrollment; config=StadiumSHA3
374,StadiumSHA3-29-20260922-20:31:41-1127323,StadiumSHA3,29,29,29,sha3,10,,,,4,1,0.003887,0.035596,0.063768,160,16,enrollment; config=StadiumSHA3
375,StadiumSHA3-29-20260922-20:31:41-1127323,StadiumSHA3,29,29,29,sha3,10,,,,5,1,0.003978,0.035606,0.063127,160,16,enrollment; config=StadiumSHA3
376,StadiumSHA3-29-20260922-20:31:41-1127323,StadiumSHA3,29,29,29,sha3,10,,,,6,1,0.003838,0.035435,0.061914,160,16,enrollment; config=StadiumSHA3
377,StadiumSHA3-29-20260922-20:31:41-1127323,StadiumSHA3,29,29,29,sha3,10,,,,7,1,0.003927,0.036718,0.063999,160,16,enrollment; config=StadiumSHA3
378,StadiumSHA3-29-20260922-20:31:41-1127323,StadiumSHA3,29,29,29,sha3,10,,,,8,1,0.003917,0.035576,0.062856,160,16,enrollment; config=StadiumSHA3
379,StadiumSHA3-29-20260922-20:31:41-1127323,StadiumSHA3,29,29,29,sha3,10,,,,9,1,0.006572,0.051385,0.085268,160,16,enrollment; config=StadiumSHA3
380,StadiumSHA3-3-20260922-20:31:41-1127323,StadiumSHA3,3,3,3,sha3,10,,,,0,1,0.020087,0.051996,0.112238,160,16,enrollment; config=StadiumSHA3
381,StadiumSHA3-3-20260922-20:31:41-1127323,StadiumSHA3,3,3,3,sha3,10,,,,1,1,0.004549,0.039323,0.073226,160,16,enrollment; config=StadiumSHA3
382,StadiumSHA3-3-20260922-20:31:41-1127323,StadiumSHA3,3,3,3,sha3,10,,,,2,1,0.004338,0.039343,0.071122,160,16,enrollment; config=StadiumSHA3
383,StadiumSHA3-3-20260922-20:31:41-1127323,StadiumSHA3,3,3,3,sha3,10,,,,3,1,0.004258,0.038592,0.068497,160,16,enrollment; config=StadiumSHA3
384,StadiumSHA3-3-20260922-20:31:41-1127323,StadiumSHA3,3,3,3,sha3,10,,,,4,1,0.004188,0.038361,0.068587,160,16,enrollment; config=StadiumSHA3
385,StadiumSHA3-3-20260922-20:31:41-1127323,StadiumSHA3,3,3,3,sha3,10,,,,5,1,0.004228,0.038371,0.067525,160,16,enrollment; config=StadiumSHA3
386,StadiumSHA3-3-20260922-20:31:41-1127323,StadiumSHA3,3,3,3,sha3,10,,,,6,1,0.004278,0.038541,0.068527,160,16,enrollment; config=StadiumSHA3
387,StadiumSHA3-3-20260922-20:31:41-1127323,StadiumSHA3,3,3,3,sha3,10,,,,7,1,0.004388,0.038351,0.067705,160,16,enrollment; config=StadiumSHA3
388,StadiumSHA3-3-20260922-20:31:41-1127323,StadiumSHA3,3,3,3,sha3,10,,,,8,1,0.004318,0.038401,0.067576,160,16,enrollment; config=StadiumSHA3
389,StadiumSHA3-3-20260922-20:31:41-1127323,StadiumSHA3,3,3,3,sha3,10,,,,9,1,0.004297,0.038671,0.067225,160,16,enrollment; config=StadiumSHA3
390,StadiumSHA3-4-20260922-20:31:41-1127323,StadiumSHA3,4,4,4,sha3,10,,,,0,1,0.017402,0.067985,0.133737,160,16,enrollment; config=StadiumSHA3
391,StadiumSHA3-4-20260922-20:31:41-1127323,StadiumSHA3,4,4,4,sha3,10,,,,1,1,0.007594,0.061504,0.110675,160,16,enrollment; config=StadiumSHA3
392,StadiumSHA3-4-20260922-20:31:41-1127323,StadiumSHA3,4,4,4,sha3,10,,,,2,1,0.008265,0.061594,0.111857,160,16,enrollment; config=StadiumSHA3
393,StadiumSHA3-4-20260922-20:31:41-1127323,StadiumSHA3,4,4,4,sha3,10,,,,3,1,0.007144,0.061764,0.108471,160,16,enrollment; config=StadiumSHA3
394,StadiumSHA3-4-20260922-20:31:41-1127323,StadiumSHA3,4,4,4,sha3,10,,,,4,1,0.007935,0.072454,0.122436,160,16,enrollment; config=StadiumSHA3
395,StadiumSHA3-4-20260922-20:31:41-1127323,StadiumSHA3,4,4,4,sha3,10,,,,5,1,0.006672,0.06465,0.110044,160,16,enrollment; config=StadiumSHA3
396,StadiumSHA3-4-20260922-20:31:41-1127323,StadiumSHA3,4,4,4,sha3,10,,,,6,1,0.009518,0.077964,0.137324,160,16,enrollment; config=StadiumSHA3
397,StadiumSHA3-4-20260922-20:31:41-1127323,StadiumSHA3,4,4,4,sha3,10,,,,7,1,0.009678,0.073346,0.129911,160,16,enrollment; config=StadiumSHA3
398,StadiumSHA3-4-20260922-20:31:41-1127323,StadiumSHA3,4,4,4,sha3,10,,,,8,1,0.008977,0.074548,0.130211,160,16,enrollment; config=StadiumSHA3
399,StadiumSHA3-4-20260922-20:31:41-1127323,StadiumSHA3,4,4,4,sha3,10,,,,9,1,0.008726,0.069749,0.122136,160,16,enrollment; config=StadiumSHA3
400,StadiumSHA3-5-20260922-20:31:41-1127323,StadiumSHA3,5,5,5,sha3,10,,,,0,1,0.01089,0.044262,0.086941,160,16,enrollment; config=StadiumSHA3
401,StadiumSHA3-5-20260922-20:31:41-1127323,StadiumSHA3,5,5,5,sha3,10,,,,1,1,0.004268,0.036137,0.066984,160,16,enrollment; config=StadiumSHA3
402,StadiumSHA3-5-20260922-20:31:41-1127323,StadiumSHA3,5,5,5,sha3,10,,,,2,1,0.004057,0.035907,0.06507,160,16,enrollment; config=StadiumSHA3
403,StadiumSHA3-5-20260922-20:31:41-1127323,StadiumSHA3,5,5,5,sha3,10,,,,3,1,0.003937,0.035726,0.063237,160,16,enrollment; config=StadiumSHA3
404,StadiumSHA3-5-20260922-20:31:41-1127323,StadiumSHA3,5,5,5,sha3,10,,,,4,1,0.003917,0.035686,0.063578,160,16,enrollment; config=StadiumSHA3
405,StadiumSHA3-5-20260922-20:31:41-1127323,StadiumSHA3,5,5,5,sha3,10,,,,5,1,0.003917,0.035726,0.062596,160,16,enrollment; config=StadiumSHA3
406,StadiumSHA3-5-20260922-20:31:41-1127323,StadiumSHA3,5,5,5,sha3,10,,,,6,1,0.003957,0.036518,0.064429,160,16,enrollment; config=StadiumSHA3
407,StadiumSHA3-5-20260922-20:31:41-1127323,StadiumSHA3,5,5,5,sha3,10,,,,7,1,0.003938,0.035996,0.062807,160,16,enrollment; config=StadiumSHA3
408,StadiumSHA3-5-20260922-20:31:41-1127323,StadiumSHA3,5,5,5,sha3,10,,,,8,1,0.003887,0.036758,0.064029,160,16,enrollment; config=StadiumSHA3
409,StadiumSHA3-5-20260922-20:31:41-1127323,StadiumSHA3,5,5,5,sha3,10,,,,9,1,0.003907,0.036187,0.062396,160,16,enrollment; config=StadiumSHA3
410,StadiumSHA3-6-20260922-20:31:41-1127323,StadiumSHA3,6,6,6,sha3,10,,,,0,1,0.013836,0.045745,0.09198,160,16,enrollment; config=StadiumSHA3
411,StadiumSHA3-6-20260922-20:31:41-1127323,StadiumSHA3,6,6,6,sha3,10,,,,1,1,0.007283,0.043872,0.086851,160,16,enrollment; config=StadiumSHA3
412,StadiumSHA3-6-20260922-20:31:41-1127323,StadiumSHA3,6,6,6,sha3,10,,,,2,1,0.004287,0.035375,0.070761,160,16,enrollment; config=StadiumSHA3
413,StadiumSHA3-6-20260922-20:31:41-1127323,StadiumSHA3,6,6,6,sha3,10,,,,3,1,0.007094,0.03806,0.076733,160,16,enrollment; config=StadiumSHA3
414,StadiumSHA3-6-20260922-20:31:41-1127323,StadiumSHA3,6,6,6,sha3,10,,,,4,1,0.004128,0.036327,0.072343,160,16,enrollment; config=StadiumSHA3
415,StadiumSHA3-6-20260922-20:31:41-1127323,StadiumSHA3,6,6,6,sha3,10,,,,5,1,0.004027,0.035376,0.062305,160,16,enrollment; config=StadiumSHA3
416,StadiumSHA3-6-20260922-20:31:41-1127323,StadiumSHA3,6,6,6,sha3,10,,,,6,1,0.006702,0.042248,0.07558,160,16,enrollment; config=StadiumSHA3
417,StadiumSHA3-6-20260922-20:31:41-1127323,StadiumSHA3,6,6,6,sha3,10,,,,7,1,0.004028,0.04858,0.07579,160,16,enrollment; config=StadiumSHA3
418,StadiumSHA3-6-20260922-20:31:41-1127323,StadiumSHA3,6,6,6,sha3,10,,,,8,1,0.004048,0.039904,0.067875,160,16,enrollment; config=StadiumSHA3
419,StadiumSHA3-6-20260922-20:31:41-1127323,StadiumSHA3,6,6,6,sha3,10,,,,9,1,0.004899,0.041417,0.072805,160,16,enrollment; config=StadiumSHA3
420,StadiumSHA3-7-20260922-20:31:41-1127323,StadiumSHA3,7,7,7,sha3,10,,,,0,1,0.01657,0.06983,0.12957,160,16,enrollment; config=StadiumSHA3
421,StadiumSHA3-7-20260922-20:31:41-1127323,StadiumSHA3,7,7,7,sha3,10,,,,1,1,0.005671,0.042288,0.089356,160,16,enrollment; config=StadiumSHA3
422,StadiumSHA3-7-20260922-20:31:41-1127323,StadiumSHA3,7,7,7,sha3,10,,,,2,1,0.006421,0.050865,0.095467,160,16,enrollment; config=StadiumSHA3
423,StadiumSHA3-7-20260922-20:31:41-1127323,StadiumSHA3,7,7,7,sha3,10,,,,3,1,0.008075,0.0597,0.098292,160,16,enrollment; config=StadiumSHA3
424,StadiumSHA3-7-20260922-20:31:41-1127323,StadiumSHA3,7,7,7,sha3,10,,,,4,1,0.004768,0.060703,0.096569,160,16,enrollment; config=StadiumSHA3
425,StadiumSHA3-7-20260922-20:31:41-1127323,StadiumSHA3,7,7,7,sha3,10,,,,5,1,0.004749,0.054852,0.089856,160,16,enrollment; config=StadiumSHA3
426,StadiumSHA3-7-20260922-20:31:41-1127323,StadiumSHA3,7,7,7,sha3,10,,,,6,1,0.005099,0.045254,0.088604,160,16,enrollment; config=StadiumSHA3
427,StadiumSHA3-7-20260922-20:31:41-1127323,StadiumSHA3,7,7,7,sha3,10,,,,7,1,0.009417,0.04346,0.09735,160,16,enrollment; config=StadiumSHA3
428,StadiumSHA3-7-20260922-20:31:41-1127323,StadiumSHA3,7,7,7,sha3,10,,,,8,1,0.006832,0.0649,0.110765,160,16,enrollment; config=StadiumSHA3
429,StadiumSHA3-7-20260922-20:31:41-1127323,StadiumSHA3,7,7,7,sha3,10,,,,9,1,0.004789,0.054391,0.087572,160,16,enrollment; config=StadiumSHA3
430,StadiumSHA3-8-20260922-20:31:41-1127323,StadiumSHA3,8,8,8,sha3,10,,,,0,1,0.017022,0.070861,0.135982,160,16,enrollment; config=StadiumSHA3
431,StadiumSHA3-8-20260922-20:31:41-1127323,StadiumSHA3,8,8,8,sha3,10,,,,1,1,0.007774,0.060552,0.110074,160,16,enrollment; config=StadiumSHA3
432,StadiumSHA3-8-20260922-20:31:41-1127323,StadiumSHA3,8,8,8,sha3,10,,,,2,1,0.007133,0.061875,0.111296,160,16,enrollment; config=StadiumSHA3
433,StadiumSHA3-8-20260922-20:31:41-1127323,StadiumSHA3,8,8,8,sha3,10,,,,3,1,0.008085,0.068246,0.120193,160,16,enrollment; config=StadiumSHA3
434,StadiumSHA3-8-20260922-20:31:41-1127323,StadiumSHA3,8,8,8,sha3,10,,,,4,1,0.007303,0.053188,0.100777,160,16,enrollment; config=StadiumSHA3
435,StadiumSHA3-8-20260922-20:31:41-1127323,StadiumSHA3,8,8,8,sha3,10,,,,5,1,0.004749,0.040345,0.072965,160,16,enrollment; config=StadiumSHA3
436,StadiumSHA3-8-20260922-20:31:41-1127323,StadiumSHA3,8,8,8,sha3,10,,,,6,1,0.004598,0.040195,0.072504,160,16,enrollment; config=StadiumSHA3
437,StadiumSHA3-8-20260922-20:31:41-1127323,StadiumSHA3,8,8,8,sha3,10,,,,7,1,0.004678,0.040405,0.070892,160,16,enrollment; config=StadiumSHA3
438,StadiumSHA3-8-20260922-20:31:41-1127323,StadiumSHA3,8,8,8,sha3,10,,,,8,1,0.004669,0.051144,0.082593,160,16,enrollment; config=StadiumSHA3
439,StadiumSHA3-8-20260922-20:31:41-1127323,StadiumSHA3,8,8,8,sha3,10,,,,9,1,0.004959,0.040204,0.071713,160,16,enrollment; config=StadiumSHA3
440,StadiumSHA3-9-20260922-20:31:41-1127323,StadiumSHA3,9,9,9,sha3,10,,,,0,1,0.013886,0.047458,0.09711,160,16,enrollment; config=StadiumSHA3
441,StadiumSHA3-9-20260922-20:31:41-1127323,StadiumSHA3,9,9,9,sha3,10,,,,1,1,0.004458,0.039563,0.073325,160,16,enrollment; config=StadiumSHA3
442,StadiumSHA3-9-20260922-20:31:41-1127323,StadiumSHA3,9,9,9,sha3,10,,,,2,1,0.004508,0.038492,0.078335,160,16,enrollment; config=StadiumSHA3
443,StadiumSHA3-9-20260922-20:31:41-1127323,StadiumSHA3,9,9,9,sha3,10,,,,3,1,0.004308,0.038221,0.068136,160,16,enrollment; config=StadiumSHA3
444,StadiumSHA3-9-20260922-20:31:41-1127323,StadiumSHA3,9,9,9,sha3,10,,,,4,1,0.004198,0.03796,0.067886,160,16,enrollment; config=StadiumSHA3
445,StadiumSHA3-9-20260922-20:31:41-1127323,StadiumSHA3,9,9,9,sha3,10,,,,5,1,0.004207,0.038101,0.067044,160,16,enrollment; config=StadiumSHA3
446,StadiumSHA3-9-20260922-20:31:41-1127323,StadiumSHA3,9,9,9,sha3,10,,,,6,1,0.004298,0.038241,0.068076,160,16,enrollment; config=StadiumSHA3
447,StadiumSHA3-9-20260922-20:31:41-1127323,StadiumSHA3,9,9,9,sha3,10,,,,7,1,0.004248,0.03813,0.066804,160,16,enrollment; config=StadiumSHA3
448,StadiumSHA3-9-20260922-20:31:41-1127323,StadiumSHA3,9,9,9,sha3,10,,,,8,1,0.006612,0.052056,0.083625,160,16,enrollment; config=StadiumSHA3
449,StadiumSHA3-9-20260922-20:31:41-1127323,StadiumSHA3,9,9,9,sha3,10,,,,9,1,0.004148,0.036197,0.064138,160,16,enrollment; config=StadiumSHA3
450,StadiumSPONGENT-0-20260922-20:31:41-1127338,StadiumSPONGENT,0,0,0,spongent,10,,,,0,1,0.012804,0.866394,1.02621,160,16,enrollment; config=StadiumSPONGENT
451,StadiumSPONGENT-0-20260922-20:31:41-1127338,StadiumSPONGENT,0,0,0,spongent,10,,,,1,1,0.005129,0.759646,0.8968,160,16,enrollment; config=StadiumSPONGENT
452,StadiumSPONGENT-0-20260922-20:31:41-1127338,StadiumSPONGENT,0,0,0,spongent,10,,,,2,1,0.004389,0.771127,0.906648,160,16,enrollment; config=StadiumSPONGENT
453,StadiumSPONGENT-0-20260922-20:31:41-1127338,StadiumSPONGENT,0,0,0,spongent,10,,,,3,1,0.004558,0.875671,1.046256,160,16,enrollment; config=StadiumSPONGENT
454,StadiumSPONGENT-0-20260922-20:31:41-1127338,StadiumSPONGENT,0,0,0,spongent,10,,,,4,1,0.007324,0.828393,0.98329,160,16,enrollment; config=StadiumSPONGENT
455,StadiumSPONGENT-0-20260922-20:31:41-1127338,StadiumSPONGENT,0,0,0,spongent,10,,,,5,1,0.005029,0.792277,0.927167,160,16,enrollment; config=StadiumSPONGENT
456,StadiumSPONGENT-0-20260922-20:31:41-1127338,StadiumSPONGENT,0,0,0,spongent,10,,,,6,1,0.00557,0.77234,0.915585,160,16,enrollment; config=StadiumSPONGENT
457,StadiumSPONGENT-0-20260922-20:31:41-1127338,StadiumSPONGENT,0,0,0,spongent,10,,,,7,1,0.004568,0.768312,0.901048,160,16,enrollment; config=StadiumSPONGENT
458,StadiumSPONGENT-0-20260922-20:31:41-1127338,StadiumSPONGENT,0,0,0,spongent,10,,,,8,1,0.004338,0.787338,0.919002,160,16,enrollment; config=StadiumSPONGENT
459,StadiumSPONGENT-0-20260922-20:31:41-1127338,StadiumSPONGENT,0,0,0,spongent,10,,,,9,1,0.00572,0.782208,0.925914,160,16,enrollment; config=StadiumSPONGENT
460,StadiumSPONGENT-1-20260922-20:31:42-1127338,StadiumSPONGENT,1,1,1,spongent,10,,,,0,1,0.011462,0.771638,0.914082,160,16,enrollment; config=StadiumSPONGENT
461,StadiumSPONGENT-1-20260922-20:31:42-1127338,StadiumSPONGENT,1,1,1,spongent,10,,,,1,1,0.004619,0.747303,0.879198,160,16,enrollment; config=StadiumSPONGENT
462,StadiumSPONGENT-1-20260922-20:31:42-1127338,StadiumSPONGENT,1,1,1,spongent,10,,,,2,1,0.004448,0.7347,0.870642,160,16,enrollment; config=StadiumSPONGENT
463,StadiumSPONGENT-1-20260922-20:31:42-1127338,StadiumSPONGENT,1,1,1,spongent,10,,,,3,1,0.004258,0.766699,0.900056,160,16,enrollment; config=StadiumSPONGENT
464,StadiumSPONGENT-1-20260922-20:31:42-1127338,StadiumSPONGENT,1,1,1,spongent,10,,,,4,1,0.003998,0.738697,0.882424,160,16,enrollment; config=StadiumSPONGENT
465,StadiumSPONGENT-1-20260922-20:31:42-1127338,StadiumSPONGENT,1,1,1,spongent,10,,,,5,1,0.004127,0.811822,0.94569,160,16,enrollment; config=StadiumSPONGENT
466,StadiumSPONGENT-1-20260922-20:31:42-1127338,StadiumSPONGENT,1,1,1,spongent,10,,,,6,1,0.004488,0.789762,0.933589,160,16,enrollment; config=StadiumSPONGENT
467,StadiumSPONGENT-1-20260922-20:31:42-1127338,StadiumSPONGENT,1,1,1,spongent,10,,,,7,1,0.004458,0.796976,0.931755,160,16,enrollment; config=StadiumSPONGENT
468,StadiumSPONGENT-1-20260922-20:31:42-1127338,StadiumSPONGENT,1,1,1,spongent,10,,,,8,1,0.004538,0.786556,0.917559,160,16,enrollment; config=StadiumSPONGENT
469,StadiumSPONGENT-1-20260922-20:31:42-1127338,StadiumSPONGENT,1,1,1,spongent,10,,,,9,1,0.004188,0.767962,0.902591,160,16,enrollment; config=StadiumSPONGENT
470,StadiumSPONGENT-10-20260922-20:31:43-1127338,StadiumSPONGENT,10,10,10,spongent,10,,,,0,1,0.011993,0.763643,0.930663,160,16,enrollment; config=StadiumSPONGENT
471,StadiumSPONGENT-10-20260922-20:31:43-1127338,StadiumSPONGENT,10,10,10,spongent,10,,,,1,1,0.005731,0.732706,0.863929,160,16,enrollment; config=StadiumSPONGENT
472,StadiumSPONGENT-10-20260922-20:31:43-1127338,StadiumSPONGENT,10,10,10,spongent,10,,,,2,1,0.00563,0.748095,0.884848,160,16,enrollment; config=StadiumSPONGENT
473,StadiumSPONGENT-10-20260922-20:31:43-1127338,StadiumSPONGENT,10,10,10,spongent,10,,,,3,1,0.00533,0.73508,0.865973,160,16,enrollment; config=StadiumSPONGENT
474,StadiumSPONGENT-10-20260922-20:31:43-1127338,StadiumSPONGENT,10,10,10,spongent,10,,,,4,1,0.004017,0.737796,0.866915,160,16,enrollment; config=StadiumSPONGENT
475,StadiumSPONGENT-10-20260922-20:31:43-1127338,StadiumSPONGENT,10,10,10,spongent,10,,,,5,1,0.003957,0.740631,0.868247,160,16,enrollment; config=StadiumSPONGENT
476,StadiumSPONGENT-10-20260922-20:31:43-1127338,StadiumSPONGENT,10,10,10,spongent,10,,,,6,1,0.003867,0.74001,0.868177,160,16,enrollment; config=StadiumSPONGENT
477,StadiumSPONGENT-10-20260922-20:31:43-1127338,StadiumSPONGENT,10,10,10,spongent,10,,,,7,1,0.003987,0.733578,0.859661,160,16,enrollment; config=StadiumSPONGENT
478,StadiumSPONGENT-10-20260922-20:31:43-1127338,StadiumSPONGENT,10,10,10,spongent,10,,,,8,1,0.003827,0.741983,0.873437,160,16,enrollment; config=StadiumSPONGENT
479,StadiumSPONGENT-10-20260922-20:31:43-1127338,StadiumSPONGENT,10,10,10,spongent,10,,,,9,1,0.006672,0.73993,0.870441,160,16,enrollment; config=StadiumSPONGENT
480,StadiumSPONGENT-11-20260922-20:31:44-1127338,StadiumSPONGENT,11,11,11,spongent,10,,,,0,1,0.009277,0.742405,0.880901,160,16,enrollment; config=StadiumSPONGENT
481,StadiumSPONGENT-11-20260922-20:31:44-1127338,StadiumSPONGENT,11,11,11,spongent,10,,,,1,1,0.004459,0.730913,0.860413,160,16,enrollment; config=StadiumSPONGENT
482,StadiumSPONGENT-11-20260922-20:31:44-1127338,StadiumSPONGENT,11,11,11,spongent,10,,,,2,1,0.003977,0.735602,0.86431,160,16,enrollment; config=StadiumSPONGENT
483,StadiumSPONGENT-11-20260922-20:31:44-1127338,StadiumSPONGENT,11,11,11,spongent,10,,,,3,1,0.003988,0.744698,0.871794,160,16,enrollment; config=StadiumSPONGENT
484,StadiumSPONGENT-11-20260922-20:31:44-1127338,StadiumSPONGENT,11,11,11,spongent,10,,,,4,1,0.004067,0.737826,0.866584,160,16,enrollment; config=StadiumSPONGENT
485,StadiumSPONGENT-11-20260922-20:31:44-1127338,StadiumSPONGENT,11,11,11,spongent,10,,,,5,1,0.004198,0.735051,0.868488,160,16,enrollment; config=StadiumSPONGENT
486,StadiumSPONGENT-11-20260922-20:31:44-1127338,StadiumSPONGENT,11,11,11,spongent,10,,,,6,1,0.003957,0.72895,0.856746,160,16,enrollment; config=StadiumSPONGENT
487,StadiumSPONGENT-11-20260922-20:31:44-1127338,StadiumSPONGENT,11,11,11,spongent,10,,,,7,1,0.003967,0.743817,0.870471,160,16,enrollment; config=StadiumSPONGENT
488,StadiumSPONGENT-11-20260922-20:31:44-1127338,StadiumSPONGENT,11,11,11,spongent,10,,,,8,1,0.004288,0.739028,0.865672,160,16,enrollment; config=StadiumSPONGENT
489,StadiumSPONGENT-11-20260922-20:31:44-1127338,StadiumSPONGENT,11,11,11,spongent,10,,,,9,1,0.004107,0.736203,0.862897,160,16,enrollment; config=StadiumSPONGENT
490,StadiumSPONGENT-12-20260922-20:31:44-1127338,StadiumSPONGENT,12,12,12,spongent,10,,,,0,1,0.008776,0.75108,0.889456,160,16,enrollment; config=StadiumSPONGENT
491,StadiumSPONGENT-12-20260922-20:31:44-1127338,StadiumSPONGENT,12,12,12,spongent,10,,,,1,1,0.004518,0.735812,0.866564,160,16,enrollment; config=StadiumSPONGENT
492,StadiumSPONGENT-12-20260922-20:31:44-1127338,StadiumSPONGENT,12,12,12,spongent,10,,,,2,1,0.004078,0.739379,0.868878,160,16,enrollment; config=StadiumSPONGENT
493,StadiumSPONGENT-12-20260922-20:31:44-1127338,StadiumSPONGENT,12,12,12,spongent,10,,,,3,1,0.004068,0.730843,0.892743,160,16,enrollment; config=StadiumSPONGENT
494,StadiumSPONGENT-12-20260922-20:31:44-1127338,StadiumSPONGENT,12,12,12,spongent,10,,,,4,1,0.004348,0.732256,0.860703,160,16,enrollment; config=StadiumSPONGENT
495,StadiumSPONGENT-12-20260922-20:31:44-1127338,StadiumSPONGENT,12,12,12,spongent,10,,,,5,1,0.003867,0.74534,0.872124,160,16,enrollment; config=StadiumSPONGENT
496,StadiumSPONGENT-12-20260922-20:31:44-1127338,StadiumSPONGENT,12,12,12,spongent,10,,,,6,1,0.003998,0.736493,0.86389,160,16,enrollment; config=StadiumSPONGENT
497,StadiumSPONGENT-12-20260922-20:31:44-1127338,StadiumSPONGENT,12,12,12,spongent,10,,,,7,1,0.003898,0.740581,0.866995,160,16,enrollment; config=StadiumSPONGENT
498,StadiumSPONGENT-12-20260922-20:31:44-1127338,StadiumSPONGENT,12,12,12,spongent,10,,,,8,1,0.003847,0.737876,0.8642,160,16,enrollment; config=StadiumSPONGENT
499,StadiumSPONGENT-12-20260922-20:31:44-1127338,StadiumSPONGENT,12,12,12,spongent,10,,,,9,1,0.003957,0.741022,0.867616,160,16,enrollment; config=StadiumSPONGENT
500,StadiumSPONGENT-13-20260922-20:31:44-1127338,StadiumSPONGENT,13,13,13,spongent,10,,,,0,1,0.013495,1.103884,1.265693,160,16,enrollment; config=StadiumSPONGENT
501,StadiumSPONGENT-13-20260922-20:31:44-1127338,StadiumSPONGENT,13,13,13,spongent,10,,,,1,1,0.004729,0.730162,0.859732,160,16,enrollment; config=StadiumSPONGENT
502,StadiumSPONGENT-13-20260922-20:31:44-1127338,StadiumSPONGENT,13,13,13,spongent,10,,,,2,1,0.004148,0.73994,0.876232,160,16,enrollment; config=StadiumSPONGENT
503,StadiumSPONGENT-13-20260922-20:31:44-1127338,StadiumSPONGENT,13,13,13,spongent,10,,,,3,1,0.004167,0.719993,0.846457,160,16,enrollment; config=StadiumSPONGENT
504,StadiumSPONGENT-13-20260922-20:31:44-1127338,StadiumSPONGENT,13,13,13,spongent,10,,,,4,1,0.003858,0.740601,0.867626,160,16,enrollment; config=StadiumSPONGENT
505,StadiumSPONGENT-13-20260922-20:31:44-1127338,StadiumSPONGENT,13,13,13,spongent,10,,,,5,1,0.004127,0.741292,0.868288,160,16,enrollment; config=StadiumSPONGENT
506,StadiumSPONGENT-13-20260922-20:31:44-1127338,StadiumSPONGENT,13,13,13,spongent,10,,,,6,1,0.004027,0.738016,0.866193,160,16,enrollment; config=StadiumSPONGENT
507,StadiumSPONGENT-13-20260922-20:31:44-1127338,StadiumSPONGENT,13,13,13,spongent,10,,,,7,1,0.004248,0.832881,0.987568,160,16,enrollment; config=StadiumSPONGENT
508,StadiumSPONGENT-13-20260922-20:31:44-1127338,StadiumSPONGENT,13,13,13,spongent,10,,,,8,1,0.008576,0.926295,1.099696,160,16,enrollment; config=StadiumSPONGENT
509,StadiumSPONGENT-13-20260922-20:31:44-1127338,StadiumSPONGENT,13,13,13,spongent,10,,,,9,1,0.009557,0.781216,0.924441,160,16,enrollment; config=StadiumSPONGENT
510,StadiumSPONGENT-14-20260922-20:31:44-1127338,StadiumSPONGENT,14,14,14,spongent,10,,,,0,1,0.009457,0.751281,0.90198,160,16,enrollment; config=StadiumSPONGENT
511,StadiumSPONGENT-14-20260922-20:31:44-1127338,StadiumSPONGENT,14,14,14,spongent,10,,,,1,1,0.004518,0.728128,0.859411,160,16,enrollment; config=StadiumSPONGENT
512,StadiumSPONGENT-14-20260922-20:31:44-1127338,StadiumSPONGENT,14,14,14,spongent,10,,,,2,1,0.003927,0.746372,0.874018,160,16,enrollment; config=StadiumSPONGENT
513,StadiumSPONGENT-14-20260922-20:31:44-1127338,StadiumSPONGENT,14,14,14,spongent,10,,,,3,1,0.004077,0.72896,0.855083,160,16,enrollment; config=StadiumSPONGENT
514,StadiumSPONGENT-14-20260922-20:31:44-1127338,StadiumSPONGENT,14,14,14,spongent,10,,,,4,1,0.003837,0.73453,0.861154,160,16,enrollment; config=StadiumSPONGENT
515,StadiumSPONGENT-14-20260922-20:31:44-1127338,StadiumSPONGENT,14,14,14,spongent,10,,,,5,1,0.003978,0.749227,0.88089,160,16,enrollment; config=StadiumSPONGENT
516,StadiumSPONGENT-14-20260922-20:31:44-1127338,StadiumSPONGENT,14,14,14,spongent,10,,,,6,1,0.004819,0.745991,0.877043,160,16,enrollment; config=StadiumSPONGENT
517,StadiumSPONGENT-14-20260922-20:31:44-1127338,StadiumSPONGENT,14,14,14,spongent,10,,,,7,1,0.004889,0.740421,0.86984,160,16,enrollment; config=StadiumSPONGENT
518,StadiumSPONGENT-14-20260922-20:31:44-1127338,StadiumSPONGENT,14,14,14,spongent,10,,,,8,1,0.004048,0.736994,0.870682,160,16,enrollment; config=StadiumSPONGENT
519,StadiumSPONGENT-14-20260922-20:31:44-1127338,StadiumSPONGENT,14,14,14,spongent,10,,,,9,1,0.003967,0.730823,0.857417,160,16,enrollment; config=StadiumSPONGENT
520,StadiumSPONGENT-15-20260922-20:31:44-1127338,StadiumSPONGENT,15,15,15,spongent,10,,,,0,1,0.011732,0.773141,0.91798,160,16,enrollment; config=StadiumSPONGENT
521,StadiumSPONGENT-15-20260922-20:31:44-1127338,StadiumSPONGENT,15,15,15,spongent,10,,,,1,1,0.004498,0.747183,0.878616,160,16,enrollment; config=StadiumSPONGENT
522,StadiumSPONGENT-15-20260922-20:31:44-1127338,StadiumSPONGENT,15,15,15,spongent,10,,,,2,1,0.003917,0.72922,0.856906,160,16,enrollment; config=StadiumSPONGENT
523,StadiumSPONGENT-15-20260922-20:31:44-1127338,StadiumSPONGENT,15,15,15,spongent,10,,,,3,1,0.003927,0.745209,0.873697,160,16,enrollment; config=StadiumSPONGENT
524,StadiumSPONGENT-15-20260922-20:31:44-1127338,StadiumSPONGENT,15,15,15,spongent,10,,,,4,1,0.006212,0.746391,0.882073,160,16,enrollment; config=StadiumSPONGENT
525,StadiumSPONGENT-15-20260922-20:31:44-1127338,StadiumSPONGENT,15,15,15,spongent,10,,,,5,1,0.00545,0.757252,0.887834,160,16,enrollment; config=StadiumSPONGENT
526,StadiumSPONGENT-15-20260922-20:31:44-1127338,StadiumSPONGENT,15,15,15,spongent,10,,,,6,1,0.0055,0.733668,0.870021,160,16,enrollment; config=StadiumSPONGENT
527,StadiumSPONGENT-15-20260922-20:31:44-1127338,StadiumSPONGENT,15,15,15,spongent,10,,,,7,1,0.004348,0.735682,0.86396,160,16,enrollment; config=StadiumSPONGENT
528,StadiumSPONGENT-15-20260922-20:31:44-1127338,StadiumSPONGENT,15,15,15,spongent,10,,,,8,1,0.004188,0.749708,0.878426,160,16,enrollment; config=StadiumSPONGENT
529,StadiumSPONGENT-15-20260922-20:31:44-1127338,StadiumSPONGENT,15,15,15,spongent,10,,,,9,1,0.004759,0.741222,0.870772,160,16,enrollment; config=StadiumSPONGENT
530,StadiumSPONGENT-16-20260922-20:31:45-1127338,StadiumSPONGENT,16,16,16,spongent,10,,,,0,1,0.01075,0.76162,0.910516,160,16,enrollment; config=StadiumSPONGENT
531,StadiumSPONGENT-16-20260922-20:31:45-1127338,StadiumSPONGENT,16,16,16,spongent,10,,,,1,1,0.004308,0.740471,0.871463,160,16,enrollment; config=StadiumSPONGENT
532,StadiumSPONGENT-16-20260922-20:31:45-1127338,StadiumSPONGENT,16,16,16,spongent,10,,,,2,1,0.004047,0.740952,0.86961,160,16,enrollment; config=StadiumSPONGENT
533,StadiumSPONGENT-16-20260922-20:31:45-1127338,StadiumSPONGENT,16,16,16,spongent,10,,,,3,1,0.003967,0.743216,0.871233,160,16,enrollment; config=StadiumSPONGENT
534,StadiumSPONGENT-16-20260922-20:31:45-1127338,StadiumSPONGENT,16,16,16,spongent,10,,,,4,1,0.003937,0.740591,0.868477,160,16,enrollment; config=StadiumSPONGENT
535,StadiumSPONGENT-16-20260922-20:31:45-1127338,StadiumSPONGENT,16,16,16,spongent,10,,,,5,1,0.003977,0.739309,0.866194,160,16,enrollment; config=StadiumSPONGENT
536,StadiumSPONGENT-16-20260922-20:31:45-1127338,StadiumSPONGENT,16,16,16,spongent,10,,,,6,1,0.003847,0.731955,0.864811,160,16,enrollment; config=StadiumSPONGENT
537,StadiumSPONGENT-16-20260922-20:31:45-1127338,StadiumSPONGENT,16,16,16,spongent,10,,,,7,1,0.003917,0.742164,0.868848,160,16,enrollment; config=StadiumSPONGENT
538,StadiumSPONGENT-16-20260922-20:31:45-1127338,StadiumSPONGENT,16,16,16,spongent,10,,,,8,1,0.008826,0.72933,0.860974,160,16,enrollment; config=StadiumSPONGENT
539,StadiumSPONGENT-16-20260922-20:31:45-1127338,StadiumSPONGENT,16,16,16,spongent,10,,,,9,1,0.003887,0.737205,0.863258,160,16,enrollment; config=StadiumSPONGENT
540,StadiumSPONGENT-17-20260922-20:31:45-1127338,StadiumSPONGENT,17,17,17,spongent,10,,,,0,1,0.009257,0.7399,0.88613,160,16,enrollment; config=StadiumSPONGENT
541,StadiumSPONGENT-17-20260922-20:31:45-1127338,StadiumSPONGENT,17,17,17,spongent,10,,,,1,1,0.004438,0.726606,0.857017,160,16,enrollment; config=StadiumSPONGENT
542,StadiumSPONGENT-17-20260922-20:31:45-1127338,StadiumSPONGENT,17,17,17,spongent,10,,,,2,1,0.003877,0.733698,0.862096,160,16,enrollment; config=StadiumSPONGENT
543,StadiumSPONGENT-17-20260922-20:31:45-1127338,StadiumSPONGENT,17,17,17,spongent,10,,,,3,1,0.003987,0.739038,0.866244,160,16,enrollment; config=StadiumSPONGENT
544,StadiumSPONGENT-17-20260922-20:31:45-1127338,StadiumSPONGENT,17,17,17,spongent,10,,,,4,1,0.003977,0.740621,0.890989,160,16,enrollment; config=StadiumSPONGENT
545,StadiumSPONGENT-17-20260922-20:31:45-1127338,StadiumSPONGENT,17,17,17,spongent,10,,,,5,1,0.005891,0.744839,0.88065,160,16,enrollment; config=StadiumSPONGENT
546,StadiumSPONGENT-17-20260922-20:31:45-1127338,StadiumSPONGENT,17,17,17,spongent,10,,,,6,1,0.004088,0.753194,0.883476,160,16,enrollment; config=StadiumSPONGENT
547,StadiumSPONGENT-17-20260922-20:31:45-1127338,StadiumSPONGENT,17,17,17,spongent,10,,,,7,1,0.0052,0.743416,0.87509,160,16,enrollment; config=StadiumSPONGENT
548,StadiumSPONGENT-17-20260922-20:31:45-1127338,StadiumSPONGENT,17,17,17,spongent,10,,,,8,1,0.004188,0.730803,0.863979,160,16,enrollment; config=StadiumSPONGENT
549,StadiumSPONGENT-17-20260922-20:31:45-1127338,StadiumSPONGENT,17,17,17,spongent,10,,,,9,1,0.004108,0.733467,0.861365,160,16,enrollment; config=StadiumSPONGENT
550,StadiumSPONGENT-18-20260922-20:31:45-1127338,StadiumSPONGENT,18,18,18,spongent,10,,,,0,1,0.008656,0.751291,0.890328,160,16,enrollment; config=StadiumSPONGENT
551,StadiumSPONGENT-18-20260922-20:31:45-1127338,StadiumSPONGENT,18,18,18,spongent,10,,,,1,1,0.004559,0.748515,0.885619,160,16,enrollment; config=StadiumSPONGENT
552,StadiumSPONGENT-18-20260922-20:31:45-1127338,StadiumSPONGENT,18,18,18,spongent,10,,,,2,1,0.004999,0.729259,0.861615,160,16,enrollment; config=StadiumSPONGENT
553,StadiumSPONGENT-18-20260922-20:31:45-1127338,StadiumSPONGENT,18,18,18,spongent,10,,,,3,1,0.004018,0.739258,0.868438,160,16,enrollment; config=StadiumSPONGENT
554,StadiumSPONGENT-18-20260922-20:31:45-1127338,StadiumSPONGENT,18,18,18,spongent,10,,,,4,1,0.003968,0.737044,0.865713,160,16,enrollment; config=StadiumSPONGENT
555,StadiumSPONGENT-18-20260922-20:31:45-1127338,StadiumSPONGENT,18,18,18,spongent,10,,,,5,1,0.004208,0.73496,0.861805,160,16,enrollment; config=StadiumSPONGENT
556,StadiumSPONGENT-18-20260922-20:31:45-1127338,StadiumSPONGENT,18,18,18,spongent,10,,,,6,1,0.004528,0.734039,0.862857,160,16,enrollment; config=StadiumSPONGENT
557,StadiumSPONGENT-18-20260922-20:31:45-1127338,StadiumSPONGENT,18,18,18,spongent,10,,,,7,1,0.004328,0.738467,0.865583,160,16,enrollment; config=StadiumSPONGENT
558,StadiumSPONGENT-18-20260922-20:31:45-1127338,StadiumSPONGENT,18,18,18,spongent,10,,,,8,1,0.004208,0.741192,0.868958,160,16,enrollment; config=StadiumSPONGENT
559,StadiumSPONGENT-18-20260922-20:31:45-1127338,StadiumSPONGENT,18,18,18,spongent,10,,,,9,1,0.004138,0.733668,0.858489,160,16,enrollment; config=StadiumSPONGENT
560,StadiumSPONGENT-19-20260922-20:31:45-1127338,StadiumSPONGENT,19,19,19,spongent,10,,,,0,1,0.008836,0.743096,0.883215,160,16,enrollment; config=StadiumSPONGENT
561,StadiumSPONGENT-19-20260922-20:31:45-1127338,StadiumSPONGENT,19,19,19,spongent,10,,,,1,1,0.004418,0.738097,0.86944,160,16,enrollment; config=StadiumSPONGENT
562,StadiumSPONGENT-19-20260922-20:31:45-1127338,StadiumSPONGENT,19,19,19,spongent,10,,,,2,1,0.004158,0.74559,0.875431,160,16,enrollment; config=StadiumSPONGENT
563,StadiumSPONGENT-19-20260922-20:31:45-1127338,StadiumSPONGENT,19,19,19,spongent,10,,,,3,1,0.004037,0.736222,0.869269,160,16,enrollment; config=StadiumSPONGENT
564,StadiumSPONGENT-19-20260922-20:31:45-1127338,StadiumSPONGENT,19,19,19,spongent,10,,,,4,1,0.003928,0.734389,0.862326,160,16,enrollment; config=StadiumSPONGENT
565,StadiumSPONGENT-19-20260922-20:31:45-1127338,StadiumSPONGENT,19,19,19,spongent,10,,,,5,1,0.003828,0.742694,0.870992,160,16,enrollment; config=StadiumSPONGENT
566,StadiumSPONGENT-19-20260922-20:31:45-1127338,StadiumSPONGENT,19,19,19,spongent,10,,,,6,1,0.004007,0.738427,0.866605,160,16,enrollment; config=StadiumSPONGENT
567,StadiumSPONGENT-19-20260922-20:31:45-1127338,StadiumSPONGENT,19,19,19,spongent,10,,,,7,1,0.004088,0.741142,0.867887,160,16,enrollment; config=StadiumSPONGENT
568,StadiumSPONGENT-19-20260922-20:31:45-1127338,StadiumSPONGENT,19,19,19,spongent,10,,,,8,1,0.004158,0.738998,0.866564,160,16,enrollment; config=StadiumSPONGENT
569,StadiumSPONGENT-19-20260922-20:31:45-1127338,StadiumSPONGENT,19,19,19,spongent,10,,,,9,1,0.004118,0.747003,0.87511,160,16,enrollment; config=StadiumSPONGENT
570,StadiumSPONGENT-2-20260922-20:31:42-1127338,StadiumSPONGENT,2,2,2,spongent,10,,,,0,1,0.013334,0.847299,1.0047,160,16,enrollment; config=StadiumSPONGENT
571,StadiumSPONGENT-2-20260922-20:31:42-1127338,StadiumSPONGENT,2,2,2,spongent,10,,,,1,1,0.005119,0.80487,0.948196,160,16,enrollment; config=StadiumSPONGENT
572,StadiumSPONGENT-2-20260922-20:31:42-1127338,StadiumSPONGENT,2,2,2,spongent,10,,,,2,1,0.004328,0.789031,0.926806,160,16,enrollment; config=StadiumSPONGENT
573,StadiumSPONGENT-2-20260922-20:31:42-1127338,StadiumSPONGENT,2,2,2,spongent,10,,,,3,1,0.004207,0.793459,0.930913,160,16,enrollment; config=StadiumSPONGENT
574,StadiumSPONGENT-2-20260922-20:31:42-1127338,StadiumSPONGENT,2,2,2,spongent,10,,,,4,1,0.004298,0.77219,0.911447,160,16,enrollment; config=StadiumSPONGENT
575,StadiumSPONGENT-2-20260922-20:31:42-1127338,StadiumSPONGENT,2,2,2,spongent,10,,,,5,1,0.004237,0.791215,0.938097,160,16,enrollment; config=StadiumSPONGENT
576,StadiumSPONGENT-2-20260922-20:31:42-1127338,StadiumSPONGENT,2,2,2,spongent,10,,,,6,1,0.004458,0.813526,0.951241,160,16,enrollment; config=StadiumSPONGENT
577,StadiumSPONGENT-2-20260922-20:31:42-1127338,StadiumSPONGENT,2,2,2,spongent,10,,,,7,1,0.00536,0.776047,0.919483,160,16,enrollment; config=StadiumSPONGENT
578,StadiumSPONGENT-2-20260922-20:31:42-1127338,StadiumSPONGENT,2,2,2,spongent,10,,,,8,1,0.004238,0.85901,0.997577,160,16,enrollment; config=StadiumSPONGENT
579,StadiumSPONGENT-2-20260922-20:31:42-1127338,StadiumSPONGENT,2,2,2,spongent,10,,,,9,1,0.006792,0.78834,0.922428,160,16,enrollment; config=StadiumSPONGENT
580,StadiumSPONGENT-20-20260922-20:31:45-1127338,StadiumSPONGENT,20,20,20,spongent,10,,,,0,1,0.009047,0.744899,0.884688,160,16,enrollment; config=StadiumSPONGENT
581,StadiumSPONGENT-20-20260922-20:31:45-1127338,StadiumSPONGENT,20,20,20,spongent,10,,,,1,1,0.004328,0.735021,0.866043,160,16,enrollment; config=StadiumSPONGENT
582,StadiumSPONGENT-20-20260922-20:31:45-1127338,StadiumSPONGENT,20,20,20,spongent,10,,,,2,1,0.003957,0.736243,0.865823,160,16,enrollment; config=StadiumSPONGENT
583,StadiumSPONGENT-20-20260922-20:31:45-1127338,StadiumSPONGENT,20,20,20,spongent,10,,,,3,1,0.004028,0.738116,0.8642,160,16,enrollment; config=StadiumSPONGENT
584,StadiumSPONGENT-20-20260922-20:31:45-1127338,StadiumSPONGENT,20,20,20,spongent,10,,,,4,1,0.003847,0.732917,0.859931,160,16,enrollment; config=StadiumSPONGENT
585,StadiumSPONGENT-20-20260922-20:31:45-1127338,StadiumSPONGENT,20,20,20,spongent,10,,,,5,1,0.004027,0.733719,0.860724,160,16,enrollment; config=StadiumSPONGENT
586,StadiumSPONGENT-20-20260922-20:31:45-1127338,StadiumSPONGENT,20,20,20,spongent,10,,,,6,1,0.003887,0.741012,0.867686,160,16,enrollment; config=StadiumSPONGENT
587,StadiumSPONGENT-20-20260922-20:31:45-1127338,StadiumSPONGENT,20,20,20,spongent,10,,,,7,1,0.003937,0.729901,0.857066,160,16,enrollment; config=StadiumSPONGENT
588,StadiumSPONGENT-20-20260922-20:31:45-1127338,StadiumSPONGENT,20,20,20,spongent,10,,,,8,1,0.003947,0.731093,0.863429,160,16,enrollment; config=StadiumSPONGENT
589,StadiumSPONGENT-20-20260922-20:31:45-1127338,StadiumSPONGENT,20,20,20,spongent,10,,,,9,1,0.003997,0.737726,0.86441,160,16,enrollment; config=StadiumSPONGENT
590,StadiumSPONGENT-21-20260922-20:31:46-1127338,StadiumSPONGENT,21,21,21,spongent,10,,,,0,1,0.012453,0.775997,0.921977,160,16,enrollment; config=StadiumSPONGENT
591,StadiumSPONGENT-21-20260922-20:31:46-1127338,StadiumSPONGENT,21,21,21,spongent,10,,,,1,1,0.004589,0.74027,0.877504,160,16,enrollment; config=StadiumSPONGENT
592,StadiumSPONGENT-21-20260922-20:31:46-1127338,StadiumSPONGENT,21,21,21,spongent,10,,,,2,1,0.003947,0.742975,0.872475,160,16,enrollment; config=StadiumSPONGENT
593,StadiumSPONGENT-21-20260922-20:31:46-1127338,StadiumSPONGENT,21,21,21,spongent,10,,,,3,1,0.003977,0.746963,0.87547,160,16,enrollment; config=StadiumSPONGENT
594,StadiumSPONGENT-21-20260922-20:31:46-1127338,StadiumSPONGENT,21,21,21,spongent,10,,,,4,1,0.004038,0.749848,0.878827,160,16,enrollment; config=StadiumSPONGENT
595,StadiumSPONGENT-21-20260922-20:31:46-1127338,StadiumSPONGENT,21,21,21,spongent,10,,,,5,1,0.00505,0.740651,0.871974,160,16,enrollment; config=StadiumSPONGENT
596,StadiumSPONGENT-21-20260922-20:31:46-1127338,StadiumSPONGENT,21,21,21,spongent,10,,,,6,1,0.003988,0.742484,0.871974,160,16,enrollment; config=StadiumSPONGENT
597,StadiumSPONGENT-21-20260922-20:31:46-1127338,StadiumSPONGENT,21,21,21,spongent,10,,,,7,1,0.003998,0.74039,0.867677,160,16,enrollment; config=StadiumSPONGENT
598,StadiumSPONGENT-21-20260922-20:31:46-1127338,StadiumSPONGENT,21,21,21,spongent,10,,,,8,1,0.003867,0.733548,0.862146,160,16,enrollment; config=StadiumSPONGENT
599,StadiumSPONGENT-21-20260922-20:31:46-1127338,StadiumSPONGENT,21,21,21,spongent,10,,,,9,1,0.008075,0.737956,0.869239,160,16,enrollment; config=StadiumSPONGENT
600,StadiumSPONGENT-22-20260922-20:31:46-1127338,StadiumSPONGENT,22,22,22,spongent,10,,,,0,1,0.01583,0.997917,1.16144,160,16,enrollment; config=StadiumSPONGENT
601,StadiumSPONGENT-22-20260922-20:31:46-1127338,StadiumSPONGENT,22,22,22,spongent,10,,,,1,1,0.004879,0.840045,1.004199,160,16,enrollment; config=StadiumSPONGENT
602,StadiumSPONGENT-22-20260922-20:31:46-1127338,StadiumSPONGENT,22,22,22,spongent,10,,,,2,1,0.007123,0.876092,1.023084,160,16,enrollment; config=StadiumSPONGENT
603,StadiumSPONGENT-22-20260922-20:31:46-1127338,StadiumSPONGENT,22,22,22,spongent,10,,,,3,1,0.00542,0.76173,0.894245,160,16,enrollment; config=StadiumSPONGENT
604,StadiumSPONGENT-22-20260922-20:31:46-1127338,StadiumSPONGENT,22,22,22,spongent,10,,,,4,1,0.007113,0.773031,0.915124,160,16,enrollment; config=StadiumSPONGENT
605,StadiumSPONGENT-22-20260922-20:31:46-1127338,StadiumSPONGENT,22,22,22,spongent,10,,,,5,1,0.0051,1.025779,1.201254,160,16,enrollment; config=StadiumSPONGENT
606,StadiumSPONGENT-22-20260922-20:31:46-1127338,StadiumSPONGENT,22,22,22,spongent,10,,,,6,1,0.008245,0.906198,1.053591,160,16,enrollment; config=StadiumSPONGENT
607,StadiumSPONGENT-22-20260922-20:31:46-1127338,StadiumSPONGENT,22,22,22,spongent,10,,,,7,1,0.00507,0.748095,0.882002,160,16,enrollment; config=StadiumSPONGENT
608,StadiumSPONGENT-22-20260922-20:31:46-1127338,StadiumSPONGENT,22,22,22,spongent,10,,,,8,1,0.004288,0.749017,0.881572,160,16,enrollment; config=StadiumSPONGENT
609,StadiumSPONGENT-22-20260922-20:31:46-1127338,StadiumSPONGENT,22,22,22,spongent,10,,,,9,1,0.004238,0.744819,0.873426,160,16,enrollment; config=StadiumSPONGENT
610,StadiumSPONGENT-23-20260922-20:31:46-1127338,StadiumSPONGENT,23,23,23,spongent,10,,,,0,1,0.008786,0.74577,0.885779,160,16,enrollment; config=StadiumSPONGENT
611,StadiumSPONGENT-23-20260922-20:31:46-1127338,StadiumSPONGENT,23,23,23,spongent,10,,,,1,1,0.004579,0.74534,0.877213,160,16,enrollment; config=StadiumSPONGENT
612,StadiumSPONGENT-23-20260922-20:31:46-1127338,StadiumSPONGENT,23,23,23,spongent,10,,,,2,1,0.003987,0.746612,0.876372,160,16,enrollment; config=StadiumSPONGENT
613,StadiumSPONGENT-23-20260922-20:31:46-1127338,StadiumSPONGENT,23,23,23,spongent,10,,,,3,1,0.003937,0.742956,0.870351,160,16,enrollment; config=StadiumSPONGENT
614,StadiumSPONGENT-23-20260922-20:31:46-1127338,StadiumSPONGENT,23,23,23,spongent,10,,,,4,1,0.003877,0.738477,0.866885,160,16,enrollment; config=StadiumSPONGENT
615,StadiumSPONGENT-23-20260922-20:31:46-1127338,StadiumSPONGENT,23,23,23,spongent,10,,,,5,1,0.004087,0.755839,0.890789,160,16,enrollment; config=StadiumSPONGENT
616,StadiumSPONGENT-23-20260922-20:31:46-1127338,StadiumSPONGENT,23,23,23,spongent,10,,,,6,1,0.004959,0.735271,0.868107,160,16,enrollment; config=StadiumSPONGENT
617,StadiumSPONGENT-23-20260922-20:31:46-1127338,StadiumSPONGENT,23,23,23,spongent,10,,,,7,1,0.004117,0.748465,0.877414,160,16,enrollment; config=StadiumSPONGENT
618,StadiumSPONGENT-23-20260922-20:31:46-1127338,StadiumSPONGENT,23,23,23,spongent,10,,,,8,1,0.004117,0.749317,0.878437,160,16,enrollment; config=StadiumSPONGENT
619,StadiumSPONGENT-23-20260922-20:31:46-1127338,StadiumSPONGENT,23,23,23,spongent,10,,,,9,1,0.004608,0.740711,0.868748,160,16,enrollment; config=StadiumSPONGENT
620,StadiumSPONGENT-24-20260922-20:31:46-1127338,StadiumSPONGENT,24,24,24,spongent,10,,,,0,1,0.011522,0.779623,0.926084,160,16,enrollment; config=StadiumSPONGENT
621,StadiumSPONGENT-24-20260922-20:31:46-1127338,StadiumSPONGENT,24,24,24,spongent,10,,,,1,1,0.004879,0.748436,0.882494,160,16,enrollment; config=StadiumSPONGENT
622,StadiumSPONGENT-24-20260922-20:31:46-1127338,StadiumSPONGENT,24,24,24,spongent,10,,,,2,1,0.004018,0.738006,0.867336,160,16,enrollment; config=StadiumSPONGENT
623,StadiumSPONGENT-24-20260922-20:31:46-1127338,StadiumSPONGENT,24,24,24,spongent,10,,,,3,1,0.004018,0.750229,0.879438,160,16,enrollment; config=StadiumSPONGENT
624,StadiumSPONGENT-24-20260922-20:31:46-1127338,StadiumSPONGENT,24,24,24,spongent,10,,,,4,1,0.004469,0.739739,0.871333,160,16,enrollment; config=StadiumSPONGENT
625,StadiumSPONGENT-24-20260922-20:31:46-1127338,StadiumSPONGENT,24,24,24,spongent,10,,,,5,1,0.004077,0.735021,0.86987,160,16,enrollment; config=StadiumSPONGENT
626,StadiumSPONGENT-24-20260922-20:31:46-1127338,StadiumSPONGENT,24,24,24,spongent,10,,,,6,1,0.004008,0.739559,0.868478,160,16,enrollment; config=StadiumSPONGENT
627,StadiumSPONGENT-24-20260922-20:31:46-1127338,StadiumSPONGENT,24,24,24,spongent,10,,,,7,1,0.003918,0.741843,0.867656,160,16,enrollment; config=StadiumSPONGENT
628,StadiumSPONGENT-24-20260922-20:31:46-1127338,StadiumSPONGENT,24,24,24,spongent,10,,,,8,1,0.004348,0.738026,0.866043,160,16,enrollment; config=StadiumSPONGENT
629,StadiumSPONGENT-24-20260922-20:31:46-1127338,StadiumSPONGENT,24,24,24,spongent,10,,,,9,1,0.004328,0.732546,0.859391,160,16,enrollment; config=StadiumSPONGENT
630,StadiumSPONGENT-25-20260922-20:31:46-1127338,StadiumSPONGENT,25,25,25,spongent,10,,,,0,1,0.009117,0.741102,0.88023,160,16,enrollment; config=StadiumSPONGENT
631,StadiumSPONGENT-25-20260922-20:31:46-1127338,StadiumSPONGENT,25,25,25,spongent,10,,,,1,1,0.004599,0.736042,0.866544,160,16,enrollment; config=StadiumSPONGENT
632,StadiumSPONGENT-25-20260922-20:31:46-1127338,StadiumSPONGENT,25,25,25,spongent,10,,,,2,1,0.004118,0.733217,0.862246,160,16,enrollment; config=StadiumSPONGENT
633,StadiumSPONGENT-25-20260922-20:31:46-1127338,StadiumSPONGENT,25,25,25,spongent,10,,,,3,1,0.004068,0.750579,0.877996,160,16,enrollment; config=StadiumSPONGENT
634,StadiumSPONGENT-25-20260922-20:31:46-1127338,StadiumSPONGENT,25,25,25,spongent,10,,,,4,1,0.004047,0.728629,0.861414,160,16,enrollment; config=StadiumSPONGENT
635,StadiumSPONGENT-25-20260922-20:31:46-1127338,StadiumSPONGENT,25,25,25,spongent,10,,,,5,1,0.004027,0.737375,0.863489,160,16,enrollment; config=StadiumSPONGENT
636,StadiumSPONGENT-25-20260922-20:31:46-1127338,StadiumSPONGENT,25,25,25,spongent,10,,,,6,1,0.003817,0.735542,0.862387,160,16,enrollment; config=StadiumSPONGENT
637,StadiumSPONGENT-25-20260922-20:31:46-1127338,StadiumSPONGENT,25,25,25,spongent,10,,,,7,1,0.003967,0.739889,0.866313,160,16,enrollment; config=StadiumSPONGENT
638,StadiumSPONGENT-25-20260922-20:31:46-1127338,StadiumSPONGENT,25,25,25,spongent,10,,,,8,1,0.003888,0.770767,0.898093,160,16,enrollment; config=StadiumSPONGENT
639,StadiumSPONGENT-25-20260922-20:31:46-1127338,StadiumSPONGENT,25,25,25,spongent,10,,,,9,1,0.006933,0.736663,0.870051,160,16,enrollment; config=StadiumSPONGENT
640,StadiumSPONGENT-26-20260922-20:31:47-1127338,StadiumSPONGENT,26,26,26,spongent,10,,,,0,1,0.009368,0.740581,0.886962,160,16,enrollment; config=StadiumSPONGENT
641,StadiumSPONGENT-26-20260922-20:31:47-1127338,StadiumSPONGENT,26,26,26,spongent,10,,,,1,1,0.004498,0.730833,0.861625,160,16,enrollment; config=StadiumSPONGENT
642,StadiumSPONGENT-26-20260922-20:31:47-1127338,StadiumSPONGENT,26,26,26,spongent,10,,,,2,1,0.004037,0.735812,0.86431,160,16,enrollment; config=StadiumSPONGENT
643,StadiumSPONGENT-26-20260922-20:31:47-1127338,StadiumSPONGENT,26,26,26,spongent,10,,,,3,1,0.004027,0.738437,0.866264,160,16,enrollment; config=StadiumSPONGENT
644,StadiumSPONGENT-26-20260922-20:31:47-1127338,StadiumSPONGENT,26,26,26,spongent,10,,,,4,1,0.004007,0.737325,0.864981,160,16,enrollment; config=StadiumSPONGENT
645,StadiumSPONGENT-26-20260922-20:31:47-1127338,StadiumSPONGENT,26,26,26,spongent,10,,,,5,1,0.004037,0.741332,0.867606,160,16,enrollment; config=StadiumSPONGENT
646,StadiumSPONGENT-26-20260922-20:31:47-1127338,StadiumSPONGENT,26,26,26,spongent,10,,,,6,1,0.004008,0.737585,0.864841,160,16,enrollment; config=StadiumSPONGENT
647,StadiumSPONGENT-26-20260922-20:31:47-1127338,StadiumSPONGENT,26,26,26,spongent,10,,,,7,1,0.004188,0.731484,0.86425,160,16,enrollment; config=StadiumSPONGENT
648,StadiumSPONGENT-26-20260922-20:31:47-1127338,StadiumSPONGENT,26,26,26,spongent,10,,,,8,1,0.004127,0.743687,0.871734,160,16,enrollment; config=StadiumSPONGENT
649,StadiumSPONGENT-26-20260922-20:31:47-1127338,StadiumSPONGENT,26,26,26,spongent,10,,,,9,1,0.004088,0.73481,0.861364,160,16,enrollment; config=StadiumSPONGENT
650,StadiumSPONGENT-27-20260922-20:31:47-1127338,StadiumSPONGENT,27,27,27,spongent,10,,,,0,1,0.011932,0.786576,0.932026,160,16,enrollment; config=StadiumSPONGENT
651,StadiumSPONGENT-27-20260922-20:31:47-1127338,StadiumSPONGENT,27,27,27,spongent,10,,,,1,1,0.004579,0.737715,0.869891,160,16,enrollment; config=StadiumSPONGENT
652,StadiumSPONGENT-27-20260922-20:31:47-1127338,StadiumSPONGENT,27,27,27,spongent,10,,,,2,1,0.004078,0.734429,0.862707,160,16,enrollment; config=StadiumSPONGENT
653,StadiumSPONGENT-27-20260922-20:31:47-1127338,StadiumSPONGENT,27,27,27,spongent,10,,,,3,1,0.003977,0.741934,0.86967,160,16,enrollment; config=StadiumSPONGENT
654,StadiumSPONGENT-27-20260922-20:31:47-1127338,StadiumSPONGENT,27,27,27,spongent,10,,,,4,1,0.003847,0.732716,0.860192,160,16,enrollment; config=StadiumSPONGENT
655,StadiumSPONGENT-27-20260922-20:31:47-1127338,StadiumSPONGENT,27,27,27,spongent,10,,,,5,1,0.003948,0.733327,0.860573,160,16,enrollment; config=StadiumSPONGENT
656,StadiumSPONGENT-27-20260922-20:31:47-1127338,StadiumSPONGENT,27,27,27,spongent,10,,,,6,1,0.004068,0.737595,0.870241,160,16,enrollment; config=StadiumSPONGENT
657,StadiumSPONGENT-27-20260922-20:31:47-1127338,StadiumSPONGENT,27,27,27,spongent,10,,,,7,1,0.004138,0.729069,0.857006,160,16,enrollment; config=StadiumSPONGENT
658,StadiumSPONGENT-27-20260922-20:31:47-1127338,StadiumSPONGENT,27,27,27,spongent,10,,,,8,1,0.003877,0.733217,0.859571,160,16,enrollment; config=StadiumSPONGENT
659,StadiumSPONGENT-27-20260922-20:31:47-1127338,StadiumSPONGENT,27,27,27,spongent,10,,,,9,1,0.004218,0.739649,0.866975,160,16,enrollment; config=StadiumSPONGENT
660,StadiumSPONGENT-28-20260922-20:31:47-1127338,StadiumSPONGENT,28,28,28,spongent,10,,,,0,1,0.009437,0.761109,0.902801,160,16,enrollment; config=StadiumSPONGENT
661,StadiumSPONGENT-28-20260922-20:31:47-1127338,StadiumSPONGENT,28,28,28,spongent,10,,,,1,1,0.004618,0.744338,0.877455,160,16,enrollment; config=StadiumSPONGENT
662,StadiumSPONGENT-28-20260922-20:31:47-1127338,StadiumSPONGENT,28,28,28,spongent,10,,,,2,1,0.004128,0.741302,0.872014,160,16,enrollment; config=StadiumSPONGENT
663,StadiumSPONGENT-28-20260922-20:31:47-1127338,StadiumSPONGENT,28,28,28,spongent,10,,,,3,1,0.004058,0.742895,0.87498,160,16,enrollment; config=StadiumSPONGENT
664,StadiumSPONGENT-28-20260922-20:31:47-1127338,StadiumSPONGENT,28,28,28,spongent,10,,,,4,1,0.003917,0.743457,0.871272,160,16,enrollment; config=StadiumSPONGENT
665,StadiumSPONGENT-28-20260922-20:31:47-1127338,StadiumSPONGENT,28,28,28,spongent,10,,,,5,1,0.003857,0.743476,0.870682,160,16,enrollment; config=StadiumSPONGENT
666,StadiumSPONGENT-28-20260922-20:31:47-1127338,StadiumSPONGENT,28,28,28,spongent,10,,,,6,1,0.003957,0.750971,0.879218,160,16,enrollment; config=StadiumSPONGENT
667,StadiumSPONGENT-28-20260922-20:31:47-1127338,StadiumSPONGENT,28,28,28,spongent,10,,,,7,1,0.003997,0.747534,0.87506,160,16,enrollment; config=StadiumSPONGENT
668,StadiumSPONGENT-28-20260922-20:31:47-1127338,StadiumSPONGENT,28,28,28,spongent,10,,,,8,1,0.003887,0.779313,0.908211,160,16,enrollment; config=StadiumSPONGENT
669,StadiumSPONGENT-28-20260922-20:31:47-1127338,StadiumSPONGENT,28,28,28,spongent,10,,,,9,1,0.00585,0.758625,0.892593,160,16,enrollment; config=StadiumSPONGENT
670,StadiumSPONGENT-29-20260922-20:31:47-1127338,StadiumSPONGENT,29,29,29,spongent,10,,,,0,1,0.009127,0.75105,0.892092,160,16,enrollment; config=StadiumSPONGENT
671,StadiumSPONGENT-29-20260922-20:31:47-1127338,StadiumSPONGENT,29,29,29,spongent,10,,,,1,1,0.004398,0.739589,0.870401,160,16,enrollment; config=StadiumSPONGENT
672,StadiumSPONGENT-29-20260922-20:31:47-1127338,StadiumSPONGENT,29,29,29,spongent,10,,,,2,1,0.004007,0.755729,0.884969,160,16,enrollment; config=StadiumSPONGENT
673,StadiumSPONGENT-29-20260922-20:31:47-1127338,StadiumSPONGENT,29,29,29,spongent,10,,,,3,1,0.00529,0.74508,0.877374,160,16,enrollment; config=StadiumSPONGENT
674,StadiumSPONGENT-29-20260922-20:31:47-1127338,StadiumSPONGENT,29,29,29,spongent,10,,,,4,1,0.004238,0.740651,0.871082,160,16,enrollment; config=StadiumSPONGENT
675,StadiumSPONGENT-29-20260922-20:31:47-1127338,StadiumSPONGENT,29,29,29,spongent,10,,,,5,1,0.004188,0.73454,0.868418,160,16,enrollment; config=StadiumSPONGENT
676,StadiumSPONGENT-29-20260922-20:31:47-1127338,StadiumSPONGENT,29,29,29,spongent,10,,,,6,1,0.003897,0.741613,0.86986,160,16,enrollment; config=StadiumSPONGENT
677,StadiumSPONGENT-29-20260922-20:31:47-1127338,StadiumSPONGENT,29,29,29,spongent,10,,,,7,1,0.004128,0.742314,0.869259,160,16,enrollment; config=StadiumSPONGENT
678,StadiumSPONGENT-29-20260922-20:31:47-1127338,StadiumSPONGENT,29,29,29,spongent,10,,,,8,1,0.004488,0.738337,0.866845,160,16,enrollment; config=StadiumSPONGENT
679,StadiumSPONGENT-29-20260922-20:31:47-1127338,StadiumSPONGENT,29,29,29,spongent,10,,,,9,1,0.004128,0.734309,0.861425,160,16,enrollment; config=StadiumSPONGENT
680,StadiumSPONGENT-3-20260922-20:31:42-1127338,StadiumSPONGENT,3,3,3,spongent,10,,,,0,1,0.009958,0.810851,0.95634,160,16,enrollment; config=StadiumSPONGENT
681,StadiumSPONGENT-3-20260922-20:31:42-1127338,StadiumSPONGENT,3,3,3,spongent,10,,,,1,1,0.00535,0.81569,0.963524,160,16,enrollment; config=StadiumSPONGENT
682,StadiumSPONGENT-3-20260922-20:31:42-1127338,StadiumSPONGENT,3,3,3,spongent,10,,,,2,1,0.004378,0.827131,0.964024,160,16,enrollment; config=StadiumSPONGENT
683,StadiumSPONGENT-3-20260922-20:31:42-1127338,StadiumSPONGENT,3,3,3,spongent,10,,,,3,1,0.005861,0.915114,1.050084,160,16,enrollment; config=StadiumSPONGENT
684,StadiumSPONGENT-3-20260922-20:31:42-1127338,StadiumSPONGENT,3,3,3,spongent,10,,,,4,1,0.006182,0.814928,0.987047,160,16,enrollment; config=StadiumSPONGENT
685,StadiumSPONGENT-3-20260922-20:31:42-1127338,StadiumSPONGENT,3,3,3,spongent,10,,,,5,1,0.006442,0.964305,1.098033,160,16,enrollment; config=StadiumSPONGENT
686,StadiumSPONGENT-3-20260922-20:31:42-1127338,StadiumSPONGENT,3,3,3,spongent,10,,,,6,1,0.006752,0.809869,0.962031,160,16,enrollment; config=StadiumSPONGENT
687,StadiumSPONGENT-3-20260922-20:31:42-1127338,StadiumSPONGENT,3,3,3,spongent,10,,,,7,1,0.008075,0.868488,1.020168,160,16,enrollment; config=StadiumSPONGENT
688,StadiumSPONGENT-3-20260922-20:31:42-1127338,StadiumSPONGENT,3,3,3,spongent,10,,,,8,1,0.005961,0.860603,1.011462,160,16,enrollment; config=StadiumSPONGENT
689,StadiumSPONGENT-3-20260922-20:31:42-1127338,StadiumSPONGENT,3,3,3,spongent,10,,,,9,1,0.006081,0.822853,0.965908,160,16,enrollment; config=StadiumSPONGENT
690,StadiumSPONGENT-4-20260922-20:31:42-1127338,StadiumSPONGENT,4,4,4,spongent,10,,,,0,1,0.012773,0.794932,0.958364,160,16,enrollment; config=StadiumSPONGENT
691,StadiumSPONGENT-4-20260922-20:31:42-1127338,StadiumSPONGENT,4,4,4,spongent,10,,,,1,1,0.004809,0.77805,0.924431,160,16,enrollment; config=StadiumSPONGENT
692,StadiumSPONGENT-4-20260922-20:31:42-1127338,StadiumSPONGENT,4,4,4,spongent,10,,,,2,1,0.004448,0.773412,0.910094,160,16,enrollment; config=StadiumSPONGENT
693,StadiumSPONGENT-4-20260922-20:31:42-1127338,StadiumSPONGENT,4,4,4,spongent,10,,,,3,1,0.004158,0.784101,0.925423,160,16,enrollment; config=StadiumSPONGENT
694,StadiumSPONGENT-4-20260922-20:31:42-1127338,StadiumSPONGENT,4,4,4,spongent,10,,,,4,1,0.004488,0.775736,0.910516,160,16,enrollment; config=StadiumSPONGENT
695,StadiumSPONGENT-4-20260922-20:31:42-1127338,StadiumSPONGENT,4,4,4,spongent,10,,,,5,1,0.004308,0.780354,0.922698,160,16,enrollment; config=StadiumSPONGENT
696,StadiumSPONGENT-4-20260922-20:31:42-1127338,StadiumSPONGENT,4,4,4,spongent,10,,,,6,1,0.004388,0.787077,0.957492,160,16,enrollment; config=StadiumSPONGENT
697,StadiumSPONGENT-4-20260922-20:31:42-1127338,StadiumSPONGENT,4,4,4,spongent,10,,,,7,1,0.007464,0.84829,0.99431,160,16,enrollment; config=StadiumSPONGENT
698,StadiumSPONGENT-4-20260922-20:31:42-1127338,StadiumSPONGENT,4,4,4,spongent,10,,,,8,1,0.00513,0.809708,0.951281,160,16,enrollment; config=StadiumSPONGENT
699,StadiumSPONGENT-4-20260922-20:31:42-1127338,StadiumSPONGENT,4,4,4,spongent,10,,,,9,1,0.004809,0.796875,0.934319,160,16,enrollment; config=StadiumSPONGENT
700,StadiumSPONGENT-5-20260922-20:31:42-1127338,StadiumSPONGENT,5,5,5,spongent,10,,,,0,1,0.012904,0.774964,0.919161,160,16,enrollment; config=StadiumSPONGENT
701,StadiumSPONGENT-5-20260922-20:31:42-1127338,StadiumSPONGENT,5,5,5,spongent,10,,,,1,1,0.004658,0.748947,0.88044,160,16,enrollment; config=StadiumSPONGENT
702,StadiumSPONGENT-5-20260922-20:31:42-1127338,StadiumSPONGENT,5,5,5,spongent,10,,,,2,1,0.004559,0.744177,0.874619,160,16,enrollment; config=StadiumSPONGENT
703,StadiumSPONGENT-5-20260922-20:31:42-1127338,StadiumSPONGENT,5,5,5,spongent,10,,,,3,1,0.004288,0.738928,0.867385,160,16,enrollment; config=StadiumSPONGENT
704,StadiumSPONGENT-5-20260922-20:31:42-1127338,StadiumSPONGENT,5,5,5,spongent,10,,,,4,1,0.004057,0.743817,0.877525,160,16,enrollment; config=StadiumSPONGENT
705,StadiumSPONGENT-5-20260922-20:31:42-1127338,StadiumSPONGENT,5,5,5,spongent,10,,,,5,1,0.004528,0.752824,0.882404,160,16,enrollment; config=StadiumSPONGENT
706,StadiumSPONGENT-5-20260922-20:31:42-1127338,StadiumSPONGENT,5,5,5,spongent,10,,,,6,1,0.00494,0.737625,0.872395,160,16,enrollment; config=StadiumSPONGENT
707,StadiumSPONGENT-5-20260922-20:31:42-1127338,StadiumSPONGENT,5,5,5,spongent,10,,,,7,1,0.004187,0.744799,0.872515,160,16,enrollment; config=StadiumSPONGENT
708,StadiumSPONGENT-5-20260922-20:31:42-1127338,StadiumSPONGENT,5,5,5,spongent,10,,,,8,1,0.004658,0.744498,0.873447,160,16,enrollment; config=StadiumSPONGENT
709,StadiumSPONGENT-5-20260922-20:31:42-1127338,StadiumSPONGENT,5,5,5,spongent,10,,,,9,1,0.004489,0.75654,0.885039,160,16,enrollment; config=StadiumSPONGENT
710,StadiumSPONGENT-6-20260922-20:31:43-1127338,StadiumSPONGENT,6,6,6,spongent,10,,,,0,1,0.013546,0.803277,0.971549,160,16,enrollment; config=StadiumSPONGENT
711,StadiumSPONGENT-6-20260922-20:31:43-1127338,StadiumSPONGENT,6,6,6,spongent,10,,,,1,1,0.005169,0.769605,0.914724,160,16,enrollment; config=StadiumSPONGENT
712,StadiumSPONGENT-6-20260922-20:31:43-1127338,StadiumSPONGENT,6,6,6,spongent,10,,,,2,1,0.004258,0.785745,0.922287,160,16,enrollment; config=StadiumSPONGENT
713,StadiumSPONGENT-6-20260922-20:31:43-1127338,StadiumSPONGENT,6,6,6,spongent,10,,,,3,1,0.004247,0.779533,0.913361,160,16,enrollment; config=StadiumSPONGENT
714,StadiumSPONGENT-6-20260922-20:31:43-1127338,StadiumSPONGENT,6,6,6,spongent,10,,,,4,1,0.004198,0.775766,0.909894,160,16,enrollment; config=StadiumSPONGENT
715,StadiumSPONGENT-6-20260922-20:31:43-1127338,StadiumSPONGENT,6,6,6,spongent,10,,,,5,1,0.004398,0.795763,0.927487,160,16,enrollment; config=StadiumSPONGENT
716,StadiumSPONGENT-6-20260922-20:31:43-1127338,StadiumSPONGENT,6,6,6,spongent,10,,,,6,1,0.005861,0.755799,0.892993,160,16,enrollment; config=StadiumSPONGENT
717,StadiumSPONGENT-6-20260922-20:31:43-1127338,StadiumSPONGENT,6,6,6,spongent,10,,,,7,1,0.004558,0.808076,0.950159,160,16,enrollment; config=StadiumSPONGENT
718,StadiumSPONGENT-6-20260922-20:31:43-1127338,StadiumSPONGENT,6,6,6,spongent,10,,,,8,1,0.0053,0.790464,0.935241,160,16,enrollment; config=StadiumSPONGENT
719,StadiumSPONGENT-6-20260922-20:31:43-1127338,StadiumSPONGENT,6,6,6,spongent,10,,,,9,1,0.00538,0.804439,0.954306,160,16,enrollment; config=StadiumSPONGENT
720,StadiumSPONGENT-7-20260922-20:31:43-1127338,StadiumSPONGENT,7,7,7,spongent,10,,,,0,1,0.012203,0.860152,1.013646,160,16,enrollment; config=StadiumSPONGENT
721,StadiumSPONGENT-7-20260922-20:31:43-1127338,StadiumSPONGENT,7,7,7,spongent,10,,,,1,1,0.006131,0.766539,0.902751,160,16,enrollment; config=StadiumSPONGENT
722,StadiumSPONGENT-7-20260922-20:31:43-1127338,StadiumSPONGENT,7,7,7,spongent,10,,,,2,1,0.004518,0.740691,0.871574,160,16,enrollment; config=StadiumSPONGENT
723,StadiumSPONGENT-7-20260922-20:31:43-1127338,StadiumSPONGENT,7,7,7,spongent,10,,,,3,1,0.004038,0.728558,0.860352,160,16,enrollment; config=StadiumSPONGENT
724,StadiumSPONGENT-7-20260922-20:31:43-1127338,StadiumSPONGENT,7,7,7,spongent,10,,,,4,1,0.003897,0.72924,0.856856,160,16,enrollment; config=StadiumSPONGENT
725,StadiumSPONGENT-7-20260922-20:31:43-1127338,StadiumSPONGENT,7,7,7,spongent,10,,,,5,1,0.003907,0.741954,0.868798,160,16,enrollment; config=StadiumSPONGENT
726,StadiumSPONGENT-7-20260922-20:31:43-1127338,StadiumSPONGENT,7,7,7,spongent,10,,,,6,1,0.003837,0.76149,0.898995,160,16,enrollment; config=StadiumSPONGENT
727,StadiumSPONGENT-7-20260922-20:31:43-1127338,StadiumSPONGENT,7,7,7,spongent,10,,,,7,1,0.006372,0.779263,0.914994,160,16,enrollment; config=StadiumSPONGENT
728,StadiumSPONGENT-7-20260922-20:31:43-1127338,StadiumSPONGENT,7,7,7,spongent,10,,,,8,1,0.005139,0.76204,0.894506,160,16,enrollment; config=StadiumSPONGENT
729,StadiumSPONGENT-7-20260922-20:31:43-1127338,StadiumSPONGENT,7,7,7,spongent,10,,,,9,1,0.007333,0.801794,0.944369,160,16,enrollment; config=StadiumSPONGENT
730,StadiumSPONGENT-8-20260922-20:31:43-1127338,StadiumSPONGENT,8,8,8,spongent,10,,,,0,1,0.011691,0.835627,0.989192,160,16,enrollment; config=StadiumSPONGENT
731,StadiumSPONGENT-8-20260922-20:31:43-1127338,StadiumSPONGENT,8,8,8,spongent,10,,,,1,1,0.00543,0.805041,0.947905,160,16,enrollment; config=StadiumSPONGENT
732,StadiumSPONGENT-8-20260922-20:31:43-1127338,StadiumSPONGENT,8,8,8,spongent,10,,,,2,1,0.004479,0.795092,0.932326,160,16,enrollment; config=StadiumSPONGENT
733,StadiumSPONGENT-8-20260922-20:31:43-1127338,StadiumSPONGENT,8,8,8,spongent,10,,,,3,1,0.004458,0.774354,0.908682,160,16,enrollment; config=StadiumSPONGENT
734,StadiumSPONGENT-8-20260922-20:31:43-1127338,StadiumSPONGENT,8,8,8,spongent,10,,,,4,1,0.004108,0.773141,0.906889,160,16,enrollment; config=StadiumSPONGENT
735,StadiumSPONGENT-8-20260922-20:31:43-1127338,StadiumSPONGENT,8,8,8,spongent,10,,,,5,1,0.004398,0.773692,0.908783,160,16,enrollment; config=StadiumSPONGENT
736,StadiumSPONGENT-8-20260922-20:31:43-1127338,StadiumSPONGENT,8,8,8,spongent,10,,,,6,1,0.004088,0.802044,0.936684,160,16,enrollment; config=StadiumSPONGENT
737,StadiumSPONGENT-8-20260922-20:31:43-1127338,StadiumSPONGENT,8,8,8,spongent,10,,,,7,1,0.00566,0.787829,0.927467,160,16,enrollment; config=StadiumSPONGENT
738,StadiumSPONGENT-8-20260922-20:31:43-1127338,StadiumSPONGENT,8,8,8,spongent,10,,,,8,1,0.004778,0.802846,0.941824,160,16,enrollment; config=StadiumSPONGENT
739,StadiumSPONGENT-8-20260922-20:31:43-1127338,StadiumSPONGENT,8,8,8,spongent,10,,,,9,1,0.006642,0.789231,0.977469,160,16,enrollment; config=StadiumSPONGENT
740,StadiumSPONGENT-9-20260922-20:31:43-1127338,StadiumSPONGENT,9,9,9,spongent,10,,,,0,1,0.014086,0.788209,0.934801,160,16,enrollment; config=StadiumSPONGENT
741,StadiumSPONGENT-9-20260922-20:31:43-1127338,StadiumSPONGENT,9,9,9,spongent,10,,,,1,1,0.004829,0.752132,0.882444,160,16,enrollment; config=StadiumSPONGENT
742,StadiumSPONGENT-9-20260922-20:31:43-1127338,StadiumSPONGENT,9,9,9,spongent,10,,,,2,1,0.004388,0.7344,0.863418,160,16,enrollment; config=StadiumSPONGENT
743,StadiumSPONGENT-9-20260922-20:31:43-1127338,StadiumSPONGENT,9,9,9,spongent,10,,,,3,1,0.004087,0.734781,0.861776,160,16,enrollment; config=StadiumSPONGENT
744,StadiumSPONGENT-9-20260922-20:31:43-1127338,StadiumSPONGENT,9,9,9,spongent,10,,,,4,1,0.003977,0.728549,0.86468,160,16,enrollment; config=StadiumSPONGENT
745,StadiumSPONGENT-9-20260922-20:31:43-1127338,StadiumSPONGENT,9,9,9,spongent,10,,,,5,1,0.004067,0.72895,0.854512,160,16,enrollment; config=StadiumSPONGENT
746,StadiumSPONGENT-9-20260922-20:31:43-1127338,StadiumSPONGENT,9,9,9,spongent,10,,,,6,1,0.003747,0.73502,0.859912,160,16,enrollment; config=StadiumSPONGENT
747,StadiumSPONGENT-9-20260922-20:31:43-1127338,StadiumSPONGENT,9,9,9,spongent,10,,,,7,1,0.004017,0.732587,0.858689,160,16,enrollment; config=StadiumSPONGENT
748,StadiumSPONGENT-9-20260922-20:31:43-1127338,StadiumSPONGENT,9,9,9,spongent,10,,,,8,1,0.003907,0.736844,0.862728,160,16,enrollment; config=StadiumSPONGENT
749,StadiumSPONGENT-9-20260922-20:31:43-1127338,StadiumSPONGENT,9,9,9,spongent,10,,,,9,1,0.004068,0.732526,0.857657,160,16,enrollment; config=StadiumSPONGENT
750,Swarm20-0-20260922-20:31:48-1127387,Swarm20,0,0,0,sha3,20,,,,0,1,0.011211,0.048991,0.105275,160,16,enrollment; config=Swarm20
751,Swarm20-0-20260922-20:31:48-1127387,Swarm20,0,0,0,sha3,20,,,,1,1,0.004869,0.044292,0.078736,160,16,enrollment; config=Swarm20
752,Swarm20-0-20260922-20:31:48-1127387,Swarm20,0,0,0,sha3,20,,,,2,1,0.003917,0.035235,0.064289,160,16,enrollment; config=Swarm20
753,Swarm20-0-20260922-20:31:48-1127387,Swarm20,0,0,0,sha3,20,,,,3,1,0.003867,0.035285,0.062256,160,16,enrollment; config=Swarm20
754,Swarm20-0-20260922-20:31:48-1127387,Swarm20,0,0,0,sha3,20,,,,4,1,0.003807,0.035146,0.0644,160,16,enrollment; config=Swarm20
755,Swarm20-0-20260922-20:31:48-1127387,Swarm20,0,0,0,sha3,20,,,,5,1,0.003797,0.035536,0.061664,160,16,enrollment; config=Swarm20
756,Swarm20-0-20260922-20:31:48-1127387,Swarm20,0,0,0,sha3,20,,,,6,1,0.003747,0.035305,0.061343,160,16,enrollment; config=Swarm20
757,Swarm20-0-20260922-20:31:48-1127387,Swarm20,0,0,0,sha3,20,,,,7,1,0.003877,0.035746,0.063498,160,16,enrollment; config=Swarm20
758,Swarm20-0-20260922-20:31:48-1127387,Swarm20,0,0,0,sha3,20,,,,8,1,0.003707,0.035055,0.061334,160,16,enrollment; config=Swarm20
759,Swarm20-0-20260922-20:31:48-1127387,Swarm20,0,0,0,sha3,20,,,,9,1,0.003767,0.034994,0.05967,160,16,enrollment; config=Swarm20
760,Swarm20-0-20260922-20:31:48-1127387,Swarm20,0,0,0,sha3,20,,,,10,1,0.003777,0.034945,0.063207,160,16,enrollment; config=Swarm20
761,Swarm20-0-20260922-20:31:48-1127387,Swarm20,0,0,0,sha3,20,,,,11,1,0.003737,0.034935,0.05921,160,16,enrollment; config=Swarm20
762,Swarm20-0-20260922-20:31:48-1127387,Swarm20,0,0,0,sha3,20,,,,12,1,0.003737,0.034694,0.062376,160,16,enrollment; config=Swarm20
763,Swarm20-0-20260922-20:31:48-1127387,Swarm20,0,0,0,sha3,20,,,,13,1,0.003887,0.034865,0.059941,160,16,enrollment; config=Swarm20
764,Swarm20-0-20260922-20:31:48-1127387,Swarm20,0,0,0,sha3,20,,,,14,1,0.003767,0.034965,0.060492,160,16,enrollment; config=Swarm20
765,Swarm20-0-20260922-20:31:48-1127387,Swarm20,0,0,0,sha3,20,,,,15,1,0.003817,0.034855,0.062345,160,16,enrollment; config=Swarm20
766,Swarm20-0-20260922-20:31:48-1127387,Swarm20,0,0,0,sha3,20,,,,16,1,0.003727,0.034995,0.05972,160,16,enrollment; config=Swarm20
767,Swarm20-0-20260922-20:31:48-1127387,Swarm20,0,0,0,sha3,20,,,,17,1,0.003807,0.040856,0.065391,160,16,enrollment; config=Swarm20
768,Swarm20-0-20260922-20:31:48-1127387,Swarm20,0,0,0,sha3,20,,,,18,1,0.003847,0.035065,0.063057,160,16,enrollment; config=Swarm20
769,Swarm20-0-20260922-20:31:48-1127387,Swarm20,0,0,0,sha3,20,,,,19,1,0.003757,0.034775,0.058839,160,16,enrollment; config=Swarm20
770,Swarm20-1-20260922-20:31:48-1127387,Swarm20,1,1,1,sha3,20,,,,0,1,0.011742,0.043701,0.087402,160,16,enrollment; config=Swarm20
771,Swarm20-1-20260922-20:31:48-1127387,Swarm20,1,1,1,sha3,20,,,,1,1,0.004108,0.034855,0.065411,160,16,enrollment; config=Swarm20
772,Swarm20-1-20260922-20:31:48-1127387,Swarm20,1,1,1,sha3,20,,,,2,1,0.003817,0.034524,0.063267,160,16,enrollment; config=Swarm20
773,Swarm20-1-20260922-20:31:48-1127387,Swarm20,1,1,1,sha3,20,,,,3,1,0.003757,0.034664,0.062205,160,16,enrollment; config=Swarm20
774,Swarm20-1-20260922-20:31:48-1127387,Swarm20,1,1,1,sha3,20,,,,4,1,0.003737,0.034604,0.062245,160,16,enrollment; config=Swarm20
775,Swarm20-1-20260922-20:31:48-1127387,Swarm20,1,1,1,sha3,20,,,,5,1,0.003817,0.034735,0.061294,160,16,enrollment; config=Swarm20
776,Swarm20-1-20260922-20:31:48-1127387,Swarm20,1,1,1,sha3,20,,,,6,1,0.003787,0.034664,0.060903,160,16,enrollment; config=Swarm20
777,Swarm20-1-20260922-20:31:48-1127387,Swarm20,1,1,1,sha3,20,,,,7,1,0.003777,0.035456,0.061734,160,16,enrollment; config=Swarm20
778,Swarm20-1-20260922-20:31:48-1127387,Swarm20,1,1,1,sha3,20,,,,8,1,0.003757,0.034884,0.060582,160,16,enrollment; config=Swarm20
779,Swarm20-1-20260922-20:31:48-1127387,Swarm20,1,1,1,sha3,20,,,,9,1,0.003757,0.034354,0.05967,160,16,enrollment; config=Swarm20
780,Swarm20-1-20260922-20:31:48-1127387,Swarm20,1,1,1,sha3,20,,,,10,1,0.003767,0.041918,0.067295,160,16,enrollment; config=Swarm20
781,Swarm20-1-20260922-20:31:48-1127387,Swarm20,1,1,1,sha3,20,,,,11,1,0.003807,0.034334,0.059831,160,16,enrollment; config=Swarm20
782,Swarm20-1-20260922-20:31:48-1127387,Swarm20,1,1,1,sha3,20,,,,12,1,0.003767,0.034193,0.060342,160,16,enrollment; config=Swarm20
783,Swarm20-1-20260922-20:31:48-1127387,Swarm20,1,1,1,sha3,20,,,,13,1,0.003797,0.034284,0.059079,160,16,enrollment; config=Swarm20
784,Swarm20-1-20260922-20:31:48-1127387,Swarm20,1,1,1,sha3,20,,,,14,1,0.003726,0.034324,0.060252,160,16,enrollment; config=Swarm20
785,Swarm20-1-20260922-20:31:48-1127387,Swarm20,1,1,1,sha3,20,,,,15,1,0.003797,0.034424,0.059319,160,16,enrollment; config=Swarm20
786,Swarm20-1-20260922-20:31:48-1127387,Swarm20,1,1,1,sha3,20,,,,16,1,0.003727,0.034193,0.059701,160,16,enrollment; config=Swarm20
787,Swarm20-1-20260922-20:31:48-1127387,Swarm20,1,1,1,sha3,20,,,,17,1,0.003757,0.034684,0.059199,160,16,enrollment; config=Swarm20
788,Swarm20-1-20260922-20:31:48-1127387,Swarm20,1,1,1,sha3,20,,,,18,1,0.003706,0.034344,0.05921,160,16,enrollment; config=Swarm20
789,Swarm20-1-20260922-20:31:48-1127387,Swarm20,1,1,1,sha3,20,,,,19,1,0.003747,0.034443,0.058188,160,16,enrollment; config=Swarm20
790,Swarm20-10-20260922-20:31:48-1127387,Swarm20,10,10,10,sha3,20,,,,0,1,0.012172,0.044322,0.088574,160,16,enrollment; config=Swarm20
791,Swarm20-10-20260922-20:31:48-1127387,Swarm20,10,10,10,sha3,20,,,,1,1,0.004318,0.036257,0.075019,160,16,enrollment; config=Swarm20
792,Swarm20-10-20260922-20:31:48-1127387,Swarm20,10,10,10,sha3,20,,,,2,1,0.003978,0.035696,0.06485,160,16,enrollment; config=Swarm20
793,Swarm20-10-20260922-20:31:48-1127387,Swarm20,10,10,10,sha3,20,,,,3,1,0.003858,0.035365,0.063217,160,16,enrollment; config=Swarm20
794,Swarm20-10-20260922-20:31:48-1127387,Swarm20,10,10,10,sha3,20,,,,4,1,0.003837,0.035435,0.063488,160,16,enrollment; config=Swarm20
795,Swarm20-10-20260922-20:31:48-1127387,Swarm20,10,10,10,sha3,20,,,,5,1,0.003837,0.035255,0.061945,160,16,enrollment; config=Swarm20
796,Swarm20-10-20260922-20:31:48-1127387,Swarm20,10,10,10,sha3,20,,,,6,1,0.003767,0.035435,0.061914,160,16,enrollment; config=Swarm20
797,Swarm20-10-20260922-20:31:48-1127387,Swarm20,10,10,10,sha3,20,,,,7,1,0.003817,0.034875,0.061244,160,16,enrollment; config=Swarm20
798,Swarm20-10-20260922-20:31:48-1127387,Swarm20,10,10,10,sha3,20,,,,8,1,0.003787,0.034834,0.060783,160,16,enrollment; config=Swarm20
799,Swarm20-10-20260922-20:31:48-1127387,Swarm20,10,10,10,sha3,20,,,,9,1,0.003827,0.034995,0.060392,160,16,enrollment; config=Swarm20
800,Swarm20-10-20260922-20:31:48-1127387,Swarm20,10,10,10,sha3,20,,,,10,1,0.003787,0.035315,0.062416,160,16,enrollment; config=Swarm20
801,Swarm20-10-20260922-20:31:48-1127387,Swarm20,10,10,10,sha3,20,,,,11,1,0.003797,0.035115,0.060662,160,16,enrollment; config=Swarm20
802,Swarm20-10-20260922-20:31:48-1127387,Swarm20,10,10,10,sha3,20,,,,12,1,0.003787,0.034794,0.061273,160,16,enrollment; config=Swarm20
803,Swarm20-10-20260922-20:31:48-1127387,Swarm20,10,10,10,sha3,20,,,,13,1,0.003817,0.034814,0.059861,160,16,enrollment; config=Swarm20
804,Swarm20-10-20260922-20:31:48-1127387,Swarm20,10,10,10,sha3,20,,,,14,1,0.003818,0.035585,0.061544,160,16,enrollment; config=Swarm20
805,Swarm20-10-20260922-20:31:48-1127387,Swarm20,10,10,10,sha3,20,,,,15,1,0.003797,0.034774,0.05963,160,16,enrollment; config=Swarm20
806,Swarm20-10-20260922-20:31:48-1127387,Swarm20,10,10,10,sha3,20,,,,16,1,0.003727,0.034814,0.067555,160,16,enrollment; config=Swarm20
807,Swarm20-10-20260922-20:31:48-1127387,Swarm20,10,10,10,sha3,20,,,,17,1,0.012373,0.06512,0.144368,160,16,enrollment; config=Swarm20
808,Swarm20-10-20260922-20:31:48-1127387,Swarm20,10,10,10,sha3,20,,,,18,1,0.006592,0.058758,0.112489,160,16,enrollment; config=Swarm20
809,Swarm20-10-20260922-20:31:48-1127387,Swarm20,10,10,10,sha3,20,,,,19,1,0.006412,0.057516,0.107388,160,16,enrollment; config=Swarm20
810,Swarm20-11-20260922-20:31:49-1127387,Swarm20,11,11,11,sha3,20,,,,0,1,0.01103,0.042899,0.085218,160,16,enrollment; config=Swarm20
811,Swarm20-11-20260922-20:31:49-1127387,Swarm20,11,11,11,sha3,20,,,,1,1,0.004237,0.035215,0.065371,160,16,enrollment; config=Swarm20
812,Swarm20-11-20260922-20:31:49-1127387,Swarm20,11,11,11,sha3,20,,,,2,1,0.003907,0.034674,0.063287,160,16,enrollment; config=Swarm20
813,Swarm20-11-20260922-20:31:49-1127387,Swarm20,11,11,11,sha3,20,,,,3,1,0.003857,0.034605,0.062175,160,16,enrollment; config=Swarm20
814,Swarm20-11-20260922-20:31:49-1127387,Swarm20,11,11,11,sha3,20,,,,4,1,0.003817,0.034945,0.062015,160,16,enrollment; config=Swarm20
815,Swarm20-11-20260922-20:31:49-1127387,Swarm20,11,11,11,sha3,20,,,,5,1,0.003837,0.035176,0.060862,160,16,enrollment; config=Swarm20
816,Swarm20-11-20260922-20:31:49-1127387,Swarm20,11,11,11,sha3,20,,,,6,1,0.003807,0.036557,0.063127,160,16,enrollment; config=Swarm20
817,Swarm20-11-20260922-20:31:49-1127387,Swarm20,11,11,11,sha3,20,,,,7,1,0.004018,0.035205,0.068427,160,16,enrollment; config=Swarm20
818,Swarm20-11-20260922-20:31:49-1127387,Swarm20,11,11,11,sha3,20,,,,8,1,0.003797,0.035055,0.061253,160,16,enrollment; config=Swarm20
819,Swarm20-11-20260922-20:31:49-1127387,Swarm20,11,11,11,sha3,20,,,,9,1,0.003807,0.034725,0.060302,160,16,enrollment; config=Swarm20
820,Swarm20-11-20260922-20:31:49-1127387,Swarm20,11,11,11,sha3,20,,,,10,1,0.003807,0.034794,0.060713,160,16,enrollment; config=Swarm20
821,Swarm20-11-20260922-20:31:49-1127387,Swarm20,11,11,11,sha3,20,,,,11,1,0.003767,0.034594,0.060051,160,16,enrollment; config=Swarm20
822,Swarm20-11-20260922-20:31:49-1127387,Swarm20,11,11,11,sha3,20,,,,12,1,0.003757,0.034615,0.060231,160,16,enrollment; config=Swarm20
823,Swarm20-11-20260922-20:31:49-1127387,Swarm20,11,11,11,sha3,20,,,,13,1,0.003767,0.034584,0.05946,160,16,enrollment; config=Swarm20
824,Swarm20-11-20260922-20:31:49-1127387,Swarm20,11,11,11,sha3,20,,,,14,1,0.003797,0.034624,0.060662,160,16,enrollment; config=Swarm20
825,Swarm20-11-20260922-20:31:49-1127387,Swarm20,11,11,11,sha3,20,,,,15,1,0.003807,0.034604,0.059801,160,16,enrollment; config=Swarm20
826,Swarm20-11-20260922-20:31:49-1127387,Swarm20,11,11,11,sha3,20,,,,16,1,0.003787,0.034734,0.060873,160,16,enrollment; config=Swarm20
827,Swarm20-11-20260922-20:31:49-1127387,Swarm20,11,11,11,sha3,20,,,,17,1,0.003787,0.034544,0.059721,160,16,enrollment; config=Swarm20
828,Swarm20-11-20260922-20:31:49-1127387,Swarm20,11,11,11,sha3,20,,,,18,1,0.003737,0.034965,0.059991,160,16,enrollment; config=Swarm20
829,Swarm20-11-20260922-20:31:49-1127387,Swarm20,11,11,11,sha3,20,,,,19,1,0.003827,0.034814,0.05965,160,16,enrollment; config=Swarm20
830,Swarm20-12-20260922-20:31:49-1127387,Swarm20,12,12,12,sha3,20,,,,0,1,0.011191,0.043801,0.087221,160,16,enrollment; config=Swarm20
831,Swarm20-12-20260922-20:31:49-1127387,Swarm20,12,12,12,sha3,20,,,,1,1,0.004148,0.035405,0.065761,160,16,enrollment; config=Swarm20
832,Swarm20-12-20260922-20:31:49-1127387,Swarm20,12,12,12,sha3,20,,,,2,1,0.003897,0.034845,0.063557,160,16,enrollment; config=Swarm20
833,Swarm20-12-20260922-20:31:49-1127387,Swarm20,12,12,12,sha3,20,,,,3,1,0.003797,0.034895,0.061945,160,16,enrollment; config=Swarm20
834,Swarm20-12-20260922-20:31:49-1127387,Swarm20,12,12,12,sha3,20,,,,4,1,0.003807,0.034995,0.062004,160,16,enrollment; config=Swarm20
835,Swarm20-12-20260922-20:31:49-1127387,Swarm20,12,12,12,sha3,20,,,,5,1,0.003787,0.034504,0.060683,160,16,enrollment; config=Swarm20
836,Swarm20-12-20260922-20:31:49-1127387,Swarm20,12,12,12,sha3,20,,,,6,1,0.003767,0.034794,0.061103,160,16,enrollment; config=Swarm20
837,Swarm20-12-20260922-20:31:49-1127387,Swarm20,12,12,12,sha3,20,,,,7,1,0.004017,0.035536,0.067215,160,16,enrollment; config=Swarm20
838,Swarm20-12-20260922-20:31:49-1127387,Swarm20,12,12,12,sha3,20,,,,8,1,0.003867,0.034815,0.061313,160,16,enrollment; config=Swarm20
839,Swarm20-12-20260922-20:31:49-1127387,Swarm20,12,12,12,sha3,20,,,,9,1,0.003848,0.034634,0.060252,160,16,enrollment; config=Swarm20
840,Swarm20-12-20260922-20:31:49-1127387,Swarm20,12,12,12,sha3,20,,,,10,1,0.003747,0.034574,0.060873,160,16,enrollment; config=Swarm20
841,Swarm20-12-20260922-20:31:49-1127387,Swarm20,12,12,12,sha3,20,,,,11,1,0.003767,0.034504,0.059881,160,16,enrollment; config=Swarm20
842,Swarm20-12-20260922-20:31:49-1127387,Swarm20,12,12,12,sha3,20,,,,12,1,0.003797,0.034654,0.060852,160,16,enrollment; config=Swarm20
843,Swarm20-12-20260922-20:31:49-1127387,Swarm20,12,12,12,sha3,20,,,,13,1,0.003767,0.034744,0.059991,160,16,enrollment; config=Swarm20
844,Swarm20-12-20260922-20:31:49-1127387,Swarm20,12,12,12,sha3,20,,,,14,1,0.003746,0.034884,0.060943,160,16,enrollment; config=Swarm20
845,Swarm20-12-20260922-20:31:49-1127387,Swarm20,12,12,12,sha3,20,,,,15,1,0.003787,0.034524,0.059851,160,16,enrollment; config=Swarm20
846,Swarm20-12-20260922-20:31:49-1127387,Swarm20,12,12,12,sha3,20,,,,16,1,0.003757,0.034624,0.060442,160,16,enrollment; config=Swarm20
847,Swarm20-12-20260922-20:31:49-1127387,Swarm20,12,12,12,sha3,20,,,,17,1,0.003777,0.034403,0.05933,160,16,enrollment; config=Swarm20
848,Swarm20-12-20260922-20:31:49-1127387,Swarm20,12,12,12,sha3,20,,,,18,1,0.003757,0.034414,0.059831,160,16,enrollment; config=Swarm20
849,Swarm20-12-20260922-20:31:49-1127387,Swarm20,12,12,12,sha3,20,,,,19,1,0.003747,0.034614,0.058829,160,16,enrollment; config=Swarm20
850,Swarm20-13-20260922-20:31:49-1127387,Swarm20,13,13,13,sha3,20,,,,0,1,0.01129,0.042659,0.084827,160,16,enrollment; config=Swarm20
851,Swarm20-13-20260922-20:31:49-1127387,Swarm20,13,13,13,sha3,20,,,,1,1,0.004028,0.035526,0.065711,160,16,enrollment; config=Swarm20
852,Swarm20-13-20260922-20:31:49-1127387,Swarm20,13,13,13,sha3,20,,,,2,1,0.003937,0.034995,0.063628,160,16,enrollment; config=Swarm20
853,Swarm20-13-20260922-20:31:49-1127387,Swarm20,13,13,13,sha3,20,,,,3,1,0.003887,0.034955,0.062205,160,16,enrollment; config=Swarm20
854,Swarm20-13-20260922-20:31:49-1127387,Swarm20,13,13,13,sha3,20,,,,4,1,0.003817,0.034754,0.061694,160,16,enrollment; config=Swarm20
855,Swarm20-13-20260922-20:31:49-1127387,Swarm20,13,13,13,sha3,20,,,,5,1,0.003797,0.034844,0.060452,160,16,enrollment; config=Swarm20
856,Swarm20-13-20260922-20:31:49-1127387,Swarm20,13,13,13,sha3,20,,,,6,1,0.003757,0.035877,0.062525,160,16,enrollment; config=Swarm20
857,Swarm20-13-20260922-20:31:49-1127387,Swarm20,13,13,13,sha3,20,,,,7,1,0.003797,0.041096,0.066674,160,16,enrollment; config=Swarm20
858,Swarm20-13-20260922-20:31:49-1127387,Swarm20,13,13,13,sha3,20,,,,8,1,0.003817,0.039724,0.066332,160,16,enrollment; config=Swarm20
859,Swarm20-13-20260922-20:31:49-1127387,Swarm20,13,13,13,sha3,20,,,,9,1,0.003897,0.042038,0.070671,160,16,enrollment; config=Swarm20
860,Swarm20-13-20260922-20:31:49-1127387,Swarm20,13,13,13,sha3,20,,,,10,1,0.004208,0.035406,0.069439,160,16,enrollment; config=Swarm20
861,Swarm20-13-20260922-20:31:49-1127387,Swarm20,13,13,13,sha3,20,,,,11,1,0.003837,0.034634,0.061504,160,16,enrollment; config=Swarm20
862,Swarm20-13-20260922-20:31:49-1127387,Swarm20,13,13,13,sha3,20,,,,12,1,0.003787,0.034464,0.061604,160,16,enrollment; config=Swarm20
863,Swarm20-13-20260922-20:31:49-1127387,Swarm20,13,13,13,sha3,20,,,,13,1,0.003807,0.035525,0.061664,160,16,enrollment; config=Swarm20
864,Swarm20-13-20260922-20:31:49-1127387,Swarm20,13,13,13,sha3,20,,,,14,1,0.003757,0.034774,0.061614,160,16,enrollment; config=Swarm20
865,Swarm20-13-20260922-20:31:49-1127387,Swarm20,13,13,13,sha3,20,,,,15,1,0.003777,0.034685,0.060101,160,16,enrollment; config=Swarm20
866,Swarm20-13-20260922-20:31:49-1127387,Swarm20,13,13,13,sha3,20,,,,16,1,0.003767,0.034534,0.060212,160,16,enrollment; config=Swarm20
867,Swarm20-13-20260922-20:31:49-1127387,Swarm20,13,13,13,sha3,20,,,,17,1,0.003787,0.034674,0.060793,160,16,enrollment; config=Swarm20
868,Swarm20-13-20260922-20:31:49-1127387,Swarm20,13,13,13,sha3,20,,,,18,1,0.006733,0.036918,0.069198,160,16,enrollment; config=Swarm20
869,Swarm20-13-20260922-20:31:49-1127387,Swarm20,13,13,13,sha3,20,,,,19,1,0.006763,0.037269,0.068657,160,16,enrollment; config=Swarm20
870,Swarm20-14-20260922-20:31:49-1127387,Swarm20,14,14,14,sha3,20,,,,0,1,0.012073,0.047127,0.090959,160,16,enrollment; config=Swarm20
871,Swarm20-14-20260922-20:31:49-1127387,Swarm20,14,14,14,sha3,20,,,,1,1,0.004247,0.038531,0.069248,160,16,enrollment; config=Swarm20
872,Swarm20-14-20260922-20:31:49-1127387,Swarm20,14,14,14,sha3,20,,,,2,1,0.003867,0.034454,0.063277,160,16,enrollment; config=Swarm20
873,Swarm20-14-20260922-20:31:49-1127387,Swarm20,14,14,14,sha3,20,,,,3,1,0.003776,0.037198,0.063918,160,16,enrollment; config=Swarm20
874,Swarm20-14-20260922-20:31:49-1127387,Swarm20,14,14,14,sha3,20,,,,4,1,0.003757,0.03815,0.06486,160,16,enrollment; config=Swarm20
875,Swarm20-14-20260922-20:31:49-1127387,Swarm20,14,14,14,sha3,20,,,,5,1,0.003767,0.03791,0.064209,160,16,enrollment; config=Swarm20
876,Swarm20-14-20260922-20:31:49-1127387,Swarm20,14,14,14,sha3,20,,,,6,1,0.003777,0.038041,0.0649,160,16,enrollment; config=Swarm20
877,Swarm20-14-20260922-20:31:49-1127387,Swarm20,14,14,14,sha3,20,,,,7,1,0.003857,0.03803,0.064048,160,16,enrollment; config=Swarm20
878,Swarm20-14-20260922-20:31:49-1127387,Swarm20,14,14,14,sha3,20,,,,8,1,0.003737,0.038061,0.063818,160,16,enrollment; config=Swarm20
879,Swarm20-14-20260922-20:31:49-1127387,Swarm20,14,14,14,sha3,20,,,,9,1,0.003797,0.036327,0.062486,160,16,enrollment; config=Swarm20
880,Swarm20-14-20260922-20:31:49-1127387,Swarm20,14,14,14,sha3,20,,,,10,1,0.003787,0.035035,0.061835,160,16,enrollment; config=Swarm20
881,Swarm20-14-20260922-20:31:49-1127387,Swarm20,14,14,14,sha3,20,,,,11,1,0.003767,0.034524,0.059871,160,16,enrollment; config=Swarm20
882,Swarm20-14-20260922-20:31:49-1127387,Swarm20,14,14,14,sha3,20,,,,12,1,0.003757,0.034744,0.061273,160,16,enrollment; config=Swarm20
883,Swarm20-14-20260922-20:31:49-1127387,Swarm20,14,14,14,sha3,20,,,,13,1,0.003787,0.034464,0.067665,160,16,enrollment; config=Swarm20
884,Swarm20-14-20260922-20:31:49-1127387,Swarm20,14,14,14,sha3,20,,,,14,1,0.003987,0.034965,0.061134,160,16,enrollment; config=Swarm20
885,Swarm20-14-20260922-20:31:49-1127387,Swarm20,14,14,14,sha3,20,,,,15,1,0.003827,0.034704,0.060282,160,16,enrollment; config=Swarm20
886,Swarm20-14-20260922-20:31:49-1127387,Swarm20,14,14,14,sha3,20,,,,16,1,0.003817,0.034654,0.060402,160,16,enrollment; config=Swarm20
887,Swarm20-14-20260922-20:31:49-1127387,Swarm20,14,14,14,sha3,20,,,,17,1,0.003807,0.039072,0.06443,160,16,enrollment; config=Swarm20
888,Swarm20-14-20260922-20:31:49-1127387,Swarm20,14,14,14,sha3,20,,,,18,1,0.003757,0.038391,0.063368,160,16,enrollment; config=Swarm20
889,Swarm20-14-20260922-20:31:49-1127387,Swarm20,14,14,14,sha3,20,,,,19,1,0.003817,0.038171,0.062827,160,16,enrollment; config=Swarm20
890,Swarm20-15-20260922-20:31:49-1127387,Swarm20,15,15,15,sha3,20,,,,0,1,0.008526,0.041937,0.082934,160,16,enrollment; config=Swarm20
891,Swarm20-15-20260922-20:31:49-1127387,Swarm20,15,15,15,sha3,20,,,,1,1,0.004268,0.035546,0.065952,160,16,enrollment; config=Swarm20
892,Swarm20-15-20260922-20:31:49-1127387,Swarm20,15,15,15,sha3,20,,,,2,1,0.004068,0.034764,0.063708,160,16,enrollment; config=Swarm20
893,Swarm20-15-20260922-20:31:49-1127387,Swarm20,15,15,15,sha3,20,,,,3,1,0.003807,0.034644,0.061524,160,16,enrollment; config=Swarm20
894,Swarm20-15-20260922-20:31:49-1127387,Swarm20,15,15,15,sha3,20,,,,4,1,0.003797,0.034854,0.061173,160,16,enrollment; config=Swarm20
895,Swarm20-15-20260922-20:31:49-1127387,Swarm20,15,15,15,sha3,20,,,,5,1,0.003847,0.034614,0.060813,160,16,enrollment; config=Swarm20
896,Swarm20-15-20260922-20:31:49-1127387,Swarm20,15,15,15,sha3,20,,,,6,1,0.003737,0.036307,0.067285,160,16,enrollment; config=Swarm20
897,Swarm20-15-20260922-20:31:49-1127387,Swarm20,15,15,15,sha3,20,,,,7,1,0.004228,0.036157,0.065,160,16,enrollment; config=Swarm20
898,Swarm20-15-20260922-20:31:49-1127387,Swarm20,15,15,15,sha3,20,,,,8,1,0.003827,0.034764,0.060893,160,16,enrollment; config=Swarm20
899,Swarm20-15-20260922-20:31:49-1127387,Swarm20,15,15,15,sha3,20,,,,9,1,0.003817,0.034654,0.060752,160,16,enrollment; config=Swarm20
900,Swarm20-15-20260922-20:31:49-1127387,Swarm20,15,15,15,sha3,20,,,,10,1,0.003868,0.035175,0.061814,160,16,enrollment; config=Swarm20
901,Swarm20-15-20260922-20:31:49-1127387,Swarm20,15,15,15,sha3,20,,,,11,1,0.006572,0.039693,0.068187,160,16,enrollment; config=Swarm20
902,Swarm20-15-20260922-20:31:49-1127387,Swarm20,15,15,15,sha3,20,,,,12,1,0.003878,0.043099,0.071081,160,16,enrollment; config=Swarm20
903,Swarm20-15-20260922-20:31:49-1127387,Swarm20,15,15,15,sha3,20,,,,13,1,0.003957,0.034824,0.061404,160,16,enrollment; config=Swarm20
904,Swarm20-15-20260922-20:31:49-1127387,Swarm20,15,15,15,sha3,20,,,,14,1,0.003787,0.041987,0.068377,160,16,enrollment; config=Swarm20
905,Swarm20-15-20260922-20:31:49-1127387,Swarm20,15,15,15,sha3,20,,,,15,1,0.004018,0.034574,0.060482,160,16,enrollment; config=Swarm20
906,Swarm20-15-20260922-20:31:49-1127387,Swarm20,15,15,15,sha3,20,,,,16,1,0.003787,0.034744,0.060151,160,16,enrollment; config=Swarm20
907,Swarm20-15-20260922-20:31:49-1127387,Swarm20,15,15,15,sha3,20,,,,17,1,0.003777,0.034684,0.058999,160,16,enrollment; config=Swarm20
908,Swarm20-15-20260922-20:31:49-1127387,Swarm20,15,15,15,sha3,20,,,,18,1,0.003777,0.034614,0.05947,160,16,enrollment; config=Swarm20
909,Swarm20-15-20260922-20:31:49-1127387,Swarm20,15,15,15,sha3,20,,,,19,1,0.003777,0.034614,0.059871,160,16,enrollment; config=Swarm20
910,Swarm20-16-20260922-20:31:49-1127387,Swarm20,16,16,16,sha3,20,,,,0,1,0.011371,0.04323,0.085669,160,16,enrollment; config=Swarm20
911,Swarm20-16-20260922-20:31:49-1127387,Swarm20,16,16,16,sha3,20,,,,1,1,0.004038,0.035195,0.06522,160,16,enrollment; config=Swarm20
912,Swarm20-16-20260922-20:31:49-1127387,Swarm20,16,16,16,sha3,20,,,,2,1,0.003947,0.034895,0.063418,160,16,enrollment; config=Swarm20
913,Swarm20-16-20260922-20:31:49-1127387,Swarm20,16,16,16,sha3,20,,,,3,1,0.003797,0.034774,0.062175,160,16,enrollment; config=Swarm20
914,Swarm20-16-20260922-20:31:49-1127387,Swarm20,16,16,16,sha3,20,,,,4,1,0.003817,0.034934,0.062064,160,16,enrollment; config=Swarm20
915,Swarm20-16-20260922-20:31:49-1127387,Swarm20,16,16,16,sha3,20,,,,5,1,0.003777,0.034394,0.060542,160,16,enrollment; config=Swarm20
916,Swarm20-16-20260922-20:31:49-1127387,Swarm20,16,16,16,sha3,20,,,,6,1,0.003767,0.035055,0.061454,160,16,enrollment; config=Swarm20
917,Swarm20-16-20260922-20:31:49-1127387,Swarm20,16,16,16,sha3,20,,,,7,1,0.003797,0.034714,0.060642,160,16,enrollment; config=Swarm20
918,Swarm20-16-20260922-20:31:49-1127387,Swarm20,16,16,16,sha3,20,,,,8,1,0.010039,0.034774,0.067114,160,16,enrollment; config=Swarm20
919,Swarm20-16-20260922-20:31:49-1127387,Swarm20,16,16,16,sha3,20,,,,9,1,0.003756,0.034533,0.060532,160,16,enrollment; config=Swarm20
920,Swarm20-16-20260922-20:31:49-1127387,Swarm20,16,16,16,sha3,20,,,,10,1,0.003747,0.034544,0.060723,160,16,enrollment; config=Swarm20
921,Swarm20-16-20260922-20:31:49-1127387,Swarm20,16,16,16,sha3,20,,,,11,1,0.004448,0.036006,0.061925,160,16,enrollment; config=Swarm20
922,Swarm20-16-20260922-20:31:49-1127387,Swarm20,16,16,16,sha3,20,,,,12,1,0.003767,0.034624,0.061194,160,16,enrollment; config=Swarm20
923,Swarm20-16-20260922-20:31:49-1127387,Swarm20,16,16,16,sha3,20,,,,13,1,0.003787,0.034685,0.060412,160,16,enrollment; config=Swarm20
924,Swarm20-16-20260922-20:31:49-1127387,Swarm20,16,16,16,sha3,20,,,,14,1,0.003767,0.034675,0.060031,160,16,enrollment; config=Swarm20
925,Swarm20-16-20260922-20:31:49-1127387,Swarm20,16,16,16,sha3,20,,,,15,1,0.003777,0.034524,0.059681,160,16,enrollment; config=Swarm20
926,Swarm20-16-20260922-20:31:49-1127387,Swarm20,16,16,16,sha3,20,,,,16,1,0.003817,0.034634,0.060823,160,16,enrollment; config=Swarm20
927,Swarm20-16-20260922-20:31:49-1127387,Swarm20,16,16,16,sha3,20,,,,17,1,0.003797,0.034263,0.058879,160,16,enrollment; config=Swarm20
928,Swarm20-16-20260922-20:31:49-1127387,Swarm20,16,16,16,sha3,20,,,,18,1,0.003857,0.034294,0.060381,160,16,enrollment; config=Swarm20
929,Swarm20-16-20260922-20:31:49-1127387,Swarm20,16,16,16,sha3,20,,,,19,1,0.003757,0.035546,0.060653,160,16,enrollment; config=Swarm20
930,Swarm20-17-20260922-20:31:49-1127387,Swarm20,17,17,17,sha3,20,,,,0,1,0.012273,0.044252,0.087592,160,16,enrollment; config=Swarm20
931,Swarm20-17-20260922-20:31:49-1127387,Swarm20,17,17,17,sha3,20,,,,1,1,0.004107,0.042629,0.072735,160,16,enrollment; config=Swarm20
932,Swarm20-17-20260922-20:31:49-1127387,Swarm20,17,17,17,sha3,20,,,,2,1,0.003938,0.034774,0.063187,160,16,enrollment; config=Swarm20
933,Swarm20-17-20260922-20:31:49-1127387,Swarm20,17,17,17,sha3,20,,,,3,1,0.003837,0.035335,0.062386,160,16,enrollment; config=Swarm20
934,Swarm20-17-20260922-20:31:49-1127387,Swarm20,17,17,17,sha3,20,,,,4,1,0.003757,0.055352,0.082052,160,16,enrollment; config=Swarm20
935,Swarm20-17-20260922-20:31:49-1127387,Swarm20,17,17,17,sha3,20,,,,5,1,0.003997,0.034534,0.061484,160,16,enrollment; config=Swarm20
936,Swarm20-17-20260922-20:31:49-1127387,Swarm20,17,17,17,sha3,20,,,,6,1,0.003777,0.034414,0.060562,160,16,enrollment; config=Swarm20
937,Swarm20-17-20260922-20:31:49-1127387,Swarm20,17,17,17,sha3,20,,,,7,1,0.003797,0.034354,0.060432,160,16,enrollment; config=Swarm20
938,Swarm20-17-20260922-20:31:49-1127387,Swarm20,17,17,17,sha3,20,,,,8,1,0.003797,0.034414,0.060943,160,16,enrollment; config=Swarm20
939,Swarm20-17-20260922-20:31:49-1127387,Swarm20,17,17,17,sha3,20,,,,9,1,0.003807,0.034404,0.059611,160,16,enrollment; config=Swarm20
940,Swarm20-17-20260922-20:31:49-1127387,Swarm20,17,17,17,sha3,20,,,,10,1,0.003817,0.034624,0.060542,160,16,enrollment; config=Swarm20
941,Swarm20-17-20260922-20:31:49-1127387,Swarm20,17,17,17,sha3,20,,,,11,1,0.003777,0.034765,0.059851,160,16,enrollment; config=Swarm20
942,Swarm20-17-20260922-20:31:49-1127387,Swarm20,17,17,17,sha3,20,,,,12,1,0.003747,0.035586,0.061253,160,16,enrollment; config=Swarm20
943,Swarm20-17-20260922-20:31:49-1127387,Swarm20,17,17,17,sha3,20,,,,13,1,0.003777,0.035035,0.061023,160,16,enrollment; config=Swarm20
944,Swarm20-17-20260922-20:31:49-1127387,Swarm20,17,17,17,sha3,20,,,,14,1,0.003747,0.034654,0.060211,160,16,enrollment; config=Swarm20
945,Swarm20-17-20260922-20:31:49-1127387,Swarm20,17,17,17,sha3,20,,,,15,1,0.003787,0.034765,0.060793,160,16,enrollment; config=Swarm20
946,Swarm20-17-20260922-20:31:49-1127387,Swarm20,17,17,17,sha3,20,,,,16,1,0.003747,0.034443,0.059861,160,16,enrollment; config=Swarm20
947,Swarm20-17-20260922-20:31:49-1127387,Swarm20,17,17,17,sha3,20,,,,17,1,0.003757,0.039403,0.064149,160,16,enrollment; config=Swarm20
948,Swarm20-17-20260922-20:31:49-1127387,Swarm20,17,17,17,sha3,20,,,,18,1,0.003757,0.035215,0.060912,160,16,enrollment; config=Swarm20
949,Swarm20-17-20260922-20:31:49-1127387,Swarm20,17,17,17,sha3,20,,,,19,1,0.003747,0.034534,0.05941,160,16,enrollment; config=Swarm20
950,Swarm20-18-20260922-20:31:49-1127387,Swarm20,18,18,18,sha3,20,,,,0,1,0.013746,0.060832,0.107759,160,16,enrollment; config=Swarm20
951,Swarm20-18-20260922-20:31:49-1127387,Swarm20,18,18,18,sha3,20,,,,1,1,0.004178,0.035406,0.066563,160,16,enrollment; config=Swarm20
952,Swarm20-18-20260922-20:31:49-1127387,Swarm20,18,18,18,sha3,20,,,,2,1,0.003937,0.034624,0.063848,160,16,enrollment; config=Swarm20
953,Swarm20-18-20260922-20:31:49-1127387,Swarm20,18,18,18,sha3,20,,,,3,1,0.003907,0.034985,0.062125,160,16,enrollment; config=Swarm20
954,Swarm20-18-20260922-20:31:49-1127387,Swarm20,18,18,18,sha3,20,,,,4,1,0.003757,0.040956,0.067665,160,16,enrollment; config=Swarm20
955,Swarm20-18-20260922-20:31:49-1127387,Swarm20,18,18,18,sha3,20,,,,5,1,0.003857,0.036468,0.063177,160,16,enrollment; config=Swarm20
956,Swarm20-18-20260922-20:31:49-1127387,Swarm20,18,18,18,sha3,20,,,,6,1,0.003766,0.038631,0.065401,160,16,enrollment; config=Swarm20
957,Swarm20-18-20260922-20:31:49-1127387,Swarm20,18,18,18,sha3,20,,,,7,1,0.003807,0.035074,0.061193,160,16,enrollment; config=Swarm20
958,Swarm20-18-20260922-20:31:49-1127387,Swarm20,18,18,18,sha3,20,,,,8,1,0.003757,0.034684,0.060883,160,16,enrollment; config=Swarm20
959,Swarm20-18-20260922-20:31:49-1127387,Swarm20,18,18,18,sha3,20,,,,9,1,0.003807,0.034374,0.059961,160,16,enrollment; config=Swarm20
960,Swarm20-18-20260922-20:31:49-1127387,Swarm20,18,18,18,sha3,20,,,,10,1,0.003787,0.034554,0.061253,160,16,enrollment; config=Swarm20
961,Swarm20-18-20260922-20:31:49-1127387,Swarm20,18,18,18,sha3,20,,,,11,1,0.003747,0.034153,0.059169,160,16,enrollment; config=Swarm20
962,Swarm20-18-20260922-20:31:49-1127387,Swarm20,18,18,18,sha3,20,,,,12,1,0.003737,0.034294,0.060202,160,16,enrollment; config=Swarm20
963,Swarm20-18-20260922-20:31:49-1127387,Swarm20,18,18,18,sha3,20,,,,13,1,0.003717,0.034324,0.059531,160,16,enrollment; config=Swarm20
964,Swarm20-18-20260922-20:31:49-1127387,Swarm20,18,18,18,sha3,20,,,,14,1,0.003767,0.034083,0.059601,160,16,enrollment; config=Swarm20
965,Swarm20-18-20260922-20:31:49-1127387,Swarm20,18,18,18,sha3,20,,,,15,1,0.003777,0.034163,0.059029,160,16,enrollment; config=Swarm20
966,Swarm20-18-20260922-20:31:49-1127387,Swarm20,18,18,18,sha3,20,,,,16,1,0.003777,0.034123,0.060512,160,16,enrollment; config=Swarm20
967,Swarm20-18-20260922-20:31:49-1127387,Swarm20,18,18,18,sha3,20,,,,17,1,0.003787,0.034393,0.05957,160,16,enrollment; config=Swarm20
968,Swarm20-18-20260922-20:31:49-1127387,Swarm20,18,18,18,sha3,20,,,,18,1,0.003727,0.034835,0.060372,160,16,enrollment; config=Swarm20
969,Swarm20-18-20260922-20:31:49-1127387,Swarm20,18,18,18,sha3,20,,,,19,1,0.003777,0.034604,0.060092,160,16,enrollment; config=Swarm20
970,Swarm20-19-20260922-20:31:49-1127387,Swarm20,19,19,19,sha3,20,,,,0,1,0.011802,0.043651,0.086049,160,16,enrollment; config=Swarm20
971,Swarm20-19-20260922-20:31:49-1127387,Swarm20,19,19,19,sha3,20,,,,1,1,0.004188,0.035496,0.065681,160,16,enrollment; config=Swarm20
972,Swarm20-19-20260922-20:31:49-1127387,Swarm20,19,19,19,sha3,20,,,,2,1,0.004048,0.034904,0.071372,160,16,enrollment; config=Swarm20
973,Swarm20-19-20260922-20:31:49-1127387,Swarm20,19,19,19,sha3,20,,,,3,1,0.003797,0.034985,0.061855,160,16,enrollment; config=Swarm20
974,Swarm20-19-20260922-20:31:49-1127387,Swarm20,19,19,19,sha3,20,,,,4,1,0.003777,0.034934,0.061944,160,16,enrollment; config=Swarm20
975,Swarm20-19-20260922-20:31:49-1127387,Swarm20,19,19,19,sha3,20,,,,5,1,0.003787,0.034604,0.060993,160,16,enrollment; config=Swarm20
976,Swarm20-19-20260922-20:31:49-1127387,Swarm20,19,19,19,sha3,20,,,,6,1,0.003777,0.034955,0.062345,160,16,enrollment; config=Swarm20
977,Swarm20-19-20260922-20:31:49-1127387,Swarm20,19,19,19,sha3,20,,,,7,1,0.003777,0.034724,0.060813,160,16,enrollment; config=Swarm20
978,Swarm20-19-20260922-20:31:49-1127387,Swarm20,19,19,19,sha3,20,,,,8,1,0.003817,0.034664,0.061293,160,16,enrollment; config=Swarm20
979,Swarm20-19-20260922-20:31:49-1127387,Swarm20,19,19,19,sha3,20,,,,9,1,0.003817,0.034785,0.060722,160,16,enrollment; config=Swarm20
980,Swarm20-19-20260922-20:31:49-1127387,Swarm20,19,19,19,sha3,20,,,,10,1,0.003767,0.034544,0.060703,160,16,enrollment; config=Swarm20
981,Swarm20-19-20260922-20:31:49-1127387,Swarm20,19,19,19,sha3,20,,,,11,1,0.003757,0.034534,0.060271,160,16,enrollment; config=Swarm20
982,Swarm20-19-20260922-20:31:49-1127387,Swarm20,19,19,19,sha3,20,,,,12,1,0.003767,0.034684,0.060973,160,16,enrollment; config=Swarm20
983,Swarm20-19-20260922-20:31:49-1127387,Swarm20,19,19,19,sha3,20,,,,13,1,0.003767,0.035176,0.05974,160,16,enrollment; config=Swarm20
984,Swarm20-19-20260922-20:31:49-1127387,Swarm20,19,19,19,sha3,20,,,,14,1,0.003717,0.034835,0.060182,160,16,enrollment; config=Swarm20
985,Swarm20-19-20260922-20:31:49-1127387,Swarm20,19,19,19,sha3,20,,,,15,1,0.003747,0.034854,0.060302,160,16,enrollment; config=Swarm20
986,Swarm20-19-20260922-20:31:49-1127387,Swarm20,19,19,19,sha3,20,,,,16,1,0.003777,0.034765,0.060111,160,16,enrollment; config=Swarm20
987,Swarm20-19-20260922-20:31:49-1127387,Swarm20,19,19,19,sha3,20,,,,17,1,0.003777,0.034724,0.059781,160,16,enrollment; config=Swarm20
988,Swarm20-19-20260922-20:31:49-1127387,Swarm20,19,19,19,sha3,20,,,,18,1,0.003766,0.040384,0.06505,160,16,enrollment; config=Swarm20
989,Swarm20-19-20260922-20:31:49-1127387,Swarm20,19,19,19,sha3,20,,,,19,1,0.003807,0.034454,0.05963,160,16,enrollment; config=Swarm20
990,Swarm20-2-20260922-20:31:48-1127387,Swarm20,2,2,2,sha3,20,,,,0,1,0.015298,0.055212,0.108501,160,16,enrollment; config=Swarm20
991,Swarm20-2-20260922-20:31:48-1127387,Swarm20,2,2,2,sha3,20,,,,1,1,0.004358,0.041547,0.074318,160,16,enrollment; config=Swarm20
992,Swarm20-2-20260922-20:31:48-1127387,Swarm20,2,2,2,sha3,20,,,,2,1,0.004238,0.036427,0.071132,160,16,enrollment; config=Swarm20
993,Swarm20-2-20260922-20:31:48-1127387,Swarm20,2,2,2,sha3,20,,,,3,1,0.003947,0.040726,0.07021,160,16,enrollment; config=Swarm20
994,Swarm20-2-20260922-20:31:48-1127387,Swarm20,2,2,2,sha3,20,,,,4,1,0.003957,0.041276,0.071081,160,16,enrollment; config=Swarm20
995,Swarm20-2-20260922-20:31:48-1127387,Swarm20,2,2,2,sha3,20,,,,5,1,0.003997,0.040986,0.068056,160,16,enrollment; config=Swarm20
996,Swarm20-2-20260922-20:31:48-1127387,Swarm20,2,2,2,sha3,20,,,,6,1,0.003887,0.040575,0.068277,160,16,enrollment; config=Swarm20
997,Swarm20-2-20260922-20:31:48-1127387,Swarm20,2,2,2,sha3,20,,,,7,1,0.004138,0.039453,0.072023,160,16,enrollment; config=Swarm20
998,Swarm20-2-20260922-20:31:48-1127387,Swarm20,2,2,2,sha3,20,,,,8,1,0.003938,0.056484,0.085088,160,16,enrollment; config=Swarm20
999,Swarm20-2-20260922-20:31:48-1127387,Swarm20,2,2,2,sha3,20,,,,9,1,0.004949,0.047858,0.089395,160,16,enrollment; config=Swarm20
1000,Swarm20-2-20260922-20:31:48-1127387,Swarm20,2,2,2,sha3,20,,,,10,1,0.007554,0.042429,0.084616,160,16,enrollment; config=Swarm20
1001,Swarm20-2-20260922-20:31:48-1127387,Swarm20,2,2,2,sha3,20,,,,11,1,0.004328,0.053028,0.08607,160,16,enrollment; config=Swarm20
1002,Swarm20-2-20260922-20:31:48-1127387,Swarm20,2,2,2,sha3,20,,,,12,1,0.007013,0.042499,0.07572,160,16,enrollment; config=Swarm20
1003,Swarm20-2-20260922-20:31:48-1127387,Swarm20,2,2,2,sha3,20,,,,13,1,0.004408,0.048139,0.085579,160,16,enrollment; config=Swarm20
1004,Swarm20-2-20260922-20:31:48-1127387,Swarm20,2,2,2,sha3,20,,,,14,1,0.006563,0.044612,0.077624,160,16,enrollment; config=Swarm20
1005,Swarm20-2-20260922-20:31:48-1127387,Swarm20,2,2,2,sha3,20,,,,15,1,0.005991,0.045404,0.0865,160,16,enrollment; config=Swarm20
1006,Swarm20-2-20260922-20:31:48-1127387,Swarm20,2,2,2,sha3,20,,,,16,1,0.004128,0.046205,0.075309,160,16,enrollment; config=Swarm20
1007,Swarm20-2-20260922-20:31:48-1127387,Swarm20,2,2,2,sha3,20,,,,17,1,0.007594,0.044202,0.083826,160,16,enrollment; config=Swarm20
1008,Swarm20-2-20260922-20:31:48-1127387,Swarm20,2,2,2,sha3,20,,,,18,1,0.004198,0.047157,0.07545,160,16,enrollment; config=Swarm20
1009,Swarm20-2-20260922-20:31:48-1127387,Swarm20,2,2,2,sha3,20,,,,19,1,0.004238,0.050173,0.082823,160,16,enrollment; config=Swarm20
1010,Swarm20-20-20260922-20:31:49-1127387,Swarm20,20,20,20,sha3,20,,,,0,1,0.010259,0.042719,0.083886,160,16,enrollment; config=Swarm20
1011,Swarm20-20-20260922-20:31:49-1127387,Swarm20,20,20,20,sha3,20,,,,1,1,0.004238,0.035636,0.066042,160,16,enrollment; config=Swarm20
1012,Swarm20-20-20260922-20:31:49-1127387,Swarm20,20,20,20,sha3,20,,,,2,1,0.003837,0.034754,0.062897,160,16,enrollment; config=Swarm20
1013,Swarm20-20-20260922-20:31:49-1127387,Swarm20,20,20,20,sha3,20,,,,3,1,0.003857,0.034935,0.061765,160,16,enrollment; config=Swarm20
1014,Swarm20-20-20260922-20:31:49-1127387,Swarm20,20,20,20,sha3,20,,,,4,1,0.003777,0.034914,0.061974,160,16,enrollment; config=Swarm20
1015,Swarm20-20-20260922-20:31:49-1127387,Swarm20,20,20,20,sha3,20,,,,5,1,0.004128,0.036848,0.069319,160,16,enrollment; config=Swarm20
1016,Swarm20-20-20260922-20:31:49-1127387,Swarm20,20,20,20,sha3,20,,,,6,1,0.006632,0.039914,0.076772,160,16,enrollment; config=Swarm20
1017,Swarm20-20-20260922-20:31:49-1127387,Swarm20,20,20,20,sha3,20,,,,7,1,0.003987,0.034965,0.063137,160,16,enrollment; config=Swarm20
1018,Swarm20-20-20260922-20:31:49-1127387,Swarm20,20,20,20,sha3,20,,,,8,1,0.003777,0.035315,0.062285,160,16,enrollment; config=Swarm20
1019,Swarm20-20-20260922-20:31:49-1127387,Swarm20,20,20,20,sha3,20,,,,9,1,0.003827,0.034523,0.061143,160,16,enrollment; config=Swarm20
1020,Swarm20-20-20260922-20:31:49-1127387,Swarm20,20,20,20,sha3,20,,,,10,1,0.003757,0.034524,0.061634,160,16,enrollment; config=Swarm20
1021,Swarm20-20-20260922-20:31:49-1127387,Swarm20,20,20,20,sha3,20,,,,11,1,0.003797,0.034334,0.060432,160,16,enrollment; config=Swarm20
1022,Swarm20-20-20260922-20:31:49-1127387,Swarm20,20,20,20,sha3,20,,,,12,1,0.003757,0.034313,0.060622,160,16,enrollment; config=Swarm20
1023,Swarm20-20-20260922-20:31:49-1127387,Swarm20,20,20,20,sha3,20,,,,13,1,0.003797,0.035867,0.061664,160,16,enrollment; config=Swarm20
1024,Swarm20-20-20260922-20:31:49-1127387,Swarm20,20,20,20,sha3,20,,,,14,1,0.006201,0.044983,0.077594,160,16,enrollment; config=Swarm20
1025,Swarm20-20-20260922-20:31:49-1127387,Swarm20,20,20,20,sha3,20,,,,15,1,0.006723,0.035996,0.068738,160,16,enrollment; config=Swarm20
1026,Swarm20-20-20260922-20:31:49-1127387,Swarm20,20,20,20,sha3,20,,,,16,1,0.004028,0.034784,0.062275,160,16,enrollment; config=Swarm20
1027,Swarm20-20-20260922-20:31:49-1127387,Swarm20,20,20,20,sha3,20,,,,17,1,0.003807,0.034865,0.059951,160,16,enrollment; config=Swarm20
1028,Swarm20-20-20260922-20:31:49-1127387,Swarm20,20,20,20,sha3,20,,,,18,1,0.003777,0.045495,0.074658,160,16,enrollment; config=Swarm20
1029,Swarm20-20-20260922-20:31:49-1127387,Swarm20,20,20,20,sha3,20,,,,19,1,0.004338,0.042078,0.069298,160,16,enrollment; config=Swarm20
1030,Swarm20-21-20260922-20:31:49-1127387,Swarm20,21,21,21,sha3,20,,,,0,1,0.011591,0.049662,0.09213,160,16,enrollment; config=Swarm20
1031,Swarm20-21-20260922-20:31:49-1127387,Swarm20,21,21,21,sha3,20,,,,1,1,0.004178,0.040485,0.07062,160,16,enrollment; config=Swarm20
1032,Swarm20-21-20260922-20:31:49-1127387,Swarm20,21,21,21,sha3,20,,,,2,1,0.003867,0.034695,0.062977,160,16,enrollment; config=Swarm20
1033,Swarm20-21-20260922-20:31:49-1127387,Swarm20,21,21,21,sha3,20,,,,3,1,0.003787,0.039913,0.066784,160,16,enrollment; config=Swarm20
1034,Swarm20-21-20260922-20:31:49-1127387,Swarm20,21,21,21,sha3,20,,,,4,1,0.003767,0.040886,0.067626,160,16,enrollment; config=Swarm20
1035,Swarm20-21-20260922-20:31:49-1127387,Swarm20,21,21,21,sha3,20,,,,5,1,0.003787,0.042369,0.068848,160,16,enrollment; config=Swarm20
1036,Swarm20-21-20260922-20:31:49-1127387,Swarm20,21,21,21,sha3,20,,,,6,1,0.003747,0.0486,0.074217,160,16,enrollment; config=Swarm20
1037,Swarm20-21-20260922-20:31:49-1127387,Swarm20,21,21,21,sha3,20,,,,7,1,0.003867,0.041768,0.068246,160,16,enrollment; config=Swarm20
1038,Swarm20-21-20260922-20:31:49-1127387,Swarm20,21,21,21,sha3,20,,,,8,1,0.003797,0.041246,0.067455,160,16,enrollment; config=Swarm20
1039,Swarm20-21-20260922-20:31:49-1127387,Swarm20,21,21,21,sha3,20,,,,9,1,0.003797,0.034664,0.060492,160,16,enrollment; config=Swarm20
1040,Swarm20-21-20260922-20:31:49-1127387,Swarm20,21,21,21,sha3,20,,,,10,1,0.003787,0.034985,0.061414,160,16,enrollment; config=Swarm20
1041,Swarm20-21-20260922-20:31:49-1127387,Swarm20,21,21,21,sha3,20,,,,11,1,0.003767,0.034634,0.060172,160,16,enrollment; config=Swarm20
1042,Swarm20-21-20260922-20:31:49-1127387,Swarm20,21,21,21,sha3,20,,,,12,1,0.003737,0.035556,0.061904,160,16,enrollment; config=Swarm20
1043,Swarm20-21-20260922-20:31:49-1127387,Swarm20,21,21,21,sha3,20,,,,13,1,0.003777,0.035095,0.061173,160,16,enrollment; config=Swarm20
1044,Swarm20-21-20260922-20:31:49-1127387,Swarm20,21,21,21,sha3,20,,,,14,1,0.003717,0.034574,0.060151,160,16,enrollment; config=Swarm20
1045,Swarm20-21-20260922-20:31:49-1127387,Swarm20,21,21,21,sha3,20,,,,15,1,0.003737,0.05409,0.080048,160,16,enrollment; config=Swarm20
1046,Swarm20-21-20260922-20:31:49-1127387,Swarm20,21,21,21,sha3,20,,,,16,1,0.003777,0.034915,0.062416,160,16,enrollment; config=Swarm20
1047,Swarm20-21-20260922-20:31:49-1127387,Swarm20,21,21,21,sha3,20,,,,17,1,0.003787,0.041266,0.067244,160,16,enrollment; config=Swarm20
1048,Swarm20-21-20260922-20:31:49-1127387,Swarm20,21,21,21,sha3,20,,,,18,1,0.003767,0.041537,0.067906,160,16,enrollment; config=Swarm20
1049,Swarm20-21-20260922-20:31:49-1127387,Swarm20,21,21,21,sha3,20,,,,19,1,0.003777,0.042399,0.067675,160,16,enrollment; config=Swarm20
1050,Swarm20-22-20260922-20:31:49-1127387,Swarm20,22,22,22,sha3,20,,,,0,1,0.008746,0.041898,0.082392,160,16,enrollment; config=Swarm20
1051,Swarm20-22-20260922-20:31:49-1127387,Swarm20,22,22,22,sha3,20,,,,1,1,0.004148,0.035465,0.065381,160,16,enrollment; config=Swarm20
1052,Swarm20-22-20260922-20:31:49-1127387,Swarm20,22,22,22,sha3,20,,,,2,1,0.003887,0.034814,0.063617,160,16,enrollment; config=Swarm20
1053,Swarm20-22-20260922-20:31:49-1127387,Swarm20,22,22,22,sha3,20,,,,3,1,0.078836,0.038632,0.147654,160,16,enrollment; config=Swarm20
1054,Swarm20-22-20260922-20:31:49-1127387,Swarm20,22,22,22,sha3,20,,,,4,1,0.004388,0.035025,0.065462,160,16,enrollment; config=Swarm20
1055,Swarm20-22-20260922-20:31:49-1127387,Swarm20,22,22,22,sha3,20,,,,5,1,0.004118,0.035997,0.063337,160,16,enrollment; config=Swarm20
1056,Swarm20-22-20260922-20:31:49-1127387,Swarm20,22,22,22,sha3,20,,,,6,1,0.003867,0.034725,0.061574,160,16,enrollment; config=Swarm20
1057,Swarm20-22-20260922-20:31:49-1127387,Swarm20,22,22,22,sha3,20,,,,7,1,0.003777,0.034333,0.060762,160,16,enrollment; config=Swarm20
1058,Swarm20-22-20260922-20:31:49-1127387,Swarm20,22,22,22,sha3,20,,,,8,1,0.003977,0.045995,0.073205,160,16,enrollment; config=Swarm20
1059,Swarm20-22-20260922-20:31:49-1127387,Swarm20,22,22,22,sha3,20,,,,9,1,0.004388,0.035135,0.062316,160,16,enrollment; config=Swarm20
1060,Swarm20-22-20260922-20:31:49-1127387,Swarm20,22,22,22,sha3,20,,,,10,1,0.004879,0.035827,0.1135,160,16,enrollment; config=Swarm20
1061,Swarm20-22-20260922-20:31:49-1127387,Swarm20,22,22,22,sha3,20,,,,11,1,0.004148,0.035155,0.062195,160,16,enrollment; config=Swarm20
1062,Swarm20-22-20260922-20:31:49-1127387,Swarm20,22,22,22,sha3,20,,,,12,1,0.003877,0.034824,0.061574,160,16,enrollment; config=Swarm20
1063,Swarm20-22-20260922-20:31:49-1127387,Swarm20,22,22,22,sha3,20,,,,13,1,0.004067,0.035195,0.060642,160,16,enrollment; config=Swarm20
1064,Swarm20-22-20260922-20:31:49-1127387,Swarm20,22,22,22,sha3,20,,,,14,1,0.003917,0.036087,0.061924,160,16,enrollment; config=Swarm20
1065,Swarm20-22-20260922-20:31:49-1127387,Swarm20,22,22,22,sha3,20,,,,15,1,0.004318,0.043771,0.073967,160,16,enrollment; config=Swarm20
1066,Swarm20-22-20260922-20:31:49-1127387,Swarm20,22,22,22,sha3,20,,,,16,1,0.004369,0.036257,0.066533,160,16,enrollment; config=Swarm20
1067,Swarm20-22-20260922-20:31:49-1127387,Swarm20,22,22,22,sha3,20,,,,17,1,0.004018,0.070029,0.097671,160,16,enrollment; config=Swarm20
1068,Swarm20-22-20260922-20:31:49-1127387,Swarm20,22,22,22,sha3,20,,,,18,1,0.004177,0.042118,0.072745,160,16,enrollment; config=Swarm20
1069,Swarm20-22-20260922-20:31:49-1127387,Swarm20,22,22,22,sha3,20,,,,19,1,0.004188,0.040525,0.069278,160,16,enrollment; config=Swarm20
1070,Swarm20-23-20260922-20:31:49-1127387,Swarm20,23,23,23,sha3,20,,,,0,1,0.011691,0.04315,0.086169,160,16,enrollment; config=Swarm20
1071,Swarm20-23-20260922-20:31:49-1127387,Swarm20,23,23,23,sha3,20,,,,1,1,0.004238,0.035356,0.065552,160,16,enrollment; config=Swarm20
1072,Swarm20-23-20260922-20:31:49-1127387,Swarm20,23,23,23,sha3,20,,,,2,1,0.003937,0.034735,0.063087,160,16,enrollment; config=Swarm20
1073,Swarm20-23-20260922-20:31:49-1127387,Swarm20,23,23,23,sha3,20,,,,3,1,0.003837,0.034825,0.061755,160,16,enrollment; config=Swarm20
1074,Swarm20-23-20260922-20:31:49-1127387,Swarm20,23,23,23,sha3,20,,,,4,1,0.003757,0.034504,0.061353,160,16,enrollment; config=Swarm20
1075,Swarm20-23-20260922-20:31:49-1127387,Swarm20,23,23,23,sha3,20,,,,5,1,0.003807,0.034705,0.060732,160,16,enrollment; config=Swarm20
1076,Swarm20-23-20260922-20:31:49-1127387,Swarm20,23,23,23,sha3,20,,,,6,1,0.003937,0.034835,0.061374,160,16,enrollment; config=Swarm20
1077,Swarm20-23-20260922-20:31:49-1127387,Swarm20,23,23,23,sha3,20,,,,7,1,0.003797,0.034654,0.060742,160,16,enrollment; config=Swarm20
1078,Swarm20-23-20260922-20:31:49-1127387,Swarm20,23,23,23,sha3,20,,,,8,1,0.011512,0.034974,0.069008,160,16,enrollment; config=Swarm20
1079,Swarm20-23-20260922-20:31:49-1127387,Swarm20,23,23,23,sha3,20,,,,9,1,0.003828,0.034674,0.060963,160,16,enrollment; config=Swarm20
1080,Swarm20-23-20260922-20:31:49-1127387,Swarm20,23,23,23,sha3,20,,,,10,1,0.003917,0.036107,0.062957,160,16,enrollment; config=Swarm20
1081,Swarm20-23-20260922-20:31:49-1127387,Swarm20,23,23,23,sha3,20,,,,11,1,0.003817,0.034915,0.060532,160,16,enrollment; config=Swarm20
1082,Swarm20-23-20260922-20:31:49-1127387,Swarm20,23,23,23,sha3,20,,,,12,1,0.003827,0.034904,0.060833,160,16,enrollment; config=Swarm20
1083,Swarm20-23-20260922-20:31:49-1127387,Swarm20,23,23,23,sha3,20,,,,13,1,0.003828,0.034483,0.05939,160,16,enrollment; config=Swarm20
1084,Swarm20-23-20260922-20:31:49-1127387,Swarm20,23,23,23,sha3,20,,,,14,1,0.003897,0.034414,0.060673,160,16,enrollment; config=Swarm20
1085,Swarm20-23-20260922-20:31:49-1127387,Swarm20,23,23,23,sha3,20,,,,15,1,0.003857,0.034915,0.061264,160,16,enrollment; config=Swarm20
1086,Swarm20-23-20260922-20:31:49-1127387,Swarm20,23,23,23,sha3,20,,,,16,1,0.003737,0.034704,0.060622,160,16,enrollment; config=Swarm20
1087,Swarm20-23-20260922-20:31:49-1127387,Swarm20,23,23,23,sha3,20,,,,17,1,0.003777,0.034845,0.059861,160,16,enrollment; config=Swarm20
1088,Swarm20-23-20260922-20:31:49-1127387,Swarm20,23,23,23,sha3,20,,,,18,1,0.003777,0.034584,0.059961,160,16,enrollment; config=Swarm20
1089,Swarm20-23-20260922-20:31:49-1127387,Swarm20,23,23,23,sha3,20,,,,19,1,0.003867,0.034413,0.059711,160,16,enrollment; config=Swarm20
1090,Swarm20-24-20260922-20:31:50-1127387,Swarm20,24,24,24,sha3,20,,,,0,1,0.011361,0.043831,0.087703,160,16,enrollment; config=Swarm20
1091,Swarm20-24-20260922-20:31:50-1127387,Swarm20,24,24,24,sha3,20,,,,1,1,0.004238,0.035446,0.065702,160,16,enrollment; config=Swarm20
1092,Swarm20-24-20260922-20:31:50-1127387,Swarm20,24,24,24,sha3,20,,,,2,1,0.004027,0.040154,0.069018,160,16,enrollment; config=Swarm20
1093,Swarm20-24-20260922-20:31:50-1127387,Swarm20,24,24,24,sha3,20,,,,3,1,0.004208,0.034925,0.063918,160,16,enrollment; config=Swarm20
1094,Swarm20-24-20260922-20:31:50-1127387,Swarm20,24,24,24,sha3,20,,,,4,1,0.003888,0.039002,0.066413,160,16,enrollment; config=Swarm20
1095,Swarm20-24-20260922-20:31:50-1127387,Swarm20,24,24,24,sha3,20,,,,5,1,0.003897,0.034735,0.062065,160,16,enrollment; config=Swarm20
1096,Swarm20-24-20260922-20:31:50-1127387,Swarm20,24,24,24,sha3,20,,,,6,1,0.003868,0.035886,0.062746,160,16,enrollment; config=Swarm20
1097,Swarm20-24-20260922-20:31:50-1127387,Swarm20,24,24,24,sha3,20,,,,7,1,0.003787,0.044543,0.071332,160,16,enrollment; config=Swarm20
1098,Swarm20-24-20260922-20:31:50-1127387,Swarm20,24,24,24,sha3,20,,,,8,1,0.004128,0.035766,0.062355,160,16,enrollment; config=Swarm20
1099,Swarm20-24-20260922-20:31:50-1127387,Swarm20,24,24,24,sha3,20,,,,9,1,0.004097,0.035035,0.061264,160,16,enrollment; config=Swarm20
1100,Swarm20-24-20260922-20:31:50-1127387,Swarm20,24,24,24,sha3,20,,,,10,1,0.003837,0.034655,0.062796,160,16,enrollment; config=Swarm20
1101,Swarm20-24-20260922-20:31:50-1127387,Swarm20,24,24,24,sha3,20,,,,11,1,0.004038,0.034604,0.061674,160,16,enrollment; config=Swarm20
1102,Swarm20-24-20260922-20:31:50-1127387,Swarm20,24,24,24,sha3,20,,,,12,1,0.003917,0.034854,0.061484,160,16,enrollment; config=Swarm20
1103,Swarm20-24-20260922-20:31:50-1127387,Swarm20,24,24,24,sha3,20,,,,13,1,0.011171,0.034494,0.067324,160,16,enrollment; config=Swarm20
1104,Swarm20-24-20260922-20:31:50-1127387,Swarm20,24,24,24,sha3,20,,,,14,1,0.003797,0.034354,0.061053,160,16,enrollment; config=Swarm20
1105,Swarm20-24-20260922-20:31:50-1127387,Swarm20,24,24,24,sha3,20,,,,15,1,0.004017,0.035747,0.061794,160,16,enrollment; config=Swarm20
1106,Swarm20-24-20260922-20:31:50-1127387,Swarm20,24,24,24,sha3,20,,,,16,1,0.003747,0.034644,0.060482,160,16,enrollment; config=Swarm20
1107,Swarm20-24-20260922-20:31:50-1127387,Swarm20,24,24,24,sha3,20,,,,17,1,0.003757,0.035055,0.060402,160,16,enrollment; config=Swarm20
1108,Swarm20-24-20260922-20:31:50-1127387,Swarm20,24,24,24,sha3,20,,,,18,1,0.003777,0.034885,0.061363,160,16,enrollment; config=Swarm20
1109,Swarm20-24-20260922-20:31:50-1127387,Swarm20,24,24,24,sha3,20,,,,19,1,0.003977,0.034925,0.060522,160,16,enrollment; config=Swarm20
1110,Swarm20-25-20260922-20:31:50-1127387,Swarm20,25,25,25,sha3,20,,,,0,1,0.011822,0.043149,0.086841,160,16,enrollment; config=Swarm20
1111,Swarm20-25-20260922-20:31:50-1127387,Swarm20,25,25,25,sha3,20,,,,1,1,0.004077,0.035536,0.065481,160,16,enrollment; config=Swarm20
1112,Swarm20-25-20260922-20:31:50-1127387,Swarm20,25,25,25,sha3,20,,,,2,1,0.003877,0.034604,0.063007,160,16,enrollment; config=Swarm20
1113,Swarm20-25-20260922-20:31:50-1127387,Swarm20,25,25,25,sha3,20,,,,3,1,0.003827,0.034624,0.061574,160,16,enrollment; config=Swarm20
1114,Swarm20-25-20260922-20:31:50-1127387,Swarm20,25,25,25,sha3,20,,,,4,1,0.003737,0.034514,0.061914,160,16,enrollment; config=Swarm20
1115,Swarm20-25-20260922-20:31:50-1127387,Swarm20,25,25,25,sha3,20,,,,5,1,0.003867,0.035376,0.061744,160,16,enrollment; config=Swarm20
1116,Swarm20-25-20260922-20:31:50-1127387,Swarm20,25,25,25,sha3,20,,,,6,1,0.003767,0.035676,0.062416,160,16,enrollment; config=Swarm20
1117,Swarm20-25-20260922-20:31:50-1127387,Swarm20,25,25,25,sha3,20,,,,7,1,0.003777,0.034544,0.060642,160,16,enrollment; config=Swarm20
1118,Swarm20-25-20260922-20:31:50-1127387,Swarm20,25,25,25,sha3,20,,,,8,1,0.003767,0.034945,0.061093,160,16,enrollment; config=Swarm20
1119,Swarm20-25-20260922-20:31:50-1127387,Swarm20,25,25,25,sha3,20,,,,9,1,0.003777,0.034604,0.060412,160,16,enrollment; config=Swarm20
1120,Swarm20-25-20260922-20:31:50-1127387,Swarm20,25,25,25,sha3,20,,,,10,1,0.003777,0.034825,0.061023,160,16,enrollment; config=Swarm20
1121,Swarm20-25-20260922-20:31:50-1127387,Swarm20,25,25,25,sha3,20,,,,11,1,0.003827,0.035125,0.061013,160,16,enrollment; config=Swarm20
1122,Swarm20-25-20260922-20:31:50-1127387,Swarm20,25,25,25,sha3,20,,,,12,1,0.003927,0.034875,0.068086,160,16,enrollment; config=Swarm20
1123,Swarm20-25-20260922-20:31:50-1127387,Swarm20,25,25,25,sha3,20,,,,13,1,0.003857,0.034685,0.060171,160,16,enrollment; config=Swarm20
1124,Swarm20-25-20260922-20:31:50-1127387,Swarm20,25,25,25,sha3,20,,,,14,1,0.003767,0.034694,0.061033,160,16,enrollment; config=Swarm20
1125,Swarm20-25-20260922-20:31:50-1127387,Swarm20,25,25,25,sha3,20,,,,15,1,0.003757,0.034915,0.060452,160,16,enrollment; config=Swarm20
1126,Swarm20-25-20260922-20:31:50-1127387,Swarm20,25,25,25,sha3,20,,,,16,1,0.003797,0.034994,0.061233,160,16,enrollment; config=Swarm20
1127,Swarm20-25-20260922-20:31:50-1127387,Swarm20,25,25,25,sha3,20,,,,17,1,0.003767,0.034434,0.05928,160,16,enrollment; config=Swarm20
1128,Swarm20-25-20260922-20:31:50-1127387,Swarm20,25,25,25,sha3,20,,,,18,1,0.003737,0.034324,0.060573,160,16,enrollment; config=Swarm20
1129,Swarm20-25-20260922-20:31:50-1127387,Swarm20,25,25,25,sha3,20,,,,19,1,0.003807,0.034494,0.059941,160,16,enrollment; config=Swarm20
1130,Swarm20-26-20260922-20:31:50-1127387,Swarm20,26,26,26,sha3,20,,,,0,1,0.009358,0.041887,0.083284,160,16,enrollment; config=Swarm20
1131,Swarm20-26-20260922-20:31:50-1127387,Swarm20,26,26,26,sha3,20,,,,1,1,0.004098,0.035706,0.065932,160,16,enrollment; config=Swarm20
1132,Swarm20-26-20260922-20:31:50-1127387,Swarm20,26,26,26,sha3,20,,,,2,1,0.003807,0.034835,0.062847,160,16,enrollment; config=Swarm20
1133,Swarm20-26-20260922-20:31:50-1127387,Swarm20,26,26,26,sha3,20,,,,3,1,0.003837,0.038712,0.065431,160,16,enrollment; config=Swarm20
1134,Swarm20-26-20260922-20:31:50-1127387,Swarm20,26,26,26,sha3,20,,,,4,1,0.003887,0.046807,0.078114,160,16,enrollment; config=Swarm20
1135,Swarm20-26-20260922-20:31:50-1127387,Swarm20,26,26,26,sha3,20,,,,5,1,0.004108,0.035025,0.062716,160,16,enrollment; config=Swarm20
1136,Swarm20-26-20260922-20:31:50-1127387,Swarm20,26,26,26,sha3,20,,,,6,1,0.003837,0.034584,0.061764,160,16,enrollment; config=Swarm20
1137,Swarm20-26-20260922-20:31:50-1127387,Swarm20,26,26,26,sha3,20,,,,7,1,0.003747,0.035856,0.061815,160,16,enrollment; config=Swarm20
1138,Swarm20-26-20260922-20:31:50-1127387,Swarm20,26,26,26,sha3,20,,,,8,1,0.003888,0.034904,0.061373,160,16,enrollment; config=Swarm20
1139,Swarm20-26-20260922-20:31:50-1127387,Swarm20,26,26,26,sha3,20,,,,9,1,0.003787,0.034614,0.060172,160,16,enrollment; config=Swarm20
1140,Swarm20-26-20260922-20:31:50-1127387,Swarm20,26,26,26,sha3,20,,,,10,1,0.003947,0.034634,0.060452,160,16,enrollment; config=Swarm20
1141,Swarm20-26-20260922-20:31:50-1127387,Swarm20,26,26,26,sha3,20,,,,11,1,0.003737,0.034504,0.060352,160,16,enrollment; config=Swarm20
1142,Swarm20-26-20260922-20:31:50-1127387,Swarm20,26,26,26,sha3,20,,,,12,1,0.004118,0.034284,0.060853,160,16,enrollment; config=Swarm20
1143,Swarm20-26-20260922-20:31:50-1127387,Swarm20,26,26,26,sha3,20,,,,13,1,0.006673,0.044592,0.076302,160,16,enrollment; config=Swarm20
1144,Swarm20-26-20260922-20:31:50-1127387,Swarm20,26,26,26,sha3,20,,,,14,1,0.004068,0.035406,0.067936,160,16,enrollment; config=Swarm20
1145,Swarm20-26-20260922-20:31:50-1127387,Swarm20,26,26,26,sha3,20,,,,15,1,0.004058,0.035626,0.062295,160,16,enrollment; config=Swarm20
1146,Swarm20-26-20260922-20:31:50-1127387,Swarm20,26,26,26,sha3,20,,,,16,1,0.003727,0.035776,0.062766,160,16,enrollment; config=Swarm20
1147,Swarm20-26-20260922-20:31:50-1127387,Swarm20,26,26,26,sha3,20,,,,17,1,0.003847,0.044352,0.073236,160,16,enrollment; config=Swarm20
1148,Swarm20-26-20260922-20:31:50-1127387,Swarm20,26,26,26,sha3,20,,,,18,1,0.006372,0.044052,0.079216,160,16,enrollment; config=Swarm20
1149,Swarm20-26-20260922-20:31:50-1127387,Swarm20,26,26,26,sha3,20,,,,19,1,0.006522,0.036327,0.070981,160,16,enrollment; config=Swarm20
1150,Swarm20-27-20260922-20:31:50-1127387,Swarm20,27,27,27,sha3,20,,,,0,1,0.012083,0.04348,0.08611,160,16,enrollment; config=Swarm20
1151,Swarm20-27-20260922-20:31:50-1127387,Swarm20,27,27,27,sha3,20,,,,1,1,0.004077,0.035496,0.065411,160,16,enrollment; config=Swarm20
1152,Swarm20-27-20260922-20:31:50-1127387,Swarm20,27,27,27,sha3,20,,,,2,1,0.003888,0.034764,0.063157,160,16,enrollment; config=Swarm20
1153,Swarm20-27-20260922-20:31:50-1127387,Swarm20,27,27,27,sha3,20,,,,3,1,0.003807,0.034714,0.061644,160,16,enrollment; config=Swarm20
1154,Swarm20-27-20260922-20:31:50-1127387,Swarm20,27,27,27,sha3,20,,,,4,1,0.003817,0.034624,0.061694,160,16,enrollment; config=Swarm20
1155,Swarm20-27-20260922-20:31:50-1127387,Swarm20,27,27,27,sha3,20,,,,5,1,0.003787,0.034685,0.060252,160,16,enrollment; config=Swarm20
1156,Swarm20-27-20260922-20:31:50-1127387,Swarm20,27,27,27,sha3,20,,,,6,1,0.003757,0.035205,0.061975,160,16,enrollment; config=Swarm20
1157,Swarm20-27-20260922-20:31:50-1127387,Swarm20,27,27,27,sha3,20,,,,7,1,0.003777,0.034734,0.060622,160,16,enrollment; config=Swarm20
1158,Swarm20-27-20260922-20:31:50-1127387,Swarm20,27,27,27,sha3,20,,,,8,1,0.003707,0.034795,0.060793,160,16,enrollment; config=Swarm20
1159,Swarm20-27-20260922-20:31:50-1127387,Swarm20,27,27,27,sha3,20,,,,9,1,0.003797,0.034634,0.060933,160,16,enrollment; config=Swarm20
1160,Swarm20-27-20260922-20:31:50-1127387,Swarm20,27,27,27,sha3,20,,,,10,1,0.003747,0.034464,0.060632,160,16,enrollment; config=Swarm20
1161,Swarm20-27-20260922-20:31:50-1127387,Swarm20,27,27,27,sha3,20,,,,11,1,0.003737,0.034614,0.060101,160,16,enrollment; config=Swarm20
1162,Swarm20-27-20260922-20:31:50-1127387,Swarm20,27,27,27,sha3,20,,,,12,1,0.003727,0.034374,0.060262,160,16,enrollment; config=Swarm20
1163,Swarm20-27-20260922-20:31:50-1127387,Swarm20,27,27,27,sha3,20,,,,13,1,0.003837,0.034404,0.060442,160,16,enrollment; config=Swarm20
1164,Swarm20-27-20260922-20:31:50-1127387,Swarm20,27,27,27,sha3,20,,,,14,1,0.003757,0.034513,0.066453,160,16,enrollment; config=Swarm20
1165,Swarm20-27-20260922-20:31:50-1127387,Swarm20,27,27,27,sha3,20,,,,15,1,0.003978,0.034744,0.061314,160,16,enrollment; config=Swarm20
1166,Swarm20-27-20260922-20:31:50-1127387,Swarm20,27,27,27,sha3,20,,,,16,1,0.003767,0.034634,0.060331,160,16,enrollment; config=Swarm20
1167,Swarm20-27-20260922-20:31:50-1127387,Swarm20,27,27,27,sha3,20,,,,17,1,0.003787,0.034894,0.060963,160,16,enrollment; config=Swarm20
1168,Swarm20-27-20260922-20:31:50-1127387,Swarm20,27,27,27,sha3,20,,,,18,1,0.003766,0.034744,0.060442,160,16,enrollment; config=Swarm20
1169,Swarm20-27-20260922-20:31:50-1127387,Swarm20,27,27,27,sha3,20,,,,19,1,0.003767,0.035345,0.060583,160,16,enrollment; config=Swarm20
1170,Swarm20-28-20260922-20:31:50-1127387,Swarm20,28,28,28,sha3,20,,,,0,1,0.010609,0.04314,0.084226,160,16,enrollment; config=Swarm20
1171,Swarm20-28-20260922-20:31:50-1127387,Swarm20,28,28,28,sha3,20,,,,1,1,0.004068,0.035135,0.06489,160,16,enrollment; config=Swarm20
1172,Swarm20-28-20260922-20:31:50-1127387,Swarm20,28,28,28,sha3,20,,,,2,1,0.003927,0.034865,0.063407,160,16,enrollment; config=Swarm20
1173,Swarm20-28-20260922-20:31:50-1127387,Swarm20,28,28,28,sha3,20,,,,3,1,0.003877,0.041697,0.069088,160,16,enrollment; config=Swarm20
1174,Swarm20-28-20260922-20:31:50-1127387,Swarm20,28,28,28,sha3,20,,,,4,1,0.003817,0.036056,0.063097,160,16,enrollment; config=Swarm20
1175,Swarm20-28-20260922-20:31:50-1127387,Swarm20,28,28,28,sha3,20,,,,5,1,0.003757,0.035225,0.061634,160,16,enrollment; config=Swarm20
1176,Swarm20-28-20260922-20:31:50-1127387,Swarm20,28,28,28,sha3,20,,,,6,1,0.003777,0.034564,0.060732,160,16,enrollment; config=Swarm20
1177,Swarm20-28-20260922-20:31:50-1127387,Swarm20,28,28,28,sha3,20,,,,7,1,0.003797,0.034754,0.060392,160,16,enrollment; config=Swarm20
1178,Swarm20-28-20260922-20:31:50-1127387,Swarm20,28,28,28,sha3,20,,,,8,1,0.003777,0.034774,0.061163,160,16,enrollment; config=Swarm20
1179,Swarm20-28-20260922-20:31:50-1127387,Swarm20,28,28,28,sha3,20,,,,9,1,0.003767,0.034374,0.060271,160,16,enrollment; config=Swarm20
1180,Swarm20-28-20260922-20:31:50-1127387,Swarm20,28,28,28,sha3,20,,,,10,1,0.003787,0.035115,0.061414,160,16,enrollment; config=Swarm20
1181,Swarm20-28-20260922-20:31:50-1127387,Swarm20,28,28,28,sha3,20,,,,11,1,0.003797,0.035425,0.061153,160,16,enrollment; config=Swarm20
1182,Swarm20-28-20260922-20:31:50-1127387,Swarm20,28,28,28,sha3,20,,,,12,1,0.003777,0.034714,0.060572,160,16,enrollment; config=Swarm20
1183,Swarm20-28-20260922-20:31:50-1127387,Swarm20,28,28,28,sha3,20,,,,13,1,0.003757,0.034434,0.059741,160,16,enrollment; config=Swarm20
1184,Swarm20-28-20260922-20:31:50-1127387,Swarm20,28,28,28,sha3,20,,,,14,1,0.003797,0.034463,0.059801,160,16,enrollment; config=Swarm20
1185,Swarm20-28-20260922-20:31:50-1127387,Swarm20,28,28,28,sha3,20,,,,15,1,0.003897,0.046646,0.07562,160,16,enrollment; config=Swarm20
1186,Swarm20-28-20260922-20:31:50-1127387,Swarm20,28,28,28,sha3,20,,,,16,1,0.006863,0.036367,0.080068,160,16,enrollment; config=Swarm20
1187,Swarm20-28-20260922-20:31:50-1127387,Swarm20,28,28,28,sha3,20,,,,17,1,0.004077,0.034825,0.065331,160,16,enrollment; config=Swarm20
1188,Swarm20-28-20260922-20:31:50-1127387,Swarm20,28,28,28,sha3,20,,,,18,1,0.003767,0.034725,0.062326,160,16,enrollment; config=Swarm20
1189,Swarm20-28-20260922-20:31:50-1127387,Swarm20,28,28,28,sha3,20,,,,19,1,0.003888,0.034984,0.067415,160,16,enrollment; config=Swarm20
1190,Swarm20-29-20260922-20:31:50-1127387,Swarm20,29,29,29,sha3,20,,,,0,1,0.012904,0.044944,0.089505,160,16,enrollment; config=Swarm20
1191,Swarm20-29-20260922-20:31:50-1127387,Swarm20,29,29,29,sha3,20,,,,1,1,0.004197,0.044332,0.074137,160,16,enrollment; config=Swarm20
1192,Swarm20-29-20260922-20:31:50-1127387,Swarm20,29,29,29,sha3,20,,,,2,1,0.003947,0.035205,0.063838,160,16,enrollment; config=Swarm20
1193,Swarm20-29-20260922-20:31:50-1127387,Swarm20,29,29,29,sha3,20,,,,3,1,0.003837,0.034834,0.061704,160,16,enrollment; config=Swarm20
1194,Swarm20-29-20260922-20:31:50-1127387,Swarm20,29,29,29,sha3,20,,,,4,1,0.003907,0.034564,0.061935,160,16,enrollment; config=Swarm20
1195,Swarm20-29-20260922-20:31:50-1127387,Swarm20,29,29,29,sha3,20,,,,5,1,0.003947,0.034764,0.060952,160,16,enrollment; config=Swarm20
1196,Swarm20-29-20260922-20:31:50-1127387,Swarm20,29,29,29,sha3,20,,,,6,1,0.003827,0.034484,0.061214,160,16,enrollment; config=Swarm20
1197,Swarm20-29-20260922-20:31:50-1127387,Swarm20,29,29,29,sha3,20,,,,7,1,0.003897,0.034444,0.061103,160,16,enrollment; config=Swarm20
1198,Swarm20-29-20260922-20:31:50-1127387,Swarm20,29,29,29,sha3,20,,,,8,1,0.003787,0.034654,0.060733,160,16,enrollment; config=Swarm20
1199,Swarm20-29-20260922-20:31:50-1127387,Swarm20,29,29,29,sha3,20,,,,9,1,0.003847,0.034594,0.060692,160,16,enrollment; config=Swarm20
1200,Swarm20-29-20260922-20:31:50-1127387,Swarm20,29,29,29,sha3,20,,,,10,1,0.003757,0.036117,0.062997,160,16,enrollment; config=Swarm20
1201,Swarm20-29-20260922-20:31:50-1127387,Swarm20,29,29,29,sha3,20,,,,11,1,0.003787,0.035065,0.061694,160,16,enrollment; config=Swarm20
1202,Swarm20-29-20260922-20:31:50-1127387,Swarm20,29,29,29,sha3,20,,,,12,1,0.003777,0.034684,0.060893,160,16,enrollment; config=Swarm20
1203,Swarm20-29-20260922-20:31:50-1127387,Swarm20,29,29,29,sha3,20,,,,13,1,0.003777,0.034765,0.060421,160,16,enrollment; config=Swarm20
1204,Swarm20-29-20260922-20:31:50-1127387,Swarm20,29,29,29,sha3,20,,,,14,1,0.003787,0.034915,0.060593,160,16,enrollment; config=Swarm20
1205,Swarm20-29-20260922-20:31:50-1127387,Swarm20,29,29,29,sha3,20,,,,15,1,0.003817,0.034533,0.060342,160,16,enrollment; config=Swarm20
1206,Swarm20-29-20260922-20:31:50-1127387,Swarm20,29,29,29,sha3,20,,,,16,1,0.003797,0.034464,0.060492,160,16,enrollment; config=Swarm20
1207,Swarm20-29-20260922-20:31:50-1127387,Swarm20,29,29,29,sha3,20,,,,17,1,0.003817,0.045634,0.070731,160,16,enrollment; config=Swarm20
1208,Swarm20-29-20260922-20:31:50-1127387,Swarm20,29,29,29,sha3,20,,,,18,1,0.004127,0.034745,0.062516,160,16,enrollment; config=Swarm20
1209,Swarm20-29-20260922-20:31:50-1127387,Swarm20,29,29,29,sha3,20,,,,19,1,0.003838,0.035155,0.060362,160,16,enrollment; config=Swarm20
1210,Swarm20-3-20260922-20:31:48-1127387,Swarm20,3,3,3,sha3,20,,,,0,1,0.011661,0.044432,0.088885,160,16,enrollment; config=Swarm20
1211,Swarm20-3-20260922-20:31:48-1127387,Swarm20,3,3,3,sha3,20,,,,1,1,0.004227,0.036618,0.068447,160,16,enrollment; config=Swarm20
1212,Swarm20-3-20260922-20:31:48-1127387,Swarm20,3,3,3,sha3,20,,,,2,1,0.003967,0.03741,0.067354,160,16,enrollment; config=Swarm20
1213,Swarm20-3-20260922-20:31:48-1127387,Swarm20,3,3,3,sha3,20,,,,3,1,0.004018,0.035916,0.064029,160,16,enrollment; config=Swarm20
1214,Swarm20-3-20260922-20:31:48-1127387,Swarm20,3,3,3,sha3,20,,,,4,1,0.003857,0.036528,0.064659,160,16,enrollment; config=Swarm20
1215,Swarm20-3-20260922-20:31:48-1127387,Swarm20,3,3,3,sha3,20,,,,5,1,0.003927,0.035876,0.063137,160,16,enrollment; config=Swarm20
1216,Swarm20-3-20260922-20:31:48-1127387,Swarm20,3,3,3,sha3,20,,,,6,1,0.003887,0.035636,0.063517,160,16,enrollment; config=Swarm20
1217,Swarm20-3-20260922-20:31:48-1127387,Swarm20,3,3,3,sha3,20,,,,7,1,0.003877,0.035596,0.061935,160,16,enrollment; config=Swarm20
1218,Swarm20-3-20260922-20:31:48-1127387,Swarm20,3,3,3,sha3,20,,,,8,1,0.003857,0.035596,0.062796,160,16,enrollment; config=Swarm20
1219,Swarm20-3-20260922-20:31:48-1127387,Swarm20,3,3,3,sha3,20,,,,9,1,0.003877,0.035816,0.062285,160,16,enrollment; config=Swarm20
1220,Swarm20-3-20260922-20:31:48-1127387,Swarm20,3,3,3,sha3,20,,,,10,1,0.003877,0.035727,0.062997,160,16,enrollment; config=Swarm20
1221,Swarm20-3-20260922-20:31:48-1127387,Swarm20,3,3,3,sha3,20,,,,11,1,0.003877,0.036067,0.062155,160,16,enrollment; config=Swarm20
1222,Swarm20-3-20260922-20:31:48-1127387,Swarm20,3,3,3,sha3,20,,,,12,1,0.003897,0.035716,0.062666,160,16,enrollment; config=Swarm20
1223,Swarm20-3-20260922-20:31:48-1127387,Swarm20,3,3,3,sha3,20,,,,13,1,0.003867,0.036147,0.061254,160,16,enrollment; config=Swarm20
1224,Swarm20-3-20260922-20:31:48-1127387,Swarm20,3,3,3,sha3,20,,,,14,1,0.004248,0.03781,0.073405,160,16,enrollment; config=Swarm20
1225,Swarm20-3-20260922-20:31:48-1127387,Swarm20,3,3,3,sha3,20,,,,15,1,0.004078,0.037198,0.063999,160,16,enrollment; config=Swarm20
1226,Swarm20-3-20260922-20:31:48-1127387,Swarm20,3,3,3,sha3,20,,,,16,1,0.004067,0.0375,0.064519,160,16,enrollment; config=Swarm20
1227,Swarm20-3-20260922-20:31:48-1127387,Swarm20,3,3,3,sha3,20,,,,17,1,0.004077,0.03739,0.063738,160,16,enrollment; config=Swarm20
1228,Swarm20-3-20260922-20:31:48-1127387,Swarm20,3,3,3,sha3,20,,,,18,1,0.004027,0.037059,0.064409,160,16,enrollment; config=Swarm20
1229,Swarm20-3-20260922-20:31:48-1127387,Swarm20,3,3,3,sha3,20,,,,19,1,0.004027,0.037299,0.063618,160,16,enrollment; config=Swarm20
1230,Swarm20-4-20260922-20:31:48-1127387,Swarm20,4,4,4,sha3,20,,,,0,1,0.015509,0.05976,0.117157,160,16,enrollment; config=Swarm20
1231,Swarm20-4-20260922-20:31:48-1127387,Swarm20,4,4,4,sha3,20,,,,1,1,0.005941,0.050434,0.091449,160,16,enrollment; config=Swarm20
1232,Swarm20-4-20260922-20:31:48-1127387,Swarm20,4,4,4,sha3,20,,,,2,1,0.00577,0.049171,0.089736,160,16,enrollment; config=Swarm20
1233,Swarm20-4-20260922-20:31:48-1127387,Swarm20,4,4,4,sha3,20,,,,3,1,0.005881,0.04879,0.087822,160,16,enrollment; config=Swarm20
1234,Swarm20-4-20260922-20:31:48-1127387,Swarm20,4,4,4,sha3,20,,,,4,1,0.005911,0.056515,0.095346,160,16,enrollment; config=Swarm20
1235,Swarm20-4-20260922-20:31:48-1127387,Swarm20,4,4,4,sha3,20,,,,5,1,0.005831,0.049812,0.088093,160,16,enrollment; config=Swarm20
1236,Swarm20-4-20260922-20:31:48-1127387,Swarm20,4,4,4,sha3,20,,,,6,1,0.00586,0.048811,0.087652,160,16,enrollment; config=Swarm20
1237,Swarm20-4-20260922-20:31:48-1127387,Swarm20,4,4,4,sha3,20,,,,7,1,0.006072,0.04887,0.086881,160,16,enrollment; config=Swarm20
1238,Swarm20-4-20260922-20:31:48-1127387,Swarm20,4,4,4,sha3,20,,,,8,1,0.005721,0.04888,0.087182,160,16,enrollment; config=Swarm20
1239,Swarm20-4-20260922-20:31:48-1127387,Swarm20,4,4,4,sha3,20,,,,9,1,0.005951,0.048941,0.08671,160,16,enrollment; config=Swarm20
1240,Swarm20-4-20260922-20:31:48-1127387,Swarm20,4,4,4,sha3,20,,,,10,1,0.00564,0.04884,0.08672,160,16,enrollment; config=Swarm20
1241,Swarm20-4-20260922-20:31:48-1127387,Swarm20,4,4,4,sha3,20,,,,11,1,0.005991,0.048891,0.08645,160,16,enrollment; config=Swarm20
1242,Swarm20-4-20260922-20:31:48-1127387,Swarm20,4,4,4,sha3,20,,,,12,1,0.005931,0.048651,0.086781,160,16,enrollment; config=Swarm20
1243,Swarm20-4-20260922-20:31:48-1127387,Swarm20,4,4,4,sha3,20,,,,13,1,0.005971,0.04873,0.085779,160,16,enrollment; config=Swarm20
1244,Swarm20-4-20260922-20:31:48-1127387,Swarm20,4,4,4,sha3,20,,,,14,1,0.005701,0.049091,0.08663,160,16,enrollment; config=Swarm20
1245,Swarm20-4-20260922-20:31:48-1127387,Swarm20,4,4,4,sha3,20,,,,15,1,0.00578,0.048781,0.114902,160,16,enrollment; config=Swarm20
1246,Swarm20-4-20260922-20:31:48-1127387,Swarm20,4,4,4,sha3,20,,,,16,1,0.008475,0.049221,0.095968,160,16,enrollment; config=Swarm20
1247,Swarm20-4-20260922-20:31:48-1127387,Swarm20,4,4,4,sha3,20,,,,17,1,0.005249,0.044713,0.084165,160,16,enrollment; config=Swarm20
1248,Swarm20-4-20260922-20:31:48-1127387,Swarm20,4,4,4,sha3,20,,,,18,1,0.004899,0.043781,0.080699,160,16,enrollment; config=Swarm20
1249,Swarm20-4-20260922-20:31:48-1127387,Swarm20,4,4,4,sha3,20,,,,19,1,0.004799,0.044211,0.077203,160,16,enrollment; config=Swarm20
1250,Swarm20-5-20260922-20:31:48-1127387,Swarm20,5,5,5,sha3,20,,,,0,1,0.014587,0.071162,0.120042,160,16,enrollment; config=Swarm20
1251,Swarm20-5-20260922-20:31:48-1127387,Swarm20,5,5,5,sha3,20,,,,1,1,0.004798,0.046757,0.081662,160,16,enrollment; config=Swarm20
1252,Swarm20-5-20260922-20:31:48-1127387,Swarm20,5,5,5,sha3,20,,,,2,1,0.004348,0.037109,0.071322,160,16,enrollment; config=Swarm20
1253,Swarm20-5-20260922-20:31:48-1127387,Swarm20,5,5,5,sha3,20,,,,3,1,0.007073,0.041217,0.089646,160,16,enrollment; config=Swarm20
1254,Swarm20-5-20260922-20:31:48-1127387,Swarm20,5,5,5,sha3,20,,,,4,1,0.004188,0.045595,0.076321,160,16,enrollment; config=Swarm20
1255,Swarm20-5-20260922-20:31:48-1127387,Swarm20,5,5,5,sha3,20,,,,5,1,0.004198,0.036858,0.066202,160,16,enrollment; config=Swarm20
1256,Swarm20-5-20260922-20:31:48-1127387,Swarm20,5,5,5,sha3,20,,,,6,1,0.004027,0.036708,0.065091,160,16,enrollment; config=Swarm20
1257,Swarm20-5-20260922-20:31:48-1127387,Swarm20,5,5,5,sha3,20,,,,7,1,0.004028,0.038571,0.068247,160,16,enrollment; config=Swarm20
1258,Swarm20-5-20260922-20:31:48-1127387,Swarm20,5,5,5,sha3,20,,,,8,1,0.004117,0.037079,0.069158,160,16,enrollment; config=Swarm20
1259,Swarm20-5-20260922-20:31:48-1127387,Swarm20,5,5,5,sha3,20,,,,9,1,0.004047,0.03743,0.065271,160,16,enrollment; config=Swarm20
1260,Swarm20-5-20260922-20:31:48-1127387,Swarm20,5,5,5,sha3,20,,,,10,1,0.003917,0.036227,0.06463,160,16,enrollment; config=Swarm20
1261,Swarm20-5-20260922-20:31:48-1127387,Swarm20,5,5,5,sha3,20,,,,11,1,0.003967,0.044041,0.0705,160,16,enrollment; config=Swarm20
1262,Swarm20-5-20260922-20:31:48-1127387,Swarm20,5,5,5,sha3,20,,,,12,1,0.004008,0.036517,0.06433,160,16,enrollment; config=Swarm20
1263,Swarm20-5-20260922-20:31:48-1127387,Swarm20,5,5,5,sha3,20,,,,13,1,0.004158,0.036287,0.062546,160,16,enrollment; config=Swarm20
1264,Swarm20-5-20260922-20:31:48-1127387,Swarm20,5,5,5,sha3,20,,,,14,1,0.003917,0.036047,0.062466,160,16,enrollment; config=Swarm20
1265,Swarm20-5-20260922-20:31:48-1127387,Swarm20,5,5,5,sha3,20,,,,15,1,0.004108,0.036317,0.068516,160,16,enrollment; config=Swarm20
1266,Swarm20-5-20260922-20:31:48-1127387,Swarm20,5,5,5,sha3,20,,,,16,1,0.003888,0.036066,0.062666,160,16,enrollment; config=Swarm20
1267,Swarm20-5-20260922-20:31:48-1127387,Swarm20,5,5,5,sha3,20,,,,17,1,0.003927,0.035936,0.062064,160,16,enrollment; config=Swarm20
1268,Swarm20-5-20260922-20:31:48-1127387,Swarm20,5,5,5,sha3,20,,,,18,1,0.003897,0.047859,0.074498,160,16,enrollment; config=Swarm20
1269,Swarm20-5-20260922-20:31:48-1127387,Swarm20,5,5,5,sha3,20,,,,19,1,0.004078,0.036016,0.062555,160,16,enrollment; config=Swarm20
1270,Swarm20-6-20260922-20:31:48-1127387,Swarm20,6,6,6,sha3,20,,,,0,1,0.014577,0.062746,0.111797,160,16,enrollment; config=Swarm20
1271,Swarm20-6-20260922-20:31:48-1127387,Swarm20,6,6,6,sha3,20,,,,1,1,0.004128,0.035265,0.065832,160,16,enrollment; config=Swarm20
1272,Swarm20-6-20260922-20:31:48-1127387,Swarm20,6,6,6,sha3,20,,,,2,1,0.003908,0.034674,0.063939,160,16,enrollment; config=Swarm20
1273,Swarm20-6-20260922-20:31:48-1127387,Swarm20,6,6,6,sha3,20,,,,3,1,0.003817,0.061414,0.089485,160,16,enrollment; config=Swarm20
1274,Swarm20-6-20260922-20:31:48-1127387,Swarm20,6,6,6,sha3,20,,,,4,1,0.004077,0.036548,0.065411,160,16,enrollment; config=Swarm20
1275,Swarm20-6-20260922-20:31:48-1127387,Swarm20,6,6,6,sha3,20,,,,5,1,0.004168,0.036498,0.064219,160,16,enrollment; config=Swarm20
1276,Swarm20-6-20260922-20:31:48-1127387,Swarm20,6,6,6,sha3,20,,,,6,1,0.004288,0.036998,0.08645,160,16,enrollment; config=Swarm20
1277,Swarm20-6-20260922-20:31:48-1127387,Swarm20,6,6,6,sha3,20,,,,7,1,0.004037,0.037921,0.065171,160,16,enrollment; config=Swarm20
1278,Swarm20-6-20260922-20:31:48-1127387,Swarm20,6,6,6,sha3,20,,,,8,1,0.004017,0.036738,0.063608,160,16,enrollment; config=Swarm20
1279,Swarm20-6-20260922-20:31:48-1127387,Swarm20,6,6,6,sha3,20,,,,9,1,0.004008,0.076622,0.104413,160,16,enrollment; config=Swarm20
1280,Swarm20-6-20260922-20:31:48-1127387,Swarm20,6,6,6,sha3,20,,,,10,1,0.004408,0.036348,0.066303,160,16,enrollment; config=Swarm20
1281,Swarm20-6-20260922-20:31:48-1127387,Swarm20,6,6,6,sha3,20,,,,11,1,0.003977,0.036448,0.063718,160,16,enrollment; config=Swarm20
1282,Swarm20-6-20260922-20:31:48-1127387,Swarm20,6,6,6,sha3,20,,,,12,1,0.004318,0.036647,0.063848,160,16,enrollment; config=Swarm20
1283,Swarm20-6-20260922-20:31:48-1127387,Swarm20,6,6,6,sha3,20,,,,13,1,0.004228,0.036518,0.062987,160,16,enrollment; config=Swarm20
1284,Swarm20-6-20260922-20:31:48-1127387,Swarm20,6,6,6,sha3,20,,,,14,1,0.004348,0.036768,0.065451,160,16,enrollment; config=Swarm20
1285,Swarm20-6-20260922-20:31:48-1127387,Swarm20,6,6,6,sha3,20,,,,15,1,0.004408,0.04854,0.079807,160,16,enrollment; config=Swarm20
1286,Swarm20-6-20260922-20:31:48-1127387,Swarm20,6,6,6,sha3,20,,,,16,1,0.008616,0.050754,0.097381,160,16,enrollment; config=Swarm20
1287,Swarm20-6-20260922-20:31:48-1127387,Swarm20,6,6,6,sha3,20,,,,17,1,0.004648,0.036327,0.069078,160,16,enrollment; config=Swarm20
1288,Swarm20-6-20260922-20:31:48-1127387,Swarm20,6,6,6,sha3,20,,,,18,1,0.004218,0.034925,0.065542,160,16,enrollment; config=Swarm20
1289,Swarm20-6-20260922-20:31:48-1127387,Swarm20,6,6,6,sha3,20,,,,19,1,0.003988,0.035275,0.062746,160,16,enrollment; config=Swarm20
1290,Swarm20-7-20260922-20:31:48-1127387,Swarm20,7,7,7,sha3,20,,,,0,1,0.014287,0.045735,0.094545,160,16,enrollment; config=Swarm20
1291,Swarm20-7-20260922-20:31:48-1127387,Swarm20,7,7,7,sha3,20,,,,1,1,0.004287,0.035766,0.067515,160,16,enrollment; config=Swarm20
1292,Swarm20-7-20260922-20:31:48-1127387,Swarm20,7,7,7,sha3,20,,,,2,1,0.004047,0.035326,0.065131,160,16,enrollment; config=Swarm20
1293,Swarm20-7-20260922-20:31:48-1127387,Swarm20,7,7,7,sha3,20,,,,3,1,0.004207,0.036608,0.06499,160,16,enrollment; config=Swarm20
1294,Swarm20-7-20260922-20:31:48-1127387,Swarm20,7,7,7,sha3,20,,,,4,1,0.003838,0.037399,0.065862,160,16,enrollment; config=Swarm20
1295,Swarm20-7-20260922-20:31:48-1127387,Swarm20,7,7,7,sha3,20,,,,5,1,0.003917,0.035135,0.061834,160,16,enrollment; config=Swarm20
1296,Swarm20-7-20260922-20:31:48-1127387,Swarm20,7,7,7,sha3,20,,,,6,1,0.003907,0.035566,0.062586,160,16,enrollment; config=Swarm20
1297,Swarm20-7-20260922-20:31:48-1127387,Swarm20,7,7,7,sha3,20,,,,7,1,0.003867,0.035305,0.061834,160,16,enrollment; config=Swarm20
1298,Swarm20-7-20260922-20:31:48-1127387,Swarm20,7,7,7,sha3,20,,,,8,1,0.004198,0.035606,0.062997,160,16,enrollment; config=Swarm20
1299,Swarm20-7-20260922-20:31:48-1127387,Swarm20,7,7,7,sha3,20,,,,9,1,0.003998,0.035215,0.061724,160,16,enrollment; config=Swarm20
1300,Swarm20-7-20260922-20:31:48-1127387,Swarm20,7,7,7,sha3,20,,,,10,1,0.003998,0.035085,0.061865,160,16,enrollment; config=Swarm20
1301,Swarm20-7-20260922-20:31:48-1127387,Swarm20,7,7,7,sha3,20,,,,11,1,0.003818,0.035315,0.062245,160,16,enrollment; config=Swarm20
1302,Swarm20-7-20260922-20:31:48-1127387,Swarm20,7,7,7,sha3,20,,,,12,1,0.004048,0.035165,0.061834,160,16,enrollment; config=Swarm20
1303,Swarm20-7-20260922-20:31:48-1127387,Swarm20,7,7,7,sha3,20,,,,13,1,0.004077,0.035186,0.062485,160,16,enrollment; config=Swarm20
1304,Swarm20-7-20260922-20:31:48-1127387,Swarm20,7,7,7,sha3,20,,,,14,1,0.004208,0.035225,0.067995,160,16,enrollment; config=Swarm20
1305,Swarm20-7-20260922-20:31:48-1127387,Swarm20,7,7,7,sha3,20,,,,15,1,0.004098,0.035075,0.060843,160,16,enrollment; config=Swarm20
1306,Swarm20-7-20260922-20:31:48-1127387,Swarm20,7,7,7,sha3,20,,,,16,1,0.003957,0.035466,0.061644,160,16,enrollment; config=Swarm20
1307,Swarm20-7-20260922-20:31:48-1127387,Swarm20,7,7,7,sha3,20,,,,17,1,0.003947,0.034935,0.060863,160,16,enrollment; config=Swarm20
1308,Swarm20-7-20260922-20:31:48-1127387,Swarm20,7,7,7,sha3,20,,,,18,1,0.004028,0.036548,0.062145,160,16,enrollment; config=Swarm20
1309,Swarm20-7-20260922-20:31:48-1127387,Swarm20,7,7,7,sha3,20,,,,19,1,0.003937,0.035215,0.060812,160,16,enrollment; config=Swarm20
1310,Swarm20-8-20260922-20:31:48-1127387,Swarm20,8,8,8,sha3,20,,,,0,1,0.011,0.046586,0.093423,160,16,enrollment; config=Swarm20
1311,Swarm20-8-20260922-20:31:48-1127387,Swarm20,8,8,8,sha3,20,,,,1,1,0.004529,0.039072,0.074518,160,16,enrollment; config=Swarm20
1312,Swarm20-8-20260922-20:31:48-1127387,Swarm20,8,8,8,sha3,20,,,,2,1,0.004308,0.038482,0.072094,160,16,enrollment; config=Swarm20
1313,Swarm20-8-20260922-20:31:48-1127387,Swarm20,8,8,8,sha3,20,,,,3,1,0.004288,0.038551,0.070832,160,16,enrollment; config=Swarm20
1314,Swarm20-8-20260922-20:31:48-1127387,Swarm20,8,8,8,sha3,20,,,,4,1,0.004288,0.039053,0.072044,160,16,enrollment; config=Swarm20
1315,Swarm20-8-20260922-20:31:48-1127387,Swarm20,8,8,8,sha3,20,,,,5,1,0.004278,0.038621,0.07034,160,16,enrollment; config=Swarm20
1316,Swarm20-8-20260922-20:31:48-1127387,Swarm20,8,8,8,sha3,20,,,,6,1,0.004328,0.039393,0.072003,160,16,enrollment; config=Swarm20
1317,Swarm20-8-20260922-20:31:48-1127387,Swarm20,8,8,8,sha3,20,,,,7,1,0.004198,0.038882,0.07038,160,16,enrollment; config=Swarm20
1318,Swarm20-8-20260922-20:31:48-1127387,Swarm20,8,8,8,sha3,20,,,,8,1,0.004198,0.038491,0.0701,160,16,enrollment; config=Swarm20
1319,Swarm20-8-20260922-20:31:48-1127387,Swarm20,8,8,8,sha3,20,,,,9,1,0.004218,0.038852,0.069298,160,16,enrollment; config=Swarm20
1320,Swarm20-8-20260922-20:31:48-1127387,Swarm20,8,8,8,sha3,20,,,,10,1,0.004208,0.038681,0.070049,160,16,enrollment; config=Swarm20
1321,Swarm20-8-20260922-20:31:48-1127387,Swarm20,8,8,8,sha3,20,,,,11,1,0.004228,0.038611,0.069459,160,16,enrollment; config=Swarm20
1322,Swarm20-8-20260922-20:31:48-1127387,Swarm20,8,8,8,sha3,20,,,,12,1,0.004348,0.044783,0.076942,160,16,enrollment; config=Swarm20
1323,Swarm20-8-20260922-20:31:48-1127387,Swarm20,8,8,8,sha3,20,,,,13,1,0.004278,0.037699,0.068296,160,16,enrollment; config=Swarm20
1324,Swarm20-8-20260922-20:31:48-1127387,Swarm20,8,8,8,sha3,20,,,,14,1,0.003827,0.034834,0.060903,160,16,enrollment; config=Swarm20
1325,Swarm20-8-20260922-20:31:48-1127387,Swarm20,8,8,8,sha3,20,,,,15,1,0.003837,0.034805,0.059881,160,16,enrollment; config=Swarm20
1326,Swarm20-8-20260922-20:31:48-1127387,Swarm20,8,8,8,sha3,20,,,,16,1,0.003797,0.034684,0.060131,160,16,enrollment; config=Swarm20
1327,Swarm20-8-20260922-20:31:48-1127387,Swarm20,8,8,8,sha3,20,,,,17,1,0.003807,0.034584,0.05959,160,16,enrollment; config=Swarm20
1328,Swarm20-8-20260922-20:31:48-1127387,Swarm20,8,8,8,sha3,20,,,,18,1,0.003837,0.034965,0.064549,160,16,enrollment; config=Swarm20
1329,Swarm20-8-20260922-20:31:48-1127387,Swarm20,8,8,8,sha3,20,,,,19,1,0.003797,0.035165,0.060112,160,16,enrollment; config=Swarm20
1330,Swarm20-9-20260922-20:31:48-1127387,Swarm20,9,9,9,sha3,20,,,,0,1,0.011822,0.04286,0.085989,160,16,enrollment; config=Swarm20
1331,Swarm20-9-20260922-20:31:48-1127387,Swarm20,9,9,9,sha3,20,,,,1,1,0.004077,0.035526,0.066052,160,16,enrollment; config=Swarm20
1332,Swarm20-9-20260922-20:31:48-1127387,Swarm20,9,9,9,sha3,20,,,,2,1,0.003887,0.034945,0.063658,160,16,enrollment; config=Swarm20
1333,Swarm20-9-20260922-20:31:48-1127387,Swarm20,9,9,9,sha3,20,,,,3,1,0.003858,0.034734,0.062035,160,16,enrollment; config=Swarm20
1334,Swarm20-9-20260922-20:31:48-1127387,Swarm20,9,9,9,sha3,20,,,,4,1,0.003777,0.034914,0.061934,160,16,enrollment; config=Swarm20
1335,Swarm20-9-20260922-20:31:48-1127387,Swarm20,9,9,9,sha3,20,,,,5,1,0.003827,0.034854,0.061614,160,16,enrollment; config=Swarm20
1336,Swarm20-9-20260922-20:31:48-1127387,Swarm20,9,9,9,sha3,20,,,,6,1,0.003837,0.035255,0.061955,160,16,enrollment; config=Swarm20
1337,Swarm20-9-20260922-20:31:48-1127387,Swarm20,9,9,9,sha3,20,,,,7,1,0.003777,0.034675,0.060602,160,16,enrollment; config=Swarm20
1338,Swarm20-9-20260922-20:31:48-1127387,Swarm20,9,9,9,sha3,20,,,,8,1,0.003777,0.035135,0.061574,160,16,enrollment; config=Swarm20
1339,Swarm20-9-20260922-20:31:48-1127387,Swarm20,9,9,9,sha3,20,,,,9,1,0.003757,0.041487,0.067365,160,16,enrollment; config=Swarm20
1340,Swarm20-9-20260922-20:31:48-1127387,Swarm20,9,9,9,sha3,20,,,,10,1,0.003797,0.035155,0.061614,160,16,enrollment; config=Swarm20
1341,Swarm20-9-20260922-20:31:48-1127387,Swarm20,9,9,9,sha3,20,,,,11,1,0.003827,0.035836,0.061314,160,16,enrollment; config=Swarm20
1342,Swarm20-9-20260922-20:31:48-1127387,Swarm20,9,9,9,sha3,20,,,,12,1,0.003807,0.034965,0.060712,160,16,enrollment; config=Swarm20
1343,Swarm20-9-20260922-20:31:48-1127387,Swarm20,9,9,9,sha3,20,,,,13,1,0.003827,0.034955,0.061423,160,16,enrollment; config=Swarm20
1344,Swarm20-9-20260922-20:31:48-1127387,Swarm20,9,9,9,sha3,20,,,,14,1,0.003787,0.035045,0.061174,160,16,enrollment; config=Swarm20
1345,Swarm20-9-20260922-20:31:48-1127387,Swarm20,9,9,9,sha3,20,,,,15,1,0.003818,0.036096,0.061905,160,16,enrollment; config=Swarm20
1346,Swarm20-9-20260922-20:31:48-1127387,Swarm20,9,9,9,sha3,20,,,,16,1,0.003807,0.035105,0.061924,160,16,enrollment; config=Swarm20
1347,Swarm20-9-20260922-20:31:48-1127387,Swarm20,9,9,9,sha3,20,,,,17,1,0.003767,0.035376,0.060382,160,16,enrollment; config=Swarm20
1348,Swarm20-9-20260922-20:31:48-1127387,Swarm20,9,9,9,sha3,20,,,,18,1,0.003757,0.034574,0.061103,160,16,enrollment; config=Swarm20
1349,Swarm20-9-20260922-20:31:48-1127387,Swarm20,9,9,9,sha3,20,,,,19,1,0.003787,0.034695,0.05991,160,16,enrollment; config=Swarm20
