idx,success,latency_ms,compute_ms,net_ms,overhead_bytes,hash_mode,details,m1_uav_compute_ms,m1_gs_compute_ms,m1_net_ms,m2_uav_verify_ms,m2_net_ms,puf_eval_ms,bch_ms,m3_uav_compute_ms,m3_gs_compute_ms,m3_net_ms,m4_uav_compute_ms,m4_net_ms,config,run_id,uav_id,row_uid,runnumber,repetition,seedset,suite,num_uavs,puf_ber,fe_profile,attack_mode,wall_latency_ms,fe_rep_ms,mac_ms,kdf_ms,dh_ms,aead_ms,gs_mac_ms,gs_kdf_ms,gs_dh_ms,gs_aead_ms,bytes_m1,bytes_m2,bytes_m3,bytes_m4,ephemeral_erased,replay_cache_hits
2480,1,5.848807,4.765295,1.083512,781,spongent,OMNeT++; module=UavAuthNetwork.uav[0]; config=StadiumSPONGENT,2.247911,0.599719,0.256671,1.19488,0.249728,1.170656,0.514222,1.19488,2.440053,0.183693,0.127624,0.833785,StadiumSPONGENT,StadiumSPONGENT-0-20260810-14:59:32-739851,0,StadiumSPONGENT-0-20260810-14:59:32-739851|phase2|0,0,0,0,spongent,10,,,,1.523876,0.514222,0.816587,0.592456,0.306232,0.001693,0.828078,0.589179,0.105613,0.00542,104,85,43,549,1,0
2481,1,5.73673,4.649344,1.087386,781,spongent,OMNeT++; module=UavAuthNetwork.uav[1]; config=StadiumSPONGENT,2.025052,0.592967,0.251082,1.244682,0.240244,1.149257,0.497422,1.244682,2.400019,0.166001,0.134928,0.847142,StadiumSPONGENT,StadiumSPONGENT-0-20260810-14:59:32-739851,1,StadiumSPONGENT-0-20260810-14:59:32-739851|phase2|1,0,0,0,spongent,10,,,,1.50447,0.497422,0.846221,0.631298,0.110492,0.001823,0.8077,0.569063,0.106996,0.001873,104,85,43,549,1,0
2482,1,5.679151,4.62035,1.058801,781,spongent,OMNeT++; module=UavAuthNetwork.uav[2]; config=StadiumSPONGENT,2.120938,0.608786,0.244435,1.187086,0.225942,1.22758,0.500608,1.187086,2.628128,0.174349,0.12524,0.832859,StadiumSPONGENT,StadiumSPONGENT-0-20260810-14:59:32-739851,2,StadiumSPONGENT-0-20260810-14:59:32-739851|phase2|2,0,0,0,spongent,10,,,,1.477585,0.500608,0.816256,0.603226,0.116935,0.001803,0.835872,0.675979,0.139215,0.002415,104,85,43,549,1,0
2483,1,5.540516,4.475083,1.065433,781,spongent,OMNeT++; module=UavAuthNetwork.uav[3]; config=StadiumSPONGENT,1.968708,0.586646,0.270952,1.190683,0.230351,1.097242,0.49652,1.190683,2.396453,0.16277,0.125009,0.835082,StadiumSPONGENT,StadiumSPONGENT-0-20260810-14:59:32-739851,3,StadiumSPONGENT-0-20260810-14:59:32-739851|phase2|3,0,0,0,spongent,10,,,,1.499154,0.49652,0.810205,0.602154,0.118908,0.001543,0.815044,0.579152,0.102618,0.001573,104,85,43,549,1,0
2484,1,5.648528,4.535986,1.112542,781,spongent,OMNeT++; module=UavAuthNetwork.uav[4]; config=StadiumSPONGENT,2.011818,0.598728,0.241588,1.196965,0.257305,1.146291,0.500838,1.196965,2.39473,0.189083,0.130238,0.855237,StadiumSPONGENT,StadiumSPONGENT-0-20260810-14:59:32-739851,4,StadiumSPONGENT-0-20260810-14:59:32-739851|phase2|4,0,0,0,spongent,10,,,,1.543213,0.500838,0.811929,0.612934,0.104231,0.001533,0.811607,0.592537,0.114821,0.001723,104,85,43,549,1,0
2485,1,5.476459,4.395226,1.081233,781,spongent,OMNeT++; module=UavAuthNetwork.uav[5]; config=StadiumSPONGENT,1.972686,0.586074,0.245457,1.149246,0.227226,1.130483,0.48559,1.149246,2.319733,0.164536,0.124048,0.854007,StadiumSPONGENT,StadiumSPONGENT-0-20260810-14:59:32-739851,5,StadiumSPONGENT-0-20260810-14:59:32-739851|phase2|5,0,0,0,spongent,10,,,,1.491226,0.48559,0.797693,0.573862,0.103229,0.001433,0.79611,0.560327,0.099062,0.001583,104,85,43,549,1,0
2486,1,5.434402,4.344845,1.089557,781,spongent,OMNeT++; module=UavAuthNetwork.uav[6]; config=StadiumSPONGENT,1.927163,0.57286,0.252117,1.147153,0.244646,1.093825,0.472637,1.147153,2.320945,0.172502,0.123376,0.844911,StadiumSPONGENT,StadiumSPONGENT-0-20260810-14:59:32-739851,6,StadiumSPONGENT-0-20260810-14:59:32-739851|phase2|6,0,0,0,spongent,10,,,,1.514177,0.472637,0.807581,0.571748,0.100154,0.001312,0.792773,0.561119,0.098241,0.001463,104,85,43,549,1,0
2487,1,5.422146,4.365251,1.056895,781,spongent,OMNeT++; module=UavAuthNetwork.uav[7]; config=StadiumSPONGENT,1.931211,0.564134,0.242171,1.155688,0.214395,1.087223,0.479679,1.155688,2.333798,0.188,0.122664,0.8425,StadiumSPONGENT,StadiumSPONGENT-0-20260810-14:59:32-739851,7,StadiumSPONGENT-0-20260810-14:59:32-739851|phase2|7,0,0,0,spongent,10,,,,1.487066,0.479679,0.805416,0.581286,0.103129,0.001302,0.790119,0.559194,0.098301,0.001633,104,85,43,549,1,0
2488,1,5.460957,4.391249,1.069708,781,spongent,OMNeT++; module=UavAuthNetwork.uav[8]; config=StadiumSPONGENT,1.952349,0.567069,0.258842,1.157972,0.223481,1.106859,0.481893,1.157972,2.324731,0.217914,0.122956,0.846227,StadiumSPONGENT,StadiumSPONGENT-0-20260810-14:59:32-739851,8,StadiumSPONGENT-0-20260810-14:59:32-739851|phase2|8,0,0,0,spongent,10,,,,1.546465,0.481893,0.801158,0.582388,0.101226,0.001352,0.783266,0.571056,0.098651,0.001493,104,85,43,549,1,0
2489,1,5.412604,4.330748,1.081856,781,spongent,OMNeT++; module=UavAuthNetwork.uav[9]; config=StadiumSPONGENT,1.911103,0.58387,0.263986,1.147914,0.224282,1.085931,0.477155,1.147914,2.308592,0.158638,0.123817,0.857574,StadiumSPONGENT,StadiumSPONGENT-0-20260810-14:59:32-739851,9,StadiumSPONGENT-0-20260810-14:59:32-739851|phase2|9,0,0,0,spongent,10,,,,1.50448,0.477155,0.794778,0.577318,0.100184,0.001833,0.794646,0.564595,0.101386,0.001663,104,85,43,549,1,0
2490,1,5.849514,4.787707,1.061807,781,spongent,OMNeT++; module=UavAuthNetwork.uav[0]; config=StadiumSPONGENT,1.950185,0.584241,0.268297,1.356627,0.224628,1.098413,0.483897,1.356627,2.340882,0.158713,0.124268,0.837179,StadiumSPONGENT,StadiumSPONGENT-1-20260810-14:59:32-739851,0,StadiumSPONGENT-1-20260810-14:59:32-739851|phase2|0,1,1,1,spongent,10,,,,1.488817,0.483897,0.985396,0.584672,0.126312,0.002034,0.803464,0.572039,0.100845,0.002174,104,85,43,549,1,0
2491,1,5.444986,4.382873,1.062113,781,spongent,OMNeT++; module=UavAuthNetwork.uav[1]; config=StadiumSPONGENT,1.924087,0.581516,0.264262,1.145179,0.225093,1.100998,0.467266,1.145179,2.366808,0.175273,0.168428,0.83702,StadiumSPONGENT,StadiumSPONGENT-1-20260810-14:59:32-739851,1,StadiumSPONGENT-1-20260810-14:59:32-739851|phase2|1,1,1,1,spongent,10,,,,1.501648,0.467266,0.79698,0.572058,0.101607,0.002054,0.796599,0.561449,0.103841,0.001934,104,85,43,549,1,0
2492,1,5.682281,4.587722,1.094559,781,spongent,OMNeT++; module=UavAuthNetwork.uav[2]; config=StadiumSPONGENT,2.112382,0.604528,0.252213,1.16149,0.236517,1.191274,0.519091,1.16149,2.37301,0.169952,0.15236,0.858041,StadiumSPONGENT,StadiumSPONGENT-1-20260810-14:59:32-739851,2,StadiumSPONGENT-1-20260810-14:59:32-739851|phase2|2,1,1,1,spongent,10,,,,1.516723,0.519091,0.804093,0.608375,0.112135,0.001543,0.798754,0.579703,0.100534,0.002474,104,85,43,549,1,0
2493,1,5.85931,4.779008,1.080302,781,spongent,OMNeT++; module=UavAuthNetwork.uav[3]; config=StadiumSPONGENT,2.328528,0.581386,0.252408,1.158593,0.246567,1.313287,0.649721,1.158593,2.332516,0.165107,0.133294,0.833735,StadiumSPONGENT,StadiumSPONGENT-1-20260810-14:59:32-739851,3,StadiumSPONGENT-1-20260810-14:59:32-739851|phase2|3,1,1,1,spongent,10,,,,1.497817,0.649721,0.803813,0.575906,0.114841,0.001443,0.795568,0.578762,0.100133,0.002094,104,85,43,549,1,0
2494,1,5.919185,4.852306,1.066879,781,spongent,OMNeT++; module=UavAuthNetwork.uav[4]; config=StadiumSPONGENT,2.397565,0.576537,0.271349,1.165026,0.216598,1.27149,0.740338,1.165026,2.456062,0.179885,0.124689,0.850281,StadiumSPONGENT,StadiumSPONGENT-1-20260810-14:59:32-739851,4,StadiumSPONGENT-1-20260810-14:59:32-739851|phase2|4,1,1,1,spongent,10,,,,1.518113,0.740338,0.794967,0.62207,0.104231,0.001492,0.81332,0.619084,0.105893,0.002405,104,85,43,549,1,0
2495,1,5.476638,4.388865,1.087773,781,spongent,OMNeT++; module=UavAuthNetwork.uav[5]; config=StadiumSPONGENT,1.932833,0.574564,0.242388,1.144638,0.216014,1.091911,0.484428,1.144638,2.54195,0.159153,0.166756,0.871759,StadiumSPONGENT,StadiumSPONGENT-1-20260810-14:59:32-739851,5,StadiumSPONGENT-1-20260810-14:59:32-739851|phase2|5,1,1,1,spongent,10,,,,1.489314,0.484428,0.796811,0.57215,0.103159,0.002525,0.793895,0.565357,0.09846,0.002184,104,85,43,549,1,0
2496,1,5.994952,4.915091,1.079861,781,spongent,OMNeT++; module=UavAuthNetwork.uav[6]; config=StadiumSPONGENT,2.494463,0.583831,0.283112,1.148686,0.221452,1.616323,0.497061,1.148686,2.319622,0.202522,0.123256,0.858409,StadiumSPONGENT,StadiumSPONGENT-1-20260810-14:59:32-739851,6,StadiumSPONGENT-1-20260810-14:59:32-739851|phase2|6,1,1,1,spongent,10,,,,1.565495,0.497061,0.793734,0.573713,0.121503,0.001413,0.795669,0.568301,0.098951,0.001723,104,85,43,549,1,0
2497,1,5.455086,4.372587,1.082499,781,spongent,OMNeT++; module=UavAuthNetwork.uav[7]; config=StadiumSPONGENT,1.930299,0.592136,0.244929,1.151391,0.225607,1.105787,0.4693,1.151391,2.315525,0.185028,0.139506,0.856891,StadiumSPONGENT,StadiumSPONGENT-1-20260810-14:59:32-739851,7,StadiumSPONGENT-1-20260810-14:59:32-739851|phase2|7,1,1,1,spongent,10,,,,1.512456,0.4693,0.802522,0.572449,0.103069,0.001834,0.806449,0.568843,0.098931,0.001593,104,85,43,549,1,0
2498,1,5.591036,4.463633,1.127403,781,spongent,OMNeT++; module=UavAuthNetwork.uav[8]; config=StadiumSPONGENT,2.03487,0.574733,0.255804,1.15086,0.244446,1.187727,0.477786,1.15086,2.474536,0.173615,0.127043,0.882957,StadiumSPONGENT,StadiumSPONGENT-1-20260810-14:59:32-739851,8,StadiumSPONGENT-1-20260810-14:59:32-739851|phase2|8,1,1,1,spongent,10,,,,1.556823,0.477786,0.806739,0.573692,0.103179,0.001523,0.79085,0.576567,0.09829,0.001573,104,85,43,549,1,0
2499,1,5.430253,4.350554,1.079699,781,spongent,OMNeT++; module=UavAuthNetwork.uav[9]; config=StadiumSPONGENT,1.922314,0.575835,0.246992,1.152562,0.223261,1.088746,0.48022,1.152562,2.320294,0.161871,0.123116,0.856438,StadiumSPONGENT,StadiumSPONGENT-1-20260810-14:59:32-739851,9,StadiumSPONGENT-1-20260810-14:59:32-739851|phase2|9,1,1,1,spongent,10,,,,1.488561,0.48022,0.794457,0.581396,0.10401,0.001343,0.794246,0.566258,0.098731,0.001703,104,85,43,549,1,0
2500,1,5.706827,4.629638,1.077189,781,spongent,OMNeT++; module=UavAuthNetwork.uav[0]; config=StadiumSPONGENT,2.186919,0.573722,0.271861,1.158424,0.220613,1.308318,0.491842,1.158424,2.338287,0.180079,0.125871,0.856576,StadiumSPONGENT,StadiumSPONGENT-10-20260810-14:59:34-739851,0,StadiumSPONGENT-10-20260810-14:59:34-739851|phase2|0,10,10,10,spongent,10,,,,1.529129,0.491842,0.811658,0.576076,0.120461,0.001663,0.791492,0.566217,0.100114,0.001943,104,85,43,549,1,0
2501,1,5.456941,4.378426,1.078515,781,spongent,OMNeT++; module=UavAuthNetwork.uav[1]; config=StadiumSPONGENT,1.942591,0.569223,0.246353,1.155809,0.244752,1.094437,0.482925,1.155809,2.336693,0.16052,0.124217,0.833763,StadiumSPONGENT,StadiumSPONGENT-10-20260810-14:59:34-739851,1,StadiumSPONGENT-10-20260810-14:59:34-739851|phase2|1,10,10,10,spongent,10,,,,1.485388,0.482925,0.802561,0.577358,0.110162,0.001323,0.792041,0.563203,0.098792,0.002094,104,85,43,549,1,0
2502,1,5.727065,4.63187,1.095195,781,spongent,OMNeT++; module=UavAuthNetwork.uav[2]; config=StadiumSPONGENT,1.930619,0.571958,0.257365,1.288001,0.241705,1.094176,0.480831,1.288001,2.473975,0.177806,0.125249,0.85349,StadiumSPONGENT,StadiumSPONGENT-10-20260810-14:59:34-739851,2,StadiumSPONGENT-10-20260810-14:59:34-739851|phase2|2,10,10,10,spongent,10,,,,1.530366,0.480831,0.825795,0.682131,0.107557,0.001623,0.802661,0.586254,0.125189,0.001793,104,85,43,549,1,0
2503,1,5.44143,4.372425,1.069005,781,spongent,OMNeT++; module=UavAuthNetwork.uav[3]; config=StadiumSPONGENT,1.951247,0.576968,0.239393,1.147914,0.214147,1.097361,0.491571,1.147914,2.327907,0.164677,0.12535,0.854859,StadiumSPONGENT,StadiumSPONGENT-10-20260810-14:59:34-739851,3,StadiumSPONGENT-10-20260810-14:59:34-739851|phase2|3,10,10,10,spongent,10,,,,1.473075,0.491571,0.796391,0.576717,0.107246,0.001383,0.793956,0.568562,0.099142,0.001683,104,85,43,549,1,0
2504,1,5.410583,4.363187,1.047396,781,spongent,OMNeT++; module=UavAuthNetwork.uav[4]; config=StadiumSPONGENT,1.937792,0.575275,0.243489,1.1512,0.214543,1.092192,0.486542,1.1512,2.31851,0.170936,0.122995,0.832853,StadiumSPONGENT,StadiumSPONGENT-10-20260810-14:59:34-739851,4,StadiumSPONGENT-10-20260810-14:59:34-739851|phase2|4,10,10,10,spongent,10,,,,1.461821,0.486542,0.803463,0.574954,0.100344,0.001283,0.793984,0.5675,0.09827,0.001553,104,85,43,549,1,0
2505,1,5.466589,4.380219,1.08637,781,spongent,OMNeT++; module=UavAuthNetwork.uav[5]; config=StadiumSPONGENT,1.912917,0.565997,0.263438,1.171207,0.246385,1.089266,0.469421,1.171207,2.442086,0.17407,0.124888,0.839986,StadiumSPONGENT,StadiumSPONGENT-10-20260810-14:59:34-739851,5,StadiumSPONGENT-10-20260810-14:59:34-739851|phase2|5,10,10,10,spongent,10,,,,1.523878,0.469421,0.804214,0.598157,0.099142,0.001562,0.813482,0.604258,0.102176,0.001693,104,85,43,549,1,0
2506,1,5.440532,4.373678,1.066854,781,spongent,OMNeT++; module=UavAuthNetwork.uav[6]; config=StadiumSPONGENT,1.941048,0.572329,0.268554,1.154717,0.222836,1.096029,0.482565,1.154717,2.32944,0.175809,0.123196,0.844018,StadiumSPONGENT,StadiumSPONGENT-10-20260810-14:59:34-739851,6,StadiumSPONGENT-10-20260810-14:59:34-739851|phase2|6,10,10,10,spongent,10,,,,1.511218,0.482565,0.797121,0.585974,0.105284,0.001393,0.787804,0.56744,0.09818,0.001452,104,85,43,549,1,0
2507,1,5.423778,4.332092,1.091686,781,spongent,OMNeT++; module=UavAuthNetwork.uav[7]; config=StadiumSPONGENT,1.91972,0.576477,0.24798,1.145009,0.228001,1.085079,0.484628,1.145009,2.309825,0.164701,0.122354,0.863685,StadiumSPONGENT,StadiumSPONGENT-10-20260810-14:59:34-739851,7,StadiumSPONGENT-10-20260810-14:59:34-739851|phase2|7,10,10,10,spongent,10,,,,1.504367,0.484628,0.793855,0.577408,0.099562,0.001272,0.792864,0.563422,0.098039,0.001463,104,85,43,549,1,0
2508,1,5.42609,4.319879,1.106211,781,spongent,OMNeT++; module=UavAuthNetwork.uav[8]; config=StadiumSPONGENT,1.913978,0.579743,0.257795,1.141663,0.232546,1.088636,0.474861,1.141663,2.308592,0.171144,0.122575,0.873665,StadiumSPONGENT,StadiumSPONGENT-10-20260810-14:59:34-739851,8,StadiumSPONGENT-10-20260810-14:59:34-739851|phase2|8,10,10,10,spongent,10,,,,1.53515,0.474861,0.791951,0.577489,0.099262,0.001303,0.788295,0.564535,0.102298,0.001462,104,85,43,549,1,0
2509,1,5.38389,4.312715,1.071175,781,spongent,OMNeT++; module=UavAuthNetwork.uav[9]; config=StadiumSPONGENT,1.906404,0.573912,0.240258,1.141803,0.231153,1.082164,0.477435,1.141803,2.31324,0.18781,0.122705,0.840022,StadiumSPONGENT,StadiumSPONGENT-10-20260810-14:59:34-739851,9,StadiumSPONGENT-10-20260810-14:59:34-739851|phase2|9,10,10,10,spongent,10,,,,1.499243,0.477435,0.789807,0.576467,0.099312,0.001263,0.79119,0.568121,0.097618,0.001423,104,85,43,549,1,0
2510,1,5.826654,4.733286,1.093368,781,spongent,OMNeT++; module=UavAuthNetwork.uav[0]; config=StadiumSPONGENT,1.954693,0.574383,0.257676,1.326301,0.224923,1.102491,0.475182,1.326301,2.432318,0.164035,0.125991,0.868444,StadiumSPONGENT,StadiumSPONGENT-11-20260810-14:59:34-739851,0,StadiumSPONGENT-11-20260810-14:59:34-739851|phase2|0,11,11,11,spongent,10,,,,1.51508,0.475182,0.881265,0.662895,0.130621,0.001764,0.871507,0.56191,0.104141,0.002013,104,85,43,549,1,0
2511,1,5.485539,4.387905,1.097634,781,spongent,OMNeT++; module=UavAuthNetwork.uav[1]; config=StadiumSPONGENT,1.961776,0.693081,0.240961,1.151171,0.249187,1.094407,0.479559,1.151171,2.324441,0.159789,0.123787,0.848447,StadiumSPONGENT,StadiumSPONGENT-11-20260810-14:59:34-739851,1,StadiumSPONGENT-11-20260810-14:59:34-739851|phase2|1,11,11,11,spongent,10,,,,1.498384,0.479559,0.821306,0.581686,0.104452,0.001623,0.887516,0.574364,0.117926,0.001954,104,85,43,549,1,0
2512,1,5.469922,4.362245,1.107677,781,spongent,OMNeT++; module=UavAuthNetwork.uav[2]; config=StadiumSPONGENT,1.928124,0.575586,0.247292,1.152913,0.226219,1.092352,0.481743,1.152913,2.330482,0.164414,0.128295,0.881458,StadiumSPONGENT,StadiumSPONGENT-11-20260810-14:59:34-739851,2,StadiumSPONGENT-11-20260810-14:59:34-739851|phase2|2,11,11,11,spongent,10,,,,1.519383,0.481743,0.801619,0.576086,0.100755,0.001343,0.792592,0.569513,0.101135,0.001613,104,85,43,549,1,0
2513,1,5.545883,4.477007,1.068876,781,spongent,OMNeT++; module=UavAuthNetwork.uav[3]; config=StadiumSPONGENT,1.916243,0.593909,0.251043,1.207103,0.228673,1.087613,0.477115,1.207103,2.383429,0.167662,0.146558,0.840203,StadiumSPONGENT,StadiumSPONGENT-11-20260810-14:59:34-739851,3,StadiumSPONGENT-11-20260810-14:59:34-739851|phase2|3,11,11,11,spongent,10,,,,1.48758,0.477115,0.854255,0.574853,0.103039,0.001643,0.808732,0.565467,0.098721,0.002735,104,85,43,549,1,0
2514,1,5.450558,4.365031,1.085527,781,spongent,OMNeT++; module=UavAuthNetwork.uav[4]; config=StadiumSPONGENT,1.943272,0.576307,0.265353,1.149327,0.221942,1.099716,0.482365,1.149327,2.325573,0.167503,0.123105,0.863585,StadiumSPONGENT,StadiumSPONGENT-11-20260810-14:59:34-739851,4,StadiumSPONGENT-11-20260810-14:59:34-739851|phase2|4,11,11,11,spongent,10,,,,1.518382,0.482365,0.800437,0.579351,0.102628,0.001473,0.79682,0.563162,0.098181,0.001613,104,85,43,549,1,0
2515,1,5.408939,4.324436,1.084503,781,spongent,OMNeT++; module=UavAuthNetwork.uav[5]; config=StadiumSPONGENT,1.906685,0.565967,0.245965,1.147423,0.230898,1.082254,0.475922,1.147423,2.343175,0.158987,0.122905,0.853604,StadiumSPONGENT,StadiumSPONGENT-11-20260810-14:59:34-739851,5,StadiumSPONGENT-11-20260810-14:59:34-739851|phase2|5,11,11,11,spongent,10,,,,1.489455,0.475922,0.794256,0.577499,0.099392,0.001302,0.784949,0.575005,0.097628,0.001463,104,85,43,549,1,0
2516,1,5.536438,4.451481,1.084957,781,spongent,OMNeT++; module=UavAuthNetwork.uav[6]; config=StadiumSPONGENT,2.017057,0.57307,0.244245,1.155629,0.22831,1.111919,0.547393,1.155629,2.314442,0.186199,0.123166,0.856647,StadiumSPONGENT,StadiumSPONGENT-11-20260810-14:59:34-739851,6,StadiumSPONGENT-11-20260810-14:59:34-739851|phase2|6,11,11,11,spongent,10,,,,1.515402,0.547393,0.799666,0.581225,0.107296,0.001482,0.79136,0.565267,0.098219,0.001603,104,85,43,549,1,0
2517,1,5.425289,4.339244,1.086045,781,spongent,OMNeT++; module=UavAuthNetwork.uav[7]; config=StadiumSPONGENT,1.911394,0.573992,0.266334,1.152643,0.237234,1.083416,0.477586,1.152643,2.331354,0.191715,0.122564,0.848811,StadiumSPONGENT,StadiumSPONGENT-11-20260810-14:59:34-739851,7,StadiumSPONGENT-11-20260810-14:59:34-739851|phase2|7,11,11,11,spongent,10,,,,1.544095,0.477586,0.798854,0.579592,0.099252,0.001362,0.789588,0.572299,0.09791,0.001432,104,85,43,549,1,0
2518,1,5.422279,4.351507,1.070772,781,spongent,OMNeT++; module=UavAuthNetwork.uav[8]; config=StadiumSPONGENT,1.908218,0.576917,0.274334,1.157412,0.224642,1.082885,0.476965,1.157412,2.452075,0.162587,0.128465,0.84613,StadiumSPONGENT,StadiumSPONGENT-11-20260810-14:59:34-739851,8,StadiumSPONGENT-11-20260810-14:59:34-739851|phase2|8,11,11,11,spongent,10,,,,1.507693,0.476965,0.797693,0.57246,0.111704,0.001383,0.793404,0.566419,0.097719,0.001583,104,85,43,549,1,0
2519,1,5.477273,4.37975,1.097523,781,spongent,OMNeT++; module=UavAuthNetwork.uav[9]; config=StadiumSPONGENT,1.961476,0.60036,0.272615,1.147524,0.227125,1.092222,0.476393,1.147524,2.338748,0.158696,0.123226,0.870398,StadiumSPONGENT,StadiumSPONGENT-11-20260810-14:59:34-739851,9,StadiumSPONGENT-11-20260810-14:59:34-739851|phase2|9,11,11,11,spongent,10,,,,1.528833,0.476393,0.842784,0.571748,0.101586,0.001453,0.786823,0.593016,0.100805,0.001593,104,85,43,549,1,0
2520,1,5.353343,4.246414,1.106929,781,spongent,OMNeT++; module=UavAuthNetwork.uav[0]; config=StadiumSPONGENT,1.859258,0.554677,0.25884,1.130202,0.238151,1.05241,0.461606,1.130202,2.277746,0.170008,0.126752,0.868778,StadiumSPONGENT,StadiumSPONGENT-12-20260810-14:59:34-739851,0,StadiumSPONGENT-12-20260810-14:59:34-739851|phase2|0,12,12,12,spongent,10,,,,1.535777,0.461606,0.79111,0.554396,0.106466,0.001914,0.763481,0.542815,0.095374,0.002014,104,85,43,549,1,0
2521,1,5.416925,4.324938,1.091987,781,spongent,OMNeT++; module=UavAuthNetwork.uav[1]; config=StadiumSPONGENT,1.929346,0.568202,0.239338,1.135552,0.22682,1.101689,0.472677,1.135552,2.329971,0.163702,0.124488,0.865167,StadiumSPONGENT,StadiumSPONGENT-12-20260810-14:59:34-739851,1,StadiumSPONGENT-12-20260810-14:59:34-739851|phase2|1,12,12,12,spongent,10,,,,1.495028,0.472677,0.788004,0.577699,0.100134,0.001383,0.791631,0.561249,0.105735,0.001793,104,85,43,549,1,0
2522,1,5.341258,4.239902,1.101356,781,spongent,OMNeT++; module=UavAuthNetwork.uav[2]; config=StadiumSPONGENT,1.907386,0.554857,0.240244,1.103623,0.23741,1.09102,0.479078,1.103623,2.373782,0.166264,0.12527,0.863946,StadiumSPONGENT,StadiumSPONGENT-12-20260810-14:59:34-739851,2,StadiumSPONGENT-12-20260810-14:59:34-739851|phase2|2,12,12,12,spongent,10,,,,1.507864,0.479078,0.768358,0.551521,0.096677,0.001482,0.78591,0.564936,0.118798,0.001623,104,85,43,549,1,0
2523,1,5.483703,4.408472,1.075231,781,spongent,OMNeT++; module=UavAuthNetwork.uav[3]; config=StadiumSPONGENT,1.934667,0.575285,0.252143,1.174974,0.229802,1.094135,0.484358,1.174974,2.343516,0.192197,0.123857,0.845429,StadiumSPONGENT,StadiumSPONGENT-12-20260810-14:59:34-739851,3,StadiumSPONGENT-12-20260810-14:59:34-739851|phase2|3,12,12,12,spongent,10,,,,1.51957,0.484358,0.799124,0.600792,0.102989,0.001383,0.795889,0.5784,0.100854,0.001513,104,85,43,549,1,0
2524,1,6.22156,5.140965,1.080595,781,spongent,OMNeT++; module=UavAuthNetwork.uav[4]; config=StadiumSPONGENT,1.935077,0.760715,0.266453,1.539072,0.230433,1.093775,0.48581,1.539072,2.379612,0.173944,0.127744,0.850161,StadiumSPONGENT,StadiumSPONGENT-12-20260810-14:59:34-739851,4,StadiumSPONGENT-12-20260810-14:59:34-739851|phase2|4,12,12,12,spongent,10,,,,1.520991,0.48581,1.014188,0.717616,0.133876,0.001963,0.96101,0.604228,0.115782,0.002124,104,85,43,549,1,0
2525,1,5.487631,4.40821,1.079421,781,spongent,OMNeT++; module=UavAuthNetwork.uav[5]; config=StadiumSPONGENT,1.944364,0.569754,0.246278,1.169604,0.245427,1.09629,0.489708,1.169604,2.329962,0.223925,0.124638,0.833995,StadiumSPONGENT,StadiumSPONGENT-12-20260810-14:59:34-739851,5,StadiumSPONGENT-12-20260810-14:59:34-739851|phase2|5,12,12,12,spongent,10,,,,1.549625,0.489708,0.801288,0.592626,0.101207,0.001443,0.786252,0.573361,0.102818,0.001593,104,85,43,549,1,0
2526,1,5.490855,4.389788,1.101067,781,spongent,OMNeT++; module=UavAuthNetwork.uav[6]; config=StadiumSPONGENT,1.959933,0.574053,0.251017,1.148846,0.264323,1.089076,0.514954,1.148846,2.314353,0.168781,0.132163,0.836745,StadiumSPONGENT,StadiumSPONGENT-12-20260810-14:59:34-739851,6,StadiumSPONGENT-12-20260810-14:59:34-739851|phase2|6,12,12,12,spongent,10,,,,1.520866,0.514954,0.792413,0.581657,0.102908,0.001533,0.787883,0.567831,0.09832,0.001543,104,85,43,549,1,0
2527,1,6.206844,5.125786,1.081058,781,spongent,OMNeT++; module=UavAuthNetwork.uav[7]; config=StadiumSPONGENT,2.2858,0.77506,0.272544,1.357969,0.237451,1.197495,0.694283,1.357969,2.316597,0.163186,0.124048,0.843607,StadiumSPONGENT,StadiumSPONGENT-12-20260810-14:59:34-739851,7,StadiumSPONGENT-12-20260810-14:59:34-739851|phase2|7,12,12,12,spongent,10,,,,1.516788,0.694283,1.00338,0.610289,0.10938,0.001723,0.934633,0.595711,0.119379,0.002505,104,85,43,549,1,0
2528,1,5.397915,4.338904,1.059011,781,spongent,OMNeT++; module=UavAuthNetwork.uav[8]; config=StadiumSPONGENT,1.923987,0.577609,0.251088,1.144408,0.223308,1.087103,0.483236,1.144408,2.316336,0.171433,0.126101,0.835702,StadiumSPONGENT,StadiumSPONGENT-12-20260810-14:59:34-739851,8,StadiumSPONGENT-12-20260810-14:59:34-739851|phase2|8,12,12,12,spongent,10,,,,1.481531,0.483236,0.792352,0.576297,0.099672,0.001333,0.792073,0.56723,0.097408,0.001493,104,85,43,549,1,0
2529,1,5.399703,4.344955,1.054748,781,spongent,OMNeT++; module=UavAuthNetwork.uav[9]; config=StadiumSPONGENT,1.918347,0.577248,0.260527,1.151721,0.215956,1.087724,0.480821,1.151721,2.372829,0.163377,0.123166,0.838793,StadiumSPONGENT,StadiumSPONGENT-12-20260810-14:59:34-739851,9,StadiumSPONGENT-12-20260810-14:59:34-739851|phase2|9,12,12,12,spongent,10,,,,1.478653,0.480821,0.789777,0.586646,0.099583,0.001463,0.792602,0.569244,0.099724,0.001533,104,85,43,549,1,0
2530,1,5.525167,4.440639,1.084528,781,spongent,OMNeT++; module=UavAuthNetwork.uav[0]; config=StadiumSPONGENT,1.990299,0.575715,0.241463,1.162811,0.225225,1.12326,0.484929,1.162811,2.346842,0.162647,0.124718,0.859302,StadiumSPONGENT,StadiumSPONGENT-13-20260810-14:59:35-739851,0,StadiumSPONGENT-13-20260810-14:59:35-739851|phase2|0,13,13,13,spongent,10,,,,1.488638,0.484929,0.806599,0.58394,0.125039,0.001592,0.797271,0.574012,0.099933,0.001973,104,85,43,549,1,0
2531,1,5.436465,4.376843,1.059622,781,spongent,OMNeT++; module=UavAuthNetwork.uav[1]; config=StadiumSPONGENT,1.920641,0.579102,0.249729,1.16233,0.224977,1.088345,0.47439,1.16233,2.381556,0.175195,0.131542,0.834645,StadiumSPONGENT,StadiumSPONGENT-13-20260810-14:59:35-739851,1,StadiumSPONGENT-13-20260810-14:59:35-739851|phase2|1,13,13,13,spongent,10,,,,1.484546,0.47439,0.805497,0.584983,0.102818,0.001773,0.793495,0.575115,0.100735,0.002855,104,85,43,549,1,0
2532,1,5.476535,4.417517,1.059018,781,spongent,OMNeT++; module=UavAuthNetwork.uav[2]; config=StadiumSPONGENT,1.990138,0.57824,0.248704,1.151751,0.217915,1.147433,0.483116,1.151751,2.350238,0.188824,0.123877,0.841103,StadiumSPONGENT,StadiumSPONGENT-13-20260810-14:59:35-739851,2,StadiumSPONGENT-13-20260810-14:59:35-739851|phase2|2,13,13,13,spongent,10,,,,1.496546,0.483116,0.793385,0.580995,0.106115,0.001502,0.810084,0.572479,0.10325,0.001804,104,85,43,549,1,0
2533,1,5.525291,4.459554,1.065737,781,spongent,OMNeT++; module=UavAuthNetwork.uav[3]; config=StadiumSPONGENT,1.923987,0.586055,0.243504,1.201402,0.221175,1.088866,0.484337,1.201402,2.335801,0.160917,0.132763,0.844562,StadiumSPONGENT,StadiumSPONGENT-13-20260810-14:59:35-739851,3,StadiumSPONGENT-13-20260810-14:59:35-739851|phase2|3,13,13,13,spongent,10,,,,1.470158,0.484337,0.816016,0.585323,0.123867,0.001533,0.803754,0.564525,0.107948,0.001663,104,85,43,549,1,0
2534,1,6.00399,4.909592,1.094398,781,spongent,OMNeT++; module=UavAuthNetwork.uav[4]; config=StadiumSPONGENT,1.955785,0.786181,0.25342,1.414654,0.244504,1.108882,0.483747,1.414654,2.336133,0.166249,0.124499,0.849894,StadiumSPONGENT,StadiumSPONGENT-13-20260810-14:59:35-739851,4,StadiumSPONGENT-13-20260810-14:59:35-739851|phase2|4,13,13,13,spongent,10,,,,1.514067,0.483747,1.049945,0.585795,0.112156,0.001623,0.953057,0.597085,0.118357,0.002464,104,85,43,549,1,0
2535,1,5.637857,4.572733,1.065124,781,spongent,OMNeT++; module=UavAuthNetwork.uav[5]; config=StadiumSPONGENT,1.947259,0.57281,0.239833,1.247457,0.227492,1.106428,0.47999,1.247457,2.347032,0.173954,0.13056,0.837632,StadiumSPONGENT,StadiumSPONGENT-13-20260810-14:59:35-739851,5,StadiumSPONGENT-13-20260810-14:59:35-739851|phase2|5,13,13,13,spongent,10,,,,1.478912,0.47999,0.800036,0.672453,0.103049,0.001513,0.793334,0.575685,0.100854,0.001863,104,85,43,549,1,0
2536,1,5.430872,4.376714,1.054158,781,spongent,OMNeT++; module=UavAuthNetwork.uav[6]; config=StadiumSPONGENT,1.946278,0.573731,0.255848,1.153495,0.217823,1.110035,0.482815,1.153495,2.428081,0.180746,0.123446,0.836334,StadiumSPONGENT,StadiumSPONGENT-13-20260810-14:59:35-739851,6,StadiumSPONGENT-13-20260810-14:59:35-739851|phase2|6,13,13,13,spongent,10,,,,1.490751,0.482815,0.794597,0.583408,0.100465,0.001463,0.789317,0.565748,0.09841,0.001543,104,85,43,549,1,0
2537,1,5.582831,4.463861,1.11897,781,spongent,OMNeT++; module=UavAuthNetwork.uav[7]; config=StadiumSPONGENT,1.940126,0.62724,0.251186,1.200019,0.254909,1.095809,0.48021,1.200019,2.341061,0.172139,0.123697,0.864061,StadiumSPONGENT,StadiumSPONGENT-13-20260810-14:59:35-739851,7,StadiumSPONGENT-13-20260810-14:59:35-739851|phase2|7,13,13,13,spongent,10,,,,1.542295,0.48021,0.837625,0.582678,0.115522,0.001503,0.827597,0.568422,0.116323,0.002134,104,85,43,549,1,0
2538,1,5.437424,4.349143,1.088281,781,spongent,OMNeT++; module=UavAuthNetwork.uav[8]; config=StadiumSPONGENT,1.932333,0.576788,0.280534,1.14584,0.233066,1.092402,0.483377,1.14584,2.314753,0.167972,0.12513,0.855215,StadiumSPONGENT,StadiumSPONGENT-13-20260810-14:59:35-739851,8,StadiumSPONGENT-13-20260810-14:59:35-739851|phase2|8,13,13,13,spongent,10,,,,1.536786,0.483377,0.794135,0.579362,0.100926,0.001362,0.790289,0.565477,0.098291,0.001483,104,85,43,549,1,0
2539,1,5.41549,4.325639,1.089851,781,spongent,OMNeT++; module=UavAuthNetwork.uav[9]; config=StadiumSPONGENT,1.907416,0.578,0.252162,1.146191,0.229412,1.084388,0.472456,1.146191,2.44984,0.163607,0.125841,0.860439,StadiumSPONGENT,StadiumSPONGENT-13-20260810-14:59:35-739851,9,StadiumSPONGENT-13-20260810-14:59:35-739851|phase2|9,13,13,13,spongent,10,,,,1.50562,0.472456,0.793464,0.579403,0.099512,0.001613,0.793454,0.638039,0.09813,0.001684,104,85,43,549,1,0
2540,1,5.377026,4.299832,1.077194,781,spongent,OMNeT++; module=UavAuthNetwork.uav[0]; config=StadiumSPONGENT,1.87623,0.576848,0.254192,1.149617,0.226805,1.069621,0.460764,1.149617,2.391994,0.172157,0.124368,0.850389,StadiumSPONGENT,StadiumSPONGENT-14-20260810-14:59:35-739851,0,StadiumSPONGENT-14-20260810-14:59:35-739851|phase2|0,14,14,14,spongent,10,,,,1.503543,0.460764,0.791281,0.571968,0.106644,0.001583,0.844849,0.576577,0.101878,0.002003,104,85,43,549,1,0
2541,1,5.408844,4.344433,1.064411,781,spongent,OMNeT++; module=UavAuthNetwork.uav[1]; config=StadiumSPONGENT,1.935939,0.566148,0.264954,1.142764,0.220771,1.10741,0.471635,1.142764,2.32428,0.170504,0.122966,0.84364,StadiumSPONGENT,StadiumSPONGENT-14-20260810-14:59:35-739851,1,StadiumSPONGENT-14-20260810-14:59:35-739851|phase2|1,14,14,14,spongent,10,,,,1.499869,0.471635,0.800658,0.572088,0.100634,0.001393,0.79157,0.559186,0.099393,0.001483,104,85,43,549,1,0
2542,1,5.263661,4.190532,1.073129,781,spongent,OMNeT++; module=UavAuthNetwork.uav[2]; config=StadiumSPONGENT,1.861672,0.54532,0.259661,1.105176,0.228966,1.060755,0.460885,1.105176,2.238744,0.168213,0.118508,0.844162,StadiumSPONGENT,StadiumSPONGENT-14-20260810-14:59:35-739851,2,StadiumSPONGENT-14-20260810-14:59:35-739851|phase2|2,14,14,14,spongent,10,,,,1.501002,0.460885,0.769801,0.555579,0.095805,0.001252,0.756787,0.545521,0.094262,0.001423,104,85,43,549,1,0
2543,1,5.277867,4.180563,1.097304,781,spongent,OMNeT++; module=UavAuthNetwork.uav[3]; config=StadiumSPONGENT,1.841736,0.548525,0.260087,1.110205,0.235978,1.046478,0.456868,1.110205,2.295488,0.163075,0.118417,0.861326,StadiumSPONGENT,StadiumSPONGENT-14-20260810-14:59:35-739851,3,StadiumSPONGENT-14-20260810-14:59:35-739851|phase2|3,14,14,14,spongent,10,,,,1.520466,0.456868,0.7746,0.555888,0.095886,0.001232,0.765222,0.557472,0.097197,0.001382,104,85,43,549,1,0
2544,1,5.384712,4.318928,1.065784,781,spongent,OMNeT++; module=UavAuthNetwork.uav[4]; config=StadiumSPONGENT,1.870279,0.549678,0.258447,1.162431,0.22163,1.043052,0.459873,1.162431,2.343916,0.168925,0.123787,0.844155,StadiumSPONGENT,StadiumSPONGENT-14-20260810-14:59:35-739851,4,StadiumSPONGENT-14-20260810-14:59:35-739851|phase2|4,14,14,14,spongent,10,,,,1.493156,0.459873,0.835993,0.572508,0.098271,0.001372,0.784909,0.563293,0.098641,0.001754,104,85,43,549,1,0
2545,1,5.358441,4.299382,1.059059,781,spongent,OMNeT++; module=UavAuthNetwork.uav[5]; config=StadiumSPONGENT,1.919609,0.565016,0.256988,1.128088,0.218868,1.085089,0.482384,1.128088,2.366408,0.179446,0.123597,0.840192,StadiumSPONGENT,StadiumSPONGENT-14-20260810-14:59:35-739851,5,StadiumSPONGENT-14-20260810-14:59:35-739851|phase2|5,14,14,14,spongent,10,,,,1.495493,0.482384,0.778367,0.57861,0.097047,0.001473,0.80213,0.560788,0.115331,0.001592,104,85,43,549,1,0
2546,1,5.515638,4.441992,1.073646,781,spongent,OMNeT++; module=UavAuthNetwork.uav[6]; config=StadiumSPONGENT,1.924728,0.595292,0.240226,1.195862,0.225279,1.086582,0.479089,1.195862,2.356721,0.166027,0.12554,0.848367,StadiumSPONGENT,StadiumSPONGENT-14-20260810-14:59:35-739851,6,StadiumSPONGENT-14-20260810-14:59:35-739851|phase2|6,14,14,14,spongent,10,,,,1.479898,0.479089,0.825594,0.59457,0.107187,0.001483,0.810646,0.5673,0.102739,0.001573,104,85,43,549,1,0
2547,1,5.608424,4.537668,1.070756,781,spongent,OMNeT++; module=UavAuthNetwork.uav[7]; config=StadiumSPONGENT,2.066428,0.706745,0.242716,1.169093,0.232447,1.108091,0.502211,1.169093,2.340481,0.176601,0.133054,0.83831,StadiumSPONGENT,StadiumSPONGENT-14-20260810-14:59:35-739851,7,StadiumSPONGENT-14-20260810-14:59:35-739851|phase2|7,14,14,14,spongent,10,,,,1.490073,0.502211,0.868751,0.602564,0.125039,0.001813,0.871377,0.604127,0.11451,0.001963,104,85,43,549,1,0
2548,1,5.424751,4.354854,1.069897,781,spongent,OMNeT++; module=UavAuthNetwork.uav[8]; config=StadiumSPONGENT,1.923146,0.582177,0.269994,1.154226,0.222687,1.09109,0.475302,1.154226,2.324571,0.189737,0.123256,0.84721,StadiumSPONGENT,StadiumSPONGENT-14-20260810-14:59:35-739851,8,StadiumSPONGENT-14-20260810-14:59:35-739851|phase2|8,14,14,14,spongent,10,,,,1.529627,0.475302,0.797932,0.579674,0.102067,0.001332,0.79069,0.574013,0.099773,0.001523,104,85,43,549,1,0
2549,1,5.420611,4.338595,1.082016,781,spongent,OMNeT++; module=UavAuthNetwork.uav[9]; config=StadiumSPONGENT,1.921162,0.567761,0.26383,1.147294,0.234932,1.0911,0.473989,1.147294,2.326805,0.177455,0.122845,0.847085,StadiumSPONGENT,StadiumSPONGENT-14-20260810-14:59:35-739851,9,StadiumSPONGENT-14-20260810-14:59:35-739851|phase2|9,14,14,14,spongent,10,,,,1.523301,0.473989,0.805036,0.572489,0.099602,0.001433,0.79062,0.560839,0.098129,0.001743,104,85,43,549,1,0
2550,1,5.494563,4.398713,1.09585,781,spongent,OMNeT++; module=UavAuthNetwork.uav[0]; config=StadiumSPONGENT,1.955425,0.578099,0.275791,1.15664,0.214147,1.104094,0.476313,1.15664,2.328489,0.164518,0.130008,0.881703,StadiumSPONGENT,StadiumSPONGENT-15-20260810-14:59:35-739851,0,StadiumSPONGENT-15-20260810-14:59:35-739851|phase2|0,15,15,15,spongent,10,,,,1.536159,0.476313,0.799625,0.578651,0.120201,0.001844,0.79136,0.563604,0.104372,0.002455,104,85,43,549,1,0
2551,1,5.347508,4.293932,1.053576,781,spongent,OMNeT++; module=UavAuthNetwork.uav[1]; config=StadiumSPONGENT,1.922865,0.574734,0.244059,1.121366,0.215688,1.09105,0.482214,1.121366,2.291901,0.190796,0.128335,0.837888,StadiumSPONGENT,StadiumSPONGENT-15-20260810-14:59:35-739851,1,StadiumSPONGENT-15-20260810-14:59:35-739851|phase2|1,15,15,15,spongent,10,,,,1.488431,0.482214,0.792753,0.556269,0.097108,0.001333,0.791921,0.553795,0.097389,0.001472,104,85,43,549,1,0
2552,1,5.333802,4.268534,1.065268,781,spongent,OMNeT++; module=UavAuthNetwork.uav[2]; config=StadiumSPONGENT,1.851925,0.578651,0.257445,1.146942,0.229117,1.053442,0.458821,1.146942,2.258961,0.183743,0.122725,0.836151,StadiumSPONGENT,StadiumSPONGENT-15-20260810-14:59:35-739851,2,StadiumSPONGENT-15-20260810-14:59:35-739851|phase2|2,15,15,15,spongent,10,,,,1.506456,0.458821,0.792914,0.571898,0.09825,0.001273,0.79609,0.555248,0.096477,0.001433,104,85,43,549,1,0
2553,1,5.276221,4.202042,1.074179,781,spongent,OMNeT++; module=UavAuthNetwork.uav[3]; config=StadiumSPONGENT,1.856313,0.552733,0.254943,1.111487,0.220919,1.050966,0.467096,1.111487,2.243562,0.169919,0.122755,0.85326,StadiumSPONGENT,StadiumSPONGENT-15-20260810-14:59:35-739851,3,StadiumSPONGENT-15-20260810-14:59:35-739851|phase2|3,15,15,15,spongent,10,,,,1.499041,0.467096,0.772316,0.557853,0.096417,0.005059,0.75836,0.547192,0.099702,0.001383,104,85,43,549,1,0
2554,1,5.295336,4.229342,1.065994,781,spongent,OMNeT++; module=UavAuthNetwork.uav[4]; config=StadiumSPONGENT,1.840904,0.555298,0.260023,1.13468,0.224851,1.050115,0.454423,1.13468,2.275902,0.181402,0.119078,0.841143,StadiumSPONGENT,StadiumSPONGENT-15-20260810-14:59:35-739851,4,StadiumSPONGENT-15-20260810-14:59:35-739851|phase2|4,15,15,15,spongent,10,,,,1.507418,0.454423,0.777235,0.575515,0.096396,0.001222,0.783906,0.553865,0.096858,0.001422,104,85,43,549,1,0
2555,1,5.285179,4.21128,1.073899,781,spongent,OMNeT++; module=UavAuthNetwork.uav[5]; config=StadiumSPONGENT,1.855992,0.557723,0.240556,1.118531,0.231641,1.059472,0.459312,1.118531,2.236711,0.170998,0.118226,0.842258,StadiumSPONGENT,StadiumSPONGENT-15-20260810-14:59:35-739851,5,StadiumSPONGENT-15-20260810-14:59:35-739851|phase2|5,15,15,15,spongent,10,,,,1.485453,0.459312,0.774198,0.558003,0.100775,0.001212,0.765163,0.551351,0.095035,0.001382,104,85,43,549,1,0
2556,1,5.342197,4.239392,1.102805,781,spongent,OMNeT++; module=UavAuthNetwork.uav[6]; config=StadiumSPONGENT,1.844681,0.551581,0.249605,1.13434,0.238038,1.04774,0.462628,1.13434,2.308221,0.168368,0.126031,0.864766,StadiumSPONGENT,StadiumSPONGENT-15-20260810-14:59:35-739851,6,StadiumSPONGENT-15-20260810-14:59:35-739851|phase2|6,15,15,15,spongent,10,,,,1.520778,0.462628,0.767597,0.575726,0.103369,0.001252,0.77413,0.555277,0.101014,0.001422,104,85,43,549,1,0
2557,1,5.366036,4.269106,1.09693,781,spongent,OMNeT++; module=UavAuthNetwork.uav[7]; config=StadiumSPONGENT,1.860541,0.554076,0.241567,1.145189,0.256664,1.056758,0.466274,1.145189,2.290629,0.167459,0.118187,0.840266,StadiumSPONGENT,StadiumSPONGENT-15-20260810-14:59:35-739851,7,StadiumSPONGENT-15-20260810-14:59:35-739851|phase2|7,15,15,15,spongent,10,,,,1.505956,0.466274,0.778957,0.580604,0.09848,0.001233,0.770752,0.560407,0.101276,0.001462,104,85,43,549,1,0
2558,1,5.361689,4.273414,1.088275,781,spongent,OMNeT++; module=UavAuthNetwork.uav[8]; config=StadiumSPONGENT,1.855722,0.582949,0.244962,1.145189,0.252225,1.044856,0.460203,1.145189,2.373771,0.173991,0.127314,0.836051,StadiumSPONGENT,StadiumSPONGENT-15-20260810-14:59:35-739851,8,StadiumSPONGENT-15-20260810-14:59:35-739851|phase2|8,15,15,15,spongent,10,,,,1.507228,0.460203,0.793065,0.57319,0.105715,0.001743,0.826906,0.571789,0.111725,0.001783,104,85,43,549,1,0
2559,1,5.487979,4.410385,1.077594,781,spongent,OMNeT++; module=UavAuthNetwork.uav[9]; config=StadiumSPONGENT,1.951858,0.581046,0.252927,1.166779,0.228357,1.110055,0.48,1.166779,2.355989,0.17125,0.124969,0.849237,StadiumSPONGENT,StadiumSPONGENT-15-20260810-14:59:35-739851,9,StadiumSPONGENT-15-20260810-14:59:35-739851|phase2|9,15,15,15,spongent,10,,,,1.501771,0.48,0.815205,0.57836,0.104181,0.001432,0.800838,0.573441,0.099613,0.002003,104,85,43,549,1,0
2560,1,5.478845,4.40772,1.071125,781,spongent,OMNeT++; module=UavAuthNetwork.uav[0]; config=StadiumSPONGENT,1.971795,0.579903,0.259144,1.155518,0.229162,1.121887,0.47457,1.155518,2.329249,0.159704,0.124889,0.841963,StadiumSPONGENT,StadiumSPONGENT-16-20260810-14:59:35-739851,0,StadiumSPONGENT-16-20260810-14:59:35-739851|phase2|0,16,16,16,spongent,10,,,,1.489973,0.47457,0.79656,0.578049,0.12047,0.001663,0.791832,0.575386,0.099712,0.001923,104,85,43,549,1,0
2561,1,6.164046,5.10707,1.056976,781,spongent,OMNeT++; module=UavAuthNetwork.uav[1]; config=StadiumSPONGENT,2.65692,0.60027,0.260563,1.161669,0.216713,1.542347,0.67072,1.161669,2.314633,0.169818,0.126812,0.840264,StadiumSPONGENT,StadiumSPONGENT-16-20260810-14:59:35-739851,1,StadiumSPONGENT-16-20260810-14:59:35-739851|phase2|1,16,16,16,spongent,10,,,,1.487358,0.67072,0.830342,0.615999,0.124909,0.001563,0.781944,0.589091,0.104651,0.001914,104,85,43,549,1,0
2562,1,5.430046,4.371835,1.058211,781,spongent,OMNeT++; module=UavAuthNetwork.uav[2]; config=StadiumSPONGENT,1.923186,0.573872,0.253929,1.1619,0.216914,1.087794,0.477866,1.1619,2.348775,0.165188,0.124849,0.841297,StadiumSPONGENT,StadiumSPONGENT-16-20260810-14:59:35-739851,2,StadiumSPONGENT-16-20260810-14:59:35-739851|phase2|2,16,16,16,spongent,10,,,,1.477328,0.477866,0.807299,0.579481,0.102669,0.001522,0.790508,0.581747,0.111374,0.001733,104,85,43,549,1,0
2563,1,5.476928,4.413281,1.063647,781,spongent,OMNeT++; module=UavAuthNetwork.uav[3]; config=StadiumSPONGENT,1.942491,0.573442,0.251289,1.149818,0.219522,1.08536,0.500738,1.149818,2.958263,0.161043,0.171154,0.844125,StadiumSPONGENT,StadiumSPONGENT-16-20260810-14:59:35-739851,3,StadiumSPONGENT-16-20260810-14:59:35-739851|phase2|3,16,16,16,spongent,10,,,,1.475978,0.500738,0.792202,0.580895,0.104462,0.002024,0.843887,0.676039,0.124048,0.003286,104,85,43,549,1,0
2564,1,5.854744,4.80027,1.054474,781,spongent,OMNeT++; module=UavAuthNetwork.uav[4]; config=StadiumSPONGENT,2.361519,0.579622,0.255723,1.156921,0.215556,1.503055,0.475552,1.156921,2.330572,0.173856,0.124909,0.838918,StadiumSPONGENT,StadiumSPONGENT-16-20260810-14:59:35-739851,4,StadiumSPONGENT-16-20260810-14:59:35-739851|phase2|4,16,16,16,spongent,10,,,,1.484053,0.475552,0.803442,0.573531,0.116043,0.001323,0.788906,0.565898,0.099051,0.001803,104,85,43,549,1,0
2565,1,5.516584,4.41891,1.097674,781,spongent,OMNeT++; module=UavAuthNetwork.uav[5]; config=StadiumSPONGENT,2.00196,0.566678,0.240784,1.14582,0.242259,1.119212,0.521275,1.14582,2.337785,0.201413,0.12531,0.855415,StadiumSPONGENT,StadiumSPONGENT-16-20260810-14:59:35-739851,5,StadiumSPONGENT-16-20260810-14:59:35-739851|phase2|5,16,16,16,spongent,10,,,,1.53987,0.521275,0.794897,0.574603,0.102979,0.002034,0.79114,0.562322,0.099322,0.002354,104,85,43,549,1,0
2566,1,5.950915,4.880996,1.069919,781,spongent,OMNeT++; module=UavAuthNetwork.uav[6]; config=StadiumSPONGENT,2.334249,0.759853,0.260074,1.210178,0.235544,1.221789,0.648529,1.210178,2.995782,0.183715,0.126391,0.834376,StadiumSPONGENT,StadiumSPONGENT-16-20260810-14:59:35-739851,6,StadiumSPONGENT-16-20260810-14:59:35-739851|phase2|6,16,16,16,spongent,10,,,,1.513708,0.648529,0.908896,0.61125,0.119198,0.001984,1.025068,0.644241,0.140618,0.002224,104,85,43,549,1,0
2567,1,5.53959,4.460016,1.079574,781,spongent,OMNeT++; module=UavAuthNetwork.uav[7]; config=StadiumSPONGENT,1.948653,0.575675,0.240421,1.174192,0.228615,1.104385,0.472696,1.174192,2.99503,0.17457,0.162979,0.850959,StadiumSPONGENT,StadiumSPONGENT-16-20260810-14:59:35-739851,7,StadiumSPONGENT-16-20260810-14:59:35-739851|phase2|7,16,16,16,spongent,10,,,,1.494566,0.472696,0.820965,0.573933,0.117786,0.001743,0.787403,0.773579,0.133394,0.002595,104,85,43,549,1,0
2568,1,5.638226,4.581938,1.056288,781,spongent,OMNeT++; module=UavAuthNetwork.uav[8]; config=StadiumSPONGENT,1.930499,0.576677,0.270106,1.262774,0.220687,1.099124,0.47478,1.262774,3.614907,0.162636,0.125891,0.835601,StadiumSPONGENT,StadiumSPONGENT-16-20260810-14:59:35-739851,8,StadiumSPONGENT-16-20260810-14:59:35-739851|phase2|8,16,16,16,spongent,10,,,,1.48903,0.47478,0.798634,0.674687,0.116103,0.001803,0.880423,0.684205,0.121683,0.002414,104,85,43,549,1,0
2569,1,5.73289,4.623785,1.109105,781,spongent,OMNeT++; module=UavAuthNetwork.uav[9]; config=StadiumSPONGENT,2.096503,0.688602,0.259204,1.201382,0.233478,1.212182,0.489788,1.201382,2.432269,0.167653,0.124518,0.875628,StadiumSPONGENT,StadiumSPONGENT-16-20260810-14:59:35-739851,9,StadiumSPONGENT-16-20260810-14:59:35-739851|phase2|9,16,16,16,spongent,10,,,,1.535962,0.489788,0.858685,0.582508,0.12056,0.001664,0.952064,0.58381,0.108699,0.001903,104,85,43,549,1,0
2570,1,5.755532,4.684125,1.071407,781,spongent,OMNeT++; module=UavAuthNetwork.uav[0]; config=StadiumSPONGENT,2.163365,0.573952,0.249716,1.198176,0.229565,1.297649,0.479458,1.198176,2.331444,0.193028,0.124408,0.841842,StadiumSPONGENT,StadiumSPONGENT-17-20260810-14:59:35-739851,0,StadiumSPONGENT-17-20260810-14:59:35-739851|phase2|0,17,17,17,spongent,10,,,,1.514151,0.479458,0.843656,0.579573,0.122424,0.001653,0.794406,0.564566,0.100123,0.002114,104,85,43,549,1,0
2571,1,5.679608,4.606775,1.072833,781,spongent,OMNeT++; module=UavAuthNetwork.uav[1]; config=StadiumSPONGENT,1.921522,0.646986,0.251183,1.280267,0.237678,1.090819,0.470242,1.280267,2.331534,0.166187,0.124719,0.835154,StadiumSPONGENT,StadiumSPONGENT-17-20260810-14:59:35-739851,1,StadiumSPONGENT-17-20260810-14:59:35-739851|phase2|1,17,17,17,spongent,10,,,,1.490202,0.470242,0.915539,0.588608,0.106735,0.001473,0.856169,0.570667,0.109571,0.001633,104,85,43,549,1,0
2572,1,6.254865,5.194211,1.060654,781,spongent,OMNeT++; module=UavAuthNetwork.uav[2]; config=StadiumSPONGENT,2.650208,0.703028,0.240106,1.188088,0.214138,1.463963,0.717796,1.188088,2.481519,0.166241,0.167827,0.846516,StadiumSPONGENT,StadiumSPONGENT-17-20260810-14:59:35-739851,2,StadiumSPONGENT-17-20260810-14:59:35-739851|phase2|2,17,17,17,spongent,10,,,,1.467002,0.717796,0.849458,0.624495,0.152369,0.002334,0.870625,0.610599,0.116433,0.002896,104,85,43,549,1,0
2573,1,5.734084,4.664371,1.069713,781,spongent,OMNeT++; module=UavAuthNetwork.uav[3]; config=StadiumSPONGENT,2.234636,0.5892,0.253213,1.152493,0.223576,1.286368,0.535702,1.152493,2.323309,0.19273,0.124749,0.846136,StadiumSPONGENT,StadiumSPONGENT-17-20260810-14:59:35-739851,3,StadiumSPONGENT-17-20260810-14:59:35-739851|phase2|3,17,17,17,spongent,10,,,,1.515656,0.535702,0.82885,0.574603,0.120532,0.001863,0.79587,0.563803,0.105783,0.002244,104,85,43,549,1,0
2574,1,5.461222,4.346508,1.114714,781,spongent,OMNeT++; module=UavAuthNetwork.uav[4]; config=StadiumSPONGENT,1.926422,0.569093,0.245554,1.148355,0.237327,1.086051,0.476784,1.148355,2.317208,0.159722,0.123376,0.877387,StadiumSPONGENT,StadiumSPONGENT-17-20260810-14:59:35-739851,4,StadiumSPONGENT-17-20260810-14:59:35-739851|phase2|4,17,17,17,spongent,10,,,,1.519989,0.476784,0.797302,0.582667,0.100454,0.001452,0.784158,0.560087,0.097749,0.001703,104,85,43,549,1,0
2575,1,5.437222,4.359502,1.07772,781,spongent,OMNeT++; module=UavAuthNetwork.uav[5]; config=StadiumSPONGENT,1.93159,0.570687,0.256361,1.151932,0.22045,1.088465,0.489617,1.151932,2.674092,0.189199,0.124048,0.85727,StadiumSPONGENT,StadiumSPONGENT-17-20260810-14:59:35-739851,5,StadiumSPONGENT-17-20260810-14:59:35-739851|phase2|5,17,17,17,spongent,10,,,,1.52328,0.489617,0.796801,0.581385,0.099452,0.001613,0.788746,0.564986,0.09807,0.002023,104,85,43,549,1,0
2576,1,5.463466,4.386551,1.076915,781,spongent,OMNeT++; module=UavAuthNetwork.uav[6]; config=StadiumSPONGENT,1.968649,0.57272,0.259226,1.144688,0.24328,1.119062,0.483626,1.144688,2.331123,0.195627,0.128526,0.833635,StadiumSPONGENT,StadiumSPONGENT-17-20260810-14:59:35-739851,6,StadiumSPONGENT-17-20260810-14:59:35-739851|phase2|6,17,17,17,spongent,10,,,,1.531768,0.483626,0.79666,0.57274,0.110473,0.001323,0.788554,0.56746,0.098561,0.001462,104,85,43,549,1,0
2577,1,5.424215,4.339074,1.085141,781,spongent,OMNeT++; module=UavAuthNetwork.uav[7]; config=StadiumSPONGENT,1.916273,0.568792,0.271112,1.148916,0.231343,1.090068,0.470211,1.148916,2.360427,0.204082,0.124969,0.853797,StadiumSPONGENT,StadiumSPONGENT-17-20260810-14:59:35-739851,7,StadiumSPONGENT-17-20260810-14:59:35-739851|phase2|7,17,17,17,spongent,10,,,,1.560335,0.470211,0.803512,0.575344,0.100665,0.001513,0.789828,0.588489,0.098872,0.001743,104,85,43,549,1,0
2578,1,5.493709,4.411978,1.081731,781,spongent,OMNeT++; module=UavAuthNetwork.uav[8]; config=StadiumSPONGENT,1.973147,0.581185,0.247883,1.156811,0.247839,1.138878,0.471544,1.156811,2.340841,0.172326,0.125209,0.833892,StadiumSPONGENT,StadiumSPONGENT-17-20260810-14:59:35-739851,8,StadiumSPONGENT-17-20260810-14:59:35-739851|phase2|8,17,17,17,spongent,10,,,,1.50194,0.471544,0.798233,0.586054,0.107237,0.001723,0.7971,0.565586,0.09825,0.001993,104,85,43,549,1,0
2579,1,5.45971,4.399335,1.060375,781,spongent,OMNeT++; module=UavAuthNetwork.uav[9]; config=StadiumSPONGENT,1.94724,0.577108,0.282504,1.161529,0.223947,1.098714,0.488746,1.161529,2.325333,0.186909,0.129037,0.836429,StadiumSPONGENT,StadiumSPONGENT-17-20260810-14:59:35-739851,9,StadiumSPONGENT-17-20260810-14:59:35-739851|phase2|9,17,17,17,spongent,10,,,,1.529789,0.488746,0.803874,0.582598,0.105163,0.001913,0.791992,0.567511,0.098431,0.002324,104,85,43,549,1,0
2580,1,5.602626,4.455035,1.147591,781,spongent,OMNeT++; module=UavAuthNetwork.uav[0]; config=StadiumSPONGENT,1.946428,0.572289,0.243094,1.192285,0.285515,1.093555,0.475812,1.192285,2.350349,0.158208,0.124037,0.862076,StadiumSPONGENT,StadiumSPONGENT-18-20260810-14:59:36-739851,0,StadiumSPONGENT-18-20260810-14:59:36-739851|phase2|0,18,18,18,spongent,10,,,,1.548893,0.475812,0.804435,0.616521,0.11961,0.001633,0.787183,0.580825,0.104281,0.002104,104,85,43,549,1,0
2581,1,6.076374,5.006929,1.069445,781,spongent,OMNeT++; module=UavAuthNetwork.uav[1]; config=StadiumSPONGENT,2.48166,0.766676,0.258026,1.20026,0.235171,1.286589,0.708338,1.20026,2.371577,0.159611,0.124749,0.834274,StadiumSPONGENT,StadiumSPONGENT-18-20260810-14:59:36-739851,1,StadiumSPONGENT-18-20260810-14:59:36-739851|phase2|1,18,18,18,spongent,10,,,,1.487082,0.708338,0.896594,0.628082,0.129928,0.001663,0.926288,0.607113,0.114862,0.002204,104,85,43,549,1,0
2582,1,5.621705,4.547215,1.07449,781,spongent,OMNeT++; module=UavAuthNetwork.uav[2]; config=StadiumSPONGENT,1.952419,0.57245,0.269876,1.235675,0.23608,1.089738,0.506378,1.235675,2.336323,0.170096,0.123446,0.83841,StadiumSPONGENT,StadiumSPONGENT-18-20260810-14:59:36-739851,2,StadiumSPONGENT-18-20260810-14:59:36-739851|phase2|2,18,18,18,spongent,10,,,,1.514461,0.506378,0.874723,0.581155,0.106174,0.001423,0.794366,0.569293,0.099613,0.001843,104,85,43,549,1,0
2583,1,5.400689,4.338464,1.062225,781,spongent,OMNeT++; module=UavAuthNetwork.uav[3]; config=StadiumSPONGENT,1.923176,0.571117,0.303468,1.145891,0.221097,1.087854,0.483927,1.145891,2.309684,0.179794,0.123506,0.841128,StadiumSPONGENT,StadiumSPONGENT-18-20260810-14:59:36-739851,3,StadiumSPONGENT-18-20260810-14:59:36-739851|phase2|3,18,18,18,spongent,10,,,,1.545487,0.483927,0.789948,0.575554,0.104412,0.001352,0.785059,0.565006,0.09815,0.001462,104,85,43,549,1,0
2584,1,5.485949,4.391909,1.09404,781,spongent,OMNeT++; module=UavAuthNetwork.uav[4]; config=StadiumSPONGENT,1.932172,0.579312,0.256753,1.164444,0.257957,1.089407,0.491922,1.164444,2.352202,0.1741,0.130849,0.836082,StadiumSPONGENT,StadiumSPONGENT-18-20260810-14:59:36-739851,4,StadiumSPONGENT-18-20260810-14:59:36-739851|phase2|4,18,18,18,spongent,10,,,,1.524892,0.491922,0.795028,0.584522,0.110493,0.001412,0.795419,0.571007,0.099782,0.001603,104,85,43,549,1,0
2585,1,5.420358,4.310293,1.110065,781,spongent,OMNeT++; module=UavAuthNetwork.uav[5]; config=StadiumSPONGENT,1.893982,0.597526,0.252267,1.146783,0.229281,1.083897,0.461115,1.146783,2.273798,0.179622,0.122745,0.880784,StadiumSPONGENT,StadiumSPONGENT-18-20260810-14:59:36-739851,5,StadiumSPONGENT-18-20260810-14:59:36-739851|phase2|5,18,18,18,spongent,10,,,,1.541954,0.461115,0.799224,0.572118,0.098932,0.001423,0.79105,0.570185,0.104471,0.001492,104,85,43,549,1,0
2586,1,5.459433,4.345246,1.114187,781,spongent,OMNeT++; module=UavAuthNetwork.uav[6]; config=StadiumSPONGENT,1.928796,0.587807,0.240631,1.147874,0.228057,1.099446,0.473327,1.147874,2.271064,0.172635,0.120702,0.886131,StadiumSPONGENT,StadiumSPONGENT-18-20260810-14:59:36-739851,6,StadiumSPONGENT-18-20260810-14:59:36-739851|phase2|6,18,18,18,spongent,10,,,,1.527453,0.473327,0.805666,0.571817,0.101907,0.001452,0.803262,0.550188,0.101085,0.001483,104,85,43,549,1,0
2587,1,5.453434,4.359831,1.093603,781,spongent,OMNeT++; module=UavAuthNetwork.uav[7]; config=StadiumSPONGENT,1.933866,0.559967,0.239906,1.147693,0.237026,1.109373,0.469261,1.147693,2.35669,0.191438,0.130579,0.856578,StadiumSPONGENT,StadiumSPONGENT-18-20260810-14:59:36-739851,7,StadiumSPONGENT-18-20260810-14:59:36-739851|phase2|7,18,18,18,spongent,10,,,,1.524947,0.469261,0.790359,0.580163,0.107908,0.001523,0.78567,0.562661,0.098651,0.001573,104,85,43,549,1,0
2588,1,5.862041,4.764313,1.097728,781,spongent,OMNeT++; module=UavAuthNetwork.uav[8]; config=StadiumSPONGENT,2.239195,0.609257,0.240524,1.19483,0.2567,1.370843,0.492002,1.19483,2.432699,0.161375,0.135458,0.841028,StadiumSPONGENT,StadiumSPONGENT-18-20260810-14:59:36-739851,8,StadiumSPONGENT-18-20260810-14:59:36-739851|phase2|8,18,18,18,spongent,10,,,,1.499627,0.492002,0.82368,0.587727,0.125991,0.001773,0.809004,0.647577,0.115101,0.002234,104,85,43,549,1,0
2589,1,5.430191,4.36437,1.065821,781,spongent,OMNeT++; module=UavAuthNetwork.uav[9]; config=StadiumSPONGENT,1.929557,0.576226,0.247579,1.153865,0.223074,1.09636,0.475742,1.153865,2.45446,0.205862,0.127083,0.842747,StadiumSPONGENT,StadiumSPONGENT-18-20260810-14:59:36-739851,9,StadiumSPONGENT-18-20260810-14:59:36-739851|phase2|9,18,18,18,spongent,10,,,,1.519261,0.475742,0.800558,0.577619,0.103089,0.001893,0.877529,0.574293,0.115653,0.001953,104,85,43,549,1,0
2590,1,5.529847,4.423669,1.106178,781,spongent,OMNeT++; module=UavAuthNetwork.uav[0]; config=StadiumSPONGENT,1.987333,0.575224,0.258651,1.153765,0.234717,1.098844,0.47471,1.153765,2.530809,0.175244,0.128806,0.871461,StadiumSPONGENT,StadiumSPONGENT-19-20260810-14:59:36-739851,0,StadiumSPONGENT-19-20260810-14:59:36-739851|phase2|0,19,19,19,spongent,10,,,,1.540074,0.47471,0.798073,0.615689,0.125369,0.001824,0.8023,0.564916,0.100905,0.002054,104,85,43,549,1,0
2591,1,5.566692,4.507421,1.059271,781,spongent,OMNeT++; module=UavAuthNetwork.uav[1]; config=StadiumSPONGENT,1.983966,0.597936,0.244723,1.199699,0.214311,1.114012,0.489968,1.199699,2.399248,0.184909,0.124057,0.84496,StadiumSPONGENT,StadiumSPONGENT-19-20260810-14:59:36-739851,1,StadiumSPONGENT-19-20260810-14:59:36-739851|phase2|1,19,19,19,spongent,10,,,,1.488903,0.489968,0.814753,0.616119,0.117396,0.001493,0.862642,0.573402,0.104382,0.001774,104,85,43,549,1,0
2592,1,5.438995,4.37968,1.059315,781,spongent,OMNeT++; module=UavAuthNetwork.uav[2]; config=StadiumSPONGENT,1.949013,0.587618,0.254654,1.153495,0.217537,1.100277,0.492152,1.153495,2.393899,0.197364,0.123677,0.841778,StadiumSPONGENT,StadiumSPONGENT-19-20260810-14:59:36-739851,2,StadiumSPONGENT-19-20260810-14:59:36-739851|phase2|2,19,19,19,spongent,10,,,,1.511333,0.492152,0.805627,0.573792,0.102408,0.001522,0.802612,0.576256,0.098341,0.001643,104,85,43,549,1,0
2593,1,5.423142,4.351847,1.071295,781,spongent,OMNeT++; module=UavAuthNetwork.uav[3]; config=StadiumSPONGENT,1.930529,0.570907,0.24077,1.14573,0.232633,1.092643,0.478608,1.14573,2.484484,0.158283,0.129858,0.838662,StadiumSPONGENT,StadiumSPONGENT-19-20260810-14:59:36-739851,3,StadiumSPONGENT-19-20260810-14:59:36-739851|phase2|3,19,19,19,spongent,10,,,,1.470347,0.478608,0.80239,0.574723,0.101817,0.001633,0.870226,0.564685,0.101106,0.001723,104,85,43,549,1,0
2594,1,5.61433,4.563745,1.050585,781,spongent,OMNeT++; module=UavAuthNetwork.uav[4]; config=StadiumSPONGENT,2.084811,0.580835,0.241934,1.177158,0.216822,1.237499,0.486431,1.177158,2.349998,0.180364,0.124618,0.833763,StadiumSPONGENT,StadiumSPONGENT-19-20260810-14:59:36-739851,4,StadiumSPONGENT-19-20260810-14:59:36-739851|phase2|4,19,19,19,spongent,10,,,,1.472883,0.486431,0.799337,0.602635,0.106095,0.001513,0.795107,0.580604,0.100885,0.002264,104,85,43,549,1,0
2595,1,5.581719,4.491304,1.090415,781,spongent,OMNeT++; module=UavAuthNetwork.uav[5]; config=StadiumSPONGENT,1.941679,0.57829,0.243423,1.209688,0.238142,1.103443,0.484979,1.209688,2.326685,0.160578,0.130249,0.852273,StadiumSPONGENT,StadiumSPONGENT-19-20260810-14:59:36-739851,5,StadiumSPONGENT-19-20260810-14:59:36-739851|phase2|5,19,19,19,spongent,10,,,,1.494416,0.484979,0.810677,0.622722,0.101486,0.001442,0.788035,0.567961,0.108399,0.001512,104,85,43,549,1,0
2596,1,5.491883,4.431562,1.060321,781,spongent,OMNeT++; module=UavAuthNetwork.uav[6]; config=StadiumSPONGENT,2.00744,0.572009,0.239976,1.149817,0.220642,1.150278,0.494597,1.149817,2.316025,0.16875,0.124488,0.839679,StadiumSPONGENT,StadiumSPONGENT-19-20260810-14:59:36-739851,6,StadiumSPONGENT-19-20260810-14:59:36-739851|phase2|6,19,19,19,spongent,10,,,,1.469048,0.494597,0.809803,0.57232,0.10366,0.001372,0.78564,0.560318,0.103249,0.001532,104,85,43,549,1,0
2597,1,5.485448,4.358931,1.126517,781,spongent,OMNeT++; module=UavAuthNetwork.uav[7]; config=StadiumSPONGENT,1.926441,0.568152,0.26162,1.154707,0.238253,1.086993,0.479058,1.154707,2.328659,0.166402,0.123076,0.888265,StadiumSPONGENT,StadiumSPONGENT-19-20260810-14:59:36-739851,7,StadiumSPONGENT-19-20260810-14:59:36-739851|phase2|7,19,19,19,spongent,10,,,,1.554539,0.479058,0.804254,0.584261,0.100645,0.001362,0.786992,0.561478,0.099293,0.001483,104,85,43,549,1,0
2598,1,5.441612,4.344846,1.096766,781,spongent,OMNeT++; module=UavAuthNetwork.uav[8]; config=StadiumSPONGENT,1.92569,0.57256,0.247189,1.149648,0.250826,1.083777,0.491972,1.149648,2.260144,0.160578,0.11986,0.84594,StadiumSPONGENT,StadiumSPONGENT-19-20260810-14:59:36-739851,8,StadiumSPONGENT-19-20260810-14:59:36-739851|phase2|8,19,19,19,spongent,10,,,,1.504532,0.491972,0.797131,0.574324,0.10347,0.001283,0.77973,0.542734,0.096727,0.001473,104,85,43,549,1,0
2599,1,5.388425,4.331961,1.056464,781,spongent,OMNeT++; module=UavAuthNetwork.uav[9]; config=StadiumSPONGENT,1.902748,0.566749,0.243888,1.154847,0.21794,1.072767,0.477415,1.154847,2.341172,0.181321,0.119519,0.838524,StadiumSPONGENT,StadiumSPONGENT-19-20260810-14:59:36-739851,9,StadiumSPONGENT-19-20260810-14:59:36-739851|phase2|9,19,19,19,spongent,10,,,,1.481673,0.477415,0.800608,0.581356,0.100995,0.001332,0.791651,0.569303,0.124809,0.001492,104,85,43,549,1,0
2600,1,5.576229,4.492736,1.083493,781,spongent,OMNeT++; module=UavAuthNetwork.uav[0]; config=StadiumSPONGENT,2.011567,0.567159,0.263602,1.17811,0.248624,1.113972,0.522878,1.17811,2.365356,0.171762,0.124949,0.834869,StadiumSPONGENT,StadiumSPONGENT-2-20260810-14:59:32-739851,0,StadiumSPONGENT-2-20260810-14:59:32-739851|phase2|0,2,2,2,spongent,10,,,,1.518856,0.522878,0.800939,0.598186,0.128044,0.001923,0.825804,0.560879,0.102417,0.002204,104,85,43,549,1,0
2601,1,5.616412,4.537616,1.078796,781,spongent,OMNeT++; module=UavAuthNetwork.uav[1]; config=StadiumSPONGENT,2.110068,0.59463,0.246729,1.149196,0.223881,1.155368,0.558303,1.149196,2.325453,0.182786,0.129156,0.854916,StadiumSPONGENT,StadiumSPONGENT-2-20260810-14:59:32-739851,1,StadiumSPONGENT-2-20260810-14:59:32-739851|phase2|1,2,2,2,spongent,10,,,,1.508311,0.558303,0.798964,0.614707,0.10325,0.001703,0.805867,0.573,0.099442,0.001983,104,85,43,549,1,0
2602,1,5.472201,4.383536,1.088665,781,spongent,OMNeT++; module=UavAuthNetwork.uav[2]; config=StadiumSPONGENT,1.958069,0.61685,0.258927,1.148506,0.2246,1.087223,0.483046,1.148506,2.315895,0.159875,0.128455,0.864066,StadiumSPONGENT,StadiumSPONGENT-2-20260810-14:59:32-739851,2,StadiumSPONGENT-2-20260810-14:59:32-739851|phase2|2,2,2,2,spongent,10,,,,1.507467,0.483046,0.798845,0.603005,0.104782,0.001453,0.814543,0.576737,0.105082,0.001603,104,85,43,549,1,0
2603,1,5.396661,4.342128,1.054533,781,spongent,OMNeT++; module=UavAuthNetwork.uav[3]; config=StadiumSPONGENT,1.907146,0.657456,0.240712,1.152372,0.216164,1.083576,0.471024,1.152372,2.471901,0.204086,0.130238,0.838369,StadiumSPONGENT,StadiumSPONGENT-2-20260810-14:59:32-739851,3,StadiumSPONGENT-2-20260810-14:59:32-739851|phase2|3,2,2,2,spongent,10,,,,1.499331,0.471024,0.799455,0.576397,0.101917,0.001704,0.849849,0.643398,0.107447,0.002164,104,85,43,549,1,0
2604,1,5.433183,4.357279,1.075904,781,spongent,OMNeT++; module=UavAuthNetwork.uav[4]; config=StadiumSPONGENT,1.922274,0.56717,0.255178,1.153014,0.229748,1.092052,0.469461,1.153014,2.317469,0.169948,0.128977,0.846156,StadiumSPONGENT,StadiumSPONGENT-2-20260810-14:59:32-739851,4,StadiumSPONGENT-2-20260810-14:59:32-739851|phase2|4,2,2,2,spongent,10,,,,1.501031,0.469461,0.800688,0.580684,0.102688,0.001322,0.781362,0.56187,0.097528,0.001523,104,85,43,549,1,0
2605,1,5.43613,4.366534,1.069596,781,spongent,OMNeT++; module=UavAuthNetwork.uav[5]; config=StadiumSPONGENT,1.945035,0.570916,0.26957,1.148906,0.217266,1.109353,0.483877,1.148906,2.329781,0.199652,0.123687,0.85233,StadiumSPONGENT,StadiumSPONGENT-2-20260810-14:59:32-739851,5,StadiumSPONGENT-2-20260810-14:59:32-739851|phase2|5,2,2,2,spongent,10,,,,1.538819,0.483877,0.795429,0.57794,0.100814,0.001463,0.783406,0.568483,0.098361,0.001553,104,85,43,549,1,0
2606,1,5.753124,4.681341,1.071783,781,spongent,OMNeT++; module=UavAuthNetwork.uav[6]; config=StadiumSPONGENT,1.958581,0.634934,0.256803,1.29852,0.237282,1.09113,0.485069,1.29852,2.966387,0.160766,0.12572,0.834501,StadiumSPONGENT,StadiumSPONGENT-2-20260810-14:59:32-739851,6,StadiumSPONGENT-2-20260810-14:59:32-739851|phase2|6,2,2,2,spongent,10,,,,1.489352,0.485069,0.830833,0.694302,0.128806,0.001693,0.984123,0.742992,0.14782,0.002484,104,85,43,549,1,0
2607,1,5.456923,4.378946,1.077977,781,spongent,OMNeT++; module=UavAuthNetwork.uav[7]; config=StadiumSPONGENT,1.955214,0.600341,0.251251,1.149146,0.239077,1.101308,0.480832,1.149146,2.370795,0.195254,0.12544,0.8389,StadiumSPONGENT,StadiumSPONGENT-2-20260810-14:59:32-739851,7,StadiumSPONGENT-2-20260810-14:59:32-739851|phase2|7,2,2,2,spongent,10,,,,1.524482,0.480832,0.790208,0.579753,0.118316,0.001973,0.796651,0.585453,0.101125,0.002314,104,85,43,549,1,0
2608,1,5.515825,4.420131,1.095694,781,spongent,OMNeT++; module=UavAuthNetwork.uav[8]; config=StadiumSPONGENT,1.955845,0.577308,0.258522,1.146271,0.230213,1.10209,0.47983,1.146271,2.914412,0.184573,0.171744,0.865481,StadiumSPONGENT,StadiumSPONGENT-2-20260810-14:59:32-739851,8,StadiumSPONGENT-2-20260810-14:59:32-739851|phase2|8,2,2,2,spongent,10,,,,1.538789,0.47983,0.796399,0.572459,0.116154,0.002405,0.788074,0.604758,0.102599,0.003396,104,85,43,549,1,0
2609,1,5.656598,4.586989,1.069609,781,spongent,OMNeT++; module=UavAuthNetwork.uav[9]; config=StadiumSPONGENT,2.03981,0.581636,0.248707,1.208816,0.230871,1.131755,0.522137,1.208816,2.355548,0.169293,0.129547,0.838738,StadiumSPONGENT,StadiumSPONGENT-2-20260810-14:59:32-739851,9,StadiumSPONGENT-2-20260810-14:59:32-739851|phase2|9,2,2,2,spongent,10,,,,1.487609,0.522137,0.849157,0.57805,0.120371,0.001824,0.800025,0.56752,0.122805,0.002114,104,85,43,549,1,0
2610,1,5.495326,4.380922,1.114404,781,spongent,OMNeT++; module=UavAuthNetwork.uav[0]; config=StadiumSPONGENT,1.950386,0.574864,0.246544,1.153044,0.233015,1.103963,0.477596,1.153044,2.324341,0.175923,0.124448,0.881388,StadiumSPONGENT,StadiumSPONGENT-20-20260810-14:59:36-739851,0,StadiumSPONGENT-20-20260810-14:59:36-739851|phase2|0,20,20,20,spongent,10,,,,1.536871,0.477596,0.791431,0.582588,0.120049,0.001983,0.782956,0.571338,0.099171,0.002325,104,85,43,549,1,0
2611,1,5.425108,4.330537,1.094571,781,spongent,OMNeT++; module=UavAuthNetwork.uav[1]; config=StadiumSPONGENT,1.909921,0.572059,0.244762,1.145419,0.227584,1.086512,0.473437,1.145419,2.381505,0.170783,0.129778,0.866987,StadiumSPONGENT,StadiumSPONGENT-20-20260810-14:59:36-739851,1,StadiumSPONGENT-20-20260810-14:59:36-739851|phase2|1,20,20,20,spongent,10,,,,1.510116,0.473437,0.790159,0.575755,0.104101,0.001522,0.788304,0.568342,0.098612,0.001532,104,85,43,549,1,0
2612,1,5.584773,4.496402,1.088371,781,spongent,OMNeT++; module=UavAuthNetwork.uav[2]; config=StadiumSPONGENT,2.013511,0.672884,0.26148,1.155438,0.241441,1.095288,0.477044,1.155438,2.422601,0.168755,0.172015,0.84693,StadiumSPONGENT,StadiumSPONGENT-20-20260810-14:59:36-739851,2,StadiumSPONGENT-20-20260810-14:59:36-739851|phase2|2,20,20,20,spongent,10,,,,1.518606,0.477044,0.861269,0.585584,0.121362,0.002575,0.860589,0.5946,0.106896,0.002545,104,85,43,549,1,0
2613,1,5.809869,4.731463,1.078406,781,spongent,OMNeT++; module=UavAuthNetwork.uav[3]; config=StadiumSPONGENT,2.304705,0.574924,0.265294,1.151641,0.235479,1.442063,0.493785,1.151641,2.320104,0.190003,0.123476,0.842927,StadiumSPONGENT,StadiumSPONGENT-20-20260810-14:59:36-739851,3,StadiumSPONGENT-20-20260810-14:59:36-739851|phase2|3,20,20,20,spongent,10,,,,1.533703,0.493785,0.800477,0.575825,0.105273,0.001423,0.791301,0.566669,0.099011,0.001804,104,85,43,549,1,0
2614,1,5.414952,4.33579,1.079162,781,spongent,OMNeT++; module=UavAuthNetwork.uav[4]; config=StadiumSPONGENT,1.91468,0.577208,0.258158,1.147304,0.2238,1.087634,0.470703,1.147304,2.447847,0.162543,0.126502,0.855362,StadiumSPONGENT,StadiumSPONGENT-20-20260810-14:59:36-739851,4,StadiumSPONGENT-20-20260810-14:59:36-739851|phase2|4,20,20,20,spongent,10,,,,1.499863,0.470703,0.799326,0.57313,0.099482,0.001583,0.870195,0.581394,0.113327,0.002184,104,85,43,549,1,0
2615,1,5.515392,4.397242,1.11815,781,spongent,OMNeT++; module=UavAuthNetwork.uav[5]; config=StadiumSPONGENT,1.964281,0.573241,0.271985,1.152984,0.235632,1.090349,0.481423,1.152984,2.331965,0.185593,0.126993,0.882518,StadiumSPONGENT,StadiumSPONGENT-20-20260810-14:59:36-739851,5,StadiumSPONGENT-20-20260810-14:59:36-739851|phase2|5,20,20,20,spongent,10,,,,1.575728,0.481423,0.813292,0.58285,0.118467,0.001383,0.799015,0.562461,0.100615,0.001573,104,85,43,549,1,0
2616,1,5.444127,4.365863,1.078264,781,spongent,OMNeT++; module=UavAuthNetwork.uav[6]; config=StadiumSPONGENT,1.918827,0.582849,0.259037,1.16201,0.218529,1.087213,0.475401,1.16201,2.333287,0.170783,0.123016,0.859735,StadiumSPONGENT,StadiumSPONGENT-20-20260810-14:59:36-739851,6,StadiumSPONGENT-20-20260810-14:59:36-739851|phase2|6,20,20,20,spongent,10,,,,1.508085,0.475401,0.80746,0.582868,0.100966,0.001423,0.787393,0.576557,0.101867,0.001513,104,85,43,549,1,0
2617,1,5.400706,4.316122,1.084584,781,spongent,OMNeT++; module=UavAuthNetwork.uav[7]; config=StadiumSPONGENT,1.907627,0.569124,0.242794,1.142274,0.221011,1.085249,0.472586,1.142274,2.314072,0.168069,0.123947,0.863573,StadiumSPONGENT,StadiumSPONGENT-20-20260810-14:59:36-739851,7,StadiumSPONGENT-20-20260810-14:59:36-739851|phase2|7,20,20,20,spongent,10,,,,1.495447,0.472586,0.789566,0.576988,0.098982,0.001292,0.786071,0.568091,0.097819,0.001473,104,85,43,549,1,0
2618,1,5.395791,4.325859,1.069932,781,spongent,OMNeT++; module=UavAuthNetwork.uav[8]; config=StadiumSPONGENT,1.907887,0.566138,0.240637,1.146131,0.234561,1.08572,0.482264,1.146131,2.267216,0.181441,0.12571,0.83537,StadiumSPONGENT,StadiumSPONGENT-20-20260810-14:59:36-739851,8,StadiumSPONGENT-20-20260810-14:59:36-739851|phase2|8,20,20,20,spongent,10,,,,1.49201,0.482264,0.788146,0.575225,0.09826,0.002575,0.786713,0.560729,0.096496,0.001483,104,85,43,549,1,0
2619,1,5.516352,4.413789,1.102564,781,spongent,OMNeT++; module=UavAuthNetwork.uav[9]; config=StadiumSPONGENT,1.927252,0.570996,0.27654,1.18389,0.251097,1.101189,0.477375,1.18389,2.469076,0.161255,0.118757,0.851467,StadiumSPONGENT,StadiumSPONGENT-20-20260810-14:59:36-739851,9,StadiumSPONGENT-20-20260810-14:59:36-739851|phase2|9,20,20,20,spongent,10,,,,1.540359,0.477375,0.801038,0.609288,0.099302,0.001343,0.850579,0.651755,0.122565,0.001483,104,85,43,549,1,0
2620,1,5.504804,4.401289,1.103515,781,spongent,OMNeT++; module=UavAuthNetwork.uav[0]; config=StadiumSPONGENT,1.959582,0.582758,0.241218,1.156851,0.259139,1.099406,0.487353,1.156851,2.436066,0.167827,0.128005,0.844376,StadiumSPONGENT,StadiumSPONGENT-21-20260810-14:59:36-739851,0,StadiumSPONGENT-21-20260810-14:59:36-739851|phase2|0,21,21,21,spongent,10,,,,1.51256,0.487353,0.800578,0.580453,0.119248,0.001723,0.798703,0.569734,0.099883,0.001994,104,85,43,549,1,0
2621,1,5.544734,4.416816,1.127918,781,spongent,OMNeT++; module=UavAuthNetwork.uav[1]; config=StadiumSPONGENT,1.952369,0.585423,0.272339,1.168772,0.243116,1.098674,0.491441,1.168772,2.494734,0.166924,0.126903,0.884802,StadiumSPONGENT,StadiumSPONGENT-21-20260810-14:59:36-739851,1,StadiumSPONGENT-21-20260810-14:59:36-739851|phase2|1,21,21,21,spongent,10,,,,1.567181,0.491441,0.803802,0.589491,0.109411,0.001613,0.9108,0.611872,0.106785,0.001833,104,85,43,549,1,0
2622,1,5.500166,4.369181,1.130985,781,spongent,OMNeT++; module=UavAuthNetwork.uav[2]; config=StadiumSPONGENT,1.94183,0.590212,0.245441,1.146372,0.252579,1.103883,0.47509,1.146372,2.412092,0.165165,0.134607,0.878406,StadiumSPONGENT,StadiumSPONGENT-21-20260810-14:59:36-739851,2,StadiumSPONGENT-21-20260810-14:59:36-739851|phase2|2,21,21,21,spongent,10,,,,1.54159,0.47509,0.800848,0.571797,0.106105,0.001643,0.797141,0.585423,0.099573,0.00514,104,85,43,549,1,0
2623,1,5.711116,4.650966,1.06015,781,spongent,OMNeT++; module=UavAuthNetwork.uav[3]; config=StadiumSPONGENT,1.973318,0.58354,0.241444,1.269437,0.216173,1.12356,0.487453,1.269437,2.714656,0.160759,0.138774,0.843977,StadiumSPONGENT,StadiumSPONGENT-21-20260810-14:59:36-739851,3,StadiumSPONGENT-21-20260810-14:59:36-739851|phase2|3,21,21,21,spongent,10,,,,1.462353,0.487453,0.804194,0.693652,0.105063,0.001863,0.930647,0.718648,0.133315,0.001903,104,85,43,549,1,0
2624,1,6.584221,5.485724,1.098497,781,spongent,OMNeT++; module=UavAuthNetwork.uav[4]; config=StadiumSPONGENT,2.373741,0.768559,0.257312,1.481996,0.236826,1.30345,0.58348,1.481996,2.472692,0.161154,0.147991,0.861671,StadiumSPONGENT,StadiumSPONGENT-21-20260810-14:59:36-739851,4,StadiumSPONGENT-21-20260810-14:59:36-739851|phase2|4,21,21,21,spongent,10,,,,1.516963,0.58348,1.055164,0.732984,0.146498,0.001864,0.946053,0.621771,0.123356,0.002615,104,85,43,549,1,0
2625,1,5.640994,4.57615,1.064844,781,spongent,OMNeT++; module=UavAuthNetwork.uav[5]; config=StadiumSPONGENT,2.134413,0.582358,0.242452,1.158013,0.229399,1.247677,0.516406,1.158013,2.647964,0.16181,0.125711,0.835446,StadiumSPONGENT,StadiumSPONGENT-21-20260810-14:59:36-739851,5,StadiumSPONGENT-21-20260810-14:59:36-739851|phase2|5,21,21,21,spongent,10,,,,1.469106,0.516406,0.798774,0.58331,0.107628,0.001833,0.804063,0.582207,0.100555,0.002955,104,85,43,549,1,0
2626,1,5.558222,4.488597,1.069625,781,spongent,OMNeT++; module=UavAuthNetwork.uav[6]; config=StadiumSPONGENT,1.997612,0.579743,0.243325,1.163352,0.233228,1.119032,0.490639,1.163352,2.756854,0.179217,0.164281,0.836398,StadiumSPONGENT,StadiumSPONGENT-21-20260810-14:59:36-739851,6,StadiumSPONGENT-21-20260810-14:59:36-739851|phase2|6,21,21,21,spongent,10,,,,1.492168,0.490639,0.826344,0.575706,0.113998,0.002244,0.797422,0.630957,0.100274,0.002485,104,85,43,549,1,0
2627,1,5.790873,4.720535,1.070338,781,spongent,OMNeT++; module=UavAuthNetwork.uav[7]; config=StadiumSPONGENT,2.279509,0.577428,0.264253,1.158404,0.23284,1.377405,0.52412,1.158404,2.341683,0.163557,0.124218,0.837498,StadiumSPONGENT,StadiumSPONGENT-21-20260810-14:59:36-739851,7,StadiumSPONGENT-21-20260810-14:59:36-739851|phase2|7,21,21,21,spongent,10,,,,1.498147,0.52412,0.815305,0.575706,0.106825,0.001463,0.80189,0.563023,0.100434,0.001583,104,85,43,549,1,0
2628,1,5.510905,4.447882,1.063023,781,spongent,OMNeT++; module=UavAuthNetwork.uav[8]; config=StadiumSPONGENT,1.92574,0.597736,0.256116,1.197164,0.224557,1.092292,0.476033,1.197164,2.425496,0.180701,0.127814,0.838466,StadiumSPONGENT,StadiumSPONGENT-21-20260810-14:59:36-739851,8,StadiumSPONGENT-21-20260810-14:59:36-739851|phase2|8,21,21,21,spongent,10,,,,1.49984,0.476033,0.820183,0.604499,0.101696,0.001893,0.814222,0.584041,0.100525,0.001824,104,85,43,549,1,0
2629,1,5.489689,4.42408,1.065609,781,spongent,OMNeT++; module=UavAuthNetwork.uav[9]; config=StadiumSPONGENT,1.984828,0.576005,0.240453,1.14556,0.215061,1.143897,0.483105,1.14556,2.360607,0.168494,0.148132,0.850548,StadiumSPONGENT,StadiumSPONGENT-21-20260810-14:59:36-739851,9,StadiumSPONGENT-21-20260810-14:59:36-739851|phase2|9,21,21,21,spongent,10,,,,1.474556,0.483105,0.793947,0.577519,0.103018,0.002114,0.784508,0.566118,0.104121,0.001934,104,85,43,549,1,0
2630,1,5.727403,4.666224,1.061179,781,spongent,OMNeT++; module=UavAuthNetwork.uav[0]; config=StadiumSPONGENT,1.977305,0.666241,0.268158,1.279796,0.220355,1.097862,0.488446,1.279796,2.462043,0.174375,0.129327,0.840824,StadiumSPONGENT,StadiumSPONGENT-22-20260810-14:59:37-739851,0,StadiumSPONGENT-22-20260810-14:59:37-739851|phase2|0,22,22,22,spongent,10,,,,1.503713,0.488446,0.920578,0.584221,0.135979,0.001824,0.852773,0.678294,0.111194,0.002024,104,85,43,549,1,0
2631,1,6.165303,5.075574,1.089729,781,spongent,OMNeT++; module=UavAuthNetwork.uav[1]; config=StadiumSPONGENT,2.397525,0.649581,0.249053,1.276099,0.228323,1.502875,0.501329,1.276099,2.376536,0.165027,0.125851,0.861406,StadiumSPONGENT,StadiumSPONGENT-22-20260810-14:59:37-739851,1,StadiumSPONGENT-22-20260810-14:59:37-739851|phase2|1,22,22,22,spongent,10,,,,1.503809,0.501329,0.905069,0.597565,0.124087,0.001623,0.882247,0.575075,0.102779,0.002084,104,85,43,549,1,0
2632,1,5.738132,4.641648,1.096484,781,spongent,OMNeT++; module=UavAuthNetwork.uav[2]; config=StadiumSPONGENT,1.950315,0.613205,0.254313,1.283152,0.235744,1.101359,0.488706,1.283152,2.380774,0.15909,0.125029,0.86074,StadiumSPONGENT,StadiumSPONGENT-22-20260810-14:59:37-739851,2,StadiumSPONGENT-22-20260810-14:59:37-739851|phase2|2,22,22,22,spongent,10,,,,1.509888,0.488706,0.832556,0.656232,0.121542,0.001573,0.827908,0.598988,0.106234,0.001643,104,85,43,549,1,0
2633,1,5.930955,4.835995,1.09496,781,spongent,OMNeT++; module=UavAuthNetwork.uav[3]; config=StadiumSPONGENT,1.940146,0.576086,0.247834,1.383727,0.241766,1.093845,0.479589,1.383727,2.333698,0.160112,0.128395,0.853194,StadiumSPONGENT,StadiumSPONGENT-22-20260810-14:59:37-739851,3,StadiumSPONGENT-22-20260810-14:59:37-739851|phase2|3,22,22,22,spongent,10,,,,1.502905,0.479589,0.919906,0.693451,0.103209,0.001783,0.792072,0.573861,0.101005,0.001843,104,85,43,549,1,0
2634,1,5.518668,4.459203,1.059465,781,spongent,OMNeT++; module=UavAuthNetwork.uav[4]; config=StadiumSPONGENT,2.028388,0.641787,0.272206,1.153063,0.224962,1.100197,0.484217,1.153063,2.387998,0.164195,0.124689,0.834502,StadiumSPONGENT,StadiumSPONGENT-22-20260810-14:59:37-739851,4,StadiumSPONGENT-22-20260810-14:59:37-739851|phase2|4,22,22,22,spongent,10,,,,1.495866,0.484217,0.836745,0.603206,0.125048,0.001473,0.808813,0.623162,0.100093,0.002335,104,85,43,549,1,0
2635,1,5.496208,4.429541,1.066667,781,spongent,OMNeT++; module=UavAuthNetwork.uav[5]; config=StadiumSPONGENT,1.932773,0.685837,0.258564,1.182468,0.216973,1.09068,0.478357,1.182468,2.469277,0.162148,0.131832,0.849694,StadiumSPONGENT,StadiumSPONGENT-22-20260810-14:59:37-739851,5,StadiumSPONGENT-22-20260810-14:59:37-739851|phase2|5,22,22,22,spongent,10,,,,1.487378,0.478357,0.815906,0.587196,0.107006,0.001973,0.877298,0.593448,0.112987,0.002605,104,85,43,549,1,0
2636,1,5.616783,4.51127,1.105513,781,spongent,OMNeT++; module=UavAuthNetwork.uav[6]; config=StadiumSPONGENT,2.064955,0.617252,0.239976,1.160718,0.248817,1.179633,0.500167,1.160718,2.337646,0.167315,0.124879,0.856696,StadiumSPONGENT,StadiumSPONGENT-22-20260810-14:59:37-739851,6,StadiumSPONGENT-22-20260810-14:59:37-739851|phase2|6,22,22,22,spongent,10,,,,1.512804,0.500167,0.811136,0.590602,0.108309,0.001422,0.825392,0.576787,0.099914,0.001983,104,85,43,549,1,0
2637,1,5.633107,4.56045,1.072657,781,spongent,OMNeT++; module=UavAuthNetwork.uav[7]; config=StadiumSPONGENT,2.055368,0.576016,0.270404,1.188178,0.224578,1.229894,0.470393,1.188178,2.335331,0.173705,0.128726,0.848079,StadiumSPONGENT,StadiumSPONGENT-22-20260810-14:59:37-739851,7,StadiumSPONGENT-22-20260810-14:59:37-739851|phase2|7,22,22,22,spongent,10,,,,1.516767,0.470393,0.798733,0.612523,0.101767,0.001383,0.791582,0.568413,0.105063,0.001663,104,85,43,549,1,0
2638,1,5.526027,4.434739,1.091288,781,spongent,OMNeT++; module=UavAuthNetwork.uav[8]; config=StadiumSPONGENT,1.918617,0.576877,0.248542,1.195862,0.217598,1.090509,0.476223,1.195862,2.373531,0.15887,0.124398,0.87369,StadiumSPONGENT,StadiumSPONGENT-22-20260810-14:59:37-739851,8,StadiumSPONGENT-22-20260810-14:59:37-739851|phase2|8,22,22,22,spongent,10,,,,1.498699,0.476223,0.831045,0.589671,0.101085,0.001522,0.794466,0.590743,0.098963,0.001783,104,85,43,549,1,0
2639,1,5.416744,4.355914,1.06083,781,spongent,OMNeT++; module=UavAuthNetwork.uav[9]; config=StadiumSPONGENT,1.927393,0.569574,0.254548,1.151841,0.22663,1.093224,0.475742,1.151841,2.32927,0.166239,0.124839,0.8342,StadiumSPONGENT,StadiumSPONGENT-22-20260810-14:59:37-739851,9,StadiumSPONGENT-22-20260810-14:59:37-739851|phase2|9,22,22,22,spongent,10,,,,1.481617,0.475742,0.799766,0.577258,0.102639,0.001313,0.794116,0.563152,0.09853,0.001442,104,85,43,549,1,0
2640,1,5.430873,4.338333,1.09254,781,spongent,OMNeT++; module=UavAuthNetwork.uav[0]; config=StadiumSPONGENT,1.931912,0.579091,0.263621,1.143015,0.248724,1.107991,0.469701,1.143015,2.313691,0.160914,0.120391,0.843816,StadiumSPONGENT,StadiumSPONGENT-23-20260810-14:59:37-739851,0,StadiumSPONGENT-23-20260810-14:59:37-739851|phase2|0,23,23,23,spongent,10,,,,1.517076,0.469701,0.795638,0.560588,0.113107,0.001583,0.79122,0.57307,0.099523,0.001843,104,85,43,549,1,0
2641,1,5.489176,4.402098,1.087078,781,spongent,OMNeT++; module=UavAuthNetwork.uav[1]; config=StadiumSPONGENT,1.940587,0.637269,0.247925,1.168321,0.221451,1.091431,0.481543,1.168321,2.342104,0.185268,0.124869,0.865627,StadiumSPONGENT,StadiumSPONGENT-23-20260810-14:59:37-739851,1,StadiumSPONGENT-23-20260810-14:59:37-739851|phase2|1,23,23,23,spongent,10,,,,1.520271,0.481543,0.826764,0.575816,0.105844,0.001924,0.847804,0.570115,0.115021,0.001894,104,85,43,549,1,0
2642,1,5.469288,4.393695,1.075593,781,spongent,OMNeT++; module=UavAuthNetwork.uav[2]; config=StadiumSPONGENT,1.932583,0.566628,0.249688,1.166569,0.223874,1.089668,0.483055,1.166569,2.353074,0.175701,0.127974,0.851719,StadiumSPONGENT,StadiumSPONGENT-23-20260810-14:59:37-739851,2,StadiumSPONGENT-23-20260810-14:59:37-739851|phase2|2,23,23,23,spongent,10,,,,1.500982,0.483055,0.800618,0.596514,0.101005,0.001412,0.793094,0.566218,0.099704,0.001653,104,85,43,549,1,0
2643,1,5.692999,4.614229,1.07877,781,spongent,OMNeT++; module=UavAuthNetwork.uav[3]; config=StadiumSPONGENT,2.132389,0.584702,0.247174,1.155198,0.222214,1.271711,0.494687,1.155198,2.421739,0.162872,0.171444,0.856557,StadiumSPONGENT,StadiumSPONGENT-23-20260810-14:59:37-739851,3,StadiumSPONGENT-23-20260810-14:59:37-739851|phase2|3,23,23,23,spongent,10,,,,1.488816,0.494687,0.799876,0.581957,0.106846,0.002414,0.80245,0.569834,0.10883,0.002424,104,85,43,549,1,0
2644,1,5.665269,4.576078,1.089191,781,spongent,OMNeT++; module=UavAuthNetwork.uav[4]; config=StadiumSPONGENT,2.137068,0.576016,0.264637,1.1566,0.239555,1.258928,0.491511,1.1566,2.338657,0.204518,0.12581,0.849636,StadiumSPONGENT,StadiumSPONGENT-23-20260810-14:59:37-739851,4,StadiumSPONGENT-23-20260810-14:59:37-739851|phase2|4,23,23,23,spongent,10,,,,1.558346,0.491511,0.805366,0.575535,0.123295,0.001943,0.79142,0.565307,0.099552,0.002044,104,85,43,549,1,0
2645,1,5.438824,4.374617,1.064207,781,spongent,OMNeT++; module=UavAuthNetwork.uav[5]; config=StadiumSPONGENT,1.940627,0.571447,0.299485,1.155177,0.221398,1.100006,0.486061,1.155177,2.361098,0.17434,0.123636,0.84281,StadiumSPONGENT,StadiumSPONGENT-23-20260810-14:59:37-739851,5,StadiumSPONGENT-23-20260810-14:59:37-739851|phase2|5,23,23,23,spongent,10,,,,1.538033,0.486061,0.800648,0.57783,0.101676,0.001372,0.786693,0.560808,0.0983,0.001483,104,85,43,549,1,0
2646,1,5.537747,4.446773,1.090974,781,spongent,OMNeT++; module=UavAuthNetwork.uav[6]; config=StadiumSPONGENT,2.017118,0.57246,0.246923,1.147524,0.229501,1.167921,0.494777,1.147524,2.587954,0.167094,0.134607,0.861473,StadiumSPONGENT,StadiumSPONGENT-23-20260810-14:59:37-739851,6,StadiumSPONGENT-23-20260810-14:59:37-739851|phase2|6,23,23,23,spongent,10,,,,1.504991,0.494777,0.794547,0.579331,0.102357,0.001773,0.803362,0.574193,0.101546,0.001803,104,85,43,549,1,0
2647,1,5.486357,4.430721,1.055636,781,spongent,OMNeT++; module=UavAuthNetwork.uav[7]; config=StadiumSPONGENT,1.95326,0.575264,0.243709,1.176927,0.221437,1.097763,0.482123,1.176927,2.348094,0.160584,0.123607,0.834199,StadiumSPONGENT,StadiumSPONGENT-23-20260810-14:59:37-739851,7,StadiumSPONGENT-23-20260810-14:59:37-739851|phase2|7,23,23,23,spongent,10,,,,1.459929,0.482123,0.81248,0.593959,0.115141,0.001382,0.797031,0.566358,0.100955,0.001512,104,85,43,549,1,0
2648,1,5.474823,4.417097,1.057726,781,spongent,OMNeT++; module=UavAuthNetwork.uav[8]; config=StadiumSPONGENT,1.910632,0.565416,0.269158,1.191835,0.217318,1.094256,0.463409,1.191835,2.312649,0.186041,0.122795,0.840408,StadiumSPONGENT,StadiumSPONGENT-23-20260810-14:59:37-739851,8,StadiumSPONGENT-23-20260810-14:59:37-739851|phase2|8,23,23,23,spongent,10,,,,1.512925,0.463409,0.843847,0.575074,0.100755,0.001302,0.786422,0.559626,0.09774,0.001473,104,85,43,549,1,0
2649,1,5.57681,4.498587,1.078223,781,spongent,OMNeT++; module=UavAuthNetwork.uav[9]; config=StadiumSPONGENT,1.914669,0.568562,0.24409,1.214447,0.226851,1.088315,0.477285,1.214447,2.493501,0.176902,0.155024,0.851372,StadiumSPONGENT,StadiumSPONGENT-23-20260810-14:59:37-739851,9,StadiumSPONGENT-23-20260810-14:59:37-739851|phase2|9,23,23,23,spongent,10,,,,1.499215,0.477285,0.823891,0.609928,0.104391,0.001633,0.823529,0.589601,0.102738,0.001744,104,85,43,549,1,0
2650,1,5.47101,4.391219,1.079791,781,spongent,OMNeT++; module=UavAuthNetwork.uav[0]; config=StadiumSPONGENT,1.933804,0.57853,0.241464,1.166318,0.236295,1.101519,0.472386,1.166318,2.359405,0.162374,0.124779,0.843496,StadiumSPONGENT,StadiumSPONGENT-24-20260810-14:59:37-739851,0,StadiumSPONGENT-24-20260810-14:59:37-739851|phase2|0,24,24,24,spongent,10,,,,1.483629,0.472386,0.800176,0.587367,0.11406,0.001563,0.785421,0.578441,0.10392,0.001974,104,85,43,549,1,0
2651,1,5.502196,4.408592,1.093604,781,spongent,OMNeT++; module=UavAuthNetwork.uav[1]; config=StadiumSPONGENT,1.965984,0.573171,0.258103,1.159846,0.239147,1.132436,0.476824,1.159846,2.352472,0.166383,0.122916,0.854457,StadiumSPONGENT,StadiumSPONGENT-24-20260810-14:59:37-739851,1,StadiumSPONGENT-24-20260810-14:59:37-739851|phase2|1,24,24,24,spongent,10,,,,1.51809,0.476824,0.800016,0.582147,0.106975,0.001333,0.812639,0.570837,0.099161,0.001573,104,85,43,549,1,0
2652,1,5.925679,4.862815,1.062864,781,spongent,OMNeT++; module=UavAuthNetwork.uav[2]; config=StadiumSPONGENT,2.407814,0.574463,0.253089,1.165427,0.224941,1.529554,0.502862,1.165427,2.335902,0.189884,0.124147,0.837922,StadiumSPONGENT,StadiumSPONGENT-24-20260810-14:59:37-739851,2,StadiumSPONGENT-24-20260810-14:59:37-739851|phase2|2,24,24,24,spongent,10,,,,1.505837,0.502862,0.81846,0.57799,0.116274,0.001633,0.79094,0.564335,0.099963,0.001914,104,85,43,549,1,0
2653,1,5.421308,4.350265,1.071043,781,spongent,OMNeT++; module=UavAuthNetwork.uav[3]; config=StadiumSPONGENT,1.917736,0.568111,0.265423,1.154997,0.231786,1.085019,0.47454,1.154997,2.312029,0.170336,0.122535,0.839256,StadiumSPONGENT,StadiumSPONGENT-24-20260810-14:59:37-739851,3,StadiumSPONGENT-24-20260810-14:59:37-739851|phase2|3,24,24,24,spongent,10,,,,1.506802,0.47454,0.795968,0.582528,0.105643,0.001303,0.782955,0.560207,0.098631,0.001453,104,85,43,549,1,0
2654,1,5.529515,4.45091,1.078605,781,spongent,OMNeT++; module=UavAuthNetwork.uav[4]; config=StadiumSPONGENT,1.958741,0.577259,0.248682,1.160137,0.216109,1.083176,0.480431,1.160137,2.484344,0.162962,0.171895,0.862496,StadiumSPONGENT,StadiumSPONGENT-24-20260810-14:59:37-739851,4,StadiumSPONGENT-24-20260810-14:59:37-739851|phase2|4,24,24,24,spongent,10,,,,1.490249,0.480431,0.800387,0.628041,0.101656,0.002154,0.790909,0.564865,0.098289,0.002404,104,85,43,549,1,0
2655,1,6.121187,5.048485,1.072702,781,spongent,OMNeT++; module=UavAuthNetwork.uav[5]; config=StadiumSPONGENT,2.605215,0.589541,0.247386,1.156751,0.222842,1.727687,0.499817,1.156751,2.331223,0.190181,0.129768,0.849861,StadiumSPONGENT,StadiumSPONGENT-24-20260810-14:59:37-739851,5,StadiumSPONGENT-24-20260810-14:59:37-739851|phase2|5,24,24,24,spongent,10,,,,1.510269,0.499817,0.798974,0.581466,0.115502,0.001603,0.806629,0.56791,0.100495,0.002114,104,85,43,549,1,0
2656,1,5.523695,4.434818,1.088877,781,spongent,OMNeT++; module=UavAuthNetwork.uav[6]; config=StadiumSPONGENT,2.014753,0.573792,0.247141,1.147062,0.254303,1.16723,0.490059,1.147062,2.384211,0.162529,0.125941,0.834574,StadiumSPONGENT,StadiumSPONGENT-24-20260810-14:59:37-739851,6,StadiumSPONGENT-24-20260810-14:59:37-739851|phase2|6,24,24,24,spongent,10,,,,1.498547,0.490059,0.791701,0.575996,0.107417,0.001663,0.788206,0.568522,0.09879,0.002174,104,85,43,549,1,0
2657,1,5.571548,4.483026,1.088522,781,spongent,OMNeT++; module=UavAuthNetwork.uav[7]; config=StadiumSPONGENT,1.944063,0.720471,0.256919,1.206551,0.219183,1.091581,0.480641,1.206551,2.490756,0.215868,0.125861,0.869339,StadiumSPONGENT,StadiumSPONGENT-24-20260810-14:59:37-739851,7,StadiumSPONGENT-24-20260810-14:59:37-739851|phase2|7,24,24,24,spongent,10,,,,1.561309,0.480641,0.816077,0.617212,0.109971,0.002024,0.996076,0.615218,0.135678,0.002044,104,85,43,549,1,0
2658,1,5.556749,4.493737,1.063012,781,spongent,OMNeT++; module=UavAuthNetwork.uav[8]; config=StadiumSPONGENT,2.043496,0.584542,0.26249,1.160918,0.217906,1.195842,0.484929,1.160918,2.322086,0.169632,0.128405,0.845106,StadiumSPONGENT,StadiumSPONGENT-24-20260810-14:59:37-739851,8,StadiumSPONGENT-24-20260810-14:59:37-739851|phase2|8,24,24,24,spongent,10,,,,1.495134,0.484929,0.795789,0.590903,0.105232,0.001413,0.800748,0.565506,0.100083,0.001633,104,85,43,549,1,0
2659,1,5.490327,4.43466,1.055667,781,spongent,OMNeT++; module=UavAuthNetwork.uav[9]; config=StadiumSPONGENT,1.915832,0.577378,0.247482,1.191324,0.216666,1.088044,0.477265,1.191324,2.411631,0.189092,0.13618,0.839001,StadiumSPONGENT,StadiumSPONGENT-24-20260810-14:59:37-739851,9,StadiumSPONGENT-24-20260810-14:59:37-739851|phase2|9,24,24,24,spongent,10,,,,1.492241,0.477265,0.83447,0.575416,0.105233,0.001452,0.786542,0.576937,0.103711,0.001612,104,85,43,549,1,0
2660,1,5.533047,4.470464,1.062583,781,spongent,OMNeT++; module=UavAuthNetwork.uav[0]; config=StadiumSPONGENT,1.95308,0.59964,0.255726,1.195882,0.214169,1.105296,0.480711,1.195882,2.371988,0.178807,0.12562,0.848414,StadiumSPONGENT,StadiumSPONGENT-25-20260810-14:59:37-739851,0,StadiumSPONGENT-25-20260810-14:59:37-739851|phase2|0,25,25,25,spongent,10,,,,1.497116,0.480711,0.833158,0.581125,0.122795,0.001593,0.819352,0.579543,0.102929,0.002725,104,85,43,549,1,0
2661,1,5.47827,4.375602,1.102668,781,spongent,OMNeT++; module=UavAuthNetwork.uav[1]; config=StadiumSPONGENT,1.934857,0.576336,0.247978,1.15628,0.230871,1.099766,0.480811,1.15628,2.331474,0.157953,0.128185,0.871797,StadiumSPONGENT,StadiumSPONGENT-25-20260810-14:59:37-739851,1,StadiumSPONGENT-25-20260810-14:59:37-739851|phase2|1,25,25,25,spongent,10,,,,1.508599,0.480811,0.799335,0.581576,0.101125,0.001372,0.797211,0.565266,0.105312,0.001513,104,85,43,549,1,0
2662,1,5.531118,4.38532,1.145798,781,spongent,OMNeT++; module=UavAuthNetwork.uav[2]; config=StadiumSPONGENT,1.962448,0.566188,0.271245,1.149387,0.262361,1.133027,0.473868,1.149387,2.344608,0.170137,0.124098,0.883437,StadiumSPONGENT,StadiumSPONGENT-25-20260810-14:59:37-739851,2,StadiumSPONGENT-25-20260810-14:59:37-739851|phase2|2,25,25,25,spongent,10,,,,1.587181,0.473868,0.803382,0.575525,0.100314,0.001352,0.794467,0.562843,0.099653,0.001583,104,85,43,549,1,0
2663,1,5.487039,4.419552,1.067487,781,spongent,OMNeT++; module=UavAuthNetwork.uav[3]; config=StadiumSPONGENT,1.96345,0.575124,0.249491,1.165867,0.228683,1.119312,0.486131,1.165867,2.42756,0.16028,0.124368,0.838805,StadiumSPONGENT,StadiumSPONGENT-25-20260810-14:59:37-739851,3,StadiumSPONGENT-25-20260810-14:59:37-739851|phase2|3,25,25,25,spongent,10,,,,1.477258,0.486131,0.811478,0.584101,0.102197,0.001503,0.79594,0.564395,0.099322,0.001552,104,85,43,549,1,0
2664,1,5.445572,4.385369,1.060203,781,spongent,OMNeT++; module=UavAuthNetwork.uav[4]; config=StadiumSPONGENT,1.949384,0.582848,0.245058,1.156069,0.223187,1.101459,0.489417,1.156069,2.360137,0.168589,0.123847,0.837016,StadiumSPONGENT,StadiumSPONGENT-25-20260810-14:59:37-739851,4,StadiumSPONGENT-25-20260810-14:59:37-739851|phase2|4,25,25,25,spongent,10,,,,1.47385,0.489417,0.799806,0.581666,0.106195,0.001372,0.797231,0.569523,0.098611,0.001763,104,85,43,549,1,0
2665,1,5.455877,4.384195,1.071682,781,spongent,OMNeT++; module=UavAuthNetwork.uav[5]; config=StadiumSPONGENT,1.955565,0.587808,0.271153,1.152101,0.225287,1.117018,0.482965,1.152101,2.384181,0.170974,0.124428,0.846395,StadiumSPONGENT,StadiumSPONGENT-25-20260810-14:59:37-739851,5,StadiumSPONGENT-25-20260810-14:59:37-739851|phase2|5,25,25,25,spongent,10,,,,1.513809,0.482965,0.797482,0.581346,0.10375,0.001442,0.797873,0.581376,0.104202,0.001553,104,85,43,549,1,0
2666,1,5.491084,4.425693,1.065391,781,spongent,OMNeT++; module=UavAuthNetwork.uav[6]; config=StadiumSPONGENT,2.010315,0.576536,0.243164,1.146231,0.223883,1.16754,0.486993,1.146231,2.326835,0.16692,0.122916,0.841508,StadiumSPONGENT,StadiumSPONGENT-25-20260810-14:59:37-739851,6,StadiumSPONGENT-25-20260810-14:59:37-739851|phase2|6,25,25,25,spongent,10,,,,1.475475,0.486993,0.799345,0.572861,0.104111,0.001342,0.795469,0.572399,0.098381,0.001532,104,85,43,549,1,0
2667,1,5.514797,4.459695,1.055102,781,spongent,OMNeT++; module=UavAuthNetwork.uav[7]; config=StadiumSPONGENT,1.933554,0.571487,0.251867,1.181396,0.219595,1.094517,0.482354,1.181396,2.934139,0.17786,0.163349,0.835507,StadiumSPONGENT,StadiumSPONGENT-25-20260810-14:59:37-739851,7,StadiumSPONGENT-25-20260810-14:59:37-739851|phase2|7,25,25,25,spongent,10,,,,1.484829,0.482354,0.801669,0.61184,0.099302,0.002274,0.865587,0.675749,0.120941,0.003336,104,85,43,549,1,0
2668,1,5.56384,4.486716,1.077124,781,spongent,OMNeT++; module=UavAuthNetwork.uav[8]; config=StadiumSPONGENT,2.017078,0.604418,0.243003,1.17255,0.222807,1.121516,0.498734,1.17255,2.338948,0.202082,0.124538,0.854316,StadiumSPONGENT,StadiumSPONGENT-25-20260810-14:59:37-739851,8,StadiumSPONGENT-25-20260810-14:59:37-739851|phase2|8,25,25,25,spongent,10,,,,1.522209,0.498734,0.831816,0.579522,0.117516,0.001433,0.811385,0.570666,0.103972,0.002044,104,85,43,549,1,0
2669,1,5.428489,4.365823,1.062666,781,spongent,OMNeT++; module=UavAuthNetwork.uav[9]; config=StadiumSPONGENT,1.948021,0.568242,0.272332,1.146822,0.219885,1.108702,0.478968,1.146822,2.326775,0.158248,0.124158,0.84278,StadiumSPONGENT,StadiumSPONGENT-25-20260810-14:59:37-739851,9,StadiumSPONGENT-25-20260810-14:59:37-739851|phase2|9,25,25,25,spongent,10,,,,1.493246,0.478968,0.800518,0.577268,0.100814,0.001333,0.793395,0.561109,0.09832,0.001462,104,85,43,549,1,0
2670,1,5.324668,4.248097,1.076571,781,spongent,OMNeT++; module=UavAuthNetwork.uav[0]; config=StadiumSPONGENT,1.89844,0.555328,0.267217,1.113992,0.242605,1.077395,0.469871,1.113992,2.255324,0.174841,0.121673,0.833967,StadiumSPONGENT,StadiumSPONGENT-26-20260810-14:59:37-739851,0,StadiumSPONGENT-26-20260810-14:59:37-739851|phase2|0,26,26,26,spongent,10,,,,1.51863,0.469871,0.768158,0.560307,0.112336,0.001563,0.762738,0.553575,0.095805,0.002214,104,85,43,549,1,0
2671,1,5.371275,4.269456,1.101819,781,spongent,OMNeT++; module=UavAuthNetwork.uav[1]; config=StadiumSPONGENT,1.867533,0.552463,0.259917,1.140721,0.254423,1.06361,0.462628,1.140721,2.332385,0.170345,0.120481,0.847396,StadiumSPONGENT,StadiumSPONGENT-26-20260810-14:59:37-739851,1,StadiumSPONGENT-26-20260810-14:59:37-739851|phase2|1,26,26,26,spongent,10,,,,1.532081,0.462628,0.778357,0.581966,0.097528,0.001382,0.775041,0.56177,0.09835,0.001513,104,85,43,549,1,0
2672,1,5.324755,4.255751,1.069004,781,spongent,OMNeT++; module=UavAuthNetwork.uav[2]; config=StadiumSPONGENT,1.868415,0.55599,0.255405,1.128709,0.220464,1.062719,0.466194,1.128709,2.405199,0.169042,0.129918,0.84854,StadiumSPONGENT,StadiumSPONGENT-26-20260810-14:59:37-739851,2,StadiumSPONGENT-26-20260810-14:59:37-739851|phase2|2,26,26,26,spongent,10,,,,1.493452,0.466194,0.773059,0.57346,0.098069,0.003697,0.786683,0.59509,0.09841,0.001552,104,85,43,549,1,0
2673,1,5.551775,4.48435,1.067425,781,spongent,OMNeT++; module=UavAuthNetwork.uav[3]; config=StadiumSPONGENT,1.967076,0.593078,0.263253,1.193127,0.224353,1.111788,0.487864,1.193127,2.386585,0.16374,0.13102,0.843072,StadiumSPONGENT,StadiumSPONGENT-26-20260810-14:59:37-739851,3,StadiumSPONGENT-26-20260810-14:59:37-739851|phase2|3,26,26,26,spongent,10,,,,1.494418,0.487864,0.828499,0.593969,0.109962,0.001553,0.829389,0.570105,0.110122,0.001593,104,85,43,549,1,0
2674,1,6.081976,4.991049,1.090927,781,spongent,OMNeT++; module=UavAuthNetwork.uav[4]; config=StadiumSPONGENT,2.55813,0.585162,0.250786,1.154416,0.243085,1.65851,0.527747,1.154416,2.334629,0.167743,0.124087,0.847842,StadiumSPONGENT,StadiumSPONGENT-26-20260810-14:59:37-739851,4,StadiumSPONGENT-26-20260810-14:59:37-739851|phase2|4,26,26,26,spongent,10,,,,1.509456,0.527747,0.797813,0.580925,0.117396,0.001783,0.792353,0.568773,0.105824,0.002674,104,85,43,549,1,0
2675,1,5.564135,4.481363,1.082772,781,spongent,OMNeT++; module=UavAuthNetwork.uav[5]; config=StadiumSPONGENT,2.050589,0.5781,0.25802,1.153163,0.249294,1.143707,0.544688,1.153163,2.327807,0.168706,0.124448,0.833478,StadiumSPONGENT,StadiumSPONGENT-26-20260810-14:59:37-739851,5,StadiumSPONGENT-26-20260810-14:59:37-739851|phase2|5,26,26,26,spongent,10,,,,1.509497,0.544688,0.800047,0.577078,0.107568,0.001363,0.793684,0.571127,0.098811,0.001533,104,85,43,549,1,0
2676,1,5.507394,4.432166,1.075228,781,spongent,OMNeT++; module=UavAuthNetwork.uav[6]; config=StadiumSPONGENT,1.990209,0.575215,0.248288,1.155829,0.23818,1.141603,0.488375,1.155829,2.678941,0.177166,0.130299,0.837048,StadiumSPONGENT,StadiumSPONGENT-26-20260810-14:59:37-739851,6,StadiumSPONGENT-26-20260810-14:59:37-739851|phase2|6,26,26,26,spongent,10,,,,1.500682,0.488375,0.813692,0.57263,0.103229,0.001683,0.800487,0.562261,0.099222,0.001863,104,85,43,549,1,0
2677,1,5.473497,4.378105,1.095392,781,spongent,OMNeT++; module=UavAuthNetwork.uav[7]; config=StadiumSPONGENT,1.944103,0.577088,0.243559,1.155398,0.244024,1.100227,0.479328,1.155398,2.352513,0.163009,0.123206,0.851368,StadiumSPONGENT,StadiumSPONGENT-26-20260810-14:59:37-739851,7,StadiumSPONGENT-26-20260810-14:59:37-739851|phase2|7,26,26,26,spongent,10,,,,1.501959,0.479328,0.795149,0.585103,0.109951,0.001733,0.788174,0.567209,0.10437,0.001493,104,85,43,549,1,0
2678,1,5.419875,4.365762,1.054113,781,spongent,OMNeT++; module=UavAuthNetwork.uav[8]; config=StadiumSPONGENT,1.922834,0.602485,0.245983,1.157672,0.215462,1.098063,0.471765,1.157672,2.31269,0.165251,0.127584,0.838651,StadiumSPONGENT,StadiumSPONGENT-26-20260810-14:59:37-739851,8,StadiumSPONGENT-26-20260810-14:59:37-739851|phase2|8,26,26,26,spongent,10,,,,1.465347,0.471765,0.806949,0.576246,0.102027,0.001383,0.807912,0.564275,0.105573,0.001553,104,85,43,549,1,0
2679,1,5.51955,4.468962,1.050588,781,spongent,OMNeT++; module=UavAuthNetwork.uav[9]; config=StadiumSPONGENT,1.918888,0.573651,0.259269,1.208385,0.21524,1.095859,0.475181,1.208385,2.359565,0.189781,0.133304,0.835348,StadiumSPONGENT,StadiumSPONGENT-26-20260810-14:59:37-739851,9,StadiumSPONGENT-26-20260810-14:59:37-739851|phase2|9,26,26,26,spongent,10,,,,1.499638,0.475181,0.828518,0.597275,0.105202,0.001873,0.797973,0.569072,0.101396,0.001753,104,85,43,549,1,0
2680,1,5.826624,4.758323,1.068301,781,spongent,OMNeT++; module=UavAuthNetwork.uav[0]; config=StadiumSPONGENT,2.233835,0.586365,0.262672,1.199509,0.226344,1.318327,0.542735,1.199509,2.407473,0.16255,0.12547,0.841956,StadiumSPONGENT,StadiumSPONGENT-27-20260810-14:59:38-739851,0,StadiumSPONGENT-27-20260810-14:59:38-739851|phase2|0,27,27,27,spongent,10,,,,1.493523,0.542735,0.832436,0.585644,0.123857,0.001673,0.854677,0.581756,0.104122,0.002274,104,85,43,549,1,0
2681,1,5.48494,4.402751,1.082189,781,spongent,OMNeT++; module=UavAuthNetwork.uav[1]; config=StadiumSPONGENT,1.95827,0.580304,0.2613,1.158233,0.22699,1.106328,0.489378,1.158233,2.329019,0.186012,0.128015,0.855199,StadiumSPONGENT,StadiumSPONGENT-27-20260810-14:59:38-739851,1,StadiumSPONGENT-27-20260810-14:59:38-739851|phase2|1,27,27,27,spongent,10,,,,1.529501,0.489378,0.80255,0.584752,0.104182,0.001483,0.793454,0.568722,0.09852,0.001773,104,85,43,549,1,0
2682,1,5.616333,4.561402,1.054931,781,spongent,OMNeT++; module=UavAuthNetwork.uav[2]; config=StadiumSPONGENT,2.079412,0.611311,0.252264,1.178731,0.21972,1.130753,0.584271,1.178731,2.34599,0.167469,0.124528,0.835212,StadiumSPONGENT,StadiumSPONGENT-27-20260810-14:59:38-739851,2,StadiumSPONGENT-27-20260810-14:59:38-739851|phase2|2,27,27,27,spongent,10,,,,1.474664,0.584271,0.817318,0.585382,0.107487,0.001573,0.819863,0.574182,0.100915,0.002304,104,85,43,549,1,0
2683,1,5.645644,4.574016,1.071628,781,spongent,OMNeT++; module=UavAuthNetwork.uav[3]; config=StadiumSPONGENT,2.049787,0.581586,0.284681,1.19992,0.23338,1.151551,0.51835,1.19992,2.37286,0.180103,0.124389,0.838248,StadiumSPONGENT,StadiumSPONGENT-27-20260810-14:59:38-739851,3,StadiumSPONGENT-27-20260810-14:59:38-739851|phase2|3,27,27,27,spongent,10,,,,1.536412,0.51835,0.858534,0.579641,0.111554,0.001423,0.797642,0.571438,0.102187,0.002114,104,85,43,549,1,0
2684,1,5.477947,4.393324,1.084623,781,spongent,OMNeT++; module=UavAuthNetwork.uav[4]; config=StadiumSPONGENT,1.960965,0.576727,0.268102,1.154326,0.245071,1.108442,0.491311,1.154326,2.336002,0.186619,0.123707,0.839552,StadiumSPONGENT,StadiumSPONGENT-27-20260810-14:59:38-739851,4,StadiumSPONGENT-27-20260810-14:59:38-739851|phase2|4,27,27,27,spongent,10,,,,1.539345,0.491311,0.801369,0.575847,0.110181,0.001332,0.8074,0.559306,0.098371,0.001523,104,85,43,549,1,0
2685,1,5.408373,4.354832,1.053541,781,spongent,OMNeT++; module=UavAuthNetwork.uav[5]; config=StadiumSPONGENT,1.932182,0.56729,0.241417,1.149998,0.220603,1.092663,0.488485,1.149998,2.336964,0.165831,0.122654,0.832937,StadiumSPONGENT,StadiumSPONGENT-27-20260810-14:59:38-739851,5,StadiumSPONGENT-27-20260810-14:59:38-739851|phase2|5,27,27,27,spongent,10,,,,1.460789,0.488485,0.797482,0.577859,0.099963,0.001333,0.782294,0.561058,0.097719,0.001513,104,85,43,549,1,0
2686,1,5.5094,4.406438,1.102962,781,spongent,OMNeT++; module=UavAuthNetwork.uav[6]; config=StadiumSPONGENT,1.992993,0.573131,0.252042,1.144879,0.254423,1.157482,0.484038,1.144879,2.325904,0.181264,0.123687,0.848539,StadiumSPONGENT,StadiumSPONGENT-27-20260810-14:59:38-739851,6,StadiumSPONGENT-27-20260810-14:59:38-739851|phase2|6,27,27,27,spongent,10,,,,1.536268,0.484038,0.79045,0.579233,0.101606,0.001382,0.79087,0.569033,0.09844,0.001492,104,85,43,549,1,0
2687,1,5.411028,4.339164,1.071864,781,spongent,OMNeT++; module=UavAuthNetwork.uav[7]; config=StadiumSPONGENT,1.921603,0.579101,0.288037,1.147002,0.22202,1.090209,0.479148,1.147002,2.322227,0.178913,0.123557,0.849845,StadiumSPONGENT,StadiumSPONGENT-27-20260810-14:59:38-739851,7,StadiumSPONGENT-27-20260810-14:59:38-739851|phase2|7,27,27,27,spongent,10,,,,1.538815,0.479148,0.798775,0.576226,0.099412,0.001363,0.792503,0.565166,0.097699,0.001433,104,85,43,549,1,0
2688,1,5.524422,4.459174,1.065248,781,spongent,OMNeT++; module=UavAuthNetwork.uav[8]; config=StadiumSPONGENT,1.953641,0.576396,0.261631,1.190893,0.229166,1.109253,0.493545,1.190893,2.499582,0.199822,0.123747,0.836081,StadiumSPONGENT,StadiumSPONGENT-27-20260810-14:59:38-739851,8,StadiumSPONGENT-27-20260810-14:59:38-739851|phase2|8,27,27,27,spongent,10,,,,1.526701,0.493545,0.812208,0.603927,0.101265,0.001432,0.810165,0.569654,0.107928,0.001763,104,85,43,549,1,0
2689,1,5.505644,4.433717,1.071927,781,spongent,OMNeT++; module=UavAuthNetwork.uav[9]; config=StadiumSPONGENT,1.926832,0.61663,0.249342,1.190833,0.237281,1.090168,0.475992,1.190833,2.452536,0.16328,0.125219,0.834646,StadiumSPONGENT,StadiumSPONGENT-27-20260810-14:59:38-739851,9,StadiumSPONGENT-27-20260810-14:59:38-739851|phase2|9,27,27,27,spongent,10,,,,1.484549,0.475992,0.825363,0.592526,0.105614,0.001593,0.896173,0.585794,0.111665,0.001603,104,85,43,549,1,0
2690,1,5.547562,4.471026,1.076536,781,spongent,OMNeT++; module=UavAuthNetwork.uav[0]; config=StadiumSPONGENT,1.952539,0.574513,0.243232,1.190733,0.232465,1.095128,0.483977,1.190733,2.371197,0.176491,0.137021,0.84407,StadiumSPONGENT,StadiumSPONGENT-28-20260810-14:59:38-739851,0,StadiumSPONGENT-28-20260810-14:59:38-739851|phase2|0,28,28,28,spongent,10,,,,1.496258,0.483977,0.822818,0.577278,0.135238,0.001633,0.788906,0.5783,0.099974,0.002264,104,85,43,549,1,0
2691,1,5.696056,4.596687,1.099369,781,spongent,OMNeT++; module=UavAuthNetwork.uav[1]; config=StadiumSPONGENT,2.008813,0.571798,0.261302,1.228582,0.238462,1.164554,0.485591,1.228582,2.634389,0.162409,0.13071,0.860907,StadiumSPONGENT,StadiumSPONGENT-28-20260810-14:59:38-739851,1,StadiumSPONGENT-28-20260810-14:59:38-739851|phase2|1,28,28,28,spongent,10,,,,1.52308,0.485591,0.821386,0.613556,0.124658,0.001703,0.839148,0.665089,0.10383,0.002224,104,85,43,549,1,0
2692,1,5.593083,4.514598,1.078485,781,spongent,OMNeT++; module=UavAuthNetwork.uav[2]; config=StadiumSPONGENT,2.073702,0.589651,0.254589,1.157733,0.23726,1.189631,0.502872,1.157733,2.35102,0.195947,0.12543,0.841225,StadiumSPONGENT,StadiumSPONGENT-28-20260810-14:59:38-739851,2,StadiumSPONGENT-28-20260810-14:59:38-739851|phase2|2,28,28,28,spongent,10,,,,1.52902,0.502872,0.796389,0.576557,0.127885,0.001573,0.799356,0.576246,0.101175,0.002064,104,85,43,549,1,0
2693,1,5.620291,4.537399,1.082892,781,spongent,OMNeT++; module=UavAuthNetwork.uav[3]; config=StadiumSPONGENT,2.065176,0.570506,0.25589,1.173632,0.225638,1.214156,0.47996,1.173632,2.480247,0.18819,0.124959,0.857253,StadiumSPONGENT,StadiumSPONGENT-28-20260810-14:59:38-739851,3,StadiumSPONGENT-28-20260810-14:59:38-739851|phase2|3,28,28,28,spongent,10,,,,1.526972,0.47996,0.827117,0.576216,0.105904,0.001633,0.84041,0.575053,0.102037,0.001683,104,85,43,549,1,0
2694,1,5.634646,4.55504,1.079606,781,spongent,OMNeT++; module=UavAuthNetwork.uav[4]; config=StadiumSPONGENT,1.951768,0.57301,0.254427,1.239382,0.218447,1.097993,0.494005,1.239382,2.402935,0.161993,0.124508,0.861158,StadiumSPONGENT,StadiumSPONGENT-28-20260810-14:59:38-739851,4,StadiumSPONGENT-28-20260810-14:59:38-739851|phase2|4,28,28,28,spongent,10,,,,1.496025,0.494005,0.841563,0.607394,0.11985,0.001403,0.814733,0.58356,0.109131,0.003857,104,85,43,549,1,0
2695,1,5.435271,4.357717,1.077554,781,spongent,OMNeT++; module=UavAuthNetwork.uav[5]; config=StadiumSPONGENT,1.931541,0.57256,0.269759,1.15138,0.230227,1.096781,0.477205,1.15138,2.365145,0.17374,0.123416,0.847327,StadiumSPONGENT,StadiumSPONGENT-28-20260810-14:59:38-739851,5,StadiumSPONGENT-28-20260810-14:59:38-739851|phase2|5,28,28,28,spongent,10,,,,1.521053,0.477205,0.79589,0.579262,0.106044,0.001443,0.785109,0.569134,0.10391,0.001522,104,85,43,549,1,0
2696,1,5.545959,4.432996,1.112963,781,spongent,OMNeT++; module=UavAuthNetwork.uav[6]; config=StadiumSPONGENT,1.992112,0.591103,0.264095,1.157181,0.255511,1.123659,0.471744,1.157181,2.439041,0.164204,0.126522,0.857452,StadiumSPONGENT,StadiumSPONGENT-28-20260810-14:59:38-739851,6,StadiumSPONGENT-28-20260810-14:59:38-739851|phase2|6,28,28,28,spongent,10,,,,1.541262,0.471744,0.847013,0.576337,0.103649,0.001673,0.823009,0.622702,0.120181,0.001613,104,85,43,549,1,0
2697,1,5.578173,4.512542,1.065631,781,spongent,OMNeT++; module=UavAuthNetwork.uav[7]; config=StadiumSPONGENT,2.042895,0.599018,0.249159,1.17309,0.219984,1.180674,0.487093,1.17309,2.338146,0.171852,0.123467,0.845647,StadiumSPONGENT,StadiumSPONGENT-28-20260810-14:59:38-739851,7,StadiumSPONGENT-28-20260810-14:59:38-739851|phase2|7,28,28,28,spongent,10,,,,1.486642,0.487093,0.815896,0.592947,0.110041,0.001503,0.810536,0.57266,0.102298,0.001562,104,85,43,549,1,0
2698,1,5.408895,4.326994,1.081901,781,spongent,OMNeT++; module=UavAuthNetwork.uav[8]; config=StadiumSPONGENT,1.915111,0.572339,0.264301,1.143537,0.226241,1.087984,0.476303,1.143537,2.387236,0.176739,0.124809,0.85566,StadiumSPONGENT,StadiumSPONGENT-28-20260810-14:59:38-739851,8,StadiumSPONGENT-28-20260810-14:59:38-739851|phase2|8,28,28,28,spongent,10,,,,1.522941,0.476303,0.790739,0.576857,0.100124,0.001423,0.786311,0.568833,0.09827,0.001673,104,85,43,549,1,0
2699,1,5.463217,4.388004,1.075213,781,spongent,OMNeT++; module=UavAuthNetwork.uav[9]; config=StadiumSPONGENT,1.943082,0.5728,0.244292,1.15106,0.237087,1.116076,0.475412,1.15106,2.37344,0.193811,0.142802,0.838126,StadiumSPONGENT,StadiumSPONGENT-28-20260810-14:59:38-739851,9,StadiumSPONGENT-28-20260810-14:59:38-739851|phase2|9,28,28,28,spongent,10,,,,1.513316,0.475412,0.793394,0.580985,0.102579,0.002785,0.782515,0.566899,0.104221,0.001663,104,85,43,549,1,0
2700,1,5.576705,4.464422,1.112283,781,spongent,OMNeT++; module=UavAuthNetwork.uav[0]; config=StadiumSPONGENT,2.009834,0.584912,0.243412,1.163202,0.251718,1.099445,0.53979,1.163202,2.347433,0.16986,0.128184,0.860566,StadiumSPONGENT,StadiumSPONGENT-29-20260810-14:59:38-739851,0,StadiumSPONGENT-29-20260810-14:59:38-739851|phase2|0,29,29,29,spongent,10,,,,1.525555,0.53979,0.802911,0.581076,0.120972,0.001923,0.801059,0.569453,0.111945,0.002284,104,85,43,549,1,0
2701,1,5.638184,4.572041,1.066143,781,spongent,OMNeT++; module=UavAuthNetwork.uav[1]; config=StadiumSPONGENT,1.941108,0.607323,0.267147,1.252015,0.224109,1.10169,0.487183,1.252015,2.484985,0.163955,0.126903,0.842034,StadiumSPONGENT,StadiumSPONGENT-29-20260810-14:59:38-739851,1,StadiumSPONGENT-29-20260810-14:59:38-739851|phase2|1,29,29,29,spongent,10,,,,1.497246,0.487183,0.798533,0.678174,0.101376,0.001643,0.892657,0.563793,0.117115,0.001733,104,85,43,549,1,0
2702,1,5.434065,4.368819,1.065246,781,spongent,OMNeT++; module=UavAuthNetwork.uav[2]; config=StadiumSPONGENT,1.944114,0.572329,0.257203,1.150309,0.220608,1.094686,0.487634,1.150309,2.320254,0.202506,0.124087,0.844639,StadiumSPONGENT,StadiumSPONGENT-29-20260810-14:59:38-739851,2,StadiumSPONGENT-29-20260810-14:59:38-739851|phase2|2,29,29,29,spongent,10,,,,1.524955,0.487634,0.804214,0.576998,0.102347,0.001322,0.791771,0.562771,0.09859,0.001483,104,85,43,549,1,0
2703,1,5.416558,4.344696,1.071862,781,spongent,OMNeT++; module=UavAuthNetwork.uav[3]; config=StadiumSPONGENT,1.928546,0.565977,0.256923,1.148566,0.226039,1.084448,0.473027,1.148566,2.309784,0.162577,0.119018,0.845823,StadiumSPONGENT,StadiumSPONGENT-29-20260810-14:59:38-739851,3,StadiumSPONGENT-29-20260810-14:59:38-739851|phase2|3,29,29,29,spongent,10,,,,1.491362,0.473027,0.803202,0.571227,0.120691,0.001263,0.794686,0.565266,0.09842,0.001382,104,85,43,549,1,0
2704,1,5.274207,4.217834,1.056373,781,spongent,OMNeT++; module=UavAuthNetwork.uav[4]; config=StadiumSPONGENT,1.858577,0.547664,0.279026,1.11788,0.216079,1.051377,0.464181,1.11788,2.289687,0.165903,0.123497,0.840294,StadiumSPONGENT,StadiumSPONGENT-29-20260810-14:59:38-739851,4,StadiumSPONGENT-29-20260810-14:59:38-739851|phase2|4,29,29,29,spongent,10,,,,1.501302,0.464181,0.778477,0.562782,0.096336,0.001362,0.767466,0.551361,0.095285,0.001563,104,85,43,549,1,0
2705,1,5.359043,4.274194,1.084849,781,spongent,OMNeT++; module=UavAuthNetwork.uav[5]; config=StadiumSPONGENT,1.908118,0.549878,0.251752,1.121455,0.229072,1.092222,0.472486,1.121455,2.294446,0.166361,0.123166,0.855777,StadiumSPONGENT,StadiumSPONGENT-29-20260810-14:59:38-739851,5,StadiumSPONGENT-29-20260810-14:59:38-739851|phase2|5,29,29,29,spongent,10,,,,1.502962,0.472486,0.777745,0.564966,0.0978,0.001273,0.76937,0.548505,0.096316,0.001473,104,85,43,549,1,0
2706,1,5.488692,4.378288,1.110404,781,spongent,OMNeT++; module=UavAuthNetwork.uav[6]; config=StadiumSPONGENT,2.035482,0.567371,0.254546,1.111378,0.263424,1.144709,0.535321,1.111378,2.252429,0.16161,0.12005,0.846979,StadiumSPONGENT,StadiumSPONGENT-29-20260810-14:59:38-739851,6,StadiumSPONGENT-29-20260810-14:59:38-739851|phase2|6,29,29,29,spongent,10,,,,1.52656,0.535321,0.776804,0.562351,0.101617,0.001333,0.771265,0.549978,0.096587,0.001533,104,85,43,549,1,0
2707,1,5.30525,4.210318,1.094932,781,spongent,OMNeT++; module=UavAuthNetwork.uav[7]; config=StadiumSPONGENT,1.858718,0.554576,0.260157,1.116326,0.256603,1.052129,0.459342,1.116326,2.310516,0.189631,0.118948,0.838329,StadiumSPONGENT,StadiumSPONGENT-29-20260810-14:59:38-739851,7,StadiumSPONGENT-29-20260810-14:59:38-739851|phase2|7,29,29,29,spongent,10,,,,1.54472,0.459342,0.777136,0.563523,0.097809,0.001262,0.77509,0.559646,0.097339,0.001382,104,85,43,549,1,0
2708,1,5.281732,4.215827,1.065905,781,spongent,OMNeT++; module=UavAuthNetwork.uav[8]; config=StadiumSPONGENT,1.857755,0.553004,0.246848,1.114192,0.219677,1.053972,0.460123,1.114192,2.314282,0.168307,0.129688,0.846228,StadiumSPONGENT,StadiumSPONGENT-29-20260810-14:59:38-739851,8,StadiumSPONGENT-29-20260810-14:59:38-739851|phase2|8,29,29,29,spongent,10,,,,1.48106,0.460123,0.775852,0.561289,0.096948,0.001743,0.775341,0.554947,0.101706,0.001562,104,85,43,549,1,0
2709,1,5.331146,4.259028,1.072118,781,spongent,OMNeT++; module=UavAuthNetwork.uav[9]; config=StadiumSPONGENT,1.879055,0.559585,0.249396,1.128038,0.230064,1.072066,0.462888,1.128038,2.335231,0.16846,0.123897,0.842054,StadiumSPONGENT,StadiumSPONGENT-29-20260810-14:59:38-739851,9,StadiumSPONGENT-29-20260810-14:59:38-739851|phase2|9,29,29,29,spongent,10,,,,1.489974,0.462888,0.779458,0.564885,0.102658,0.001372,0.776255,0.570025,0.098119,0.001503,104,85,43,549,1,0
2710,1,5.451356,4.375041,1.076315,781,spongent,OMNeT++; module=UavAuthNetwork.uav[0]; config=StadiumSPONGENT,1.944575,0.578931,0.249726,1.149247,0.232185,1.09676,0.479539,1.149247,2.768515,0.186971,0.131972,0.84413,StadiumSPONGENT,StadiumSPONGENT-3-20260810-14:59:33-739851,0,StadiumSPONGENT-3-20260810-14:59:33-739851|phase2|0,3,3,3,spongent,10,,,,1.513012,0.479539,0.795367,0.57812,0.118968,0.001843,0.874724,0.725439,0.125249,0.002104,104,85,43,549,1,0
2711,1,5.467364,4.3918,1.075564,781,spongent,OMNeT++; module=UavAuthNetwork.uav[1]; config=StadiumSPONGENT,1.96415,0.573852,0.287174,1.152132,0.234064,1.102511,0.483746,1.152132,2.314783,0.175748,0.123386,0.8415,StadiumSPONGENT,StadiumSPONGENT-3-20260810-14:59:33-739851,1,StadiumSPONGENT-3-20260810-14:59:33-739851|phase2|1,3,3,3,spongent,10,,,,1.538486,0.483746,0.804084,0.57855,0.115902,0.001473,0.792562,0.561128,0.098911,0.001492,104,85,43,549,1,0
2712,1,5.41455,4.342031,1.072519,781,spongent,OMNeT++; module=UavAuthNetwork.uav[2]; config=StadiumSPONGENT,1.922825,0.568432,0.265616,1.147624,0.238633,1.089747,0.47987,1.147624,2.342464,0.164095,0.123958,0.833886,StadiumSPONGENT,StadiumSPONGENT-3-20260810-14:59:33-739851,2,StadiumSPONGENT-3-20260810-14:59:33-739851|phase2|2,3,3,3,spongent,10,,,,1.50223,0.47987,0.800196,0.572359,0.1032,0.001423,0.795328,0.568032,0.097599,0.001513,104,85,43,549,1,0
2713,1,5.996927,4.935138,1.061789,781,spongent,OMNeT++; module=UavAuthNetwork.uav[3]; config=StadiumSPONGENT,2.387988,0.581195,0.259868,1.208606,0.217535,1.198096,0.72569,1.208606,2.364655,0.180963,0.129938,0.844254,StadiumSPONGENT,StadiumSPONGENT-3-20260810-14:59:33-739851,3,StadiumSPONGENT-3-20260810-14:59:33-739851|phase2|3,3,3,3,spongent,10,,,,1.50262,0.72569,0.849628,0.673124,0.122614,0.002024,0.826185,0.568683,0.103961,0.002204,104,85,43,549,1,0
2714,1,5.419264,4.354522,1.064742,781,spongent,OMNeT++; module=UavAuthNetwork.uav[4]; config=StadiumSPONGENT,1.931029,0.567049,0.294036,1.150419,0.229769,1.089828,0.47996,1.150419,2.321055,0.160682,0.122655,0.834973,StadiumSPONGENT,StadiumSPONGENT-3-20260810-14:59:33-739851,4,StadiumSPONGENT-3-20260810-14:59:33-739851|phase2|4,3,3,3,spongent,10,,,,1.519461,0.47996,0.810355,0.57248,0.099683,0.001322,0.785861,0.560207,0.09842,0.001563,104,85,43,549,1,0
2715,1,5.385054,4.326171,1.058883,781,spongent,OMNeT++; module=UavAuthNetwork.uav[5]; config=StadiumSPONGENT,1.918778,0.570696,0.257923,1.141763,0.21866,1.081082,0.482595,1.141763,2.410479,0.189043,0.123867,0.840223,StadiumSPONGENT,StadiumSPONGENT-3-20260810-14:59:33-739851,5,StadiumSPONGENT-3-20260810-14:59:33-739851|phase2|5,3,3,3,spongent,10,,,,1.505849,0.482595,0.799815,0.572029,0.099282,0.001423,0.792894,0.562632,0.09818,0.001522,104,85,43,549,1,0
2716,1,5.536165,4.481866,1.054299,781,spongent,OMNeT++; module=UavAuthNetwork.uav[6]; config=StadiumSPONGENT,1.923015,0.570816,0.241023,1.21657,0.215949,1.088495,0.472236,1.21657,2.356189,0.17993,0.125711,0.83835,StadiumSPONGENT,StadiumSPONGENT-3-20260810-14:59:33-739851,6,StadiumSPONGENT-3-20260810-14:59:33-739851|phase2|6,3,3,3,spongent,10,,,,1.475253,0.472236,0.852221,0.58858,0.110943,0.001673,0.783786,0.565386,0.099032,0.001724,104,85,43,549,1,0
2717,1,5.447483,4.354793,1.09269,781,spongent,OMNeT++; module=UavAuthNetwork.uav[7]; config=StadiumSPONGENT,1.931791,0.581065,0.252172,1.149537,0.233682,1.093164,0.479278,1.149537,2.324891,0.175546,0.123928,0.859008,StadiumSPONGENT,StadiumSPONGENT-3-20260810-14:59:33-739851,7,StadiumSPONGENT-3-20260810-14:59:33-739851|phase2|7,3,3,3,spongent,10,,,,1.520408,0.479278,0.796048,0.579231,0.104051,0.001553,0.791842,0.575926,0.09838,0.001983,104,85,43,549,1,0
2718,1,5.431683,4.363468,1.068215,781,spongent,OMNeT++; module=UavAuthNetwork.uav[8]; config=StadiumSPONGENT,1.932553,0.583139,0.24693,1.153845,0.232634,1.092863,0.485871,1.153845,2.328068,0.180383,0.123225,0.835581,StadiumSPONGENT,StadiumSPONGENT-3-20260810-14:59:33-739851,8,StadiumSPONGENT-3-20260810-14:59:33-739851|phase2|8,3,3,3,spongent,10,,,,1.495529,0.485871,0.79665,0.582016,0.102178,0.001453,0.796059,0.576136,0.09869,0.001954,104,85,43,549,1,0
2719,1,5.43308,4.342199,1.090881,781,spongent,OMNeT++; module=UavAuthNetwork.uav[9]; config=StadiumSPONGENT,1.917164,0.570105,0.251319,1.146341,0.244157,1.09145,0.472036,1.146341,2.322608,0.166278,0.132353,0.846724,StadiumSPONGENT,StadiumSPONGENT-3-20260810-14:59:33-739851,9,StadiumSPONGENT-3-20260810-14:59:33-739851|phase2|9,3,3,3,spongent,10,,,,1.508478,0.472036,0.797902,0.571958,0.101645,0.001373,0.78534,0.566378,0.0983,0.001904,104,85,43,549,1,0
2720,1,5.478025,4.404022,1.074003,781,spongent,OMNeT++; module=UavAuthNetwork.uav[0]; config=StadiumSPONGENT,1.955565,0.588048,0.253513,1.161769,0.227468,1.097291,0.487815,1.161769,2.338376,0.173339,0.124919,0.846535,StadiumSPONGENT,StadiumSPONGENT-4-20260810-14:59:33-739851,0,StadiumSPONGENT-4-20260810-14:59:33-739851|phase2|0,4,4,4,spongent,10,,,,1.500855,0.487815,0.800637,0.581095,0.122295,0.002194,0.805246,0.568593,0.099031,0.002465,104,85,43,549,1,0
2721,1,5.770963,4.703323,1.06764,781,spongent,OMNeT++; module=UavAuthNetwork.uav[1]; config=StadiumSPONGENT,2.28009,0.610509,0.247422,1.148596,0.215673,1.095338,0.704672,1.148596,2.51481,0.159418,0.126041,0.851967,StadiumSPONGENT,StadiumSPONGENT-4-20260810-14:59:33-739851,1,StadiumSPONGENT-4-20260810-14:59:33-739851|phase2|1,4,4,4,spongent,10,,,,1.47448,0.704672,0.856801,0.617612,0.123747,0.001753,0.814363,0.636546,0.124548,0.002124,104,85,43,549,1,0
2722,1,5.609436,4.522821,1.086615,781,spongent,OMNeT++; module=UavAuthNetwork.uav[2]; config=StadiumSPONGENT,2.045429,0.570025,0.251234,1.176527,0.232516,1.101289,0.571217,1.176527,2.332566,0.178186,0.124338,0.8541,StadiumSPONGENT,StadiumSPONGENT-4-20260810-14:59:33-739851,2,StadiumSPONGENT-4-20260810-14:59:33-739851|phase2|2,4,4,4,spongent,10,,,,1.516035,0.571217,0.80727,0.590312,0.117987,0.001483,0.788755,0.568793,0.100985,0.002324,104,85,43,549,1,0
2723,1,5.421979,4.343001,1.078978,781,spongent,OMNeT++; module=UavAuthNetwork.uav[3]; config=StadiumSPONGENT,1.928295,0.577288,0.254426,1.145189,0.245948,1.090499,0.483106,1.145189,2.308903,0.195317,0.124328,0.83303,StadiumSPONGENT,StadiumSPONGENT-4-20260810-14:59:33-739851,3,StadiumSPONGENT-4-20260810-14:59:33-739851|phase2|3,4,4,4,spongent,10,,,,1.528721,0.483106,0.792714,0.577359,0.099743,0.001342,0.790879,0.564796,0.097848,0.001473,104,85,43,549,1,0
2724,1,5.702806,4.623095,1.079711,781,spongent,OMNeT++; module=UavAuthNetwork.uav[4]; config=StadiumSPONGENT,2.046752,0.64333,0.276796,1.225326,0.223333,1.083567,0.526605,1.225326,2.430987,0.164659,0.125691,0.856378,StadiumSPONGENT,StadiumSPONGENT-4-20260810-14:59:33-739851,4,StadiumSPONGENT-4-20260810-14:59:33-739851|phase2|4,4,4,4,spongent,10,,,,1.521166,0.526605,0.846732,0.671632,0.115612,0.001734,0.824892,0.652786,0.101936,0.002304,104,85,43,549,1,0
2725,1,5.474848,4.412429,1.062419,781,spongent,OMNeT++; module=UavAuthNetwork.uav[5]; config=StadiumSPONGENT,1.962878,0.573682,0.256425,1.162331,0.217876,1.116446,0.478668,1.162331,2.376587,0.190998,0.124889,0.844543,StadiumSPONGENT,StadiumSPONGENT-4-20260810-14:59:33-739851,5,StadiumSPONGENT-4-20260810-14:59:33-739851|phase2|5,4,4,4,spongent,10,,,,1.509842,0.478668,0.802541,0.583049,0.112506,0.001442,0.798684,0.5615,0.100284,0.001904,104,85,43,549,1,0
2726,1,5.403484,4.337451,1.066033,781,spongent,OMNeT++; module=UavAuthNetwork.uav[6]; config=StadiumSPONGENT,1.914179,0.570827,0.253378,1.149477,0.215548,1.09085,0.471204,1.149477,2.311888,0.16318,0.124318,0.850485,StadiumSPONGENT,StadiumSPONGENT-4-20260810-14:59:33-739851,6,StadiumSPONGENT-4-20260810-14:59:33-739851|phase2|6,4,4,4,spongent,10,,,,1.48259,0.471204,0.7966,0.577008,0.101807,0.001282,0.78543,0.564925,0.09777,0.001482,104,85,43,549,1,0
2727,1,5.452901,4.391017,1.061884,781,spongent,OMNeT++; module=UavAuthNetwork.uav[7]; config=StadiumSPONGENT,1.959211,0.571398,0.257241,1.144938,0.214669,1.114493,0.482975,1.144938,2.348855,0.158203,0.14193,0.847215,StadiumSPONGENT,StadiumSPONGENT-4-20260810-14:59:33-739851,7,StadiumSPONGENT-4-20260810-14:59:33-739851|phase2|7,4,4,4,spongent,10,,,,1.477328,0.482975,0.792734,0.57785,0.110743,0.001463,0.794836,0.565046,0.09798,0.002384,104,85,43,549,1,0
2728,1,5.491432,4.422186,1.069246,781,spongent,OMNeT++; module=UavAuthNetwork.uav[8]; config=StadiumSPONGENT,1.990689,0.578821,0.251906,1.154336,0.220797,1.163062,0.475442,1.154336,2.317809,0.171399,0.122825,0.848449,StadiumSPONGENT,StadiumSPONGENT-4-20260810-14:59:33-739851,8,StadiumSPONGENT-4-20260810-14:59:33-739851|phase2|8,4,4,4,spongent,10,,,,1.492551,0.475442,0.800979,0.57233,0.108178,0.001292,0.790859,0.565717,0.09838,0.002384,104,85,43,549,1,0
2729,1,5.394496,4.340839,1.053657,781,spongent,OMNeT++; module=UavAuthNetwork.uav[9]; config=StadiumSPONGENT,1.912887,0.568772,0.286069,1.146302,0.21554,1.089938,0.473699,1.146302,2.333217,0.177986,0.135348,0.838117,StadiumSPONGENT,StadiumSPONGENT-4-20260810-14:59:33-739851,9,StadiumSPONGENT-4-20260810-14:59:33-739851|phase2|9,4,4,4,spongent,10,,,,1.517712,0.473699,0.797412,0.573361,0.099632,0.001373,0.784407,0.558824,0.102929,0.001533,104,85,43,549,1,0
2730,1,5.417098,4.356205,1.060893,781,spongent,OMNeT++; module=UavAuthNetwork.uav[0]; config=StadiumSPONGENT,1.933805,0.61079,0.24115,1.151611,0.215422,1.087303,0.491792,1.151611,2.266054,0.180186,0.119178,0.845471,StadiumSPONGENT,StadiumSPONGENT-5-20260810-14:59:33-739851,0,StadiumSPONGENT-5-20260810-14:59:33-739851|phase2|0,5,5,5,spongent,10,,,,1.482229,0.491792,0.795229,0.579542,0.107747,0.001643,0.806639,0.563663,0.111946,0.001873,104,85,43,549,1,0
2731,1,5.308771,4.235514,1.073257,781,spongent,OMNeT++; module=UavAuthNetwork.uav[1]; config=StadiumSPONGENT,1.846805,0.549407,0.240961,1.133528,0.223502,1.048542,0.461095,1.133528,2.273999,0.166102,0.121653,0.849755,StadiumSPONGENT,StadiumSPONGENT-5-20260810-14:59:33-739851,1,StadiumSPONGENT-5-20260810-14:59:33-739851|phase2|1,5,5,5,spongent,10,,,,1.48032,0.461095,0.766565,0.581395,0.098421,0.001323,0.773588,0.558824,0.096557,0.001433,104,85,43,549,1,0
2732,1,5.334179,4.263967,1.070212,781,spongent,OMNeT++; module=UavAuthNetwork.uav[2]; config=StadiumSPONGENT,1.853829,0.549647,0.252816,1.143576,0.222889,1.051808,0.465463,1.143576,2.326454,0.219358,0.122986,0.847323,StadiumSPONGENT,StadiumSPONGENT-5-20260810-14:59:33-739851,2,StadiumSPONGENT-5-20260810-14:59:33-739851|phase2|2,5,5,5,spongent,10,,,,1.542386,0.465463,0.773687,0.57302,0.104742,0.001302,0.779989,0.561369,0.096537,0.002314,104,85,43,549,1,0
2733,1,5.427965,4.345867,1.082098,781,spongent,OMNeT++; module=UavAuthNetwork.uav[3]; config=StadiumSPONGENT,1.920921,0.569934,0.264103,1.15081,0.232537,1.091211,0.479709,1.15081,2.313611,0.187932,0.123326,0.849561,StadiumSPONGENT,StadiumSPONGENT-5-20260810-14:59:33-739851,3,StadiumSPONGENT-5-20260810-14:59:33-739851|phase2|3,5,5,5,spongent,10,,,,1.534133,0.479709,0.781113,0.592496,0.103349,0.001332,0.78549,0.564675,0.099893,0.001503,104,85,43,549,1,0
2734,1,5.464698,4.370771,1.093927,781,spongent,OMNeT++; module=UavAuthNetwork.uav[4]; config=StadiumSPONGENT,1.90914,0.571508,0.254947,1.168351,0.234407,1.085841,0.47468,1.168351,2.316847,0.175951,0.124929,0.859521,StadiumSPONGENT,StadiumSPONGENT-5-20260810-14:59:33-739851,4,StadiumSPONGENT-5-20260810-14:59:33-739851|phase2|4,5,5,5,spongent,10,,,,1.524825,0.47468,0.805907,0.581005,0.105334,0.001403,0.796409,0.565057,0.099262,0.001573,104,85,43,549,1,0
2735,1,5.788539,4.718891,1.069648,781,spongent,OMNeT++; module=UavAuthNetwork.uav[5]; config=StadiumSPONGENT,2.277505,0.579362,0.251345,1.157973,0.229386,1.174082,0.693291,1.157973,2.346721,0.172304,0.12544,0.840262,StadiumSPONGENT,StadiumSPONGENT-5-20260810-14:59:33-739851,5,StadiumSPONGENT-5-20260810-14:59:33-739851|phase2|5,5,5,5,spongent,10,,,,1.493297,0.693291,0.855499,0.577219,0.107407,0.001723,0.794956,0.564264,0.101436,0.001773,104,85,43,549,1,0
2736,1,5.593549,4.539823,1.053726,781,spongent,OMNeT++; module=UavAuthNetwork.uav[6]; config=StadiumSPONGENT,2.123723,0.585754,0.249698,1.14551,0.215077,1.231248,0.512259,1.14551,2.314883,0.166169,0.12508,0.838649,StadiumSPONGENT,StadiumSPONGENT-5-20260810-14:59:33-739851,6,StadiumSPONGENT-5-20260810-14:59:33-739851|phase2|6,5,5,5,spongent,10,,,,1.469594,0.512259,0.790328,0.595151,0.107137,0.001513,0.797422,0.567861,0.09847,0.001973,104,85,43,549,1,0
2737,1,5.458462,4.36456,1.093902,781,spongent,OMNeT++; module=UavAuthNetwork.uav[7]; config=StadiumSPONGENT,1.949253,0.574844,0.255405,1.14556,0.226767,1.104394,0.491572,1.14556,2.375094,0.177332,0.124187,0.867135,StadiumSPONGENT,StadiumSPONGENT-5-20260810-14:59:33-739851,7,StadiumSPONGENT-5-20260810-14:59:33-739851|phase2|7,5,5,5,spongent,10,,,,1.526639,0.491572,0.790918,0.578731,0.100554,0.001413,0.79073,0.565467,0.098301,0.001473,104,85,43,549,1,0
2738,1,5.86233,4.791151,1.071179,781,spongent,OMNeT++; module=UavAuthNetwork.uav[8]; config=StadiumSPONGENT,2.311757,0.573401,0.257236,1.177618,0.224603,1.454086,0.490749,1.177618,2.324672,0.174168,0.124158,0.846576,StadiumSPONGENT,StadiumSPONGENT-5-20260810-14:59:33-739851,8,StadiumSPONGENT-5-20260810-14:59:33-739851|phase2|8,5,5,5,spongent,10,,,,1.502583,0.490749,0.827798,0.574212,0.114569,0.001653,0.79165,0.564806,0.099063,0.002084,104,85,43,549,1,0
2739,1,5.423939,4.350465,1.073474,781,spongent,OMNeT++; module=UavAuthNetwork.uav[9]; config=StadiumSPONGENT,1.91456,0.566799,0.256879,1.156259,0.236927,1.088886,0.467597,1.156259,2.329691,0.174389,0.123387,0.836547,StadiumSPONGENT,StadiumSPONGENT-5-20260810-14:59:33-739851,9,StadiumSPONGENT-5-20260810-14:59:33-739851|phase2|9,5,5,5,spongent,10,,,,1.504742,0.467597,0.803052,0.582488,0.099703,0.001363,0.782595,0.559195,0.09803,0.001473,104,85,43,549,1,0
2740,1,5.397766,4.299961,1.097805,781,spongent,OMNeT++; module=UavAuthNetwork.uav[0]; config=StadiumSPONGENT,1.86567,0.569074,0.246599,1.154596,0.251098,1.055786,0.461215,1.154596,2.436557,0.181669,0.125099,0.846707,StadiumSPONGENT,StadiumSPONGENT-6-20260810-14:59:33-739851,0,StadiumSPONGENT-6-20260810-14:59:33-739851|phase2|0,6,6,6,spongent,10,,,,1.526074,0.461215,0.79619,0.572029,0.111073,0.001653,0.888439,0.561338,0.102578,0.001994,104,85,43,549,1,0
2741,1,5.388029,4.337812,1.050217,781,spongent,OMNeT++; module=UavAuthNetwork.uav[1]; config=StadiumSPONGENT,1.923597,0.569995,0.254137,1.147403,0.21526,1.093494,0.476073,1.147403,2.269791,0.17107,0.119409,0.834957,StadiumSPONGENT,StadiumSPONGENT-6-20260810-14:59:33-739851,1,StadiumSPONGENT-6-20260810-14:59:33-739851|phase2|1,6,6,6,spongent,10,,,,1.475425,0.476073,0.799916,0.575485,0.100133,0.001302,0.789708,0.553074,0.09843,0.001433,104,85,43,549,1,0
2742,1,5.257989,4.187416,1.070573,781,spongent,OMNeT++; module=UavAuthNetwork.uav[2]; config=StadiumSPONGENT,1.856043,0.548435,0.260794,1.106468,0.229266,1.053842,0.459833,1.106468,2.234887,0.161041,0.118437,0.841307,StadiumSPONGENT,StadiumSPONGENT-6-20260810-14:59:33-739851,2,StadiumSPONGENT-6-20260810-14:59:33-739851|phase2|2,6,6,6,spongent,10,,,,1.492408,0.459833,0.771665,0.55653,0.096337,0.001262,0.759412,0.541052,0.094503,0.001432,104,85,43,549,1,0
2743,1,5.252672,4.179924,1.072748,781,spongent,OMNeT++; module=UavAuthNetwork.uav[3]; config=StadiumSPONGENT,1.844942,0.555639,0.243022,1.104976,0.220278,1.047179,0.458942,1.104976,2.248592,0.158505,0.12503,0.85247,StadiumSPONGENT,StadiumSPONGENT-6-20260810-14:59:33-739851,3,StadiumSPONGENT-6-20260810-14:59:33-739851|phase2|3,6,6,6,spongent,10,,,,1.474275,0.458942,0.772054,0.552133,0.097278,0.001322,0.770181,0.53987,0.094663,0.001483,104,85,43,549,1,0
2744,1,5.438701,4.349153,1.089548,781,spongent,OMNeT++; module=UavAuthNetwork.uav[4]; config=StadiumSPONGENT,1.920691,0.569193,0.259656,1.155398,0.214398,1.088956,0.48012,1.155398,2.29672,0.169163,0.117666,0.87515,StadiumSPONGENT,StadiumSPONGENT-6-20260810-14:59:33-739851,4,StadiumSPONGENT-6-20260810-14:59:33-739851|phase2|4,6,6,6,spongent,10,,,,1.518366,0.48012,0.811027,0.573101,0.100113,0.001282,0.79146,0.56187,0.09835,0.001443,104,85,43,549,1,0
2745,1,5.398069,4.310724,1.087345,781,spongent,OMNeT++; module=UavAuthNetwork.uav[5]; config=StadiumSPONGENT,1.882051,0.586816,0.241087,1.15064,0.241551,1.057358,0.474219,1.15064,2.412973,0.164653,0.127393,0.845794,StadiumSPONGENT,StadiumSPONGENT-6-20260810-14:59:33-739851,5,StadiumSPONGENT-6-20260810-14:59:33-739851|phase2|5,6,6,6,spongent,10,,,,1.493085,0.474219,0.801969,0.574553,0.101547,0.001563,0.87331,0.56153,0.104562,0.001633,104,85,43,549,1,0
2746,1,5.514121,4.424891,1.08923,781,spongent,OMNeT++; module=UavAuthNetwork.uav[6]; config=StadiumSPONGENT,1.978897,0.596895,0.26326,1.161439,0.248712,1.100387,0.49056,1.161439,2.321796,0.192223,0.123116,0.840518,StadiumSPONGENT,StadiumSPONGENT-6-20260810-14:59:33-739851,6,StadiumSPONGENT-6-20260810-14:59:33-739851|phase2|6,6,6,6,spongent,10,,,,1.544712,0.49056,0.824692,0.581865,0.112155,0.001413,0.786171,0.589261,0.101185,0.001914,104,85,43,549,1,0
2747,1,6.064838,4.954422,1.110416,781,spongent,OMNeT++; module=UavAuthNetwork.uav[7]; config=StadiumSPONGENT,2.491237,0.588209,0.24913,1.169173,0.244822,1.567424,0.530412,1.169173,2.338477,0.173556,0.124839,0.865594,StadiumSPONGENT,StadiumSPONGENT-6-20260810-14:59:33-739851,7,StadiumSPONGENT-6-20260810-14:59:33-739851|phase2|7,6,6,6,spongent,10,,,,1.533103,0.530412,0.823009,0.589441,0.119249,0.001492,0.795818,0.574193,0.102268,0.002004,104,85,43,549,1,0
2748,1,5.459049,4.39718,1.061869,781,spongent,OMNeT++; module=UavAuthNetwork.uav[8]; config=StadiumSPONGENT,1.943473,0.575816,0.262523,1.164234,0.222476,1.100798,0.479058,1.164234,2.366388,0.191774,0.125239,0.839393,StadiumSPONGENT,StadiumSPONGENT-6-20260810-14:59:33-739851,8,StadiumSPONGENT-6-20260810-14:59:33-739851|phase2|8,6,6,6,spongent,10,,,,1.516167,0.479058,0.806218,0.589651,0.101144,0.001533,0.794296,0.6001,0.098981,0.001633,104,85,43,549,1,0
2749,1,5.459019,4.376974,1.082045,781,spongent,OMNeT++; module=UavAuthNetwork.uav[9]; config=StadiumSPONGENT,1.934396,0.573391,0.28727,1.154817,0.218636,1.094376,0.482334,1.154817,2.601549,0.165138,0.132944,0.863408,StadiumSPONGENT,StadiumSPONGENT-6-20260810-14:59:33-739851,9,StadiumSPONGENT-6-20260810-14:59:33-739851|phase2|9,6,6,6,spongent,10,,,,1.534453,0.482334,0.797943,0.582588,0.102899,0.001804,0.794166,0.606262,0.098952,0.001763,104,85,43,549,1,0
2750,1,5.810324,4.748915,1.061409,781,spongent,OMNeT++; module=UavAuthNetwork.uav[0]; config=StadiumSPONGENT,2.231831,0.589701,0.247163,1.194399,0.220975,1.357038,0.499185,1.194399,2.348295,0.170527,0.128286,0.840435,StadiumSPONGENT,StadiumSPONGENT-7-20260810-14:59:33-739851,0,StadiumSPONGENT-7-20260810-14:59:33-739851|phase2|0,7,7,7,spongent,10,,,,1.479099,0.499185,0.80792,0.61076,0.124439,0.001944,0.798794,0.584611,0.105644,0.001983,104,85,43,549,1,0
2751,1,5.659627,4.585444,1.074183,781,spongent,OMNeT++; module=UavAuthNetwork.uav[1]; config=StadiumSPONGENT,2.093107,0.569444,0.253573,1.182918,0.231183,1.229824,0.487694,1.182918,2.338687,0.169969,0.126501,0.843,StadiumSPONGENT,StadiumSPONGENT-7-20260810-14:59:33-739851,1,StadiumSPONGENT-7-20260810-14:59:33-739851|phase2|1,7,7,7,spongent,10,,,,1.497724,0.487694,0.814493,0.596363,0.108949,0.001533,0.784888,0.563943,0.100964,0.001733,104,85,43,549,1,0
2752,1,5.431224,4.356345,1.074879,781,spongent,OMNeT++; module=UavAuthNetwork.uav[2]; config=StadiumSPONGENT,1.92572,0.573491,0.241033,1.153314,0.228696,1.08586,0.486782,1.153314,2.324551,0.176896,0.123997,0.846183,StadiumSPONGENT,StadiumSPONGENT-7-20260810-14:59:33-739851,2,StadiumSPONGENT-7-20260810-14:59:33-739851|phase2|2,7,7,7,spongent,10,,,,1.492808,0.486782,0.800949,0.576958,0.099462,0.001472,0.791409,0.567962,0.097769,0.001523,104,85,43,549,1,0
2753,1,5.566858,4.469654,1.097204,781,spongent,OMNeT++; module=UavAuthNetwork.uav[3]; config=StadiumSPONGENT,2.042654,0.576817,0.251376,1.151852,0.251157,1.198917,0.487584,1.151852,2.348385,0.160425,0.123296,0.846047,StadiumSPONGENT,StadiumSPONGENT-7-20260810-14:59:33-739851,3,StadiumSPONGENT-7-20260810-14:59:33-739851|phase2|3,7,7,7,spongent,10,,,,1.509004,0.487584,0.793485,0.580854,0.106606,0.001423,0.788174,0.588678,0.104623,0.001653,104,85,43,549,1,0
2754,1,5.443342,4.385307,1.058035,781,spongent,OMNeT++; module=UavAuthNetwork.uav[4]; config=StadiumSPONGENT,1.952158,0.574092,0.245854,1.152021,0.215478,1.091641,0.505056,1.152021,2.321075,0.172727,0.129107,0.842558,StadiumSPONGENT,StadiumSPONGENT-7-20260810-14:59:33-739851,4,StadiumSPONGENT-7-20260810-14:59:33-739851|phase2|4,7,7,7,spongent,10,,,,1.476616,0.505056,0.804585,0.574733,0.101226,0.001312,0.788896,0.566049,0.102167,0.001553,104,85,43,549,1,0
2755,1,5.483077,4.390539,1.092538,781,spongent,OMNeT++; module=UavAuthNetwork.uav[5]; config=StadiumSPONGENT,1.95285,0.576847,0.282257,1.15655,0.233688,1.112389,0.478727,1.15655,2.398116,0.170889,0.124589,0.85885,StadiumSPONGENT,StadiumSPONGENT-7-20260810-14:59:33-739851,5,StadiumSPONGENT-7-20260810-14:59:33-739851|phase2|5,7,7,7,spongent,10,,,,1.545683,0.478727,0.807709,0.581837,0.10314,0.001513,0.793655,0.634133,0.098721,0.001593,104,85,43,549,1,0
2756,1,5.520473,4.41815,1.102323,781,spongent,OMNeT++; module=UavAuthNetwork.uav[6]; config=StadiumSPONGENT,1.970473,0.586666,0.271887,1.162,0.221222,1.092773,0.49609,1.162,2.329881,0.159728,0.123677,0.881101,StadiumSPONGENT,StadiumSPONGENT-7-20260810-14:59:33-739851,6,StadiumSPONGENT-7-20260810-14:59:33-739851|phase2|6,7,7,7,spongent,10,,,,1.533938,0.49609,0.801429,0.607143,0.106335,0.001433,0.799976,0.568002,0.098921,0.001533,104,85,43,549,1,0
2757,1,5.435836,4.349375,1.086461,781,spongent,OMNeT++; module=UavAuthNetwork.uav[7]; config=StadiumSPONGENT,1.91493,0.565397,0.240931,1.155539,0.229761,1.088796,0.474039,1.155539,2.32357,0.179195,0.123367,0.8567,StadiumSPONGENT,StadiumSPONGENT-7-20260810-14:59:33-739851,7,StadiumSPONGENT-7-20260810-14:59:33-739851|phase2|7,7,7,7,spongent,10,,,,1.506587,0.474039,0.798173,0.582727,0.100244,0.001343,0.780861,0.563723,0.09792,0.001553,104,85,43,549,1,0
2758,1,5.623841,4.563215,1.060626,781,spongent,OMNeT++; module=UavAuthNetwork.uav[8]; config=StadiumSPONGENT,2.098367,0.579813,0.268665,1.149577,0.220921,1.250453,0.489537,1.149577,2.671256,0.210569,0.165694,0.839706,StadiumSPONGENT,StadiumSPONGENT-7-20260810-14:59:33-739851,8,StadiumSPONGENT-7-20260810-14:59:33-739851|phase2|8,7,7,7,spongent,10,,,,1.53986,0.489537,0.791741,0.580093,0.10877,0.003256,0.783597,0.574573,0.106676,0.001883,104,85,43,549,1,0
2759,1,5.647249,4.563887,1.083362,781,spongent,OMNeT++; module=UavAuthNetwork.uav[9]; config=StadiumSPONGENT,2.093798,0.571979,0.241105,1.172169,0.234868,1.236026,0.479369,1.172169,2.322137,0.161498,0.125751,0.848494,StadiumSPONGENT,StadiumSPONGENT-7-20260810-14:59:33-739851,9,StadiumSPONGENT-7-20260810-14:59:33-739851|phase2|9,7,7,7,spongent,10,,,,1.485965,0.479369,0.812741,0.581406,0.107367,0.001442,0.784669,0.570235,0.099261,0.001553,104,85,43,549,1,0
2760,1,5.49757,4.404874,1.092696,781,spongent,OMNeT++; module=UavAuthNetwork.uav[0]; config=StadiumSPONGENT,1.951317,0.699052,0.258743,1.163893,0.221341,1.092042,0.483917,1.163893,2.370516,0.170668,0.125771,0.871355,StadiumSPONGENT,StadiumSPONGENT-8-20260810-14:59:34-739851,0,StadiumSPONGENT-8-20260810-14:59:34-739851|phase2|0,8,8,8,spongent,10,,,,1.522106,0.483917,0.805476,0.577198,0.127563,0.001903,0.9164,0.582778,0.113449,0.002154,104,85,43,549,1,0
2761,1,5.444377,4.370673,1.073704,781,spongent,OMNeT++; module=UavAuthNetwork.uav[1]; config=StadiumSPONGENT,1.93074,0.667113,0.260491,1.157963,0.221713,1.096981,0.476894,1.157963,2.325443,0.185751,0.124007,0.851991,StadiumSPONGENT,StadiumSPONGENT-8-20260810-14:59:34-739851,1,StadiumSPONGENT-8-20260810-14:59:34-739851|phase2|1,8,8,8,spongent,10,,,,1.519946,0.476894,0.796369,0.584,0.105173,0.001773,0.865287,0.567882,0.115823,0.001853,104,85,43,549,1,0
2762,1,5.408788,4.360844,1.047944,781,spongent,OMNeT++; module=UavAuthNetwork.uav[2]; config=StadiumSPONGENT,1.944735,0.575084,0.253323,1.146662,0.214739,1.109144,0.48009,1.146662,2.321966,0.170735,0.122785,0.833205,StadiumSPONGENT,StadiumSPONGENT-8-20260810-14:59:34-739851,2,StadiumSPONGENT-8-20260810-14:59:34-739851|phase2|2,8,8,8,spongent,10,,,,1.472002,0.48009,0.795748,0.577849,0.100786,0.001312,0.788976,0.571897,0.098169,0.001513,104,85,43,549,1,0
2763,1,5.534409,4.428808,1.105601,781,spongent,OMNeT++; module=UavAuthNetwork.uav[3]; config=StadiumSPONGENT,1.98613,0.593278,0.258087,1.159345,0.2317,1.083316,0.492443,1.159345,2.319952,0.164216,0.123988,0.873901,StadiumSPONGENT,StadiumSPONGENT-8-20260810-14:59:34-739851,3,StadiumSPONGENT-8-20260810-14:59:34-739851|phase2|3,8,8,8,spongent,10,,,,1.527904,0.492443,0.805466,0.620627,0.117194,0.001353,0.803081,0.574995,0.101566,0.001663,104,85,43,549,1,0
2764,1,5.41689,4.341848,1.075042,781,spongent,OMNeT++; module=UavAuthNetwork.uav[4]; config=StadiumSPONGENT,1.929196,0.577598,0.251143,1.144698,0.221574,1.098704,0.475211,1.144698,2.500344,0.167897,0.123256,0.853468,StadiumSPONGENT,StadiumSPONGENT-8-20260810-14:59:34-739851,4,StadiumSPONGENT-8-20260810-14:59:34-739851|phase2|4,8,8,8,spongent,10,,,,1.494082,0.475211,0.796099,0.574162,0.100093,0.001473,0.792112,0.674557,0.123506,0.001613,104,85,43,549,1,0
2765,1,5.44482,4.37472,1.0701,781,spongent,OMNeT++; module=UavAuthNetwork.uav[5]; config=StadiumSPONGENT,1.940227,0.569414,0.252052,1.149858,0.224103,1.098173,0.484077,1.149858,2.325292,0.158582,0.134777,0.845997,StadiumSPONGENT,StadiumSPONGENT-8-20260810-14:59:34-739851,5,StadiumSPONGENT-8-20260810-14:59:34-739851|phase2|5,8,8,8,spongent,10,,,,1.480734,0.484077,0.801079,0.578319,0.102087,0.001403,0.788134,0.565256,0.097979,0.001463,104,85,43,549,1,0
2766,1,5.569859,4.51154,1.058319,781,spongent,OMNeT++; module=UavAuthNetwork.uav[6]; config=StadiumSPONGENT,2.098106,0.581316,0.257716,1.145059,0.223212,1.232749,0.511037,1.145059,2.317128,0.173442,0.123316,0.835108,StadiumSPONGENT,StadiumSPONGENT-8-20260810-14:59:34-739851,6,StadiumSPONGENT-8-20260810-14:59:34-739851|phase2|6,8,8,8,spongent,10,,,,1.489477,0.511037,0.792223,0.576928,0.10364,0.001393,0.794507,0.568262,0.09843,0.001543,104,85,43,549,1,0
2767,1,5.397759,4.335668,1.062091,781,spongent,OMNeT++; module=UavAuthNetwork.uav[7]; config=StadiumSPONGENT,1.9202,0.577809,0.280253,1.145911,0.227502,1.097392,0.471615,1.145911,2.421479,0.161967,0.123646,0.834589,StadiumSPONGENT,StadiumSPONGENT-8-20260810-14:59:34-739851,7,StadiumSPONGENT-8-20260810-14:59:34-739851|phase2|7,8,8,8,spongent,10,,,,1.504312,0.471615,0.791591,0.579213,0.100454,0.001633,0.799345,0.61628,0.098551,0.001753,104,85,43,549,1,0
2768,1,5.442737,4.358049,1.084688,781,spongent,OMNeT++; module=UavAuthNetwork.uav[8]; config=StadiumSPONGENT,1.935869,0.577218,0.250905,1.14564,0.2287,1.100227,0.478737,1.14564,2.337655,0.171136,0.1309,0.855988,StadiumSPONGENT,StadiumSPONGENT-8-20260810-14:59:34-739851,8,StadiumSPONGENT-8-20260810-14:59:34-739851|phase2|8,8,8,8,spongent,10,,,,1.506729,0.478737,0.795558,0.574663,0.105944,0.001402,0.793735,0.571428,0.107326,0.001683,104,85,43,549,1,0
2769,1,5.399644,4.32708,1.072564,781,spongent,OMNeT++; module=UavAuthNetwork.uav[9]; config=StadiumSPONGENT,1.903799,0.578601,0.274864,1.149096,0.232092,1.083917,0.469661,1.149096,2.331504,0.162292,0.125089,0.840472,StadiumSPONGENT,StadiumSPONGENT-8-20260810-14:59:34-739851,9,StadiumSPONGENT-8-20260810-14:59:34-739851|phase2|9,8,8,8,spongent,10,,,,1.509719,0.469661,0.799275,0.575435,0.099862,0.001343,0.798253,0.569675,0.099262,0.001512,104,85,43,549,1,0
2770,1,5.292795,4.200892,1.091903,781,spongent,OMNeT++; module=UavAuthNetwork.uav[0]; config=StadiumSPONGENT,1.845824,0.554777,0.251317,1.114033,0.253051,1.050465,0.456197,1.114033,2.237732,0.18046,0.127002,0.838852,StadiumSPONGENT,StadiumSPONGENT-9-20260810-14:59:34-739851,0,StadiumSPONGENT-9-20260810-14:59:34-739851|phase2|0,9,9,9,spongent,10,,,,1.52368,0.456197,0.775051,0.554367,0.101897,0.001613,0.761466,0.543968,0.095285,0.001753,104,85,43,549,1,0
2771,1,5.302137,4.245453,1.056684,781,spongent,OMNeT++; module=UavAuthNetwork.uav[1]; config=StadiumSPONGENT,1.900193,0.552402,0.244709,1.110646,0.217526,1.084508,0.476082,1.110646,2.277555,0.175403,0.123968,0.839158,StadiumSPONGENT,StadiumSPONGENT-9-20260810-14:59:34-739851,1,StadiumSPONGENT-9-20260810-14:59:34-739851|phase2|1,9,9,9,spongent,10,,,,1.476796,0.476082,0.770985,0.559807,0.095796,0.001323,0.760023,0.549548,0.098741,0.001432,104,85,43,549,1,0
2772,1,5.403755,4.325791,1.077964,781,spongent,OMNeT++; module=UavAuthNetwork.uav[2]; config=StadiumSPONGENT,1.906495,0.558805,0.281084,1.148536,0.235103,1.088335,0.478717,1.148536,2.284277,0.178227,0.122224,0.842861,StadiumSPONGENT,StadiumSPONGENT-9-20260810-14:59:34-739851,2,StadiumSPONGENT-9-20260810-14:59:34-739851|phase2|2,9,9,9,spongent,10,,,,1.537275,0.478717,0.793436,0.57337,0.098632,0.001262,0.799525,0.559897,0.096938,0.001402,104,85,43,549,1,0
2773,1,5.276006,4.183218,1.092788,781,spongent,OMNeT++; module=UavAuthNetwork.uav[3]; config=StadiumSPONGENT,1.837869,0.552353,0.275446,1.110085,0.237928,1.045947,0.456287,1.110085,2.272807,0.167356,0.125179,0.85486,StadiumSPONGENT,StadiumSPONGENT-9-20260810-14:59:34-739851,3,StadiumSPONGENT-9-20260810-14:59:34-739851|phase2|3,9,9,9,spongent,10,,,,1.53559,0.456287,0.77517,0.553375,0.095705,0.001283,0.760213,0.548255,0.094683,0.001433,104,85,43,549,1,0
2774,1,5.307331,4.237389,1.069942,781,spongent,OMNeT++; module=UavAuthNetwork.uav[4]; config=StadiumSPONGENT,1.869518,0.549047,0.269603,1.122628,0.232205,1.079239,0.454222,1.122628,2.328138,0.17009,0.122615,0.837737,StadiumSPONGENT,StadiumSPONGENT-9-20260810-14:59:34-739851,4,StadiumSPONGENT-9-20260810-14:59:34-739851|phase2|4,9,9,9,spongent,10,,,,1.509635,0.454222,0.7636,0.570956,0.100594,0.001302,0.776053,0.559496,0.096476,0.001522,104,85,43,549,1,0
2775,1,5.82117,4.71793,1.10324,781,spongent,OMNeT++; module=UavAuthNetwork.uav[5]; config=StadiumSPONGENT,2.250536,0.574894,0.247849,1.171087,0.257755,1.367587,0.510897,1.171087,2.355879,0.159912,0.12522,0.845485,StadiumSPONGENT,StadiumSPONGENT-9-20260810-14:59:34-739851,5,StadiumSPONGENT-9-20260810-14:59:34-739851|phase2|5,9,9,9,spongent,10,,,,1.511,0.510897,0.816457,0.584862,0.116573,0.001463,0.801989,0.567831,0.100474,0.002094,104,85,43,549,1,0
2776,1,5.481573,4.391221,1.090352,781,spongent,OMNeT++; module=UavAuthNetwork.uav[6]; config=StadiumSPONGENT,1.956527,0.585243,0.249374,1.155398,0.219852,1.11249,0.483606,1.155398,2.341363,0.173399,0.123898,0.870501,StadiumSPONGENT,StadiumSPONGENT-9-20260810-14:59:34-739851,6,StadiumSPONGENT-9-20260810-14:59:34-739851|phase2|6,9,9,9,spongent,10,,,,1.513125,0.483606,0.800479,0.586454,0.100444,0.001343,0.79679,0.577548,0.100043,0.001503,104,85,43,549,1,0
2777,1,5.431624,4.322464,1.10916,781,spongent,OMNeT++; module=UavAuthNetwork.uav[7]; config=StadiumSPONGENT,1.931711,0.581135,0.252318,1.132476,0.256932,1.093855,0.484899,1.132476,2.458456,0.172562,0.125801,0.852229,StadiumSPONGENT,StadiumSPONGENT-9-20260810-14:59:34-739851,7,StadiumSPONGENT-9-20260810-14:59:34-739851|phase2|7,9,9,9,spongent,10,,,,1.534041,0.484899,0.798543,0.564715,0.096889,0.001503,0.796861,0.632399,0.105554,0.001753,104,85,43,549,1,0
2778,1,5.556471,4.461789,1.094682,781,spongent,OMNeT++; module=UavAuthNetwork.uav[8]; config=StadiumSPONGENT,1.948472,0.582688,0.240652,1.192065,0.250698,1.103272,0.481904,1.192065,2.339909,0.180107,0.129187,0.843984,StadiumSPONGENT,StadiumSPONGENT-9-20260810-14:59:34-739851,8,StadiumSPONGENT-9-20260810-14:59:34-739851|phase2|8,9,9,9,spongent,10,,,,1.515441,0.481904,0.837134,0.579713,0.111144,0.001493,0.803774,0.564745,0.099402,0.001693,104,85,43,549,1,0
2779,1,5.423127,4.371664,1.051463,781,spongent,OMNeT++; module=UavAuthNetwork.uav[9]; config=StadiumSPONGENT,1.935448,0.572529,0.253479,1.155929,0.216097,1.103272,0.475342,1.155929,2.330472,0.162312,0.124358,0.835366,StadiumSPONGENT,StadiumSPONGENT-9-20260810-14:59:34-739851,9,StadiumSPONGENT-9-20260810-14:59:34-739851|phase2|9,9,9,9,spongent,10,,,,1.467254,0.475342,0.811787,0.576457,0.099983,0.001292,0.793275,0.566298,0.098701,0.001443,104,85,43,549,1,0
