idx,run_id,config,runnumber,repetition,seedset,uav_id,sig_suite,success,wall_latency_ms,compute_ms,net_ms,sign_ms,verify_ms,mac_ms,kdf_ms,dh_ms,overhead_bytes,bytes_b1,bytes_b2,bytes_b3,bytes_b4
0,BaselineRSA-0-20260810-16:20:00-769471,BaselineRSA,0,0,0,0,rsa2048,1,1.419876,3.24534,0.703512,2.3841,0.058187,0.01659,0.056474,0.364277,703,330,325,24,24
1,BaselineRSA-0-20260810-16:20:00-769471,BaselineRSA,0,0,0,1,rsa2048,1,1.40047,2.506104,0.707386,1.938754,0.057366,0.011732,0.0166,0.235192,703,330,325,24,24
2,BaselineRSA-0-20260810-16:20:00-769471,BaselineRSA,0,0,0,2,rsa2048,1,1.373585,2.468897,0.678801,1.880728,0.056163,0.011511,0.028923,0.235081,703,330,325,24,24
3,BaselineRSA-0-20260810-16:20:00-769471,BaselineRSA,0,0,0,3,rsa2048,1,1.395154,2.441176,0.685433,1.861623,0.056464,0.011441,0.015849,0.244318,703,330,325,24,24
4,BaselineRSA-0-20260810-16:20:00-769471,BaselineRSA,0,0,0,4,rsa2048,1,1.439213,2.4496,0.732542,1.886268,0.056694,0.011402,0.01647,0.2349,703,330,325,24,24
5,BaselineRSA-0-20260810-16:20:00-769471,BaselineRSA,0,0,0,5,rsa2048,1,1.387226,2.471029,0.701233,1.905793,0.057005,0.01173,0.01668,0.23503,703,330,325,24,24
6,BaselineRSA-0-20260810-16:20:00-769471,BaselineRSA,0,0,0,6,rsa2048,1,1.410177,2.482992,0.709557,1.882902,0.056964,0.011391,0.015799,0.252662,703,330,325,24,24
7,BaselineRSA-0-20260810-16:20:00-769471,BaselineRSA,0,0,0,7,rsa2048,1,1.383066,2.606728,0.676895,1.906715,0.089213,0.011883,0.022632,0.257432,703,330,325,24,24
8,BaselineRSA-0-20260810-16:20:00-769471,BaselineRSA,0,0,0,8,rsa2048,1,1.442465,2.48209,0.689708,1.910682,0.058768,0.011411,0.016931,0.235732,703,330,325,24,24
9,BaselineRSA-0-20260810-16:20:00-769471,BaselineRSA,0,0,0,9,rsa2048,1,1.40048,2.746385,0.701856,2.078891,0.086388,0.012252,0.028252,0.242464,703,330,325,24,24
10,BaselineRSA-1-20260810-16:20:01-769471,BaselineRSA,1,1,1,0,rsa2048,1,1.384817,2.561206,0.681807,1.928415,0.057115,0.012051,0.025297,0.259836,703,330,325,24,24
11,BaselineRSA-1-20260810-16:20:01-769471,BaselineRSA,1,1,1,1,rsa2048,1,1.397648,2.419807,0.682113,1.857024,0.056554,0.011601,0.01641,0.233789,703,330,325,24,24
12,BaselineRSA-1-20260810-16:20:01-769471,BaselineRSA,1,1,1,2,rsa2048,1,1.412723,2.436137,0.714559,1.873505,0.056584,0.011422,0.01648,0.234089,703,330,325,24,24
13,BaselineRSA-1-20260810-16:20:01-769471,BaselineRSA,1,1,1,3,rsa2048,1,1.393817,2.445592,0.700302,1.873674,0.056233,0.01136,0.016249,0.244749,703,330,325,24,24
14,BaselineRSA-1-20260810-16:20:01-769471,BaselineRSA,1,1,1,4,rsa2048,1,1.414113,3.076501,0.686879,2.206265,0.092549,0.02149,0.035325,0.309779,703,330,325,24,24
15,BaselineRSA-1-20260810-16:20:01-769471,BaselineRSA,1,1,1,5,rsa2048,1,1.385314,2.552499,0.707773,1.945546,0.058668,0.011461,0.018194,0.264875,703,330,325,24,24
16,BaselineRSA-1-20260810-16:20:01-769471,BaselineRSA,1,1,1,6,rsa2048,1,1.461495,2.485776,0.699861,1.905934,0.06513,0.011512,0.01632,0.234351,703,330,325,24,24
17,BaselineRSA-1-20260810-16:20:01-769471,BaselineRSA,1,1,1,7,rsa2048,1,1.408456,2.626644,0.702499,1.874356,0.070158,0.024806,0.037379,0.282818,703,330,325,24,24
18,BaselineRSA-1-20260810-16:20:01-769471,BaselineRSA,1,1,1,8,rsa2048,1,1.452823,2.647773,0.747403,1.989327,0.066582,0.011821,0.022581,0.282769,703,330,325,24,24
19,BaselineRSA-1-20260810-16:20:01-769471,BaselineRSA,1,1,1,9,rsa2048,1,1.384561,3.087229,0.699699,2.401322,0.079145,0.011891,0.024374,0.277008,703,330,325,24,24
20,BaselineRSA-10-20260810-16:20:09-769471,BaselineRSA,10,10,10,0,rsa2048,1,1.425129,1.099706,0.697189,0.813541,0.024775,0.00542,0.013605,0.11958,703,330,325,24,24
21,BaselineRSA-10-20260810-16:20:09-769471,BaselineRSA,10,10,10,1,rsa2048,1,1.381388,1.047481,0.698515,0.803934,0.025045,0.004929,0.006872,0.100404,703,330,325,24,24
22,BaselineRSA-10-20260810-16:20:09-769471,BaselineRSA,10,10,10,2,rsa2048,1,1.426366,1.049052,0.715195,0.809935,0.024304,0.004849,0.006722,0.099613,703,330,325,24,24
23,BaselineRSA-10-20260810-16:20:09-769471,BaselineRSA,10,10,10,3,rsa2048,1,1.369075,1.032442,0.689005,0.79678,0.023684,0.004769,0.006682,0.098922,703,330,325,24,24
24,BaselineRSA-10-20260810-16:20:09-769471,BaselineRSA,10,10,10,4,rsa2048,1,1.357821,1.035859,0.667396,0.795849,0.024105,0.004868,0.006913,0.100133,703,330,325,24,24
25,BaselineRSA-10-20260810-16:20:09-769471,BaselineRSA,10,10,10,5,rsa2048,1,1.419878,1.023937,0.70637,0.787744,0.023392,0.00494,0.006642,0.099652,703,330,325,24,24
26,BaselineRSA-10-20260810-16:20:09-769471,BaselineRSA,10,10,10,6,rsa2048,1,1.407218,1.044714,0.686854,0.791391,0.024195,0.004898,0.013876,0.100063,703,330,325,24,24
27,BaselineRSA-10-20260810-16:20:09-769471,BaselineRSA,10,10,10,7,rsa2048,1,1.400367,1.034817,0.711686,0.795659,0.024505,0.004869,0.006692,0.099633,703,330,325,24,24
28,BaselineRSA-10-20260810-16:20:09-769471,BaselineRSA,10,10,10,8,rsa2048,1,1.43115,1.027334,0.726211,0.792252,0.023292,0.00485,0.006462,0.098922,703,330,325,24,24
29,BaselineRSA-10-20260810-16:20:09-769471,BaselineRSA,10,10,10,9,rsa2048,1,1.395243,1.184851,0.691175,0.833418,0.03835,0.008205,0.012904,0.132073,703,330,325,24,24
30,BaselineRSA-11-20260810-16:20:09-769471,BaselineRSA,11,11,11,0,rsa2048,1,1.41108,1.09624,0.713368,0.819192,0.024535,0.00533,0.013645,0.111675,703,330,325,24,24
31,BaselineRSA-11-20260810-16:20:09-769471,BaselineRSA,11,11,11,1,rsa2048,1,1.394384,1.039184,0.717634,0.79648,0.025116,0.004889,0.006923,0.100083,703,330,325,24,24
32,BaselineRSA-11-20260810-16:20:09-769471,BaselineRSA,11,11,11,2,rsa2048,1,1.415383,1.128991,0.727677,0.874333,0.026929,0.005029,0.009107,0.101496,703,330,325,24,24
33,BaselineRSA-11-20260810-16:20:09-769471,BaselineRSA,11,11,11,3,rsa2048,1,1.38358,1.088564,0.688876,0.815235,0.033352,0.00507,0.007874,0.106235,703,330,325,24,24
34,BaselineRSA-11-20260810-16:20:09-769471,BaselineRSA,11,11,11,4,rsa2048,1,1.414382,1.060304,0.705527,0.820404,0.023934,0.004889,0.007183,0.100174,703,330,325,24,24
35,BaselineRSA-11-20260810-16:20:09-769471,BaselineRSA,11,11,11,5,rsa2048,1,1.385455,1.065113,0.704503,0.819442,0.024766,0.004929,0.007764,0.101355,703,330,325,24,24
36,BaselineRSA-11-20260810-16:20:09-769471,BaselineRSA,11,11,11,6,rsa2048,1,1.411402,1.06971,0.704957,0.804184,0.025106,0.00493,0.013545,0.105092,703,330,325,24,24
37,BaselineRSA-11-20260810-16:20:09-769471,BaselineRSA,11,11,11,7,rsa2048,1,1.440095,1.038726,0.706045,0.791241,0.023944,0.004868,0.006663,0.104371,703,330,325,24,24
38,BaselineRSA-11-20260810-16:20:09-769471,BaselineRSA,11,11,11,8,rsa2048,1,1.403693,1.06425,0.690772,0.823089,0.024285,0.004909,0.007353,0.100235,703,330,325,24,24
39,BaselineRSA-11-20260810-16:20:09-769471,BaselineRSA,11,11,11,9,rsa2048,1,1.424833,1.041669,0.717523,0.803823,0.023813,0.004898,0.006663,0.099893,703,330,325,24,24
40,BaselineRSA-12-20260810-16:20:10-769471,BaselineRSA,12,12,12,0,rsa2048,1,1.431777,1.103421,0.726929,0.810556,0.024896,0.005159,0.013675,0.119109,703,330,325,24,24
41,BaselineRSA-12-20260810-16:20:10-769471,BaselineRSA,12,12,12,1,rsa2048,1,1.391028,1.050134,0.711987,0.801339,0.024926,0.004989,0.007003,0.105974,703,330,325,24,24
42,BaselineRSA-12-20260810-16:20:10-769471,BaselineRSA,12,12,12,2,rsa2048,1,1.403864,1.051378,0.721356,0.809204,0.024745,0.004879,0.007003,0.100244,703,330,325,24,24
43,BaselineRSA-12-20260810-16:20:10-769471,BaselineRSA,12,12,12,3,rsa2048,1,1.41557,1.039597,0.695231,0.792994,0.023813,0.004919,0.007033,0.103821,703,330,325,24,24
44,BaselineRSA-12-20260810-16:20:10-769471,BaselineRSA,12,12,12,4,rsa2048,1,1.416991,1.029068,0.700595,0.789096,0.024214,0.00497,0.007003,0.100084,703,330,325,24,24
45,BaselineRSA-12-20260810-16:20:10-769471,BaselineRSA,12,12,12,5,rsa2048,1,1.445625,1.034276,0.699421,0.79635,0.023954,0.004939,0.006832,0.099502,703,330,325,24,24
46,BaselineRSA-12-20260810-16:20:10-769471,BaselineRSA,12,12,12,6,rsa2048,1,1.416866,1.032122,0.721067,0.794076,0.024054,0.004818,0.006542,0.099752,703,330,325,24,24
47,BaselineRSA-12-20260810-16:20:10-769471,BaselineRSA,12,12,12,7,rsa2048,1,1.412788,1.058219,0.701058,0.810766,0.024255,0.004849,0.006652,0.104271,703,330,325,24,24
48,BaselineRSA-12-20260810-16:20:10-769471,BaselineRSA,12,12,12,8,rsa2048,1,1.377531,1.04802,0.679011,0.801519,0.025497,0.004969,0.007253,0.101416,703,330,325,24,24
49,BaselineRSA-12-20260810-16:20:10-769471,BaselineRSA,12,12,12,9,rsa2048,1,1.374653,1.058298,0.674748,0.815204,0.024435,0.004858,0.007264,0.101576,703,330,325,24,24
50,BaselineRSA-13-20260810-16:20:10-769471,BaselineRSA,13,13,13,0,rsa2048,1,1.384638,1.111447,0.704528,0.830783,0.025036,0.007294,0.012954,0.111905,703,330,325,24,24
51,BaselineRSA-13-20260810-16:20:10-769471,BaselineRSA,13,13,13,1,rsa2048,1,1.380546,1.097121,0.679622,0.821285,0.024926,0.00496,0.007954,0.123947,703,330,325,24,24
52,BaselineRSA-13-20260810-16:20:10-769471,BaselineRSA,13,13,13,2,rsa2048,1,1.392546,1.057349,0.679018,0.817248,0.024234,0.00488,0.006913,0.099863,703,330,325,24,24
53,BaselineRSA-13-20260810-16:20:10-769471,BaselineRSA,13,13,13,3,rsa2048,1,1.366158,1.059081,0.685737,0.820144,0.024034,0.004888,0.006873,0.099783,703,330,325,24,24
54,BaselineRSA-13-20260810-16:20:10-769471,BaselineRSA,13,13,13,4,rsa2048,1,1.410067,1.046099,0.714398,0.809244,0.023463,0.00482,0.007003,0.099402,703,330,325,24,24
55,BaselineRSA-13-20260810-16:20:10-769471,BaselineRSA,13,13,13,5,rsa2048,1,1.374912,1.03168,0.685124,0.792934,0.023804,0.004889,0.007153,0.099693,703,330,325,24,24
56,BaselineRSA-13-20260810-16:20:10-769471,BaselineRSA,13,13,13,6,rsa2048,1,1.386751,1.037792,0.674158,0.798053,0.023874,0.00487,0.007604,0.099893,703,330,325,24,24
57,BaselineRSA-13-20260810-16:20:10-769471,BaselineRSA,13,13,13,7,rsa2048,1,1.438295,1.029387,0.73897,0.792874,0.023513,0.004799,0.006602,0.099733,703,330,325,24,24
58,BaselineRSA-13-20260810-16:20:10-769471,BaselineRSA,13,13,13,8,rsa2048,1,1.432786,1.150498,0.708281,0.906381,0.024765,0.005009,0.007874,0.100424,703,330,325,24,24
59,BaselineRSA-13-20260810-16:20:10-769471,BaselineRSA,13,13,13,9,rsa2048,1,1.40162,1.046828,0.709851,0.806849,0.024284,0.004938,0.006852,0.099964,703,330,325,24,24
60,BaselineRSA-14-20260810-16:20:10-769471,BaselineRSA,14,14,14,0,rsa2048,1,1.399543,1.296907,0.697194,1.006836,0.029584,0.005239,0.012984,0.113387,703,330,325,24,24
61,BaselineRSA-14-20260810-16:20:10-769471,BaselineRSA,14,14,14,1,rsa2048,1,1.395869,1.057599,0.684411,0.804264,0.024915,0.00498,0.007203,0.110393,703,330,325,24,24
62,BaselineRSA-14-20260810-16:20:10-769471,BaselineRSA,14,14,14,2,rsa2048,1,1.397002,1.052208,0.693129,0.809063,0.025286,0.004859,0.007163,0.100144,703,330,325,24,24
63,BaselineRSA-14-20260810-16:20:10-769471,BaselineRSA,14,14,14,3,rsa2048,1,1.416466,1.038837,0.717304,0.792533,0.023753,0.004919,0.006592,0.10416,703,330,325,24,24
64,BaselineRSA-14-20260810-16:20:10-769471,BaselineRSA,14,14,14,4,rsa2048,1,1.389156,1.051048,0.685784,0.81322,0.023874,0.004819,0.006802,0.099703,703,330,325,24,24
65,BaselineRSA-14-20260810-16:20:10-769471,BaselineRSA,14,14,14,5,rsa2048,1,1.391493,1.059423,0.679059,0.802531,0.023683,0.00495,0.006923,0.10916,703,330,325,24,24
66,BaselineRSA-14-20260810-16:20:10-769471,BaselineRSA,14,14,14,6,rsa2048,1,1.375898,1.034285,0.693646,0.79625,0.023823,0.004818,0.006732,0.099553,703,330,325,24,24
67,BaselineRSA-14-20260810-16:20:10-769471,BaselineRSA,14,14,14,7,rsa2048,1,1.386073,1.183168,0.690756,0.934664,0.025327,0.004989,0.008466,0.101225,703,330,325,24,24
68,BaselineRSA-14-20260810-16:20:10-769471,BaselineRSA,14,14,14,8,rsa2048,1,1.425627,1.123389,0.689897,0.871177,0.024475,0.00492,0.007714,0.104772,703,330,325,24,24
69,BaselineRSA-14-20260810-16:20:10-769471,BaselineRSA,14,14,14,9,rsa2048,1,1.419301,1.061097,0.702016,0.791441,0.03283,0.004969,0.007734,0.104853,703,330,325,24,24
70,BaselineRSA-15-20260810-16:20:11-769471,BaselineRSA,15,15,15,0,rsa2048,1,1.432159,1.099765,0.71585,0.821956,0.024775,0.00523,0.013014,0.112445,703,330,325,24,24
71,BaselineRSA-15-20260810-16:20:11-769471,BaselineRSA,15,15,15,1,rsa2048,1,1.384431,1.055265,0.673576,0.802912,0.024936,0.00492,0.007253,0.105043,703,330,325,24,24
72,BaselineRSA-15-20260810-16:20:11-769471,BaselineRSA,15,15,15,2,rsa2048,1,1.402456,1.050435,0.685268,0.801239,0.024335,0.007102,0.009447,0.099662,703,330,325,24,24
73,BaselineRSA-15-20260810-16:20:11-769471,BaselineRSA,15,15,15,3,rsa2048,1,1.395041,1.278544,0.694179,1.016033,0.024755,0.00496,0.009918,0.113228,703,330,325,24,24
74,BaselineRSA-15-20260810-16:20:11-769471,BaselineRSA,15,15,15,4,rsa2048,1,1.403418,1.050245,0.685994,0.805116,0.025367,0.004908,0.007424,0.100754,703,330,325,24,24
75,BaselineRSA-15-20260810-16:20:11-769471,BaselineRSA,15,15,15,5,rsa2048,1,1.381453,1.133797,0.693899,0.862732,0.033822,0.005019,0.009518,0.102919,703,330,325,24,24
76,BaselineRSA-15-20260810-16:20:11-769471,BaselineRSA,15,15,15,6,rsa2048,1,1.416778,1.055535,0.722805,0.805747,0.024615,0.005029,0.006863,0.104611,703,330,325,24,24
77,BaselineRSA-15-20260810-16:20:11-769471,BaselineRSA,15,15,15,7,rsa2048,1,1.401956,1.050827,0.71693,0.80719,0.025457,0.00495,0.006983,0.100584,703,330,325,24,24
78,BaselineRSA-15-20260810-16:20:11-769471,BaselineRSA,15,15,15,8,rsa2048,1,1.403228,1.086101,0.708275,0.816256,0.02728,0.004979,0.008245,0.110052,703,330,325,24,24
79,BaselineRSA-15-20260810-16:20:11-769471,BaselineRSA,15,15,15,9,rsa2048,1,1.397771,1.042732,0.697594,0.800438,0.024595,0.00496,0.007193,0.100083,703,330,325,24,24
80,BaselineRSA-16-20260810-16:20:11-769471,BaselineRSA,16,16,16,0,rsa2048,1,1.385973,1.106038,0.691125,0.826375,0.024805,0.005319,0.013715,0.112897,703,330,325,24,24
81,BaselineRSA-16-20260810-16:20:11-769471,BaselineRSA,16,16,16,1,rsa2048,1,1.383358,1.045517,0.676976,0.803453,0.024455,0.004949,0.007033,0.100515,703,330,325,24,24
82,BaselineRSA-16-20260810-16:20:11-769471,BaselineRSA,16,16,16,2,rsa2048,1,1.373328,1.065051,0.678211,0.815425,0.024244,0.004979,0.006983,0.104803,703,330,325,24,24
83,BaselineRSA-16-20260810-16:20:11-769471,BaselineRSA,16,16,16,3,rsa2048,1,1.371978,1.055915,0.683647,0.801289,0.025046,0.004908,0.007353,0.105984,703,330,325,24,24
84,BaselineRSA-16-20260810-16:20:11-769471,BaselineRSA,16,16,16,4,rsa2048,1,1.380053,1.079249,0.674474,0.816486,0.024144,0.00504,0.007103,0.111514,703,330,325,24,24
85,BaselineRSA-16-20260810-16:20:11-769471,BaselineRSA,16,16,16,5,rsa2048,1,1.43587,1.071034,0.717674,0.82383,0.024666,0.006793,0.008065,0.100794,703,330,325,24,24
86,BaselineRSA-16-20260810-16:20:11-769471,BaselineRSA,16,16,16,6,rsa2048,1,1.409708,1.080511,0.689919,0.822077,0.024785,0.00509,0.008516,0.111755,703,330,325,24,24
87,BaselineRSA-16-20260810-16:20:11-769471,BaselineRSA,16,16,16,7,rsa2048,1,1.390566,1.04751,0.699574,0.805136,0.023954,0.00501,0.007293,0.101196,703,330,325,24,24
88,BaselineRSA-16-20260810-16:20:11-769471,BaselineRSA,16,16,16,8,rsa2048,1,1.38503,1.043472,0.676288,0.80172,0.024264,0.004878,0.006943,0.100915,703,330,325,24,24
89,BaselineRSA-16-20260810-16:20:11-769471,BaselineRSA,16,16,16,9,rsa2048,1,1.431962,1.050025,0.729105,0.807831,0.024435,0.004999,0.007213,0.100695,703,330,325,24,24
90,BaselineRSA-17-20260810-16:20:12-769471,BaselineRSA,17,17,17,0,rsa2048,1,1.410151,1.150249,0.691407,0.857171,0.024996,0.005399,0.015829,0.117606,703,330,325,24,24
91,BaselineRSA-17-20260810-16:20:12-769471,BaselineRSA,17,17,17,1,rsa2048,1,1.386202,1.051197,0.692833,0.800628,0.025908,0.005019,0.007343,0.102968,703,330,325,24,24
92,BaselineRSA-17-20260810-16:20:12-769471,BaselineRSA,17,17,17,2,rsa2048,1,1.363002,1.070273,0.680654,0.817489,0.024856,0.004999,0.006843,0.105844,703,330,325,24,24
93,BaselineRSA-17-20260810-16:20:12-769471,BaselineRSA,17,17,17,3,rsa2048,1,1.411656,1.051116,0.689713,0.801951,0.023883,0.004849,0.006823,0.105404,703,330,325,24,24
94,BaselineRSA-17-20260810-16:20:12-769471,BaselineRSA,17,17,17,4,rsa2048,1,1.415989,1.136094,0.734714,0.806639,0.038801,0.008296,0.011611,0.12497,703,330,325,24,24
95,BaselineRSA-17-20260810-16:20:12-769471,BaselineRSA,17,17,17,5,rsa2048,1,1.41928,1.390559,0.69772,1.101098,0.027721,0.005229,0.013064,0.122034,703,330,325,24,24
96,BaselineRSA-17-20260810-16:20:12-769471,BaselineRSA,17,17,17,6,rsa2048,1,1.427768,1.087082,0.696915,0.840391,0.025136,0.005109,0.007785,0.101496,703,330,325,24,24
97,BaselineRSA-17-20260810-16:20:12-769471,BaselineRSA,17,17,17,7,rsa2048,1,1.456335,1.108462,0.705141,0.864956,0.024375,0.00496,0.007073,0.101627,703,330,325,24,24
98,BaselineRSA-17-20260810-16:20:12-769471,BaselineRSA,17,17,17,8,rsa2048,1,1.39794,1.101519,0.701731,0.846201,0.029524,0.00494,0.007724,0.101427,703,330,325,24,24
99,BaselineRSA-17-20260810-16:20:12-769471,BaselineRSA,17,17,17,9,rsa2048,1,1.425789,1.051406,0.680375,0.80765,0.024525,0.005049,0.006912,0.101396,703,330,325,24,24
100,BaselineRSA-18-20260810-16:20:12-769471,BaselineRSA,18,18,18,0,rsa2048,1,1.444893,1.169974,0.767591,0.857251,0.030887,0.00545,0.015378,0.121764,703,330,325,24,24
101,BaselineRSA-18-20260810-16:20:12-769471,BaselineRSA,18,18,18,1,rsa2048,1,1.383082,1.142302,0.689445,0.878731,0.027,0.005149,0.010399,0.105292,703,330,325,24,24
102,BaselineRSA-18-20260810-16:20:12-769471,BaselineRSA,18,18,18,2,rsa2048,1,1.410461,1.10667,0.69449,0.848255,0.026459,0.0053,0.008145,0.105654,703,330,325,24,24
103,BaselineRSA-18-20260810-16:20:12-769471,BaselineRSA,18,18,18,3,rsa2048,1,1.441487,1.135693,0.682225,0.877188,0.024996,0.005039,0.007013,0.10911,703,330,325,24,24
104,BaselineRSA-18-20260810-16:20:12-769471,BaselineRSA,18,18,18,4,rsa2048,1,1.420892,1.068731,0.71404,0.81826,0.025728,0.00512,0.007344,0.103369,703,330,325,24,24
105,BaselineRSA-18-20260810-16:20:12-769471,BaselineRSA,18,18,18,5,rsa2048,1,1.437954,1.074409,0.730065,0.81848,0.024696,0.00537,0.007123,0.107357,703,330,325,24,24
106,BaselineRSA-18-20260810-16:20:12-769471,BaselineRSA,18,18,18,6,rsa2048,1,1.423453,1.082044,0.734187,0.830232,0.026088,0.00509,0.007414,0.10388,703,330,325,24,24
107,BaselineRSA-18-20260810-16:20:12-769471,BaselineRSA,18,18,18,7,rsa2048,1,1.420947,1.110136,0.713603,0.853915,0.026158,0.00516,0.007915,0.105494,703,330,325,24,24
108,BaselineRSA-18-20260810-16:20:12-769471,BaselineRSA,18,18,18,8,rsa2048,1,1.395627,1.141991,0.717728,0.87292,0.029194,0.006572,0.008295,0.106365,703,330,325,24,24
109,BaselineRSA-18-20260810-16:20:12-769471,BaselineRSA,18,18,18,9,rsa2048,1,1.415261,1.315182,0.685821,0.912453,0.044362,0.009788,0.022882,0.145187,703,330,325,24,24
110,BaselineRSA-19-20260810-16:20:13-769471,BaselineRSA,19,19,19,0,rsa2048,1,1.436074,1.159665,0.726178,0.853265,0.025466,0.00525,0.018203,0.122304,703,330,325,24,24
111,BaselineRSA-19-20260810-16:20:13-769471,BaselineRSA,19,19,19,1,rsa2048,1,1.384903,1.071325,0.679271,0.822507,0.025206,0.00517,0.008134,0.102007,703,330,325,24,24
112,BaselineRSA-19-20260810-16:20:13-769471,BaselineRSA,19,19,19,2,rsa2048,1,1.407333,1.061575,0.679315,0.817879,0.025036,0.004969,0.007073,0.100825,703,330,325,24,24
113,BaselineRSA-19-20260810-16:20:13-769471,BaselineRSA,19,19,19,3,rsa2048,1,1.366347,1.056397,0.691295,0.813011,0.024956,0.005019,0.006833,0.101295,703,330,325,24,24
114,BaselineRSA-19-20260810-16:20:13-769471,BaselineRSA,19,19,19,4,rsa2048,1,1.368883,1.063501,0.670585,0.818621,0.025246,0.00499,0.007444,0.100956,703,330,325,24,24
115,BaselineRSA-19-20260810-16:20:13-769471,BaselineRSA,19,19,19,5,rsa2048,1,1.390416,1.056067,0.710415,0.813822,0.024455,0.00504,0.006783,0.100755,703,330,325,24,24
116,BaselineRSA-19-20260810-16:20:13-769471,BaselineRSA,19,19,19,6,rsa2048,1,1.365048,1.062006,0.680321,0.814814,0.025126,0.0051,0.007834,0.101627,703,330,325,24,24
117,BaselineRSA-19-20260810-16:20:13-769471,BaselineRSA,19,19,19,7,rsa2048,1,1.450539,1.106128,0.746517,0.849407,0.02765,0.00496,0.008576,0.102829,703,330,325,24,24
118,BaselineRSA-19-20260810-16:20:13-769471,BaselineRSA,19,19,19,8,rsa2048,1,1.400532,1.065883,0.716766,0.823629,0.024344,0.0053,0.006853,0.100694,703,330,325,24,24
119,BaselineRSA-19-20260810-16:20:13-769471,BaselineRSA,19,19,19,9,rsa2048,1,1.377673,1.055425,0.676464,0.812629,0.024585,0.00519,0.006813,0.101085,703,330,325,24,24
120,BaselineRSA-2-20260810-16:20:02-769471,BaselineRSA,2,2,2,0,rsa2048,1,1.414856,2.60776,0.703493,1.961175,0.058788,0.023654,0.025757,0.253104,703,330,325,24,24
121,BaselineRSA-2-20260810-16:20:02-769471,BaselineRSA,2,2,2,1,rsa2048,1,1.404311,2.493249,0.698796,1.910702,0.060731,0.011882,0.018784,0.236494,703,330,325,24,24
122,BaselineRSA-2-20260810-16:20:02-769471,BaselineRSA,2,2,2,2,rsa2048,1,1.403467,2.610606,0.708665,1.977855,0.072182,0.011871,0.022561,0.24575,703,330,325,24,24
123,BaselineRSA-2-20260810-16:20:02-769471,BaselineRSA,2,2,2,3,rsa2048,1,1.395331,2.592412,0.674533,1.941428,0.080177,0.011892,0.02152,0.247794,703,330,325,24,24
124,BaselineRSA-2-20260810-16:20:02-769471,BaselineRSA,2,2,2,4,rsa2048,1,1.397031,2.513176,0.695904,1.913528,0.055922,0.011612,0.018043,0.25135,703,330,325,24,24
125,BaselineRSA-2-20260810-16:20:02-769471,BaselineRSA,2,2,2,5,rsa2048,1,1.434819,2.449651,0.689596,1.879916,0.057906,0.0115,0.0167,0.235702,703,330,325,24,24
126,BaselineRSA-2-20260810-16:20:02-769471,BaselineRSA,2,2,2,6,rsa2048,1,1.385352,2.468485,0.691783,1.904181,0.056053,0.01134,0.016299,0.237185,703,330,325,24,24
127,BaselineRSA-2-20260810-16:20:02-769471,BaselineRSA,2,2,2,7,rsa2048,1,1.420482,3.216275,0.697977,2.412353,0.083894,0.01613,0.036588,0.313305,703,330,325,24,24
128,BaselineRSA-2-20260810-16:20:02-769471,BaselineRSA,2,2,2,8,rsa2048,1,1.434789,2.483741,0.715694,1.914199,0.056845,0.011522,0.017492,0.236834,703,330,325,24,24
129,BaselineRSA-2-20260810-16:20:02-769471,BaselineRSA,2,2,2,9,rsa2048,1,1.383609,2.464778,0.689609,1.874326,0.058037,0.011511,0.017101,0.254898,703,330,325,24,24
130,BaselineRSA-20-20260810-16:20:13-769471,BaselineRSA,20,20,20,0,rsa2048,1,1.432871,1.117799,0.734404,0.829951,0.024745,0.006091,0.013374,0.11953,703,330,325,24,24
131,BaselineRSA-20-20260810-16:20:13-769471,BaselineRSA,20,20,20,1,rsa2048,1,1.406116,1.038935,0.714571,0.790198,0.024735,0.00496,0.007183,0.106375,703,330,325,24,24
132,BaselineRSA-20-20260810-16:20:13-769471,BaselineRSA,20,20,20,2,rsa2048,1,1.414606,1.039745,0.708371,0.800808,0.023934,0.004818,0.006713,0.100003,703,330,325,24,24
133,BaselineRSA-20-20260810-16:20:13-769471,BaselineRSA,20,20,20,3,rsa2048,1,1.429703,1.03649,0.698406,0.799726,0.023663,0.004839,0.006552,0.099463,703,330,325,24,24
134,BaselineRSA-20-20260810-16:20:13-769471,BaselineRSA,20,20,20,4,rsa2048,1,1.395863,1.039868,0.699162,0.80198,0.023934,0.004849,0.006562,0.099893,703,330,325,24,24
135,BaselineRSA-20-20260810-16:20:13-769471,BaselineRSA,20,20,20,5,rsa2048,1,1.471728,1.112337,0.73815,0.830853,0.032529,0.004969,0.007584,0.112365,703,330,325,24,24
136,BaselineRSA-20-20260810-16:20:13-769471,BaselineRSA,20,20,20,6,rsa2048,1,1.404085,1.037161,0.698264,0.799606,0.023884,0.004799,0.006783,0.099482,703,330,325,24,24
137,BaselineRSA-20-20260810-16:20:13-769471,BaselineRSA,20,20,20,7,rsa2048,1,1.391447,1.027093,0.704584,0.789036,0.023864,0.004858,0.006672,0.099762,703,330,325,24,24
138,BaselineRSA-20-20260810-16:20:13-769471,BaselineRSA,20,20,20,8,rsa2048,1,1.38801,1.040568,0.689932,0.793194,0.023773,0.004819,0.006653,0.104501,703,330,325,24,24
139,BaselineRSA-20-20260810-16:20:13-769471,BaselineRSA,20,20,20,9,rsa2048,1,1.436359,1.033123,0.722564,0.794997,0.023613,0.004889,0.006712,0.100003,703,330,325,24,24
140,BaselineRSA-21-20260810-16:20:14-769471,BaselineRSA,21,21,21,0,rsa2048,1,1.40856,1.111177,0.723515,0.823751,0.025817,0.00525,0.014206,0.114741,703,330,325,24,24
141,BaselineRSA-21-20260810-16:20:14-769471,BaselineRSA,21,21,21,1,rsa2048,1,1.463181,1.06945,0.747918,0.816808,0.024444,0.004939,0.007164,0.105413,703,330,325,24,24
142,BaselineRSA-21-20260810-16:20:14-769471,BaselineRSA,21,21,21,2,rsa2048,1,1.43759,1.048492,0.750985,0.806969,0.024555,0.00498,0.006843,0.100513,703,330,325,24,24
143,BaselineRSA-21-20260810-16:20:14-769471,BaselineRSA,21,21,21,3,rsa2048,1,1.358353,1.057549,0.68015,0.804786,0.029945,0.004889,0.007154,0.100604,703,330,325,24,24
144,BaselineRSA-21-20260810-16:20:14-769471,BaselineRSA,21,21,21,4,rsa2048,1,1.412963,1.045306,0.718497,0.805025,0.024044,0.004969,0.006813,0.100624,703,330,325,24,24
145,BaselineRSA-21-20260810-16:20:14-769471,BaselineRSA,21,21,21,5,rsa2048,1,1.365106,1.059655,0.684844,0.808522,0.024755,0.004909,0.007113,0.105063,703,330,325,24,24
146,BaselineRSA-21-20260810-16:20:14-769471,BaselineRSA,21,21,21,6,rsa2048,1,1.388168,1.04173,0.689625,0.803002,0.023793,0.00492,0.006842,0.100113,703,330,325,24,24
147,BaselineRSA-21-20260810-16:20:14-769471,BaselineRSA,21,21,21,7,rsa2048,1,1.394147,1.137326,0.690338,0.862992,0.029083,0.005751,0.010569,0.107428,703,330,325,24,24
148,BaselineRSA-21-20260810-16:20:14-769471,BaselineRSA,21,21,21,8,rsa2048,1,1.39584,1.239564,0.683023,0.925547,0.026889,0.008766,0.012803,0.127134,703,330,325,24,24
149,BaselineRSA-21-20260810-16:20:14-769471,BaselineRSA,21,21,21,9,rsa2048,1,1.370556,1.142033,0.685609,0.871507,0.025297,0.004989,0.007854,0.123917,703,330,325,24,24
150,BaselineRSA-22-20260810-16:20:14-769471,BaselineRSA,22,22,22,0,rsa2048,1,1.399713,1.14496,0.681179,0.842144,0.030907,0.00536,0.014276,0.118268,703,330,325,24,24
151,BaselineRSA-22-20260810-16:20:14-769471,BaselineRSA,22,22,22,1,rsa2048,1,1.399809,1.086531,0.709729,0.814213,0.032379,0.00511,0.007794,0.106616,703,330,325,24,24
152,BaselineRSA-22-20260810-16:20:14-769471,BaselineRSA,22,22,22,2,rsa2048,1,1.405888,1.050754,0.716484,0.802071,0.025647,0.004988,0.007574,0.101957,703,330,325,24,24
153,BaselineRSA-22-20260810-16:20:14-769471,BaselineRSA,22,22,22,3,rsa2048,1,1.398905,1.050675,0.71496,0.809154,0.024465,0.004828,0.006813,0.100685,703,330,325,24,24
154,BaselineRSA-22-20260810-16:20:14-769471,BaselineRSA,22,22,22,4,rsa2048,1,1.391866,1.057168,0.679465,0.806809,0.023863,0.005039,0.006823,0.105754,703,330,325,24,24
155,BaselineRSA-22-20260810-16:20:14-769471,BaselineRSA,22,22,22,5,rsa2048,1,1.383378,1.049122,0.686667,0.809905,0.023614,0.004909,0.006903,0.100594,703,330,325,24,24
156,BaselineRSA-22-20260810-16:20:14-769471,BaselineRSA,22,22,22,6,rsa2048,1,1.408804,1.043122,0.725513,0.803453,0.024155,0.0049,0.006752,0.100344,703,330,325,24,24
157,BaselineRSA-22-20260810-16:20:14-769471,BaselineRSA,22,22,22,7,rsa2048,1,1.412767,1.053149,0.692657,0.805377,0.023504,0.005169,0.006592,0.104942,703,330,325,24,24
158,BaselineRSA-22-20260810-16:20:14-769471,BaselineRSA,22,22,22,8,rsa2048,1,1.394699,1.029096,0.711288,0.791551,0.023624,0.00481,0.006742,0.099903,703,330,325,24,24
159,BaselineRSA-22-20260810-16:20:14-769471,BaselineRSA,22,22,22,9,rsa2048,1,1.377617,1.171207,0.68083,0.859796,0.028602,0.008445,0.012293,0.123086,703,330,325,24,24
160,BaselineRSA-23-20260810-16:20:15-769471,BaselineRSA,23,23,23,0,rsa2048,1,1.413076,1.09649,0.71254,0.810546,0.024925,0.005259,0.013215,0.115863,703,330,325,24,24
161,BaselineRSA-23-20260810-16:20:15-769471,BaselineRSA,23,23,23,1,rsa2048,1,1.416271,1.049785,0.707078,0.805777,0.024725,0.004979,0.008245,0.099944,703,330,325,24,24
162,BaselineRSA-23-20260810-16:20:15-769471,BaselineRSA,23,23,23,2,rsa2048,1,1.396982,1.073257,0.695593,0.825744,0.025306,0.005019,0.007774,0.101226,703,330,325,24,24
163,BaselineRSA-23-20260810-16:20:15-769471,BaselineRSA,23,23,23,3,rsa2048,1,1.384816,1.042031,0.69877,0.801028,0.024224,0.004889,0.007153,0.100395,703,330,325,24,24
164,BaselineRSA-23-20260810-16:20:15-769471,BaselineRSA,23,23,23,4,rsa2048,1,1.454346,1.062197,0.709191,0.809744,0.024335,0.004899,0.007103,0.105994,703,330,325,24,24
165,BaselineRSA-23-20260810-16:20:15-769471,BaselineRSA,23,23,23,5,rsa2048,1,1.434033,1.030119,0.684207,0.790659,0.024414,0.00496,0.006783,0.099663,703,330,325,24,24
166,BaselineRSA-23-20260810-16:20:15-769471,BaselineRSA,23,23,23,6,rsa2048,1,1.400991,1.043192,0.710974,0.803654,0.024224,0.004849,0.006953,0.099923,703,330,325,24,24
167,BaselineRSA-23-20260810-16:20:15-769471,BaselineRSA,23,23,23,7,rsa2048,1,1.355929,1.186818,0.675636,0.907403,0.026449,0.00498,0.008366,0.119909,703,330,325,24,24
168,BaselineRSA-23-20260810-16:20:15-769471,BaselineRSA,23,23,23,8,rsa2048,1,1.408925,1.344234,0.677726,1.078747,0.026088,0.005059,0.008726,0.10868,703,330,325,24,24
169,BaselineRSA-23-20260810-16:20:15-769471,BaselineRSA,23,23,23,9,rsa2048,1,1.395215,1.050186,0.698223,0.807771,0.024535,0.004939,0.007063,0.100644,703,330,325,24,24
170,BaselineRSA-24-20260810-16:20:15-769471,BaselineRSA,24,24,24,0,rsa2048,1,1.379629,1.204287,0.699791,0.89989,0.031047,0.005471,0.014917,0.116755,703,330,325,24,24
171,BaselineRSA-24-20260810-16:20:15-769471,BaselineRSA,24,24,24,1,rsa2048,1,1.41409,1.050196,0.713604,0.80717,0.025156,0.004918,0.007133,0.100344,703,330,325,24,24
172,BaselineRSA-24-20260810-16:20:15-769471,BaselineRSA,24,24,24,2,rsa2048,1,1.401837,1.037992,0.682864,0.795559,0.024665,0.004959,0.007223,0.100365,703,330,325,24,24
173,BaselineRSA-24-20260810-16:20:15-769471,BaselineRSA,24,24,24,3,rsa2048,1,1.402802,1.056426,0.691043,0.808072,0.024435,0.004939,0.006813,0.104131,703,330,325,24,24
174,BaselineRSA-24-20260810-16:20:15-769471,BaselineRSA,24,24,24,4,rsa2048,1,1.386249,1.03055,0.698605,0.788796,0.025006,0.005009,0.006722,0.100214,703,330,325,24,24
175,BaselineRSA-24-20260810-16:20:15-769471,BaselineRSA,24,24,24,5,rsa2048,1,1.406269,1.055075,0.692702,0.806749,0.024234,0.00492,0.006702,0.104582,703,330,325,24,24
176,BaselineRSA-24-20260810-16:20:15-769471,BaselineRSA,24,24,24,6,rsa2048,1,1.394547,1.171978,0.708877,0.924615,0.025146,0.004909,0.007664,0.102247,703,330,325,24,24
177,BaselineRSA-24-20260810-16:20:15-769471,BaselineRSA,24,24,24,7,rsa2048,1,1.457309,1.29238,0.708522,0.939582,0.036347,0.007985,0.012523,0.135439,703,330,325,24,24
178,BaselineRSA-24-20260810-16:20:15-769471,BaselineRSA,24,24,24,8,rsa2048,1,1.391134,1.322113,0.683012,1.014039,0.040224,0.00557,0.0108,0.11964,703,330,325,24,24
179,BaselineRSA-24-20260810-16:20:15-769471,BaselineRSA,24,24,24,9,rsa2048,1,1.388241,1.102421,0.675667,0.824001,0.032309,0.00506,0.008576,0.108559,703,330,325,24,24
180,BaselineRSA-25-20260810-16:20:15-769471,BaselineRSA,25,25,25,0,rsa2048,1,1.393116,1.162782,0.682583,0.853905,0.026979,0.005681,0.017442,0.121072,703,330,325,24,24
181,BaselineRSA-25-20260810-16:20:15-769471,BaselineRSA,25,25,25,1,rsa2048,1,1.404599,1.152803,0.722668,0.843065,0.025557,0.007294,0.009407,0.129878,703,330,325,24,24
182,BaselineRSA-25-20260810-16:20:15-769471,BaselineRSA,25,25,25,2,rsa2048,1,1.483181,1.324839,0.765798,1.029117,0.026999,0.005351,0.009818,0.127775,703,330,325,24,24
183,BaselineRSA-25-20260810-16:20:15-769471,BaselineRSA,25,25,25,3,rsa2048,1,1.373258,1.104856,0.687487,0.85082,0.025998,0.00516,0.007704,0.104462,703,330,325,24,24
184,BaselineRSA-25-20260810-16:20:15-769471,BaselineRSA,25,25,25,4,rsa2048,1,1.36985,1.092542,0.680203,0.842364,0.025507,0.005139,0.007163,0.104011,703,330,325,24,24
185,BaselineRSA-25-20260810-16:20:15-769471,BaselineRSA,25,25,25,5,rsa2048,1,1.409809,1.080801,0.691682,0.822528,0.029924,0.00509,0.006903,0.10404,703,330,325,24,24
186,BaselineRSA-25-20260810-16:20:15-769471,BaselineRSA,25,25,25,6,rsa2048,1,1.371475,1.083645,0.685391,0.826665,0.024585,0.00514,0.007073,0.108589,703,330,325,24,24
187,BaselineRSA-25-20260810-16:20:15-769471,BaselineRSA,25,25,25,7,rsa2048,1,1.380829,1.09149,0.675102,0.830201,0.025697,0.00522,0.007173,0.10945,703,330,325,24,24
188,BaselineRSA-25-20260810-16:20:15-769471,BaselineRSA,25,25,25,8,rsa2048,1,1.418209,1.0915,0.697124,0.837244,0.025446,0.005019,0.007874,0.105143,703,330,325,24,24
189,BaselineRSA-25-20260810-16:20:15-769471,BaselineRSA,25,25,25,9,rsa2048,1,1.389246,1.092382,0.682666,0.836684,0.026058,0.00549,0.007223,0.105834,703,330,325,24,24
190,BaselineRSA-26-20260810-16:20:16-769471,BaselineRSA,26,26,26,0,rsa2048,1,1.41463,1.10688,0.696571,0.826595,0.024955,0.0053,0.013255,0.113158,703,330,325,24,24
191,BaselineRSA-26-20260810-16:20:16-769471,BaselineRSA,26,26,26,1,rsa2048,1,1.428081,1.064652,0.721819,0.805677,0.028352,0.005049,0.008275,0.103199,703,330,325,24,24
192,BaselineRSA-26-20260810-16:20:16-769471,BaselineRSA,26,26,26,2,rsa2048,1,1.389452,1.06893,0.689004,0.819622,0.025036,0.005029,0.007634,0.10298,703,330,325,24,24
193,BaselineRSA-26-20260810-16:20:16-769471,BaselineRSA,26,26,26,3,rsa2048,1,1.390418,1.084148,0.687425,0.836704,0.024625,0.00504,0.006953,0.103841,703,330,325,24,24
194,BaselineRSA-26-20260810-16:20:16-769471,BaselineRSA,26,26,26,4,rsa2048,1,1.405456,1.084385,0.710927,0.833218,0.025086,0.005269,0.007203,0.104792,703,330,325,24,24
195,BaselineRSA-26-20260810-16:20:16-769471,BaselineRSA,26,26,26,5,rsa2048,1,1.405497,1.10814,0.702772,0.849878,0.025517,0.007253,0.007845,0.106645,703,330,325,24,24
196,BaselineRSA-26-20260810-16:20:16-769471,BaselineRSA,26,26,26,6,rsa2048,1,1.396682,1.107962,0.695228,0.838697,0.025487,0.005129,0.007685,0.115782,703,330,325,24,24
197,BaselineRSA-26-20260810-16:20:16-769471,BaselineRSA,26,26,26,7,rsa2048,1,1.397959,1.077556,0.715392,0.828198,0.024975,0.005059,0.006983,0.104822,703,330,325,24,24
198,BaselineRSA-26-20260810-16:20:16-769471,BaselineRSA,26,26,26,8,rsa2048,1,1.361347,1.120095,0.674113,0.864044,0.025937,0.00527,0.007855,0.105644,703,330,325,24,24
199,BaselineRSA-26-20260810-16:20:16-769471,BaselineRSA,26,26,26,9,rsa2048,1,1.395638,1.106176,0.670588,0.842685,0.030756,0.00519,0.007193,0.105644,703,330,325,24,24
200,BaselineRSA-27-20260810-16:20:16-769471,BaselineRSA,27,27,27,0,rsa2048,1,1.389523,1.136954,0.688301,0.846832,0.025567,0.005851,0.013574,0.117575,703,330,325,24,24
201,BaselineRSA-27-20260810-16:20:16-769471,BaselineRSA,27,27,27,1,rsa2048,1,1.425501,1.10171,0.702189,0.844318,0.026258,0.00531,0.008074,0.105704,703,330,325,24,24
202,BaselineRSA-27-20260810-16:20:16-769471,BaselineRSA,27,27,27,2,rsa2048,1,1.370664,1.089055,0.674931,0.832596,0.026608,0.00527,0.007394,0.105654,703,330,325,24,24
203,BaselineRSA-27-20260810-16:20:16-769471,BaselineRSA,27,27,27,3,rsa2048,1,1.432412,1.150958,0.691628,0.86747,0.02727,0.005369,0.009027,0.116693,703,330,325,24,24
204,BaselineRSA-27-20260810-16:20:16-769471,BaselineRSA,27,27,27,4,rsa2048,1,1.435345,1.152803,0.704623,0.887427,0.02716,0.00542,0.007975,0.10883,703,330,325,24,24
205,BaselineRSA-27-20260810-16:20:16-769471,BaselineRSA,27,27,27,5,rsa2048,1,1.356789,1.139948,0.673541,0.87841,0.02688,0.00528,0.007484,0.108759,703,330,325,24,24
206,BaselineRSA-27-20260810-16:20:16-769471,BaselineRSA,27,27,27,6,rsa2048,1,1.432268,1.119944,0.722962,0.86197,0.026158,0.005279,0.007403,0.107798,703,330,325,24,24
207,BaselineRSA-27-20260810-16:20:16-769471,BaselineRSA,27,27,27,7,rsa2048,1,1.434815,1.124571,0.691864,0.857672,0.025246,0.005269,0.007283,0.112917,703,330,325,24,24
208,BaselineRSA-27-20260810-16:20:16-769471,BaselineRSA,27,27,27,8,rsa2048,1,1.422701,1.109716,0.685248,0.855939,0.025637,0.005159,0.007184,0.106215,703,330,325,24,24
209,BaselineRSA-27-20260810-16:20:16-769471,BaselineRSA,27,27,27,9,rsa2048,1,1.380549,1.09643,0.691927,0.836493,0.025377,0.00517,0.007003,0.109571,703,330,325,24,24
210,BaselineRSA-28-20260810-16:20:17-769471,BaselineRSA,28,28,28,0,rsa2048,1,1.392258,1.20023,0.696536,0.901172,0.026769,0.00554,0.014667,0.119659,703,330,325,24,24
211,BaselineRSA-28-20260810-16:20:17-769471,BaselineRSA,28,28,28,1,rsa2048,1,1.41908,1.114192,0.719369,0.858394,0.026018,0.00516,0.007504,0.105774,703,330,325,24,24
212,BaselineRSA-28-20260810-16:20:17-769471,BaselineRSA,28,28,28,2,rsa2048,1,1.42502,1.091291,0.698485,0.840441,0.025727,0.0051,0.007203,0.10427,703,330,325,24,24
213,BaselineRSA-28-20260810-16:20:17-769471,BaselineRSA,28,28,28,3,rsa2048,1,1.422972,1.18871,0.702892,0.84024,0.039672,0.008456,0.010509,0.132703,703,330,325,24,24
214,BaselineRSA-28-20260810-16:20:17-769471,BaselineRSA,28,28,28,4,rsa2048,1,1.392025,1.117028,0.699606,0.837675,0.026178,0.005239,0.008015,0.127353,703,330,325,24,24
215,BaselineRSA-28-20260810-16:20:17-769471,BaselineRSA,28,28,28,5,rsa2048,1,1.417053,1.103994,0.697554,0.846622,0.025637,0.007374,0.007474,0.105984,703,330,325,24,24
216,BaselineRSA-28-20260810-16:20:17-769471,BaselineRSA,28,28,28,6,rsa2048,1,1.437262,1.123959,0.732963,0.853284,0.025336,0.005259,0.007995,0.11463,703,330,325,24,24
217,BaselineRSA-28-20260810-16:20:17-769471,BaselineRSA,28,28,28,7,rsa2048,1,1.382642,1.127307,0.685631,0.860177,0.026057,0.00531,0.008276,0.110232,703,330,325,24,24
218,BaselineRSA-28-20260810-16:20:17-769471,BaselineRSA,28,28,28,8,rsa2048,1,1.418941,1.106098,0.701901,0.840501,0.028612,0.00516,0.008566,0.106154,703,330,325,24,24
219,BaselineRSA-28-20260810-16:20:17-769471,BaselineRSA,28,28,28,9,rsa2048,1,1.409316,1.091289,0.695213,0.837555,0.026077,0.005159,0.007333,0.104903,703,330,325,24,24
220,BaselineRSA-29-20260810-16:20:17-769471,BaselineRSA,29,29,29,0,rsa2048,1,1.421555,1.129339,0.732283,0.832576,0.026238,0.00545,0.014176,0.122525,703,330,325,24,24
221,BaselineRSA-29-20260810-16:20:17-769471,BaselineRSA,29,29,29,1,rsa2048,1,1.393246,1.057258,0.686143,0.803503,0.025777,0.005069,0.007304,0.107327,703,330,325,24,24
222,BaselineRSA-29-20260810-16:20:17-769471,BaselineRSA,29,29,29,2,rsa2048,1,1.420955,1.217682,0.685246,0.963045,0.026648,0.005179,0.008766,0.102397,703,330,325,24,24
223,BaselineRSA-29-20260810-16:20:17-769471,BaselineRSA,29,29,29,3,rsa2048,1,1.387362,1.061736,0.691862,0.817358,0.024976,0.00506,0.007063,0.101196,703,330,325,24,24
224,BaselineRSA-29-20260810-16:20:17-769471,BaselineRSA,29,29,29,4,rsa2048,1,1.397302,1.081904,0.676373,0.81824,0.029755,0.004999,0.009156,0.10324,703,330,325,24,24
225,BaselineRSA-29-20260810-16:20:17-769471,BaselineRSA,29,29,29,5,rsa2048,1,1.398962,1.081775,0.704849,0.826596,0.025376,0.00519,0.009056,0.103099,703,330,325,24,24
226,BaselineRSA-29-20260810-16:20:17-769471,BaselineRSA,29,29,29,6,rsa2048,1,1.42256,1.077466,0.730404,0.819603,0.025066,0.00508,0.007324,0.102437,703,330,325,24,24
227,BaselineRSA-29-20260810-16:20:17-769471,BaselineRSA,29,29,29,7,rsa2048,1,1.44072,1.069262,0.714932,0.826294,0.024415,0.00502,0.006853,0.101696,703,330,325,24,24
228,BaselineRSA-29-20260810-16:20:17-769471,BaselineRSA,29,29,29,8,rsa2048,1,1.37706,1.051168,0.685905,0.803843,0.025617,0.0051,0.007023,0.102267,703,330,325,24,24
229,BaselineRSA-29-20260810-16:20:17-769471,BaselineRSA,29,29,29,9,rsa2048,1,1.385974,1.139049,0.692118,0.866859,0.031318,0.00552,0.009547,0.105684,703,330,325,24,24
230,BaselineRSA-3-20260810-16:20:03-769471,BaselineRSA,3,3,3,0,rsa2048,1,1.409012,2.559422,0.696315,1.934025,0.06025,0.012052,0.025086,0.252743,703,330,325,24,24
231,BaselineRSA-3-20260810-16:20:03-769471,BaselineRSA,3,3,3,1,rsa2048,1,1.434486,2.463646,0.695564,1.892569,0.058177,0.011512,0.017633,0.235012,703,330,325,24,24
232,BaselineRSA-3-20260810-16:20:03-769471,BaselineRSA,3,3,3,2,rsa2048,1,1.39823,2.453466,0.692519,1.872442,0.060681,0.011481,0.018765,0.236273,703,330,325,24,24
233,BaselineRSA-3-20260810-16:20:03-769471,BaselineRSA,3,3,3,3,rsa2048,1,1.39862,2.492538,0.681789,1.894442,0.065129,0.011913,0.019546,0.239109,703,330,325,24,24
234,BaselineRSA-3-20260810-16:20:03-769471,BaselineRSA,3,3,3,4,rsa2048,1,1.415461,2.52057,0.684742,1.89268,0.059539,0.012021,0.028171,0.251081,703,330,325,24,24
235,BaselineRSA-3-20260810-16:20:03-769471,BaselineRSA,3,3,3,5,rsa2048,1,1.401849,2.453347,0.678883,1.880738,0.058948,0.011572,0.016841,0.235653,703,330,325,24,24
236,BaselineRSA-3-20260810-16:20:03-769471,BaselineRSA,3,3,3,6,rsa2048,1,1.371253,2.523456,0.674299,1.901616,0.055933,0.011672,0.02182,0.258273,703,330,325,24,24
237,BaselineRSA-3-20260810-16:20:03-769471,BaselineRSA,3,3,3,7,rsa2048,1,1.416408,2.533544,0.71269,1.89853,0.063817,0.011872,0.020117,0.258303,703,330,325,24,24
238,BaselineRSA-3-20260810-16:20:03-769471,BaselineRSA,3,3,3,8,rsa2048,1,1.391529,2.903111,0.688215,2.081366,0.088452,0.019105,0.039523,0.299559,703,330,325,24,24
239,BaselineRSA-3-20260810-16:20:03-769471,BaselineRSA,3,3,3,9,rsa2048,1,1.404478,3.124499,0.710881,2.458727,0.065149,0.011972,0.026989,0.2786,703,330,325,24,24
240,BaselineRSA-4-20260810-16:20:05-769471,BaselineRSA,4,4,4,0,rsa2048,1,1.396855,2.550975,0.694003,1.91481,0.058187,0.012163,0.024094,0.26142,703,330,325,24,24
241,BaselineRSA-4-20260810-16:20:05-769471,BaselineRSA,4,4,4,1,rsa2048,1,1.37048,2.479876,0.68764,1.867984,0.070129,0.011821,0.019936,0.239999,703,330,325,24,24
242,BaselineRSA-4-20260810-16:20:05-769471,BaselineRSA,4,4,4,2,rsa2048,1,1.412035,2.479326,0.706615,1.8927,0.062285,0.011722,0.018244,0.237766,703,330,325,24,24
243,BaselineRSA-4-20260810-16:20:05-769471,BaselineRSA,4,4,4,3,rsa2048,1,1.424721,2.572927,0.698978,1.998584,0.057976,0.011572,0.018454,0.236133,703,330,325,24,24
244,BaselineRSA-4-20260810-16:20:05-769471,BaselineRSA,4,4,4,4,rsa2048,1,1.417166,2.510433,0.699711,1.893862,0.061873,0.011601,0.017532,0.254356,703,330,325,24,24
245,BaselineRSA-4-20260810-16:20:05-769471,BaselineRSA,4,4,4,5,rsa2048,1,1.405842,2.713995,0.682419,1.889474,0.095726,0.018835,0.030125,0.304909,703,330,325,24,24
246,BaselineRSA-4-20260810-16:20:05-769471,BaselineRSA,4,4,4,6,rsa2048,1,1.37859,2.983279,0.686033,2.370095,0.058768,0.011881,0.021159,0.26201,703,330,325,24,24
247,BaselineRSA-4-20260810-16:20:05-769471,BaselineRSA,4,4,4,7,rsa2048,1,1.373328,2.435835,0.681884,1.856052,0.057135,0.011411,0.016811,0.247805,703,330,325,24,24
248,BaselineRSA-4-20260810-16:20:05-769471,BaselineRSA,4,4,4,8,rsa2048,1,1.388551,2.514438,0.689246,1.940337,0.059038,0.011891,0.017923,0.235201,703,330,325,24,24
249,BaselineRSA-4-20260810-16:20:05-769471,BaselineRSA,4,4,4,9,rsa2048,1,1.413712,2.64004,0.673657,1.949544,0.088001,0.012042,0.022421,0.257343,703,330,325,24,24
250,BaselineRSA-5-20260810-16:20:06-769471,BaselineRSA,5,5,5,0,rsa2048,1,1.378229,1.80546,0.680893,1.350806,0.042267,0.009317,0.022291,0.179489,703,330,325,24,24
251,BaselineRSA-5-20260810-16:20:06-769471,BaselineRSA,5,5,5,1,rsa2048,1,1.37632,1.492317,0.693257,1.195912,0.029043,0.009006,0.010409,0.125349,703,330,325,24,24
252,BaselineRSA-5-20260810-16:20:06-769471,BaselineRSA,5,5,5,2,rsa2048,1,1.438386,1.803385,0.690212,1.351628,0.04325,0.009477,0.021449,0.178067,703,330,325,24,24
253,BaselineRSA-5-20260810-16:20:06-769471,BaselineRSA,5,5,5,3,rsa2048,1,1.430133,1.593532,0.702098,1.285316,0.028382,0.005361,0.009998,0.142421,703,330,325,24,24
254,BaselineRSA-5-20260810-16:20:06-769471,BaselineRSA,5,5,5,4,rsa2048,1,1.420825,1.128259,0.713927,0.878791,0.024706,0.00519,0.008195,0.10371,703,330,325,24,24
255,BaselineRSA-5-20260810-16:20:06-769471,BaselineRSA,5,5,5,5,rsa2048,1,1.389297,1.047391,0.689648,0.799916,0.024174,0.004889,0.007053,0.106816,703,330,325,24,24
256,BaselineRSA-5-20260810-16:20:06-769471,BaselineRSA,5,5,5,6,rsa2048,1,1.365594,1.113642,0.673726,0.794637,0.036146,0.008436,0.012633,0.117996,703,330,325,24,24
257,BaselineRSA-5-20260810-16:20:06-769471,BaselineRSA,5,5,5,7,rsa2048,1,1.422639,1.57636,0.713902,1.159886,0.041426,0.008296,0.022361,0.162328,703,330,325,24,24
258,BaselineRSA-5-20260810-16:20:06-769471,BaselineRSA,5,5,5,8,rsa2048,1,1.398583,1.447504,0.691179,1.151671,0.028102,0.00543,0.009919,0.129747,703,330,325,24,24
259,BaselineRSA-5-20260810-16:20:06-769471,BaselineRSA,5,5,5,9,rsa2048,1,1.400742,1.090462,0.693474,0.842264,0.024946,0.004969,0.007835,0.103841,703,330,325,24,24
260,BaselineRSA-6-20260810-16:20:07-769471,BaselineRSA,6,6,6,0,rsa2048,1,1.422074,1.17225,0.717805,0.863793,0.026208,0.005471,0.015388,0.126492,703,330,325,24,24
261,BaselineRSA-6-20260810-16:20:07-769471,BaselineRSA,6,6,6,1,rsa2048,1,1.371425,1.140891,0.670217,0.825473,0.025527,0.009267,0.014758,0.12537,703,330,325,24,24
262,BaselineRSA-6-20260810-16:20:07-769471,BaselineRSA,6,6,6,2,rsa2048,1,1.388408,1.559688,0.690573,1.192105,0.036998,0.008996,0.014256,0.1467,703,330,325,24,24
263,BaselineRSA-6-20260810-16:20:07-769471,BaselineRSA,6,6,6,3,rsa2048,1,1.370275,1.483127,0.692748,1.188388,0.026038,0.005299,0.01138,0.127715,703,330,325,24,24
264,BaselineRSA-6-20260810-16:20:07-769471,BaselineRSA,6,6,6,4,rsa2048,1,1.414366,1.088516,0.709548,0.833098,0.025537,0.008455,0.008175,0.101997,703,330,325,24,24
265,BaselineRSA-6-20260810-16:20:07-769471,BaselineRSA,6,6,6,5,rsa2048,1,1.389085,1.097541,0.707345,0.837255,0.026539,0.005099,0.008956,0.105284,703,330,325,24,24
266,BaselineRSA-6-20260810-16:20:07-769471,BaselineRSA,6,6,6,6,rsa2048,1,1.440712,1.1292,0.70923,0.875004,0.026348,0.005,0.008846,0.102478,703,330,325,24,24
267,BaselineRSA-6-20260810-16:20:07-769471,BaselineRSA,6,6,6,7,rsa2048,1,1.429103,1.152634,0.730416,0.805968,0.04375,0.008456,0.011922,0.124367,703,330,325,24,24
268,BaselineRSA-6-20260810-16:20:07-769471,BaselineRSA,6,6,6,8,rsa2048,1,1.412167,1.082554,0.681869,0.824952,0.025466,0.005079,0.010008,0.104532,703,330,325,24,24
269,BaselineRSA-6-20260810-16:20:07-769471,BaselineRSA,6,6,6,9,rsa2048,1,1.430453,1.218904,0.702045,0.9655,0.026028,0.0051,0.008486,0.102468,703,330,325,24,24
270,BaselineRSA-7-20260810-16:20:07-769471,BaselineRSA,7,7,7,0,rsa2048,1,1.375099,1.089346,0.681409,0.813582,0.024866,0.00523,0.013083,0.111574,703,330,325,24,24
271,BaselineRSA-7-20260810-16:20:07-769471,BaselineRSA,7,7,7,1,rsa2048,1,1.393724,1.037462,0.694183,0.799044,0.023884,0.004888,0.007013,0.099032,703,330,325,24,24
272,BaselineRSA-7-20260810-16:20:07-769471,BaselineRSA,7,7,7,2,rsa2048,1,1.388808,1.060493,0.694879,0.809313,0.026689,0.005029,0.008245,0.101035,703,330,325,24,24
273,BaselineRSA-7-20260810-16:20:07-769471,BaselineRSA,7,7,7,3,rsa2048,1,1.405004,1.077675,0.717204,0.803643,0.033782,0.005009,0.01076,0.10327,703,330,325,24,24
274,BaselineRSA-7-20260810-16:20:07-769471,BaselineRSA,7,7,7,4,rsa2048,1,1.372616,1.039665,0.678035,0.801539,0.023693,0.00498,0.006662,0.099784,703,330,325,24,24
275,BaselineRSA-7-20260810-16:20:07-769471,BaselineRSA,7,7,7,5,rsa2048,1,1.441683,1.388595,0.712538,1.078727,0.034023,0.005049,0.010379,0.12042,703,330,325,24,24
276,BaselineRSA-7-20260810-16:20:07-769471,BaselineRSA,7,7,7,6,rsa2048,1,1.429938,1.067387,0.722323,0.826084,0.024474,0.00491,0.007253,0.099963,703,330,325,24,24
277,BaselineRSA-7-20260810-16:20:07-769471,BaselineRSA,7,7,7,7,rsa2048,1,1.402587,1.055616,0.706461,0.815094,0.024265,0.0049,0.006993,0.100294,703,330,325,24,24
278,BaselineRSA-7-20260810-16:20:07-769471,BaselineRSA,7,7,7,8,rsa2048,1,1.43586,1.048611,0.680626,0.81269,0.023694,0.004899,0.006412,0.099161,703,330,325,24,24
279,BaselineRSA-7-20260810-16:20:07-769471,BaselineRSA,7,7,7,9,rsa2048,1,1.381965,1.035589,0.703362,0.798363,0.023784,0.004879,0.006613,0.099381,703,330,325,24,24
280,BaselineRSA-8-20260810-16:20:08-769471,BaselineRSA,8,8,8,0,rsa2048,1,1.418106,1.098463,0.712696,0.823279,0.024555,0.005329,0.012823,0.111674,703,330,325,24,24
281,BaselineRSA-8-20260810-16:20:08-769471,BaselineRSA,8,8,8,1,rsa2048,1,1.415946,1.080702,0.693704,0.82943,0.024495,0.005049,0.007444,0.104331,703,330,325,24,24
282,BaselineRSA-8-20260810-16:20:08-769471,BaselineRSA,8,8,8,2,rsa2048,1,1.368002,1.096301,0.667944,0.819743,0.0327,0.005029,0.007955,0.107988,703,330,325,24,24
283,BaselineRSA-8-20260810-16:20:08-769471,BaselineRSA,8,8,8,3,rsa2048,1,1.423904,1.065543,0.725601,0.813311,0.024244,0.004978,0.007503,0.105243,703,330,325,24,24
284,BaselineRSA-8-20260810-16:20:08-769471,BaselineRSA,8,8,8,4,rsa2048,1,1.390082,1.130471,0.695042,0.881216,0.025527,0.005029,0.007414,0.104371,703,330,325,24,24
285,BaselineRSA-8-20260810-16:20:08-769471,BaselineRSA,8,8,8,5,rsa2048,1,1.376734,1.110817,0.6901,0.811077,0.033051,0.006972,0.008375,0.117806,703,330,325,24,24
286,BaselineRSA-8-20260810-16:20:08-769471,BaselineRSA,8,8,8,6,rsa2048,1,1.385477,1.133738,0.678319,0.875725,0.024465,0.004889,0.007444,0.115331,703,330,325,24,24
287,BaselineRSA-8-20260810-16:20:08-769471,BaselineRSA,8,8,8,7,rsa2048,1,1.400312,1.047861,0.682091,0.789908,0.026509,0.00511,0.007865,0.10942,703,330,325,24,24
288,BaselineRSA-8-20260810-16:20:08-769471,BaselineRSA,8,8,8,8,rsa2048,1,1.402729,1.046639,0.704688,0.806829,0.024485,0.005009,0.006862,0.099533,703,330,325,24,24
289,BaselineRSA-8-20260810-16:20:08-769471,BaselineRSA,8,8,8,9,rsa2048,1,1.405719,1.047891,0.692564,0.809494,0.024134,0.004798,0.006622,0.099743,703,330,325,24,24
290,BaselineRSA-9-20260810-16:20:08-769471,BaselineRSA,9,9,9,0,rsa2048,1,1.41968,1.116568,0.711903,0.835422,0.024345,0.00524,0.013805,0.113118,703,330,325,24,24
291,BaselineRSA-9-20260810-16:20:08-769471,BaselineRSA,9,9,9,1,rsa2048,1,1.372796,1.035227,0.676684,0.800608,0.024254,0.004839,0.006602,0.097438,703,330,325,24,24
292,BaselineRSA-9-20260810-16:20:08-769471,BaselineRSA,9,9,9,2,rsa2048,1,1.433275,1.028035,0.697964,0.797252,0.023413,0.004679,0.006442,0.096196,703,330,325,24,24
293,BaselineRSA-9-20260810-16:20:08-769471,BaselineRSA,9,9,9,3,rsa2048,1,1.43159,1.020019,0.712788,0.786282,0.023363,0.004628,0.006873,0.097569,703,330,325,24,24
294,BaselineRSA-9-20260810-16:20:08-769471,BaselineRSA,9,9,9,4,rsa2048,1,1.405635,1.004329,0.689942,0.768198,0.022972,0.004678,0.006983,0.101906,703,330,325,24,24
295,BaselineRSA-9-20260810-16:20:08-769471,BaselineRSA,9,9,9,5,rsa2048,1,1.407,1.009871,0.72324,0.771534,0.022421,0.004808,0.011521,0.096156,703,330,325,24,24
296,BaselineRSA-9-20260810-16:20:08-769471,BaselineRSA,9,9,9,6,rsa2048,1,1.409125,1.003277,0.710352,0.764982,0.024024,0.004838,0.006903,0.100053,703,330,325,24,24
297,BaselineRSA-9-20260810-16:20:08-769471,BaselineRSA,9,9,9,7,rsa2048,1,1.430041,1.038083,0.72916,0.792853,0.023653,0.004869,0.006652,0.103549,703,330,325,24,24
298,BaselineRSA-9-20260810-16:20:08-769471,BaselineRSA,9,9,9,8,rsa2048,1,1.411441,1.015571,0.714682,0.786001,0.022722,0.004698,0.006542,0.097118,703,330,325,24,24
299,BaselineRSA-9-20260810-16:20:08-769471,BaselineRSA,9,9,9,9,rsa2048,1,1.363254,1.01341,0.671463,0.784168,0.022792,0.004638,0.006382,0.096377,703,330,325,24,24
300,BaselineECDSA-0-20260810-16:20:18-769602,BaselineECDSA,0,0,0,0,ecdsa-p256,1,0.925209,0.628184,0.455512,0.210276,0.066923,0.008546,0.017903,0.132583,332,145,139,24,24
301,BaselineECDSA-0-20260810-16:20:18-769602,BaselineECDSA,0,0,0,1,ecdsa-p256,1,0.905803,0.350692,0.459386,0.0271,0.060881,0.005149,0.007253,0.105124,332,145,139,24,24
302,BaselineECDSA-0-20260810-16:20:18-769602,BaselineECDSA,0,0,0,2,ecdsa-p256,1,0.880252,0.350282,0.432135,0.025507,0.061603,0.00507,0.007454,0.104992,333,145,140,24,24
303,BaselineECDSA-0-20260810-16:20:18-769602,BaselineECDSA,0,0,0,3,ecdsa-p256,1,0.900488,0.347918,0.437433,0.025657,0.061513,0.005,0.006712,0.104983,332,145,139,24,24
304,BaselineECDSA-0-20260810-16:20:18-769602,BaselineECDSA,0,0,0,4,ecdsa-p256,1,0.947213,0.405173,0.485875,0.025376,0.072753,0.006591,0.012993,0.114461,334,146,140,24,24
305,BaselineECDSA-0-20260810-16:20:18-769602,BaselineECDSA,0,0,0,5,ecdsa-p256,1,0.893893,0.358386,0.454566,0.031999,0.061282,0.005109,0.007073,0.106955,333,145,140,24,24
306,BaselineECDSA-0-20260810-16:20:18-769602,BaselineECDSA,0,0,0,6,ecdsa-p256,1,0.916843,0.372012,0.464224,0.025728,0.061854,0.006853,0.007294,0.11484,333,144,141,24,24
307,BaselineECDSA-0-20260810-16:20:18-769602,BaselineECDSA,0,0,0,7,ecdsa-p256,1,0.889733,0.393891,0.430228,0.046977,0.06574,0.00518,0.007745,0.116213,333,145,140,24,24
308,BaselineECDSA-0-20260810-16:20:18-769602,BaselineECDSA,0,0,0,8,ecdsa-p256,1,0.949131,0.487655,0.443042,0.067825,0.075839,0.007915,0.011661,0.130849,333,145,140,24,24
309,BaselineECDSA-0-20260810-16:20:18-769602,BaselineECDSA,0,0,0,9,ecdsa-p256,1,0.907146,0.4196,0.455189,0.037759,0.077753,0.00532,0.009588,0.117636,333,145,140,24,24
310,BaselineECDSA-1-20260810-16:20:18-769602,BaselineECDSA,1,1,1,0,ecdsa-p256,1,0.89015,0.406867,0.433807,0.046846,0.060792,0.005792,0.014677,0.117035,332,145,139,24,24
311,BaselineECDSA-1-20260810-16:20:18-769602,BaselineECDSA,1,1,1,1,ecdsa-p256,1,0.906981,0.344953,0.436779,0.025727,0.06026,0.00498,0.006852,0.104121,335,146,141,24,24
312,BaselineECDSA-1-20260810-16:20:18-769602,BaselineECDSA,1,1,1,2,ecdsa-p256,1,0.920723,0.350602,0.469225,0.025927,0.05979,0.005008,0.006902,0.111084,334,145,141,24,24
313,BaselineECDSA-1-20260810-16:20:18-769602,BaselineECDSA,1,1,1,3,ecdsa-p256,1,0.901817,0.341296,0.453635,0.025347,0.059268,0.00492,0.006732,0.104102,334,146,140,24,24
314,BaselineECDSA-1-20260810-16:20:18-769602,BaselineECDSA,1,1,1,4,ecdsa-p256,1,0.92078,0.34325,0.440212,0.025026,0.05994,0.004959,0.006803,0.10421,333,145,140,24,24
315,BaselineECDSA-1-20260810-16:20:18-769602,BaselineECDSA,1,1,1,5,ecdsa-p256,1,0.893314,0.341256,0.462439,0.025016,0.059659,0.00494,0.006732,0.103721,334,145,141,24,24
316,BaselineECDSA-1-20260810-16:20:18-769602,BaselineECDSA,1,1,1,6,ecdsa-p256,1,0.968162,0.353437,0.453194,0.024826,0.05971,0.00511,0.012693,0.103741,333,145,140,24,24
317,BaselineECDSA-1-20260810-16:20:18-769602,BaselineECDSA,1,1,1,7,ecdsa-p256,1,0.915122,0.342588,0.455832,0.025907,0.05992,0.004949,0.006522,0.103669,333,145,140,24,24
318,BaselineECDSA-1-20260810-16:20:18-769602,BaselineECDSA,1,1,1,8,ecdsa-p256,1,0.95949,0.361232,0.500737,0.025075,0.05994,0.00552,0.007564,0.111976,333,145,140,24,24
319,BaselineECDSA-1-20260810-16:20:18-769602,BaselineECDSA,1,1,1,9,ecdsa-p256,1,0.889895,0.373326,0.451699,0.035064,0.069237,0.00496,0.007123,0.104302,332,145,139,24,24
320,BaselineECDSA-10-20260810-16:20:18-769602,BaselineECDSA,10,10,10,0,ecdsa-p256,1,0.931796,0.37183,0.450522,0.031007,0.061984,0.00556,0.009307,0.111053,333,145,140,24,24
321,BaselineECDSA-10-20260810-16:20:18-769602,BaselineECDSA,10,10,10,1,ecdsa-p256,1,0.889388,0.369186,0.451848,0.026348,0.061363,0.00523,0.007313,0.114931,334,146,140,24,24
322,BaselineECDSA-10-20260810-16:20:18-769602,BaselineECDSA,10,10,10,2,ecdsa-p256,1,0.933032,0.353748,0.468529,0.026609,0.061523,0.00514,0.006893,0.107507,333,145,140,24,24
323,BaselineECDSA-10-20260810-16:20:18-769602,BaselineECDSA,10,10,10,3,ecdsa-p256,1,0.878409,0.394071,0.443672,0.025397,0.069638,0.014827,0.009818,0.111865,335,146,141,24,24
324,BaselineECDSA-10-20260810-16:20:18-769602,BaselineECDSA,10,10,10,4,ecdsa-p256,1,0.863154,0.362576,0.419396,0.030486,0.062094,0.005189,0.007513,0.108399,332,145,139,24,24
325,BaselineECDSA-10-20260810-16:20:18-769602,BaselineECDSA,10,10,10,5,ecdsa-p256,1,0.925211,0.373253,0.45837,0.025787,0.066001,0.00537,0.008756,0.109731,332,145,139,24,24
326,BaselineECDSA-10-20260810-16:20:18-769602,BaselineECDSA,10,10,10,6,ecdsa-p256,1,0.912551,0.371732,0.438854,0.0274,0.061934,0.00519,0.007564,0.11454,332,145,139,24,24
327,BaselineECDSA-10-20260810-16:20:18-769602,BaselineECDSA,10,10,10,7,ecdsa-p256,1,0.9097,0.352617,0.466353,0.026308,0.061332,0.00508,0.006782,0.107237,335,146,141,24,24
328,BaselineECDSA-10-20260810-16:20:18-769602,BaselineECDSA,10,10,10,8,ecdsa-p256,1,0.937817,0.354558,0.479544,0.025146,0.062405,0.005119,0.006952,0.107628,333,145,140,24,24
329,BaselineECDSA-10-20260810-16:20:18-769602,BaselineECDSA,10,10,10,9,ecdsa-p256,1,0.903243,0.349831,0.445842,0.025627,0.060891,0.00514,0.006883,0.106575,334,145,141,24,24
330,BaselineECDSA-11-20260810-16:20:18-769602,BaselineECDSA,11,11,11,0,ecdsa-p256,1,0.917746,0.372523,0.468034,0.031107,0.061653,0.005501,0.009969,0.110853,333,144,141,24,24
331,BaselineECDSA-11-20260810-16:20:18-769602,BaselineECDSA,11,11,11,1,ecdsa-p256,1,0.902384,0.368245,0.4723,0.026409,0.068435,0.00516,0.007243,0.107217,334,145,141,24,24
332,BaselineECDSA-11-20260810-16:20:18-769602,BaselineECDSA,11,11,11,2,ecdsa-p256,1,0.920717,0.351704,0.48101,0.026339,0.061302,0.005139,0.007153,0.106466,332,144,140,24,24
333,BaselineECDSA-11-20260810-16:20:18-769602,BaselineECDSA,11,11,11,3,ecdsa-p256,1,0.888913,0.349411,0.440876,0.025527,0.061012,0.00507,0.006943,0.106375,332,145,139,24,24
334,BaselineECDSA-11-20260810-16:20:18-769602,BaselineECDSA,11,11,11,4,ecdsa-p256,1,0.922382,0.372503,0.45886,0.036698,0.062635,0.00536,0.008545,0.107799,334,146,140,24,24
335,BaselineECDSA-11-20260810-16:20:18-769602,BaselineECDSA,11,11,11,5,ecdsa-p256,1,0.890788,0.349732,0.456503,0.025927,0.060922,0.00506,0.006832,0.106344,332,145,139,24,24
336,BaselineECDSA-11-20260810-16:20:18-769602,BaselineECDSA,11,11,11,6,ecdsa-p256,1,0.919402,0.362014,0.459624,0.02699,0.060901,0.00517,0.007083,0.116834,334,145,141,24,24
337,BaselineECDSA-11-20260810-16:20:18-769602,BaselineECDSA,11,11,11,7,ecdsa-p256,1,0.949428,0.472296,0.460712,0.025337,0.112467,0.00537,0.008125,0.114681,335,146,141,24,24
338,BaselineECDSA-11-20260810-16:20:18-769602,BaselineECDSA,11,11,11,8,ecdsa-p256,1,0.911693,0.376861,0.444106,0.028753,0.063736,0.00526,0.008386,0.113647,334,146,140,24,24
339,BaselineECDSA-11-20260810-16:20:18-769602,BaselineECDSA,11,11,11,9,ecdsa-p256,1,0.9315,0.350102,0.472189,0.026499,0.060561,0.00504,0.006972,0.106166,333,144,141,24,24
340,BaselineECDSA-12-20260810-16:20:18-769602,BaselineECDSA,12,12,12,0,ecdsa-p256,1,0.938444,0.371431,0.480262,0.029905,0.063126,0.00533,0.009047,0.110152,333,145,140,24,24
341,BaselineECDSA-12-20260810-16:20:18-769602,BaselineECDSA,12,12,12,1,ecdsa-p256,1,0.899028,0.351414,0.46532,0.02675,0.061082,0.00509,0.007283,0.105544,334,146,140,24,24
342,BaselineECDSA-12-20260810-16:20:18-769602,BaselineECDSA,12,12,12,2,ecdsa-p256,1,0.91053,0.345263,0.474689,0.025176,0.06012,0.005039,0.006822,0.105073,333,145,140,24,24
343,BaselineECDSA-12-20260810-16:20:18-769602,BaselineECDSA,12,12,12,3,ecdsa-p256,1,0.922237,0.357225,0.448564,0.024955,0.065931,0.00505,0.007043,0.105202,333,145,140,24,24
344,BaselineECDSA-12-20260810-16:20:18-769602,BaselineECDSA,12,12,12,4,ecdsa-p256,1,0.922324,0.356214,0.453928,0.035214,0.060611,0.005069,0.006793,0.105193,332,144,140,24,24
345,BaselineECDSA-12-20260810-16:20:18-769602,BaselineECDSA,12,12,12,5,ecdsa-p256,1,0.949625,0.344632,0.451421,0.024856,0.06031,0.005029,0.006773,0.104972,331,144,139,24,24
346,BaselineECDSA-12-20260810-16:20:18-769602,BaselineECDSA,12,12,12,6,ecdsa-p256,1,0.923532,0.345274,0.474401,0.025757,0.06027,0.004999,0.006622,0.105113,333,145,140,24,24
347,BaselineECDSA-12-20260810-16:20:18-769602,BaselineECDSA,12,12,12,7,ecdsa-p256,1,0.916788,0.423446,0.453058,0.024885,0.068766,0.007644,0.010049,0.130118,331,144,139,24,24
348,BaselineECDSA-12-20260810-16:20:18-769602,BaselineECDSA,12,12,12,8,ecdsa-p256,1,0.886865,0.377523,0.433677,0.0328,0.060951,0.00515,0.007304,0.125239,335,146,141,24,24
349,BaselineECDSA-12-20260810-16:20:18-769602,BaselineECDSA,12,12,12,9,ecdsa-p256,1,0.88132,0.346356,0.428082,0.025396,0.060341,0.00495,0.006602,0.105584,333,145,140,24,24
350,BaselineECDSA-13-20260810-16:20:18-769602,BaselineECDSA,13,13,13,0,ecdsa-p256,1,0.892638,0.366661,0.457861,0.030305,0.061212,0.00528,0.009027,0.10954,334,146,140,24,24
351,BaselineECDSA-13-20260810-16:20:18-769602,BaselineECDSA,13,13,13,1,ecdsa-p256,1,0.887212,0.359978,0.432956,0.02701,0.060871,0.005088,0.007453,0.113609,333,145,140,24,24
352,BaselineECDSA-13-20260810-16:20:18-769602,BaselineECDSA,13,13,13,2,ecdsa-p256,1,0.900546,0.347559,0.432352,0.025336,0.060661,0.005019,0.006853,0.105724,334,146,140,24,24
353,BaselineECDSA-13-20260810-16:20:18-769602,BaselineECDSA,13,13,13,3,ecdsa-p256,1,0.874158,0.395045,0.440404,0.024965,0.068886,0.005419,0.009748,0.117836,334,145,141,24,24
354,BaselineECDSA-13-20260810-16:20:18-769602,BaselineECDSA,13,13,13,4,ecdsa-p256,1,0.915401,0.358187,0.466398,0.030426,0.061653,0.005138,0.007394,0.106446,332,145,139,24,24
355,BaselineECDSA-13-20260810-16:20:18-769602,BaselineECDSA,13,13,13,5,ecdsa-p256,1,0.881578,0.386037,0.438457,0.03805,0.062896,0.00533,0.008476,0.119308,333,145,140,24,24
356,BaselineECDSA-13-20260810-16:20:18-769602,BaselineECDSA,13,13,13,6,ecdsa-p256,1,0.894751,0.363888,0.427491,0.026759,0.066902,0.005119,0.006953,0.106706,334,146,140,24,24
357,BaselineECDSA-13-20260810-16:20:18-769602,BaselineECDSA,13,13,13,7,ecdsa-p256,1,0.943628,0.374257,0.49097,0.026178,0.061704,0.005199,0.007283,0.116964,332,145,139,24,24
358,BaselineECDSA-13-20260810-16:20:18-769602,BaselineECDSA,13,13,13,8,ecdsa-p256,1,0.93812,0.433785,0.460281,0.02737,0.073806,0.008174,0.011881,0.126452,332,145,139,24,24
359,BaselineECDSA-13-20260810-16:20:18-769602,BaselineECDSA,13,13,13,9,ecdsa-p256,1,0.906954,0.429477,0.463184,0.042297,0.073114,0.00545,0.009097,0.128896,332,144,140,24,24
360,BaselineECDSA-14-20260810-16:20:18-769602,BaselineECDSA,14,14,14,0,ecdsa-p256,1,0.904877,0.400936,0.449194,0.03832,0.063476,0.005701,0.013485,0.116232,332,145,139,24,24
361,BaselineECDSA-14-20260810-16:20:18-769602,BaselineECDSA,14,14,14,1,ecdsa-p256,1,0.902536,0.4142,0.437744,0.027099,0.080808,0.005531,0.009407,0.114832,333,145,140,24,24
362,BaselineECDSA-14-20260810-16:20:18-769602,BaselineECDSA,14,14,14,2,ecdsa-p256,1,0.902336,0.367905,0.446462,0.033291,0.062876,0.00522,0.007413,0.10913,332,144,140,24,24
363,BaselineECDSA-14-20260810-16:20:18-769602,BaselineECDSA,14,14,14,3,ecdsa-p256,1,0.9218,0.393182,0.470637,0.02689,0.074366,0.00537,0.008074,0.114731,332,144,140,24,24
364,BaselineECDSA-14-20260810-16:20:18-769602,BaselineECDSA,14,14,14,4,ecdsa-p256,1,0.89449,0.412395,0.437784,0.036066,0.073976,0.00555,0.009387,0.119048,332,145,139,24,24
365,BaselineECDSA-14-20260810-16:20:18-769602,BaselineECDSA,14,14,14,5,ecdsa-p256,1,0.896826,0.488116,0.431059,0.030095,0.091117,0.008766,0.011271,0.135689,332,145,139,24,24
366,BaselineECDSA-14-20260810-16:20:18-769602,BaselineECDSA,14,14,14,6,ecdsa-p256,1,0.882565,0.522158,0.446979,0.039823,0.086469,0.007794,0.013394,0.157839,333,145,140,24,24
367,BaselineECDSA-14-20260810-16:20:18-769602,BaselineECDSA,14,14,14,7,ecdsa-p256,1,0.89274,0.371671,0.445423,0.030476,0.064799,0.005359,0.007564,0.110493,333,144,141,24,24
368,BaselineECDSA-14-20260810-16:20:18-769602,BaselineECDSA,14,14,14,8,ecdsa-p256,1,0.933627,0.362264,0.444563,0.026699,0.063537,0.005309,0.007073,0.1094,334,145,141,24,24
369,BaselineECDSA-14-20260810-16:20:18-769602,BaselineECDSA,14,14,14,9,ecdsa-p256,1,0.925968,0.363547,0.45535,0.026308,0.063927,0.005289,0.007203,0.109652,333,145,140,24,24
370,BaselineECDSA-15-20260810-16:20:18-769602,BaselineECDSA,15,15,15,0,ecdsa-p256,1,0.938826,0.38192,0.470517,0.031708,0.063196,0.005641,0.010089,0.113428,333,144,141,24,24
371,BaselineECDSA-15-20260810-16:20:18-769602,BaselineECDSA,15,15,15,1,ecdsa-p256,1,0.893764,0.364569,0.428243,0.026949,0.062975,0.00532,0.007724,0.110111,335,146,141,24,24
372,BaselineECDSA-15-20260810-16:20:18-769602,BaselineECDSA,15,15,15,2,ecdsa-p256,1,0.906456,0.387529,0.437268,0.026328,0.063366,0.006241,0.014877,0.113568,331,144,139,24,24
373,BaselineECDSA-15-20260810-16:20:18-769602,BaselineECDSA,15,15,15,3,ecdsa-p256,1,0.901708,0.367513,0.447512,0.031508,0.062935,0.00527,0.007634,0.10938,333,145,140,24,24
374,BaselineECDSA-15-20260810-16:20:18-769602,BaselineECDSA,15,15,15,4,ecdsa-p256,1,0.911418,0.357213,0.439327,0.025968,0.062194,0.00527,0.007053,0.108639,334,146,140,24,24
375,BaselineECDSA-15-20260810-16:20:18-769602,BaselineECDSA,15,15,15,5,ecdsa-p256,1,0.889453,0.47964,0.448566,0.025627,0.116253,0.005481,0.009788,0.112807,334,145,141,24,24
376,BaselineECDSA-15-20260810-16:20:18-769602,BaselineECDSA,15,15,15,6,ecdsa-p256,1,0.924778,0.373975,0.476138,0.030476,0.064698,0.00539,0.008486,0.110152,334,146,140,24,24
377,BaselineECDSA-15-20260810-16:20:18-769602,BaselineECDSA,15,15,15,7,ecdsa-p256,1,0.908623,0.376401,0.470264,0.026408,0.07061,0.00526,0.007354,0.10912,333,145,140,24,24
378,BaselineECDSA-15-20260810-16:20:18-769602,BaselineECDSA,15,15,15,8,ecdsa-p256,1,0.909895,0.391277,0.462942,0.026809,0.067063,0.00533,0.008255,0.118506,333,144,141,24,24
379,BaselineECDSA-15-20260810-16:20:18-769602,BaselineECDSA,15,15,15,9,ecdsa-p256,1,0.904438,0.401277,0.45226,0.028502,0.062575,0.00526,0.007634,0.128416,333,144,141,24,24
380,BaselineECDSA-16-20260810-16:20:18-769602,BaselineECDSA,16,16,16,0,ecdsa-p256,1,0.893973,0.391849,0.444458,0.04379,0.062214,0.005459,0.0108,0.113088,334,146,140,24,24
381,BaselineECDSA-16-20260810-16:20:18-769602,BaselineECDSA,16,16,16,1,ecdsa-p256,1,0.890025,0.355642,0.428976,0.026409,0.061763,0.0051,0.006943,0.108159,333,146,139,24,24
382,BaselineECDSA-16-20260810-16:20:18-769602,BaselineECDSA,16,16,16,2,ecdsa-p256,1,0.878662,0.357094,0.430211,0.025687,0.062334,0.00516,0.007273,0.108349,332,145,139,24,24
383,BaselineECDSA-16-20260810-16:20:18-769602,BaselineECDSA,16,16,16,3,ecdsa-p256,1,0.877312,0.355252,0.43698,0.025727,0.062174,0.005109,0.006873,0.108329,332,144,140,24,24
384,BaselineECDSA-16-20260810-16:20:18-769602,BaselineECDSA,16,16,16,4,ecdsa-p256,1,0.88672,0.376289,0.427808,0.025517,0.0713,0.00524,0.007494,0.108929,333,145,140,24,24
385,BaselineECDSA-16-20260810-16:20:18-769602,BaselineECDSA,16,16,16,5,ecdsa-p256,1,0.942537,0.355832,0.471007,0.027391,0.061793,0.005089,0.006923,0.107999,333,145,140,24,24
386,BaselineECDSA-16-20260810-16:20:18-769602,BaselineECDSA,16,16,16,6,ecdsa-p256,1,0.916375,0.385337,0.443253,0.025437,0.061312,0.005801,0.015518,0.11468,333,145,140,24,24
387,BaselineECDSA-16-20260810-16:20:18-769602,BaselineECDSA,16,16,16,7,ecdsa-p256,1,0.895899,0.36062,0.452908,0.031227,0.061563,0.00517,0.007213,0.107697,332,144,140,24,24
388,BaselineECDSA-16-20260810-16:20:18-769602,BaselineECDSA,16,16,16,8,ecdsa-p256,1,0.890363,0.462238,0.428288,0.025447,0.08227,0.008375,0.013375,0.13126,332,145,139,24,24
389,BaselineECDSA-16-20260810-16:20:18-769602,BaselineECDSA,16,16,16,9,ecdsa-p256,1,0.938629,0.396025,0.482439,0.038881,0.064257,0.00525,0.007875,0.124788,333,145,140,24,24
390,BaselineECDSA-17-20260810-16:20:18-769602,BaselineECDSA,17,17,17,0,ecdsa-p256,1,0.918151,0.483869,0.44474,0.043199,0.06541,0.008466,0.025096,0.140096,334,146,140,24,24
391,BaselineECDSA-17-20260810-16:20:18-769602,BaselineECDSA,17,17,17,1,ecdsa-p256,1,0.892869,0.365701,0.446166,0.031007,0.062906,0.00523,0.007243,0.109501,333,145,140,24,24
392,BaselineECDSA-17-20260810-16:20:18-769602,BaselineECDSA,17,17,17,2,ecdsa-p256,1,0.868335,0.392941,0.433988,0.025988,0.077011,0.00535,0.008275,0.110373,332,144,140,24,24
393,BaselineECDSA-17-20260810-16:20:18-769602,BaselineECDSA,17,17,17,3,ecdsa-p256,1,0.919656,0.363116,0.44438,0.027982,0.062544,0.007654,0.007093,0.10907,334,145,141,24,24
394,BaselineECDSA-17-20260810-16:20:18-769602,BaselineECDSA,17,17,17,4,ecdsa-p256,1,0.923989,0.435648,0.488047,0.028913,0.07664,0.00545,0.009146,0.132853,334,146,140,24,24
395,BaselineECDSA-17-20260810-16:20:18-769602,BaselineECDSA,17,17,17,5,ecdsa-p256,1,0.925947,0.393221,0.452387,0.031017,0.07074,0.00529,0.008155,0.113678,333,144,141,24,24
396,BaselineECDSA-17-20260810-16:20:18-769602,BaselineECDSA,17,17,17,6,ecdsa-p256,1,0.934435,0.377783,0.450248,0.027891,0.062274,0.005199,0.007324,0.117796,333,145,140,24,24
397,BaselineECDSA-17-20260810-16:20:18-769602,BaselineECDSA,17,17,17,7,ecdsa-p256,1,0.961668,0.35925,0.458474,0.0273,0.062645,0.00516,0.006983,0.10884,332,144,140,24,24
398,BaselineECDSA-17-20260810-16:20:18-769602,BaselineECDSA,17,17,17,8,ecdsa-p256,1,0.903273,0.357315,0.453731,0.025627,0.062624,0.00522,0.006913,0.108619,332,145,139,24,24
399,BaselineECDSA-17-20260810-16:20:18-769602,BaselineECDSA,17,17,17,9,ecdsa-p256,1,0.931122,0.394032,0.433709,0.026989,0.062244,0.008015,0.015649,0.115161,332,144,140,24,24
400,BaselineECDSA-18-20260810-16:20:18-769602,BaselineECDSA,18,18,18,0,ecdsa-p256,1,0.95156,0.36628,0.520925,0.030226,0.061533,0.00534,0.008726,0.109641,333,145,140,24,24
401,BaselineECDSA-18-20260810-16:20:18-769602,BaselineECDSA,18,18,18,1,ecdsa-p256,1,0.889748,0.364558,0.442778,0.025787,0.067794,0.005139,0.007123,0.106255,333,145,140,24,24
402,BaselineECDSA-18-20260810-16:20:18-769602,BaselineECDSA,18,18,18,2,ecdsa-p256,1,0.915795,0.347937,0.44649,0.026098,0.060551,0.00509,0.006903,0.105553,332,145,139,24,24
403,BaselineECDSA-18-20260810-16:20:18-769602,BaselineECDSA,18,18,18,3,ecdsa-p256,1,0.948153,0.34372,0.435558,0.024956,0.059879,0.00501,0.006732,0.105002,333,145,140,24,24
404,BaselineECDSA-18-20260810-16:20:18-769602,BaselineECDSA,18,18,18,4,ecdsa-p256,1,0.927559,0.347256,0.467373,0.026178,0.0602,0.005039,0.006963,0.105393,333,145,140,24,24
405,BaselineECDSA-18-20260810-16:20:18-769602,BaselineECDSA,18,18,18,5,ecdsa-p256,1,0.944621,0.344123,0.483398,0.024925,0.05998,0.00503,0.006703,0.105132,333,145,140,24,24
406,BaselineECDSA-18-20260810-16:20:18-769602,BaselineECDSA,18,18,18,6,ecdsa-p256,1,0.928786,0.357144,0.486187,0.024645,0.060211,0.00534,0.012333,0.105323,332,145,139,24,24
407,BaselineECDSA-18-20260810-16:20:18-769602,BaselineECDSA,18,18,18,7,ecdsa-p256,1,0.928947,0.34402,0.466937,0.024986,0.06012,0.004979,0.006592,0.104933,334,146,140,24,24
408,BaselineECDSA-18-20260810-16:20:18-769602,BaselineECDSA,18,18,18,8,ecdsa-p256,1,0.90496,0.357186,0.472395,0.024595,0.066341,0.005,0.006833,0.105242,335,146,141,24,24
409,BaselineECDSA-18-20260810-16:20:18-769602,BaselineECDSA,18,18,18,9,ecdsa-p256,1,0.923261,0.344481,0.439154,0.025427,0.05999,0.004999,0.006712,0.104923,334,146,140,24,24
410,BaselineECDSA-19-20260810-16:20:18-769602,BaselineECDSA,19,19,19,0,ecdsa-p256,1,0.941407,0.381498,0.478178,0.034123,0.061002,0.007253,0.011801,0.111976,332,145,139,24,24
411,BaselineECDSA-19-20260810-16:20:18-769602,BaselineECDSA,19,19,19,1,ecdsa-p256,1,0.891569,0.372605,0.432604,0.034183,0.061542,0.00521,0.008035,0.11511,333,145,140,24,24
412,BaselineECDSA-19-20260810-16:20:18-769602,BaselineECDSA,19,19,19,2,ecdsa-p256,1,0.914,0.346725,0.432648,0.025747,0.060121,0.005059,0.006762,0.105504,333,145,140,24,24
413,BaselineECDSA-19-20260810-16:20:18-769602,BaselineECDSA,19,19,19,3,ecdsa-p256,1,0.873014,0.35972,0.444628,0.025227,0.06035,0.00508,0.007013,0.112105,333,145,140,24,24
414,BaselineECDSA-19-20260810-16:20:18-769602,BaselineECDSA,19,19,19,4,ecdsa-p256,1,0.87555,0.442721,0.425251,0.025908,0.104271,0.005219,0.007985,0.107858,333,144,141,24,24
415,BaselineECDSA-19-20260810-16:20:18-769602,BaselineECDSA,19,19,19,5,ecdsa-p256,1,0.897083,0.358507,0.463748,0.028803,0.062214,0.005159,0.007584,0.106816,333,145,140,24,24
416,BaselineECDSA-19-20260810-16:20:18-769602,BaselineECDSA,19,19,19,6,ecdsa-p256,1,0.871714,0.350012,0.433654,0.02725,0.061012,0.00503,0.006772,0.105734,333,145,140,24,24
417,BaselineECDSA-19-20260810-16:20:18-769602,BaselineECDSA,19,19,19,7,ecdsa-p256,1,0.957205,0.346945,0.499851,0.025376,0.060561,0.004979,0.006772,0.105713,333,145,140,24,24
418,BaselineECDSA-19-20260810-16:20:18-769602,BaselineECDSA,19,19,19,8,ecdsa-p256,1,0.907199,0.348879,0.470099,0.024866,0.061402,0.00506,0.007133,0.105523,333,145,140,24,24
419,BaselineECDSA-19-20260810-16:20:18-769602,BaselineECDSA,19,19,19,9,ecdsa-p256,1,0.883006,0.347498,0.429797,0.025116,0.060941,0.005058,0.006633,0.105573,332,144,140,24,24
420,BaselineECDSA-2-20260810-16:20:18-769602,BaselineECDSA,2,2,2,0,ecdsa-p256,1,0.921523,0.362645,0.458159,0.029845,0.060591,0.0053,0.009457,0.107628,333,144,141,24,24
421,BaselineECDSA-2-20260810-16:20:18-769602,BaselineECDSA,2,2,2,1,ecdsa-p256,1,0.912311,0.353569,0.453463,0.029304,0.059579,0.005069,0.007214,0.10895,334,145,141,24,24
422,BaselineECDSA-2-20260810-16:20:18-769602,BaselineECDSA,2,2,2,2,ecdsa-p256,1,0.910133,0.449493,0.461999,0.026127,0.06591,0.00516,0.008285,0.149042,333,145,140,24,24
423,BaselineECDSA-2-20260810-16:20:18-769602,BaselineECDSA,2,2,2,3,ecdsa-p256,1,0.901998,0.361836,0.427867,0.028673,0.063035,0.00522,0.008525,0.106614,333,145,140,24,24
424,BaselineECDSA-2-20260810-16:20:18-769602,BaselineECDSA,2,2,2,4,ecdsa-p256,1,0.903697,0.345974,0.449238,0.026969,0.060741,0.004959,0.006773,0.10377,333,145,140,24,24
425,BaselineECDSA-2-20260810-16:20:18-769602,BaselineECDSA,2,2,2,5,ecdsa-p256,1,0.940152,0.364006,0.441596,0.029684,0.063346,0.004959,0.006973,0.110432,332,145,139,24,24
426,BaselineECDSA-2-20260810-16:20:18-769602,BaselineECDSA,2,2,2,6,ecdsa-p256,1,0.889352,0.350683,0.443783,0.025316,0.058928,0.005209,0.007073,0.108219,331,144,139,24,24
427,BaselineECDSA-2-20260810-16:20:18-769602,BaselineECDSA,2,2,2,7,ecdsa-p256,1,0.928482,0.360853,0.45131,0.033241,0.061302,0.00503,0.007935,0.107567,334,146,140,24,24
428,BaselineECDSA-2-20260810-16:20:18-769602,BaselineECDSA,2,2,2,8,ecdsa-p256,1,0.937456,0.347476,0.466361,0.026018,0.060771,0.005039,0.007443,0.104041,330,144,138,24,24
429,BaselineECDSA-2-20260810-16:20:18-769602,BaselineECDSA,2,2,2,9,ecdsa-p256,1,0.891609,0.342968,0.444275,0.025567,0.059749,0.005009,0.006923,0.103731,334,145,141,24,24
430,BaselineECDSA-20-20260810-16:20:18-769602,BaselineECDSA,20,20,20,0,ecdsa-p256,1,0.938204,0.365381,0.487737,0.030246,0.061172,0.00531,0.009297,0.108809,332,144,140,24,24
431,BaselineECDSA-20-20260810-16:20:18-769602,BaselineECDSA,20,20,20,1,ecdsa-p256,1,0.910116,0.349449,0.466571,0.025977,0.060881,0.005129,0.007193,0.105454,331,144,139,24,24
432,BaselineECDSA-20-20260810-16:20:18-769602,BaselineECDSA,20,20,20,2,ecdsa-p256,1,0.921273,0.345614,0.463038,0.025196,0.06009,0.005049,0.006902,0.105283,333,144,141,24,24
433,BaselineECDSA-20-20260810-16:20:18-769602,BaselineECDSA,20,20,20,3,ecdsa-p256,1,0.935036,0.390176,0.450406,0.024936,0.08182,0.005079,0.007133,0.105715,332,145,139,24,24
434,BaselineECDSA-20-20260810-16:20:18-769602,BaselineECDSA,20,20,20,4,ecdsa-p256,1,0.903863,0.346644,0.453828,0.025978,0.060221,0.00503,0.006993,0.105263,334,145,141,24,24
435,BaselineECDSA-20-20260810-16:20:18-769602,BaselineECDSA,20,20,20,5,ecdsa-p256,1,0.978395,0.34367,0.49015,0.024935,0.05997,0.004989,0.006732,0.104872,333,146,139,24,24
436,BaselineECDSA-20-20260810-16:20:18-769602,BaselineECDSA,20,20,20,6,ecdsa-p256,1,0.913418,0.346607,0.452931,0.025818,0.06007,0.00501,0.006703,0.106335,335,146,141,24,24
437,BaselineECDSA-20-20260810-16:20:18-769602,BaselineECDSA,20,20,20,7,ecdsa-p256,1,0.899447,0.343872,0.459251,0.024735,0.060631,0.004979,0.006673,0.104432,334,145,141,24,24
438,BaselineECDSA-20-20260810-16:20:18-769602,BaselineECDSA,20,20,20,8,ecdsa-p256,1,0.893343,0.343079,0.443265,0.024595,0.05974,0.005029,0.007003,0.104372,332,144,140,24,24
439,BaselineECDSA-20-20260810-16:20:18-769602,BaselineECDSA,20,20,20,9,ecdsa-p256,1,0.943026,0.34338,0.475897,0.024785,0.06031,0.00497,0.006642,0.104272,333,145,140,24,24
440,BaselineECDSA-21-20260810-16:20:18-769602,BaselineECDSA,21,21,21,0,ecdsa-p256,1,0.915227,0.359138,0.476848,0.029484,0.05995,0.00534,0.008776,0.107436,333,145,140,24,24
441,BaselineECDSA-21-20260810-16:20:18-769602,BaselineECDSA,21,21,21,1,ecdsa-p256,1,0.968515,0.347868,0.501252,0.025506,0.059459,0.005,0.006953,0.106505,332,144,140,24,24
442,BaselineECDSA-21-20260810-16:20:18-769602,BaselineECDSA,21,21,21,2,ecdsa-p256,1,0.94559,0.341476,0.504318,0.024875,0.05987,0.004969,0.006672,0.10372,334,146,140,24,24
443,BaselineECDSA-21-20260810-16:20:18-769602,BaselineECDSA,21,21,21,3,ecdsa-p256,1,0.863686,0.35447,0.43215,0.024826,0.065671,0.004999,0.006913,0.104151,332,145,139,24,24
444,BaselineECDSA-21-20260810-16:20:18-769602,BaselineECDSA,21,21,21,4,ecdsa-p256,1,0.918297,0.341776,0.470497,0.025617,0.059869,0.004909,0.006602,0.1035,332,145,139,24,24
445,BaselineECDSA-21-20260810-16:20:18-769602,BaselineECDSA,21,21,21,5,ecdsa-p256,1,0.871772,0.520956,0.438178,0.024765,0.07608,0.007173,0.014076,0.166445,333,145,140,24,24
446,BaselineECDSA-21-20260810-16:20:18-769602,BaselineECDSA,21,21,21,6,ecdsa-p256,1,0.896168,0.355081,0.442959,0.031017,0.060301,0.005069,0.007554,0.105663,334,146,140,24,24
447,BaselineECDSA-21-20260810-16:20:18-769602,BaselineECDSA,21,21,21,7,ecdsa-p256,1,0.898147,0.341907,0.442338,0.024865,0.06001,0.004979,0.006692,0.103559,331,144,139,24,24
448,BaselineECDSA-21-20260810-16:20:18-769602,BaselineECDSA,21,21,21,8,ecdsa-p256,1,0.89984,0.340485,0.435023,0.025486,0.059068,0.004999,0.006743,0.10354,331,144,139,24,24
449,BaselineECDSA-21-20260810-16:20:18-769602,BaselineECDSA,21,21,21,9,ecdsa-p256,1,0.873223,0.339073,0.436275,0.024455,0.059369,0.004869,0.006602,0.10329,330,144,138,24,24
450,BaselineECDSA-22-20260810-16:20:18-769602,BaselineECDSA,22,22,22,0,ecdsa-p256,1,0.905046,0.377783,0.433179,0.034023,0.061433,0.005509,0.01079,0.111214,332,145,139,24,24
451,BaselineECDSA-22-20260810-16:20:18-769602,BaselineECDSA,22,22,22,1,ecdsa-p256,1,0.907809,0.357265,0.463062,0.027361,0.06023,0.00506,0.007474,0.112667,334,146,140,24,24
452,BaselineECDSA-22-20260810-16:20:18-769602,BaselineECDSA,22,22,22,2,ecdsa-p256,1,0.913888,0.437372,0.469818,0.025186,0.075899,0.008044,0.013054,0.125599,334,146,140,24,24
453,BaselineECDSA-22-20260810-16:20:18-769602,BaselineECDSA,22,22,22,3,ecdsa-p256,1,0.905572,0.385124,0.468293,0.031959,0.061082,0.005139,0.007964,0.13153,333,145,140,24,24
454,BaselineECDSA-22-20260810-16:20:18-769602,BaselineECDSA,22,22,22,4,ecdsa-p256,1,0.899866,0.351275,0.434131,0.025577,0.061463,0.005179,0.006993,0.106335,334,145,141,24,24
455,BaselineECDSA-22-20260810-16:20:18-769602,BaselineECDSA,22,22,22,5,ecdsa-p256,1,0.891378,0.393291,0.441334,0.025537,0.061002,0.005049,0.007614,0.127473,334,145,141,24,24
456,BaselineECDSA-22-20260810-16:20:18-769602,BaselineECDSA,22,22,22,6,ecdsa-p256,1,0.915471,0.351052,0.477513,0.026268,0.061072,0.005098,0.006982,0.106445,333,146,139,24,24
457,BaselineECDSA-22-20260810-16:20:18-769602,BaselineECDSA,22,22,22,7,ecdsa-p256,1,0.919434,0.383092,0.445991,0.025737,0.068195,0.00529,0.007514,0.115071,333,145,140,24,24
458,BaselineECDSA-22-20260810-16:20:18-769602,BaselineECDSA,22,22,22,8,ecdsa-p256,1,0.901366,0.370098,0.464621,0.030796,0.062555,0.00516,0.007324,0.111875,333,145,140,24,24
459,BaselineECDSA-22-20260810-16:20:18-769602,BaselineECDSA,22,22,22,9,ecdsa-p256,1,0.88695,0.389425,0.435497,0.026379,0.067844,0.0054,0.007563,0.118137,335,146,141,24,24
460,BaselineECDSA-23-20260810-16:20:18-769602,BaselineECDSA,23,23,23,0,ecdsa-p256,1,0.917076,0.400435,0.46454,0.037458,0.063897,0.005809,0.012072,0.117476,331,144,139,24,24
461,BaselineECDSA-23-20260810-16:20:18-769602,BaselineECDSA,23,23,23,1,ecdsa-p256,1,0.921604,0.374525,0.459078,0.028562,0.063276,0.00546,0.007815,0.117534,332,145,139,24,24
462,BaselineECDSA-23-20260810-16:20:18-769602,BaselineECDSA,23,23,23,2,ecdsa-p256,1,0.900982,0.367645,0.447593,0.030015,0.063416,0.00519,0.007254,0.111284,331,144,139,24,24
463,BaselineECDSA-23-20260810-16:20:18-769602,BaselineECDSA,23,23,23,3,ecdsa-p256,1,0.890149,0.362536,0.453437,0.026319,0.063407,0.00528,0.007815,0.10936,332,143,141,24,24
464,BaselineECDSA-23-20260810-16:20:18-769602,BaselineECDSA,23,23,23,4,ecdsa-p256,1,0.959679,0.451035,0.462524,0.034664,0.088111,0.00538,0.009197,0.134287,332,144,140,24,24
465,BaselineECDSA-23-20260810-16:20:18-769602,BaselineECDSA,23,23,23,5,ecdsa-p256,1,0.942033,0.368005,0.43754,0.027581,0.063407,0.00537,0.008115,0.110993,334,146,140,24,24
466,BaselineECDSA-23-20260810-16:20:18-769602,BaselineECDSA,23,23,23,6,ecdsa-p256,1,0.908991,0.359672,0.46564,0.026649,0.062675,0.005229,0.006973,0.109371,334,145,141,24,24
467,BaselineECDSA-23-20260810-16:20:18-769602,BaselineECDSA,23,23,23,7,ecdsa-p256,1,0.862595,0.378644,0.427636,0.026098,0.071251,0.005279,0.007454,0.110083,333,146,139,24,24
468,BaselineECDSA-23-20260810-16:20:18-769602,BaselineECDSA,23,23,23,8,ecdsa-p256,1,0.914258,0.360191,0.431059,0.02692,0.062675,0.005159,0.007214,0.10939,332,144,140,24,24
469,BaselineECDSA-23-20260810-16:20:18-769602,BaselineECDSA,23,23,23,9,ecdsa-p256,1,0.901882,0.372343,0.451556,0.025757,0.062545,0.005189,0.007474,0.115651,333,145,140,24,24
470,BaselineECDSA-24-20260810-16:20:18-769602,BaselineECDSA,24,24,24,0,ecdsa-p256,1,0.887629,0.374406,0.453124,0.031999,0.062074,0.005439,0.009247,0.111774,334,146,140,24,24
471,BaselineECDSA-24-20260810-16:20:18-769602,BaselineECDSA,24,24,24,1,ecdsa-p256,1,0.920757,0.353978,0.466937,0.026438,0.061392,0.005109,0.007283,0.107388,333,145,140,24,24
472,BaselineECDSA-24-20260810-16:20:18-769602,BaselineECDSA,24,24,24,2,ecdsa-p256,1,0.91117,0.35995,0.43753,0.03245,0.061433,0.00517,0.007283,0.107236,335,146,141,24,24
473,BaselineECDSA-24-20260810-16:20:18-769602,BaselineECDSA,24,24,24,3,ecdsa-p256,1,0.910802,0.351756,0.444376,0.025647,0.061383,0.005139,0.006892,0.107196,334,146,140,24,24
474,BaselineECDSA-24-20260810-16:20:18-769602,BaselineECDSA,24,24,24,4,ecdsa-p256,1,0.892916,0.354179,0.450605,0.025266,0.062104,0.005118,0.007093,0.107566,333,146,139,24,24
475,BaselineECDSA-24-20260810-16:20:18-769602,BaselineECDSA,24,24,24,5,ecdsa-p256,1,0.910269,0.351956,0.444702,0.025928,0.061302,0.00511,0.006802,0.107316,331,144,139,24,24
476,BaselineECDSA-24-20260810-16:20:18-769602,BaselineECDSA,24,24,24,6,ecdsa-p256,1,0.902547,0.365299,0.463544,0.025456,0.061854,0.0052,0.007293,0.113046,334,145,141,24,24
477,BaselineECDSA-24-20260810-16:20:18-769602,BaselineECDSA,24,24,24,7,ecdsa-p256,1,0.965309,0.353116,0.463188,0.026278,0.061382,0.005119,0.007063,0.107357,334,145,141,24,24
478,BaselineECDSA-24-20260810-16:20:18-769602,BaselineECDSA,24,24,24,8,ecdsa-p256,1,0.897801,0.351377,0.437678,0.025607,0.061292,0.005389,0.006853,0.106865,333,144,141,24,24
479,BaselineECDSA-24-20260810-16:20:18-769602,BaselineECDSA,24,24,24,9,ecdsa-p256,1,0.896241,0.353389,0.430333,0.026118,0.061533,0.005088,0.006923,0.107457,334,145,141,24,24
480,BaselineECDSA-25-20260810-16:20:18-769602,BaselineECDSA,25,25,25,0,ecdsa-p256,1,0.898449,0.367773,0.435916,0.030556,0.061272,0.00536,0.009187,0.109921,332,144,140,24,24
481,BaselineECDSA-25-20260810-16:20:18-769602,BaselineECDSA,25,25,25,1,ecdsa-p256,1,0.912599,0.421934,0.477334,0.025908,0.069227,0.00552,0.012283,0.127573,334,145,141,24,24
482,BaselineECDSA-25-20260810-16:20:18-769602,BaselineECDSA,25,25,25,2,ecdsa-p256,1,0.992514,0.368516,0.520465,0.031658,0.060922,0.005149,0.007654,0.116494,335,146,141,24,24
483,BaselineECDSA-25-20260810-16:20:18-769602,BaselineECDSA,25,25,25,3,ecdsa-p256,1,0.878591,0.347927,0.439487,0.025577,0.060712,0.005059,0.006852,0.105623,332,145,139,24,24
484,BaselineECDSA-25-20260810-16:20:18-769602,BaselineECDSA,25,25,25,4,ecdsa-p256,1,0.875183,0.348077,0.433536,0.025036,0.060792,0.005089,0.007033,0.105843,332,144,140,24,24
485,BaselineECDSA-25-20260810-16:20:18-769602,BaselineECDSA,25,25,25,5,ecdsa-p256,1,0.915142,0.400886,0.445015,0.035996,0.061193,0.005099,0.007564,0.144274,332,144,140,24,24
486,BaselineECDSA-25-20260810-16:20:18-769602,BaselineECDSA,25,25,25,6,ecdsa-p256,1,0.880808,0.347487,0.440057,0.025216,0.060952,0.00499,0.006973,0.105314,335,146,141,24,24
487,BaselineECDSA-25-20260810-16:20:18-769602,BaselineECDSA,25,25,25,7,ecdsa-p256,1,0.888829,0.362745,0.429769,0.025236,0.064899,0.00505,0.007043,0.108819,334,145,141,24,24
488,BaselineECDSA-25-20260810-16:20:18-769602,BaselineECDSA,25,25,25,8,ecdsa-p256,1,0.926209,0.379093,0.451791,0.030305,0.061262,0.005109,0.007383,0.117175,334,145,141,24,24
489,BaselineECDSA-25-20260810-16:20:18-769602,BaselineECDSA,25,25,25,9,ecdsa-p256,1,0.895913,0.351706,0.435999,0.026879,0.061162,0.00504,0.007033,0.106215,333,145,140,24,24
490,BaselineECDSA-26-20260810-16:20:18-769602,BaselineECDSA,26,26,26,0,ecdsa-p256,1,0.923964,0.409972,0.451238,0.038952,0.069107,0.005641,0.013425,0.114931,335,146,141,24,24
491,BaselineECDSA-26-20260810-16:20:18-769602,BaselineECDSA,26,26,26,1,ecdsa-p256,1,0.933414,0.355131,0.473819,0.02733,0.061202,0.005149,0.007754,0.107007,332,145,139,24,24
492,BaselineECDSA-26-20260810-16:20:18-769602,BaselineECDSA,26,26,26,2,ecdsa-p256,1,0.894785,0.353386,0.441004,0.025327,0.061453,0.00515,0.007303,0.107437,332,145,139,24,24
493,BaselineECDSA-26-20260810-16:20:18-769602,BaselineECDSA,26,26,26,3,ecdsa-p256,1,0.895752,0.353508,0.439425,0.026669,0.061482,0.00513,0.007123,0.107236,332,145,139,24,24
494,BaselineECDSA-26-20260810-16:20:18-769602,BaselineECDSA,26,26,26,4,ecdsa-p256,1,0.910789,0.352297,0.462927,0.025426,0.061723,0.00509,0.007023,0.107127,332,145,139,24,24
495,BaselineECDSA-26-20260810-16:20:18-769602,BaselineECDSA,26,26,26,5,ecdsa-p256,1,0.912164,0.377952,0.454772,0.033712,0.061423,0.00519,0.007534,0.115482,333,146,139,24,24
496,BaselineECDSA-26-20260810-16:20:18-769602,BaselineECDSA,26,26,26,6,ecdsa-p256,1,0.904682,0.353249,0.448562,0.026228,0.061513,0.00513,0.006963,0.107337,334,146,140,24,24
497,BaselineECDSA-26-20260810-16:20:18-769602,BaselineECDSA,26,26,26,7,ecdsa-p256,1,0.907293,0.354281,0.470058,0.025296,0.061993,0.005159,0.007173,0.107626,335,146,141,24,24
498,BaselineECDSA-26-20260810-16:20:18-769602,BaselineECDSA,26,26,26,8,ecdsa-p256,1,0.869347,0.353358,0.42878,0.025407,0.062184,0.00513,0.006832,0.107277,334,145,141,24,24
499,BaselineECDSA-26-20260810-16:20:18-769602,BaselineECDSA,26,26,26,9,ecdsa-p256,1,0.900971,0.368106,0.422588,0.025477,0.061463,0.00514,0.007223,0.114951,332,145,139,24,24
500,BaselineECDSA-27-20260810-16:20:18-769602,BaselineECDSA,27,27,27,0,ecdsa-p256,1,0.896189,0.379997,0.441634,0.033151,0.062795,0.005431,0.010299,0.112586,333,145,140,24,24
501,BaselineECDSA-27-20260810-16:20:18-769602,BaselineECDSA,27,27,27,1,ecdsa-p256,1,0.932167,0.417094,0.455522,0.026379,0.064758,0.007344,0.013385,0.126892,333,145,140,24,24
502,BaselineECDSA-27-20260810-16:20:18-769602,BaselineECDSA,27,27,27,2,ecdsa-p256,1,0.877331,0.365631,0.428265,0.032579,0.062234,0.00529,0.007764,0.108229,333,145,140,24,24
503,BaselineECDSA-27-20260810-16:20:18-769602,BaselineECDSA,27,27,27,3,ecdsa-p256,1,0.937745,0.352606,0.444962,0.025928,0.061333,0.005079,0.007164,0.107085,332,144,140,24,24
504,BaselineECDSA-27-20260810-16:20:18-769602,BaselineECDSA,27,27,27,4,ecdsa-p256,1,0.940678,0.466335,0.456623,0.025366,0.107597,0.00533,0.008435,0.116364,332,145,139,24,24
505,BaselineECDSA-27-20260810-16:20:18-769602,BaselineECDSA,27,27,27,5,ecdsa-p256,1,0.863455,0.357155,0.426874,0.029184,0.061393,0.00519,0.007143,0.107717,333,145,140,24,24
506,BaselineECDSA-27-20260810-16:20:18-769602,BaselineECDSA,27,27,27,6,ecdsa-p256,1,0.941602,0.367364,0.477629,0.025216,0.061493,0.005119,0.007194,0.11468,335,146,141,24,24
507,BaselineECDSA-27-20260810-16:20:18-769602,BaselineECDSA,27,27,27,7,ecdsa-p256,1,0.942815,0.38165,0.446531,0.030987,0.066142,0.005109,0.007233,0.114299,334,145,141,24,24
508,BaselineECDSA-27-20260810-16:20:18-769602,BaselineECDSA,27,27,27,8,ecdsa-p256,1,0.932034,0.374856,0.439914,0.029213,0.066362,0.00524,0.007434,0.114229,335,146,141,24,24
509,BaselineECDSA-27-20260810-16:20:18-769602,BaselineECDSA,27,27,27,9,ecdsa-p256,1,0.885882,0.405513,0.445261,0.031438,0.07688,0.00546,0.009557,0.111755,332,144,140,24,24
510,BaselineECDSA-28-20260810-16:20:18-769602,BaselineECDSA,28,28,28,0,ecdsa-p256,1,0.896258,0.413897,0.448536,0.04362,0.063767,0.005769,0.013525,0.119388,331,144,139,24,24
511,BaselineECDSA-28-20260810-16:20:18-769602,BaselineECDSA,28,28,28,1,ecdsa-p256,1,0.92708,0.395406,0.474035,0.029153,0.070649,0.0053,0.009197,0.11976,334,145,141,24,24
512,BaselineECDSA-28-20260810-16:20:18-769602,BaselineECDSA,28,28,28,2,ecdsa-p256,1,0.934354,0.363196,0.453151,0.026889,0.063316,0.00523,0.007694,0.109611,335,146,141,24,24
513,BaselineECDSA-28-20260810-16:20:18-769602,BaselineECDSA,28,28,28,3,ecdsa-p256,1,0.929638,0.363016,0.454892,0.026488,0.062976,0.005359,0.008125,0.109691,333,146,139,24,24
514,BaselineECDSA-28-20260810-16:20:18-769602,BaselineECDSA,28,28,28,4,ecdsa-p256,1,0.897359,0.360309,0.452939,0.026068,0.062846,0.005189,0.007273,0.10959,332,144,140,24,24
515,BaselineECDSA-28-20260810-16:20:18-769602,BaselineECDSA,28,28,28,5,ecdsa-p256,1,0.923719,0.367063,0.450887,0.025857,0.064839,0.00539,0.007975,0.110122,333,145,140,24,24
516,BaselineECDSA-28-20260810-16:20:18-769602,BaselineECDSA,28,28,28,6,ecdsa-p256,1,0.945262,0.360459,0.48763,0.026428,0.062825,0.00529,0.007153,0.10955,334,145,141,24,24
517,BaselineECDSA-28-20260810-16:20:18-769602,BaselineECDSA,28,28,28,7,ecdsa-p256,1,0.889309,0.377932,0.438964,0.026058,0.062755,0.00534,0.007834,0.117766,333,145,140,24,24
518,BaselineECDSA-28-20260810-16:20:18-769602,BaselineECDSA,28,28,28,8,ecdsa-p256,1,0.926941,0.380279,0.455234,0.02756,0.063036,0.00533,0.007984,0.117736,334,146,140,24,24
519,BaselineECDSA-28-20260810-16:20:18-769602,BaselineECDSA,28,28,28,9,ecdsa-p256,1,0.915983,0.360942,0.448546,0.028141,0.062645,0.00519,0.007093,0.109161,333,145,140,24,24
520,BaselineECDSA-29-20260810-16:20:18-769602,BaselineECDSA,29,29,29,0,ecdsa-p256,1,0.930888,0.3772,0.48695,0.031418,0.062405,0.007795,0.009507,0.111665,335,146,141,24,24
521,BaselineECDSA-29-20260810-16:20:18-769602,BaselineECDSA,29,29,29,1,ecdsa-p256,1,0.902579,0.435779,0.44081,0.031117,0.084866,0.005711,0.013004,0.116874,335,146,141,24,24
522,BaselineECDSA-29-20260810-16:20:18-769602,BaselineECDSA,29,29,29,2,ecdsa-p256,1,0.927622,0.382651,0.43858,0.030005,0.071862,0.005179,0.007473,0.109291,333,145,140,24,24
523,BaselineECDSA-29-20260810-16:20:18-769602,BaselineECDSA,29,29,29,3,ecdsa-p256,1,0.895362,0.502552,0.445195,0.031277,0.094323,0.007735,0.013375,0.13686,334,146,140,24,24
524,BaselineECDSA-29-20260810-16:20:18-769602,BaselineECDSA,29,29,29,4,ecdsa-p256,1,0.906635,0.369989,0.43104,0.030105,0.062445,0.007403,0.007294,0.113838,335,146,141,24,24
525,BaselineECDSA-29-20260810-16:20:18-769602,BaselineECDSA,29,29,29,5,ecdsa-p256,1,0.904295,0.406735,0.456849,0.042718,0.062755,0.007163,0.007864,0.135348,332,145,139,24,24
526,BaselineECDSA-29-20260810-16:20:18-769602,BaselineECDSA,29,29,29,6,ecdsa-p256,1,0.927893,0.38135,0.483737,0.027961,0.062705,0.009427,0.0113,0.112997,332,144,140,24,24
527,BaselineECDSA-29-20260810-16:20:18-769602,BaselineECDSA,29,29,29,7,ecdsa-p256,1,0.94872,0.391718,0.468265,0.03258,0.064158,0.00533,0.007865,0.127593,334,146,140,24,24
528,BaselineECDSA-29-20260810-16:20:18-769602,BaselineECDSA,29,29,29,8,ecdsa-p256,1,0.88506,0.380878,0.440571,0.031718,0.063747,0.006422,0.010259,0.113287,334,145,141,24,24
529,BaselineECDSA-29-20260810-16:20:18-769602,BaselineECDSA,29,29,29,9,ecdsa-p256,1,0.892641,0.38668,0.445452,0.028312,0.072774,0.005561,0.007644,0.110673,333,145,140,24,24
530,BaselineECDSA-3-20260810-16:20:18-769602,BaselineECDSA,3,3,3,0,ecdsa-p256,1,0.915678,0.423957,0.449648,0.036227,0.061593,0.00542,0.011671,0.132212,333,145,140,24,24
531,BaselineECDSA-3-20260810-16:20:18-769602,BaselineECDSA,3,3,3,1,ecdsa-p256,1,0.941153,0.34921,0.448898,0.026959,0.060201,0.005099,0.007042,0.105453,333,145,140,24,24
532,BaselineECDSA-3-20260810-16:20:18-769602,BaselineECDSA,3,3,3,2,ecdsa-p256,1,0.904897,0.347857,0.447186,0.025116,0.060571,0.005129,0.007213,0.105404,333,144,141,24,24
533,BaselineECDSA-3-20260810-16:20:18-769602,BaselineECDSA,3,3,3,3,ecdsa-p256,1,0.90662,0.498825,0.436456,0.026619,0.084976,0.007464,0.027791,0.132222,334,145,141,24,24
534,BaselineECDSA-3-20260810-16:20:18-769602,BaselineECDSA,3,3,3,4,ecdsa-p256,1,0.923461,0.359639,0.439409,0.030486,0.061142,0.007022,0.007213,0.107156,334,145,141,24,24
535,BaselineECDSA-3-20260810-16:20:18-769602,BaselineECDSA,3,3,3,5,ecdsa-p256,1,0.909849,0.378545,0.432216,0.035134,0.061032,0.005149,0.007414,0.122755,334,146,140,24,24
536,BaselineECDSA-3-20260810-16:20:18-769602,BaselineECDSA,3,3,3,6,ecdsa-p256,1,0.879253,0.358657,0.427633,0.025307,0.060982,0.015709,0.006842,0.105624,334,146,140,24,24
537,BaselineECDSA-3-20260810-16:20:18-769602,BaselineECDSA,3,3,3,7,ecdsa-p256,1,0.923075,0.383372,0.466023,0.036177,0.061292,0.00519,0.007614,0.123727,333,145,140,24,24
538,BaselineECDSA-3-20260810-16:20:18-769602,BaselineECDSA,3,3,3,8,ecdsa-p256,1,0.898195,0.382873,0.441549,0.025577,0.061292,0.00517,0.007274,0.122313,333,145,140,24,24
539,BaselineECDSA-3-20260810-16:20:18-769602,BaselineECDSA,3,3,3,9,ecdsa-p256,1,0.911144,0.39294,0.464214,0.036386,0.072463,0.00535,0.008285,0.108629,333,145,140,24,24
540,BaselineECDSA-4-20260810-16:20:18-769602,BaselineECDSA,4,4,4,0,ecdsa-p256,1,0.902188,0.415492,0.446003,0.037769,0.062725,0.00572,0.011882,0.12581,332,145,139,24,24
541,BaselineECDSA-4-20260810-16:20:18-769602,BaselineECDSA,4,4,4,1,ecdsa-p256,1,0.877146,0.431361,0.440973,0.0331,0.071842,0.005631,0.010459,0.129157,333,145,140,24,24
542,BaselineECDSA-4-20260810-16:20:18-769602,BaselineECDSA,4,4,4,2,ecdsa-p256,1,0.917368,0.406476,0.459949,0.031668,0.072223,0.005439,0.008465,0.117735,332,144,140,24,24
543,BaselineECDSA-4-20260810-16:20:18-769602,BaselineECDSA,4,4,4,3,ecdsa-p256,1,0.931387,0.378393,0.450978,0.033872,0.067874,0.005249,0.007434,0.109331,333,146,139,24,24
544,BaselineECDSA-4-20260810-16:20:18-769602,BaselineECDSA,4,4,4,4,ecdsa-p256,1,0.923832,0.390287,0.451711,0.026849,0.069397,0.00533,0.008065,0.116403,333,146,139,24,24
545,BaselineECDSA-4-20260810-16:20:18-769602,BaselineECDSA,4,4,4,5,ecdsa-p256,1,0.912508,0.373324,0.434419,0.029264,0.062284,0.00538,0.007434,0.114721,333,146,139,24,24
546,BaselineECDSA-4-20260810-16:20:18-769602,BaselineECDSA,4,4,4,6,ecdsa-p256,1,0.887924,0.416633,0.4407,0.031818,0.063466,0.008256,0.013114,0.12587,335,146,141,24,24
547,BaselineECDSA-4-20260810-16:20:18-769602,BaselineECDSA,4,4,4,7,ecdsa-p256,1,0.882661,0.487161,0.436551,0.037238,0.08183,0.007564,0.013835,0.143073,335,146,141,24,24
548,BaselineECDSA-4-20260810-16:20:18-769602,BaselineECDSA,4,4,4,8,ecdsa-p256,1,0.897884,0.410142,0.443913,0.032229,0.070239,0.00538,0.008626,0.122194,335,146,141,24,24
549,BaselineECDSA-4-20260810-16:20:18-769602,BaselineECDSA,4,4,4,9,ecdsa-p256,1,0.920379,0.37071,0.42699,0.030416,0.063887,0.007383,0.007183,0.110142,333,145,140,24,24
550,BaselineECDSA-5-20260810-16:20:18-769602,BaselineECDSA,5,5,5,0,ecdsa-p256,1,0.886229,0.628011,0.43556,0.055622,0.092098,0.010078,0.022912,0.194306,334,145,141,24,24
551,BaselineECDSA-5-20260810-16:20:18-769602,BaselineECDSA,5,5,5,1,ecdsa-p256,1,0.88432,0.588089,0.44659,0.038271,0.102918,0.009988,0.013265,0.179719,334,146,140,24,24
552,BaselineECDSA-5-20260810-16:20:18-769602,BaselineECDSA,5,5,5,2,ecdsa-p256,1,0.947719,0.571979,0.444879,0.03839,0.093852,0.010069,0.012704,0.181213,335,146,141,24,24
553,BaselineECDSA-5-20260810-16:20:18-769602,BaselineECDSA,5,5,5,3,ecdsa-p256,1,0.9368,0.578932,0.455431,0.042057,0.09272,0.009908,0.012934,0.18515,333,145,140,24,24
554,BaselineECDSA-5-20260810-16:20:18-769602,BaselineECDSA,5,5,5,4,ecdsa-p256,1,0.928825,0.414763,0.467261,0.038621,0.06542,0.005511,0.008305,0.139886,334,146,140,24,24
555,BaselineECDSA-5-20260810-16:20:18-769602,BaselineECDSA,5,5,5,5,ecdsa-p256,1,0.89463,0.368786,0.442981,0.02733,0.064548,0.00536,0.007394,0.111523,332,144,140,24,24
556,BaselineECDSA-5-20260810-16:20:18-769602,BaselineECDSA,5,5,5,6,ecdsa-p256,1,0.870927,0.437251,0.42706,0.02719,0.075769,0.00565,0.009448,0.131931,332,144,140,24,24
557,BaselineECDSA-5-20260810-16:20:18-769602,BaselineECDSA,5,5,5,7,ecdsa-p256,1,0.930639,0.374505,0.468568,0.031638,0.065169,0.00541,0.007113,0.111755,334,145,141,24,24
558,BaselineECDSA-5-20260810-16:20:18-769602,BaselineECDSA,5,5,5,8,ecdsa-p256,1,0.90525,0.378303,0.444512,0.02702,0.066822,0.00544,0.008295,0.112997,333,145,140,24,24
559,BaselineECDSA-5-20260810-16:20:18-769602,BaselineECDSA,5,5,5,9,ecdsa-p256,1,0.904742,0.390957,0.445474,0.028332,0.065249,0.00549,0.007403,0.121183,331,144,139,24,24
560,BaselineECDSA-6-20260810-16:20:18-769602,BaselineECDSA,6,6,6,0,ecdsa-p256,1,0.928741,0.438704,0.471139,0.042698,0.072282,0.005861,0.013906,0.124999,333,145,140,24,24
561,BaselineECDSA-6-20260810-16:20:18-769602,BaselineECDSA,6,6,6,1,ecdsa-p256,1,0.876758,0.392637,0.422217,0.029745,0.064297,0.005509,0.008185,0.121323,332,145,139,24,24
562,BaselineECDSA-6-20260810-16:20:18-769602,BaselineECDSA,6,6,6,2,ecdsa-p256,1,0.897741,0.371832,0.44524,0.028613,0.064298,0.005379,0.007403,0.112636,335,146,141,24,24
563,BaselineECDSA-6-20260810-16:20:18-769602,BaselineECDSA,6,6,6,3,ecdsa-p256,1,0.874275,0.370519,0.444748,0.026949,0.06519,0.00535,0.007294,0.112356,331,144,139,24,24
564,BaselineECDSA-6-20260810-16:20:18-769602,BaselineECDSA,6,6,6,4,ecdsa-p256,1,0.918366,0.371331,0.461548,0.028903,0.064478,0.005339,0.007253,0.112386,331,144,139,24,24
565,BaselineECDSA-6-20260810-16:20:18-769602,BaselineECDSA,6,6,6,5,ecdsa-p256,1,0.895752,0.372082,0.462012,0.02721,0.06527,0.00532,0.007394,0.112816,333,144,141,24,24
566,BaselineECDSA-6-20260810-16:20:18-769602,BaselineECDSA,6,6,6,6,ecdsa-p256,1,0.944712,0.382621,0.459896,0.028422,0.064929,0.0054,0.007444,0.122354,331,145,138,24,24
567,BaselineECDSA-6-20260810-16:20:18-769602,BaselineECDSA,6,6,6,7,ecdsa-p256,1,0.938436,0.374255,0.485083,0.026759,0.066011,0.00543,0.007644,0.112817,335,146,141,24,24
568,BaselineECDSA-6-20260810-16:20:18-769602,BaselineECDSA,6,6,6,8,ecdsa-p256,1,0.920167,0.41399,0.436536,0.02708,0.085046,0.005461,0.007664,0.113508,334,145,141,24,24
569,BaselineECDSA-6-20260810-16:20:18-769602,BaselineECDSA,6,6,6,9,ecdsa-p256,1,0.938453,0.368746,0.455378,0.027901,0.064128,0.00528,0.007143,0.111844,334,146,140,24,24
570,BaselineECDSA-7-20260810-16:20:18-769602,BaselineECDSA,7,7,7,0,ecdsa-p256,1,0.881766,0.38175,0.434743,0.031608,0.063837,0.005641,0.009307,0.1141,333,145,140,24,24
571,BaselineECDSA-7-20260810-16:20:18-769602,BaselineECDSA,7,7,7,1,ecdsa-p256,1,0.900391,0.387721,0.447516,0.027079,0.063686,0.017051,0.007133,0.110191,333,145,140,24,24
572,BaselineECDSA-7-20260810-16:20:18-769602,BaselineECDSA,7,7,7,2,ecdsa-p256,1,0.895475,0.365369,0.449546,0.02734,0.063667,0.00529,0.007524,0.110322,333,144,141,24,24
573,BaselineECDSA-7-20260810-16:20:18-769602,BaselineECDSA,7,7,7,3,ecdsa-p256,1,0.909004,0.359799,0.469204,0.026599,0.062825,0.00522,0.007013,0.109561,331,144,139,24,24
574,BaselineECDSA-7-20260810-16:20:18-769602,BaselineECDSA,7,7,7,4,ecdsa-p256,1,0.880616,0.395034,0.432702,0.034073,0.068646,0.00537,0.008556,0.118688,334,145,141,24,24
575,BaselineECDSA-7-20260810-16:20:18-769602,BaselineECDSA,7,7,7,5,ecdsa-p256,1,0.94835,0.36059,0.465871,0.027531,0.062665,0.00517,0.006963,0.109532,333,145,140,24,24
576,BaselineECDSA-7-20260810-16:20:18-769602,BaselineECDSA,7,7,7,6,ecdsa-p256,1,0.936605,0.375759,0.476989,0.025607,0.062945,0.00517,0.007294,0.117515,333,144,141,24,24
577,BaselineECDSA-7-20260810-16:20:18-769602,BaselineECDSA,7,7,7,7,ecdsa-p256,1,0.910587,0.402108,0.459794,0.026939,0.071842,0.00544,0.008706,0.118538,334,146,140,24,24
578,BaselineECDSA-7-20260810-16:20:18-769602,BaselineECDSA,7,7,7,8,ecdsa-p256,1,0.94386,0.37684,0.435293,0.029074,0.062494,0.0053,0.007434,0.116373,334,145,141,24,24
579,BaselineECDSA-7-20260810-16:20:18-769602,BaselineECDSA,7,7,7,9,ecdsa-p256,1,0.889965,0.368276,0.458028,0.02731,0.062455,0.00522,0.007013,0.113448,334,145,141,24,24
580,BaselineECDSA-8-20260810-16:20:18-769602,BaselineECDSA,8,8,8,0,ecdsa-p256,1,0.924773,0.42016,0.466029,0.037548,0.064028,0.00583,0.012352,0.127053,333,145,140,24,24
581,BaselineECDSA-8-20260810-16:20:18-769602,BaselineECDSA,8,8,8,1,ecdsa-p256,1,0.922613,0.370578,0.447038,0.030516,0.063496,0.00535,0.007313,0.111815,333,145,140,24,24
582,BaselineECDSA-8-20260810-16:20:18-769602,BaselineECDSA,8,8,8,2,ecdsa-p256,1,0.873336,0.362385,0.421278,0.026439,0.063206,0.005279,0.007283,0.109961,332,144,140,24,24
583,BaselineECDSA-8-20260810-16:20:18-769602,BaselineECDSA,8,8,8,3,ecdsa-p256,1,0.931904,0.366732,0.478934,0.028392,0.063497,0.0053,0.007654,0.110473,334,146,140,24,24
584,BaselineECDSA-8-20260810-16:20:18-769602,BaselineECDSA,8,8,8,4,ecdsa-p256,1,0.899415,0.372612,0.449709,0.026268,0.06521,0.00552,0.008866,0.110964,335,146,141,24,24
585,BaselineECDSA-8-20260810-16:20:18-769602,BaselineECDSA,8,8,8,5,ecdsa-p256,1,0.882067,0.373825,0.4421,0.028052,0.063987,0.00525,0.007544,0.113859,332,145,139,24,24
586,BaselineECDSA-8-20260810-16:20:18-769602,BaselineECDSA,8,8,8,6,ecdsa-p256,1,0.892144,0.361656,0.430319,0.026218,0.063206,0.005219,0.007183,0.109861,333,146,139,24,24
587,BaselineECDSA-8-20260810-16:20:18-769602,BaselineECDSA,8,8,8,7,ecdsa-p256,1,0.906979,0.368905,0.434091,0.03243,0.063376,0.005249,0.007173,0.110322,333,146,139,24,24
588,BaselineECDSA-8-20260810-16:20:18-769602,BaselineECDSA,8,8,8,8,ecdsa-p256,1,0.908062,0.401355,0.456688,0.025687,0.077422,0.00544,0.009177,0.112436,332,145,139,24,24
589,BaselineECDSA-8-20260810-16:20:18-769602,BaselineECDSA,8,8,8,9,ecdsa-p256,1,0.909719,0.36542,0.444564,0.029905,0.062945,0.00529,0.007204,0.109741,331,144,139,24,24
590,BaselineECDSA-9-20260810-16:20:18-769602,BaselineECDSA,9,9,9,0,ecdsa-p256,1,0.926346,0.379787,0.465236,0.030987,0.062214,0.005499,0.009067,0.118446,333,145,140,24,24
591,BaselineECDSA-9-20260810-16:20:18-769602,BaselineECDSA,9,9,9,1,ecdsa-p256,1,0.879462,0.355421,0.430017,0.026439,0.062004,0.0051,0.006933,0.107637,333,145,140,24,24
592,BaselineECDSA-9-20260810-16:20:18-769602,BaselineECDSA,9,9,9,2,ecdsa-p256,1,0.941275,0.353467,0.451297,0.025687,0.061673,0.005139,0.007243,0.107217,334,146,140,24,24
593,BaselineECDSA-9-20260810-16:20:18-769602,BaselineECDSA,9,9,9,3,ecdsa-p256,1,0.936924,0.376991,0.464788,0.025417,0.068225,0.005399,0.008937,0.10963,332,145,139,24,24
594,BaselineECDSA-9-20260810-16:20:18-769602,BaselineECDSA,9,9,9,4,ecdsa-p256,1,0.910968,0.358436,0.440608,0.02741,0.062364,0.005249,0.007243,0.107828,332,146,138,24,24
595,BaselineECDSA-9-20260810-16:20:18-769602,BaselineECDSA,9,9,9,5,ecdsa-p256,1,0.915,0.351766,0.477906,0.025718,0.061433,0.0051,0.006802,0.107137,334,145,141,24,24
596,BaselineECDSA-9-20260810-16:20:18-769602,BaselineECDSA,9,9,9,6,ecdsa-p256,1,0.914458,0.478456,0.463686,0.025226,0.061272,0.007494,0.012362,0.163951,332,144,140,24,24
597,BaselineECDSA-9-20260810-16:20:18-769602,BaselineECDSA,9,9,9,7,ecdsa-p256,1,0.934041,0.406215,0.48116,0.028973,0.078785,0.00542,0.009026,0.112035,331,144,139,24,24
598,BaselineECDSA-9-20260810-16:20:18-769602,BaselineECDSA,9,9,9,8,ecdsa-p256,1,0.918108,0.372733,0.468016,0.028993,0.061292,0.005239,0.007414,0.115071,333,145,140,24,24
599,BaselineECDSA-9-20260810-16:20:18-769602,BaselineECDSA,9,9,9,9,ecdsa-p256,1,0.872587,0.380869,0.42613,0.031197,0.06553,0.00513,0.007213,0.114279,335,146,141,24,24
