idx,success,latency_ms,compute_ms,net_ms,overhead_bytes,hash_mode,details,m1_uav_compute_ms,m1_gs_compute_ms,m1_net_ms,m2_uav_verify_ms,m2_net_ms,puf_eval_ms,bch_ms,m3_uav_compute_ms,m3_gs_compute_ms,m3_net_ms,m4_uav_compute_ms,m4_net_ms,config,run_id,uav_id,row_uid,runnumber,repetition,seedset,suite,num_uavs,puf_ber,fe_profile,attack_mode,wall_latency_ms,fe_rep_ms,mac_ms,kdf_ms,dh_ms,aead_ms,gs_mac_ms,gs_kdf_ms,gs_dh_ms,gs_aead_ms,bytes_m1,bytes_m2,bytes_m3,bytes_m4,ephemeral_erased,replay_cache_hits
0,1,1.339635,0.654972,0.684663,507,sha3,OMNeT++; module=UavAuthNetwork.uav[0]; config=Baseline5UAV,0.440616,0.058909,0.264514,0.101728,0.216104,0.038,0.18898,0.101728,0.112168,0.183746,0.0109,0.468559,Baseline5UAV,Baseline5UAV-0-20260922-20:31:47-1127386,0,Baseline5UAV-0-20260922-20:31:47-1127386|phase2|0,0,0,0,sha3,5,,,,1.132923,0.18898,0.008987,0.013655,0.26512,0.003857,0.008576,0.011201,0.10773,0.009247,104,85,43,275,1,0
1,1,1.19238,0.460243,0.732137,507,sha3,OMNeT++; module=UavAuthNetwork.uav[1]; config=Baseline5UAV,0.300336,0.048309,0.266351,0.076061,0.218298,0.034764,0.193138,0.076061,0.102671,0.165556,0.007785,0.513839,Baseline5UAV,Baseline5UAV-0-20260922-20:31:47-1127386,1,Baseline5UAV-0-20260922-20:31:47-1127386|phase2|1,0,0,0,sha3,5,,,,1.164044,0.193138,0.007112,0.01024,0.099174,0.001272,0.007053,0.010139,0.09736,0.002204,104,85,43,275,1,0
2,1,1.185835,0.466834,0.719001,507,sha3,OMNeT++; module=UavAuthNetwork.uav[2]; config=Baseline5UAV,0.307769,0.046667,0.239964,0.07569,0.234867,0.03251,0.208647,0.07569,0.102019,0.179319,0.007685,0.484134,Baseline5UAV,Baseline5UAV-0-20260922-20:31:47-1127386,2,Baseline5UAV-0-20260922-20:31:47-1127386|phase2|2,0,0,0,sha3,5,,,,1.138285,0.208647,0.007063,0.010109,0.099374,0.001282,0.007103,0.010109,0.097501,0.002003,104,85,43,275,1,0
3,1,1.195915,0.455093,0.740822,507,sha3,OMNeT++; module=UavAuthNetwork.uav[3]; config=Baseline5UAV,0.287623,0.046576,0.250421,0.080008,0.235075,0.0324,0.18915,0.080008,0.101438,0.178725,0.007454,0.505748,Baseline5UAV,Baseline5UAV-0-20260922-20:31:47-1127386,3,Baseline5UAV-0-20260922-20:31:47-1127386|phase2|3,0,0,0,sha3,5,,,,1.169968,0.18915,0.007073,0.00998,0.103192,0.001242,0.007032,0.009898,0.09709,0.001813,104,85,43,275,1,0
4,1,1.140746,0.449042,0.691704,507,sha3,OMNeT++; module=UavAuthNetwork.uav[4]; config=Baseline5UAV,0.290388,0.051595,0.262191,0.07553,0.215544,0.03216,0.192206,0.07553,0.101949,0.188935,0.007594,0.476159,Baseline5UAV,Baseline5UAV-0-20260922-20:31:47-1127386,4,Baseline5UAV-0-20260922-20:31:47-1127386|phase2|4,0,0,0,sha3,5,,,,1.14283,0.192206,0.006992,0.01009,0.098912,0.001292,0.007043,0.010229,0.10233,0.002043,104,85,43,275,1,0
5,1,1.171896,0.466304,0.705592,507,sha3,OMNeT++; module=UavAuthNetwork.uav[0]; config=Baseline5UAV,0.303302,0.048189,0.245233,0.077183,0.222333,0.033231,0.195962,0.077183,0.103832,0.158267,0.008636,0.483259,Baseline5UAV,Baseline5UAV-1-20260922-20:31:47-1127386,0,Baseline5UAV-1-20260922-20:31:47-1127386|phase2|0,1,1,1,sha3,5,,,,1.109091,0.195962,0.007634,0.01048,0.102449,0.001874,0.007384,0.010259,0.097982,0.003206,104,85,43,275,1,0
6,1,1.174923,0.451167,0.723756,507,sha3,OMNeT++; module=UavAuthNetwork.uav[1]; config=Baseline5UAV,0.292842,0.051786,0.254744,0.07525,0.238186,0.03234,0.193368,0.07525,0.109993,0.168357,0.007825,0.485569,Baseline5UAV,Baseline5UAV-1-20260922-20:31:47-1127386,1,Baseline5UAV-1-20260922-20:31:47-1127386|phase2|1,1,1,1,sha3,5,,,,1.146856,0.193368,0.007053,0.009878,0.10268,0.001353,0.007033,0.010299,0.109682,0.002124,104,85,43,275,1,0
7,1,1.17841,0.446996,0.731414,507,sha3,OMNeT++; module=UavAuthNetwork.uav[2]; config=Baseline5UAV,0.284487,0.046466,0.243389,0.075459,0.241416,0.03229,0.189931,0.075459,0.101619,0.158476,0.011591,0.489999,Baseline5UAV,Baseline5UAV-1-20260922-20:31:47-1127386,2,Baseline5UAV-1-20260922-20:31:47-1127386|phase2|2,1,1,1,sha3,5,,,,1.13328,0.189931,0.007073,0.009888,0.098663,0.002785,0.007024,0.010009,0.09767,0.001673,104,85,43,275,1,0
8,1,1.1993,0.455102,0.744198,507,sha3,OMNeT++; module=UavAuthNetwork.uav[3]; config=Baseline5UAV,0.282132,0.046546,0.268452,0.082693,0.27632,0.03259,0.187367,0.082693,0.101948,0.170169,0.007584,0.467878,Baseline5UAV,Baseline5UAV-1-20260922-20:31:47-1127386,3,Baseline5UAV-1-20260922-20:31:47-1127386|phase2|3,1,1,1,sha3,5,,,,1.182818,0.187367,0.006942,0.009948,0.105646,0.001293,0.007013,0.009888,0.097531,0.001924,104,85,43,275,1,0
9,1,1.19739,0.452909,0.744481,507,sha3,OMNeT++; module=UavAuthNetwork.uav[4]; config=Baseline5UAV,0.284867,0.046776,0.255651,0.080259,0.243876,0.032591,0.190823,0.080259,0.101878,0.15866,0.007524,0.500605,Baseline5UAV,Baseline5UAV-1-20260922-20:31:47-1127386,4,Baseline5UAV-1-20260922-20:31:47-1127386|phase2|4,1,1,1,sha3,5,,,,1.158792,0.190823,0.007004,0.009879,0.103121,0.001222,0.007124,0.010189,0.097911,0.001593,104,85,43,275,1,0
10,1,1.183365,0.466716,0.716649,507,sha3,OMNeT++; module=UavAuthNetwork.uav[0]; config=Baseline5UAV,0.300547,0.0487,0.282613,0.078686,0.225609,0.033332,0.195191,0.078686,0.119532,0.167017,0.008797,0.49104,Baseline5UAV,Baseline5UAV-10-20260922-20:31:47-1127386,0,Baseline5UAV-10-20260922-20:31:47-1127386|phase2|0,10,10,10,sha3,5,,,,1.166278,0.195191,0.007794,0.010609,0.108741,0.001914,0.007464,0.010741,0.1079,0.007734,104,85,43,275,1,0
11,1,1.163979,0.441597,0.722382,507,sha3,OMNeT++; module=UavAuthNetwork.uav[1]; config=Baseline5UAV,0.282333,0.047228,0.261013,0.07573,0.237735,0.0327,0.185534,0.07573,0.101879,0.161665,0.007804,0.484647,Baseline5UAV,Baseline5UAV-10-20260922-20:31:47-1127386,1,Baseline5UAV-10-20260922-20:31:47-1127386|phase2|1,10,10,10,sha3,5,,,,1.145061,0.185534,0.007134,0.010019,0.098802,0.001292,0.007113,0.009978,0.097621,0.001833,104,85,43,275,1,0
12,1,1.178073,0.462336,0.715737,507,sha3,OMNeT++; module=UavAuthNetwork.uav[2]; config=Baseline5UAV,0.28599,0.046566,0.265903,0.084396,0.244695,0.03236,0.191154,0.084396,0.102139,0.162897,0.007554,0.471042,Baseline5UAV,Baseline5UAV-10-20260922-20:31:47-1127386,2,Baseline5UAV-10-20260922-20:31:47-1127386|phase2|2,10,10,10,sha3,5,,,,1.144537,0.191154,0.006983,0.010149,0.107208,0.001273,0.007163,0.010058,0.09766,0.001934,104,85,43,275,1,0
13,1,1.169754,0.444253,0.725501,507,sha3,OMNeT++; module=UavAuthNetwork.uav[3]; config=Baseline5UAV,0.285779,0.046957,0.250618,0.07549,0.23455,0.032611,0.191554,0.07549,0.101468,0.174904,0.007494,0.490951,Baseline5UAV,Baseline5UAV-10-20260922-20:31:47-1127386,3,Baseline5UAV-10-20260922-20:31:47-1127386|phase2|3,10,10,10,sha3,5,,,,1.151022,0.191554,0.006993,0.009859,0.098291,0.001242,0.007053,0.0101,0.09752,0.001593,104,85,43,275,1,0
14,1,1.138817,0.444633,0.694184,507,sha3,OMNeT++; module=UavAuthNetwork.uav[4]; config=Baseline5UAV,0.285929,0.04857,0.263847,0.07552,0.216976,0.03243,0.191174,0.07552,0.1024,0.159631,0.007664,0.477208,Baseline5UAV,Baseline5UAV-10-20260922-20:31:47-1127386,4,Baseline5UAV-10-20260922-20:31:47-1127386|phase2|4,10,10,10,sha3,5,,,,1.117663,0.191174,0.006984,0.009909,0.098341,0.001303,0.007193,0.01076,0.098652,0.002094,104,85,43,275,1,0
15,1,1.150763,0.456486,0.694277,507,sha3,OMNeT++; module=UavAuthNetwork.uav[0]; config=Baseline5UAV,0.292372,0.048199,0.253083,0.077764,0.220609,0.033162,0.192967,0.077764,0.104504,0.17679,0.008586,0.473668,Baseline5UAV,Baseline5UAV-11-20260922-20:31:47-1127386,0,Baseline5UAV-11-20260922-20:31:47-1127386|phase2|0,11,11,11,sha3,5,,,,1.12415,0.192967,0.007595,0.01073,0.103521,0.001843,0.007403,0.010279,0.098543,0.003236,104,85,43,275,1,0
16,1,1.141846,0.446708,0.695138,507,sha3,OMNeT++; module=UavAuthNetwork.uav[1]; config=Baseline5UAV,0.286911,0.047167,0.239703,0.075851,0.215932,0.03268,0.190843,0.075851,0.11881,0.190779,0.008095,0.479206,Baseline5UAV,Baseline5UAV-11-20260922-20:31:47-1127386,1,Baseline5UAV-11-20260922-20:31:47-1127386|phase2|1,11,11,11,sha3,5,,,,1.125621,0.190843,0.007102,0.009958,0.098603,0.001463,0.007114,0.011561,0.111516,0.002364,104,85,43,275,1,0
17,1,1.147273,0.456965,0.690308,507,sha3,OMNeT++; module=UavAuthNetwork.uav[2]; config=Baseline5UAV,0.286861,0.047067,0.247013,0.08122,0.218593,0.032921,0.188549,0.08122,0.10268,0.168117,0.007664,0.471716,Baseline5UAV,Baseline5UAV-11-20260922-20:31:47-1127386,2,Baseline5UAV-11-20260922-20:31:47-1127386|phase2|2,11,11,11,sha3,5,,,,1.105438,0.188549,0.007173,0.010089,0.105385,0.001263,0.007174,0.010029,0.098322,0.001803,104,85,43,275,1,0
18,1,1.181177,0.443871,0.737306,507,sha3,OMNeT++; module=UavAuthNetwork.uav[3]; config=Baseline5UAV,0.282773,0.054721,0.250763,0.076752,0.242207,0.032661,0.187327,0.076752,0.1027,0.20735,0.007594,0.495099,Baseline5UAV,Baseline5UAV-11-20260922-20:31:47-1127386,3,Baseline5UAV-11-20260922-20:31:47-1127386|phase2|3,11,11,11,sha3,5,,,,1.19542,0.187327,0.007354,0.010008,0.099374,0.001292,0.015007,0.009939,0.098072,0.001964,104,85,43,275,1,0
19,1,1.163788,0.444471,0.719317,507,sha3,OMNeT++; module=UavAuthNetwork.uav[4]; config=Baseline5UAV,0.283955,0.047798,0.244462,0.076421,0.239745,0.032981,0.188759,0.076421,0.102941,0.158247,0.007674,0.479572,Baseline5UAV,Baseline5UAV-11-20260922-20:31:47-1127386,4,Baseline5UAV-11-20260922-20:31:47-1127386|phase2|4,11,11,11,sha3,5,,,,1.122025,0.188759,0.007094,0.010179,0.099103,0.001262,0.007113,0.010579,0.098903,0.001823,104,85,43,275,1,0
20,1,1.212077,0.463007,0.74907,507,sha3,OMNeT++; module=UavAuthNetwork.uav[0]; config=Baseline5UAV,0.296699,0.061154,0.255485,0.078706,0.256994,0.032881,0.19439,0.078706,0.109893,0.158961,0.008896,0.492076,Baseline5UAV,Baseline5UAV-12-20260922-20:31:47-1127386,0,Baseline5UAV-12-20260922-20:31:47-1127386|phase2|0,12,12,12,sha3,5,,,,1.163516,0.19439,0.007733,0.01097,0.105505,0.001963,0.009087,0.017902,0.10197,0.007644,104,85,43,275,1,0
21,1,1.18383,0.458138,0.725692,507,sha3,OMNeT++; module=UavAuthNetwork.uav[1]; config=Baseline5UAV,0.288314,0.047888,0.253055,0.08108,0.24032,0.032871,0.190894,0.08108,0.10266,0.160135,0.007664,0.485372,Baseline5UAV,Baseline5UAV-12-20260922-20:31:47-1127386,1,Baseline5UAV-12-20260922-20:31:47-1127386|phase2|1,12,12,12,sha3,5,,,,1.138882,0.190894,0.007174,0.010049,0.103932,0.001312,0.007223,0.010228,0.098311,0.001793,104,85,43,275,1,0
22,1,1.197186,0.470481,0.726705,507,sha3,OMNeT++; module=UavAuthNetwork.uav[2]; config=Baseline5UAV,0.300637,0.047258,0.255939,0.08115,0.21939,0.032741,0.203507,0.08115,0.10255,0.179488,0.007544,0.507315,Baseline5UAV,Baseline5UAV-12-20260922-20:31:47-1127386,2,Baseline5UAV-12-20260922-20:31:47-1127386|phase2|2,12,12,12,sha3,5,,,,1.162132,0.203507,0.007144,0.01005,0.104673,0.001343,0.007203,0.010119,0.098341,0.002053,104,85,43,275,1,0
23,1,1.135029,0.446616,0.688413,507,sha3,OMNeT++; module=UavAuthNetwork.uav[3]; config=Baseline5UAV,0.288253,0.047057,0.250466,0.07551,0.217159,0.03265,0.192827,0.07551,0.101357,0.159638,0.007343,0.471254,Baseline5UAV,Baseline5UAV-12-20260922-20:31:47-1127386,3,Baseline5UAV-12-20260922-20:31:47-1127386|phase2|3,12,12,12,sha3,5,,,,1.098517,0.192827,0.006954,0.009929,0.098371,0.001172,0.007001,0.010118,0.097551,0.001633,104,85,43,275,1,0
24,1,1.162165,0.449922,0.712243,507,sha3,OMNeT++; module=UavAuthNetwork.uav[4]; config=Baseline5UAV,0.291279,0.051766,0.280259,0.0756,0.220043,0.032189,0.195582,0.0756,0.101969,0.170712,0.007443,0.4922,Baseline5UAV,Baseline5UAV-12-20260922-20:31:47-1127386,4,Baseline5UAV-12-20260922-20:31:47-1127386|phase2|4,12,12,12,sha3,5,,,,1.163215,0.195582,0.007054,0.009879,0.099183,0.001272,0.007044,0.010088,0.102471,0.001843,104,85,43,275,1,0
25,1,1.163828,0.460503,0.703325,507,sha3,OMNeT++; module=UavAuthNetwork.uav[0]; config=Baseline5UAV,0.295758,0.04842,0.247578,0.077984,0.21489,0.033122,0.195532,0.077984,0.105666,0.186481,0.008777,0.488435,Baseline5UAV,Baseline5UAV-13-20260922-20:31:47-1127386,0,Baseline5UAV-13-20260922-20:31:47-1127386|phase2|0,13,13,13,sha3,5,,,,1.137385,0.195532,0.007643,0.0105,0.104092,0.001854,0.007494,0.010398,0.098963,0.003606,104,85,43,275,1,0
26,1,1.187035,0.469007,0.718028,507,sha3,OMNeT++; module=UavAuthNetwork.uav[1]; config=Baseline5UAV,0.299815,0.047698,0.265858,0.080699,0.23863,0.03251,0.202575,0.080699,0.10247,0.159043,0.007794,0.479398,Baseline5UAV,Baseline5UAV-13-20260922-20:31:47-1127386,1,Baseline5UAV-13-20260922-20:31:47-1127386|phase2|1,13,13,13,sha3,5,,,,1.142929,0.202575,0.007174,0.01009,0.104122,0.001383,0.007193,0.010159,0.097731,0.002154,104,85,43,275,1,0
27,1,1.147116,0.443729,0.703387,507,sha3,OMNeT++; module=UavAuthNetwork.uav[2]; config=Baseline5UAV,0.284336,0.046656,0.247886,0.07592,0.225395,0.03253,0.189481,0.07592,0.101659,0.173052,0.007553,0.477993,Baseline5UAV,Baseline5UAV-13-20260922-20:31:47-1127386,2,Baseline5UAV-13-20260922-20:31:47-1127386|phase2|2,13,13,13,sha3,5,,,,1.124325,0.189481,0.007013,0.009958,0.098562,0.001252,0.007093,0.010089,0.09769,0.001733,104,85,43,275,1,0
28,1,1.151454,0.458752,0.692702,507,sha3,OMNeT++; module=UavAuthNetwork.uav[3]; config=Baseline5UAV,0.299315,0.047468,0.240218,0.075881,0.220486,0.03251,0.199379,0.075881,0.102259,0.166371,0.007675,0.472216,Baseline5UAV,Baseline5UAV-13-20260922-20:31:47-1127386,3,Baseline5UAV-13-20260922-20:31:47-1127386|phase2|3,13,13,13,sha3,5,,,,1.09929,0.199379,0.007012,0.009999,0.099434,0.001292,0.007052,0.010279,0.097771,0.002054,104,85,43,275,1,0
29,1,1.147606,0.448791,0.698815,507,sha3,OMNeT++; module=UavAuthNetwork.uav[4]; config=Baseline5UAV,0.289195,0.046747,0.241683,0.076011,0.227531,0.032851,0.193718,0.076011,0.10238,0.167963,0.007574,0.471284,Baseline5UAV,Baseline5UAV-13-20260922-20:31:47-1127386,4,Baseline5UAV-13-20260922-20:31:47-1127386|phase2|4,13,13,13,sha3,5,,,,1.10846,0.193718,0.006943,0.009858,0.099004,0.001213,0.007053,0.010089,0.098383,0.001673,104,85,43,275,1,0
30,1,1.200399,0.466564,0.733835,507,sha3,OMNeT++; module=UavAuthNetwork.uav[0]; config=Baseline5UAV,0.301658,0.049101,0.267056,0.078085,0.216901,0.036527,0.195683,0.078085,0.109603,0.18355,0.008736,0.516935,Baseline5UAV,Baseline5UAV-14-20260922-20:31:47-1127386,0,Baseline5UAV-14-20260922-20:31:47-1127386|phase2|0,14,14,14,sha3,5,,,,1.184441,0.195683,0.007585,0.010559,0.105275,0.001934,0.007463,0.010349,0.098532,0.007324,104,85,43,275,1,0
31,1,1.179877,0.462295,0.717582,507,sha3,OMNeT++; module=UavAuthNetwork.uav[1]; config=Baseline5UAV,0.285899,0.047518,0.246624,0.084316,0.232472,0.0326,0.190132,0.084316,0.10287,0.160212,0.007764,0.48511,Baseline5UAV,Baseline5UAV-14-20260922-20:31:47-1127386,1,Baseline5UAV-14-20260922-20:31:47-1127386|phase2|1,14,14,14,sha3,5,,,,1.124418,0.190132,0.007154,0.010349,0.106587,0.001403,0.007193,0.010239,0.098001,0.002144,104,85,43,275,1,0
32,1,1.146616,0.447319,0.699297,507,sha3,OMNeT++; module=UavAuthNetwork.uav[2]; config=Baseline5UAV,0.288955,0.046507,0.248302,0.07535,0.225949,0.03259,0.192226,0.07535,0.101688,0.162346,0.007664,0.473348,Baseline5UAV,Baseline5UAV-14-20260922-20:31:47-1127386,2,Baseline5UAV-14-20260922-20:31:47-1127386|phase2|2,14,14,14,sha3,5,,,,1.109945,0.192226,0.007133,0.009889,0.098432,0.001273,0.007084,0.010068,0.097661,0.001723,104,85,43,275,1,0
33,1,1.165183,0.452817,0.712366,507,sha3,OMNeT++; module=UavAuthNetwork.uav[3]; config=Baseline5UAV,0.293433,0.055082,0.239733,0.07582,0.234457,0.03249,0.198367,0.07582,0.102059,0.168755,0.007744,0.477909,Baseline5UAV,Baseline5UAV-14-20260922-20:31:47-1127386,3,Baseline5UAV-14-20260922-20:31:47-1127386|phase2|3,14,14,14,sha3,5,,,,1.120853,0.198367,0.007014,0.010048,0.098401,0.001323,0.007164,0.009967,0.105886,0.001864,104,85,43,275,1,0
34,1,1.148822,0.443,0.705822,507,sha3,OMNeT++; module=UavAuthNetwork.uav[4]; config=Baseline5UAV,0.284166,0.046426,0.253427,0.07561,0.23081,0.032751,0.18887,0.07561,0.101949,0.184232,0.007614,0.475013,Baseline5UAV,Baseline5UAV-14-20260922-20:31:47-1127386,4,Baseline5UAV-14-20260922-20:31:47-1127386|phase2|4,14,14,14,sha3,5,,,,1.143482,0.18887,0.007015,0.010019,0.098292,0.001212,0.007022,0.010018,0.098052,0.001613,104,85,43,275,1,0
35,1,1.159683,0.452699,0.706984,507,sha3,OMNeT++; module=UavAuthNetwork.uav[0]; config=Baseline5UAV,0.288154,0.04839,0.246669,0.077814,0.22068,0.032791,0.18889,0.077814,0.119952,0.198136,0.008917,0.486304,Baseline5UAV,Baseline5UAV-15-20260922-20:31:47-1127386,0,Baseline5UAV-15-20260922-20:31:47-1127386|phase2|0,15,15,15,sha3,5,,,,1.151788,0.18889,0.007514,0.01065,0.103201,0.001884,0.007433,0.01056,0.098773,0.003397,104,85,43,275,1,0
36,1,1.229683,0.471543,0.75814,507,sha3,OMNeT++; module=UavAuthNetwork.uav[1]; config=Baseline5UAV,0.30233,0.047679,0.239646,0.080749,0.243126,0.033071,0.19961,0.080749,0.10254,0.16387,0.007715,0.515014,Baseline5UAV,Baseline5UAV-15-20260922-20:31:47-1127386,1,Baseline5UAV-15-20260922-20:31:47-1127386|phase2|1,15,15,15,sha3,5,,,,1.161655,0.19961,0.007095,0.009929,0.109382,0.001282,0.007203,0.010159,0.097891,0.001864,104,85,43,275,1,0
37,1,1.16579,0.466113,0.699677,507,sha3,OMNeT++; module=UavAuthNetwork.uav[2]; config=Baseline5UAV,0.290537,0.046616,0.2637,0.083956,0.230845,0.03253,0.195272,0.083956,0.10267,0.170053,0.007664,0.468832,Baseline5UAV,Baseline5UAV-15-20260922-20:31:47-1127386,2,Baseline5UAV-15-20260922-20:31:47-1127386|phase2|2,15,15,15,sha3,5,,,,1.133429,0.195272,0.007003,0.01036,0.106176,0.001323,0.007213,0.010168,0.098202,0.001963,104,85,43,275,1,0
38,1,1.160172,0.44855,0.711622,507,sha3,OMNeT++; module=UavAuthNetwork.uav[3]; config=Baseline5UAV,0.288554,0.047377,0.26524,0.076201,0.228737,0.032931,0.192446,0.076201,0.10265,0.160138,0.007594,0.482885,Baseline5UAV,Baseline5UAV-15-20260922-20:31:47-1127386,3,Baseline5UAV-15-20260922-20:31:47-1127386|phase2|3,15,15,15,sha3,5,,,,1.137,0.192446,0.007094,0.009989,0.099233,0.001283,0.007072,0.010119,0.098542,0.001673,104,85,43,275,1,0
39,1,1.14076,0.452668,0.688092,507,sha3,OMNeT++; module=UavAuthNetwork.uav[4]; config=Baseline5UAV,0.29178,0.052768,0.244093,0.076682,0.220724,0.0329,0.196613,0.076682,0.10268,0.187359,0.007524,0.467368,Baseline5UAV,Baseline5UAV-15-20260922-20:31:47-1127386,4,Baseline5UAV-15-20260922-20:31:47-1127386|phase2|4,15,15,15,sha3,5,,,,1.119544,0.196613,0.007084,0.009978,0.099034,0.001272,0.007283,0.010109,0.103973,0.001883,104,85,43,275,1,0
40,1,1.201484,0.46532,0.736164,507,sha3,OMNeT++; module=UavAuthNetwork.uav[0]; config=Baseline5UAV,0.300196,0.048671,0.252757,0.078144,0.227911,0.033031,0.198117,0.078144,0.109552,0.204902,0.008836,0.508253,Baseline5UAV,Baseline5UAV-16-20260922-20:31:47-1127386,0,Baseline5UAV-16-20260922-20:31:47-1127386|phase2|0,16,16,16,sha3,5,,,,1.193822,0.198117,0.007603,0.01088,0.103672,0.002074,0.007505,0.01044,0.098532,0.007214,104,85,43,275,1,0
41,1,1.1699,0.441679,0.728221,507,sha3,OMNeT++; module=UavAuthNetwork.uav[1]; config=Baseline5UAV,0.282133,0.047107,0.259776,0.075981,0.251385,0.032741,0.186295,0.075981,0.10238,0.186831,0.007584,0.476835,Baseline5UAV,Baseline5UAV-16-20260922-20:31:47-1127386,1,Baseline5UAV-16-20260922-20:31:47-1127386|phase2|1,16,16,16,sha3,5,,,,1.174828,0.186295,0.007112,0.009889,0.098753,0.001222,0.007163,0.009968,0.097842,0.001903,104,85,43,275,1,0
42,1,1.194575,0.462737,0.731838,507,sha3,OMNeT++; module=UavAuthNetwork.uav[2]; config=Baseline5UAV,0.302961,0.051646,0.251734,0.076081,0.234297,0.03266,0.207224,0.076081,0.102239,0.180299,0.007614,0.497542,Baseline5UAV,Baseline5UAV-16-20260922-20:31:47-1127386,2,Baseline5UAV-16-20260922-20:31:47-1127386|phase2|2,16,16,16,sha3,5,,,,1.163871,0.207224,0.007084,0.01012,0.099353,0.001293,0.007133,0.010168,0.10272,0.002004,104,85,43,275,1,0
43,1,1.142026,0.437891,0.704135,507,sha3,OMNeT++; module=UavAuthNetwork.uav[3]; config=Baseline5UAV,0.279367,0.046637,0.252024,0.07557,0.21975,0.03249,0.184552,0.07557,0.101378,0.168235,0.007384,0.484386,Baseline5UAV,Baseline5UAV-16-20260922-20:31:47-1127386,3,Baseline5UAV-16-20260922-20:31:47-1127386|phase2|3,16,16,16,sha3,5,,,,1.124394,0.184552,0.006982,0.009838,0.098323,0.001233,0.007013,0.010019,0.097361,0.001612,104,85,43,275,1,0
44,1,1.194922,0.463237,0.731685,507,sha3,OMNeT++; module=UavAuthNetwork.uav[4]; config=Baseline5UAV,0.294785,0.046566,0.243836,0.080369,0.226354,0.032641,0.199349,0.080369,0.101898,0.158138,0.007714,0.50533,Baseline5UAV,Baseline5UAV-16-20260922-20:31:47-1127386,4,Baseline5UAV-16-20260922-20:31:47-1127386|phase2|4,16,16,16,sha3,5,,,,1.133659,0.199349,0.007043,0.009859,0.103661,0.001283,0.007033,0.010078,0.097601,0.001894,104,85,43,275,1,0
45,1,1.188328,0.464611,0.723717,507,sha3,OMNeT++; module=UavAuthNetwork.uav[0]; config=Baseline5UAV,0.298702,0.057006,0.27938,0.078546,0.227152,0.033321,0.197797,0.078546,0.105425,0.181054,0.008817,0.496565,Baseline5UAV,Baseline5UAV-17-20260922-20:31:47-1127386,0,Baseline5UAV-17-20260922-20:31:47-1127386|phase2|0,17,17,17,sha3,5,,,,1.184152,0.197797,0.007705,0.011211,0.103832,0.001884,0.007684,0.01046,0.099805,0.003236,104,85,43,275,1,0
46,1,1.173232,0.446166,0.727066,507,sha3,OMNeT++; module=UavAuthNetwork.uav[1]; config=Baseline5UAV,0.28622,0.047367,0.260674,0.076201,0.233892,0.032881,0.189962,0.076201,0.10255,0.181798,0.007544,0.493175,Baseline5UAV,Baseline5UAV-17-20260922-20:31:47-1127386,1,Baseline5UAV-17-20260922-20:31:47-1127386|phase2|1,17,17,17,sha3,5,,,,1.169538,0.189962,0.007133,0.009979,0.099234,0.001293,0.007174,0.010098,0.098292,0.001843,104,85,43,275,1,0
47,1,1.183199,0.464109,0.71909,507,sha3,OMNeT++; module=UavAuthNetwork.uav[2]; config=Baseline5UAV,0.304253,0.047257,0.275746,0.076081,0.228051,0.032601,0.207654,0.076081,0.10261,0.167563,0.007694,0.491039,Baseline5UAV,Baseline5UAV-17-20260922-20:31:47-1127386,2,Baseline5UAV-17-20260922-20:31:47-1127386|phase2|2,17,17,17,sha3,5,,,,1.162399,0.207654,0.007123,0.009998,0.099864,0.001332,0.007173,0.010138,0.098473,0.001983,104,85,43,275,1,0
48,1,1.171323,0.44848,0.722843,507,sha3,OMNeT++; module=UavAuthNetwork.uav[3]; config=Baseline5UAV,0.289066,0.047157,0.251965,0.0759,0.24929,0.032911,0.193308,0.0759,0.102129,0.179908,0.007614,0.473553,Baseline5UAV,Baseline5UAV-17-20260922-20:31:47-1127386,3,Baseline5UAV-17-20260922-20:31:47-1127386|phase2|3,17,17,17,sha3,5,,,,1.154715,0.193308,0.006983,0.009898,0.098853,0.001233,0.007123,0.010088,0.098231,0.001623,104,85,43,275,1,0
49,1,1.17721,0.460451,0.716759,507,sha3,OMNeT++; module=UavAuthNetwork.uav[4]; config=Baseline5UAV,0.301057,0.046747,0.249274,0.07585,0.244056,0.032681,0.20015,0.07585,0.10268,0.204614,0.007694,0.472703,Baseline5UAV,Baseline5UAV-17-20260922-20:31:47-1127386,4,Baseline5UAV-17-20260922-20:31:47-1127386|phase2|4,17,17,17,sha3,5,,,,1.170646,0.20015,0.007013,0.009848,0.104234,0.001352,0.007093,0.010068,0.098332,0.001844,104,85,43,275,1,0
50,1,1.191323,0.472714,0.718609,507,sha3,OMNeT++; module=UavAuthNetwork.uav[0]; config=Baseline5UAV,0.305786,0.05386,0.246972,0.079066,0.24852,0.039794,0.193759,0.079066,0.110144,0.190259,0.008796,0.470089,Baseline5UAV,Baseline5UAV-18-20260922-20:31:48-1127386,0,Baseline5UAV-18-20260922-20:31:48-1127386|phase2|0,18,18,18,sha3,5,,,,1.15584,0.193759,0.007874,0.01079,0.107279,0.001974,0.007504,0.010359,0.104153,0.007464,104,85,43,275,1,0
51,1,1.136891,0.450904,0.685987,507,sha3,OMNeT++; module=UavAuthNetwork.uav[1]; config=Baseline5UAV,0.290237,0.047538,0.266322,0.076391,0.216588,0.032991,0.193068,0.076391,0.110645,0.179931,0.007885,0.469399,Baseline5UAV,Baseline5UAV-18-20260922-20:31:48-1127386,1,Baseline5UAV-18-20260922-20:31:48-1127386|phase2|1,18,18,18,sha3,5,,,,1.13224,0.193068,0.007015,0.009959,0.099484,0.001402,0.007183,0.010249,0.105615,0.002123,104,85,43,275,1,0
52,1,1.154584,0.457768,0.696816,507,sha3,OMNeT++; module=UavAuthNetwork.uav[2]; config=Baseline5UAV,0.289546,0.046746,0.249882,0.080359,0.222819,0.032811,0.192767,0.080359,0.101728,0.183243,0.007504,0.473997,Baseline5UAV,Baseline5UAV-18-20260922-20:31:48-1127386,2,Baseline5UAV-18-20260922-20:31:48-1127386|phase2|2,18,18,18,sha3,5,,,,1.129942,0.192767,0.006993,0.009898,0.103953,0.001243,0.007104,0.009997,0.097791,0.001714,104,85,43,275,1,0
53,1,1.178274,0.465852,0.712422,507,sha3,OMNeT++; module=UavAuthNetwork.uav[3]; config=Baseline5UAV,0.287692,0.047017,0.267187,0.085298,0.215495,0.03235,0.192807,0.085298,0.102861,0.167113,0.007564,0.496927,Baseline5UAV,Baseline5UAV-18-20260922-20:31:48-1127386,3,Baseline5UAV-18-20260922-20:31:48-1127386|phase2|3,18,18,18,sha3,5,,,,1.146723,0.192807,0.006994,0.010249,0.107779,0.001342,0.007122,0.010118,0.09811,0.001954,104,85,43,275,1,0
54,1,1.1286,0.442177,0.686423,507,sha3,OMNeT++; module=UavAuthNetwork.uav[4]; config=Baseline5UAV,0.283465,0.046917,0.251236,0.075529,0.216717,0.032441,0.187988,0.075529,0.101788,0.196797,0.007654,0.469706,Baseline5UAV,Baseline5UAV-18-20260922-20:31:48-1127386,4,Baseline5UAV-18-20260922-20:31:48-1127386|phase2|4,18,18,18,sha3,5,,,,1.134456,0.187988,0.006984,0.009938,0.098323,0.001232,0.007144,0.010189,0.097842,0.001613,104,85,43,275,1,0
55,1,1.167618,0.469008,0.69861,507,sha3,OMNeT++; module=UavAuthNetwork.uav[0]; config=Baseline5UAV,0.303862,0.04855,0.252751,0.078215,0.224134,0.032981,0.202495,0.078215,0.106918,0.191854,0.008716,0.474476,Baseline5UAV,Baseline5UAV-19-20260922-20:31:48-1127386,0,Baseline5UAV-19-20260922-20:31:48-1127386|phase2|0,19,19,19,sha3,5,,,,1.143215,0.202495,0.007634,0.010619,0.105005,0.001854,0.007444,0.01049,0.099523,0.004428,104,85,43,275,1,0
56,1,1.189535,0.462616,0.726919,507,sha3,OMNeT++; module=UavAuthNetwork.uav[1]; config=Baseline5UAV,0.289185,0.047558,0.266951,0.082743,0.244348,0.03282,0.192978,0.082743,0.103171,0.175726,0.007945,0.482571,Baseline5UAV,Baseline5UAV-19-20260922-20:31:48-1127386,1,Baseline5UAV-19-20260922-20:31:48-1127386|phase2|1,19,19,19,sha3,5,,,,1.169595,0.192978,0.007063,0.010168,0.105706,0.001383,0.007164,0.010228,0.098462,0.002104,104,85,43,275,1,0
57,1,1.196784,0.452667,0.744117,507,sha3,OMNeT++; module=UavAuthNetwork.uav[2]; config=Baseline5UAV,0.293293,0.046837,0.26827,0.07594,0.234466,0.032811,0.196413,0.07594,0.102209,0.177258,0.007494,0.509651,Baseline5UAV,Baseline5UAV-19-20260922-20:31:48-1127386,2,Baseline5UAV-19-20260922-20:31:48-1127386|phase2|2,19,19,19,sha3,5,,,,1.189645,0.196413,0.006983,0.009858,0.099184,0.001252,0.007123,0.010078,0.098223,0.001713,104,85,43,275,1,0
58,1,1.168,0.450344,0.717656,507,sha3,OMNeT++; module=UavAuthNetwork.uav[3]; config=Baseline5UAV,0.289406,0.056945,0.250761,0.076652,0.232015,0.03264,0.193739,0.076652,0.10273,0.168585,0.007634,0.485641,Baseline5UAV,Baseline5UAV-19-20260922-20:31:48-1127386,3,Baseline5UAV-19-20260922-20:31:48-1127386|phase2|3,19,19,19,sha3,5,,,,1.137003,0.193739,0.007123,0.010178,0.099294,0.001312,0.007224,0.010048,0.107669,0.002013,104,85,43,275,1,0
59,1,1.152055,0.451005,0.70105,507,sha3,OMNeT++; module=UavAuthNetwork.uav[4]; config=Baseline5UAV,0.291861,0.047177,0.262117,0.07581,0.223134,0.032881,0.195341,0.07581,0.102049,0.171844,0.007524,0.477916,Baseline5UAV,Baseline5UAV-19-20260922-20:31:48-1127386,4,Baseline5UAV-19-20260922-20:31:48-1127386|phase2|4,19,19,19,sha3,5,,,,1.135011,0.195341,0.007083,0.009788,0.099114,0.001233,0.007123,0.009968,0.098392,0.001683,104,85,43,275,1,0
60,1,1.199411,0.470841,0.72857,507,sha3,OMNeT++; module=UavAuthNetwork.uav[0]; config=Baseline5UAV,0.297741,0.048169,0.263404,0.082112,0.220684,0.033222,0.195322,0.082112,0.109843,0.17003,0.008876,0.507886,Baseline5UAV,Baseline5UAV-2-20260922-20:31:47-1127386,0,Baseline5UAV-2-20260922-20:31:47-1127386|phase2|0,2,2,2,sha3,5,,,,1.162004,0.195322,0.007645,0.01037,0.109182,0.001973,0.007373,0.010319,0.097882,0.008155,104,85,43,275,1,0
61,1,1.183366,0.4649,0.718466,507,sha3,OMNeT++; module=UavAuthNetwork.uav[1]; config=Baseline5UAV,0.305315,0.047749,0.270006,0.07588,0.224363,0.03258,0.204619,0.07588,0.107509,0.193219,0.007825,0.494103,Baseline5UAV,Baseline5UAV-2-20260922-20:31:47-1127386,1,Baseline5UAV-2-20260922-20:31:47-1127386|phase2|1,2,2,2,sha3,5,,,,1.181692,0.204619,0.006983,0.010028,0.103771,0.001362,0.007443,0.010179,0.102599,0.002043,104,85,43,275,1,0
62,1,1.164381,0.450212,0.714169,507,sha3,OMNeT++; module=UavAuthNetwork.uav[2]; config=Baseline5UAV,0.29167,0.046697,0.267456,0.075539,0.231032,0.032651,0.191735,0.075539,0.101508,0.161063,0.007464,0.483137,Baseline5UAV,Baseline5UAV-2-20260922-20:31:47-1127386,2,Baseline5UAV-2-20260922-20:31:47-1127386|phase2|2,2,2,2,sha3,5,,,,1.142688,0.191735,0.006993,0.009828,0.103472,0.001232,0.007144,0.010079,0.097671,0.001643,104,85,43,275,1,0
63,1,1.183473,0.444695,0.738778,507,sha3,OMNeT++; module=UavAuthNetwork.uav[3]; config=Baseline5UAV,0.286721,0.046946,0.247375,0.07521,0.231418,0.039182,0.184983,0.07521,0.101808,0.170427,0.007554,0.50736,Baseline5UAV,Baseline5UAV-2-20260922-20:31:47-1127386,3,Baseline5UAV-2-20260922-20:31:47-1127386|phase2|3,2,2,2,sha3,5,,,,1.15658,0.184983,0.006963,0.009958,0.098523,0.001282,0.007053,0.010229,0.09702,0.001854,104,85,43,275,1,0
64,1,1.154825,0.448288,0.706537,507,sha3,OMNeT++; module=UavAuthNetwork.uav[4]; config=Baseline5UAV,0.290908,0.046236,0.259745,0.074828,0.235423,0.03227,0.196744,0.074828,0.115724,0.184277,0.007724,0.471114,Baseline5UAV,Baseline5UAV-2-20260922-20:31:47-1127386,4,Baseline5UAV-2-20260922-20:31:47-1127386|phase2|4,2,2,2,sha3,5,,,,1.150559,0.196744,0.006892,0.009738,0.097791,0.001342,0.006973,0.009968,0.096949,0.001984,104,85,43,275,1,0
65,1,1.171641,0.4591,0.712541,507,sha3,OMNeT++; module=UavAuthNetwork.uav[0]; config=Baseline5UAV,0.29173,0.049001,0.283466,0.079237,0.22581,0.032961,0.187136,0.079237,0.110906,0.191711,0.008896,0.486731,Baseline5UAV,Baseline5UAV-20-20260922-20:31:48-1127386,0,Baseline5UAV-20-20260922-20:31:48-1127386|phase2|0,20,20,20,sha3,5,,,,1.187718,0.187136,0.007894,0.01054,0.108872,0.001983,0.007454,0.010419,0.099394,0.007935,104,85,43,275,1,0
66,1,1.160167,0.458569,0.701598,507,sha3,OMNeT++; module=UavAuthNetwork.uav[1]; config=Baseline5UAV,0.297711,0.047799,0.275206,0.076552,0.226717,0.03272,0.200692,0.076552,0.102901,0.176302,0.007754,0.474881,Baseline5UAV,Baseline5UAV-20-20260922-20:31:48-1127386,1,Baseline5UAV-20-20260922-20:31:48-1127386|phase2|1,20,20,20,sha3,5,,,,1.153106,0.200692,0.007194,0.010119,0.100125,0.001332,0.007184,0.010149,0.098232,0.002043,104,85,43,275,1,0
67,1,1.15904,0.458788,0.700252,507,sha3,OMNeT++; module=UavAuthNetwork.uav[2]; config=Baseline5UAV,0.289436,0.046767,0.256952,0.080909,0.217884,0.032591,0.188689,0.080909,0.102139,0.16823,0.007534,0.482368,Baseline5UAV,Baseline5UAV-20-20260922-20:31:48-1127386,2,Baseline5UAV-20-20260922-20:31:48-1127386|phase2|2,20,20,20,sha3,5,,,,1.125435,0.188689,0.007034,0.010058,0.108792,0.001283,0.007164,0.010069,0.098241,0.001673,104,85,43,275,1,0
68,1,1.173059,0.459831,0.713228,507,sha3,OMNeT++; module=UavAuthNetwork.uav[3]; config=Baseline5UAV,0.299975,0.047317,0.245963,0.076141,0.233946,0.032631,0.198868,0.076141,0.10236,0.180469,0.007574,0.479282,Baseline5UAV,Baseline5UAV-20-20260922-20:31:48-1127386,3,Baseline5UAV-20-20260922-20:31:48-1127386|phase2|3,20,20,20,sha3,5,,,,1.13966,0.198868,0.007083,0.009969,0.104704,0.001303,0.007094,0.010018,0.098202,0.001943,104,85,43,275,1,0
69,1,1.153094,0.446666,0.706428,507,sha3,OMNeT++; module=UavAuthNetwork.uav[4]; config=Baseline5UAV,0.28652,0.046987,0.267066,0.076341,0.228685,0.03273,0.185924,0.076341,0.10252,0.180427,0.007464,0.477742,Baseline5UAV,Baseline5UAV-20-20260922-20:31:48-1127386,4,Baseline5UAV-20-20260922-20:31:48-1127386|phase2|4,20,20,20,sha3,5,,,,1.15392,0.185924,0.007023,0.010058,0.104083,0.001212,0.007153,0.010159,0.098271,0.001704,104,85,43,275,1,0
70,1,1.179081,0.471603,0.707478,507,sha3,OMNeT++; module=UavAuthNetwork.uav[0]; config=Baseline5UAV,0.305666,0.04857,0.268361,0.078555,0.21892,0.033181,0.201293,0.078555,0.108881,0.166767,0.008827,0.488558,Baseline5UAV,Baseline5UAV-21-20260922-20:31:48-1127386,0,Baseline5UAV-21-20260922-20:31:48-1127386|phase2|0,21,21,21,sha3,5,,,,1.142605,0.201293,0.007693,0.01057,0.108,0.001954,0.007434,0.01034,0.099224,0.006342,104,85,43,275,1,0
71,1,1.169639,0.457138,0.712501,507,sha3,OMNeT++; module=UavAuthNetwork.uav[1]; config=Baseline5UAV,0.296519,0.047397,0.25504,0.076432,0.237595,0.039483,0.192536,0.076432,0.103111,0.163896,0.007755,0.474906,Baseline5UAV,Baseline5UAV-21-20260922-20:31:48-1127386,1,Baseline5UAV-21-20260922-20:31:48-1127386|phase2|1,21,21,21,sha3,5,,,,1.131438,0.192536,0.007072,0.010059,0.099975,0.001383,0.007182,0.010068,0.098312,0.001953,104,85,43,275,1,0
72,1,1.16149,0.450523,0.710967,507,sha3,OMNeT++; module=UavAuthNetwork.uav[2]; config=Baseline5UAV,0.290297,0.046827,0.248568,0.076211,0.239546,0.032721,0.189791,0.076211,0.110094,0.161297,0.007804,0.471422,Baseline5UAV,Baseline5UAV-21-20260922-20:31:48-1127386,2,Baseline5UAV-21-20260922-20:31:48-1127386|phase2|2,21,21,21,sha3,5,,,,1.120833,0.189791,0.007013,0.010118,0.103953,0.001333,0.007064,0.010059,0.098473,0.001903,104,85,43,275,1,0
73,1,1.173836,0.444505,0.729331,507,sha3,OMNeT++; module=UavAuthNetwork.uav[3]; config=Baseline5UAV,0.284567,0.047007,0.247626,0.076282,0.233004,0.032761,0.187317,0.076282,0.102179,0.196741,0.007374,0.496327,Baseline5UAV,Baseline5UAV-21-20260922-20:31:48-1127386,3,Baseline5UAV-21-20260922-20:31:48-1127386|phase2|3,21,21,21,sha3,5,,,,1.173698,0.187317,0.007132,0.009838,0.100026,0.001233,0.007113,0.010088,0.098123,0.001603,104,85,43,275,1,0
74,1,1.14497,0.446657,0.698313,507,sha3,OMNeT++; module=UavAuthNetwork.uav[4]; config=Baseline5UAV,0.28639,0.047057,0.245197,0.076191,0.230579,0.03265,0.190653,0.076191,0.114782,0.199489,0.007885,0.467734,Baseline5UAV,Baseline5UAV-21-20260922-20:31:48-1127386,4,Baseline5UAV-21-20260922-20:31:48-1127386|phase2|4,21,21,21,sha3,5,,,,1.142999,0.190653,0.007073,0.010109,0.098943,0.001322,0.013255,0.01057,0.103522,0.001914,104,85,43,275,1,0
75,1,1.191515,0.475149,0.716366,507,sha3,OMNeT++; module=UavAuthNetwork.uav[0]; config=Baseline5UAV,0.306197,0.05411,0.272052,0.079837,0.215728,0.033131,0.194741,0.079837,0.111176,0.158203,0.009278,0.500639,Baseline5UAV,Baseline5UAV-22-20260922-20:31:48-1127386,0,Baseline5UAV-22-20260922-20:31:48-1127386|phase2|0,22,22,22,sha3,5,,,,1.146622,0.194741,0.007865,0.010429,0.115735,0.001964,0.007504,0.010679,0.103962,0.008495,104,85,43,275,1,0
76,1,1.18443,0.471493,0.712937,507,sha3,OMNeT++; module=UavAuthNetwork.uav[1]; config=Baseline5UAV,0.302069,0.047408,0.255265,0.08087,0.234862,0.033182,0.20532,0.08087,0.10264,0.172659,0.007684,0.478076,Baseline5UAV,Baseline5UAV-22-20260922-20:31:48-1127386,1,Baseline5UAV-22-20260922-20:31:48-1127386|phase2|1,22,22,22,sha3,5,,,,1.140861,0.20532,0.007123,0.009979,0.104262,0.001282,0.007113,0.010058,0.098163,0.001854,104,85,43,275,1,0
77,1,1.159089,0.455304,0.703785,507,sha3,OMNeT++; module=UavAuthNetwork.uav[2]; config=Baseline5UAV,0.295848,0.046967,0.278326,0.075961,0.234721,0.032641,0.199349,0.075961,0.10228,0.194626,0.007534,0.469064,Baseline5UAV,Baseline5UAV-22-20260922-20:31:48-1127386,2,Baseline5UAV-22-20260922-20:31:48-1127386|phase2|2,22,22,22,sha3,5,,,,1.176737,0.199349,0.007082,0.009909,0.099514,0.001332,0.007153,0.010108,0.098262,0.001903,104,85,43,275,1,0
78,1,1.146497,0.454191,0.692306,507,sha3,OMNeT++; module=UavAuthNetwork.uav[3]; config=Baseline5UAV,0.285769,0.047187,0.240412,0.080519,0.217459,0.03265,0.189982,0.080519,0.101989,0.172031,0.007384,0.474847,Baseline5UAV,Baseline5UAV-22-20260922-20:31:48-1127386,3,Baseline5UAV-22-20260922-20:31:48-1127386|phase2|3,22,22,22,sha3,5,,,,1.10475,0.189982,0.006994,0.009889,0.103642,0.001223,0.007102,0.010128,0.097902,0.001653,104,85,43,275,1,0
79,1,1.217881,0.456356,0.761525,507,sha3,OMNeT++; module=UavAuthNetwork.uav[4]; config=Baseline5UAV,0.29673,0.046907,0.249792,0.075981,0.253849,0.03276,0.200552,0.075981,0.10251,0.178721,0.007664,0.507675,Baseline5UAV,Baseline5UAV-22-20260922-20:31:48-1127386,4,Baseline5UAV-22-20260922-20:31:48-1127386|phase2|4,22,22,22,sha3,5,,,,1.190037,0.200552,0.006992,0.009978,0.099605,0.001303,0.007123,0.010189,0.098423,0.001803,104,85,43,275,1,0
80,1,1.198605,0.476071,0.722534,507,sha3,OMNeT++; module=UavAuthNetwork.uav[0]; config=Baseline5UAV,0.310765,0.048791,0.242383,0.078305,0.234018,0.036598,0.206583,0.078305,0.105726,0.178685,0.008696,0.488516,Baseline5UAV,Baseline5UAV-23-20260922-20:31:48-1127386,0,Baseline5UAV-23-20260922-20:31:48-1127386|phase2|0,23,23,23,sha3,5,,,,1.143603,0.206583,0.007664,0.010861,0.104093,0.001873,0.007533,0.01052,0.099154,0.003607,104,85,43,275,1,0
81,1,1.16265,0.456957,0.705693,507,sha3,OMNeT++; module=UavAuthNetwork.uav[1]; config=Baseline5UAV,0.291881,0.047608,0.267206,0.076161,0.236823,0.032951,0.195632,0.076161,0.10773,0.167742,0.012754,0.46887,Baseline5UAV,Baseline5UAV-23-20260922-20:31:48-1127386,1,Baseline5UAV-23-20260922-20:31:48-1127386|phase2|1,23,23,23,sha3,5,,,,1.140641,0.195632,0.007143,0.010009,0.099063,0.002274,0.007204,0.010198,0.098352,0.002665,104,85,43,275,1,0
82,1,1.222336,0.532535,0.689801,507,sha3,OMNeT++; module=UavAuthNetwork.uav[2]; config=Baseline5UAV,0.369464,0.04869,0.240521,0.077523,0.214457,0.060172,0.23225,0.077523,0.104203,0.182598,0.008025,0.475344,Baseline5UAV,Baseline5UAV-23-20260922-20:31:48-1127386,2,Baseline5UAV-23-20260922-20:31:48-1127386|phase2|2,23,23,23,sha3,5,,,,1.11292,0.23225,0.007423,0.01098,0.102319,0.001483,0.007303,0.010559,0.098824,0.002605,104,85,43,275,1,0
83,1,1.154012,0.449613,0.704399,507,sha3,OMNeT++; module=UavAuthNetwork.uav[3]; config=Baseline5UAV,0.289426,0.047307,0.240779,0.076111,0.22304,0.032951,0.191084,0.076111,0.110935,0.180322,0.007965,0.481359,Baseline5UAV,Baseline5UAV-23-20260922-20:31:48-1127386,3,Baseline5UAV-23-20260922-20:31:48-1127386|phase2|3,23,23,23,sha3,5,,,,1.125499,0.191084,0.007053,0.009929,0.099244,0.001372,0.007093,0.010439,0.106007,0.002034,104,85,43,275,1,0
84,1,1.153702,0.457816,0.695886,507,sha3,OMNeT++; module=UavAuthNetwork.uav[4]; config=Baseline5UAV,0.29743,0.047818,0.266499,0.076391,0.220448,0.032661,0.19477,0.076391,0.10262,0.163378,0.007604,0.475438,Baseline5UAV,Baseline5UAV-23-20260922-20:31:48-1127386,4,Baseline5UAV-23-20260922-20:31:48-1127386|phase2|4,23,23,23,sha3,5,,,,1.125762,0.19477,0.007174,0.009999,0.104493,0.001282,0.007173,0.01051,0.098743,0.001823,104,85,43,275,1,0
85,1,1.163243,0.455794,0.707449,507,sha3,OMNeT++; module=UavAuthNetwork.uav[0]; config=Baseline5UAV,0.289546,0.049262,0.257651,0.078666,0.238577,0.033162,0.186866,0.078666,0.110525,0.159799,0.008916,0.468872,Baseline5UAV,Baseline5UAV-24-20260922-20:31:48-1127386,0,Baseline5UAV-24-20260922-20:31:48-1127386|phase2|0,24,24,24,sha3,5,,,,1.124898,0.186866,0.007653,0.01061,0.106727,0.002013,0.007423,0.01041,0.099193,0.007704,104,85,43,275,1,0
86,1,1.190722,0.455031,0.735691,507,sha3,OMNeT++; module=UavAuthNetwork.uav[1]; config=Baseline5UAV,0.294715,0.047749,0.273293,0.076221,0.229632,0.032851,0.197826,0.076221,0.10297,0.178642,0.007874,0.506059,Baseline5UAV,Baseline5UAV-24-20260922-20:31:48-1127386,1,Baseline5UAV-24-20260922-20:31:48-1127386|phase2|1,24,24,24,sha3,5,,,,1.187627,0.197826,0.007173,0.010068,0.100216,0.001433,0.007213,0.010098,0.098392,0.002064,104,85,43,275,1,0
87,1,1.170669,0.468089,0.70258,507,sha3,OMNeT++; module=UavAuthNetwork.uav[2]; config=Baseline5UAV,0.298994,0.046987,0.267996,0.08075,0.22367,0.032911,0.197836,0.08075,0.102229,0.175181,0.007595,0.478911,Baseline5UAV,Baseline5UAV-24-20260922-20:31:48-1127386,2,Baseline5UAV-24-20260922-20:31:48-1127386|phase2|2,24,24,24,sha3,5,,,,1.145757,0.197836,0.007082,0.0099,0.108691,0.001232,0.007093,0.009998,0.098463,0.001773,104,85,43,275,1,0
88,1,1.160774,0.461515,0.699259,507,sha3,OMNeT++; module=UavAuthNetwork.uav[3]; config=Baseline5UAV,0.301508,0.052217,0.242403,0.076191,0.217134,0.03269,0.20477,0.076191,0.10261,0.186573,0.007625,0.482125,Baseline5UAV,Baseline5UAV-24-20260922-20:31:48-1127386,3,Baseline5UAV-24-20260922-20:31:48-1127386|phase2|3,24,24,24,sha3,5,,,,1.128235,0.20477,0.007033,0.009979,0.100196,0.001312,0.007073,0.010129,0.103162,0.001964,104,85,43,275,1,0
89,1,1.162513,0.449302,0.713211,507,sha3,OMNeT++; module=UavAuthNetwork.uav[4]; config=Baseline5UAV,0.289887,0.047058,0.251219,0.07556,0.22615,0.03266,0.19458,0.07556,0.113811,0.162371,0.008295,0.487061,Baseline5UAV,Baseline5UAV-24-20260922-20:31:48-1127386,4,Baseline5UAV-24-20260922-20:31:48-1127386|phase2|4,24,24,24,sha3,5,,,,1.1268,0.19458,0.006964,0.009848,0.098793,0.001373,0.007282,0.01021,0.098542,0.002194,104,85,43,275,1,0
90,1,1.189641,0.455333,0.734308,507,sha3,OMNeT++; module=UavAuthNetwork.uav[0]; config=Baseline5UAV,0.290197,0.04891,0.240734,0.078185,0.246942,0.032931,0.189892,0.078185,0.105446,0.162597,0.008766,0.487366,Baseline5UAV,Baseline5UAV-25-20260922-20:31:48-1127386,0,Baseline5UAV-25-20260922-20:31:48-1127386|phase2|0,25,25,25,sha3,5,,,,1.13764,0.189892,0.007724,0.01047,0.103591,0.001894,0.007534,0.010509,0.099213,0.003216,104,85,43,275,1,0
91,1,1.167291,0.456043,0.711248,507,sha3,OMNeT++; module=UavAuthNetwork.uav[1]; config=Baseline5UAV,0.295317,0.047639,0.255172,0.076471,0.218511,0.032881,0.198046,0.076471,0.10292,0.170418,0.007784,0.492738,Baseline5UAV,Baseline5UAV-25-20260922-20:31:48-1127386,1,Baseline5UAV-25-20260922-20:31:48-1127386|phase2|1,25,25,25,sha3,5,,,,1.136839,0.198046,0.007173,0.010098,0.100066,0.001373,0.007163,0.010228,0.098161,0.002064,104,85,43,275,1,0
92,1,1.144976,0.449272,0.695704,507,sha3,OMNeT++; module=UavAuthNetwork.uav[2]; config=Baseline5UAV,0.280149,0.047017,0.251892,0.080739,0.219806,0.032721,0.184782,0.080739,0.102209,0.173166,0.007645,0.475899,Baseline5UAV,Baseline5UAV-25-20260922-20:31:48-1127386,2,Baseline5UAV-25-20260922-20:31:48-1127386|phase2|2,25,25,25,sha3,5,,,,1.120762,0.184782,0.007054,0.009888,0.103933,0.001272,0.007142,0.010159,0.098312,0.001783,104,85,43,275,1,0
93,1,1.179278,0.457448,0.72183,507,sha3,OMNeT++; module=UavAuthNetwork.uav[3]; config=Baseline5UAV,0.296409,0.052517,0.286799,0.076722,0.247946,0.03259,0.19977,0.076722,0.103131,0.174966,0.007595,0.473885,Baseline5UAV,Baseline5UAV-25-20260922-20:31:48-1127386,3,Baseline5UAV-25-20260922-20:31:48-1127386|phase2|3,25,25,25,sha3,5,,,,1.183596,0.19977,0.007255,0.010069,0.100285,0.001292,0.007043,0.01027,0.103601,0.001944,104,85,43,275,1,0
94,1,1.159942,0.450324,0.709618,507,sha3,OMNeT++; module=UavAuthNetwork.uav[4]; config=Baseline5UAV,0.290848,0.046667,0.258933,0.075941,0.229149,0.032771,0.195111,0.075941,0.101878,0.175415,0.007594,0.480468,Baseline5UAV,Baseline5UAV-25-20260922-20:31:48-1127386,4,Baseline5UAV-25-20260922-20:31:48-1127386|phase2|4,25,25,25,sha3,5,,,,1.143965,0.195111,0.007023,0.009899,0.098913,0.001272,0.007053,0.010049,0.097982,0.001703,104,85,43,275,1,0
95,1,1.164379,0.462688,0.701691,507,sha3,OMNeT++; module=UavAuthNetwork.uav[0]; config=Baseline5UAV,0.295608,0.049181,0.260102,0.078696,0.221736,0.033271,0.192987,0.078696,0.119621,0.160725,0.009688,0.479955,Baseline5UAV,Baseline5UAV-26-20260922-20:31:48-1127386,0,Baseline5UAV-26-20260922-20:31:48-1127386|phase2|0,26,26,26,sha3,5,,,,1.122518,0.192987,0.007724,0.0107,0.105244,0.002044,0.007464,0.010509,0.099084,0.01625,104,85,43,275,1,0
96,1,1.13849,0.455653,0.682837,507,sha3,OMNeT++; module=UavAuthNetwork.uav[1]; config=Baseline5UAV,0.294755,0.047719,0.241321,0.076622,0.214613,0.033011,0.197436,0.076622,0.10286,0.167288,0.007654,0.468224,Baseline5UAV,Baseline5UAV-26-20260922-20:31:48-1127386,1,Baseline5UAV-26-20260922-20:31:48-1127386|phase2|1,26,26,26,sha3,5,,,,1.091446,0.197436,0.007173,0.010069,0.100315,0.001313,0.007183,0.010298,0.098151,0.001874,104,85,43,275,1,0
97,1,1.148171,0.454051,0.69412,507,sha3,OMNeT++; module=UavAuthNetwork.uav[2]; config=Baseline5UAV,0.294204,0.046826,0.252638,0.075971,0.224514,0.032661,0.192436,0.075971,0.113129,0.163525,0.007905,0.469605,Baseline5UAV,Baseline5UAV-26-20260922-20:31:48-1127386,2,Baseline5UAV-26-20260922-20:31:48-1127386|phase2|2,26,26,26,sha3,5,,,,1.110283,0.192436,0.007012,0.009869,0.104704,0.001322,0.01629,0.0104,0.099293,0.001974,104,85,43,275,1,0
98,1,1.154925,0.451084,0.703841,507,sha3,OMNeT++; module=UavAuthNetwork.uav[3]; config=Baseline5UAV,0.292111,0.046967,0.254989,0.07578,0.216081,0.03281,0.195592,0.07578,0.10218,0.170392,0.007413,0.48776,Baseline5UAV,Baseline5UAV-26-20260922-20:31:48-1127386,3,Baseline5UAV-26-20260922-20:31:48-1127386|phase2|3,26,26,26,sha3,5,,,,1.129222,0.195592,0.007043,0.009958,0.098933,0.001202,0.007114,0.009949,0.098091,0.001653,104,85,43,275,1,0
99,1,1.218124,0.454362,0.763762,507,sha3,OMNeT++; module=UavAuthNetwork.uav[4]; config=Baseline5UAV,0.29166,0.056634,0.261182,0.077524,0.253807,0.03259,0.195712,0.077524,0.102891,0.191248,0.007654,0.509954,Baseline5UAV,Baseline5UAV-26-20260922-20:31:48-1127386,4,Baseline5UAV-26-20260922-20:31:48-1127386|phase2|4,26,26,26,sha3,5,,,,1.216192,0.195712,0.007142,0.010139,0.100156,0.001302,0.009326,0.010319,0.098323,0.002014,104,85,43,275,1,0
100,1,1.171332,0.455905,0.715427,507,sha3,OMNeT++; module=UavAuthNetwork.uav[0]; config=Baseline5UAV,0.292191,0.048731,0.25924,0.077584,0.229087,0.032911,0.193398,0.077584,0.104774,0.162518,0.008546,0.486341,Baseline5UAV,Baseline5UAV-27-20260922-20:31:48-1127386,0,Baseline5UAV-27-20260922-20:31:48-1127386|phase2|0,27,27,27,sha3,5,,,,1.137185,0.193398,0.007575,0.010549,0.103162,0.001843,0.007523,0.01059,0.098774,0.003145,104,85,43,275,1,0
101,1,1.158305,0.469249,0.689056,507,sha3,OMNeT++; module=UavAuthNetwork.uav[1]; config=Baseline5UAV,0.299835,0.052718,0.253931,0.08084,0.215084,0.032871,0.201984,0.08084,0.102801,0.201939,0.007734,0.473972,Baseline5UAV,Baseline5UAV-27-20260922-20:31:48-1127386,1,Baseline5UAV-27-20260922-20:31:48-1127386|phase2|1,27,27,27,sha3,5,,,,1.144926,0.201984,0.007194,0.009978,0.104513,0.001363,0.007194,0.010258,0.10271,0.002034,104,85,43,275,1,0
102,1,1.158104,0.440017,0.718087,507,sha3,OMNeT++; module=UavAuthNetwork.uav[2]; config=Baseline5UAV,0.282343,0.046396,0.240349,0.07512,0.24702,0.03237,0.186896,0.07512,0.100777,0.168636,0.007434,0.471067,Baseline5UAV,Baseline5UAV-27-20260922-20:31:48-1127386,2,Baseline5UAV-27-20260922-20:31:48-1127386|phase2|2,27,27,27,sha3,5,,,,1.127073,0.186896,0.006952,0.009798,0.097931,0.001203,0.007034,0.010018,0.096949,0.001714,104,85,43,275,1,0
103,1,1.159691,0.457065,0.702626,507,sha3,OMNeT++; module=UavAuthNetwork.uav[3]; config=Baseline5UAV,0.299233,0.047929,0.257679,0.075089,0.222586,0.03279,0.193829,0.075089,0.101198,0.172488,0.007654,0.48004,Baseline5UAV,Baseline5UAV-27-20260922-20:31:48-1127386,3,Baseline5UAV-27-20260922-20:31:48-1127386|phase2|3,27,27,27,sha3,5,,,,1.132793,0.193829,0.007022,0.009848,0.098843,0.001323,0.007064,0.009999,0.098011,0.001953,104,85,43,275,1,0
104,1,1.158739,0.443051,0.715688,507,sha3,OMNeT++; module=UavAuthNetwork.uav[4]; config=Baseline5UAV,0.285749,0.046055,0.253806,0.074899,0.225095,0.03252,0.191154,0.074899,0.106887,0.185582,0.007504,0.490593,Baseline5UAV,Baseline5UAV-27-20260922-20:31:48-1127386,4,Baseline5UAV-27-20260922-20:31:48-1127386|phase2|4,27,27,27,sha3,5,,,,1.155077,0.191154,0.006974,0.009738,0.09774,0.001252,0.006993,0.010209,0.10234,0.001844,104,85,43,275,1,0
105,1,1.237112,0.468458,0.768654,507,sha3,OMNeT++; module=UavAuthNetwork.uav[0]; config=Baseline5UAV,0.301248,0.04857,0.242905,0.079137,0.25088,0.032941,0.197796,0.079137,0.118018,0.166178,0.008936,0.517774,Baseline5UAV,Baseline5UAV-28-20260922-20:31:48-1127386,0,Baseline5UAV-28-20260922-20:31:48-1127386|phase2|0,28,28,28,sha3,5,,,,1.177738,0.197796,0.007714,0.01069,0.107238,0.002014,0.007495,0.0106,0.098583,0.007023,104,85,43,275,1,0
106,1,1.145448,0.439384,0.706064,507,sha3,OMNeT++; module=UavAuthNetwork.uav[1]; config=Baseline5UAV,0.279447,0.048059,0.248034,0.076061,0.235746,0.03273,0.18323,0.076061,0.10233,0.166385,0.007815,0.470317,Baseline5UAV,Baseline5UAV-28-20260922-20:31:48-1127386,1,Baseline5UAV-28-20260922-20:31:48-1127386|phase2|1,28,28,28,sha3,5,,,,1.120483,0.18323,0.007102,0.010049,0.099394,0.001292,0.007184,0.010188,0.097841,0.001823,104,85,43,275,1,0
107,1,1.145101,0.460362,0.684739,507,sha3,OMNeT++; module=UavAuthNetwork.uav[2]; config=Baseline5UAV,0.287292,0.051445,0.248771,0.082713,0.216791,0.03253,0.187558,0.082713,0.103041,0.167661,0.007644,0.467948,Baseline5UAV,Baseline5UAV-28-20260922-20:31:48-1127386,2,Baseline5UAV-28-20260922-20:31:48-1127386|phase2|2,28,28,28,sha3,5,,,,1.101171,0.187558,0.007074,0.017022,0.103161,0.001312,0.007274,0.010329,0.102971,0.002044,104,85,43,275,1,0
108,1,1.163859,0.451636,0.712223,507,sha3,OMNeT++; module=UavAuthNetwork.uav[3]; config=Baseline5UAV,0.293232,0.051846,0.2634,0.07551,0.241862,0.032801,0.193087,0.07551,0.101568,0.166566,0.007384,0.47036,Baseline5UAV,Baseline5UAV-28-20260922-20:31:48-1127386,3,Baseline5UAV-28-20260922-20:31:48-1127386|phase2|3,28,28,28,sha3,5,,,,1.142189,0.193087,0.006973,0.009988,0.10319,0.001233,0.007134,0.009948,0.10235,0.001703,104,85,43,275,1,0
109,1,1.147526,0.449853,0.697673,507,sha3,OMNeT++; module=UavAuthNetwork.uav[4]; config=Baseline5UAV,0.290899,0.053239,0.243562,0.07572,0.216056,0.03248,0.196143,0.07572,0.101888,0.163316,0.007514,0.481617,Baseline5UAV,Baseline5UAV-28-20260922-20:31:48-1127386,4,Baseline5UAV-28-20260922-20:31:48-1127386|phase2|4,28,28,28,sha3,5,,,,1.104552,0.196143,0.007034,0.009958,0.098413,0.001283,0.007193,0.010089,0.103892,0.001884,104,85,43,275,1,0
110,1,1.189711,0.486242,0.703469,507,sha3,OMNeT++; module=UavAuthNetwork.uav[0]; config=Baseline5UAV,0.31289,0.04827,0.263862,0.082343,0.222882,0.032971,0.212864,0.082343,0.104824,0.166121,0.008666,0.480587,Baseline5UAV,Baseline5UAV-29-20260922-20:31:48-1127386,0,Baseline5UAV-29-20260922-20:31:48-1127386|phase2|0,29,29,29,sha3,5,,,,1.133451,0.212864,0.007645,0.010529,0.107769,0.001833,0.007414,0.0105,0.098363,0.003226,104,85,43,275,1,0
111,1,1.189315,0.459308,0.730007,507,sha3,OMNeT++; module=UavAuthNetwork.uav[1]; config=Baseline5UAV,0.299334,0.047548,0.313776,0.07609,0.241372,0.032941,0.201393,0.07609,0.10287,0.190015,0.007794,0.488635,Baseline5UAV,Baseline5UAV-29-20260922-20:31:48-1127386,1,Baseline5UAV-29-20260922-20:31:48-1127386|phase2|1,29,29,29,sha3,5,,,,1.233798,0.201393,0.007164,0.010028,0.099695,0.001353,0.007163,0.010168,0.098032,0.002094,104,85,43,275,1,0
112,1,1.194138,0.471223,0.722915,507,sha3,OMNeT++; module=UavAuthNetwork.uav[2]; config=Baseline5UAV,0.30276,0.047077,0.262571,0.080359,0.247689,0.0324,0.202395,0.080359,0.109613,0.158738,0.007745,0.475226,Baseline5UAV,Baseline5UAV-29-20260922-20:31:48-1127386,2,Baseline5UAV-29-20260922-20:31:48-1127386|phase2|2,29,29,29,sha3,5,,,,1.144224,0.202395,0.007044,0.009849,0.10826,0.001312,0.007102,0.01046,0.105044,0.001983,104,85,43,275,1,0
113,1,1.175939,0.463056,0.712883,507,sha3,OMNeT++; module=UavAuthNetwork.uav[3]; config=Baseline5UAV,0.304714,0.047127,0.277457,0.075449,0.229161,0.03277,0.208657,0.075449,0.101568,0.1716,0.007444,0.483722,Baseline5UAV,Baseline5UAV-29-20260922-20:31:48-1127386,3,Baseline5UAV-29-20260922-20:31:48-1127386|phase2|3,29,29,29,sha3,5,,,,1.16194,0.208657,0.007012,0.009808,0.098773,0.001222,0.007094,0.010049,0.09759,0.001653,104,85,43,275,1,0
114,1,1.207652,0.476811,0.730841,507,sha3,OMNeT++; module=UavAuthNetwork.uav[4]; config=Baseline5UAV,0.307589,0.053459,0.249395,0.080779,0.233989,0.03245,0.212813,0.080779,0.101839,0.162719,0.007664,0.496853,Baseline5UAV,Baseline5UAV-29-20260922-20:31:48-1127386,4,Baseline5UAV-29-20260922-20:31:48-1127386|phase2|4,29,29,29,sha3,5,,,,1.142955,0.212813,0.007023,0.010028,0.103151,0.001312,0.007183,0.010149,0.104234,0.001903,104,85,43,275,1,0
115,1,1.156447,0.454713,0.701734,507,sha3,OMNeT++; module=UavAuthNetwork.uav[0]; config=Baseline5UAV,0.290949,0.04826,0.24529,0.077524,0.228124,0.032841,0.191615,0.077524,0.105145,0.182401,0.008716,0.473611,Baseline5UAV,Baseline5UAV-3-20260922-20:31:47-1127386,0,Baseline5UAV-3-20260922-20:31:47-1127386|phase2|0,3,3,3,sha3,5,,,,1.129425,0.191615,0.007595,0.010478,0.103112,0.001843,0.007454,0.01037,0.098713,0.003256,104,85,43,275,1,0
116,1,1.152908,0.457267,0.695641,507,sha3,OMNeT++; module=UavAuthNetwork.uav[1]; config=Baseline5UAV,0.29717,0.052637,0.24042,0.076111,0.223136,0.03259,0.19983,0.076111,0.102991,0.191619,0.007875,0.472505,Baseline5UAV,Baseline5UAV-3-20260922-20:31:47-1127386,1,Baseline5UAV-3-20260922-20:31:47-1127386|phase2|1,3,3,3,sha3,5,,,,1.12768,0.19983,0.007153,0.010149,0.099745,0.001393,0.007224,0.010319,0.102749,0.002144,104,85,43,275,1,0
117,1,1.170783,0.4539,0.716883,507,sha3,OMNeT++; module=UavAuthNetwork.uav[2]; config=Baseline5UAV,0.294866,0.046876,0.254148,0.07571,0.238638,0.03271,0.199209,0.07571,0.101638,0.166725,0.007614,0.478244,Baseline5UAV,Baseline5UAV-3-20260922-20:31:47-1127386,2,Baseline5UAV-3-20260922-20:31:47-1127386|phase2|2,3,3,3,sha3,5,,,,1.137756,0.199209,0.007003,0.009779,0.098833,0.001242,0.007073,0.010109,0.097831,0.001794,104,85,43,275,1,0
118,1,1.155497,0.447871,0.707626,507,sha3,OMNeT++; module=UavAuthNetwork.uav[3]; config=Baseline5UAV,0.289887,0.046657,0.253122,0.07523,0.218201,0.032611,0.19446,0.07523,0.101197,0.175517,0.007524,0.489424,Baseline5UAV,Baseline5UAV-3-20260922-20:31:47-1127386,3,Baseline5UAV-3-20260922-20:31:47-1127386|phase2|3,3,3,3,sha3,5,,,,1.136264,0.19446,0.006932,0.009848,0.098602,0.001273,0.006964,0.009988,0.09689,0.001863,104,85,43,275,1,0
119,1,1.163343,0.444984,0.718359,507,sha3,OMNeT++; module=UavAuthNetwork.uav[4]; config=Baseline5UAV,0.28617,0.046827,0.251689,0.07565,0.220603,0.032169,0.191956,0.07565,0.101297,0.163788,0.007514,0.497756,Baseline5UAV,Baseline5UAV-3-20260922-20:31:47-1127386,4,Baseline5UAV-3-20260922-20:31:47-1127386|phase2|4,3,3,3,sha3,5,,,,1.133836,0.191956,0.006924,0.010048,0.098121,0.001192,0.006993,0.010119,0.09729,0.001633,104,85,43,275,1,0
120,1,1.184229,0.472965,0.711264,507,sha3,OMNeT++; module=UavAuthNetwork.uav[0]; config=Baseline5UAV,0.298623,0.049462,0.249096,0.082743,0.229102,0.033421,0.195713,0.082743,0.117477,0.184711,0.008856,0.482162,Baseline5UAV,Baseline5UAV-4-20260922-20:31:47-1127386,0,Baseline5UAV-4-20260922-20:31:47-1127386|phase2|0,4,4,4,sha3,5,,,,1.145071,0.195713,0.007644,0.010509,0.110584,0.002004,0.007402,0.010639,0.106318,0.007354,104,85,43,275,1,0
121,1,1.158681,0.447099,0.711582,507,sha3,OMNeT++; module=UavAuthNetwork.uav[1]; config=Baseline5UAV,0.288023,0.046987,0.249227,0.075771,0.229434,0.0326,0.192547,0.075771,0.101638,0.176481,0.007534,0.482147,Baseline5UAV,Baseline5UAV-4-20260922-20:31:47-1127386,1,Baseline5UAV-4-20260922-20:31:47-1127386|phase2|1,4,4,4,sha3,5,,,,1.137289,0.192547,0.007143,0.009979,0.098393,0.001243,0.007144,0.009919,0.09709,0.001823,104,85,43,275,1,0
122,1,1.196429,0.462506,0.733923,507,sha3,OMNeT++; module=UavAuthNetwork.uav[2]; config=Baseline5UAV,0.289536,0.046596,0.295182,0.082693,0.234041,0.032089,0.191003,0.082693,0.101778,0.165744,0.007584,0.499882,Baseline5UAV,Baseline5UAV-4-20260922-20:31:47-1127386,2,Baseline5UAV-4-20260922-20:31:47-1127386|phase2|2,4,4,4,sha3,5,,,,1.194849,0.191003,0.006934,0.010229,0.109853,0.001252,0.007072,0.010339,0.09724,0.001874,104,85,43,275,1,0
123,1,1.16922,0.443711,0.725509,507,sha3,OMNeT++; module=UavAuthNetwork.uav[3]; config=Baseline5UAV,0.285999,0.046607,0.239858,0.075159,0.251352,0.0323,0.190573,0.075159,0.100767,0.176525,0.007394,0.474157,Baseline5UAV,Baseline5UAV-4-20260922-20:31:47-1127386,3,Baseline5UAV-4-20260922-20:31:47-1127386|phase2|3,4,4,4,sha3,5,,,,1.141892,0.190573,0.006953,0.009808,0.098061,0.001182,0.006953,0.009959,0.09708,0.001563,104,85,43,275,1,0
124,1,1.133567,0.447819,0.685748,507,sha3,OMNeT++; module=UavAuthNetwork.uav[4]; config=Baseline5UAV,0.289727,0.053038,0.255884,0.075239,0.217466,0.032209,0.195402,0.075239,0.101728,0.158432,0.007614,0.468281,Baseline5UAV,Baseline5UAV-4-20260922-20:31:47-1127386,4,Baseline5UAV-4-20260922-20:31:47-1127386|phase2|4,4,4,4,sha3,5,,,,1.100064,0.195402,0.006884,0.009998,0.097801,0.001272,0.013114,0.010139,0.0976,0.001823,104,85,43,275,1,0
125,1,1.145865,0.459912,0.685953,507,sha3,OMNeT++; module=UavAuthNetwork.uav[0]; config=Baseline5UAV,0.295808,0.04865,0.275212,0.077654,0.218095,0.032921,0.195562,0.077654,0.11343,0.182674,0.008796,0.467858,Baseline5UAV,Baseline5UAV-5-20260922-20:31:47-1127386,0,Baseline5UAV-5-20260922-20:31:47-1127386|phase2|0,5,5,5,sha3,5,,,,1.143839,0.195562,0.007763,0.010369,0.103191,0.001874,0.007504,0.010589,0.098583,0.003316,104,85,43,275,1,0
126,1,1.171651,0.452828,0.718823,507,sha3,OMNeT++; module=UavAuthNetwork.uav[1]; config=Baseline5UAV,0.292752,0.047257,0.241244,0.076181,0.238776,0.032711,0.196103,0.076181,0.101879,0.157833,0.007714,0.480047,Baseline5UAV,Baseline5UAV-5-20260922-20:31:47-1127386,1,Baseline5UAV-5-20260922-20:31:47-1127386|phase2|1,5,5,5,sha3,5,,,,1.1179,0.196103,0.007143,0.009969,0.099674,0.001303,0.007243,0.010149,0.09746,0.001793,104,85,43,275,1,0
127,1,1.168167,0.43871,0.729457,507,sha3,OMNeT++; module=UavAuthNetwork.uav[2]; config=Baseline5UAV,0.280158,0.046626,0.257922,0.075379,0.245188,0.032581,0.185303,0.075379,0.109853,0.161718,0.007794,0.484269,Baseline5UAV,Baseline5UAV-5-20260922-20:31:47-1127386,2,Baseline5UAV-5-20260922-20:31:47-1127386|phase2|2,5,5,5,sha3,5,,,,1.149096,0.185303,0.006992,0.009798,0.098533,0.001332,0.007162,0.010378,0.105185,0.001964,104,85,43,275,1,0
128,1,1.168187,0.436598,0.731589,507,sha3,OMNeT++; module=UavAuthNetwork.uav[3]; config=Baseline5UAV,0.278656,0.046796,0.24837,0.075279,0.237989,0.03247,0.183771,0.075279,0.101538,0.159198,0.007384,0.493601,Baseline5UAV,Baseline5UAV-5-20260922-20:31:47-1127386,3,Baseline5UAV-5-20260922-20:31:47-1127386|phase2|3,5,5,5,sha3,5,,,,1.139158,0.183771,0.006975,0.009828,0.098372,0.001192,0.007052,0.009868,0.09755,0.001693,104,85,43,275,1,0
129,1,1.150546,0.462957,0.687589,507,sha3,OMNeT++; module=UavAuthNetwork.uav[4]; config=Baseline5UAV,0.290107,0.046867,0.25027,0.082583,0.214266,0.03231,0.196504,0.082583,0.102399,0.180112,0.007684,0.473323,Baseline5UAV,Baseline5UAV-5-20260922-20:31:47-1127386,4,Baseline5UAV-5-20260922-20:31:47-1127386|phase2|4,5,5,5,sha3,5,,,,1.117971,0.196504,0.007033,0.010179,0.104945,0.001313,0.007143,0.010149,0.097691,0.001824,104,85,43,275,1,0
130,1,1.172327,0.45852,0.713807,507,sha3,OMNeT++; module=UavAuthNetwork.uav[0]; config=Baseline5UAV,0.292201,0.057086,0.276062,0.078716,0.227496,0.033182,0.18926,0.078716,0.110364,0.16914,0.008887,0.486311,Baseline5UAV,Baseline5UAV-6-20260922-20:31:47-1127386,0,Baseline5UAV-6-20260922-20:31:47-1127386|phase2|0,6,6,6,sha3,5,,,,1.159009,0.18926,0.007744,0.01081,0.106558,0.001994,0.007553,0.010259,0.107038,0.008286,104,85,43,275,1,0
131,1,1.160988,0.460253,0.700735,507,sha3,OMNeT++; module=UavAuthNetwork.uav[1]; config=Baseline5UAV,0.291851,0.047328,0.250235,0.080419,0.218413,0.0327,0.191765,0.080419,0.101948,0.165182,0.007564,0.482322,Baseline5UAV,Baseline5UAV-6-20260922-20:31:47-1127386,1,Baseline5UAV-6-20260922-20:31:47-1127386|phase2|1,6,6,6,sha3,5,,,,1.116153,0.191765,0.007053,0.009858,0.108201,0.001273,0.007054,0.010008,0.097992,0.001793,104,85,43,275,1,0
132,1,1.175448,0.459329,0.716119,507,sha3,OMNeT++; module=UavAuthNetwork.uav[2]; config=Baseline5UAV,0.291499,0.051285,0.252546,0.080158,0.225154,0.03234,0.196423,0.080158,0.101488,0.168791,0.007514,0.490965,Baseline5UAV,Baseline5UAV-6-20260922-20:31:47-1127386,2,Baseline5UAV-6-20260922-20:31:47-1127386|phase2|2,6,6,6,sha3,5,,,,1.137456,0.196423,0.007044,0.009828,0.103692,0.001252,0.007034,0.010068,0.102049,0.001914,104,85,43,275,1,0
133,1,1.131309,0.446155,0.685154,507,sha3,OMNeT++; module=UavAuthNetwork.uav[3]; config=Baseline5UAV,0.288314,0.046586,0.250213,0.075269,0.215991,0.032269,0.19445,0.075269,0.100716,0.183391,0.007303,0.469163,Baseline5UAV,Baseline5UAV-6-20260922-20:31:47-1127386,3,Baseline5UAV-6-20260922-20:31:47-1127386|phase2|3,6,6,6,sha3,5,,,,1.118758,0.19445,0.006834,0.009768,0.098202,0.001232,0.006973,0.010018,0.09701,0.001603,104,85,43,275,1,0
134,1,1.178399,0.454862,0.723537,507,sha3,OMNeT++; module=UavAuthNetwork.uav[4]; config=Baseline5UAV,0.287182,0.046646,0.269458,0.080098,0.246032,0.03238,0.192376,0.080098,0.101859,0.185829,0.007484,0.477506,Baseline5UAV,Baseline5UAV-6-20260922-20:31:47-1127386,4,Baseline5UAV-6-20260922-20:31:47-1127386|phase2|4,6,6,6,sha3,5,,,,1.178825,0.192376,0.006873,0.009708,0.103552,0.001332,0.007072,0.010029,0.097531,0.002034,104,85,43,275,1,0
135,1,1.170483,0.453158,0.717325,507,sha3,OMNeT++; module=UavAuthNetwork.uav[0]; config=Baseline5UAV,0.289586,0.055963,0.26807,0.077463,0.231358,0.032651,0.187407,0.077463,0.104183,0.160632,0.008646,0.485967,Baseline5UAV,Baseline5UAV-7-20260922-20:31:47-1127386,0,Baseline5UAV-7-20260922-20:31:47-1127386|phase2|0,7,7,7,sha3,5,,,,1.146027,0.187407,0.007584,0.0108,0.10264,0.001883,0.007554,0.010379,0.105816,0.003216,104,85,43,275,1,0
136,1,1.17325,0.45407,0.71918,507,sha3,OMNeT++; module=UavAuthNetwork.uav[1]; config=Baseline5UAV,0.295006,0.047367,0.246658,0.07569,0.23228,0.03267,0.193158,0.07569,0.10243,0.193886,0.007684,0.4869,Baseline5UAV,Baseline5UAV-7-20260922-20:31:47-1127386,1,Baseline5UAV-7-20260922-20:31:47-1127386|phase2|1,7,7,7,sha3,5,,,,1.159724,0.193158,0.007052,0.009878,0.103422,0.001302,0.007143,0.010039,0.098251,0.001943,104,85,43,275,1,0
137,1,1.212408,0.466093,0.746315,507,sha3,OMNeT++; module=UavAuthNetwork.uav[2]; config=Baseline5UAV,0.307419,0.046636,0.241457,0.07555,0.245236,0.03255,0.206563,0.07555,0.102028,0.159864,0.007574,0.501079,Baseline5UAV,Baseline5UAV-7-20260922-20:31:47-1127386,2,Baseline5UAV-7-20260922-20:31:47-1127386|phase2|2,7,7,7,sha3,5,,,,1.147636,0.206563,0.007054,0.009798,0.103923,0.001313,0.007114,0.010039,0.097921,0.001853,104,85,43,275,1,0
138,1,1.147071,0.447818,0.699253,507,sha3,OMNeT++; module=UavAuthNetwork.uav[3]; config=Baseline5UAV,0.289937,0.046687,0.240425,0.075199,0.230308,0.03243,0.194901,0.075199,0.101417,0.17877,0.007483,0.468945,Baseline5UAV,Baseline5UAV-7-20260922-20:31:47-1127386,3,Baseline5UAV-7-20260922-20:31:47-1127386|phase2|3,7,7,7,sha3,5,,,,1.118448,0.194901,0.006875,0.009738,0.098282,0.001192,0.006973,0.009948,0.097471,0.001603,104,85,43,275,1,0
139,1,1.178328,0.456326,0.722002,507,sha3,OMNeT++; module=UavAuthNetwork.uav[4]; config=Baseline5UAV,0.296349,0.047548,0.248756,0.076131,0.23625,0.03235,0.196033,0.076131,0.10264,0.189866,0.007715,0.485752,Baseline5UAV,Baseline5UAV-7-20260922-20:31:47-1127386,4,Baseline5UAV-7-20260922-20:31:47-1127386|phase2|4,7,7,7,sha3,5,,,,1.160625,0.196033,0.006993,0.01013,0.104373,0.001332,0.007082,0.010359,0.098081,0.002073,104,85,43,275,1,0
140,1,1.194401,0.45977,0.734631,507,sha3,OMNeT++; module=UavAuthNetwork.uav[0]; config=Baseline5UAV,0.292882,0.048951,0.249122,0.079036,0.238687,0.033052,0.187697,0.079036,0.110284,0.159701,0.008816,0.495944,Baseline5UAV,Baseline5UAV-8-20260922-20:31:47-1127386,0,Baseline5UAV-8-20260922-20:31:47-1127386|phase2|0,8,8,8,sha3,5,,,,1.143454,0.187697,0.007744,0.01062,0.109273,0.001994,0.007424,0.01057,0.098873,0.007244,104,85,43,275,1,0
141,1,1.165061,0.456486,0.708575,507,sha3,OMNeT++; module=UavAuthNetwork.uav[1]; config=Baseline5UAV,0.297191,0.047307,0.259759,0.07581,0.234002,0.032691,0.200932,0.07581,0.101859,0.212482,0.007675,0.474574,Baseline5UAV,Baseline5UAV-8-20260922-20:31:47-1127386,1,Baseline5UAV-8-20260922-20:31:47-1127386|phase2|1,8,8,8,sha3,5,,,,1.180816,0.200932,0.007104,0.010029,0.099454,0.001382,0.007103,0.010138,0.09736,0.002003,104,85,43,275,1,0
142,1,1.163924,0.446297,0.717627,507,sha3,OMNeT++; module=UavAuthNetwork.uav[2]; config=Baseline5UAV,0.288775,0.046566,0.268814,0.075059,0.245198,0.03252,0.194641,0.075059,0.100796,0.16447,0.007404,0.472429,Baseline5UAV,Baseline5UAV-8-20260922-20:31:47-1127386,2,Baseline5UAV-8-20260922-20:31:47-1127386|phase2|2,8,8,8,sha3,5,,,,1.150911,0.194641,0.006913,0.009848,0.097661,0.001202,0.007234,0.010058,0.09705,0.001723,104,85,43,275,1,0
143,1,1.179473,0.456144,0.723329,507,sha3,OMNeT++; module=UavAuthNetwork.uav[3]; config=Baseline5UAV,0.29727,0.051886,0.257916,0.07566,0.243665,0.0323,0.202975,0.07566,0.101739,0.16482,0.007554,0.479664,Baseline5UAV,Baseline5UAV-8-20260922-20:31:47-1127386,3,Baseline5UAV-8-20260922-20:31:47-1127386|phase2|3,8,8,8,sha3,5,,,,1.146065,0.202975,0.006943,0.009928,0.098723,0.001272,0.007054,0.010139,0.102479,0.001763,104,85,43,275,1,0
144,1,1.16433,0.444222,0.720108,507,sha3,OMNeT++; module=UavAuthNetwork.uav[4]; config=Baseline5UAV,0.285909,0.046416,0.240381,0.075229,0.2142,0.03238,0.191344,0.075229,0.108421,0.169248,0.007855,0.505908,Baseline5UAV,Baseline5UAV-8-20260922-20:31:47-1127386,4,Baseline5UAV-8-20260922-20:31:47-1127386|phase2|4,8,8,8,sha3,5,,,,1.129737,0.191344,0.006963,0.009889,0.098012,0.001303,0.006973,0.009948,0.098082,0.001833,104,85,43,275,1,0
145,1,1.18979,0.4696,0.72019,507,sha3,OMNeT++; module=UavAuthNetwork.uav[0]; config=Baseline5UAV,0.306037,0.048419,0.251563,0.077423,0.219148,0.032911,0.20544,0.077423,0.105175,0.18766,0.008717,0.501041,Baseline5UAV,Baseline5UAV-9-20260922-20:31:47-1127386,0,Baseline5UAV-9-20260922-20:31:47-1127386|phase2|0,9,9,9,sha3,5,,,,1.159413,0.20544,0.007663,0.01065,0.103542,0.001864,0.007455,0.010339,0.098622,0.003466,104,85,43,275,1,0
146,1,1.154246,0.440887,0.713359,507,sha3,OMNeT++; module=UavAuthNetwork.uav[1]; config=Baseline5UAV,0.282042,0.047218,0.244955,0.07559,0.222312,0.0325,0.186105,0.07559,0.102239,0.181902,0.007665,0.491048,Baseline5UAV,Baseline5UAV-9-20260922-20:31:47-1127386,1,Baseline5UAV-9-20260922-20:31:47-1127386|phase2|1,9,9,9,sha3,5,,,,1.140216,0.186105,0.007095,0.009807,0.098491,0.001252,0.007262,0.009989,0.097701,0.001924,104,85,43,275,1,0
147,1,1.160765,0.446307,0.714458,507,sha3,OMNeT++; module=UavAuthNetwork.uav[2]; config=Baseline5UAV,0.287473,0.046626,0.248059,0.07562,0.222921,0.03238,0.191775,0.07562,0.101959,0.162516,0.007594,0.491536,Baseline5UAV,Baseline5UAV-9-20260922-20:31:47-1127386,2,Baseline5UAV-9-20260922-20:31:47-1127386|phase2|2,9,9,9,sha3,5,,,,1.125033,0.191775,0.007054,0.009908,0.099204,0.001303,0.007103,0.010029,0.097801,0.001893,104,85,43,275,1,0
148,1,1.150421,0.441828,0.708593,507,sha3,OMNeT++; module=UavAuthNetwork.uav[3]; config=Baseline5UAV,0.283875,0.046827,0.240398,0.07527,0.217952,0.03249,0.18905,0.07527,0.101628,0.1643,0.007413,0.490641,Baseline5UAV,Baseline5UAV-9-20260922-20:31:47-1127386,3,Baseline5UAV-9-20260922-20:31:47-1127386|phase2|3,9,9,9,sha3,5,,,,1.113291,0.18905,0.006943,0.009707,0.098321,0.001222,0.006924,0.010028,0.097811,0.001673,104,85,43,275,1,0
149,1,1.212305,0.449702,0.762603,507,sha3,OMNeT++; module=UavAuthNetwork.uav[4]; config=Baseline5UAV,0.290568,0.046917,0.259649,0.07578,0.26355,0.03233,0.195502,0.07578,0.102059,0.181167,0.007574,0.499053,Baseline5UAV,Baseline5UAV-9-20260922-20:31:47-1127386,4,Baseline5UAV-9-20260922-20:31:47-1127386|phase2|4,9,9,9,sha3,5,,,,1.203418,0.195502,0.007014,0.00983,0.098943,0.001283,0.007042,0.010159,0.097791,0.002053,104,85,43,275,1,0
150,1,1.791369,0.71319,1.078179,777,sha3,OMNeT++; module=UavAuthNetwork.uav[0]; config=StadiumSHA3,0.495698,0.056755,0.256671,0.102209,0.249728,0.039082,0.200571,0.102209,0.148504,0.183693,0.013074,0.828452,StadiumSHA3,StadiumSHA3-0-20260922-20:31:40-1127323,0,StadiumSHA3-0-20260922-20:31:40-1127323|phase2|0,0,0,0,sha3,10,,,,1.518543,0.200571,0.010079,0.014156,0.306076,0.004308,0.008726,0.012122,0.104625,0.016751,104,85,43,545,1,0
151,1,1.579153,0.4971,1.082053,777,sha3,OMNeT++; module=UavAuthNetwork.uav[1]; config=StadiumSHA3,0.309302,0.050273,0.251082,0.089185,0.240244,0.034274,0.202655,0.089185,0.128658,0.166001,0.009428,0.841809,StadiumSHA3,StadiumSHA3-0-20260922-20:31:40-1127323,1,StadiumSHA3-0-20260922-20:31:40-1127323|phase2|1,0,0,0,sha3,10,,,,1.499136,0.202655,0.007625,0.011651,0.112218,0.001533,0.007695,0.010369,0.101659,0.002445,104,85,43,545,1,0
152,1,1.523999,0.470531,1.053468,777,sha3,OMNeT++; module=UavAuthNetwork.uav[2]; config=StadiumSHA3,0.309483,0.047698,0.244435,0.076051,0.225942,0.033061,0.202705,0.076051,0.125402,0.174349,0.008946,0.827526,StadiumSHA3,StadiumSHA3-0-20260922-20:31:40-1127323,2,StadiumSHA3-0-20260922-20:31:40-1127323|phase2|2,0,0,0,sha3,10,,,,1.472252,0.202705,0.007253,0.010159,0.099605,0.001373,0.007254,0.01031,0.097911,0.002124,104,85,43,545,1,0
153,1,1.526744,0.466644,1.0601,777,sha3,OMNeT++; module=UavAuthNetwork.uav[3]; config=StadiumSHA3,0.305155,0.047417,0.270952,0.076151,0.230351,0.034333,0.201093,0.076151,0.125162,0.16277,0.009187,0.829749,StadiumSHA3,StadiumSHA3-0-20260922-20:31:40-1127323,3,StadiumSHA3-0-20260922-20:31:40-1127323|phase2|3,0,0,0,sha3,10,,,,1.493821,0.201093,0.007154,0.011252,0.099985,0.001553,0.007133,0.010378,0.09785,0.002304,104,85,43,545,1,0
154,1,1.552752,0.445543,1.107209,777,sha3,OMNeT++; module=UavAuthNetwork.uav[4]; config=StadiumSHA3,0.285428,0.047357,0.241588,0.075539,0.257305,0.035917,0.185924,0.075539,0.124891,0.189083,0.009037,0.849904,StadiumSHA3,StadiumSHA3-0-20260922-20:31:40-1127323,4,StadiumSHA3-0-20260922-20:31:40-1127323|phase2|4,0,0,0,sha3,10,,,,1.53788,0.185924,0.006982,0.010009,0.098873,0.001483,0.007143,0.010299,0.097792,0.001923,104,85,43,545,1,0
155,1,1.530571,0.454671,1.0759,777,sha3,OMNeT++; module=UavAuthNetwork.uav[5]; config=StadiumSHA3,0.293543,0.047327,0.245457,0.076121,0.227226,0.034734,0.194039,0.076121,0.125121,0.164536,0.008886,0.848674,StadiumSHA3,StadiumSHA3-0-20260922-20:31:40-1127323,5,StadiumSHA3-0-20260922-20:31:40-1127323|phase2|5,0,0,0,sha3,10,,,,1.485893,0.194039,0.007283,0.010118,0.100185,0.001473,0.007133,0.010279,0.097901,0.002234,104,85,43,545,1,0
156,1,1.54071,0.456486,1.084224,777,sha3,OMNeT++; module=UavAuthNetwork.uav[6]; config=StadiumSHA3,0.295317,0.047238,0.252117,0.075791,0.244646,0.035436,0.196904,0.075791,0.138887,0.172502,0.009587,0.839578,StadiumSHA3,StadiumSHA3-0-20260922-20:31:40-1127323,6,StadiumSHA3-0-20260922-20:31:40-1127323|phase2|6,0,0,0,sha3,10,,,,1.508843,0.196904,0.007022,0.01016,0.099204,0.001523,0.007043,0.010299,0.098322,0.002294,104,85,43,545,1,0
157,1,1.541268,0.489707,1.051561,777,sha3,OMNeT++; module=UavAuthNetwork.uav[7]; config=StadiumSHA3,0.301498,0.047187,0.242171,0.089526,0.214395,0.033081,0.200702,0.089526,0.128228,0.188,0.009157,0.837166,StadiumSHA3,StadiumSHA3-0-20260922-20:31:40-1127323,7,StadiumSHA3-0-20260922-20:31:40-1127323|phase2|7,0,0,0,sha3,10,,,,1.481733,0.200702,0.007272,0.014416,0.109412,0.001462,0.007844,0.010419,0.099294,0.002224,104,85,43,545,1,0
158,1,1.568699,0.504324,1.064375,777,sha3,OMNeT++; module=UavAuthNetwork.uav[8]; config=StadiumSHA3,0.296739,0.051536,0.258842,0.098663,0.223481,0.032781,0.19492,0.098663,0.149156,0.217914,0.010259,0.840894,StadiumSHA3,StadiumSHA3-0-20260922-20:31:40-1127323,8,StadiumSHA3-0-20260922-20:31:40-1127323|phase2|8,0,0,0,sha3,10,,,,1.541131,0.19492,0.020548,0.011261,0.109332,0.001743,0.007844,0.011201,0.105685,0.002575,104,85,43,545,1,0
159,1,1.571728,0.495206,1.076522,777,sha3,OMNeT++; module=UavAuthNetwork.uav[9]; config=StadiumSHA3,0.321124,0.051095,0.263986,0.082262,0.224282,0.039172,0.211091,0.082262,0.134349,0.158638,0.009558,0.852241,StadiumSHA3,StadiumSHA3-0-20260922-20:31:40-1127323,9,StadiumSHA3-0-20260922-20:31:40-1127323|phase2|9,0,0,0,sha3,10,,,,1.499146,0.211091,0.007814,0.011031,0.108261,0.001453,0.007755,0.01112,0.105335,0.002084,104,85,43,545,1,0
160,1,1.564335,0.507861,1.056474,777,sha3,OMNeT++; module=UavAuthNetwork.uav[0]; config=StadiumSHA3,0.32954,0.055252,0.268297,0.083926,0.224628,0.035335,0.209017,0.083926,0.139829,0.158713,0.010469,0.831845,StadiumSHA3,StadiumSHA3-1-20260922-20:31:40-1127323,0,StadiumSHA3-1-20260922-20:31:40-1127323|phase2|0,1,1,1,sha3,10,,,,1.483483,0.209017,0.008457,0.011852,0.118759,0.002114,0.009708,0.011311,0.101728,0.01088,104,85,43,545,1,0
161,1,1.527171,0.470392,1.056779,777,sha3,OMNeT++; module=UavAuthNetwork.uav[1]; config=StadiumSHA3,0.305195,0.050533,0.264262,0.077654,0.225093,0.033643,0.1998,0.077654,0.126324,0.175273,0.009889,0.831686,StadiumSHA3,StadiumSHA3-1-20260922-20:31:40-1127323,1,StadiumSHA3-1-20260922-20:31:40-1127323|phase2|1,1,1,1,sha3,10,,,,1.496314,0.1998,0.007603,0.01029,0.105916,0.001773,0.007443,0.01119,0.099734,0.002314,104,85,43,545,1,0
162,1,1.64798,0.558755,1.089225,777,sha3,OMNeT++; module=UavAuthNetwork.uav[2]; config=StadiumSHA3,0.338617,0.069579,0.252213,0.101067,0.236517,0.03267,0.233152,0.101067,0.203567,0.169952,0.018004,0.852708,StadiumSHA3,StadiumSHA3-1-20260922-20:31:40-1127323,2,StadiumSHA3-1-20260922-20:31:40-1127323|phase2|2,1,1,1,sha3,10,,,,1.51139,0.233152,0.013162,0.014106,0.120654,0.003336,0.012093,0.017953,0.132465,0.005029,104,85,43,545,1,0
163,1,1.660179,0.585211,1.074968,777,sha3,OMNeT++; module=UavAuthNetwork.uav[3]; config=StadiumSHA3,0.404659,0.054802,0.252408,0.084796,0.246567,0.063257,0.254952,0.084796,0.137464,0.165107,0.01096,0.828402,StadiumSHA3,StadiumSHA3-1-20260922-20:31:40-1127323,3,StadiumSHA3-1-20260922-20:31:40-1127323|phase2|3,1,1,1,sha3,10,,,,1.492483,0.254952,0.008486,0.012413,0.111897,0.001844,0.009789,0.011332,0.105926,0.003296,104,85,43,545,1,0
164,1,1.569896,0.508351,1.061545,777,sha3,OMNeT++; module=UavAuthNetwork.uav[4]; config=StadiumSHA3,0.331874,0.05435,0.271349,0.083114,0.216598,0.035726,0.21634,0.083114,0.138126,0.179885,0.010249,0.844948,StadiumSHA3,StadiumSHA3-1-20260922-20:31:40-1127323,4,StadiumSHA3-1-20260922-20:31:40-1127323|phase2|4,1,1,1,sha3,10,,,,1.51278,0.21634,0.008244,0.011291,0.115123,0.001763,0.007944,0.011983,0.106307,0.002605,104,85,43,545,1,0
165,1,1.572165,0.489726,1.082439,777,sha3,OMNeT++; module=UavAuthNetwork.uav[5]; config=StadiumSHA3,0.316455,0.050744,0.242388,0.082072,0.216014,0.035566,0.211281,0.082072,0.14622,0.159153,0.009127,0.866426,StadiumSHA3,StadiumSHA3-1-20260922-20:31:40-1127323,5,StadiumSHA3-1-20260922-20:31:40-1127323|phase2|5,1,1,1,sha3,10,,,,1.483981,0.211281,0.007714,0.01103,0.106387,0.001543,0.007703,0.01097,0.105336,0.002094,104,85,43,545,1,0
166,1,1.522587,0.448059,1.074528,777,sha3,OMNeT++; module=UavAuthNetwork.uav[6]; config=StadiumSHA3,0.28663,0.047729,0.283112,0.076221,0.221452,0.03282,0.189211,0.076221,0.125583,0.202522,0.008987,0.853076,StadiumSHA3,StadiumSHA3-1-20260922-20:31:40-1127323,6,StadiumSHA3-1-20260922-20:31:40-1127323|phase2|6,1,1,1,sha3,10,,,,1.560162,0.189211,0.007285,0.010138,0.099425,0.001352,0.007104,0.010499,0.097981,0.001793,104,85,43,545,1,0
167,1,1.538279,0.461114,1.077165,777,sha3,OMNeT++; module=UavAuthNetwork.uav[7]; config=StadiumSHA3,0.279808,0.046847,0.244929,0.08608,0.225607,0.03253,0.184601,0.08608,0.126414,0.185028,0.009146,0.851558,StadiumSHA3,StadiumSHA3-1-20260922-20:31:40-1127323,7,StadiumSHA3-1-20260922-20:31:40-1127323|phase2|7,1,1,1,sha3,10,,,,1.507122,0.184601,0.006982,0.012663,0.106107,0.001473,0.007154,0.010389,0.098473,0.002144,104,85,43,545,1,0
168,1,1.566945,0.444875,1.12207,777,sha3,OMNeT++; module=UavAuthNetwork.uav[8]; config=StadiumSHA3,0.284197,0.047889,0.255804,0.075931,0.244446,0.032921,0.187758,0.075931,0.125412,0.173615,0.008816,0.877624,StadiumSHA3,StadiumSHA3-1-20260922-20:31:40-1127323,8,StadiumSHA3-1-20260922-20:31:40-1127323|phase2|8,1,1,1,sha3,10,,,,1.55149,0.187758,0.007182,0.010169,0.098443,0.001363,0.007204,0.010539,0.097841,0.001983,104,85,43,545,1,0
169,1,1.540767,0.466402,1.074365,777,sha3,OMNeT++; module=UavAuthNetwork.uav[9]; config=StadiumSHA3,0.304524,0.047688,0.246992,0.076491,0.223261,0.033081,0.196394,0.076491,0.125642,0.161871,0.008896,0.851104,StadiumSHA3,StadiumSHA3-1-20260922-20:31:40-1127323,9,StadiumSHA3-1-20260922-20:31:40-1127323|phase2|9,1,1,1,sha3,10,,,,1.483228,0.196394,0.007534,0.010249,0.109733,0.001473,0.007143,0.01047,0.098112,0.002044,104,85,43,545,1,0
170,1,1.615261,0.543405,1.071856,777,sha3,OMNeT++; module=UavAuthNetwork.uav[0]; config=StadiumSHA3,0.360577,0.061163,0.271861,0.085909,0.220613,0.044823,0.225858,0.085909,0.141481,0.180079,0.01101,0.851243,StadiumSHA3,StadiumSHA3-10-20260922-20:31:41-1127323,0,StadiumSHA3-10-20260922-20:31:41-1127323|phase2|0,10,10,10,sha3,10,,,,1.523796,0.225858,0.009598,0.011622,0.125212,0.002144,0.009597,0.014897,0.106496,0.008706,104,85,43,545,1,0
171,1,1.558802,0.48562,1.073182,777,sha3,OMNeT++; module=UavAuthNetwork.uav[1]; config=StadiumSHA3,0.313841,0.049893,0.246353,0.08099,0.244752,0.034645,0.210028,0.08099,0.133778,0.16052,0.009799,0.828429,StadiumSHA3,StadiumSHA3-10-20260922-20:31:41-1127323,1,StadiumSHA3-10-20260922-20:31:41-1127323|phase2|1,10,10,10,sha3,10,,,,1.480055,0.210028,0.007664,0.010821,0.105725,0.001553,0.007644,0.01087,0.103642,0.002525,104,85,43,545,1,0
172,1,1.589035,0.499173,1.089862,777,sha3,OMNeT++; module=UavAuthNetwork.uav[2]; config=StadiumSHA3,0.321304,0.052096,0.257365,0.083735,0.241705,0.034133,0.212814,0.083735,0.145269,0.177806,0.010399,0.848157,StadiumSHA3,StadiumSHA3-10-20260922-20:31:41-1127323,2,StadiumSHA3-10-20260922-20:31:41-1127323|phase2|2,10,10,10,sha3,10,,,,1.525032,0.212814,0.007795,0.011019,0.114171,0.001603,0.007795,0.011432,0.107619,0.003085,104,85,43,545,1,0
173,1,1.611394,0.547722,1.063672,777,sha3,OMNeT++; module=UavAuthNetwork.uav[3]; config=StadiumSHA3,0.370986,0.052928,0.239393,0.083474,0.214147,0.044623,0.254361,0.083474,0.132045,0.164677,0.009788,0.849525,StadiumSHA3,StadiumSHA3-10-20260922-20:31:41-1127323,3,StadiumSHA3-10-20260922-20:31:41-1127323|phase2|3,10,10,10,sha3,10,,,,1.467742,0.254361,0.007965,0.01139,0.110374,0.001503,0.007844,0.011461,0.104162,0.002495,104,85,43,545,1,0
174,1,1.539442,0.49738,1.042062,777,sha3,OMNeT++; module=UavAuthNetwork.uav[4]; config=StadiumSHA3,0.326935,0.051486,0.243489,0.080128,0.214543,0.034234,0.212122,0.080128,0.164404,0.170936,0.010189,0.827519,StadiumSHA3,StadiumSHA3-10-20260922-20:31:41-1127323,4,StadiumSHA3-10-20260922-20:31:41-1127323|phase2|4,10,10,10,sha3,10,,,,1.456487,0.212122,0.008086,0.01086,0.116034,0.001803,0.007525,0.014927,0.108741,0.003015,104,85,43,545,1,0
175,1,1.663614,0.582577,1.081037,777,sha3,OMNeT++; module=UavAuthNetwork.uav[5]; config=StadiumSHA3,0.37309,0.05942,0.263438,0.099634,0.246385,0.041166,0.250604,0.099634,0.171558,0.17407,0.010219,0.834652,StadiumSHA3,StadiumSHA3-10-20260922-20:31:41-1127323,5,StadiumSHA3-10-20260922-20:31:41-1127323|phase2|5,10,10,10,sha3,10,,,,1.518545,0.250604,0.009618,0.015418,0.128317,0.001793,0.008487,0.014106,0.125422,0.003407,104,85,43,545,1,0
176,1,1.655111,0.593591,1.06152,777,sha3,OMNeT++; module=UavAuthNetwork.uav[6]; config=StadiumSHA3,0.356771,0.063789,0.268554,0.112549,0.222836,0.035947,0.236347,0.112549,0.153124,0.175809,0.011722,0.838684,StadiumSHA3,StadiumSHA3-10-20260922-20:31:41-1127323,6,StadiumSHA3-10-20260922-20:31:41-1127323|phase2|6,10,10,10,sha3,10,,,,1.505884,0.236347,0.018144,0.015007,0.125402,0.001724,0.009867,0.013546,0.122978,0.002875,104,85,43,545,1,0
177,1,1.648603,0.56225,1.086353,777,sha3,OMNeT++; module=UavAuthNetwork.uav[7]; config=StadiumSHA3,0.374694,0.066634,0.24798,0.088353,0.228001,0.03782,0.250644,0.088353,0.164094,0.164701,0.01085,0.858351,StadiumSHA3,StadiumSHA3-10-20260922-20:31:41-1127323,7,StadiumSHA3-10-20260922-20:31:41-1127323|phase2|7,10,10,10,sha3,10,,,,1.499033,0.250644,0.008497,0.013004,0.120863,0.001914,0.010139,0.018585,0.122707,0.004127,104,85,43,545,1,0
178,1,1.635688,0.53481,1.100878,777,sha3,OMNeT++; module=UavAuthNetwork.uav[8]; config=StadiumSHA3,0.342614,0.052577,0.257795,0.091119,0.232546,0.039052,0.22675,0.091119,0.137424,0.171144,0.009958,0.868331,StadiumSHA3,StadiumSHA3-10-20260922-20:31:41-1127323,8,StadiumSHA3-10-20260922-20:31:41-1127323|phase2|8,10,10,10,sha3,10,,,,1.529817,0.22675,0.007875,0.011671,0.116787,0.001653,0.007854,0.011582,0.105685,0.002765,104,85,43,545,1,0
179,1,1.560106,0.494264,1.065842,777,sha3,OMNeT++; module=UavAuthNetwork.uav[9]; config=StadiumSHA3,0.317288,0.051616,0.240258,0.083624,0.231153,0.035706,0.206603,0.083624,0.138517,0.18781,0.009728,0.834689,StadiumSHA3,StadiumSHA3-10-20260922-20:31:41-1127323,9,StadiumSHA3-10-20260922-20:31:41-1127323|phase2|9,10,10,10,sha3,10,,,,1.49391,0.206603,0.007895,0.01103,0.11359,0.001562,0.007814,0.01109,0.10778,0.002084,104,85,43,545,1,0
180,1,1.929784,0.84175,1.088034,777,sha3,OMNeT++; module=UavAuthNetwork.uav[0]; config=StadiumSHA3,0.561941,0.088955,0.257676,0.12932,0.224923,0.064499,0.355008,0.12932,0.24835,0.164035,0.021169,0.863111,StadiumSHA3,StadiumSHA3-11-20260922-20:31:41-1127323,0,StadiumSHA3-11-20260922-20:31:41-1127323|phase2|0,11,11,11,sha3,10,,,,1.509746,0.355008,0.017422,0.02183,0.182678,0.004328,0.017081,0.024977,0.157101,0.012162,104,85,43,545,1,0
181,1,1.68656,0.59426,1.0923,777,sha3,OMNeT++; module=UavAuthNetwork.uav[1]; config=StadiumSHA3,0.420819,0.052006,0.240961,0.081571,0.249187,0.062816,0.271172,0.081571,0.148655,0.159789,0.010299,0.843113,StadiumSHA3,StadiumSHA3-11-20260922-20:31:41-1127323,1,StadiumSHA3-11-20260922-20:31:41-1127323|phase2|1,11,11,11,sha3,10,,,,1.493051,0.271172,0.007986,0.011882,0.108592,0.001863,0.007924,0.01582,0.112127,0.003506,104,85,43,545,1,0
182,1,1.591599,0.489256,1.102343,777,sha3,OMNeT++; module=UavAuthNetwork.uav[2]; config=StadiumSHA3,0.311837,0.051235,0.247292,0.083815,0.226219,0.034825,0.207063,0.083815,0.137685,0.164414,0.009789,0.876125,StadiumSHA3,StadiumSHA3-11-20260922-20:31:41-1127323,2,StadiumSHA3-11-20260922-20:31:41-1127323|phase2|2,11,11,11,sha3,10,,,,1.51405,0.207063,0.007744,0.013405,0.106097,0.001613,0.009327,0.011362,0.105465,0.002555,104,85,43,545,1,0
183,1,1.545975,0.482433,1.063542,777,sha3,OMNeT++; module=UavAuthNetwork.uav[3]; config=StadiumSHA3,0.304715,0.07003,0.251043,0.083915,0.228673,0.034564,0.200291,0.083915,0.143626,0.167662,0.009888,0.83487,StadiumSHA3,StadiumSHA3-11-20260922-20:31:41-1127323,3,StadiumSHA3-11-20260922-20:31:41-1127323|phase2|3,11,11,11,sha3,10,,,,1.482247,0.200291,0.007875,0.011361,0.1082,0.001582,0.01065,0.014186,0.117177,0.002475,104,85,43,545,1,0
184,1,1.561152,0.480959,1.080193,777,sha3,OMNeT++; module=UavAuthNetwork.uav[4]; config=StadiumSHA3,0.307599,0.050884,0.265353,0.081851,0.221942,0.035155,0.203056,0.081851,0.13529,0.167503,0.009658,0.858251,StadiumSHA3,StadiumSHA3-11-20260922-20:31:41-1127323,4,StadiumSHA3-11-20260922-20:31:41-1127323|phase2|4,11,11,11,sha3,10,,,,1.513049,0.203056,0.007594,0.01067,0.107368,0.001542,0.007784,0.010821,0.105305,0.002044,104,85,43,545,1,0
185,1,1.556011,0.476842,1.079169,777,sha3,OMNeT++; module=UavAuthNetwork.uav[5]; config=StadiumSHA3,0.303161,0.056895,0.245965,0.082082,0.230898,0.034985,0.195441,0.082082,0.13512,0.158987,0.009517,0.848271,StadiumSHA3,StadiumSHA3-11-20260922-20:31:41-1127323,5,StadiumSHA3-11-20260922-20:31:41-1127323|phase2|5,11,11,11,sha3,10,,,,1.484121,0.195441,0.007604,0.011041,0.111777,0.001493,0.007724,0.01074,0.112077,0.002195,104,85,43,545,1,0
186,1,1.61279,0.533166,1.079624,777,sha3,OMNeT++; module=UavAuthNetwork.uav[6]; config=StadiumSHA3,0.358303,0.052277,0.244245,0.082482,0.22831,0.035005,0.25384,0.082482,0.150629,0.186199,0.009899,0.851314,StadiumSHA3,StadiumSHA3-11-20260922-20:31:41-1127323,6,StadiumSHA3-11-20260922-20:31:41-1127323|phase2|6,11,11,11,sha3,10,,,,1.510069,0.25384,0.007824,0.011292,0.107949,0.001663,0.007895,0.012012,0.118008,0.002424,104,85,43,545,1,0
187,1,1.66274,0.582028,1.080712,777,sha3,OMNeT++; module=UavAuthNetwork.uav[7]; config=StadiumSHA3,0.333858,0.062626,0.266334,0.111617,0.237234,0.041647,0.217853,0.111617,0.247769,0.191715,0.024936,0.843478,StadiumSHA3,StadiumSHA3-11-20260922-20:31:41-1127323,7,StadiumSHA3-11-20260922-20:31:41-1127323|phase2|7,11,11,11,sha3,10,,,,1.538761,0.217853,0.008014,0.018494,0.133726,0.003857,0.019829,0.019407,0.139939,0.004598,104,85,43,545,1,0
188,1,1.922965,0.857526,1.065439,777,sha3,OMNeT++; module=UavAuthNetwork.uav[8]; config=StadiumSHA3,0.583189,0.09171,0.274334,0.130281,0.224642,0.074458,0.384251,0.130281,0.251646,0.162587,0.013775,0.840797,StadiumSHA3,StadiumSHA3-11-20260922-20:31:41-1127323,8,StadiumSHA3-11-20260922-20:31:41-1127323|phase2|8,11,11,11,sha3,10,,,,1.50236,0.384251,0.016531,0.024285,0.168231,0.002455,0.016021,0.026589,0.157983,0.007645,104,85,43,545,1,0
189,1,1.902548,0.810359,1.092189,777,sha3,OMNeT++; module=UavAuthNetwork.uav[9]; config=StadiumSHA3,0.533407,0.089485,0.272615,0.129179,0.227125,0.0431,0.381566,0.129179,0.229245,0.158696,0.018594,0.865065,StadiumSHA3,StadiumSHA3-11-20260922-20:31:41-1127323,9,StadiumSHA3-11-20260922-20:31:41-1127323|phase2|9,11,11,11,sha3,10,,,,1.5235,0.381566,0.017202,0.024244,0.161128,0.003116,0.015769,0.025106,0.158694,0.004648,104,85,43,545,1,0
190,1,1.615828,0.514232,1.101596,777,sha3,OMNeT++; module=UavAuthNetwork.uav[0]; config=StadiumSHA3,0.321325,0.052126,0.25884,0.090708,0.238151,0.033993,0.20001,0.090708,0.15661,0.170008,0.011491,0.863444,StadiumSHA3,StadiumSHA3-12-20260922-20:31:41-1127323,0,StadiumSHA3-12-20260922-20:31:41-1127323|phase2|0,12,12,12,sha3,10,,,,1.530444,0.20001,0.008877,0.011632,0.131694,0.002314,0.008155,0.011771,0.113569,0.009037,104,85,43,545,1,0
191,1,1.6307,0.544047,1.086653,777,sha3,OMNeT++; module=UavAuthNetwork.uav[1]; config=StadiumSHA3,0.361559,0.053449,0.239338,0.085889,0.22682,0.036898,0.250023,0.085889,0.142854,0.163702,0.01071,0.859834,StadiumSHA3,StadiumSHA3-12-20260922-20:31:41-1127323,1,StadiumSHA3-12-20260922-20:31:41-1127323|phase2|1,12,12,12,sha3,10,,,,1.489694,0.250023,0.008245,0.011813,0.11342,0.001733,0.008246,0.011632,0.109963,0.003476,104,85,43,545,1,0
192,1,1.609063,0.513041,1.096022,777,sha3,OMNeT++; module=UavAuthNetwork.uav[2]; config=StadiumSHA3,0.31869,0.060161,0.240244,0.092201,0.23741,0.036698,0.206853,0.092201,0.136353,0.166264,0.009949,0.858612,StadiumSHA3,StadiumSHA3-12-20260922-20:31:41-1127323,2,StadiumSHA3-12-20260922-20:31:41-1127323|phase2|2,12,12,12,sha3,10,,,,1.50253,0.206853,0.007605,0.011351,0.121435,0.001593,0.009387,0.014557,0.108952,0.002585,104,85,43,545,1,0
193,1,1.570153,0.500256,1.069897,777,sha3,OMNeT++; module=UavAuthNetwork.uav[3]; config=StadiumSHA3,0.323088,0.050664,0.252143,0.081862,0.229802,0.035485,0.216852,0.081862,0.157221,0.192197,0.013444,0.840096,StadiumSHA3,StadiumSHA3-12-20260922-20:31:41-1127323,3,StadiumSHA3-12-20260922-20:31:41-1127323|phase2|3,12,12,12,sha3,10,,,,1.514237,0.216852,0.007774,0.010851,0.107849,0.002385,0.007504,0.013084,0.104703,0.003496,104,85,43,545,1,0
194,1,1.661837,0.586576,1.075261,777,sha3,OMNeT++; module=UavAuthNetwork.uav[4]; config=StadiumSHA3,0.419126,0.061935,0.266453,0.078826,0.230433,0.046626,0.295467,0.078826,0.128929,0.173944,0.009798,0.844828,StadiumSHA3,StadiumSHA3-12-20260922-20:31:41-1127323,4,StadiumSHA3-12-20260922-20:31:41-1127323|phase2|4,12,12,12,sha3,10,,,,1.515658,0.295467,0.007484,0.011692,0.105506,0.001783,0.008736,0.013275,0.106638,0.003466,104,85,43,545,1,0
195,1,1.593711,0.519623,1.074088,777,sha3,OMNeT++; module=UavAuthNetwork.uav[5]; config=StadiumSHA3,0.326896,0.051105,0.246278,0.091469,0.245427,0.035726,0.219486,0.091469,0.136353,0.223925,0.009789,0.828661,StadiumSHA3,StadiumSHA3-12-20260922-20:31:41-1127323,5,StadiumSHA3-12-20260922-20:31:41-1127323|phase2|5,12,12,12,sha3,10,,,,1.544292,0.219486,0.007643,0.011451,0.116646,0.001623,0.007804,0.01111,0.106317,0.002334,104,85,43,545,1,0
196,1,1.645822,0.550088,1.095734,777,sha3,OMNeT++; module=UavAuthNetwork.uav[6]; config=StadiumSHA3,0.36219,0.05388,0.251017,0.088364,0.264323,0.035506,0.241386,0.088364,0.164304,0.168781,0.01117,0.831411,StadiumSHA3,StadiumSHA3-12-20260922-20:31:41-1127323,6,StadiumSHA3-12-20260922-20:31:41-1127323|phase2|6,12,12,12,sha3,10,,,,1.515532,0.241386,0.009829,0.013835,0.122527,0.002174,0.007774,0.018224,0.112187,0.003506,104,85,43,545,1,0
197,1,1.753581,0.677856,1.075725,777,sha3,OMNeT++; module=UavAuthNetwork.uav[7]; config=StadiumSHA3,0.434475,0.071412,0.272544,0.11325,0.237451,0.036968,0.30254,0.11325,0.188719,0.163186,0.016881,0.838274,StadiumSHA3,StadiumSHA3-12-20260922-20:31:41-1127323,7,StadiumSHA3-12-20260922-20:31:41-1127323|phase2|7,12,12,12,sha3,10,,,,1.511455,0.30254,0.011661,0.017281,0.147533,0.002906,0.012453,0.019255,0.131493,0.004318,104,85,43,545,1,0
198,1,1.884224,0.830547,1.053677,777,sha3,OMNeT++; module=UavAuthNetwork.uav[8]; config=StadiumSHA3,0.519762,0.077504,0.251088,0.122226,0.223308,0.055533,0.357582,0.122226,0.237741,0.171433,0.066333,0.830369,StadiumSHA3,StadiumSHA3-12-20260922-20:31:41-1127323,8,StadiumSHA3-12-20260922-20:31:41-1127323|phase2|8,12,12,12,sha3,10,,,,1.476198,0.357582,0.014786,0.020939,0.154416,0.003005,0.014086,0.020067,0.149607,0.004879,104,85,43,545,1,0
199,1,1.833144,0.783729,1.049415,777,sha3,OMNeT++; module=UavAuthNetwork.uav[9]; config=StadiumSHA3,0.520643,0.081501,0.260527,0.121775,0.215956,0.063508,0.348355,0.121775,0.234534,0.163377,0.019536,0.833459,StadiumSHA3,StadiumSHA3-12-20260922-20:31:41-1127323,9,StadiumSHA3-12-20260922-20:31:41-1127323|phase2|9,12,12,12,sha3,10,,,,1.47332,0.348355,0.014588,0.020748,0.153334,0.003356,0.014426,0.022201,0.153183,0.00536,104,85,43,545,1,0
200,1,1.588488,0.509294,1.079194,777,sha3,OMNeT++; module=UavAuthNetwork.uav[0]; config=StadiumSHA3,0.328939,0.051926,0.241463,0.084617,0.225225,0.033331,0.198177,0.084617,0.141643,0.162647,0.011121,0.853969,StadiumSHA3,StadiumSHA3-13-20260922-20:31:41-1127323,0,StadiumSHA3-13-20260922-20:31:41-1127323|phase2|0,13,13,13,sha3,10,,,,1.483305,0.198177,0.008536,0.011181,0.136453,0.002204,0.007804,0.011461,0.103131,0.009989,104,85,43,545,1,0
201,1,1.539879,0.48559,1.054289,777,sha3,OMNeT++; module=UavAuthNetwork.uav[1]; config=StadiumSHA3,0.314773,0.049511,0.249729,0.080479,0.224977,0.035185,0.21051,0.080479,0.133237,0.175195,0.009859,0.829312,StadiumSHA3,StadiumSHA3-13-20260922-20:31:41-1127323,1,StadiumSHA3-13-20260922-20:31:41-1127323|phase2|1,13,13,13,sha3,10,,,,1.479212,0.21051,0.007685,0.010951,0.105114,0.001582,0.007564,0.010709,0.10291,0.002845,104,85,43,545,1,0
202,1,1.513356,0.459671,1.053685,777,sha3,OMNeT++; module=UavAuthNetwork.uav[2]; config=StadiumSHA3,0.29712,0.04846,0.248704,0.076632,0.217915,0.034364,0.196243,0.076632,0.133598,0.188824,0.009287,0.83577,StadiumSHA3,StadiumSHA3-13-20260922-20:31:41-1127323,2,StadiumSHA3-13-20260922-20:31:41-1127323|phase2|2,13,13,13,sha3,10,,,,1.491213,0.196243,0.007123,0.010059,0.100076,0.001543,0.007203,0.01076,0.105245,0.002094,104,85,43,545,1,0
203,1,1.519182,0.458778,1.060404,777,sha3,OMNeT++; module=UavAuthNetwork.uav[3]; config=StadiumSHA3,0.296038,0.047118,0.243504,0.076431,0.221175,0.033111,0.193619,0.076431,0.126825,0.160917,0.009878,0.839228,StadiumSHA3,StadiumSHA3-13-20260922-20:31:41-1127323,3,StadiumSHA3-13-20260922-20:31:41-1127323|phase2|3,13,13,13,sha3,10,,,,1.464824,0.193619,0.007124,0.010068,0.104563,0.001803,0.007214,0.01018,0.098783,0.001903,104,85,43,545,1,0
204,1,1.618306,0.529241,1.089065,777,sha3,OMNeT++; module=UavAuthNetwork.uav[4]; config=StadiumSHA3,0.355318,0.051716,0.25342,0.081902,0.244504,0.052938,0.224536,0.081902,0.134779,0.166249,0.010119,0.844561,StadiumSHA3,StadiumSHA3-13-20260922-20:31:41-1127323,4,StadiumSHA3-13-20260922-20:31:41-1127323|phase2|4,13,13,13,sha3,10,,,,1.508734,0.224536,0.007955,0.011442,0.108331,0.001773,0.007693,0.0111,0.104554,0.003155,104,85,43,545,1,0
205,1,1.589802,0.530011,1.059791,777,sha3,OMNeT++; module=UavAuthNetwork.uav[5]; config=StadiumSHA3,0.348435,0.050904,0.239833,0.082162,0.227492,0.034975,0.242519,0.082162,0.14567,0.173954,0.017252,0.832299,StadiumSHA3,StadiumSHA3-13-20260922-20:31:41-1127323,5,StadiumSHA3-13-20260922-20:31:41-1127323|phase2|5,13,13,13,sha3,10,,,,1.473578,0.242519,0.007935,0.01103,0.10829,0.002004,0.007715,0.013895,0.112528,0.002675,104,85,43,545,1,0
206,1,1.543469,0.494645,1.048824,777,sha3,OMNeT++; module=UavAuthNetwork.uav[6]; config=StadiumSHA3,0.315764,0.062696,0.255848,0.084366,0.217823,0.035435,0.21063,0.084366,0.136092,0.180746,0.010149,0.831001,StadiumSHA3,StadiumSHA3-13-20260922-20:31:41-1127323,6,StadiumSHA3-13-20260922-20:31:41-1127323|phase2|6,13,13,13,sha3,10,,,,1.485418,0.21063,0.008035,0.011301,0.109543,0.001563,0.009778,0.011091,0.113621,0.002765,104,85,43,545,1,0
207,1,1.788436,0.674799,1.113637,777,sha3,OMNeT++; module=UavAuthNetwork.uav[7]; config=StadiumSHA3,0.402024,0.12422,0.251186,0.128207,0.254909,0.036478,0.256544,0.128207,0.231579,0.172139,0.016361,0.858728,StadiumSHA3,StadiumSHA3-13-20260922-20:31:41-1127323,7,StadiumSHA3-13-20260922-20:31:41-1127323|phase2|7,13,13,13,sha3,10,,,,1.536962,0.256544,0.014768,0.021769,0.172069,0.002244,0.015189,0.022601,0.20039,0.004008,104,85,43,545,1,0
208,1,1.90019,0.817243,1.082947,777,sha3,OMNeT++; module=UavAuthNetwork.uav[8]; config=StadiumSHA3,0.547423,0.082072,0.280534,0.117608,0.233066,0.066964,0.368983,0.117608,0.226539,0.167972,0.034604,0.849882,StadiumSHA3,StadiumSHA3-13-20260922-20:31:41-1127323,8,StadiumSHA3-13-20260922-20:31:41-1127323|phase2|8,13,13,13,sha3,10,,,,1.531453,0.368983,0.013926,0.019046,0.154567,0.008906,0.014085,0.019626,0.152824,0.006311,104,85,43,545,1,0
209,1,1.956173,0.871655,1.084518,777,sha3,OMNeT++; module=UavAuthNetwork.uav[9]; config=StadiumSHA3,0.603217,0.082293,0.252162,0.125683,0.229412,0.07572,0.403957,0.125683,0.229014,0.163607,0.017072,0.855106,StadiumSHA3,StadiumSHA3-13-20260922-20:31:41-1127323,9,StadiumSHA3-13-20260922-20:31:41-1127323|phase2|9,13,13,13,sha3,10,,,,1.500287,0.403957,0.014135,0.025096,0.162983,0.002805,0.014447,0.020328,0.158343,0.00567,104,85,43,545,1,0
210,1,1.880817,0.808956,1.071861,777,sha3,OMNeT++; module=UavAuthNetwork.uav[0]; config=StadiumSHA3,0.553925,0.080368,0.254192,0.118609,0.226805,0.062886,0.369414,0.118609,0.226439,0.172157,0.017813,0.845056,StadiumSHA3,StadiumSHA3-14-20260922-20:31:41-1127323,0,StadiumSHA3-14-20260922-20:31:41-1127323|phase2|0,14,14,14,sha3,10,,,,1.49821,0.369414,0.013095,0.021169,0.167921,0.003106,0.013886,0.020207,0.152112,0.011481,104,85,43,545,1,0
211,1,1.857335,0.798257,1.059078,777,sha3,OMNeT++; module=UavAuthNetwork.uav[1]; config=StadiumSHA3,0.537374,0.079888,0.264954,0.122367,0.220771,0.071612,0.364114,0.122367,0.213776,0.170504,0.016149,0.838306,StadiumSHA3,StadiumSHA3-14-20260922-20:31:41-1127323,1,StadiumSHA3-14-20260922-20:31:41-1127323|phase2|1,14,14,14,sha3,10,,,,1.494536,0.364114,0.014075,0.019236,0.150469,0.002605,0.014016,0.019867,0.152262,0.003757,104,85,43,545,1,0
212,1,1.901569,0.833774,1.067795,777,sha3,OMNeT++; module=UavAuthNetwork.uav[2]; config=StadiumSHA3,0.577459,0.078596,0.259661,0.119842,0.228966,0.0705,0.363553,0.119842,0.220007,0.168213,0.016631,0.838829,StadiumSHA3,StadiumSHA3-14-20260922-20:31:41-1127323,2,StadiumSHA3-14-20260922-20:31:41-1127323|phase2|2,14,14,14,sha3,10,,,,1.495669,0.363553,0.013776,0.019767,0.18878,0.002454,0.013305,0.020969,0.147995,0.004348,104,85,43,545,1,0
213,1,1.929683,0.837712,1.091971,777,sha3,OMNeT++; module=UavAuthNetwork.uav[3]; config=StadiumSHA3,0.570146,0.081421,0.260087,0.125222,0.235978,0.065321,0.38355,0.125222,0.262736,0.163075,0.017122,0.855993,StadiumSHA3,StadiumSHA3-14-20260922-20:31:41-1127323,3,StadiumSHA3-14-20260922-20:31:41-1127323|phase2|3,14,14,14,sha3,10,,,,1.515133,0.38355,0.013956,0.020478,0.162711,0.002605,0.013705,0.024947,0.170636,0.009859,104,85,43,545,1,0
214,1,1.920192,0.859741,1.060451,777,sha3,OMNeT++; module=UavAuthNetwork.uav[4]; config=StadiumSHA3,0.568192,0.087362,0.258447,0.137354,0.22163,0.070661,0.378952,0.137354,0.245173,0.168925,0.016841,0.838821,StadiumSHA3,StadiumSHA3-14-20260922-20:31:41-1127323,4,StadiumSHA3-14-20260922-20:31:41-1127323|phase2|4,14,14,14,sha3,10,,,,1.487823,0.378952,0.014117,0.020929,0.174272,0.002685,0.014026,0.026239,0.168031,0.004939,104,85,43,545,1,0
215,1,1.828661,0.774935,1.053726,777,sha3,OMNeT++; module=UavAuthNetwork.uav[5]; config=StadiumSHA3,0.536623,0.081731,0.256988,0.112308,0.218868,0.065391,0.358634,0.112308,0.222582,0.179446,0.013696,0.834858,StadiumSHA3,StadiumSHA3-14-20260922-20:31:41-1127323,5,StadiumSHA3-14-20260922-20:31:41-1127323|phase2|5,14,14,14,sha3,10,,,,1.490159,0.358634,0.013345,0.018014,0.15167,0.001824,0.013795,0.020889,0.162741,0.003797,104,85,43,545,1,0
216,1,1.846833,0.77852,1.068313,777,sha3,OMNeT++; module=UavAuthNetwork.uav[6]; config=StadiumSHA3,0.50267,0.060172,0.240226,0.129129,0.225279,0.0489,0.354557,0.129129,0.242659,0.166027,0.017592,0.843034,StadiumSHA3,StadiumSHA3-14-20260922-20:31:41-1127323,6,StadiumSHA3-14-20260922-20:31:41-1127323|phase2|6,14,14,14,sha3,10,,,,1.474565,0.354557,0.013294,0.020348,0.161619,0.002685,0.011752,0.01622,0.15679,0.004087,104,85,43,545,1,0
217,1,1.893806,0.828383,1.065423,777,sha3,OMNeT++; module=UavAuthNetwork.uav[7]; config=StadiumSHA3,0.565186,0.082072,0.242716,0.123258,0.232447,0.067545,0.385093,0.123258,0.229235,0.176601,0.016681,0.832976,StadiumSHA3,StadiumSHA3-14-20260922-20:31:41-1127323,7,StadiumSHA3-14-20260922-20:31:41-1127323|phase2|7,14,14,14,sha3,10,,,,1.48474,0.385093,0.013966,0.020268,0.160537,0.002525,0.014006,0.020598,0.166148,0.003697,104,85,43,545,1,0
218,1,1.863692,0.799129,1.064563,777,sha3,OMNeT++; module=UavAuthNetwork.uav[8]; config=StadiumSHA3,0.542023,0.080669,0.269994,0.120964,0.222687,0.06463,0.367259,0.120964,0.224515,0.189737,0.015178,0.841876,StadiumSHA3,StadiumSHA3-14-20260922-20:31:41-1127323,8,StadiumSHA3-14-20260922-20:31:41-1127323|phase2|8,14,14,14,sha3,10,,,,1.524294,0.367259,0.014017,0.020037,0.155938,0.002244,0.013775,0.020738,0.160487,0.003466,104,85,43,545,1,0
219,1,1.830558,0.753875,1.076683,777,sha3,OMNeT++; module=UavAuthNetwork.uav[9]; config=StadiumSHA3,0.51318,0.079277,0.26383,0.115614,0.234932,0.063076,0.348796,0.115614,0.156991,0.177455,0.009467,0.841751,StadiumSHA3,StadiumSHA3-14-20260922-20:31:41-1127323,9,StadiumSHA3-14-20260922-20:31:41-1127323|phase2|9,14,14,14,sha3,10,,,,1.517968,0.348796,0.013416,0.019336,0.149928,0.001634,0.013255,0.01618,0.145771,0.002725,104,85,43,545,1,0
220,1,1.57295,0.482433,1.090517,777,sha3,OMNeT++; module=UavAuthNetwork.uav[0]; config=StadiumSHA3,0.310294,0.050523,0.275791,0.0809,0.214147,0.033712,0.192607,0.0809,0.135601,0.164518,0.010339,0.876369,StadiumSHA3,StadiumSHA3-15-20260922-20:31:41-1127323,0,StadiumSHA3-15-20260922-20:31:41-1127323|phase2|0,15,15,15,sha3,10,,,,1.530826,0.192607,0.008084,0.01108,0.114142,0.002084,0.007624,0.01082,0.099795,0.008405,104,85,43,545,1,0
221,1,1.528232,0.479989,1.048243,777,sha3,OMNeT++; module=UavAuthNetwork.uav[1]; config=StadiumSHA3,0.300026,0.04853,0.244059,0.085238,0.215688,0.033031,0.202415,0.085238,0.130291,0.190796,0.009487,0.832554,StadiumSHA3,StadiumSHA3-15-20260922-20:31:41-1127323,1,StadiumSHA3-15-20260922-20:31:41-1127323|phase2|1,15,15,15,sha3,10,,,,1.483098,0.202415,0.007363,0.010539,0.108931,0.001512,0.007423,0.010499,0.101057,0.002384,104,85,43,545,1,0
222,1,1.531277,0.471343,1.059934,777,sha3,OMNeT++; module=UavAuthNetwork.uav[2]; config=StadiumSHA3,0.305926,0.04875,0.257445,0.078045,0.229117,0.033522,0.207263,0.078045,0.128839,0.183743,0.009327,0.830817,StadiumSHA3,StadiumSHA3-15-20260922-20:31:41-1127323,2,StadiumSHA3-15-20260922-20:31:41-1127323|phase2|2,15,15,15,sha3,10,,,,1.501122,0.207263,0.007274,0.010248,0.102189,0.001443,0.007435,0.010449,0.100626,0.002244,104,85,43,545,1,0
223,1,1.531092,0.462246,1.068846,777,sha3,OMNeT++; module=UavAuthNetwork.uav[3]; config=StadiumSHA3,0.298893,0.047548,0.254943,0.076883,0.220919,0.033291,0.201523,0.076883,0.135561,0.169919,0.009587,0.847927,StadiumSHA3,StadiumSHA3-15-20260922-20:31:41-1127323,3,StadiumSHA3-15-20260922-20:31:41-1127323|phase2|3,15,15,15,sha3,10,,,,1.493708,0.201523,0.007092,0.010078,0.100937,0.001512,0.007203,0.011181,0.106006,0.002204,104,85,43,545,1,0
224,1,1.522515,0.461855,1.06066,777,sha3,OMNeT++; module=UavAuthNetwork.uav[4]; config=StadiumSHA3,0.299414,0.048039,0.260023,0.076712,0.224851,0.032931,0.202785,0.076712,0.125452,0.181402,0.009017,0.835809,StadiumSHA3,StadiumSHA3-15-20260922-20:31:41-1127323,4,StadiumSHA3-15-20260922-20:31:41-1127323|phase2|4,15,15,15,sha3,10,,,,1.502085,0.202785,0.007182,0.010068,0.100777,0.001393,0.007293,0.01023,0.098683,0.002013,104,85,43,545,1,0
225,1,1.534219,0.465653,1.068566,777,sha3,OMNeT++; module=UavAuthNetwork.uav[5]; config=StadiumSHA3,0.303362,0.047989,0.240556,0.076582,0.231641,0.03218,0.201583,0.076582,0.125953,0.170998,0.009127,0.836925,StadiumSHA3,StadiumSHA3-15-20260922-20:31:41-1127323,5,StadiumSHA3-15-20260922-20:31:41-1127323|phase2|5,15,15,15,sha3,10,,,,1.48012,0.201583,0.007646,0.010109,0.105855,0.001512,0.007174,0.01039,0.098563,0.002344,104,85,43,545,1,0
226,1,1.547565,0.450094,1.097471,777,sha3,OMNeT++; module=UavAuthNetwork.uav[6]; config=StadiumSHA3,0.287241,0.04815,0.249605,0.076793,0.238038,0.03227,0.188118,0.076793,0.140981,0.168368,0.009267,0.859433,StadiumSHA3,StadiumSHA3-15-20260922-20:31:41-1127323,6,StadiumSHA3-15-20260922-20:31:41-1127323|phase2|6,15,15,15,sha3,10,,,,1.515445,0.188118,0.007112,0.009988,0.104524,0.001563,0.007252,0.013955,0.10713,0.002214,104,85,43,545,1,0
227,1,1.55264,0.461043,1.091597,777,sha3,OMNeT++; module=UavAuthNetwork.uav[7]; config=StadiumSHA3,0.294445,0.055503,0.241567,0.078615,0.256664,0.033272,0.195983,0.078615,0.136102,0.167459,0.009368,0.834933,StadiumSHA3,StadiumSHA3-15-20260922-20:31:41-1127323,7,StadiumSHA3-15-20260922-20:31:41-1127323|phase2|7,15,15,15,sha3,10,,,,1.500623,0.195983,0.007594,0.01043,0.10256,0.001523,0.008707,0.013084,0.109973,0.002154,104,85,43,545,1,0
228,1,1.543805,0.460863,1.082942,777,sha3,OMNeT++; module=UavAuthNetwork.uav[8]; config=StadiumSHA3,0.298964,0.054962,0.244962,0.076491,0.252225,0.033421,0.201564,0.076491,0.125502,0.173991,0.008917,0.830717,StadiumSHA3,StadiumSHA3-15-20260922-20:31:41-1127323,8,StadiumSHA3-15-20260922-20:31:41-1127323|phase2|8,15,15,15,sha3,10,,,,1.501895,0.201564,0.007203,0.0105,0.099594,0.001462,0.007323,0.016971,0.097791,0.002294,104,85,43,545,1,0
229,1,1.52643,0.45417,1.07226,777,sha3,OMNeT++; module=UavAuthNetwork.uav[9]; config=StadiumSHA3,0.292151,0.047338,0.252927,0.076221,0.228357,0.0323,0.197065,0.076221,0.132234,0.17125,0.009577,0.843904,StadiumSHA3,StadiumSHA3-15-20260922-20:31:41-1127323,9,StadiumSHA3-15-20260922-20:31:41-1127323|phase2|9,15,15,15,sha3,10,,,,1.496438,0.197065,0.007073,0.010299,0.099304,0.001593,0.007122,0.011402,0.101167,0.002324,104,85,43,545,1,0
230,1,1.52443,0.458639,1.065791,777,sha3,OMNeT++; module=UavAuthNetwork.uav[0]; config=StadiumSHA3,0.292311,0.04889,0.259144,0.077794,0.229162,0.032811,0.190422,0.077794,0.135441,0.159704,0.01074,0.83663,StadiumSHA3,StadiumSHA3-16-20260922-20:31:41-1127323,0,StadiumSHA3-16-20260922-20:31:41-1127323|phase2|0,16,16,16,sha3,10,,,,1.48464,0.190422,0.007694,0.01059,0.105325,0.002094,0.007414,0.010639,0.098923,0.007894,104,85,43,545,1,0
231,1,1.547181,0.495538,1.051643,777,sha3,OMNeT++; module=UavAuthNetwork.uav[1]; config=StadiumSHA3,0.315314,0.049081,0.260563,0.085168,0.216713,0.040324,0.207885,0.085168,0.163432,0.169818,0.009888,0.83493,StadiumSHA3,StadiumSHA3-16-20260922-20:31:41-1127323,1,StadiumSHA3-16-20260922-20:31:41-1127323|phase2|1,16,16,16,sha3,10,,,,1.482025,0.207885,0.007545,0.01066,0.110034,0.001653,0.007524,0.010929,0.133808,0.002524,104,85,43,545,1,0
232,1,1.532346,0.479468,1.052878,777,sha3,OMNeT++; module=UavAuthNetwork.uav[2]; config=StadiumSHA3,0.301939,0.048129,0.253929,0.084126,0.216914,0.033712,0.203487,0.084126,0.128328,0.165188,0.009277,0.835964,StadiumSHA3,StadiumSHA3-16-20260922-20:31:41-1127323,2,StadiumSHA3-16-20260922-20:31:41-1127323|phase2|2,16,16,16,sha3,10,,,,1.471995,0.203487,0.007243,0.010449,0.107519,0.001442,0.007324,0.010429,0.099854,0.002154,104,85,43,545,1,0
233,1,1.512954,0.454641,1.058313,777,sha3,OMNeT++; module=UavAuthNetwork.uav[3]; config=StadiumSHA3,0.289927,0.047267,0.251289,0.077824,0.219522,0.033021,0.187887,0.077824,0.140671,0.161043,0.009066,0.838791,StadiumSHA3,StadiumSHA3-16-20260922-20:31:41-1127323,3,StadiumSHA3-16-20260922-20:31:41-1127323|phase2|3,16,16,16,sha3,10,,,,1.470645,0.187887,0.007133,0.01084,0.105346,0.001403,0.013395,0.010299,0.102971,0.001993,104,85,43,545,1,0
234,1,1.590752,0.541611,1.049141,777,sha3,OMNeT++; module=UavAuthNetwork.uav[4]; config=StadiumSHA3,0.352653,0.061384,0.255723,0.089094,0.215556,0.036808,0.244172,0.089094,0.152443,0.173856,0.01077,0.833585,StadiumSHA3,StadiumSHA3-16-20260922-20:31:41-1127323,4,StadiumSHA3-16-20260922-20:31:41-1127323|phase2|4,16,16,16,sha3,10,,,,1.47872,0.244172,0.008385,0.011952,0.116967,0.001633,0.008426,0.012042,0.120182,0.002605,104,85,43,545,1,0
235,1,1.624865,0.532525,1.09234,777,sha3,OMNeT++; module=UavAuthNetwork.uav[5]; config=StadiumSHA3,0.345008,0.054581,0.240784,0.088654,0.242259,0.03814,0.233102,0.088654,0.163202,0.201413,0.010209,0.850081,StadiumSHA3,StadiumSHA3-16-20260922-20:31:41-1127323,5,StadiumSHA3-16-20260922-20:31:41-1127323|phase2|5,16,16,16,sha3,10,,,,1.534537,0.233102,0.008155,0.011401,0.116476,0.001653,0.008104,0.011571,0.118979,0.002414,104,85,43,545,1,0
236,1,1.554876,0.49029,1.064586,777,sha3,OMNeT++; module=UavAuthNetwork.uav[6]; config=StadiumSHA3,0.315154,0.051776,0.260074,0.082844,0.235544,0.035786,0.209979,0.082844,0.135991,0.183715,0.009448,0.829042,StadiumSHA3,StadiumSHA3-16-20260922-20:31:41-1127323,6,StadiumSHA3-16-20260922-20:31:41-1127323|phase2|6,16,16,16,sha3,10,,,,1.508375,0.209979,0.007744,0.0111,0.108702,0.001503,0.007785,0.011361,0.106176,0.002044,104,85,43,545,1,0
237,1,1.557246,0.483005,1.074241,777,sha3,OMNeT++; module=UavAuthNetwork.uav[7]; config=StadiumSHA3,0.316736,0.048009,0.240421,0.078516,0.228615,0.036798,0.213665,0.078516,0.128789,0.17457,0.009237,0.845626,StadiumSHA3,StadiumSHA3-16-20260922-20:31:41-1127323,7,StadiumSHA3-16-20260922-20:31:41-1127323|phase2|7,16,16,16,sha3,10,,,,1.489232,0.213665,0.007275,0.01065,0.102559,0.001513,0.007264,0.010429,0.100256,0.002164,104,85,43,545,1,0
238,1,1.510835,0.459881,1.050954,777,sha3,OMNeT++; module=UavAuthNetwork.uav[8]; config=StadiumSHA3,0.294956,0.048569,0.270106,0.077724,0.220687,0.033302,0.191945,0.077724,0.129029,0.162636,0.009477,0.830268,StadiumSHA3,StadiumSHA3-16-20260922-20:31:41-1127323,8,StadiumSHA3-16-20260922-20:31:41-1127323|phase2|8,16,16,16,sha3,10,,,,1.483697,0.191945,0.007424,0.010379,0.106067,0.001513,0.007293,0.01073,0.100066,0.002074,104,85,43,545,1,0
239,1,1.588989,0.485217,1.103772,777,sha3,OMNeT++; module=UavAuthNetwork.uav[9]; config=StadiumSHA3,0.315664,0.049231,0.259204,0.080088,0.233478,0.034654,0.214858,0.080088,0.131984,0.167653,0.009377,0.870294,StadiumSHA3,StadiumSHA3-16-20260922-20:31:41-1127323,9,StadiumSHA3-16-20260922-20:31:41-1127323|phase2|9,16,16,16,sha3,10,,,,1.530629,0.214858,0.007434,0.01055,0.105095,0.001543,0.007544,0.01065,0.103401,0.002164,104,85,43,545,1,0
240,1,1.899087,0.833013,1.066074,777,sha3,OMNeT++; module=UavAuthNetwork.uav[0]; config=StadiumSHA3,0.560257,0.091299,0.249716,0.127777,0.229565,0.064549,0.365537,0.127777,0.220018,0.193028,0.017202,0.836509,StadiumSHA3,StadiumSHA3-17-20260922-20:31:41-1127323,0,StadiumSHA3-17-20260922-20:31:41-1127323|phase2|0,17,17,17,sha3,10,,,,1.508817,0.365537,0.013976,0.019787,0.180545,0.003166,0.013536,0.019246,0.16234,0.01083,104,85,43,545,1,0
241,1,1.887847,0.820348,1.067499,777,sha3,OMNeT++; module=UavAuthNetwork.uav[1]; config=StadiumSHA3,0.548495,0.083645,0.251183,0.127987,0.237678,0.060132,0.37833,0.127987,0.215158,0.166187,0.015879,0.829821,StadiumSHA3,StadiumSHA3-17-20260922-20:31:41-1127323,1,StadiumSHA3-17-20260922-20:31:41-1127323|phase2|1,17,17,17,sha3,10,,,,1.484869,0.37833,0.012735,0.019235,0.165988,0.002384,0.013414,0.018034,0.163032,0.003847,104,85,43,545,1,0
242,1,1.930842,0.875521,1.055321,777,sha3,OMNeT++; module=UavAuthNetwork.uav[2]; config=StadiumSHA3,0.612043,0.080329,0.240106,0.123599,0.214138,0.058939,0.439714,0.123599,0.21635,0.166241,0.01628,0.841183,StadiumSHA3,StadiumSHA3-17-20260922-20:31:41-1127323,2,StadiumSHA3-17-20260922-20:31:41-1127323|phase2|2,17,17,17,sha3,10,,,,1.461668,0.439714,0.012925,0.018995,0.165186,0.002485,0.013676,0.019085,0.156019,0.003927,104,85,43,545,1,0
243,1,1.918851,0.854471,1.06438,777,sha3,OMNeT++; module=UavAuthNetwork.uav[3]; config=StadiumSHA3,0.568743,0.092852,0.253213,0.134619,0.223576,0.060993,0.396765,0.134619,0.209959,0.19273,0.01649,0.840803,StadiumSHA3,StadiumSHA3-17-20260922-20:31:41-1127323,3,StadiumSHA3-17-20260922-20:31:41-1127323|phase2|3,17,17,17,sha3,10,,,,1.510323,0.396765,0.013285,0.019496,0.171207,0.002405,0.013394,0.018244,0.170907,0.003967,104,85,43,545,1,0
244,1,1.944317,0.834937,1.10938,777,sha3,OMNeT++; module=UavAuthNetwork.uav[4]; config=StadiumSHA3,0.562592,0.092,0.245554,0.127917,0.237327,0.064399,0.384622,0.127917,0.222462,0.159722,0.016511,0.872054,StadiumSHA3,StadiumSHA3-17-20260922-20:31:41-1127323,4,StadiumSHA3-17-20260922-20:31:41-1127323|phase2|4,17,17,17,sha3,10,,,,1.514656,0.384622,0.012333,0.018935,0.169614,0.002344,0.012493,0.018945,0.173451,0.004118,104,85,43,545,1,0
245,1,1.922941,0.850554,1.072387,777,sha3,OMNeT++; module=UavAuthNetwork.uav[5]; config=StadiumSHA3,0.579613,0.09156,0.256361,0.127706,0.22045,0.062596,0.406342,0.127706,0.229746,0.189199,0.015529,0.851937,StadiumSHA3,StadiumSHA3-17-20260922-20:31:41-1127323,5,StadiumSHA3-17-20260922-20:31:41-1127323|phase2|5,17,17,17,sha3,10,,,,1.517947,0.406342,0.013095,0.018133,0.163993,0.002195,0.013134,0.019126,0.173411,0.004088,104,85,43,545,1,0
246,1,1.96203,0.890448,1.071582,777,sha3,OMNeT++; module=UavAuthNetwork.uav[6]; config=StadiumSHA3,0.585363,0.093864,0.259226,0.144287,0.24328,0.058738,0.406272,0.144287,0.245434,0.195627,0.016511,0.828301,StadiumSHA3,StadiumSHA3-17-20260922-20:31:41-1127323,6,StadiumSHA3-17-20260922-20:31:41-1127323|phase2|6,17,17,17,sha3,10,,,,1.526435,0.406272,0.014907,0.022001,0.185794,0.002294,0.014887,0.022072,0.183991,0.003646,104,85,43,545,1,0
247,1,1.936365,0.856558,1.079807,777,sha3,OMNeT++; module=UavAuthNetwork.uav[7]; config=StadiumSHA3,0.586085,0.084256,0.271112,0.126996,0.231343,0.06495,0.407555,0.126996,0.219847,0.204082,0.016481,0.848464,StadiumSHA3,StadiumSHA3-17-20260922-20:31:41-1127323,7,StadiumSHA3-17-20260922-20:31:41-1127323|phase2|7,17,17,17,sha3,10,,,,1.555002,0.407555,0.013545,0.019937,0.16261,0.002515,0.013857,0.019726,0.161609,0.003536,104,85,43,545,1,0
248,1,1.892017,0.81562,1.076397,777,sha3,OMNeT++; module=UavAuthNetwork.uav[8]; config=StadiumSHA3,0.564304,0.07601,0.247883,0.118159,0.247839,0.059971,0.395612,0.118159,0.208136,0.172326,0.014998,0.828558,StadiumSHA3,StadiumSHA3-17-20260922-20:31:41-1127323,8,StadiumSHA3-17-20260922-20:31:41-1127323|phase2|8,17,17,17,sha3,10,,,,1.496606,0.395612,0.012444,0.018725,0.152131,0.002164,0.013055,0.018494,0.151691,0.003196,104,85,43,545,1,0
249,1,1.887531,0.832489,1.055042,777,sha3,OMNeT++; module=UavAuthNetwork.uav[9]; config=StadiumSHA3,0.564695,0.083554,0.282504,0.126173,0.223947,0.070922,0.381907,0.126173,0.216601,0.186909,0.015448,0.831095,StadiumSHA3,StadiumSHA3-17-20260922-20:31:41-1127323,9,StadiumSHA3-17-20260922-20:31:41-1127323|phase2|9,17,17,17,sha3,10,,,,1.524455,0.381907,0.013564,0.018745,0.163754,0.002174,0.013856,0.019015,0.160929,0.003136,104,85,43,545,1,0
250,1,1.980488,0.83823,1.142258,777,sha3,OMNeT++; module=UavAuthNetwork.uav[0]; config=StadiumSHA3,0.573181,0.0864,0.243094,0.126223,0.285515,0.062505,0.376998,0.126223,0.18875,0.158208,0.012603,0.856743,StadiumSHA3,StadiumSHA3-18-20260922-20:31:41-1127323,0,StadiumSHA3-18-20260922-20:31:41-1127323|phase2|0,18,18,18,sha3,10,,,,1.54356,0.376998,0.016611,0.022481,0.174833,0.002434,0.014436,0.018945,0.159556,0.009839,104,85,43,545,1,0
251,1,1.813839,0.749727,1.064112,777,sha3,OMNeT++; module=UavAuthNetwork.uav[1]; config=StadiumSHA3,0.533878,0.077914,0.258026,0.102089,0.235171,0.05954,0.358864,0.102089,0.161278,0.159611,0.011671,0.82894,StadiumSHA3,StadiumSHA3-18-20260922-20:31:41-1127323,1,StadiumSHA3-18-20260922-20:31:41-1127323|phase2|1,18,18,18,sha3,10,,,,1.481748,0.358864,0.010018,0.022982,0.139188,0.002094,0.013795,0.023433,0.128057,0.004819,104,85,43,545,1,0
252,1,1.661162,0.592005,1.069157,777,sha3,OMNeT++; module=UavAuthNetwork.uav[2]; config=StadiumSHA3,0.402846,0.057917,0.269876,0.088894,0.23608,0.046356,0.261735,0.088894,0.147313,0.170096,0.011371,0.833077,StadiumSHA3,StadiumSHA3-18-20260922-20:31:41-1127323,2,StadiumSHA3-18-20260922-20:31:41-1127323|phase2|2,18,18,18,sha3,10,,,,1.509128,0.261735,0.008785,0.015829,0.126354,0.001923,0.008585,0.012964,0.11304,0.003917,104,85,43,545,1,0
253,1,1.718307,0.661416,1.056891,777,sha3,OMNeT++; module=UavAuthNetwork.uav[3]; config=StadiumSHA3,0.398859,0.076712,0.303468,0.122968,0.221097,0.03787,0.270902,0.122968,0.195121,0.179794,0.016621,0.835794,StadiumSHA3,StadiumSHA3-18-20260922-20:31:41-1127323,3,StadiumSHA3-18-20260922-20:31:41-1127323|phase2|3,18,18,18,sha3,10,,,,1.540153,0.270902,0.014005,0.018394,0.148786,0.002936,0.012474,0.020027,0.12949,0.004418,104,85,43,545,1,0
254,1,1.642212,0.553506,1.088706,777,sha3,OMNeT++; module=UavAuthNetwork.uav[4]; config=StadiumSHA3,0.338136,0.055072,0.256753,0.099665,0.257957,0.03779,0.212894,0.099665,0.166258,0.1741,0.01604,0.830749,StadiumSHA3,StadiumSHA3-18-20260922-20:31:41-1127323,4,StadiumSHA3-18-20260922-20:31:41-1127323|phase2|4,18,18,18,sha3,10,,,,1.519559,0.212894,0.008395,0.014988,0.134459,0.003066,0.008567,0.012253,0.111005,0.003787,104,85,43,545,1,0
255,1,1.837717,0.732986,1.104731,777,sha3,OMNeT++; module=UavAuthNetwork.uav[5]; config=StadiumSHA3,0.528468,0.058549,0.252267,0.096719,0.229281,0.058409,0.365256,0.096719,0.143946,0.179622,0.01108,0.875451,StadiumSHA3,StadiumSHA3-18-20260922-20:31:41-1127323,5,StadiumSHA3-18-20260922-20:31:41-1127323|phase2|5,18,18,18,sha3,10,,,,1.536621,0.365256,0.01089,0.015709,0.137324,0.001993,0.008275,0.014176,0.111276,0.003496,104,85,43,545,1,0
256,1,1.609893,0.501039,1.108854,777,sha3,OMNeT++; module=UavAuthNetwork.uav[6]; config=StadiumSHA3,0.320914,0.053499,0.240631,0.084988,0.228057,0.037099,0.210319,0.084988,0.140941,0.172635,0.010149,0.880797,StadiumSHA3,StadiumSHA3-18-20260922-20:31:41-1127323,6,StadiumSHA3-18-20260922-20:31:41-1127323|phase2|6,18,18,18,sha3,10,,,,1.52212,0.210319,0.007984,0.011311,0.110394,0.001553,0.008005,0.011641,0.108971,0.002244,104,85,43,545,1,0
257,1,1.672152,0.583882,1.08827,777,sha3,OMNeT++; module=UavAuthNetwork.uav[7]; config=StadiumSHA3,0.362741,0.063387,0.239906,0.104995,0.237026,0.036708,0.230226,0.104995,0.149106,0.191438,0.011151,0.851244,StadiumSHA3,StadiumSHA3-18-20260922-20:31:41-1127323,7,StadiumSHA3-18-20260922-20:31:41-1127323|phase2|7,18,18,18,sha3,10,,,,1.519614,0.230226,0.012273,0.015699,0.142273,0.001903,0.009127,0.017132,0.115063,0.003547,104,85,43,545,1,0
258,1,1.618588,0.526193,1.092395,777,sha3,OMNeT++; module=UavAuthNetwork.uav[8]; config=StadiumSHA3,0.331013,0.081371,0.240524,0.09209,0.2567,0.038071,0.217031,0.09209,0.146361,0.161375,0.011,0.835695,StadiumSHA3,StadiumSHA3-18-20260922-20:31:41-1127323,8,StadiumSHA3-18-20260922-20:31:41-1127323|phase2|8,18,18,18,sha3,10,,,,1.494294,0.217031,0.008867,0.013415,0.115975,0.001934,0.0111,0.012173,0.133757,0.003427,104,85,43,545,1,0
259,1,1.578909,0.518422,1.060487,777,sha3,OMNeT++; module=UavAuthNetwork.uav[9]; config=StadiumSHA3,0.333538,0.054321,0.247579,0.087122,0.223074,0.0379,0.215539,0.087122,0.144788,0.205862,0.01064,0.837413,StadiumSHA3,StadiumSHA3-18-20260922-20:31:41-1127323,9,StadiumSHA3-18-20260922-20:31:41-1127323|phase2|9,18,18,18,sha3,10,,,,1.513928,0.215539,0.008255,0.011702,0.11885,0.001713,0.008145,0.011722,0.112198,0.002274,104,85,43,545,1,0
260,1,1.701265,0.60042,1.100845,777,sha3,OMNeT++; module=UavAuthNetwork.uav[0]; config=StadiumSHA3,0.416351,0.05421,0.258651,0.086199,0.234717,0.037269,0.267476,0.086199,0.142374,0.175244,0.011671,0.866128,StadiumSHA3,StadiumSHA3-19-20260922-20:31:41-1127323,0,StadiumSHA3-19-20260922-20:31:41-1127323|phase2|0,19,19,19,sha3,10,,,,1.534741,0.267476,0.009257,0.016711,0.130651,0.002224,0.008014,0.011881,0.105515,0.009047,104,85,43,545,1,0
261,1,1.553411,0.499474,1.053937,777,sha3,OMNeT++; module=UavAuthNetwork.uav[1]; config=StadiumSHA3,0.329079,0.049662,0.244723,0.080238,0.214311,0.034665,0.223042,0.080238,0.132024,0.184909,0.009919,0.839627,StadiumSHA3,StadiumSHA3-19-20260922-20:31:41-1127323,1,StadiumSHA3-19-20260922-20:31:41-1127323|phase2|1,19,19,19,sha3,10,,,,1.483569,0.223042,0.007744,0.0108,0.104805,0.001603,0.007614,0.010841,0.102329,0.002424,104,85,43,545,1,0
262,1,1.73867,0.684688,1.053982,777,sha3,OMNeT++; module=UavAuthNetwork.uav[2]; config=StadiumSHA3,0.430517,0.072424,0.254654,0.11877,0.217537,0.034053,0.306167,0.11877,0.211672,0.197364,0.016631,0.836445,StadiumSHA3,StadiumSHA3-19-20260922-20:31:41-1127323,2,StadiumSHA3-19-20260922-20:31:41-1127323|phase2|2,19,19,19,sha3,10,,,,1.506,0.306167,0.012413,0.017913,0.149567,0.002485,0.012363,0.020829,0.139608,0.004048,104,85,43,545,1,0
263,1,1.694725,0.628764,1.065961,777,sha3,OMNeT++; module=UavAuthNetwork.uav[3]; config=StadiumSHA3,0.439423,0.05944,0.24077,0.089035,0.232633,0.062115,0.289185,0.089035,0.15642,0.158283,0.011271,0.833329,StadiumSHA3,StadiumSHA3-19-20260922-20:31:41-1127323,3,StadiumSHA3-19-20260922-20:31:41-1127323|phase2|3,19,19,19,sha3,10,,,,1.465014,0.289185,0.008136,0.012602,0.114902,0.002003,0.010059,0.012534,0.12474,0.003516,104,85,43,545,1,0
264,1,1.641344,0.596093,1.045251,777,sha3,OMNeT++; module=UavAuthNetwork.uav[4]; config=StadiumSHA3,0.377518,0.066393,0.241934,0.103291,0.216822,0.039483,0.247929,0.103291,0.162571,0.180364,0.011993,0.828429,StadiumSHA3,StadiumSHA3-19-20260922-20:31:41-1127323,4,StadiumSHA3-19-20260922-20:31:41-1127323|phase2|4,19,19,19,sha3,10,,,,1.46755,0.247929,0.013234,0.017432,0.125552,0.002014,0.01071,0.020609,0.120262,0.003657,104,85,43,545,1,0
265,1,1.64579,0.560708,1.085082,777,sha3,OMNeT++; module=UavAuthNetwork.uav[5]; config=StadiumSHA3,0.373431,0.053409,0.243423,0.088644,0.238142,0.046986,0.249161,0.088644,0.162621,0.160578,0.009989,0.84694,StadiumSHA3,StadiumSHA3-19-20260922-20:31:41-1127323,5,StadiumSHA3-19-20260922-20:31:41-1127323|phase2|5,19,19,19,sha3,10,,,,1.489083,0.249161,0.010068,0.014556,0.110485,0.001603,0.007744,0.013335,0.109663,0.002745,104,85,43,545,1,0
266,1,1.551487,0.496499,1.054988,777,sha3,OMNeT++; module=UavAuthNetwork.uav[6]; config=StadiumSHA3,0.308131,0.050033,0.239976,0.089255,0.220642,0.035195,0.203768,0.089255,0.13535,0.16875,0.009858,0.834345,StadiumSHA3,StadiumSHA3-19-20260922-20:31:41-1127323,6,StadiumSHA3-19-20260922-20:31:41-1127323|phase2|6,19,19,19,sha3,10,,,,1.463714,0.203768,0.007574,0.011172,0.113951,0.001513,0.007605,0.01087,0.104273,0.002234,104,85,43,545,1,0
267,1,1.610289,0.489105,1.121184,777,sha3,OMNeT++; module=UavAuthNetwork.uav[7]; config=StadiumSHA3,0.317397,0.050624,0.26162,0.08098,0.238253,0.035445,0.209047,0.08098,0.133817,0.166402,0.009748,0.882931,StadiumSHA3,StadiumSHA3-19-20260922-20:31:41-1127323,7,StadiumSHA3-19-20260922-20:31:41-1127323|phase2|7,19,19,19,sha3,10,,,,1.549205,0.209047,0.007555,0.01065,0.110715,0.001442,0.007594,0.011081,0.104614,0.001914,104,85,43,545,1,0
268,1,1.57591,0.484477,1.091433,777,sha3,OMNeT++; module=UavAuthNetwork.uav[8]; config=StadiumSHA3,0.316336,0.049532,0.247189,0.079387,0.250826,0.034975,0.213816,0.079387,0.14044,0.160578,0.009367,0.840606,StadiumSHA3,StadiumSHA3-19-20260922-20:31:41-1127323,8,StadiumSHA3-19-20260922-20:31:41-1127323|phase2|8,19,19,19,sha3,10,,,,1.499199,0.213816,0.007563,0.010679,0.104203,0.001552,0.007514,0.010941,0.101628,0.002194,104,85,43,545,1,0
269,1,1.525056,0.473925,1.051131,777,sha3,OMNeT++; module=UavAuthNetwork.uav[9]; config=StadiumSHA3,0.306547,0.04854,0.243888,0.079186,0.21794,0.034243,0.202385,0.079186,0.130201,0.181321,0.009006,0.83319,StadiumSHA3,StadiumSHA3-19-20260922-20:31:41-1127323,9,StadiumSHA3-19-20260922-20:31:41-1127323|phase2|9,19,19,19,sha3,10,,,,1.47634,0.202385,0.007334,0.0105,0.107989,0.001383,0.007243,0.0106,0.101299,0.001813,104,85,43,545,1,0
270,1,1.584227,0.506068,1.078159,777,sha3,OMNeT++; module=UavAuthNetwork.uav[0]; config=StadiumSHA3,0.332075,0.051255,0.263602,0.081812,0.248624,0.034474,0.204809,0.081812,0.136072,0.171762,0.010369,0.829535,StadiumSHA3,StadiumSHA3-2-20260922-20:31:40-1127323,0,StadiumSHA3-2-20260922-20:31:40-1127323|phase2|0,2,2,2,sha3,10,,,,1.513523,0.204809,0.008386,0.011181,0.129821,0.002084,0.007664,0.01101,0.099865,0.009238,104,85,43,545,1,0
271,1,1.532723,0.45926,1.073463,777,sha3,OMNeT++; module=UavAuthNetwork.uav[1]; config=StadiumSHA3,0.297681,0.047648,0.246729,0.076291,0.223881,0.032901,0.19976,0.076291,0.126665,0.182786,0.008997,0.849582,StadiumSHA3,StadiumSHA3-2-20260922-20:31:40-1127323,1,StadiumSHA3-2-20260922-20:31:40-1127323|phase2|1,2,2,2,sha3,10,,,,1.502978,0.19976,0.007244,0.010039,0.099955,0.001473,0.007253,0.010389,0.098493,0.002194,104,85,43,545,1,0
272,1,1.556375,0.473043,1.083332,777,sha3,OMNeT++; module=UavAuthNetwork.uav[2]; config=StadiumSHA3,0.306126,0.049722,0.258927,0.078805,0.2246,0.032641,0.207404,0.078805,0.130291,0.159875,0.009307,0.858733,StadiumSHA3,StadiumSHA3-2-20260922-20:31:40-1127323,2,StadiumSHA3-2-20260922-20:31:40-1127323|phase2|2,2,2,2,sha3,10,,,,1.502133,0.207404,0.007513,0.010369,0.103391,0.001413,0.007603,0.0106,0.101747,0.002144,104,85,43,545,1,0
273,1,1.507688,0.458488,1.0492,777,sha3,OMNeT++; module=UavAuthNetwork.uav[3]; config=StadiumSHA3,0.292241,0.04873,0.240712,0.078475,0.216164,0.033662,0.191725,0.078475,0.137685,0.204086,0.009297,0.833036,StadiumSHA3,StadiumSHA3-2-20260922-20:31:40-1127323,3,StadiumSHA3-2-20260922-20:31:40-1127323|phase2|3,2,2,2,sha3,10,,,,1.493998,0.191725,0.007354,0.010459,0.10247,0.001583,0.007354,0.01088,0.10812,0.002144,104,85,43,545,1,0
274,1,1.525593,0.455022,1.070571,777,sha3,OMNeT++; module=UavAuthNetwork.uav[4]; config=StadiumSHA3,0.296018,0.047238,0.255178,0.075109,0.229748,0.033733,0.197445,0.075109,0.12432,0.169948,0.008786,0.840823,StadiumSHA3,StadiumSHA3-2-20260922-20:31:40-1127323,4,StadiumSHA3-2-20260922-20:31:40-1127323|phase2|4,2,2,2,sha3,10,,,,1.495697,0.197445,0.007093,0.009878,0.098974,0.001393,0.007113,0.010229,0.097,0.001943,104,85,43,545,1,0
275,1,1.513795,0.449532,1.064263,777,sha3,OMNeT++; module=UavAuthNetwork.uav[5]; config=StadiumSHA3,0.275641,0.054251,0.26957,0.082162,0.217266,0.03217,0.181075,0.082162,0.134148,0.199652,0.009567,0.846997,StadiumSHA3,StadiumSHA3-2-20260922-20:31:40-1127323,5,StadiumSHA3-2-20260922-20:31:40-1127323|phase2|5,2,2,2,sha3,10,,,,1.533486,0.181075,0.007614,0.010599,0.103522,0.001473,0.014798,0.01039,0.101687,0.002274,104,85,43,545,1,0
276,1,1.623552,0.557102,1.06645,777,sha3,OMNeT++; module=UavAuthNetwork.uav[6]; config=StadiumSHA3,0.356781,0.057376,0.256803,0.095076,0.237282,0.034784,0.240195,0.095076,0.136152,0.160766,0.010169,0.829168,StadiumSHA3,StadiumSHA3-2-20260922-20:31:40-1127323,6,StadiumSHA3-2-20260922-20:31:40-1127323|phase2|6,2,2,2,sha3,10,,,,1.484019,0.240195,0.011871,0.014587,0.123348,0.001823,0.009728,0.011842,0.107029,0.003296,104,85,43,545,1,0
277,1,1.623644,0.551,1.072644,777,sha3,OMNeT++; module=UavAuthNetwork.uav[7]; config=StadiumSHA3,0.376236,0.052167,0.251251,0.082433,0.239077,0.063668,0.231108,0.082433,0.136753,0.195254,0.009898,0.833566,StadiumSHA3,StadiumSHA3-2-20260922-20:31:40-1127323,7,StadiumSHA3-2-20260922-20:31:40-1127323|phase2|7,2,2,2,sha3,10,,,,1.519149,0.231108,0.007804,0.011651,0.108531,0.001743,0.007983,0.011402,0.105065,0.003507,104,85,43,545,1,0
278,1,1.654948,0.564587,1.090361,777,sha3,OMNeT++; module=UavAuthNetwork.uav[8]; config=StadiumSHA3,0.352162,0.067896,0.258522,0.09688,0.230213,0.035275,0.232881,0.09688,0.174433,0.184573,0.018665,0.860147,StadiumSHA3,StadiumSHA3-2-20260922-20:31:40-1127323,8,StadiumSHA3-2-20260922-20:31:40-1127323|phase2|8,2,2,2,sha3,10,,,,1.533456,0.232881,0.008996,0.019136,0.12462,0.003266,0.009888,0.013645,0.140109,0.004058,104,85,43,545,1,0
279,1,1.768379,0.704104,1.064275,777,sha3,OMNeT++; module=UavAuthNetwork.uav[9]; config=StadiumSHA3,0.434164,0.072645,0.248707,0.125783,0.230871,0.050223,0.288424,0.125783,0.21575,0.169293,0.018374,0.833405,StadiumSHA3,StadiumSHA3-2-20260922-20:31:40-1127323,9,StadiumSHA3-2-20260922-20:31:40-1127323|phase2|9,2,2,2,sha3,10,,,,1.482275,0.288424,0.013304,0.030336,0.142143,0.002845,0.012353,0.018694,0.134619,0.005029,104,85,43,545,1,0
280,1,1.637378,0.528307,1.109071,777,sha3,OMNeT++; module=UavAuthNetwork.uav[0]; config=StadiumSHA3,0.337274,0.053809,0.246544,0.087632,0.233015,0.036197,0.207434,0.087632,0.14599,0.175923,0.015769,0.876055,StadiumSHA3,StadiumSHA3-20-20260922-20:31:41-1127323,0,StadiumSHA3-20-20260922-20:31:41-1127323|phase2|0,20,20,20,sha3,10,,,,1.531538,0.207434,0.008586,0.011901,0.126514,0.002966,0.008086,0.011142,0.107028,0.010439,104,85,43,545,1,0
281,1,1.595525,0.506287,1.089238,777,sha3,OMNeT++; module=UavAuthNetwork.uav[1]; config=StadiumSHA3,0.331444,0.051175,0.244762,0.082402,0.227584,0.035987,0.219135,0.082402,0.135581,0.170783,0.010039,0.861654,StadiumSHA3,StadiumSHA3-20-20260922-20:31:41-1127323,1,StadiumSHA3-20-20260922-20:31:41-1127323|phase2|1,20,20,20,sha3,10,,,,1.504783,0.219135,0.007905,0.011261,0.10828,0.001683,0.007884,0.011482,0.104805,0.002675,104,85,43,545,1,0
282,1,1.559268,0.47623,1.083038,777,sha3,OMNeT++; module=UavAuthNetwork.uav[2]; config=StadiumSHA3,0.304313,0.050433,0.26148,0.080849,0.241441,0.034885,0.201423,0.080849,0.133798,0.168755,0.010219,0.841597,StadiumSHA3,StadiumSHA3-20-20260922-20:31:41-1127323,2,StadiumSHA3-20-20260922-20:31:41-1127323|phase2|2,20,20,20,sha3,10,,,,1.513273,0.201423,0.007624,0.01066,0.105626,0.001603,0.007703,0.010909,0.104475,0.002054,104,85,43,545,1,0
283,1,1.556559,0.483487,1.073072,777,sha3,OMNeT++; module=UavAuthNetwork.uav[3]; config=StadiumSHA3,0.309352,0.050454,0.265294,0.082173,0.235479,0.034734,0.206022,0.082173,0.135601,0.190003,0.009789,0.837594,StadiumSHA3,StadiumSHA3-20-20260922-20:31:41-1127323,3,StadiumSHA3-20-20260922-20:31:41-1127323|phase2|3,20,20,20,sha3,10,,,,1.528369,0.206022,0.007634,0.01073,0.10798,0.001553,0.007716,0.01093,0.105966,0.001954,104,85,43,545,1,0
284,1,1.565829,0.492001,1.073828,777,sha3,OMNeT++; module=UavAuthNetwork.uav[4]; config=StadiumSHA3,0.304073,0.052146,0.258158,0.089045,0.2238,0.034954,0.201193,0.089045,0.13506,0.162543,0.009838,0.850028,StadiumSHA3,StadiumSHA3-20-20260922-20:31:41-1127323,4,StadiumSHA3-20-20260922-20:31:41-1127323|phase2|4,20,20,20,sha3,10,,,,1.49453,0.201193,0.007634,0.011131,0.113631,0.001532,0.007884,0.011151,0.105806,0.002064,104,85,43,545,1,0
285,1,1.600489,0.487672,1.112817,777,sha3,OMNeT++; module=UavAuthNetwork.uav[5]; config=StadiumSHA3,0.314763,0.050885,0.271985,0.081621,0.235632,0.034584,0.211011,0.081621,0.134829,0.185593,0.009667,0.877185,StadiumSHA3,StadiumSHA3-20-20260922-20:31:41-1127323,5,StadiumSHA3-20-20260922-20:31:41-1127323|phase2|5,20,20,20,sha3,10,,,,1.570395,0.211011,0.007595,0.011462,0.106918,0.001663,0.007664,0.01098,0.104102,0.002595,104,85,43,545,1,0
286,1,1.558571,0.48564,1.072931,777,sha3,OMNeT++; module=UavAuthNetwork.uav[6]; config=StadiumSHA3,0.316857,0.049641,0.259037,0.079768,0.218529,0.034724,0.209618,0.079768,0.132506,0.170783,0.009247,0.854402,StadiumSHA3,StadiumSHA3-20-20260922-20:31:41-1127323,6,StadiumSHA3-20-20260922-20:31:41-1127323|phase2|6,20,20,20,sha3,10,,,,1.502751,0.209618,0.007434,0.01073,0.109613,0.001423,0.007393,0.01074,0.102671,0.002104,104,85,43,545,1,0
287,1,1.545113,0.465862,1.079251,777,sha3,OMNeT++; module=UavAuthNetwork.uav[7]; config=StadiumSHA3,0.29725,0.048821,0.242794,0.079377,0.221011,0.034434,0.197806,0.079377,0.150749,0.168069,0.009858,0.85824,StadiumSHA3,StadiumSHA3-20-20260922-20:31:41-1127323,7,StadiumSHA3-20-20260922-20:31:41-1127323|phase2|7,20,20,20,sha3,10,,,,1.490114,0.197806,0.007423,0.010589,0.103352,0.001733,0.007424,0.011893,0.112228,0.002525,104,85,43,545,1,0
288,1,1.593467,0.528869,1.064598,777,sha3,OMNeT++; module=UavAuthNetwork.uav[8]; config=StadiumSHA3,0.340891,0.055253,0.240637,0.088514,0.234561,0.035166,0.23231,0.088514,0.160387,0.181441,0.01095,0.830037,StadiumSHA3,StadiumSHA3-20-20260922-20:31:41-1127323,8,StadiumSHA3-20-20260922-20:31:41-1127323|phase2|8,20,20,20,sha3,10,,,,1.486676,0.23231,0.008326,0.011832,0.116224,0.001804,0.010259,0.012914,0.123088,0.002615,104,85,43,545,1,0
289,1,1.647629,0.550399,1.09723,777,sha3,OMNeT++; module=UavAuthNetwork.uav[9]; config=StadiumSHA3,0.369905,0.060172,0.27654,0.084947,0.251097,0.03773,0.252998,0.084947,0.147093,0.161255,0.0106,0.846133,StadiumSHA3,StadiumSHA3-20-20260922-20:31:41-1127323,9,StadiumSHA3-20-20260922-20:31:41-1127323|phase2|9,20,20,20,sha3,10,,,,1.535026,0.252998,0.009767,0.012002,0.114572,0.001783,0.008175,0.015959,0.110214,0.002755,104,85,43,545,1,0
290,1,1.63697,0.538788,1.098182,777,sha3,OMNeT++; module=UavAuthNetwork.uav[0]; config=StadiumSHA3,0.355137,0.053408,0.241218,0.08628,0.259139,0.046887,0.229675,0.08628,0.143626,0.167827,0.011091,0.839043,StadiumSHA3,StadiumSHA3-21-20260922-20:31:41-1127323,0,StadiumSHA3-21-20260922-20:31:41-1127323|phase2|0,21,21,21,sha3,10,,,,1.507227,0.229675,0.008435,0.012063,0.119632,0.002214,0.008136,0.011521,0.106467,0.008476,104,85,43,545,1,0
291,1,1.631336,0.508751,1.122585,777,sha3,OMNeT++; module=UavAuthNetwork.uav[1]; config=StadiumSHA3,0.315454,0.060051,0.272339,0.09185,0.243116,0.035245,0.206071,0.09185,0.133297,0.166924,0.009597,0.879469,StadiumSHA3,StadiumSHA3-21-20260922-20:31:41-1127323,1,StadiumSHA3-21-20260922-20:31:41-1127323|phase2|1,21,21,21,sha3,10,,,,1.561848,0.206071,0.007815,0.012373,0.120042,0.001572,0.008195,0.011032,0.113781,0.002595,104,85,43,545,1,0
292,1,1.61195,0.486299,1.125651,777,sha3,OMNeT++; module=UavAuthNetwork.uav[2]; config=StadiumSHA3,0.303352,0.052568,0.245441,0.084486,0.252579,0.032911,0.20516,0.084486,0.138717,0.165165,0.013975,0.873072,StadiumSHA3,StadiumSHA3-21-20260922-20:31:41-1127323,2,StadiumSHA3-21-20260922-20:31:41-1127323|phase2|2,21,21,21,sha3,10,,,,1.536257,0.20516,0.01123,0.01096,0.10323,0.002064,0.009198,0.010559,0.100296,0.003246,104,85,43,545,1,0
293,1,1.546669,0.491852,1.054817,777,sha3,OMNeT++; module=UavAuthNetwork.uav[3]; config=StadiumSHA3,0.317969,0.051385,0.241444,0.081972,0.216173,0.033172,0.212232,0.081972,0.135611,0.160759,0.009939,0.838644,StadiumSHA3,StadiumSHA3-21-20260922-20:31:41-1127323,3,StadiumSHA3-21-20260922-20:31:41-1127323|phase2|3,21,21,21,sha3,10,,,,1.457019,0.212232,0.007763,0.011171,0.10814,0.001603,0.007785,0.01111,0.105135,0.002615,104,85,43,545,1,0
294,1,1.586897,0.493733,1.093164,777,sha3,OMNeT++; module=UavAuthNetwork.uav[4]; config=StadiumSHA3,0.320473,0.051035,0.257312,0.081571,0.236826,0.035105,0.21617,0.081571,0.15129,0.161154,0.010118,0.856338,StadiumSHA3,StadiumSHA3-21-20260922-20:31:41-1127323,4,StadiumSHA3-21-20260922-20:31:41-1127323|phase2|4,21,21,21,sha3,10,,,,1.51163,0.21617,0.007786,0.01086,0.107208,0.001793,0.007626,0.012353,0.119039,0.002495,104,85,43,545,1,0
295,1,1.561041,0.50153,1.059511,777,sha3,OMNeT++; module=UavAuthNetwork.uav[5]; config=StadiumSHA3,0.31342,0.057737,0.242452,0.089276,0.229399,0.047298,0.197686,0.089276,0.133487,0.16181,0.009558,0.830112,StadiumSHA3,StadiumSHA3-21-20260922-20:31:41-1127323,5,StadiumSHA3-21-20260922-20:31:41-1127323|phase2|5,21,21,21,sha3,10,,,,1.463772,0.197686,0.007583,0.01638,0.108501,0.001593,0.009569,0.014547,0.105505,0.002564,104,85,43,545,1,0
296,1,1.567602,0.50331,1.064292,777,sha3,OMNeT++; module=UavAuthNetwork.uav[6]; config=StadiumSHA3,0.327115,0.057617,0.243325,0.082993,0.233228,0.034033,0.212424,0.082993,0.161309,0.179217,0.010209,0.831064,StadiumSHA3,StadiumSHA3-21-20260922-20:31:41-1127323,6,StadiumSHA3-21-20260922-20:31:41-1127323|phase2|6,21,21,21,sha3,10,,,,1.486835,0.212424,0.007705,0.024125,0.107139,0.001853,0.007893,0.019406,0.109883,0.003115,104,85,43,545,1,0
297,1,1.663683,0.598679,1.065004,777,sha3,OMNeT++; module=UavAuthNetwork.uav[7]; config=StadiumSHA3,0.338036,0.068607,0.264253,0.121325,0.23284,0.035526,0.215148,0.121325,0.189741,0.163557,0.017993,0.832164,StadiumSHA3,StadiumSHA3-21-20260922-20:31:41-1127323,7,StadiumSHA3-21-20260922-20:31:41-1127323|phase2|7,21,21,21,sha3,10,,,,1.492814,0.215148,0.008426,0.021781,0.150929,0.003226,0.010819,0.015038,0.149096,0.007754,104,85,43,545,1,0
298,1,1.685311,0.627621,1.05769,777,sha3,OMNeT++; module=UavAuthNetwork.uav[8]; config=StadiumSHA3,0.408356,0.069308,0.256116,0.103742,0.224557,0.036678,0.280309,0.103742,0.180765,0.180701,0.011781,0.833133,StadiumSHA3,StadiumSHA3-21-20260922-20:31:41-1127323,8,StadiumSHA3-21-20260922-20:31:41-1127323|phase2|8,21,21,21,sha3,10,,,,1.494507,0.280309,0.010319,0.025908,0.126173,0.002103,0.009408,0.019947,0.127887,0.003386,104,85,43,545,1,0
299,1,1.657249,0.596974,1.060275,777,sha3,OMNeT++; module=UavAuthNetwork.uav[9]; config=StadiumSHA3,0.389731,0.059891,0.240453,0.098332,0.215061,0.042158,0.256845,0.098332,0.150608,0.168494,0.010579,0.845214,StadiumSHA3,StadiumSHA3-21-20260922-20:31:41-1127323,9,StadiumSHA3-21-20260922-20:31:41-1127323|phase2|9,21,21,21,sha3,10,,,,1.469223,0.256845,0.008746,0.017171,0.12986,0.001784,0.009488,0.012283,0.114661,0.003136,104,85,43,545,1,0
300,1,1.596026,0.54018,1.055846,777,sha3,OMNeT++; module=UavAuthNetwork.uav[0]; config=StadiumSHA3,0.356881,0.053119,0.268158,0.086029,0.220355,0.035716,0.23771,0.086029,0.143315,0.174375,0.011241,0.835491,StadiumSHA3,StadiumSHA3-22-20260922-20:31:41-1127323,0,StadiumSHA3-22-20260922-20:31:41-1127323|phase2|0,22,22,22,sha3,10,,,,1.498379,0.23771,0.008516,0.011912,0.122387,0.002244,0.008135,0.01128,0.105704,0.008986,104,85,43,545,1,0
301,1,1.633161,0.548766,1.084395,777,sha3,OMNeT++; module=UavAuthNetwork.uav[1]; config=StadiumSHA3,0.377319,0.054251,0.249053,0.080689,0.228323,0.049501,0.252067,0.080689,0.147193,0.165027,0.010069,0.856072,StadiumSHA3,StadiumSHA3-22-20260922-20:31:41-1127323,1,StadiumSHA3-22-20260922-20:31:41-1127323|phase2|1,22,22,22,sha3,10,,,,1.498476,0.252067,0.009428,0.011512,0.10824,0.001693,0.007674,0.013776,0.103452,0.003006,104,85,43,545,1,0
302,1,1.597679,0.506528,1.091151,777,sha3,OMNeT++; module=UavAuthNetwork.uav[2]; config=StadiumSHA3,0.319011,0.050363,0.254313,0.088674,0.235744,0.034163,0.215769,0.088674,0.133066,0.15909,0.010169,0.855407,StadiumSHA3,StadiumSHA3-22-20260922-20:31:41-1127323,2,StadiumSHA3-22-20260922-20:31:41-1127323|phase2|2,22,22,22,sha3,10,,,,1.504554,0.215769,0.015708,0.010941,0.105555,0.001704,0.007604,0.010861,0.102599,0.002535,104,85,43,545,1,0
303,1,1.602265,0.512639,1.089626,777,sha3,OMNeT++; module=UavAuthNetwork.uav[3]; config=StadiumSHA3,0.319822,0.051175,0.247834,0.091289,0.241766,0.035696,0.209047,0.091289,0.154446,0.160112,0.010239,0.84786,StadiumSHA3,StadiumSHA3-22-20260922-20:31:41-1127323,3,StadiumSHA3-22-20260922-20:31:41-1127323|phase2|3,22,22,22,sha3,10,,,,1.497572,0.209047,0.007674,0.011982,0.120894,0.001733,0.007905,0.015629,0.108882,0.002505,104,85,43,545,1,0
304,1,1.575707,0.521576,1.054131,777,sha3,OMNeT++; module=UavAuthNetwork.uav[4]; config=StadiumSHA3,0.343917,0.066483,0.272206,0.083795,0.224962,0.035676,0.236858,0.083795,0.136903,0.164195,0.010069,0.829169,StadiumSHA3,StadiumSHA3-22-20260922-20:31:41-1127323,4,StadiumSHA3-22-20260922-20:31:41-1127323|phase2|4,22,22,22,sha3,10,,,,1.490533,0.236858,0.007883,0.011611,0.110004,0.001763,0.010059,0.012413,0.116175,0.002584,104,85,43,545,1,0
305,1,1.579433,0.518099,1.061334,777,sha3,OMNeT++; module=UavAuthNetwork.uav[5]; config=StadiumSHA3,0.325062,0.051234,0.258564,0.091499,0.216973,0.035426,0.219526,0.091499,0.138927,0.162148,0.010039,0.844361,StadiumSHA3,StadiumSHA3-22-20260922-20:31:41-1127323,5,StadiumSHA3-22-20260922-20:31:41-1127323|phase2|5,22,22,22,sha3,10,,,,1.482045,0.219526,0.007754,0.011251,0.116636,0.001663,0.007854,0.01125,0.106518,0.002384,104,85,43,545,1,0
306,1,1.608843,0.508663,1.10018,777,sha3,OMNeT++; module=UavAuthNetwork.uav[6]; config=StadiumSHA3,0.337465,0.051395,0.239976,0.08078,0.248817,0.036107,0.22686,0.08078,0.144938,0.167315,0.009638,0.851362,StadiumSHA3,StadiumSHA3-22-20260922-20:31:41-1127323,6,StadiumSHA3-22-20260922-20:31:41-1127323|phase2|6,22,22,22,sha3,10,,,,1.507471,0.22686,0.007653,0.014858,0.106377,0.001563,0.007743,0.015769,0.107469,0.002485,104,85,43,545,1,0
307,1,1.575366,0.508042,1.067324,777,sha3,OMNeT++; module=UavAuthNetwork.uav[7]; config=StadiumSHA3,0.325854,0.050834,0.270404,0.082884,0.224578,0.049472,0.207053,0.082884,0.16725,0.173705,0.01642,0.842746,StadiumSHA3,StadiumSHA3-22-20260922-20:31:41-1127323,7,StadiumSHA3-22-20260922-20:31:41-1127323|phase2|7,22,22,22,sha3,10,,,,1.511434,0.207053,0.007735,0.0111,0.10785,0.002685,0.007856,0.01098,0.105666,0.003656,104,85,43,545,1,0
308,1,1.722373,0.636418,1.085955,777,sha3,OMNeT++; module=UavAuthNetwork.uav[8]; config=StadiumSHA3,0.429626,0.076883,0.248542,0.095156,0.217598,0.055552,0.27501,0.095156,0.190753,0.15887,0.01648,0.868357,StadiumSHA3,StadiumSHA3-22-20260922-20:31:41-1127323,8,StadiumSHA3-22-20260922-20:31:41-1127323|phase2|8,22,22,22,sha3,10,,,,1.493366,0.27501,0.0116,0.014576,0.127356,0.002825,0.020187,0.017301,0.133608,0.003116,104,85,43,545,1,0
309,1,1.697166,0.641669,1.055497,777,sha3,OMNeT++; module=UavAuthNetwork.uav[9]; config=StadiumSHA3,0.425708,0.065331,0.254548,0.102851,0.22663,0.047628,0.282573,0.102851,0.147483,0.166239,0.010259,0.828867,StadiumSHA3,StadiumSHA3-22-20260922-20:31:41-1127323,9,StadiumSHA3-22-20260922-20:31:41-1127323|phase2|9,22,22,22,sha3,10,,,,1.476284,0.282573,0.012282,0.015818,0.132866,0.001724,0.009697,0.011962,0.125291,0.002705,104,85,43,545,1,0
310,1,1.736661,0.649454,1.087207,777,sha3,OMNeT++; module=UavAuthNetwork.uav[0]; config=StadiumSHA3,0.423044,0.056034,0.263621,0.105235,0.248724,0.04849,0.269529,0.105235,0.190533,0.160914,0.01594,0.838483,StadiumSHA3,StadiumSHA3-23-20260922-20:31:41-1127323,0,StadiumSHA3-23-20260922-20:31:41-1127323|phase2|0,23,23,23,sha3,10,,,,1.511742,0.269529,0.008916,0.022491,0.137905,0.003206,0.008737,0.013205,0.127155,0.012072,104,85,43,545,1,0
311,1,1.736966,0.655222,1.081744,777,sha3,OMNeT++; module=UavAuthNetwork.uav[1]; config=StadiumSHA3,0.479267,0.051355,0.247925,0.082623,0.221451,0.055402,0.337174,0.082623,0.136924,0.185268,0.010709,0.860294,StadiumSHA3,StadiumSHA3-23-20260922-20:31:41-1127323,1,StadiumSHA3-23-20260922-20:31:41-1127323|phase2|1,23,23,23,sha3,10,,,,1.514937,0.337174,0.008206,0.011763,0.109022,0.002094,0.007865,0.01105,0.104754,0.003466,104,85,43,545,1,0
312,1,1.565376,0.495117,1.070259,777,sha3,OMNeT++; module=UavAuthNetwork.uav[2]; config=StadiumSHA3,0.324842,0.051535,0.249688,0.080359,0.223874,0.035075,0.218355,0.080359,0.131463,0.175701,0.009557,0.846386,StadiumSHA3,StadiumSHA3-23-20260922-20:31:41-1127323,2,StadiumSHA3-23-20260922-20:31:41-1127323|phase2|2,23,23,23,sha3,10,,,,1.495649,0.218355,0.007603,0.011001,0.105606,0.001493,0.007695,0.011251,0.103151,0.002344,104,85,43,545,1,0
313,1,1.559827,0.48639,1.073437,777,sha3,OMNeT++; module=UavAuthNetwork.uav[3]; config=StadiumSHA3,0.317698,0.049262,0.247174,0.079467,0.222214,0.034073,0.209297,0.079467,0.14018,0.162872,0.009758,0.851223,StadiumSHA3,StadiumSHA3-23-20260922-20:31:41-1127323,3,StadiumSHA3-23-20260922-20:31:41-1127323|phase2|3,23,23,23,sha3,10,,,,1.483483,0.209297,0.007495,0.01055,0.10868,0.001704,0.007434,0.01102,0.110274,0.002294,104,85,43,545,1,0
314,1,1.564166,0.480308,1.083858,777,sha3,OMNeT++; module=UavAuthNetwork.uav[4]; config=StadiumSHA3,0.311206,0.055753,0.264637,0.079797,0.239555,0.034133,0.204639,0.079797,0.131884,0.204518,0.009508,0.844303,StadiumSHA3,StadiumSHA3-23-20260922-20:31:41-1127323,4,StadiumSHA3-23-20260922-20:31:41-1127323|phase2|4,23,23,23,sha3,10,,,,1.553013,0.204639,0.007524,0.010519,0.108973,0.001533,0.007504,0.01077,0.10826,0.002164,104,85,43,545,1,0
315,1,1.537772,0.478898,1.058874,777,sha3,OMNeT++; module=UavAuthNetwork.uav[5]; config=StadiumSHA3,0.310104,0.049722,0.299485,0.079628,0.221398,0.034143,0.198618,0.079628,0.131443,0.17434,0.009538,0.837476,StadiumSHA3,StadiumSHA3-23-20260922-20:31:41-1127323,5,StadiumSHA3-23-20260922-20:31:41-1127323|phase2|5,23,23,23,sha3,10,,,,1.532699,0.198618,0.007754,0.01045,0.11352,0.001623,0.007364,0.01098,0.102169,0.002254,104,85,43,545,1,0
316,1,1.601385,0.515745,1.08564,777,sha3,OMNeT++; module=UavAuthNetwork.uav[6]; config=StadiumSHA3,0.307038,0.050273,0.246923,0.099274,0.229501,0.034433,0.19948,0.099274,0.167319,0.167094,0.010159,0.85614,StadiumSHA3,StadiumSHA3-23-20260922-20:31:41-1127323,6,StadiumSHA3-23-20260922-20:31:41-1127323|phase2|6,23,23,23,sha3,10,,,,1.499658,0.19948,0.007624,0.016761,0.122187,0.001613,0.007864,0.015068,0.113519,0.002574,104,85,43,545,1,0
317,1,1.661735,0.611432,1.050303,777,sha3,OMNeT++; module=UavAuthNetwork.uav[7]; config=StadiumSHA3,0.403026,0.060802,0.243709,0.096619,0.221437,0.036157,0.266784,0.096619,0.166378,0.160584,0.015168,0.828865,StadiumSHA3,StadiumSHA3-23-20260922-20:31:41-1127323,7,StadiumSHA3-23-20260922-20:31:41-1127323|phase2|7,23,23,23,sha3,10,,,,1.454595,0.266784,0.009989,0.020237,0.123228,0.001864,0.010169,0.012212,0.124039,0.003356,104,85,43,545,1,0
318,1,1.641423,0.58903,1.052393,777,sha3,OMNeT++; module=UavAuthNetwork.uav[8]; config=StadiumSHA3,0.382077,0.061444,0.269158,0.095677,0.217318,0.045975,0.258488,0.095677,0.159966,0.186041,0.015599,0.835074,StadiumSHA3,StadiumSHA3-23-20260922-20:31:41-1127323,8,StadiumSHA3-23-20260922-20:31:41-1127323|phase2|8,23,23,23,sha3,10,,,,1.507591,0.258488,0.008476,0.01623,0.121925,0.002745,0.010399,0.012122,0.120103,0.003456,104,85,43,545,1,0
319,1,1.661591,0.588701,1.07289,777,sha3,OMNeT++; module=UavAuthNetwork.uav[9]; config=StadiumSHA3,0.373412,0.066253,0.24409,0.10264,0.226851,0.046446,0.2484,0.10264,0.164695,0.176902,0.010009,0.846039,StadiumSHA3,StadiumSHA3-23-20260922-20:31:41-1127323,9,StadiumSHA3-23-20260922-20:31:41-1127323|phase2|9,23,23,23,sha3,10,,,,1.493882,0.2484,0.012212,0.013966,0.127947,0.001764,0.011882,0.018485,0.125091,0.002695,104,85,43,545,1,0
320,1,1.6594,0.584942,1.074458,777,sha3,OMNeT++; module=UavAuthNetwork.uav[0]; config=StadiumSHA3,0.381776,0.077593,0.241464,0.096158,0.236295,0.042679,0.246516,0.096158,0.141491,0.162374,0.01085,0.838163,StadiumSHA3,StadiumSHA3-24-20260922-20:31:41-1127323,0,StadiumSHA3-24-20260922-20:31:41-1127323|phase2|0,24,24,24,sha3,10,,,,1.478296,0.246516,0.012593,0.012644,0.13002,0.002184,0.011953,0.014547,0.1189,0.010069,104,85,43,545,1,0
321,1,1.58421,0.495939,1.088271,777,sha3,OMNeT++; module=UavAuthNetwork.uav[1]; config=StadiumSHA3,0.304965,0.049451,0.258103,0.090618,0.239147,0.033982,0.199519,0.090618,0.132556,0.166383,0.009738,0.849124,StadiumSHA3,StadiumSHA3-24-20260922-20:31:41-1127323,1,StadiumSHA3-24-20260922-20:31:41-1127323|phase2|1,24,24,24,sha3,10,,,,1.512757,0.199519,0.007413,0.011642,0.118069,0.001623,0.007554,0.0108,0.102781,0.002545,104,85,43,545,1,0
322,1,1.53372,0.47619,1.05753,777,sha3,OMNeT++; module=UavAuthNetwork.uav[2]; config=StadiumSHA3,0.30811,0.049912,0.253089,0.079266,0.224941,0.033863,0.207414,0.079266,0.131784,0.189884,0.009548,0.832589,StadiumSHA3,StadiumSHA3-24-20260922-20:31:41-1127323,2,StadiumSHA3-24-20260922-20:31:41-1127323|phase2|2,24,24,24,sha3,10,,,,1.500504,0.207414,0.007433,0.010279,0.103532,0.001433,0.007573,0.01068,0.10265,0.001994,104,85,43,545,1,0
323,1,1.54807,0.482361,1.065709,777,sha3,OMNeT++; module=UavAuthNetwork.uav[3]; config=StadiumSHA3,0.31347,0.049602,0.265423,0.079697,0.231786,0.034253,0.211191,0.079697,0.132235,0.170336,0.009497,0.833923,StadiumSHA3,StadiumSHA3-24-20260922-20:31:41-1127323,3,StadiumSHA3-24-20260922-20:31:41-1127323|phase2|3,24,24,24,sha3,10,,,,1.501468,0.211191,0.007384,0.010569,0.104414,0.001452,0.007574,0.010729,0.102891,0.002124,104,85,43,545,1,0
324,1,1.795006,0.721735,1.073271,777,sha3,OMNeT++; module=UavAuthNetwork.uav[4]; config=StadiumSHA3,0.479097,0.071653,0.248682,0.114161,0.216109,0.034503,0.349758,0.114161,0.173972,0.162962,0.014316,0.857162,StadiumSHA3,StadiumSHA3-24-20260922-20:31:41-1127323,4,StadiumSHA3-24-20260922-20:31:41-1127323|phase2|4,24,24,24,sha3,10,,,,1.484916,0.349758,0.011972,0.020017,0.139128,0.002415,0.012543,0.015539,0.133447,0.004879,104,85,43,545,1,0
325,1,1.783747,0.716378,1.067369,777,sha3,OMNeT++; module=UavAuthNetwork.uav[5]; config=StadiumSHA3,0.454883,0.073185,0.247386,0.121215,0.222842,0.054401,0.298693,0.121215,0.234224,0.190181,0.019065,0.844527,StadiumSHA3,StadiumSHA3-24-20260922-20:31:41-1127323,5,StadiumSHA3-24-20260922-20:31:41-1127323|phase2|5,24,24,24,sha3,10,,,,1.504936,0.298693,0.012532,0.017182,0.157562,0.003667,0.018895,0.020948,0.148053,0.004228,104,85,43,545,1,0
326,1,1.828331,0.744787,1.083544,777,sha3,OMNeT++; module=UavAuthNetwork.uav[6]; config=StadiumSHA3,0.510184,0.087542,0.247141,0.109492,0.254303,0.061113,0.330331,0.109492,0.191264,0.162529,0.015619,0.82924,StadiumSHA3,StadiumSHA3-24-20260922-20:31:41-1127323,6,StadiumSHA3-24-20260922-20:31:41-1127323|phase2|6,24,24,24,sha3,10,,,,1.493214,0.330331,0.015368,0.018594,0.152403,0.002515,0.013706,0.018444,0.138546,0.004328,104,85,43,545,1,0
327,1,1.720227,0.637039,1.083188,777,sha3,OMNeT++; module=UavAuthNetwork.uav[7]; config=StadiumSHA3,0.461384,0.052898,0.256919,0.082593,0.219183,0.056425,0.305625,0.082593,0.136733,0.215868,0.010469,0.864005,StadiumSHA3,StadiumSHA3-24-20260922-20:31:41-1127323,7,StadiumSHA3-24-20260922-20:31:41-1127323|phase2|7,24,24,24,sha3,10,,,,1.555976,0.305625,0.008206,0.013926,0.120483,0.001784,0.007724,0.011661,0.105446,0.003777,104,85,43,545,1,0
328,1,1.562871,0.505193,1.057678,777,sha3,OMNeT++; module=UavAuthNetwork.uav[8]; config=StadiumSHA3,0.331433,0.051775,0.26249,0.081961,0.217906,0.035856,0.218635,0.081961,0.135952,0.169632,0.009838,0.839773,StadiumSHA3,StadiumSHA3-24-20260922-20:31:41-1127323,8,StadiumSHA3-24-20260922-20:31:41-1127323|phase2|8,24,24,24,sha3,10,,,,1.489801,0.218635,0.007855,0.01091,0.111847,0.001513,0.008086,0.011451,0.105004,0.002414,104,85,43,545,1,0
329,1,1.563162,0.512829,1.050333,777,sha3,OMNeT++; module=UavAuthNetwork.uav[9]; config=StadiumSHA3,0.324781,0.050433,0.247482,0.089215,0.216666,0.035355,0.214346,0.089215,0.135291,0.189092,0.009618,0.833667,StadiumSHA3,StadiumSHA3-24-20260922-20:31:41-1127323,9,StadiumSHA3-24-20260922-20:31:41-1127323|phase2|9,24,24,24,sha3,10,,,,1.486908,0.214346,0.007595,0.011361,0.118369,0.001533,0.007674,0.011029,0.105236,0.002224,104,85,43,545,1,0
330,1,1.536535,0.479286,1.057249,777,sha3,OMNeT++; module=UavAuthNetwork.uav[0]; config=StadiumSHA3,0.306157,0.050132,0.255726,0.08128,0.214169,0.034324,0.192967,0.08128,0.136222,0.178807,0.010569,0.84308,StadiumSHA3,StadiumSHA3-25-20260922-20:31:41-1127323,0,StadiumSHA3-25-20260922-20:31:41-1127323|phase2|0,25,25,25,sha3,10,,,,1.491783,0.192967,0.008125,0.01103,0.116515,0.002134,0.007734,0.01059,0.100477,0.008696,104,85,43,545,1,0
331,1,1.563559,0.466225,1.097334,777,sha3,OMNeT++; module=UavAuthNetwork.uav[1]; config=StadiumSHA3,0.298343,0.048029,0.247978,0.079107,0.230871,0.039954,0.193057,0.079107,0.132646,0.157953,0.009668,0.866464,StadiumSHA3,StadiumSHA3-25-20260922-20:31:41-1127323,1,StadiumSHA3-25-20260922-20:31:41-1127323|phase2|1,25,25,25,sha3,10,,,,1.503265,0.193057,0.007322,0.010539,0.102891,0.001513,0.007453,0.01072,0.101758,0.002284,104,85,43,545,1,0
332,1,1.661348,0.520883,1.140465,777,sha3,OMNeT++; module=UavAuthNetwork.uav[2]; config=StadiumSHA3,0.29202,0.050113,0.271245,0.107098,0.262361,0.034124,0.193017,0.107098,0.186385,0.170137,0.014667,0.878104,StadiumSHA3,StadiumSHA3-25-20260922-20:31:41-1127323,2,StadiumSHA3-25-20260922-20:31:41-1127323|phase2|2,25,25,25,sha3,10,,,,1.581848,0.193017,0.007434,0.021641,0.119761,0.002274,0.008907,0.014527,0.123058,0.003938,104,85,43,545,1,0
333,1,1.587927,0.525773,1.062154,777,sha3,OMNeT++; module=UavAuthNetwork.uav[3]; config=StadiumSHA3,0.359616,0.0486,0.249491,0.078275,0.228683,0.052718,0.227922,0.078275,0.129781,0.16028,0.009607,0.833471,StadiumSHA3,StadiumSHA3-25-20260922-20:31:41-1127323,3,StadiumSHA3-25-20260922-20:31:41-1127323|phase2|3,25,25,25,sha3,10,,,,1.471924,0.227922,0.007494,0.01095,0.104143,0.001633,0.007414,0.010489,0.100056,0.002845,104,85,43,545,1,0
334,1,1.546931,0.492061,1.05487,777,sha3,OMNeT++; module=UavAuthNetwork.uav[4]; config=StadiumSHA3,0.325913,0.055633,0.245058,0.078205,0.223187,0.040395,0.216641,0.078205,0.132645,0.168589,0.009738,0.831682,StadiumSHA3,StadiumSHA3-25-20260922-20:31:41-1127323,4,StadiumSHA3-25-20260922-20:31:41-1127323|phase2|4,25,25,25,sha3,10,,,,1.468517,0.216641,0.007394,0.01087,0.102328,0.001633,0.008886,0.012773,0.103992,0.002515,104,85,43,545,1,0
335,1,1.54869,0.482342,1.066348,777,sha3,OMNeT++; module=UavAuthNetwork.uav[5]; config=StadiumSHA3,0.312919,0.04878,0.271153,0.079888,0.225287,0.034484,0.211341,0.079888,0.141262,0.170974,0.009647,0.841062,StadiumSHA3,StadiumSHA3-25-20260922-20:31:41-1127323,5,StadiumSHA3-25-20260922-20:31:41-1127323|phase2|5,25,25,25,sha3,10,,,,1.508476,0.211341,0.007525,0.01068,0.103932,0.001573,0.007364,0.01092,0.110494,0.002104,104,85,43,545,1,0
336,1,1.517585,0.457528,1.060057,777,sha3,OMNeT++; module=UavAuthNetwork.uav[6]; config=StadiumSHA3,0.296419,0.047528,0.243164,0.076111,0.223883,0.034123,0.196814,0.076111,0.126885,0.16692,0.008887,0.836174,StadiumSHA3,StadiumSHA3-25-20260922-20:31:41-1127323,6,StadiumSHA3-25-20260922-20:31:41-1127323|phase2|6,25,25,25,sha3,10,,,,1.470141,0.196814,0.007124,0.010358,0.100546,0.001292,0.007122,0.01034,0.097621,0.001833,104,85,43,545,1,0
337,1,1.515051,0.465282,1.049769,777,sha3,OMNeT++; module=UavAuthNetwork.uav[7]; config=StadiumSHA3,0.302009,0.056344,0.251867,0.076983,0.219595,0.03243,0.206032,0.076983,0.126114,0.17786,0.009307,0.830174,StadiumSHA3,StadiumSHA3-25-20260922-20:31:41-1127323,7,StadiumSHA3-25-20260922-20:31:41-1127323|phase2|7,25,25,25,sha3,10,,,,1.479496,0.206032,0.007393,0.01056,0.100315,0.001513,0.015349,0.010248,0.098492,0.002284,104,85,43,545,1,0
338,1,1.527345,0.455554,1.071791,777,sha3,OMNeT++; module=UavAuthNetwork.uav[8]; config=StadiumSHA3,0.289857,0.049342,0.243003,0.078235,0.222807,0.032851,0.193357,0.078235,0.130421,0.202082,0.009227,0.848983,StadiumSHA3,StadiumSHA3-25-20260922-20:31:41-1127323,8,StadiumSHA3-25-20260922-20:31:41-1127323|phase2|8,25,25,25,sha3,10,,,,1.516876,0.193357,0.007324,0.010409,0.101879,0.001442,0.007563,0.01072,0.100997,0.001943,104,85,43,545,1,0
339,1,1.535557,0.478225,1.057332,777,sha3,OMNeT++; module=UavAuthNetwork.uav[9]; config=StadiumSHA3,0.312127,0.04854,0.272332,0.078676,0.219885,0.033542,0.212644,0.078676,0.12945,0.158248,0.008746,0.837447,StadiumSHA3,StadiumSHA3-25-20260922-20:31:41-1127323,9,StadiumSHA3-25-20260922-20:31:41-1127323|phase2|9,25,25,25,sha3,10,,,,1.487913,0.212644,0.007363,0.010589,0.102761,0.001372,0.007384,0.010378,0.100937,0.002074,104,85,43,545,1,0
340,1,1.614264,0.543026,1.071238,777,sha3,OMNeT++; module=UavAuthNetwork.uav[0]; config=StadiumSHA3,0.330803,0.054301,0.267217,0.100556,0.242605,0.036307,0.210981,0.100556,0.146401,0.174841,0.011111,0.828633,StadiumSHA3,StadiumSHA3-26-20260922-20:31:41-1127323,0,StadiumSHA3-26-20260922-20:31:41-1127323|phase2|0,26,26,26,sha3,10,,,,1.513297,0.210981,0.008736,0.012162,0.136432,0.002194,0.008255,0.011661,0.1081,0.008927,104,85,43,545,1,0
341,1,1.593235,0.496749,1.096486,777,sha3,OMNeT++; module=UavAuthNetwork.uav[1]; config=StadiumSHA3,0.322797,0.050394,0.259917,0.081801,0.254423,0.035716,0.213505,0.081801,0.148024,0.170345,0.01035,0.842063,StadiumSHA3,StadiumSHA3-26-20260922-20:31:41-1127323,1,StadiumSHA3-26-20260922-20:31:41-1127323|phase2|1,26,26,26,sha3,10,,,,1.526748,0.213505,0.007725,0.010841,0.111415,0.001633,0.007744,0.011081,0.104684,0.002344,104,85,43,545,1,0
342,1,1.553678,0.490007,1.063671,777,sha3,OMNeT++; module=UavAuthNetwork.uav[2]; config=StadiumSHA3,0.316195,0.051405,0.255405,0.081862,0.220464,0.035215,0.212433,0.081862,0.135751,0.169042,0.010088,0.843206,StadiumSHA3,StadiumSHA3-26-20260922-20:31:41-1127323,2,StadiumSHA3-26-20260922-20:31:41-1127323|phase2|2,26,26,26,sha3,10,,,,1.488118,0.212433,0.007753,0.01076,0.107599,0.001623,0.007814,0.01103,0.105145,0.002284,104,85,43,545,1,0
343,1,1.557901,0.495809,1.062092,777,sha3,OMNeT++; module=UavAuthNetwork.uav[3]; config=StadiumSHA3,0.320013,0.051044,0.263253,0.082874,0.224353,0.035887,0.215178,0.082874,0.149156,0.16374,0.010048,0.837739,StadiumSHA3,StadiumSHA3-26-20260922-20:31:41-1127323,3,StadiumSHA3-26-20260922-20:31:41-1127323|phase2|3,26,26,26,sha3,10,,,,1.489085,0.215178,0.007754,0.01088,0.10831,0.001654,0.007784,0.011762,0.117669,0.002305,104,85,43,545,1,0
344,1,1.577425,0.491831,1.085594,777,sha3,OMNeT++; module=UavAuthNetwork.uav[4]; config=StadiumSHA3,0.316836,0.051546,0.250786,0.082734,0.243085,0.035696,0.211451,0.082734,0.135962,0.167743,0.009527,0.842509,StadiumSHA3,StadiumSHA3-26-20260922-20:31:41-1127323,4,StadiumSHA3-26-20260922-20:31:41-1127323|phase2|4,26,26,26,sha3,10,,,,1.504123,0.211451,0.007815,0.01077,0.109221,0.001463,0.007764,0.01107,0.105937,0.002044,104,85,43,545,1,0
345,1,1.583416,0.505977,1.077439,777,sha3,OMNeT++; module=UavAuthNetwork.uav[5]; config=StadiumSHA3,0.330111,0.052357,0.25802,0.083044,0.249294,0.03791,0.214808,0.083044,0.136643,0.168706,0.009778,0.828145,StadiumSHA3,StadiumSHA3-26-20260922-20:31:41-1127323,5,StadiumSHA3-26-20260922-20:31:41-1127323|phase2|5,26,26,26,sha3,10,,,,1.504164,0.214808,0.007803,0.011121,0.116066,0.001603,0.007904,0.011291,0.106617,0.002535,104,85,43,545,1,0
346,1,1.578126,0.508231,1.069895,777,sha3,OMNeT++; module=UavAuthNetwork.uav[6]; config=StadiumSHA3,0.320513,0.056655,0.248288,0.088965,0.23818,0.042439,0.209658,0.088965,0.138486,0.177166,0.009788,0.831715,StadiumSHA3,StadiumSHA3-26-20260922-20:31:41-1127323,6,StadiumSHA3-26-20260922-20:31:41-1127323|phase2|6,26,26,26,sha3,10,,,,1.495349,0.209658,0.011461,0.011381,0.108811,0.001543,0.009949,0.011061,0.110865,0.002514,104,85,43,545,1,0
347,1,1.57677,0.486712,1.090058,777,sha3,OMNeT++; module=UavAuthNetwork.uav[7]; config=StadiumSHA3,0.316366,0.049742,0.243559,0.080289,0.244024,0.043079,0.20554,0.080289,0.134289,0.163009,0.009768,0.846034,StadiumSHA3,StadiumSHA3-26-20260922-20:31:41-1127323,7,StadiumSHA3-26-20260922-20:31:41-1127323|phase2|7,26,26,26,sha3,10,,,,1.496626,0.20554,0.007464,0.010608,0.105244,0.001483,0.007544,0.01076,0.104393,0.002214,104,85,43,545,1,0
348,1,1.54579,0.49701,1.04878,777,sha3,OMNeT++; module=UavAuthNetwork.uav[8]; config=StadiumSHA3,0.303702,0.055293,0.245983,0.09172,0.215462,0.034784,0.201593,0.09172,0.13505,0.165251,0.009868,0.833317,StadiumSHA3,StadiumSHA3-26-20260922-20:31:41-1127323,8,StadiumSHA3-26-20260922-20:31:41-1127323|phase2|8,26,26,26,sha3,10,,,,1.460013,0.201593,0.009078,0.01155,0.11359,0.001623,0.009307,0.01106,0.107099,0.002475,104,85,43,545,1,0
349,1,1.536713,0.491459,1.045254,777,sha3,OMNeT++; module=UavAuthNetwork.uav[9]; config=StadiumSHA3,0.314993,0.051525,0.259269,0.083294,0.21524,0.034995,0.206442,0.083294,0.138096,0.189781,0.009878,0.830014,StadiumSHA3,StadiumSHA3-26-20260922-20:31:41-1127323,9,StadiumSHA3-26-20260922-20:31:41-1127323|phase2|9,26,26,26,sha3,10,,,,1.494305,0.206442,0.007804,0.011111,0.113741,0.001543,0.008155,0.01106,0.107509,0.002044,104,85,43,545,1,0
350,1,1.576709,0.513742,1.062967,777,sha3,OMNeT++; module=UavAuthNetwork.uav[0]; config=StadiumSHA3,0.329921,0.05391,0.262672,0.08624,0.226344,0.035586,0.211992,0.08624,0.143926,0.16255,0.011341,0.836623,StadiumSHA3,StadiumSHA3-27-20260922-20:31:41-1127323,0,StadiumSHA3-27-20260922-20:31:41-1127323|phase2|0,27,27,27,sha3,10,,,,1.488189,0.211992,0.008566,0.011732,0.123469,0.002234,0.008145,0.011471,0.107178,0.008535,104,85,43,545,1,0
351,1,1.568567,0.491712,1.076855,777,sha3,OMNeT++; module=UavAuthNetwork.uav[1]; config=StadiumSHA3,0.318901,0.050764,0.2613,0.081441,0.22699,0.048149,0.202305,0.081441,0.134399,0.186012,0.009929,0.849865,StadiumSHA3,StadiumSHA3-27-20260922-20:31:41-1127323,1,StadiumSHA3-27-20260922-20:31:41-1127323|phase2|1,27,27,27,sha3,10,,,,1.524167,0.202305,0.007805,0.011001,0.106847,0.001603,0.007664,0.01101,0.104263,0.002756,104,85,43,545,1,0
352,1,1.532283,0.482685,1.049598,777,sha3,OMNeT++; module=UavAuthNetwork.uav[2]; config=StadiumSHA3,0.310364,0.050343,0.252264,0.081221,0.21972,0.034363,0.207545,0.081221,0.1351,0.167469,0.009879,0.829879,StadiumSHA3,StadiumSHA3-27-20260922-20:31:41-1127323,2,StadiumSHA3-27-20260922-20:31:41-1127323|phase2|2,27,27,27,sha3,10,,,,1.469331,0.207545,0.007524,0.010901,0.106027,0.001502,0.007564,0.01093,0.104173,0.002275,104,85,43,545,1,0
353,1,1.556523,0.490228,1.066295,777,sha3,OMNeT++; module=UavAuthNetwork.uav[3]; config=StadiumSHA3,0.315314,0.050604,0.284681,0.082513,0.23338,0.035025,0.211962,0.082513,0.143866,0.180103,0.009888,0.832915,StadiumSHA3,StadiumSHA3-27-20260922-20:31:41-1127323,3,StadiumSHA3-27-20260922-20:31:41-1127323|phase2|3,27,27,27,sha3,10,,,,1.531079,0.211962,0.007624,0.010769,0.107719,0.001613,0.014147,0.011121,0.107239,0.002224,104,85,43,545,1,0
354,1,1.562003,0.482713,1.07929,777,sha3,OMNeT++; module=UavAuthNetwork.uav[4]; config=StadiumSHA3,0.312919,0.050714,0.268102,0.080158,0.245071,0.035395,0.209248,0.080158,0.132315,0.186619,0.009478,0.834219,StadiumSHA3,StadiumSHA3-27-20260922-20:31:41-1127323,4,StadiumSHA3-27-20260922-20:31:41-1127323|phase2|4,27,27,27,sha3,10,,,,1.534012,0.209248,0.007534,0.01071,0.105896,0.001472,0.007675,0.01109,0.103641,0.002014,104,85,43,545,1,0
355,1,1.534026,0.485819,1.048207,777,sha3,OMNeT++; module=UavAuthNetwork.uav[5]; config=StadiumSHA3,0.315814,0.049051,0.241417,0.080329,0.220603,0.034293,0.210019,0.080329,0.132906,0.165831,0.009347,0.827604,StadiumSHA3,StadiumSHA3-27-20260922-20:31:41-1127323,5,StadiumSHA3-27-20260922-20:31:41-1127323|phase2|5,27,27,27,sha3,10,,,,1.455455,0.210019,0.007555,0.01067,0.109863,0.001422,0.007414,0.010429,0.103231,0.002104,104,85,43,545,1,0
356,1,1.608154,0.510525,1.097629,777,sha3,OMNeT++; module=UavAuthNetwork.uav[6]; config=StadiumSHA3,0.30246,0.062175,0.252042,0.099434,0.254423,0.034113,0.202355,0.099434,0.132936,0.181264,0.009197,0.843206,StadiumSHA3,StadiumSHA3-27-20260922-20:31:41-1127323,6,StadiumSHA3-27-20260922-20:31:41-1127323|phase2|6,27,27,27,sha3,10,,,,1.530935,0.202355,0.007383,0.010771,0.123939,0.001433,0.007504,0.01085,0.116165,0.002094,104,85,43,545,1,0
357,1,1.550505,0.483974,1.066531,777,sha3,OMNeT++; module=UavAuthNetwork.uav[7]; config=StadiumSHA3,0.313129,0.049712,0.288037,0.080659,0.22202,0.034744,0.200652,0.080659,0.133618,0.178913,0.009527,0.844511,StadiumSHA3,StadiumSHA3-27-20260922-20:31:41-1127323,7,StadiumSHA3-27-20260922-20:31:41-1127323|phase2|7,27,27,27,sha3,10,,,,1.533481,0.200652,0.007443,0.01069,0.110534,0.001473,0.007534,0.010721,0.103902,0.002124,104,85,43,545,1,0
358,1,1.596507,0.536593,1.059914,777,sha3,OMNeT++; module=UavAuthNetwork.uav[8]; config=StadiumSHA3,0.299635,0.050102,0.261631,0.11371,0.229166,0.034635,0.199739,0.11371,0.13523,0.199822,0.009538,0.830748,StadiumSHA3,StadiumSHA3-27-20260922-20:31:41-1127323,8,StadiumSHA3-27-20260922-20:31:41-1127323|phase2|8,27,27,27,sha3,10,,,,1.521367,0.199739,0.007624,0.011572,0.137124,0.001472,0.007634,0.01101,0.104764,0.002285,104,85,43,545,1,0
359,1,1.532177,0.465583,1.066594,777,sha3,OMNeT++; module=UavAuthNetwork.uav[9]; config=StadiumSHA3,0.299795,0.047979,0.249342,0.078376,0.237281,0.034604,0.199209,0.078376,0.12984,0.16328,0.009036,0.829313,StadiumSHA3,StadiumSHA3-27-20260922-20:31:41-1127323,9,StadiumSHA3-27-20260922-20:31:41-1127323|phase2|9,27,27,27,sha3,10,,,,1.479216,0.199209,0.007294,0.010388,0.103332,0.001372,0.007224,0.010299,0.101287,0.001884,104,85,43,545,1,0
360,1,1.644815,0.573613,1.071202,777,sha3,OMNeT++; module=UavAuthNetwork.uav[0]; config=StadiumSHA3,0.393418,0.053189,0.243232,0.084577,0.232465,0.053699,0.252217,0.084577,0.14065,0.176491,0.011041,0.838737,StadiumSHA3,StadiumSHA3-28-20260922-20:31:41-1127323,0,StadiumSHA3-28-20260922-20:31:41-1127323|phase2|0,28,28,28,sha3,10,,,,1.490925,0.252217,0.008596,0.012242,0.122937,0.002254,0.008063,0.01123,0.104534,0.008435,104,85,43,545,1,0
361,1,1.603948,0.509913,1.094035,777,sha3,OMNeT++; module=UavAuthNetwork.uav[1]; config=StadiumSHA3,0.338015,0.050013,0.261302,0.08092,0.238462,0.051976,0.208396,0.08092,0.133657,0.162409,0.010058,0.855574,StadiumSHA3,StadiumSHA3-28-20260922-20:31:41-1127323,1,StadiumSHA3-28-20260922-20:31:41-1127323|phase2|1,28,28,28,sha3,10,,,,1.517746,0.208396,0.007784,0.01107,0.111277,0.001633,0.007664,0.010891,0.103461,0.002715,104,85,43,545,1,0
362,1,1.552068,0.478917,1.073151,777,sha3,OMNeT++; module=UavAuthNetwork.uav[2]; config=StadiumSHA3,0.305576,0.051165,0.254589,0.081391,0.23726,0.034694,0.202515,0.081391,0.153283,0.195947,0.010559,0.835892,StadiumSHA3,StadiumSHA3-28-20260922-20:31:41-1127323,2,StadiumSHA3-28-20260922-20:31:41-1127323|phase2|2,28,28,28,sha3,10,,,,1.523687,0.202515,0.007564,0.010801,0.105966,0.001653,0.007785,0.01111,0.104625,0.003296,104,85,43,545,1,0
363,1,1.564809,0.487251,1.077558,777,sha3,OMNeT++; module=UavAuthNetwork.uav[3]; config=StadiumSHA3,0.313711,0.050374,0.25589,0.081831,0.225638,0.035385,0.207885,0.081831,0.153724,0.18819,0.009878,0.85192,StadiumSHA3,StadiumSHA3-28-20260922-20:31:41-1127323,3,StadiumSHA3-28-20260922-20:31:41-1127323|phase2|3,28,28,28,sha3,10,,,,1.521638,0.207885,0.007634,0.010749,0.10798,0.001623,0.007745,0.013065,0.105815,0.002285,104,85,43,545,1,0
364,1,1.576623,0.502351,1.074272,777,sha3,OMNeT++; module=UavAuthNetwork.uav[4]; config=StadiumSHA3,0.327196,0.052477,0.254427,0.082643,0.218447,0.035456,0.212153,0.082643,0.136343,0.161993,0.009869,0.855825,StadiumSHA3,StadiumSHA3-28-20260922-20:31:41-1127323,4,StadiumSHA3-28-20260922-20:31:41-1127323|phase2|4,28,28,28,sha3,10,,,,1.490692,0.212153,0.007904,0.010889,0.117879,0.001633,0.007835,0.011212,0.106688,0.002334,104,85,43,545,1,0
365,1,1.579369,0.507149,1.07222,777,sha3,OMNeT++; module=UavAuthNetwork.uav[5]; config=StadiumSHA3,0.309433,0.050063,0.269759,0.094064,0.230227,0.035576,0.20549,0.094064,0.153855,0.17374,0.009588,0.841994,StadiumSHA3,StadiumSHA3-28-20260922-20:31:41-1127323,5,StadiumSHA3-28-20260922-20:31:41-1127323|phase2|5,28,28,28,sha3,10,,,,1.515719,0.20549,0.007684,0.01102,0.1189,0.001493,0.007615,0.01084,0.116535,0.002184,104,85,43,545,1,0
366,1,1.590775,0.483145,1.10763,777,sha3,OMNeT++; module=UavAuthNetwork.uav[6]; config=StadiumSHA3,0.320484,0.052948,0.264095,0.076752,0.255511,0.04276,0.206001,0.076752,0.13005,0.164204,0.009157,0.852119,StadiumSHA3,StadiumSHA3-28-20260922-20:31:41-1127323,6,StadiumSHA3-28-20260922-20:31:41-1127323|phase2|6,28,28,28,sha3,10,,,,1.535929,0.206001,0.013194,0.010339,0.100536,0.001543,0.007103,0.010469,0.103281,0.002214,104,85,43,545,1,0
367,1,1.569861,0.509563,1.060298,777,sha3,OMNeT++; module=UavAuthNetwork.uav[7]; config=StadiumSHA3,0.303863,0.052307,0.249159,0.097831,0.219984,0.036107,0.199028,0.097831,0.146973,0.171852,0.010038,0.840314,StadiumSHA3,StadiumSHA3-28-20260922-20:31:41-1127323,7,StadiumSHA3-28-20260922-20:31:41-1127323|phase2|7,28,28,28,sha3,10,,,,1.481309,0.199028,0.008235,0.023924,0.111106,0.001593,0.008035,0.011792,0.114362,0.002455,104,85,43,545,1,0
368,1,1.566615,0.490048,1.076567,777,sha3,OMNeT++; module=UavAuthNetwork.uav[8]; config=StadiumSHA3,0.321385,0.052777,0.264301,0.079718,0.226241,0.036418,0.214737,0.079718,0.132345,0.176739,0.009227,0.850326,StadiumSHA3,StadiumSHA3-28-20260922-20:31:41-1127323,8,StadiumSHA3-28-20260922-20:31:41-1127323|phase2|8,28,28,28,sha3,10,,,,1.517607,0.214737,0.007654,0.01076,0.106367,0.001353,0.007693,0.011141,0.104995,0.001913,104,85,43,545,1,0
369,1,1.565424,0.495545,1.069879,777,sha3,OMNeT++; module=UavAuthNetwork.uav[9]; config=StadiumSHA3,0.31909,0.052948,0.244292,0.083474,0.237087,0.034334,0.215108,0.083474,0.132937,0.193811,0.009507,0.832793,StadiumSHA3,StadiumSHA3-28-20260922-20:31:41-1127323,9,StadiumSHA3-28-20260922-20:31:41-1127323|phase2|9,28,28,28,sha3,10,,,,1.507983,0.215108,0.007515,0.01093,0.111206,0.001502,0.007503,0.010679,0.106317,0.002164,104,85,43,545,1,0
370,1,1.663441,0.556491,1.10695,777,sha3,OMNeT++; module=UavAuthNetwork.uav[0]; config=StadiumSHA3,0.347364,0.053389,0.243412,0.098953,0.251718,0.040595,0.21583,0.098953,0.145629,0.16986,0.011221,0.855232,StadiumSHA3,StadiumSHA3-29-20260922-20:31:41-1127323,0,StadiumSHA3-29-20260922-20:31:41-1127323|phase2|0,29,29,29,sha3,10,,,,1.520221,0.21583,0.008555,0.012764,0.132966,0.002214,0.008254,0.011561,0.107529,0.008756,104,85,43,545,1,0
371,1,1.538635,0.477825,1.06081,777,sha3,OMNeT++; module=UavAuthNetwork.uav[1]; config=StadiumSHA3,0.308391,0.050925,0.267147,0.079908,0.224109,0.035005,0.203837,0.079908,0.130843,0.163955,0.009618,0.8367,StadiumSHA3,StadiumSHA3-29-20260922-20:31:41-1127323,1,StadiumSHA3-29-20260922-20:31:41-1127323|phase2|1,29,29,29,sha3,10,,,,1.491912,0.203837,0.007844,0.010639,0.104515,0.001553,0.007774,0.010649,0.103001,0.002385,104,85,43,545,1,0
372,1,1.533518,0.473605,1.059913,777,sha3,OMNeT++; module=UavAuthNetwork.uav[2]; config=StadiumSHA3,0.305325,0.049732,0.257203,0.079316,0.220608,0.033612,0.20513,0.079316,0.130542,0.202506,0.009648,0.839305,StadiumSHA3,StadiumSHA3-29-20260922-20:31:41-1127323,2,StadiumSHA3-29-20260922-20:31:41-1127323|phase2|2,29,29,29,sha3,10,,,,1.519622,0.20513,0.007464,0.01043,0.103571,0.001573,0.007524,0.01085,0.101417,0.002304,104,85,43,545,1,0
373,1,1.64073,0.574202,1.066528,777,sha3,OMNeT++; module=UavAuthNetwork.uav[3]; config=StadiumSHA3,0.30794,0.057677,0.256923,0.128177,0.226039,0.033502,0.203317,0.128177,0.147152,0.162577,0.009908,0.84049,StadiumSHA3,StadiumSHA3-29-20260922-20:31:41-1127323,3,StadiumSHA3-29-20260922-20:31:41-1127323|phase2|3,29,29,29,sha3,10,,,,1.486029,0.203317,0.01163,0.011673,0.117327,0.001684,0.007564,0.020498,0.107258,0.002605,104,85,43,545,1,0
374,1,1.530228,0.479188,1.05104,777,sha3,OMNeT++; module=UavAuthNetwork.uav[4]; config=StadiumSHA3,0.310736,0.049591,0.279026,0.079457,0.216079,0.034093,0.208415,0.079457,0.134148,0.165903,0.009538,0.834961,StadiumSHA3,StadiumSHA3-29-20260922-20:31:41-1127323,4,StadiumSHA3-29-20260922-20:31:41-1127323|phase2|4,29,29,29,sha3,10,,,,1.495969,0.208415,0.007483,0.01045,0.104664,0.001443,0.007563,0.010841,0.103021,0.002064,104,85,43,545,1,0
375,1,1.580533,0.501017,1.079516,777,sha3,OMNeT++; module=UavAuthNetwork.uav[5]; config=StadiumSHA3,0.307068,0.065481,0.251752,0.090277,0.229072,0.034974,0.204048,0.090277,0.143005,0.166361,0.013395,0.850444,StadiumSHA3,StadiumSHA3-29-20260922-20:31:41-1127323,5,StadiumSHA3-29-20260922-20:31:41-1127323|phase2|5,29,29,29,sha3,10,,,,1.497629,0.204048,0.011993,0.01096,0.110545,0.001693,0.007815,0.017323,0.117578,0.002314,104,85,43,545,1,0
376,1,1.603515,0.498444,1.105071,777,sha3,OMNeT++; module=UavAuthNetwork.uav[6]; config=StadiumSHA3,0.326986,0.052567,0.254546,0.08091,0.263424,0.035466,0.219767,0.08091,0.142083,0.16161,0.009638,0.841646,StadiumSHA3,StadiumSHA3-29-20260922-20:31:41-1127323,6,StadiumSHA3-29-20260922-20:31:41-1127323|phase2|6,29,29,29,sha3,10,,,,1.521227,0.219767,0.008986,0.010901,0.10771,0.001553,0.007564,0.012242,0.109063,0.002345,104,85,43,545,1,0
377,1,1.58699,0.497391,1.089599,777,sha3,OMNeT++; module=UavAuthNetwork.uav[7]; config=StadiumSHA3,0.326535,0.049792,0.260157,0.080639,0.256603,0.034744,0.220809,0.080639,0.133146,0.189631,0.009578,0.832995,StadiumSHA3,StadiumSHA3-29-20260922-20:31:41-1127323,7,StadiumSHA3-29-20260922-20:31:41-1127323|phase2|7,29,29,29,sha3,10,,,,1.539387,0.220809,0.007545,0.01073,0.105836,0.001503,0.007513,0.011082,0.103452,0.002245,104,85,43,545,1,0
378,1,1.651957,0.591386,1.060571,777,sha3,OMNeT++; module=UavAuthNetwork.uav[8]; config=StadiumSHA3,0.349918,0.056795,0.246848,0.11307,0.219677,0.04851,0.230176,0.11307,0.200622,0.168307,0.015328,0.840895,StadiumSHA3,StadiumSHA3-29-20260922-20:31:41-1127323,8,StadiumSHA3-29-20260922-20:31:41-1127323|phase2|8,29,29,29,sha3,10,,,,1.475726,0.230176,0.010229,0.01608,0.132625,0.002585,0.01114,0.016721,0.126434,0.004418,104,85,43,545,1,0
379,1,1.715246,0.648461,1.066785,777,sha3,OMNeT++; module=UavAuthNetwork.uav[9]; config=StadiumSHA3,0.450754,0.065892,0.249396,0.093724,0.230064,0.055402,0.292121,0.093724,0.142233,0.16846,0.010259,0.836721,StadiumSHA3,StadiumSHA3-29-20260922-20:31:41-1127323,9,StadiumSHA3-29-20260922-20:31:41-1127323|phase2|9,29,29,29,sha3,10,,,,1.484641,0.292121,0.013646,0.015669,0.129289,0.001813,0.01081,0.015389,0.117027,0.003356,104,85,43,545,1,0
380,1,1.622883,0.551902,1.070981,777,sha3,OMNeT++; module=UavAuthNetwork.uav[0]; config=StadiumSHA3,0.35668,0.056955,0.249726,0.09176,0.232185,0.036818,0.227702,0.09176,0.154576,0.186971,0.011702,0.838797,StadiumSHA3,StadiumSHA3-3-20260922-20:31:41-1127323,0,StadiumSHA3-3-20260922-20:31:41-1127323|phase2|0,3,3,3,sha3,10,,,,1.507678,0.227702,0.009147,0.012504,0.134168,0.002474,0.008696,0.012162,0.111096,0.012293,104,85,43,545,1,0
381,1,1.580015,0.509784,1.070231,777,sha3,OMNeT++; module=UavAuthNetwork.uav[1]; config=StadiumSHA3,0.323288,0.066483,0.287174,0.088013,0.234064,0.036738,0.213195,0.088013,0.155618,0.175748,0.01047,0.836167,StadiumSHA3,StadiumSHA3-3-20260922-20:31:41-1127323,1,StadiumSHA3-3-20260922-20:31:41-1127323|phase2|1,3,3,3,sha3,10,,,,1.533153,0.213195,0.008306,0.012363,0.111988,0.001774,0.008385,0.011481,0.121255,0.002685,104,85,43,545,1,0
382,1,1.633365,0.566179,1.067186,777,sha3,OMNeT++; module=UavAuthNetwork.uav[2]; config=StadiumSHA3,0.345009,0.072124,0.265616,0.104554,0.238633,0.036107,0.219125,0.104554,0.158393,0.164095,0.012062,0.828553,StadiumSHA3,StadiumSHA3-3-20260922-20:31:41-1127323,2,StadiumSHA3-3-20260922-20:31:41-1127323|phase2|2,3,3,3,sha3,10,,,,1.496897,0.219125,0.015057,0.01602,0.133617,0.002184,0.01119,0.015227,0.118209,0.004579,104,85,43,545,1,0
383,1,1.73429,0.677834,1.056456,777,sha3,OMNeT++; module=UavAuthNetwork.uav[3]; config=StadiumSHA3,0.440886,0.058769,0.259868,0.113119,0.217535,0.036488,0.314792,0.113119,0.144217,0.180963,0.01071,0.838921,StadiumSHA3,StadiumSHA3-3-20260922-20:31:41-1127323,3,StadiumSHA3-3-20260922-20:31:41-1127323|phase2|3,3,3,3,sha3,10,,,,1.497287,0.314792,0.012734,0.018714,0.139548,0.001814,0.010319,0.012323,0.111836,0.003757,104,85,43,545,1,0
384,1,1.595361,0.535952,1.059409,777,sha3,OMNeT++; module=UavAuthNetwork.uav[4]; config=StadiumSHA3,0.35128,0.055102,0.294036,0.086991,0.229769,0.036918,0.238051,0.086991,0.144638,0.160682,0.01069,0.82964,StadiumSHA3,StadiumSHA3-3-20260922-20:31:41-1127323,4,StadiumSHA3-3-20260922-20:31:41-1127323|phase2|4,3,3,3,sha3,10,,,,1.514127,0.238051,0.008276,0.011953,0.11344,0.001713,0.008205,0.011922,0.110915,0.002445,104,85,43,545,1,0
385,1,1.617763,0.564213,1.05355,777,sha3,OMNeT++; module=UavAuthNetwork.uav[5]; config=StadiumSHA3,0.327105,0.078746,0.257923,0.113259,0.21866,0.037901,0.215829,0.113259,0.172178,0.189043,0.01059,0.834889,StadiumSHA3,StadiumSHA3-3-20260922-20:31:41-1127323,5,StadiumSHA3-3-20260922-20:31:41-1127323|phase2|5,3,3,3,sha3,10,,,,1.500516,0.215829,0.008706,0.018114,0.131183,0.001894,0.015791,0.01636,0.128618,0.003446,104,85,43,545,1,0
386,1,1.644018,0.595052,1.048966,777,sha3,OMNeT++; module=UavAuthNetwork.uav[6]; config=StadiumSHA3,0.390483,0.058769,0.241023,0.090137,0.215949,0.061283,0.2432,0.090137,0.171507,0.17993,0.024295,0.833017,StadiumSHA3,StadiumSHA3-3-20260922-20:31:41-1127323,6,StadiumSHA3-3-20260922-20:31:41-1127323|phase2|6,3,3,3,sha3,10,,,,1.469919,0.2432,0.010789,0.015249,0.116106,0.001934,0.012061,0.013015,0.118961,0.003126,104,85,43,545,1,0
387,1,1.674955,0.587598,1.087357,777,sha3,OMNeT++; module=UavAuthNetwork.uav[7]; config=StadiumSHA3,0.362671,0.065,0.252172,0.106728,0.233682,0.047939,0.241407,0.106728,0.179833,0.175546,0.011471,0.853675,StadiumSHA3,StadiumSHA3-3-20260922-20:31:41-1127323,7,StadiumSHA3-3-20260922-20:31:41-1127323|phase2|7,3,3,3,sha3,10,,,,1.515075,0.241407,0.010679,0.015498,0.125512,0.002214,0.011012,0.015849,0.131343,0.004137,104,85,43,545,1,0
388,1,1.621424,0.558542,1.062882,777,sha3,OMNeT++; module=UavAuthNetwork.uav[8]; config=StadiumSHA3,0.36783,0.053189,0.24693,0.089926,0.232634,0.05387,0.229765,0.089926,0.162941,0.180383,0.01086,0.830248,StadiumSHA3,StadiumSHA3-3-20260922-20:31:41-1127323,8,StadiumSHA3-3-20260922-20:31:41-1127323|phase2|8,3,3,3,sha3,10,,,,1.490195,0.229765,0.008236,0.015529,0.112649,0.001953,0.009308,0.013724,0.124461,0.003196,104,85,43,545,1,0
389,1,1.644152,0.558604,1.085548,777,sha3,OMNeT++; module=UavAuthNetwork.uav[9]; config=StadiumSHA3,0.34583,0.052998,0.251319,0.100446,0.244157,0.036077,0.231218,0.100446,0.153143,0.166278,0.011882,0.841391,StadiumSHA3,StadiumSHA3-3-20260922-20:31:41-1127323,9,StadiumSHA3-3-20260922-20:31:41-1127323|phase2|9,3,3,3,sha3,10,,,,1.503144,0.231218,0.008546,0.022672,0.120093,0.001854,0.009818,0.012423,0.114231,0.003908,104,85,43,545,1,0
390,1,1.961122,0.892452,1.06867,777,sha3,OMNeT++; module=UavAuthNetwork.uav[0]; config=StadiumSHA3,0.616932,0.085087,0.253513,0.128478,0.227468,0.063608,0.416622,0.128478,0.237359,0.173339,0.018564,0.841202,StadiumSHA3,StadiumSHA3-4-20260922-20:31:41-1127323,0,StadiumSHA3-4-20260922-20:31:41-1127323|phase2|0,4,4,4,sha3,10,,,,1.495521,0.416622,0.015178,0.024235,0.178741,0.003386,0.01557,0.024194,0.15692,0.012393,104,85,43,545,1,0
391,1,1.921888,0.859581,1.062307,777,sha3,OMNeT++; module=UavAuthNetwork.uav[1]; config=StadiumSHA3,0.574373,0.086631,0.247422,0.132415,0.215673,0.065902,0.386466,0.132415,0.246055,0.159418,0.020378,0.846634,StadiumSHA3,StadiumSHA3-4-20260922-20:31:41-1127323,1,StadiumSHA3-4-20260922-20:31:41-1127323|phase2|1,4,4,4,sha3,10,,,,1.469146,0.386466,0.01627,0.025197,0.167278,0.003657,0.015018,0.024134,0.164515,0.005369,104,85,43,545,1,0
392,1,1.897283,0.816001,1.081282,777,sha3,OMNeT++; module=UavAuthNetwork.uav[2]; config=StadiumSHA3,0.579352,0.087612,0.251234,0.108852,0.232516,0.08084,0.38367,0.108852,0.148225,0.178186,0.018945,0.848766,StadiumSHA3,StadiumSHA3-4-20260922-20:31:41-1127323,2,StadiumSHA3-4-20260922-20:31:41-1127323|phase2|2,4,4,4,sha3,10,,,,1.510702,0.38367,0.01528,0.017993,0.145059,0.003457,0.013725,0.017732,0.130181,0.004228,104,85,43,545,1,0
393,1,1.888205,0.81456,1.073645,777,sha3,OMNeT++; module=UavAuthNetwork.uav[3]; config=StadiumSHA3,0.547284,0.079898,0.254426,0.125042,0.245948,0.072103,0.362181,0.125042,0.232992,0.195317,0.017192,0.827697,StadiumSHA3,StadiumSHA3-4-20260922-20:31:41-1127323,3,StadiumSHA3-4-20260922-20:31:41-1127323|phase2|3,4,4,4,sha3,10,,,,1.523387,0.362181,0.014799,0.023704,0.154948,0.003026,0.014206,0.02184,0.158724,0.005149,104,85,43,545,1,0
394,1,1.786125,0.711748,1.074377,777,sha3,OMNeT++; module=UavAuthNetwork.uav[4]; config=StadiumSHA3,0.514222,0.084997,0.276796,0.089566,0.223333,0.065482,0.327656,0.089566,0.208105,0.164659,0.018394,0.851044,StadiumSHA3,StadiumSHA3-4-20260922-20:31:41-1127323,4,StadiumSHA3-4-20260922-20:31:41-1127323|phase2|4,4,4,4,sha3,10,,,,1.515832,0.327656,0.011632,0.014828,0.132245,0.003236,0.011582,0.023924,0.142374,0.005049,104,85,43,545,1,0
395,1,1.770148,0.713062,1.057086,777,sha3,OMNeT++; module=UavAuthNetwork.uav[5]; config=StadiumSHA3,0.52365,0.077233,0.256425,0.086601,0.217876,0.077293,0.331213,0.086601,0.181776,0.190998,0.01621,0.83921,StadiumSHA3,StadiumSHA3-4-20260922-20:31:41-1127323,5,StadiumSHA3-4-20260922-20:31:41-1127323|phase2|5,4,4,4,sha3,10,,,,1.504508,0.331213,0.011431,0.0164,0.130042,0.002875,0.011091,0.017632,0.119942,0.005039,104,85,43,545,1,0
396,1,1.889844,0.829144,1.0607,777,sha3,OMNeT++; module=UavAuthNetwork.uav[6]; config=StadiumSHA3,0.550138,0.08625,0.253378,0.12968,0.215548,0.056504,0.375916,0.12968,0.222272,0.16318,0.019646,0.845152,StadiumSHA3,StadiumSHA3-4-20260922-20:31:41-1127323,6,StadiumSHA3-4-20260922-20:31:41-1127323|phase2|6,4,4,4,sha3,10,,,,1.477257,0.375916,0.014939,0.02205,0.166118,0.004017,0.015249,0.023834,0.150007,0.00579,104,85,43,545,1,0
397,1,1.835263,0.778712,1.056551,777,sha3,OMNeT++; module=UavAuthNetwork.uav[7]; config=StadiumSHA3,0.564956,0.088503,0.257241,0.09706,0.214669,0.071963,0.373802,0.09706,0.239283,0.158203,0.019636,0.841882,StadiumSHA3,StadiumSHA3-4-20260922-20:31:41-1127323,7,StadiumSHA3-4-20260922-20:31:41-1127323|phase2|7,4,4,4,sha3,10,,,,1.471995,0.373802,0.014467,0.018043,0.137815,0.003286,0.014807,0.024315,0.158213,0.006211,104,85,43,545,1,0
398,1,1.887087,0.823174,1.063913,777,sha3,OMNeT++; module=UavAuthNetwork.uav[8]; config=StadiumSHA3,0.5511,0.080549,0.251906,0.122517,0.220797,0.068437,0.354837,0.122517,0.216731,0.171399,0.02704,0.843115,StadiumSHA3,StadiumSHA3-4-20260922-20:31:41-1127323,8,StadiumSHA3-4-20260922-20:31:41-1127323|phase2|8,4,4,4,sha3,10,,,,1.487218,0.354837,0.014326,0.020738,0.15661,0.002705,0.014037,0.021169,0.147923,0.005821,104,85,43,545,1,0
399,1,1.904969,0.856646,1.048323,777,sha3,OMNeT++; module=UavAuthNetwork.uav[9]; config=StadiumSHA3,0.574754,0.087662,0.286069,0.130862,0.21554,0.059681,0.391525,0.130862,0.25952,0.177986,0.020168,0.832784,StadiumSHA3,StadiumSHA3-4-20260922-20:31:41-1127323,9,StadiumSHA3-4-20260922-20:31:41-1127323|phase2|9,4,4,4,sha3,10,,,,1.512379,0.391525,0.015719,0.024645,0.168883,0.003537,0.016071,0.022702,0.165666,0.005871,104,85,43,545,1,0
400,1,1.561256,0.505696,1.05556,777,sha3,OMNeT++; module=UavAuthNetwork.uav[0]; config=StadiumSHA3,0.326034,0.052437,0.24115,0.084396,0.215422,0.04299,0.203687,0.084396,0.141321,0.180186,0.01087,0.840138,StadiumSHA3,StadiumSHA3-5-20260922-20:31:41-1127323,0,StadiumSHA3-5-20260922-20:31:41-1127323|phase2|0,5,5,5,sha3,10,,,,1.476895,0.203687,0.008425,0.01129,0.118971,0.002234,0.007914,0.01111,0.104675,0.008626,104,85,43,545,1,0
401,1,1.565734,0.49781,1.067924,777,sha3,OMNeT++; module=UavAuthNetwork.uav[1]; config=StadiumSHA3,0.308952,0.049452,0.240961,0.089515,0.223502,0.034334,0.207584,0.089515,0.132956,0.166102,0.009828,0.844421,StadiumSHA3,StadiumSHA3-5-20260922-20:31:41-1127323,1,StadiumSHA3-5-20260922-20:31:41-1127323|phase2|1,5,5,5,sha3,10,,,,1.474987,0.207584,0.007574,0.010759,0.113811,0.001503,0.007585,0.01076,0.103291,0.002305,104,85,43,545,1,0
402,1,1.577338,0.512459,1.064879,777,sha3,OMNeT++; module=UavAuthNetwork.uav[2]; config=StadiumSHA3,0.322207,0.049542,0.252816,0.090167,0.222889,0.033462,0.218104,0.090167,0.138927,0.219358,0.009918,0.841989,StadiumSHA3,StadiumSHA3-5-20260922-20:31:41-1127323,2,StadiumSHA3-5-20260922-20:31:41-1127323|phase2|2,5,5,5,sha3,10,,,,1.537052,0.218104,0.007575,0.017873,0.111196,0.001673,0.009407,0.011381,0.106968,0.002655,104,85,43,545,1,0
403,1,1.53878,0.462015,1.076765,777,sha3,OMNeT++; module=UavAuthNetwork.uav[3]; config=StadiumSHA3,0.296028,0.04861,0.264103,0.078245,0.232537,0.033872,0.195803,0.078245,0.129219,0.187932,0.009497,0.844228,StadiumSHA3,StadiumSHA3-5-20260922-20:31:41-1127323,3,StadiumSHA3-5-20260922-20:31:41-1127323|phase2|3,5,5,5,sha3,10,,,,1.5288,0.195803,0.007425,0.010279,0.10268,0.001553,0.007404,0.010479,0.101007,0.002044,104,85,43,545,1,0
404,1,1.554837,0.466243,1.088594,777,sha3,OMNeT++; module=UavAuthNetwork.uav[4]; config=StadiumSHA3,0.300056,0.049421,0.254947,0.078054,0.234407,0.033332,0.199008,0.078054,0.170766,0.175951,0.010079,0.854187,StadiumSHA3,StadiumSHA3-5-20260922-20:31:41-1127323,4,StadiumSHA3-5-20260922-20:31:41-1127323|phase2|4,5,5,5,sha3,10,,,,1.519492,0.199008,0.007373,0.01022,0.105284,0.001713,0.007334,0.012864,0.100907,0.002605,104,85,43,545,1,0
405,1,1.634722,0.570407,1.064315,777,sha3,OMNeT++; module=UavAuthNetwork.uav[5]; config=StadiumSHA3,0.368573,0.053519,0.251345,0.093363,0.229386,0.052958,0.235235,0.093363,0.139037,0.172304,0.015108,0.834928,StadiumSHA3,StadiumSHA3-5-20260922-20:31:41-1127323,5,StadiumSHA3-5-20260922-20:31:41-1127323|phase2|5,5,5,5,sha3,10,,,,1.487964,0.235235,0.01023,0.013384,0.121564,0.002454,0.008086,0.012193,0.103702,0.004188,104,85,43,545,1,0
406,1,1.739501,0.691108,1.048393,777,sha3,OMNeT++; module=UavAuthNetwork.uav[6]; config=StadiumSHA3,0.39455,0.052317,0.249698,0.142353,0.215077,0.042188,0.272414,0.142353,0.218605,0.166169,0.011852,0.833316,StadiumSHA3,StadiumSHA3-5-20260922-20:31:41-1127323,6,StadiumSHA3-5-20260922-20:31:41-1127323|phase2|6,5,5,5,sha3,10,,,,1.46426,0.272414,0.011712,0.02185,0.152782,0.002264,0.01021,0.018455,0.134919,0.004187,104,85,43,545,1,0
407,1,1.833858,0.74529,1.088568,777,sha3,OMNeT++; module=UavAuthNetwork.uav[7]; config=StadiumSHA3,0.494555,0.072404,0.255405,0.119612,0.226767,0.036297,0.351641,0.119612,0.195051,0.177332,0.011511,0.861802,StadiumSHA3,StadiumSHA3-5-20260922-20:31:41-1127323,7,StadiumSHA3-5-20260922-20:31:41-1127323|phase2|7,5,5,5,sha3,10,,,,1.521305,0.351641,0.015698,0.024105,0.151641,0.002334,0.012584,0.021059,0.134949,0.003957,104,85,43,545,1,0
408,1,1.808729,0.742884,1.065845,777,sha3,OMNeT++; module=UavAuthNetwork.uav[8]; config=StadiumSHA3,0.483154,0.083174,0.257236,0.121174,0.224603,0.035326,0.331353,0.121174,0.180394,0.174168,0.017382,0.841243,StadiumSHA3,StadiumSHA3-5-20260922-20:31:41-1127323,8,StadiumSHA3-5-20260922-20:31:41-1127323|phase2|8,5,5,5,sha3,10,,,,1.49725,0.331353,0.014317,0.02187,0.169583,0.003075,0.012302,0.016491,0.128216,0.004769,104,85,43,545,1,0
409,1,1.773194,0.705054,1.06814,777,sha3,OMNeT++; module=UavAuthNetwork.uav[9]; config=StadiumSHA3,0.501828,0.076081,0.256879,0.08635,0.236927,0.064238,0.347403,0.08635,0.185714,0.174389,0.030526,0.831214,StadiumSHA3,StadiumSHA3-5-20260922-20:31:41-1127323,9,StadiumSHA3-5-20260922-20:31:41-1127323|phase2|9,5,5,5,sha3,10,,,,1.499409,0.347403,0.010709,0.012794,0.112357,0.002305,0.013435,0.026179,0.128087,0.003757,104,85,43,545,1,0
410,1,1.729431,0.636959,1.092472,777,sha3,OMNeT++; module=UavAuthNetwork.uav[0]; config=StadiumSHA3,0.40505,0.0755,0.246599,0.109272,0.251098,0.057156,0.241587,0.109272,0.191064,0.181669,0.013365,0.841374,StadiumSHA3,StadiumSHA3-6-20260922-20:31:41-1127323,0,StadiumSHA3-6-20260922-20:31:41-1127323|phase2|0,6,6,6,sha3,10,,,,1.520741,0.241587,0.011561,0.025747,0.140901,0.002645,0.011482,0.02213,0.127115,0.010029,104,85,43,545,1,0
411,1,1.582418,0.537534,1.044884,777,sha3,OMNeT++; module=UavAuthNetwork.uav[1]; config=StadiumSHA3,0.35104,0.053209,0.254137,0.084656,0.21526,0.047418,0.212493,0.084656,0.16218,0.17107,0.017182,0.829623,StadiumSHA3,StadiumSHA3-6-20260922-20:31:41-1127323,1,StadiumSHA3-6-20260922-20:31:41-1127323|phase2|1,6,6,6,sha3,10,,,,1.470091,0.212493,0.008425,0.011402,0.121875,0.002795,0.008026,0.011781,0.10836,0.004008,104,85,43,545,1,0
412,1,1.615841,0.550601,1.06524,777,sha3,OMNeT++; module=UavAuthNetwork.uav[2]; config=StadiumSHA3,0.366469,0.058218,0.260794,0.086761,0.229266,0.036578,0.239493,0.086761,0.158964,0.161041,0.01061,0.835973,StadiumSHA3,StadiumSHA3-6-20260922-20:31:41-1127323,2,StadiumSHA3-6-20260922-20:31:41-1127323|phase2|2,6,6,6,sha3,10,,,,1.487075,0.239493,0.010519,0.012342,0.127134,0.001753,0.008425,0.014126,0.111355,0.003036,104,85,43,545,1,0
413,1,1.595762,0.528347,1.067415,777,sha3,OMNeT++; module=UavAuthNetwork.uav[3]; config=StadiumSHA3,0.34548,0.063357,0.243022,0.086299,0.220278,0.036858,0.234885,0.086299,0.141592,0.158505,0.010269,0.847137,StadiumSHA3,StadiumSHA3-6-20260922-20:31:41-1127323,3,StadiumSHA3-6-20260922-20:31:41-1127323|phase2|3,6,6,6,sha3,10,,,,1.468942,0.234885,0.008095,0.011862,0.112759,0.001683,0.016461,0.011712,0.111175,0.002805,104,85,43,545,1,0
414,1,1.556218,0.472004,1.084214,777,sha3,OMNeT++; module=UavAuthNetwork.uav[4]; config=StadiumSHA3,0.30762,0.048951,0.259656,0.077423,0.214398,0.038571,0.201052,0.077423,0.137274,0.169163,0.009538,0.869817,StadiumSHA3,StadiumSHA3-6-20260922-20:31:41-1127323,4,StadiumSHA3-6-20260922-20:31:41-1127323|phase2|4,6,6,6,sha3,10,,,,1.513033,0.201052,0.007514,0.01036,0.101297,0.001653,0.007423,0.01116,0.106778,0.002364,104,85,43,545,1,0
415,1,1.688045,0.606033,1.082012,777,sha3,OMNeT++; module=UavAuthNetwork.uav[5]; config=StadiumSHA3,0.353465,0.061985,0.241087,0.117037,0.241551,0.034964,0.227482,0.117037,0.190502,0.164653,0.018494,0.84046,StadiumSHA3,StadiumSHA3-6-20260922-20:31:41-1127323,5,StadiumSHA3-6-20260922-20:31:41-1127323|phase2|5,6,6,6,sha3,10,,,,1.487752,0.227482,0.009928,0.022211,0.141452,0.002935,0.010899,0.014187,0.137063,0.004478,104,85,43,545,1,0
416,1,1.767011,0.683115,1.083896,777,sha3,OMNeT++; module=UavAuthNetwork.uav[6]; config=StadiumSHA3,0.431919,0.060182,0.26326,0.116436,0.248712,0.038221,0.294656,0.116436,0.150308,0.192223,0.018324,0.835184,StadiumSHA3,StadiumSHA3-6-20260922-20:31:41-1127323,6,StadiumSHA3-6-20260922-20:31:41-1127323|phase2|6,6,6,6,sha3,10,,,,1.539379,0.294656,0.013004,0.020648,0.144727,0.003266,0.01065,0.013134,0.11376,0.004008,104,85,43,545,1,0
417,1,1.781886,0.676803,1.105083,777,sha3,OMNeT++; module=UavAuthNetwork.uav[7]; config=StadiumSHA3,0.41571,0.056094,0.24913,0.124971,0.244822,0.051375,0.27558,0.124971,0.180053,0.173556,0.011151,0.860261,StadiumSHA3,StadiumSHA3-6-20260922-20:31:41-1127323,7,StadiumSHA3-6-20260922-20:31:41-1127323|phase2|7,6,6,6,sha3,10,,,,1.527769,0.27558,0.011622,0.018824,0.142073,0.001984,0.008936,0.018324,0.132947,0.003787,104,85,43,545,1,0
418,1,1.635848,0.579312,1.056536,777,sha3,OMNeT++; module=UavAuthNetwork.uav[8]; config=StadiumSHA3,0.395342,0.05976,0.262523,0.08652,0.222476,0.049723,0.260512,0.08652,0.171718,0.191774,0.01093,0.83406,StadiumSHA3,StadiumSHA3-6-20260922-20:31:41-1127323,8,StadiumSHA3-6-20260922-20:31:41-1127323|phase2|8,6,6,6,sha3,10,,,,1.510834,0.260512,0.010189,0.012182,0.119622,0.001903,0.008104,0.015368,0.111035,0.003086,104,85,43,545,1,0
419,1,1.665322,0.588611,1.076711,777,sha3,OMNeT++; module=UavAuthNetwork.uav[9]; config=StadiumSHA3,0.368372,0.112167,0.28727,0.102831,0.218636,0.0541,0.228102,0.102831,0.176587,0.165138,0.014577,0.858075,StadiumSHA3,StadiumSHA3-6-20260922-20:31:41-1127323,9,StadiumSHA3-6-20260922-20:31:41-1127323|phase2|9,6,6,6,sha3,10,,,,1.52912,0.228102,0.009929,0.01615,0.130581,0.001943,0.051265,0.01609,0.121625,0.004007,104,85,43,545,1,0
420,1,1.703775,0.647699,1.056076,777,sha3,OMNeT++; module=UavAuthNetwork.uav[0]; config=StadiumSHA3,0.414627,0.073717,0.247163,0.1079,0.220975,0.053579,0.259019,0.1079,0.197205,0.170527,0.017272,0.835101,StadiumSHA3,StadiumSHA3-7-20260922-20:31:41-1127323,0,StadiumSHA3-7-20260922-20:31:41-1127323|phase2|0,7,7,7,sha3,10,,,,1.473766,0.259019,0.014536,0.015038,0.149335,0.002975,0.012162,0.018894,0.148294,0.009367,104,85,43,545,1,0
421,1,1.741274,0.672424,1.06885,777,sha3,OMNeT++; module=UavAuthNetwork.uav[1]; config=StadiumSHA3,0.406041,0.06473,0.253573,0.120543,0.231183,0.048089,0.26499,0.120543,0.180704,0.169969,0.025297,0.837666,StadiumSHA3,StadiumSHA3-7-20260922-20:31:41-1127323,1,StadiumSHA3-7-20260922-20:31:41-1127323|phase2|1,7,7,7,sha3,10,,,,1.492391,0.26499,0.01107,0.017051,0.149597,0.002404,0.013175,0.015899,0.123529,0.004458,104,85,43,545,1,0
422,1,1.63308,0.563534,1.069546,777,sha3,OMNeT++; module=UavAuthNetwork.uav[2]; config=StadiumSHA3,0.384232,0.05399,0.241033,0.084436,0.228696,0.046145,0.256666,0.084436,0.139017,0.176896,0.01043,0.84085,StadiumSHA3,StadiumSHA3-7-20260922-20:31:41-1127323,2,StadiumSHA3-7-20260922-20:31:41-1127323|phase2|2,7,7,7,sha3,10,,,,1.487475,0.256666,0.008004,0.011963,0.111487,0.001794,0.008025,0.011761,0.107678,0.002975,104,85,43,545,1,0
423,1,1.61618,0.52431,1.09187,777,sha3,OMNeT++; module=UavAuthNetwork.uav[3]; config=StadiumSHA3,0.347293,0.053469,0.251376,0.083354,0.251157,0.035917,0.218144,0.083354,0.138156,0.160425,0.010309,0.840714,StadiumSHA3,StadiumSHA3-7-20260922-20:31:41-1127323,3,StadiumSHA3-7-20260922-20:31:41-1127323|phase2|3,7,7,7,sha3,10,,,,1.503671,0.218144,0.008265,0.021169,0.11916,0.001713,0.007844,0.011781,0.10802,0.002474,104,85,43,545,1,0
424,1,1.617437,0.564735,1.052702,777,sha3,OMNeT++; module=UavAuthNetwork.uav[4]; config=StadiumSHA3,0.362702,0.059731,0.245854,0.095767,0.215478,0.035847,0.245835,0.095767,0.159274,0.172727,0.010499,0.837224,StadiumSHA3,StadiumSHA3-7-20260922-20:31:41-1127323,4,StadiumSHA3-7-20260922-20:31:41-1127323|phase2|4,7,7,7,sha3,10,,,,1.471282,0.245835,0.010338,0.012864,0.125843,0.001844,0.010088,0.017682,0.115704,0.002945,104,85,43,545,1,0
425,1,1.688028,0.600823,1.087205,777,sha3,OMNeT++; module=UavAuthNetwork.uav[5]; config=StadiumSHA3,0.395031,0.066032,0.282257,0.095257,0.233688,0.04299,0.257507,0.095257,0.182949,0.170889,0.015278,0.853517,StadiumSHA3,StadiumSHA3-7-20260922-20:31:41-1127323,5,StadiumSHA3-7-20260922-20:31:41-1127323|phase2|5,7,7,7,sha3,10,,,,1.54035,0.257507,0.013646,0.011841,0.126384,0.002565,0.01066,0.01615,0.117718,0.002986,104,85,43,545,1,0
426,1,1.779253,0.682264,1.096989,777,sha3,OMNeT++; module=UavAuthNetwork.uav[6]; config=StadiumSHA3,0.438252,0.07538,0.271887,0.116516,0.221222,0.051615,0.305917,0.116516,0.189651,0.159728,0.01098,0.875767,StadiumSHA3,StadiumSHA3-7-20260922-20:31:41-1127323,6,StadiumSHA3-7-20260922-20:31:41-1127323|phase2|6,7,7,7,sha3,10,,,,1.528605,0.305917,0.011591,0.018514,0.130191,0.001984,0.015569,0.018866,0.133998,0.004458,104,85,43,545,1,0
427,1,1.590979,0.509852,1.081127,777,sha3,OMNeT++; module=UavAuthNetwork.uav[7]; config=StadiumSHA3,0.332355,0.051766,0.240931,0.083464,0.229761,0.035876,0.22148,0.083464,0.138817,0.179195,0.010569,0.851367,StadiumSHA3,StadiumSHA3-7-20260922-20:31:41-1127323,7,StadiumSHA3-7-20260922-20:31:41-1127323|phase2|7,7,7,7,sha3,10,,,,1.501254,0.22148,0.008055,0.011401,0.109393,0.001693,0.007853,0.01107,0.105416,0.002625,104,85,43,545,1,0
428,1,1.803479,0.748186,1.055293,777,sha3,OMNeT++; module=UavAuthNetwork.uav[8]; config=StadiumSHA3,0.505946,0.082272,0.268665,0.11321,0.220921,0.065211,0.315544,0.11321,0.230517,0.210569,0.01582,0.834373,StadiumSHA3,StadiumSHA3-7-20260922-20:31:41-1127323,8,StadiumSHA3-7-20260922-20:31:41-1127323|phase2|8,7,7,7,sha3,10,,,,1.534527,0.315544,0.025697,0.050965,0.122508,0.003015,0.012835,0.021801,0.154446,0.00576,104,85,43,545,1,0
429,1,1.817717,0.739689,1.078028,777,sha3,OMNeT++; module=UavAuthNetwork.uav[9]; config=StadiumSHA3,0.479347,0.068347,0.241105,0.115955,0.234868,0.050033,0.329219,0.115955,0.186596,0.161498,0.028432,0.843161,StadiumSHA3,StadiumSHA3-7-20260922-20:31:41-1127323,9,StadiumSHA3-7-20260922-20:31:41-1127323|phase2|9,7,7,7,sha3,10,,,,1.480631,0.329219,0.01148,0.016089,0.148175,0.002765,0.01081,0.016281,0.132065,0.005219,104,85,43,545,1,0
430,1,1.636751,0.549388,1.087363,777,sha3,OMNeT++; module=UavAuthNetwork.uav[0]; config=StadiumSHA3,0.344678,0.061113,0.258743,0.096479,0.221341,0.038251,0.214717,0.096479,0.169974,0.170668,0.011752,0.866022,StadiumSHA3,StadiumSHA3-8-20260922-20:31:41-1127323,0,StadiumSHA3-8-20260922-20:31:41-1127323|phase2|0,8,8,8,sha3,10,,,,1.516773,0.214717,0.009198,0.01628,0.131552,0.002424,0.01096,0.013856,0.123077,0.009998,104,85,43,545,1,0
431,1,1.667279,0.598908,1.068371,777,sha3,OMNeT++; module=UavAuthNetwork.uav[1]; config=StadiumSHA3,0.372519,0.070691,0.260491,0.107509,0.221713,0.034123,0.249642,0.107509,0.151861,0.185751,0.011371,0.846658,StadiumSHA3,StadiumSHA3-8-20260922-20:31:41-1127323,1,StadiumSHA3-8-20260922-20:31:41-1127323|phase2|1,8,8,8,sha3,10,,,,1.514613,0.249642,0.013626,0.014317,0.139408,0.001983,0.012945,0.01626,0.122527,0.004248,104,85,43,545,1,0
432,1,1.595055,0.552444,1.042611,777,sha3,OMNeT++; module=UavAuthNetwork.uav[2]; config=StadiumSHA3,0.334028,0.069608,0.253323,0.103823,0.214739,0.03786,0.22117,0.103823,0.14566,0.170735,0.01077,0.827872,StadiumSHA3,StadiumSHA3-8-20260922-20:31:41-1127323,2,StadiumSHA3-8-20260922-20:31:41-1127323|phase2|2,8,8,8,sha3,10,,,,1.466669,0.22117,0.008385,0.015008,0.126243,0.001883,0.008816,0.011992,0.126144,0.003306,104,85,43,545,1,0
433,1,1.625712,0.525444,1.100268,777,sha3,OMNeT++; module=UavAuthNetwork.uav[3]; config=StadiumSHA3,0.343887,0.05396,0.258087,0.085489,0.2317,0.037109,0.232581,0.085489,0.141091,0.164216,0.010579,0.868568,StadiumSHA3,StadiumSHA3-8-20260922-20:31:41-1127323,3,StadiumSHA3-8-20260922-20:31:41-1127323|phase2|3,8,8,8,sha3,10,,,,1.522571,0.232581,0.008145,0.011611,0.111918,0.001663,0.008135,0.011752,0.109212,0.002494,104,85,43,545,1,0
434,1,1.586195,0.516486,1.069709,777,sha3,OMNeT++; module=UavAuthNetwork.uav[4]; config=StadiumSHA3,0.333618,0.05369,0.251143,0.086239,0.221574,0.036638,0.215489,0.086239,0.156089,0.167897,0.01039,0.848134,StadiumSHA3,StadiumSHA3-8-20260922-20:31:41-1127323,4,StadiumSHA3-8-20260922-20:31:41-1127323|phase2|4,8,8,8,sha3,10,,,,1.488748,0.215489,0.007974,0.011271,0.112358,0.001743,0.008145,0.011772,0.110775,0.002645,104,85,43,545,1,0
435,1,1.632867,0.568101,1.064766,777,sha3,OMNeT++; module=UavAuthNetwork.uav[5]; config=StadiumSHA3,0.380023,0.062065,0.252052,0.088744,0.224103,0.049321,0.240105,0.088744,0.144037,0.158582,0.01059,0.840664,StadiumSHA3,StadiumSHA3-8-20260922-20:31:41-1127323,5,StadiumSHA3-8-20260922-20:31:41-1127323|phase2|5,8,8,8,sha3,10,,,,1.4754,0.240105,0.008695,0.012794,0.122717,0.001753,0.0103,0.012083,0.115884,0.002965,104,85,43,545,1,0
436,1,1.567298,0.514312,1.052986,777,sha3,OMNeT++; module=UavAuthNetwork.uav[6]; config=StadiumSHA3,0.335911,0.052808,0.257716,0.084206,0.223212,0.037299,0.22152,0.084206,0.138908,0.173442,0.009989,0.829774,StadiumSHA3,StadiumSHA3-8-20260922-20:31:41-1127323,6,StadiumSHA3-8-20260922-20:31:41-1127323|phase2|6,8,8,8,sha3,10,,,,1.484144,0.22152,0.007885,0.01137,0.114763,0.001613,0.008035,0.011522,0.108109,0.002304,104,85,43,545,1,0
437,1,1.573787,0.517029,1.056758,777,sha3,OMNeT++; module=UavAuthNetwork.uav[7]; config=StadiumSHA3,0.324141,0.052427,0.280253,0.091209,0.227502,0.036367,0.209197,0.091209,0.156349,0.161967,0.01047,0.829256,StadiumSHA3,StadiumSHA3-8-20260922-20:31:41-1127323,7,StadiumSHA3-8-20260922-20:31:41-1127323|phase2|7,8,8,8,sha3,10,,,,1.498979,0.209197,0.007875,0.014697,0.113621,0.001723,0.009237,0.011831,0.120772,0.002575,104,85,43,545,1,0
438,1,1.605909,0.526555,1.079354,777,sha3,OMNeT++; module=UavAuthNetwork.uav[8]; config=StadiumSHA3,0.343035,0.056114,0.250905,0.08643,0.2287,0.036738,0.23235,0.08643,0.1458,0.171136,0.01066,0.850655,StadiumSHA3,StadiumSHA3-8-20260922-20:31:41-1127323,8,StadiumSHA3-8-20260922-20:31:41-1127323|phase2|8,8,8,8,sha3,10,,,,1.501395,0.23235,0.008195,0.011891,0.112799,0.001683,0.008324,0.012354,0.110484,0.002775,104,85,43,545,1,0
439,1,1.569959,0.502729,1.06723,777,sha3,OMNeT++; module=UavAuthNetwork.uav[9]; config=StadiumSHA3,0.323609,0.052247,0.274864,0.084676,0.232092,0.036748,0.214066,0.084676,0.141963,0.162292,0.009768,0.835138,StadiumSHA3,StadiumSHA3-8-20260922-20:31:41-1127323,9,StadiumSHA3-8-20260922-20:31:41-1127323|phase2|9,8,8,8,sha3,10,,,,1.504386,0.214066,0.007895,0.011412,0.110224,0.001502,0.007845,0.011281,0.108942,0.002114,104,85,43,545,1,0
440,1,1.610381,0.523811,1.08657,777,sha3,OMNeT++; module=UavAuthNetwork.uav[0]; config=StadiumSHA3,0.328017,0.051495,0.251317,0.092562,0.253051,0.034514,0.212113,0.092562,0.147342,0.18046,0.01067,0.833519,StadiumSHA3,StadiumSHA3-9-20260922-20:31:41-1127323,0,StadiumSHA3-9-20260922-20:31:41-1127323|phase2|0,9,9,9,sha3,10,,,,1.518346,0.212113,0.015329,0.011942,0.121614,0.002184,0.007783,0.01104,0.108991,0.009608,104,85,43,545,1,0
441,1,1.5049,0.453549,1.051351,777,sha3,OMNeT++; module=UavAuthNetwork.uav[1]; config=StadiumSHA3,0.293313,0.046696,0.244709,0.07562,0.217526,0.034093,0.193749,0.07562,0.124811,0.175403,0.008996,0.833824,StadiumSHA3,StadiumSHA3-9-20260922-20:31:41-1127323,1,StadiumSHA3-9-20260922-20:31:41-1127323|phase2|1,9,9,9,sha3,10,,,,1.471462,0.193749,0.007063,0.010249,0.098553,0.001413,0.007133,0.010239,0.09705,0.002154,104,85,43,545,1,0
442,1,1.528906,0.456275,1.072631,777,sha3,OMNeT++; module=UavAuthNetwork.uav[2]; config=StadiumSHA3,0.296048,0.047628,0.281084,0.07557,0.235103,0.032219,0.194911,0.07557,0.124431,0.178227,0.009087,0.837528,StadiumSHA3,StadiumSHA3-9-20260922-20:31:41-1127323,2,StadiumSHA3-9-20260922-20:31:41-1127323|phase2|2,9,9,9,sha3,10,,,,1.531942,0.194911,0.007044,0.010048,0.103802,0.001432,0.007143,0.010489,0.09735,0.002204,104,85,43,545,1,0
443,1,1.725135,0.63768,1.087455,777,sha3,OMNeT++; module=UavAuthNetwork.uav[3]; config=StadiumSHA3,0.415299,0.067896,0.275446,0.105685,0.237928,0.047518,0.280129,0.105685,0.178911,0.167356,0.011011,0.849527,StadiumSHA3,StadiumSHA3-9-20260922-20:31:41-1127323,3,StadiumSHA3-9-20260922-20:31:41-1127323|phase2|3,9,9,9,sha3,10,,,,1.530257,0.280129,0.011992,0.016831,0.138097,0.002024,0.01144,0.018866,0.131263,0.003627,104,85,43,545,1,0
444,1,1.552363,0.487755,1.064608,777,sha3,OMNeT++; module=UavAuthNetwork.uav[4]; config=StadiumSHA3,0.312068,0.052257,0.269603,0.082794,0.232205,0.035375,0.202785,0.082794,0.136793,0.17009,0.010099,0.832403,StadiumSHA3,StadiumSHA3-9-20260922-20:31:41-1127323,4,StadiumSHA3-9-20260922-20:31:41-1127323|phase2|4,9,9,9,sha3,10,,,,1.504301,0.202785,0.007935,0.01116,0.108581,0.001634,0.007844,0.011192,0.105905,0.002134,104,85,43,545,1,0
445,1,1.598392,0.500486,1.097906,777,sha3,OMNeT++; module=UavAuthNetwork.uav[5]; config=StadiumSHA3,0.325382,0.051565,0.247849,0.082683,0.257755,0.035406,0.218915,0.082683,0.135751,0.159912,0.009738,0.840151,StadiumSHA3,StadiumSHA3-9-20260922-20:31:41-1127323,5,StadiumSHA3-9-20260922-20:31:41-1127323|phase2|5,9,9,9,sha3,10,,,,1.505667,0.218915,0.007986,0.01111,0.10782,0.001643,0.007925,0.011191,0.105485,0.002234,104,85,43,545,1,0
446,1,1.570538,0.485519,1.085019,777,sha3,OMNeT++; module=UavAuthNetwork.uav[6]; config=StadiumSHA3,0.310935,0.057186,0.249374,0.082473,0.219852,0.035446,0.206953,0.082473,0.149987,0.173399,0.009638,0.865167,StadiumSHA3,StadiumSHA3-9-20260922-20:31:41-1127323,6,StadiumSHA3-9-20260922-20:31:41-1127323|phase2|6,9,9,9,sha3,10,,,,1.507791,0.206953,0.007624,0.01086,0.10762,0.001613,0.007824,0.011281,0.111757,0.002124,104,85,43,545,1,0
447,1,1.590719,0.486892,1.103827,777,sha3,OMNeT++; module=UavAuthNetwork.uav[7]; config=StadiumSHA3,0.315785,0.050825,0.252318,0.08104,0.256932,0.035656,0.210911,0.08104,0.12956,0.172562,0.009027,0.846895,StadiumSHA3,StadiumSHA3-9-20260922-20:31:41-1127323,7,StadiumSHA3-9-20260922-20:31:41-1127323|phase2|7,9,9,9,sha3,10,,,,1.528708,0.210911,0.007615,0.010569,0.107108,0.001352,0.007575,0.01073,0.103,0.001853,104,85,43,545,1,0
448,1,1.5542,0.464851,1.089349,777,sha3,OMNeT++; module=UavAuthNetwork.uav[8]; config=StadiumSHA3,0.29719,0.055733,0.240652,0.079257,0.250698,0.033773,0.199339,0.079257,0.131394,0.180107,0.009147,0.838651,StadiumSHA3,StadiumSHA3-9-20260922-20:31:41-1127323,8,StadiumSHA3-9-20260922-20:31:41-1127323|phase2|8,9,9,9,sha3,10,,,,1.510108,0.199339,0.007373,0.01073,0.10271,0.001452,0.007535,0.01082,0.107669,0.002104,104,85,43,545,1,0
449,1,1.523753,0.477623,1.04613,777,sha3,OMNeT++; module=UavAuthNetwork.uav[9]; config=StadiumSHA3,0.303822,0.050403,0.253479,0.082152,0.216097,0.033762,0.202956,0.082152,0.136873,0.162312,0.009497,0.830032,StadiumSHA3,StadiumSHA3-9-20260922-20:31:41-1127323,9,StadiumSHA3-9-20260922-20:31:41-1127323|phase2|9,9,9,9,sha3,10,,,,1.46192,0.202956,0.007764,0.01102,0.107278,0.001553,0.007584,0.010901,0.105946,0.001984,104,85,43,545,1,0
750,1,2.44746,0.656077,1.791383,1317,sha3,OMNeT++; module=UavAuthNetwork.uav[0]; config=Swarm20,0.441388,0.050573,0.246127,0.099725,0.231568,0.037309,0.188038,0.099725,0.19424,0.184621,0.015239,1.559815,Swarm20,Swarm20-0-20260922-20:31:48-1127387,0,Swarm20-0-20260922-20:31:48-1127387|phase2|0,0,0,0,sha3,20,,,,2.222131,0.188038,0.011271,0.013335,0.263638,0.004448,0.008086,0.011261,0.098773,0.013645,104,85,43,1085,1,0
751,1,2.221557,0.456995,1.764562,1317,sha3,OMNeT++; module=UavAuthNetwork.uav[1]; config=Swarm20,0.293263,0.047528,0.251955,0.07588,0.216167,0.032851,0.192226,0.07588,0.176276,0.177539,0.011972,1.548395,Swarm20,Swarm20-0-20260922-20:31:48-1127387,1,Swarm20-0-20260922-20:31:48-1127387|phase2|1,0,0,0,sha3,20,,,,2.194056,0.192226,0.007022,0.010119,0.099243,0.001794,0.007214,0.009989,0.09725,0.00549,104,85,43,1085,1,0
752,1,2.247281,0.460912,1.786369,1317,sha3,OMNeT++; module=UavAuthNetwork.uav[2]; config=Swarm20,0.297821,0.052357,0.275195,0.07576,0.221908,0.034504,0.19994,0.07576,0.173712,0.175965,0.011571,1.564461,Swarm20,Swarm20-0-20260922-20:31:48-1127387,2,Swarm20-0-20260922-20:31:48-1127387|phase2|2,0,0,0,sha3,20,,,,2.237529,0.19994,0.007064,0.01016,0.098241,0.001853,0.007173,0.009838,0.1027,0.00534,104,85,43,1085,1,0
753,1,2.256311,0.470511,1.7858,1317,sha3,OMNeT++; module=UavAuthNetwork.uav[3]; config=Swarm20,0.298162,0.046256,0.261947,0.080439,0.23729,0.03259,0.192206,0.080439,0.17288,0.18651,0.011471,1.54851,Swarm20,Swarm20-0-20260922-20:31:48-1127387,3,Swarm20-0-20260922-20:31:48-1127387|phase2|3,0,0,0,sha3,20,,,,2.234257,0.192206,0.006953,0.010129,0.10799,0.001653,0.006904,0.009998,0.096939,0.00505,104,85,43,1085,1,0
754,1,2.245144,0.45363,1.791514,1317,sha3,OMNeT++; module=UavAuthNetwork.uav[4]; config=Swarm20,0.290267,0.047057,0.258983,0.075941,0.226568,0.034244,0.192145,0.075941,0.170847,0.173089,0.011481,1.564946,Swarm20,Swarm20-0-20260922-20:31:48-1127387,4,Swarm20-0-20260922-20:31:48-1127387|phase2|4,0,0,0,sha3,20,,,,2.223586,0.192145,0.006933,0.010129,0.098582,0.001653,0.006994,0.010138,0.09721,0.002445,104,85,43,1085,1,0
755,1,2.234732,0.441628,1.793104,1317,sha3,OMNeT++; module=UavAuthNetwork.uav[5]; config=Swarm20,0.279207,0.046045,0.255025,0.07558,0.21886,0.032049,0.181296,0.07558,0.182308,0.170092,0.011261,1.574243,Swarm20,Swarm20-0-20260922-20:31:48-1127387,5,Swarm20-0-20260922-20:31:48-1127387|phase2|5,0,0,0,sha3,20,,,,2.218221,0.181296,0.006942,0.009969,0.098773,0.001683,0.006872,0.010069,0.104885,0.0052,104,85,43,1085,1,0
756,1,2.276183,0.457857,1.818326,1317,sha3,OMNeT++; module=UavAuthNetwork.uav[6]; config=Swarm20,0.295026,0.046717,0.248287,0.0758,0.252187,0.033041,0.197105,0.0758,0.175575,0.17907,0.011231,1.566139,Swarm20,Swarm20-0-20260922-20:31:48-1127387,6,Swarm20-0-20260922-20:31:48-1127387|phase2|6,0,0,0,sha3,20,,,,2.245683,0.197105,0.006993,0.010119,0.098963,0.001633,0.006934,0.009869,0.09764,0.002244,104,85,43,1085,1,0
757,1,2.251177,0.465933,1.785244,1317,sha3,OMNeT++; module=UavAuthNetwork.uav[7]; config=Swarm20,0.303462,0.046566,0.275298,0.07565,0.221003,0.03246,0.205731,0.07565,0.175414,0.181105,0.011171,1.564241,Swarm20,Swarm20-0-20260922-20:31:48-1127387,7,Swarm20-0-20260922-20:31:48-1127387|phase2|7,0,0,0,sha3,20,,,,2.241647,0.205731,0.007012,0.010188,0.098904,0.001683,0.006903,0.009889,0.098071,0.005339,104,85,43,1085,1,0
758,1,2.248604,0.453129,1.795475,1317,sha3,OMNeT++; module=UavAuthNetwork.uav[8]; config=Swarm20,0.289676,0.047187,0.278182,0.075971,0.244284,0.034814,0.193218,0.075971,0.171688,0.185269,0.011511,1.551191,Swarm20,Swarm20-0-20260922-20:31:48-1127387,8,Swarm20-0-20260922-20:31:48-1127387|phase2|8,0,0,0,sha3,20,,,,2.258927,0.193218,0.006902,0.010059,0.098853,0.001793,0.006972,0.010029,0.097951,0.002394,104,85,43,1085,1,0
759,1,2.235218,0.458547,1.776671,1317,sha3,OMNeT++; module=UavAuthNetwork.uav[9]; config=Swarm20,0.295286,0.046235,0.272585,0.07592,0.217422,0.035265,0.196734,0.07592,0.174363,0.159682,0.011421,1.559249,Swarm20,Swarm20-0-20260922-20:31:48-1127387,9,Swarm20-0-20260922-20:31:48-1127387|phase2|9,0,0,0,sha3,20,,,,2.208938,0.196734,0.006994,0.010259,0.099203,0.001713,0.006942,0.009929,0.097991,0.005049,104,85,43,1085,1,0
760,1,2.261026,0.46997,1.791056,1317,sha3,OMNeT++; module=UavAuthNetwork.uav[10]; config=Swarm20,0.292201,0.046717,0.251444,0.083374,0.218769,0.034574,0.195772,0.083374,0.171718,0.179469,0.011021,1.572287,Swarm20,Swarm20-0-20260922-20:31:48-1127387,10,Swarm20-0-20260922-20:31:48-1127387|phase2|10,0,0,0,sha3,20,,,,2.221969,0.195772,0.006993,0.01022,0.106066,0.001593,0.006924,0.010007,0.097501,0.002434,104,85,43,1085,1,0
761,1,2.242084,0.446918,1.795166,1317,sha3,OMNeT++; module=UavAuthNetwork.uav[11]; config=Swarm20,0.284006,0.046296,0.275586,0.075911,0.231425,0.03234,0.186475,0.075911,0.174423,0.192889,0.01109,1.563741,Swarm20,Swarm20-0-20260922-20:31:48-1127387,11,Swarm20-0-20260922-20:31:48-1127387|phase2|11,0,0,0,sha3,20,,,,2.263642,0.186475,0.006932,0.01006,0.099003,0.001723,0.006862,0.009798,0.097641,0.004949,104,85,43,1085,1,0
762,1,2.27549,0.461995,1.813495,1317,sha3,OMNeT++; module=UavAuthNetwork.uav[12]; config=Swarm20,0.299655,0.047117,0.259001,0.07569,0.257058,0.03234,0.202525,0.07569,0.175515,0.188985,0.01096,1.556438,Swarm20,Swarm20-0-20260922-20:31:48-1127387,12,Swarm20-0-20260922-20:31:48-1127387|phase2|12,0,0,0,sha3,20,,,,2.261481,0.202525,0.006962,0.010078,0.099365,0.001744,0.006952,0.009948,0.097771,0.00539,104,85,43,1085,1,0
763,1,2.244706,0.445686,1.79902,1317,sha3,OMNeT++; module=UavAuthNetwork.uav[13]; config=Swarm20,0.283235,0.046186,0.257474,0.07558,0.232482,0.03228,0.183109,0.07558,0.181406,0.16397,0.011291,1.566537,Swarm20,Swarm20-0-20260922-20:31:48-1127387,13,Swarm20-0-20260922-20:31:48-1127387|phase2|13,0,0,0,sha3,20,,,,2.220464,0.183109,0.006984,0.009959,0.098622,0.001743,0.006893,0.009898,0.097601,0.00525,104,85,43,1085,1,0
764,1,2.253864,0.455071,1.798793,1317,sha3,OMNeT++; module=UavAuthNetwork.uav[14]; config=Swarm20,0.292321,0.046787,0.240828,0.07582,0.215229,0.034724,0.195462,0.07582,0.174303,0.159158,0.01111,1.583564,Swarm20,Swarm20-0-20260922-20:31:48-1127387,14,Swarm20-0-20260922-20:31:48-1127387|phase2|14,0,0,0,sha3,20,,,,2.198779,0.195462,0.007004,0.010089,0.099334,0.001733,0.006954,0.009767,0.09763,0.002184,104,85,43,1085,1,0
765,1,2.240706,0.458879,1.781827,1317,sha3,OMNeT++; module=UavAuthNetwork.uav[15]; config=Swarm20,0.294505,0.046997,0.256255,0.076632,0.227941,0.032561,0.193568,0.076632,0.175896,0.16089,0.01111,1.553886,Swarm20,Swarm20-0-20260922-20:31:48-1127387,15,Swarm20-0-20260922-20:31:48-1127387|phase2|15,0,0,0,sha3,20,,,,2.198973,0.193568,0.007033,0.01024,0.105976,0.001703,0.006913,0.010089,0.098351,0.00544,104,85,43,1085,1,0
766,1,2.262978,0.444171,1.818807,1317,sha3,OMNeT++; module=UavAuthNetwork.uav[16]; config=Swarm20,0.280719,0.047798,0.2584,0.076281,0.232864,0.03253,0.18363,0.076281,0.17285,0.164423,0.01089,1.585943,Swarm20,Swarm20-0-20260922-20:31:48-1127387,16,Swarm20-0-20260922-20:31:48-1127387|phase2|16,0,0,0,sha3,20,,,,2.24163,0.18363,0.006972,0.010269,0.099634,0.001693,0.007012,0.010048,0.098603,0.002395,104,85,43,1085,1,0
767,1,2.246204,0.464371,1.781833,1317,sha3,OMNeT++; module=UavAuthNetwork.uav[17]; config=Swarm20,0.301318,0.047127,0.272467,0.075851,0.233995,0.038321,0.19969,0.075851,0.179141,0.172557,0.011351,1.547839,Swarm20,Swarm20-0-20260922-20:31:48-1127387,17,Swarm20-0-20260922-20:31:48-1127387|phase2|17,0,0,0,sha3,20,,,,2.226857,0.19969,0.007032,0.010128,0.099284,0.001783,0.007083,0.009907,0.098764,0.002474,104,85,43,1085,1,0
768,1,2.273373,0.495778,1.777595,1317,sha3,OMNeT++; module=UavAuthNetwork.uav[18]; config=Swarm20,0.314453,0.047879,0.253391,0.084586,0.218469,0.035095,0.214156,0.084586,0.181396,0.160869,0.012153,1.559126,Swarm20,Swarm20-0-20260922-20:31:48-1127387,18,Swarm20-0-20260922-20:31:48-1127387|phase2|18,0,0,0,sha3,20,,,,2.191855,0.214156,0.007093,0.01093,0.108902,0.001993,0.007063,0.010048,0.098123,0.003266,104,85,43,1085,1,0
769,1,2.243196,0.466254,1.776942,1317,sha3,OMNeT++; module=UavAuthNetwork.uav[19]; config=Swarm20,0.30209,0.046747,0.245884,0.076301,0.228256,0.035847,0.196493,0.076301,0.203256,0.169718,0.011562,1.548686,Swarm20,Swarm20-0-20260922-20:31:48-1127387,19,Swarm20-0-20260922-20:31:48-1127387|phase2|19,0,0,0,sha3,20,,,,2.192544,0.196493,0.006983,0.010139,0.104594,0.001764,0.006884,0.009948,0.09766,0.002895,104,85,43,1085,1,0
770,1,2.316101,0.494294,1.821807,1317,sha3,OMNeT++; module=UavAuthNetwork.uav[0]; config=Swarm20,0.306086,0.050033,0.253237,0.087692,0.249554,0.032601,0.196233,0.087692,0.180304,0.181153,0.012824,1.572253,Swarm20,Swarm20-1-20260922-20:31:48-1127387,0,Swarm20-1-20260922-20:31:48-1127387|phase2|0,1,1,1,sha3,20,,,,2.256197,0.196233,0.007894,0.01087,0.120875,0.002495,0.007553,0.01077,0.098512,0.008936,104,85,43,1085,1,0
771,1,2.246593,0.453689,1.792904,1317,sha3,OMNeT++; module=UavAuthNetwork.uav[1]; config=Swarm20,0.291038,0.046175,0.267536,0.07548,0.228789,0.032269,0.1943,0.07548,0.172369,0.184197,0.011691,1.564115,Swarm20,Swarm20-1-20260922-20:31:48-1127387,1,Swarm20-1-20260922-20:31:48-1127387|phase2|1,1,1,1,sha3,20,,,,2.244637,0.1943,0.007034,0.010108,0.098312,0.001733,0.007072,0.009848,0.09708,0.002915,104,85,43,1085,1,0
772,1,2.24554,0.456436,1.789104,1317,sha3,OMNeT++; module=UavAuthNetwork.uav[2]; config=Swarm20,0.293353,0.046827,0.248104,0.075851,0.218887,0.03226,0.197666,0.075851,0.172089,0.159863,0.011381,1.570217,Swarm20,Swarm20-1-20260922-20:31:48-1127387,2,Swarm20-1-20260922-20:31:48-1127387|phase2|2,1,1,1,sha3,20,,,,2.19707,0.197666,0.007092,0.010149,0.098702,0.001703,0.006983,0.009988,0.097771,0.002485,104,85,43,1085,1,0
773,1,2.219169,0.442399,1.77677,1317,sha3,OMNeT++; module=UavAuthNetwork.uav[3]; config=Swarm20,0.280078,0.045956,0.249533,0.07553,0.218611,0.03244,0.185273,0.07553,0.179533,0.191727,0.011261,1.558159,Swarm20,Swarm20-1-20260922-20:31:48-1127387,3,Swarm20-1-20260922-20:31:48-1127387|phase2|3,1,1,1,sha3,20,,,,2.218029,0.185273,0.006912,0.010129,0.098181,0.001704,0.006973,0.009829,0.097511,0.002715,104,85,43,1085,1,0
774,1,2.223978,0.457545,1.766433,1317,sha3,OMNeT++; module=UavAuthNetwork.uav[4]; config=Swarm20,0.290567,0.061734,0.245132,0.077613,0.216022,0.03226,0.190974,0.077613,0.173291,0.171015,0.011752,1.55041,Swarm20,Swarm20-1-20260922-20:31:48-1127387,4,Swarm20-1-20260922-20:31:48-1127387|phase2|4,1,1,1,sha3,20,,,,2.182579,0.190974,0.008765,0.010579,0.101709,0.001814,0.009057,0.012803,0.106808,0.003055,104,85,43,1085,1,0
775,1,2.305979,0.470711,1.835268,1317,sha3,OMNeT++; module=UavAuthNetwork.uav[5]; config=Swarm20,0.307068,0.047148,0.274965,0.076091,0.230335,0.03274,0.209097,0.076091,0.17274,0.19157,0.011461,1.604933,Swarm20,Swarm20-1-20260922-20:31:48-1127387,5,Swarm20-1-20260922-20:31:48-1127387|phase2|5,1,1,1,sha3,20,,,,2.301803,0.209097,0.007195,0.010279,0.099834,0.001693,0.006993,0.010199,0.098383,0.002755,104,85,43,1085,1,0
776,1,2.245721,0.455913,1.789808,1317,sha3,OMNeT++; module=UavAuthNetwork.uav[6]; config=Swarm20,0.293093,0.047078,0.256,0.07594,0.221165,0.03269,0.195592,0.07594,0.171477,0.198691,0.01094,1.568643,Swarm20,Swarm20-1-20260922-20:31:48-1127387,6,Swarm20-1-20260922-20:31:48-1127387|phase2|6,1,1,1,sha3,20,,,,2.244498,0.195592,0.006952,0.010068,0.099254,0.001583,0.006942,0.010189,0.097791,0.002194,104,85,43,1085,1,0
777,1,2.230991,0.447598,1.783393,1317,sha3,OMNeT++; module=UavAuthNetwork.uav[7]; config=Swarm20,0.284968,0.046326,0.292457,0.07588,0.222378,0.0327,0.184151,0.07588,0.171808,0.221926,0.01087,1.561015,Swarm20,Swarm20-1-20260922-20:31:48-1127387,7,Swarm20-1-20260922-20:31:48-1127387|phase2|7,1,1,1,sha3,20,,,,2.297776,0.184151,0.006993,0.010169,0.098773,0.001673,0.006944,0.009848,0.09762,0.002414,104,85,43,1085,1,0
778,1,2.234609,0.458139,1.77647,1317,sha3,OMNeT++; module=UavAuthNetwork.uav[8]; config=Swarm20,0.282403,0.047628,0.248309,0.082443,0.224525,0.03247,0.188018,0.082443,0.172329,0.172351,0.01085,1.551945,Swarm20,Swarm20-1-20260922-20:31:48-1127387,8,Swarm20-1-20260922-20:31:48-1127387|phase2|8,1,1,1,sha3,20,,,,2.19713,0.188018,0.007044,0.010319,0.104744,0.001643,0.007014,0.010049,0.098652,0.002544,104,85,43,1085,1,0
779,1,2.242548,0.449402,1.793146,1317,sha3,OMNeT++; module=UavAuthNetwork.uav[9]; config=Swarm20,0.288113,0.046276,0.249899,0.07529,0.242852,0.03269,0.193408,0.07529,0.171367,0.160055,0.010709,1.550294,Swarm20,Swarm20-1-20260922-20:31:48-1127387,9,Swarm20-1-20260922-20:31:48-1127387|phase2|9,1,1,1,sha3,20,,,,2.2031,0.193408,0.006922,0.010158,0.098001,0.001603,0.006933,0.009849,0.097741,0.002245,104,85,43,1085,1,0
780,1,2.253552,0.456044,1.797508,1317,sha3,OMNeT++; module=UavAuthNetwork.uav[10]; config=Swarm20,0.293594,0.046937,0.252214,0.07582,0.243815,0.032891,0.197726,0.07582,0.171087,0.187889,0.01081,1.553692,Swarm20,Swarm20-1-20260922-20:31:48-1127387,10,Swarm20-1-20260922-20:31:48-1127387|phase2|10,1,1,1,sha3,20,,,,2.237611,0.197726,0.007254,0.010079,0.098803,0.001653,0.006962,0.009928,0.097661,0.002424,104,85,43,1085,1,0
781,1,2.209264,0.443791,1.765473,1317,sha3,OMNeT++; module=UavAuthNetwork.uav[11]; config=Swarm20,0.28103,0.046456,0.258966,0.07574,0.216623,0.032951,0.185473,0.07574,0.178049,0.217659,0.011281,1.54885,Swarm20,Swarm20-1-20260922-20:31:48-1127387,11,Swarm20-1-20260922-20:31:48-1127387|phase2|11,1,1,1,sha3,20,,,,2.242098,0.185473,0.007033,0.010138,0.098283,0.001643,0.006863,0.010138,0.097511,0.002334,104,85,43,1085,1,0
782,1,2.225542,0.449352,1.77619,1317,sha3,OMNeT++; module=UavAuthNetwork.uav[12]; config=Swarm20,0.28681,0.047168,0.240991,0.075901,0.222756,0.032531,0.190512,0.075901,0.171197,0.186637,0.01074,1.553434,Swarm20,Swarm20-1-20260922-20:31:48-1127387,12,Swarm20-1-20260922-20:31:48-1127387|phase2|12,1,1,1,sha3,20,,,,2.203817,0.190512,0.006942,0.010029,0.098923,0.001563,0.006944,0.010159,0.09749,0.002314,104,85,43,1085,1,0
783,1,2.264949,0.469982,1.794967,1317,sha3,OMNeT++; module=UavAuthNetwork.uav[13]; config=Swarm20,0.294806,0.045945,0.243654,0.082193,0.236624,0.032801,0.199719,0.082193,0.171838,0.159495,0.01079,1.558343,Swarm20,Swarm20-1-20260922-20:31:48-1127387,13,Swarm20-1-20260922-20:31:48-1127387|phase2|13,1,1,1,sha3,20,,,,2.198116,0.199719,0.007124,0.010128,0.098773,0.001633,0.006922,0.009909,0.097421,0.002365,104,85,43,1085,1,0
784,1,2.23865,0.457816,1.780834,1317,sha3,OMNeT++; module=UavAuthNetwork.uav[14]; config=Swarm20,0.28635,0.046557,0.255428,0.080358,0.214691,0.03231,0.191725,0.080358,0.171588,0.180113,0.01075,1.566142,Swarm20,Swarm20-1-20260922-20:31:48-1127387,14,Swarm20-1-20260922-20:31:48-1127387|phase2|14,1,1,1,sha3,20,,,,2.216375,0.191725,0.007144,0.010088,0.103222,0.001593,0.006944,0.009887,0.09752,0.002264,104,85,43,1085,1,0
785,1,2.229076,0.456537,1.772539,1317,sha3,OMNeT++; module=UavAuthNetwork.uav[15]; config=Swarm20,0.294355,0.046656,0.258252,0.075761,0.221122,0.03236,0.199048,0.075761,0.172079,0.177005,0.01066,1.551417,Swarm20,Swarm20-1-20260922-20:31:48-1127387,15,Swarm20-1-20260922-20:31:48-1127387|phase2|15,1,1,1,sha3,20,,,,2.207796,0.199048,0.006983,0.010008,0.099134,0.001653,0.006924,0.010109,0.09759,0.002435,104,85,43,1085,1,0
786,1,2.225371,0.44243,1.782941,1317,sha3,OMNeT++; module=UavAuthNetwork.uav[16]; config=Swarm20,0.281521,0.046697,0.242439,0.075019,0.215103,0.03259,0.186786,0.075019,0.208496,0.162049,0.010871,1.567838,Swarm20,Swarm20-1-20260922-20:31:48-1127387,16,Swarm20-1-20260922-20:31:48-1127387|phase2|16,1,1,1,sha3,20,,,,2.187429,0.186786,0.007033,0.009898,0.09788,0.001693,0.006943,0.009888,0.0972,0.002554,104,85,43,1085,1,0
787,1,2.256848,0.449323,1.807525,1317,sha3,OMNeT++; module=UavAuthNetwork.uav[17]; config=Swarm20,0.287743,0.046245,0.254192,0.07524,0.255462,0.03236,0.191995,0.07524,0.171237,0.171475,0.0111,1.552062,Swarm20,Swarm20-1-20260922-20:31:48-1127387,17,Swarm20-1-20260922-20:31:48-1127387|phase2|17,1,1,1,sha3,20,,,,2.233192,0.191995,0.007143,0.010048,0.098273,0.001704,0.006903,0.01013,0.096989,0.002184,104,85,43,1085,1,0
788,1,2.253238,0.452438,1.8008,1317,sha3,OMNeT++; module=UavAuthNetwork.uav[18]; config=Swarm20,0.289957,0.047007,0.246613,0.07571,0.226952,0.032029,0.18868,0.07571,0.171898,0.161206,0.011061,1.573849,Swarm20,Swarm20-1-20260922-20:31:48-1127387,18,Swarm20-1-20260922-20:31:48-1127387|phase2|18,1,1,1,sha3,20,,,,2.208619,0.18868,0.007184,0.0103,0.105345,0.001643,0.006934,0.010079,0.0974,0.002434,104,85,43,1085,1,0
789,1,2.250038,0.444743,1.805295,1317,sha3,OMNeT++; module=UavAuthNetwork.uav[19]; config=Swarm20,0.283415,0.046046,0.266126,0.075359,0.243188,0.032841,0.188309,0.075359,0.171347,0.160386,0.01061,1.562107,Swarm20,Swarm20-1-20260922-20:31:48-1127387,19,Swarm20-1-20260922-20:31:48-1127387|phase2|19,1,1,1,sha3,20,,,,2.231807,0.188309,0.007002,0.010008,0.098212,0.001573,0.006894,0.009827,0.09749,0.002134,104,85,43,1085,1,0
790,1,2.543256,0.757793,1.785463,1317,sha3,OMNeT++; module=UavAuthNetwork.uav[0]; config=Swarm20,0.515604,0.084667,0.265556,0.114342,0.222148,0.056305,0.339258,0.114342,0.225778,0.161381,0.013505,1.563316,Swarm20,Swarm20-10-20260922-20:31:48-1127387,0,Swarm20-10-20260922-20:31:48-1127387|phase2|0,10,10,10,sha3,20,,,,2.2124,0.339258,0.011972,0.017281,0.160877,0.002545,0.011721,0.015619,0.152483,0.008456,104,85,43,1085,1,0
791,1,2.239283,0.458049,1.781234,1317,sha3,OMNeT++; module=UavAuthNetwork.uav[1]; config=Swarm20,0.287032,0.047017,0.243033,0.076642,0.226998,0.032891,0.187698,0.076642,0.174563,0.159851,0.017733,1.554236,Swarm20,Swarm20-10-20260922-20:31:48-1127387,1,Swarm20-10-20260922-20:31:48-1127387|phase2|1,10,10,10,sha3,20,,,,2.184118,0.187698,0.007152,0.01042,0.099284,0.001783,0.007144,0.010249,0.098212,0.002604,104,85,43,1085,1,0
792,1,2.258639,0.465333,1.793306,1317,sha3,OMNeT++; module=UavAuthNetwork.uav[2]; config=Swarm20,0.292322,0.047167,0.250637,0.08084,0.238696,0.032671,0.194189,0.08084,0.171598,0.166683,0.011331,1.55461,Swarm20,Swarm20-10-20260922-20:31:48-1127387,2,Swarm20-10-20260922-20:31:48-1127387|phase2|2,10,10,10,sha3,20,,,,2.210626,0.194189,0.007044,0.010298,0.103701,0.001603,0.007093,0.009928,0.097561,0.002284,104,85,43,1085,1,0
793,1,2.259157,0.463097,1.79606,1317,sha3,OMNeT++; module=UavAuthNetwork.uav[3]; config=Swarm20,0.287051,0.046396,0.267859,0.082503,0.235481,0.032209,0.191003,0.082503,0.172289,0.170121,0.01104,1.560579,Swarm20,Swarm20-10-20260922-20:31:48-1127387,3,Swarm20-10-20260922-20:31:48-1127387|phase2|3,10,10,10,sha3,20,,,,2.234041,0.191003,0.006963,0.010269,0.104773,0.001673,0.007023,0.009927,0.097741,0.002825,104,85,43,1085,1,0
794,1,2.26294,0.457046,1.805894,1317,sha3,OMNeT++; module=UavAuthNetwork.uav[4]; config=Swarm20,0.285178,0.047017,0.241782,0.080419,0.248772,0.032199,0.190012,0.080419,0.171918,0.159648,0.01103,1.557122,Swarm20,Swarm20-10-20260922-20:31:48-1127387,4,Swarm20-10-20260922-20:31:48-1127387|phase2|4,10,10,10,sha3,20,,,,2.207324,0.190012,0.007013,0.010029,0.103522,0.001593,0.006982,0.010099,0.097762,0.002404,104,85,43,1085,1,0
795,1,2.259254,0.455752,1.803502,1317,sha3,OMNeT++; module=UavAuthNetwork.uav[5]; config=Swarm20,0.292601,0.046365,0.245466,0.07609,0.238312,0.032931,0.197055,0.07609,0.171828,0.201902,0.010971,1.565191,Swarm20,Swarm20-10-20260922-20:31:48-1127387,5,Swarm20-10-20260922-20:31:48-1127387|phase2|5,10,10,10,sha3,20,,,,2.250871,0.197055,0.007043,0.009988,0.099274,0.001683,0.006973,0.009808,0.097991,0.002444,104,85,43,1085,1,0
796,1,2.24868,0.452699,1.795981,1317,sha3,OMNeT++; module=UavAuthNetwork.uav[6]; config=Swarm20,0.289797,0.046696,0.240749,0.075991,0.218887,0.03246,0.194691,0.075991,0.183359,0.192325,0.01092,1.577094,Swarm20,Swarm20-10-20260922-20:31:48-1127387,6,Swarm20-10-20260922-20:31:48-1127387|phase2|6,10,10,10,sha3,20,,,,2.229056,0.194691,0.007033,0.010059,0.098743,0.001603,0.007001,0.009969,0.102992,0.002455,104,85,43,1085,1,0
797,1,2.217581,0.445343,1.772238,1317,sha3,OMNeT++; module=UavAuthNetwork.uav[7]; config=Swarm20,0.282192,0.046937,0.245955,0.076211,0.219384,0.03255,0.186035,0.076211,0.171798,0.180925,0.010729,1.552853,Swarm20,Swarm20-10-20260922-20:31:48-1127387,7,Swarm20-10-20260922-20:31:48-1127387|phase2|7,10,10,10,sha3,20,,,,2.199118,0.186035,0.007043,0.01007,0.099563,0.001613,0.007024,0.010179,0.098101,0.002254,104,85,43,1085,1,0
798,1,2.253629,0.452687,1.800942,1317,sha3,OMNeT++; module=UavAuthNetwork.uav[8]; config=Swarm20,0.289065,0.054401,0.249535,0.076411,0.22971,0.032881,0.193649,0.076411,0.172109,0.16648,0.0108,1.571232,Swarm20,Swarm20-10-20260922-20:31:48-1127387,8,Swarm20-10-20260922-20:31:48-1127387|phase2|8,10,10,10,sha3,20,,,,2.216957,0.193649,0.007095,0.010139,0.099313,0.001643,0.007264,0.016621,0.098552,0.002464,104,85,43,1085,1,0
799,1,2.236566,0.449191,1.787375,1317,sha3,OMNeT++; module=UavAuthNetwork.uav[9]; config=Swarm20,0.287301,0.046105,0.240678,0.0755,0.220333,0.032279,0.192908,0.0755,0.171588,0.179637,0.01089,1.567043,Swarm20,Swarm20-10-20260922-20:31:48-1127387,9,Swarm20-10-20260922-20:31:48-1127387|phase2|9,10,10,10,sha3,20,,,,2.20769,0.192908,0.006964,0.010108,0.098192,0.001603,0.006942,0.009827,0.097792,0.002194,104,85,43,1085,1,0
800,1,2.262058,0.455574,1.806484,1317,sha3,OMNeT++; module=UavAuthNetwork.uav[10]; config=Swarm20,0.293113,0.046977,0.270463,0.075871,0.243182,0.032189,0.198548,0.075871,0.172279,0.157468,0.010719,1.563303,Swarm20,Swarm20-10-20260922-20:31:48-1127387,10,Swarm20-10-20260922-20:31:48-1127387|phase2|10,10,10,10,sha3,20,,,,2.234416,0.198548,0.006973,0.010089,0.099213,0.001583,0.006942,0.009867,0.098171,0.002515,104,85,43,1085,1,0
801,1,2.246032,0.455472,1.79056,1317,sha3,OMNeT++; module=UavAuthNetwork.uav[11]; config=Swarm20,0.29204,0.046736,0.251799,0.076311,0.221794,0.032611,0.196834,0.076311,0.179121,0.184259,0.01081,1.568766,Swarm20,Swarm20-10-20260922-20:31:48-1127387,11,Swarm20-10-20260922-20:31:48-1127387|phase2|11,10,10,10,sha3,20,,,,2.226618,0.196834,0.007123,0.0101,0.099235,0.001623,0.006983,0.010099,0.105316,0.002494,104,85,43,1085,1,0
802,1,2.227942,0.448431,1.779511,1317,sha3,OMNeT++; module=UavAuthNetwork.uav[12]; config=Swarm20,0.285659,0.046906,0.253861,0.075991,0.228474,0.03243,0.190663,0.075991,0.172068,0.160232,0.01079,1.551037,Swarm20,Swarm20-10-20260922-20:31:48-1127387,12,Swarm20-10-20260922-20:31:48-1127387|phase2|12,10,10,10,sha3,20,,,,2.193605,0.190663,0.007062,0.010079,0.099253,0.001583,0.007034,0.009879,0.098362,0.002295,104,85,43,1085,1,0
803,1,2.228884,0.462146,1.766738,1317,sha3,OMNeT++; module=UavAuthNetwork.uav[13]; config=Swarm20,0.299264,0.046857,0.263643,0.076041,0.219585,0.03243,0.204158,0.076041,0.171968,0.167172,0.0108,1.547153,Swarm20,Swarm20-10-20260922-20:31:48-1127387,13,Swarm20-10-20260922-20:31:48-1127387|phase2|13,10,10,10,sha3,20,,,,2.197552,0.204158,0.006972,0.010129,0.099274,0.001643,0.006952,0.009948,0.098222,0.002345,104,85,43,1085,1,0
804,1,2.267211,0.456905,1.810306,1317,sha3,OMNeT++; module=UavAuthNetwork.uav[14]; config=Swarm20,0.285128,0.046766,0.240804,0.080629,0.213387,0.03253,0.190673,0.080629,0.171748,0.158516,0.010519,1.596919,Swarm20,Swarm20-10-20260922-20:31:48-1127387,14,Swarm20-10-20260922-20:31:48-1127387|phase2|14,10,10,10,sha3,20,,,,2.209626,0.190673,0.007024,0.010039,0.103622,0.001532,0.006913,0.009779,0.098212,0.002415,104,85,43,1085,1,0
805,1,2.254023,0.455795,1.798228,1317,sha3,OMNeT++; module=UavAuthNetwork.uav[15]; config=Swarm20,0.293203,0.046536,0.245213,0.075911,0.247326,0.03273,0.192446,0.075911,0.17279,0.171241,0.01077,1.550903,Swarm20,Swarm20-10-20260922-20:31:48-1127387,15,Swarm20-10-20260922-20:31:48-1127387|phase2|15,10,10,10,sha3,20,,,,2.214682,0.192446,0.006934,0.010098,0.099374,0.001663,0.006984,0.009879,0.098291,0.002524,104,85,43,1085,1,0
806,1,2.245046,0.456065,1.788981,1317,sha3,OMNeT++; module=UavAuthNetwork.uav[16]; config=Swarm20,0.281882,0.047398,0.253032,0.081531,0.220577,0.03243,0.187527,0.081531,0.174243,0.164703,0.011121,1.568404,Swarm20,Swarm20-10-20260922-20:31:48-1127387,16,Swarm20-10-20260922-20:31:48-1127387|phase2|16,10,10,10,sha3,20,,,,2.206715,0.187527,0.007113,0.010369,0.104023,0.001633,0.007133,0.010189,0.098652,0.002645,104,85,43,1085,1,0
807,1,2.225246,0.450694,1.774552,1317,sha3,OMNeT++; module=UavAuthNetwork.uav[17]; config=Swarm20,0.288364,0.046637,0.253244,0.07572,0.215486,0.03251,0.193188,0.07572,0.17314,0.174519,0.01089,1.559066,Swarm20,Swarm20-10-20260922-20:31:48-1127387,17,Swarm20-10-20260922-20:31:48-1127387|phase2|17,10,10,10,sha3,20,,,,2.202315,0.193188,0.007073,0.01025,0.098913,0.001684,0.006893,0.009879,0.098453,0.002464,104,85,43,1085,1,0
808,1,2.263437,0.457666,1.805771,1317,sha3,OMNeT++; module=UavAuthNetwork.uav[18]; config=Swarm20,0.294305,0.047218,0.243973,0.076321,0.24592,0.032359,0.199098,0.076321,0.172409,0.195535,0.010719,1.559851,Swarm20,Swarm20-10-20260922-20:31:48-1127387,18,Swarm20-10-20260922-20:31:48-1127387|phase2|18,10,10,10,sha3,20,,,,2.245279,0.199098,0.007125,0.010169,0.099604,0.001643,0.006924,0.009957,0.098523,0.002454,104,85,43,1085,1,0
809,1,2.270316,0.457898,1.812418,1317,sha3,OMNeT++; module=UavAuthNetwork.uav[19]; config=Swarm20,0.285158,0.046817,0.249294,0.08096,0.23966,0.03281,0.189951,0.08096,0.178781,0.181378,0.01082,1.572758,Swarm20,Swarm20-10-20260922-20:31:48-1127387,19,Swarm20-10-20260922-20:31:48-1127387|phase2|19,10,10,10,sha3,20,,,,2.24309,0.189951,0.006954,0.010078,0.103832,0.001703,0.006984,0.009999,0.098281,0.002364,104,85,43,1085,1,0
810,1,2.281474,0.483485,1.797989,1317,sha3,OMNeT++; module=UavAuthNetwork.uav[0]; config=Swarm20,0.310395,0.050033,0.243192,0.080048,0.2373,0.032861,0.201293,0.080048,0.180805,0.200266,0.012994,1.560688,Swarm20,Swarm20-11-20260922-20:31:49-1127387,0,Swarm20-11-20260922-20:31:49-1127387|phase2|0,11,11,11,sha3,20,,,,2.241446,0.201293,0.007975,0.01085,0.112218,0.002384,0.007715,0.01072,0.098552,0.008846,104,85,43,1085,1,0
811,1,2.263636,0.450695,1.812941,1317,sha3,OMNeT++; module=UavAuthNetwork.uav[1]; config=Swarm20,0.287061,0.046636,0.26763,0.075931,0.226632,0.03246,0.190563,0.075931,0.180865,0.165595,0.011772,1.586309,Swarm20,Swarm20-11-20260922-20:31:49-1127387,1,Swarm20-11-20260922-20:31:49-1127387|phase2|1,11,11,11,sha3,20,,,,2.246167,0.190563,0.007002,0.010049,0.099054,0.001733,0.007103,0.009978,0.097852,0.002946,104,85,43,1085,1,0
812,1,2.241679,0.446627,1.795052,1317,sha3,OMNeT++; module=UavAuthNetwork.uav[2]; config=Swarm20,0.283184,0.046747,0.245179,0.075921,0.234582,0.0325,0.186375,0.075921,0.172689,0.180158,0.011601,1.560471,Swarm20,Swarm20-11-20260922-20:31:49-1127387,2,Swarm20-11-20260922-20:31:49-1127387|phase2|2,11,11,11,sha3,20,,,,2.22039,0.186375,0.007072,0.010039,0.099364,0.001603,0.007013,0.010058,0.098062,0.002545,104,85,43,1085,1,0
813,1,2.242433,0.444712,1.797721,1317,sha3,OMNeT++; module=UavAuthNetwork.uav[3]; config=Swarm20,0.281221,0.052767,0.262208,0.07599,0.227771,0.03228,0.185804,0.07599,0.17309,0.165456,0.011511,1.56995,Swarm20,Swarm20-11-20260922-20:31:49-1127387,3,Swarm20-11-20260922-20:31:49-1127387|phase2|3,11,11,11,sha3,20,,,,2.225385,0.185804,0.007034,0.010068,0.098964,0.001733,0.007112,0.009868,0.104373,0.002875,104,85,43,1085,1,0
814,1,2.270467,0.446306,1.824161,1317,sha3,OMNeT++; module=UavAuthNetwork.uav[4]; config=Swarm20,0.284146,0.046916,0.262513,0.07559,0.233904,0.032841,0.188349,0.07559,0.172019,0.165075,0.01098,1.590257,Swarm20,Swarm20-11-20260922-20:31:49-1127387,4,Swarm20-11-20260922-20:31:49-1127387|phase2|4,11,11,11,sha3,20,,,,2.251749,0.188349,0.006912,0.010109,0.098222,0.001593,0.006963,0.009877,0.097882,0.002464,104,85,43,1085,1,0
815,1,2.231192,0.446177,1.785015,1317,sha3,OMNeT++; module=UavAuthNetwork.uav[5]; config=Swarm20,0.283585,0.046265,0.249062,0.075881,0.222316,0.032159,0.188209,0.075881,0.172319,0.165779,0.01083,1.562699,Swarm20,Swarm20-11-20260922-20:31:49-1127387,5,Swarm20-11-20260922-20:31:49-1127387|phase2|5,11,11,11,sha3,20,,,,2.199855,0.188209,0.007092,0.010259,0.099034,0.001654,0.006934,0.009809,0.098142,0.002394,104,85,43,1085,1,0
816,1,2.264225,0.445375,1.81885,1317,sha3,OMNeT++; module=UavAuthNetwork.uav[6]; config=Swarm20,0.282904,0.046596,0.260891,0.07554,0.231045,0.032461,0.188749,0.07554,0.177419,0.165471,0.011391,1.587806,Swarm20,Swarm20-11-20260922-20:31:49-1127387,6,Swarm20-11-20260922-20:31:49-1127387|phase2|6,11,11,11,sha3,20,,,,2.245212,0.188749,0.007034,0.010059,0.098142,0.001653,0.006914,0.015178,0.09749,0.002374,104,85,43,1085,1,0
817,1,2.254014,0.44905,1.804964,1317,sha3,OMNeT++; module=UavAuthNetwork.uav[7]; config=Swarm20,0.28637,0.046076,0.242315,0.07577,0.246097,0.03247,0.191675,0.07577,0.172218,0.159698,0.01114,1.558867,Swarm20,Swarm20-11-20260922-20:31:49-1127387,7,Swarm20-11-20260922-20:31:49-1127387|phase2|7,11,11,11,sha3,20,,,,2.206978,0.191675,0.006984,0.009928,0.099044,0.001633,0.006893,0.009768,0.097971,0.002325,104,85,43,1085,1,0
818,1,2.249818,0.458297,1.791521,1317,sha3,OMNeT++; module=UavAuthNetwork.uav[8]; config=Swarm20,0.295577,0.047849,0.264405,0.07587,0.22276,0.03261,0.193118,0.07587,0.172199,0.176421,0.01098,1.568761,Swarm20,Swarm20-11-20260922-20:31:49-1127387,8,Swarm20-11-20260922-20:31:49-1127387|phase2|8,11,11,11,sha3,20,,,,2.232346,0.193118,0.007215,0.010048,0.106386,0.001593,0.007064,0.010149,0.098522,0.002464,104,85,43,1085,1,0
819,1,2.232968,0.449121,1.783847,1317,sha3,OMNeT++; module=UavAuthNetwork.uav[9]; config=Swarm20,0.286451,0.046516,0.248525,0.07583,0.227192,0.03278,0.190884,0.07583,0.173,0.171865,0.01101,1.556655,Swarm20,Swarm20-11-20260922-20:31:49-1127387,9,Swarm20-11-20260922-20:31:49-1127387|phase2|9,11,11,11,sha3,20,,,,2.204237,0.190884,0.007003,0.010149,0.098954,0.001683,0.006993,0.009908,0.098381,0.002305,104,85,43,1085,1,0
820,1,2.246663,0.466443,1.78022,1317,sha3,OMNeT++; module=UavAuthNetwork.uav[10]; config=Swarm20,0.30251,0.047137,0.252123,0.076361,0.22706,0.039924,0.198888,0.076361,0.171948,0.172275,0.011211,1.55316,Swarm20,Swarm20-11-20260922-20:31:49-1127387,10,Swarm20-11-20260922-20:31:49-1127387|phase2|10,11,11,11,sha3,20,,,,2.204617,0.198888,0.007344,0.01027,0.099453,0.001663,0.006992,0.009968,0.097922,0.002424,104,85,43,1085,1,0
821,1,2.257349,0.46461,1.792739,1317,sha3,OMNeT++; module=UavAuthNetwork.uav[11]; config=Swarm20,0.289466,0.046236,0.265592,0.082132,0.235221,0.03265,0.194029,0.082132,0.172199,0.176556,0.01088,1.557518,Swarm20,Swarm20-11-20260922-20:31:49-1127387,11,Swarm20-11-20260922-20:31:49-1127387|phase2|11,11,11,11,sha3,20,,,,2.234888,0.194029,0.006995,0.010229,0.104894,0.001623,0.006944,0.009948,0.098071,0.002495,104,85,43,1085,1,0
822,1,2.232461,0.444322,1.788139,1317,sha3,OMNeT++; module=UavAuthNetwork.uav[12]; config=Swarm20,0.283134,0.046627,0.246889,0.075109,0.216756,0.0324,0.188138,0.075109,0.171227,0.160722,0.01097,1.571383,Swarm20,Swarm20-11-20260922-20:31:49-1127387,12,Swarm20-11-20260922-20:31:49-1127387|phase2|12,11,11,11,sha3,20,,,,2.195749,0.188138,0.006903,0.009798,0.098332,0.001613,0.006903,0.009868,0.097661,0.002184,104,85,43,1085,1,0
823,1,2.268446,0.454801,1.813645,1317,sha3,OMNeT++; module=UavAuthNetwork.uav[13]; config=Swarm20,0.293203,0.046616,0.289124,0.075389,0.215231,0.0325,0.197466,0.075389,0.172209,0.161895,0.01082,1.598414,Swarm20,Swarm20-11-20260922-20:31:49-1127387,13,Swarm20-11-20260922-20:31:49-1127387|phase2|13,11,11,11,sha3,20,,,,2.264664,0.197466,0.007044,0.010028,0.098694,0.001723,0.006993,0.010068,0.09758,0.002515,104,85,43,1085,1,0
824,1,2.25767,0.43766,1.82001,1317,sha3,OMNeT++; module=UavAuthNetwork.uav[14]; config=Swarm20,0.27541,0.046576,0.293966,0.075099,0.231775,0.03259,0.180324,0.075099,0.178741,0.17963,0.012052,1.588235,Swarm20,Swarm20-11-20260922-20:31:49-1127387,14,Swarm20-11-20260922-20:31:49-1127387|phase2|14,11,11,11,sha3,20,,,,2.293606,0.180324,0.006993,0.009889,0.098292,0.001683,0.006863,0.009907,0.097831,0.002625,104,85,43,1085,1,0
825,1,2.226553,0.452878,1.773675,1317,sha3,OMNeT++; module=UavAuthNetwork.uav[15]; config=Swarm20,0.291139,0.046526,0.252359,0.07556,0.221653,0.032911,0.19468,0.07556,0.176566,0.167791,0.010619,1.552022,Swarm20,Swarm20-11-20260922-20:31:49-1127387,15,Swarm20-11-20260922-20:31:49-1127387|phase2|15,11,11,11,sha3,20,,,,2.193825,0.19468,0.007022,0.010179,0.098813,0.001623,0.006963,0.009889,0.10246,0.002204,104,85,43,1085,1,0
826,1,2.272118,0.463127,1.808991,1317,sha3,OMNeT++; module=UavAuthNetwork.uav[16]; config=Swarm20,0.287763,0.046907,0.256231,0.082212,0.252531,0.03274,0.191846,0.082212,0.171538,0.17227,0.01094,1.55646,Swarm20,Swarm20-11-20260922-20:31:49-1127387,16,Swarm20-11-20260922-20:31:49-1127387|phase2|16,11,11,11,sha3,20,,,,2.237491,0.191846,0.006883,0.010289,0.106076,0.001623,0.007013,0.009899,0.097591,0.002555,104,85,43,1085,1,0
827,1,2.230075,0.445596,1.784479,1317,sha3,OMNeT++; module=UavAuthNetwork.uav[17]; config=Swarm20,0.284206,0.046266,0.250879,0.07525,0.222121,0.03255,0.190283,0.07525,0.172579,0.175544,0.01089,1.562357,Swarm20,Swarm20-11-20260922-20:31:49-1127387,17,Swarm20-11-20260922-20:31:49-1127387|phase2|17,11,11,11,sha3,20,,,,2.210901,0.190283,0.006932,0.009959,0.098142,0.001582,0.006873,0.009988,0.097731,0.002324,104,85,43,1085,1,0
828,1,2.222292,0.456815,1.765477,1317,sha3,OMNeT++; module=UavAuthNetwork.uav[18]; config=Swarm20,0.295167,0.046907,0.278277,0.075379,0.217919,0.03241,0.200932,0.075379,0.171859,0.189056,0.01089,1.547558,Swarm20,Swarm20-11-20260922-20:31:49-1127387,18,Swarm20-11-20260922-20:31:49-1127387|phase2|18,11,11,11,sha3,20,,,,2.23281,0.200932,0.006923,0.009919,0.098662,0.001643,0.006943,0.009858,0.097561,0.002385,104,85,43,1085,1,0
829,1,2.223942,0.446767,1.777175,1317,sha3,OMNeT++; module=UavAuthNetwork.uav[19]; config=Swarm20,0.284917,0.046055,0.266505,0.0755,0.228961,0.03269,0.190183,0.0755,0.177258,0.160743,0.01085,1.548214,Swarm20,Swarm20-11-20260922-20:31:49-1127387,19,Swarm20-11-20260922-20:31:49-1127387|phase2|19,11,11,11,sha3,20,,,,2.204423,0.190183,0.006853,0.00999,0.098663,0.001643,0.006943,0.009787,0.097721,0.002494,104,85,43,1085,1,0
830,1,2.262181,0.483944,1.778237,1317,sha3,OMNeT++; module=UavAuthNetwork.uav[0]; config=Swarm20,0.310474,0.050624,0.244509,0.080268,0.221185,0.033302,0.200721,0.080268,0.184712,0.168734,0.012934,1.557052,Swarm20,Swarm20-12-20260922-20:31:49-1127387,0,Swarm20-12-20260922-20:31:49-1127387|phase2|0,12,12,12,sha3,20,,,,2.191479,0.200721,0.007924,0.01085,0.113671,0.002474,0.007664,0.01083,0.10272,0.008536,104,85,43,1085,1,0
831,1,2.246686,0.447958,1.798728,1317,sha3,OMNeT++; module=UavAuthNetwork.uav[1]; config=Swarm20,0.284126,0.046406,0.243126,0.07582,0.238509,0.03234,0.187477,0.07582,0.182859,0.172771,0.012192,1.560219,Swarm20,Swarm20-12-20260922-20:31:49-1127387,1,Swarm20-12-20260922-20:31:49-1127387|phase2|1,12,12,12,sha3,20,,,,2.214625,0.187477,0.007033,0.010099,0.098803,0.001834,0.007083,0.009899,0.097941,0.002835,104,85,43,1085,1,0
832,1,2.227777,0.450974,1.776803,1317,sha3,OMNeT++; module=UavAuthNetwork.uav[2]; config=Swarm20,0.287963,0.046967,0.245066,0.07576,0.215685,0.03218,0.191485,0.07576,0.171567,0.159394,0.011491,1.561119,Swarm20,Swarm20-12-20260922-20:31:49-1127387,2,Swarm20-12-20260922-20:31:49-1127387|phase2|2,12,12,12,sha3,20,,,,2.181263,0.191485,0.007074,0.010058,0.099405,0.001693,0.007063,0.009869,0.097921,0.002364,104,85,43,1085,1,0
833,1,2.241565,0.451586,1.789979,1317,sha3,OMNeT++; module=UavAuthNetwork.uav[3]; config=Swarm20,0.287823,0.056314,0.246009,0.076161,0.21792,0.032209,0.192746,0.076161,0.172179,0.196123,0.011441,1.572059,Swarm20,Swarm20-12-20260922-20:31:49-1127387,3,Swarm20-12-20260922-20:31:49-1127387|phase2|3,12,12,12,sha3,20,,,,2.232111,0.192746,0.007012,0.010269,0.098863,0.001693,0.01634,0.009858,0.098423,0.002445,104,85,43,1085,1,0
834,1,2.29144,0.447668,1.843772,1317,sha3,OMNeT++; module=UavAuthNetwork.uav[4]; config=Swarm20,0.285609,0.046717,0.268259,0.075399,0.256844,0.03233,0.189711,0.075399,0.172049,0.200591,0.011261,1.586928,Swarm20,Swarm20-12-20260922-20:31:49-1127387,4,Swarm20-12-20260922-20:31:49-1127387|phase2|4,12,12,12,sha3,20,,,,2.312622,0.189711,0.006953,0.009949,0.098273,0.001613,0.007014,0.009829,0.097981,0.002174,104,85,43,1085,1,0
835,1,2.256952,0.460914,1.796038,1317,sha3,OMNeT++; module=UavAuthNetwork.uav[5]; config=Swarm20,0.298483,0.046657,0.251215,0.07577,0.215106,0.032169,0.202996,0.07577,0.172128,0.175793,0.010891,1.580931,Swarm20,Swarm20-12-20260922-20:31:49-1127387,5,Swarm20-12-20260922-20:31:49-1127387|phase2|5,12,12,12,sha3,20,,,,2.223046,0.202996,0.006993,0.010028,0.099274,0.001673,0.006923,0.009767,0.097922,0.002484,104,85,43,1085,1,0
836,1,2.210635,0.445965,1.76467,1317,sha3,OMNeT++; module=UavAuthNetwork.uav[6]; config=Swarm20,0.284176,0.046306,0.242651,0.075249,0.215196,0.03209,0.189791,0.075249,0.180995,0.159741,0.011291,1.549474,Swarm20,Swarm20-12-20260922-20:31:49-1127387,6,Swarm20-12-20260922-20:31:49-1127387|phase2|6,12,12,12,sha3,20,,,,2.167063,0.189791,0.006954,0.009929,0.098153,0.001713,0.006831,0.010219,0.105977,0.002514,104,85,43,1085,1,0
837,1,2.244636,0.444101,1.800535,1317,sha3,OMNeT++; module=UavAuthNetwork.uav[7]; config=Swarm20,0.282503,0.046426,0.266857,0.075289,0.23928,0.03227,0.187217,0.075289,0.171918,0.172398,0.01102,1.561255,Swarm20,Swarm20-12-20260922-20:31:49-1127387,7,Swarm20-12-20260922-20:31:49-1127387|phase2|7,12,12,12,sha3,20,,,,2.23979,0.187217,0.006953,0.010028,0.098884,0.001563,0.006943,0.009879,0.097811,0.002144,104,85,43,1085,1,0
838,1,2.288515,0.457679,1.830836,1317,sha3,OMNeT++; module=UavAuthNetwork.uav[8]; config=Swarm20,0.295116,0.047148,0.261899,0.075791,0.217596,0.03258,0.198618,0.075791,0.171347,0.160178,0.010981,1.61324,Swarm20,Swarm20-12-20260922-20:31:49-1127387,8,Swarm20-12-20260922-20:31:49-1127387|phase2|8,12,12,12,sha3,20,,,,2.252913,0.198618,0.006982,0.01015,0.099244,0.001683,0.006943,0.010039,0.097601,0.002574,104,85,43,1085,1,0
839,1,2.243397,0.479547,1.76385,1317,sha3,OMNeT++; module=UavAuthNetwork.uav[9]; config=Swarm20,0.28634,0.055944,0.290653,0.087622,0.214722,0.03228,0.191284,0.087622,0.172309,0.196698,0.017963,1.549128,Swarm20,Swarm20-12-20260922-20:31:49-1127387,9,Swarm20-12-20260922-20:31:49-1127387|phase2|9,12,12,12,sha3,20,,,,2.251202,0.191284,0.010539,0.01074,0.105605,0.001974,0.008656,0.009838,0.104885,0.002865,104,85,43,1085,1,0
840,1,2.233949,0.45903,1.774919,1317,sha3,OMNeT++; module=UavAuthNetwork.uav[10]; config=Swarm20,0.296198,0.047107,0.247692,0.075881,0.221307,0.03252,0.19973,0.075881,0.170816,0.170454,0.01107,1.553613,Swarm20,Swarm20-12-20260922-20:31:49-1127387,10,Swarm20-12-20260922-20:31:49-1127387|phase2|10,12,12,12,sha3,20,,,,2.193065,0.19973,0.006952,0.010069,0.099293,0.001643,0.006912,0.009968,0.097651,0.002204,104,85,43,1085,1,0
841,1,2.268956,0.491029,1.777927,1317,sha3,OMNeT++; module=UavAuthNetwork.uav[11]; config=Swarm20,0.317498,0.051856,0.25184,0.08119,0.225297,0.03235,0.221209,0.08119,0.171818,0.165193,0.011151,1.55263,Swarm20,Swarm20-12-20260922-20:31:49-1127387,11,Swarm20-12-20260922-20:31:49-1127387|phase2|11,12,12,12,sha3,20,,,,2.194959,0.221209,0.007054,0.010339,0.104593,0.001663,0.007103,0.009879,0.097982,0.002635,104,85,43,1085,1,0
842,1,2.290086,0.472185,1.817901,1317,sha3,OMNeT++; module=UavAuthNetwork.uav[12]; config=Swarm20,0.309443,0.047508,0.242685,0.075821,0.234915,0.03221,0.212834,0.075821,0.172008,0.16333,0.0111,1.582986,Swarm20,Swarm20-12-20260922-20:31:49-1127387,12,Swarm20-12-20260922-20:31:49-1127387|phase2|12,12,12,12,sha3,20,,,,2.223916,0.212834,0.007093,0.010348,0.099804,0.001723,0.006931,0.010059,0.098013,0.002775,104,85,43,1085,1,0
843,1,2.279293,0.507499,1.771794,1317,sha3,OMNeT++; module=UavAuthNetwork.uav[13]; config=Swarm20,0.309212,0.047127,0.246227,0.093052,0.222661,0.032319,0.212142,0.093052,0.201423,0.174937,0.012183,1.549133,Swarm20,Swarm20-12-20260922-20:31:49-1127387,13,Swarm20-12-20260922-20:31:49-1127387|phase2|13,12,12,12,sha3,20,,,,2.192959,0.212142,0.010098,0.011781,0.112398,0.001953,0.007133,0.014407,0.107029,0.003066,104,85,43,1085,1,0
844,1,2.275476,0.505405,1.770071,1317,sha3,OMNeT++; module=UavAuthNetwork.uav[14]; config=Swarm20,0.311156,0.04845,0.245807,0.090978,0.214787,0.032681,0.212323,0.090978,0.199109,0.16091,0.012293,1.555284,Swarm20,Swarm20-12-20260922-20:31:49-1127387,14,Swarm20-12-20260922-20:31:49-1127387|phase2|14,12,12,12,sha3,20,,,,2.176789,0.212323,0.007263,0.012633,0.112569,0.001964,0.009198,0.014486,0.109804,0.003116,104,85,43,1085,1,0
845,1,2.264692,0.473595,1.791097,1317,sha3,OMNeT++; module=UavAuthNetwork.uav[15]; config=Swarm20,0.307749,0.048059,0.252506,0.076952,0.235443,0.032981,0.208155,0.076952,0.177108,0.193584,0.011942,1.555654,Swarm20,Swarm20-12-20260922-20:31:49-1127387,15,Swarm20-12-20260922-20:31:49-1127387|phase2|15,12,12,12,sha3,20,,,,2.237187,0.208155,0.007222,0.010369,0.100577,0.001853,0.007813,0.010219,0.098582,0.002705,104,85,43,1085,1,0
846,1,2.240684,0.45975,1.780934,1317,sha3,OMNeT++; module=UavAuthNetwork.uav[16]; config=Swarm20,0.295447,0.04812,0.240831,0.076351,0.221224,0.03252,0.197686,0.076351,0.18333,0.17946,0.011601,1.55971,Swarm20,Swarm20-12-20260922-20:31:49-1127387,16,Swarm20-12-20260922-20:31:49-1127387|phase2|16,12,12,12,sha3,20,,,,2.201225,0.197686,0.007104,0.01019,0.099604,0.001774,0.007152,0.010129,0.098612,0.002936,104,85,43,1085,1,0
847,1,2.309771,0.494875,1.814896,1317,sha3,OMNeT++; module=UavAuthNetwork.uav[17]; config=Swarm20,0.305666,0.048269,0.264201,0.088814,0.251798,0.03285,0.202215,0.088814,0.184251,0.168862,0.011581,1.563098,Swarm20,Swarm20-12-20260922-20:31:49-1127387,17,Swarm20-12-20260922-20:31:49-1127387|phase2|17,12,12,12,sha3,20,,,,2.247959,0.202215,0.007565,0.017342,0.110413,0.001784,0.007134,0.0111,0.107309,0.003236,104,85,43,1085,1,0
848,1,2.235742,0.461505,1.774237,1317,sha3,OMNeT++; module=UavAuthNetwork.uav[18]; config=Swarm20,0.29728,0.047588,0.247948,0.076412,0.223263,0.033522,0.193539,0.076412,0.17322,0.186694,0.011401,1.550974,Swarm20,Swarm20-12-20260922-20:31:49-1127387,18,Swarm20-12-20260922-20:31:49-1127387|phase2|18,12,12,12,sha3,20,,,,2.208879,0.193539,0.007183,0.010219,0.099885,0.001743,0.007003,0.010119,0.098072,0.002625,104,85,43,1085,1,0
849,1,2.279555,0.46422,1.815335,1317,sha3,OMNeT++; module=UavAuthNetwork.uav[19]; config=Swarm20,0.301218,0.047107,0.243394,0.076031,0.227538,0.033031,0.204759,0.076031,0.172248,0.177419,0.01094,1.587797,Swarm20,Swarm20-12-20260922-20:31:49-1127387,19,Swarm20-12-20260922-20:31:49-1127387|phase2|19,12,12,12,sha3,20,,,,2.236147,0.204759,0.007094,0.010099,0.099223,0.001723,0.006972,0.010108,0.098042,0.002505,104,85,43,1085,1,0
850,1,2.352093,0.537694,1.814399,1317,sha3,OMNeT++; module=UavAuthNetwork.uav[0]; config=Swarm20,0.352933,0.058308,0.242492,0.085227,0.254114,0.033011,0.234725,0.085227,0.195411,0.171156,0.014307,1.560285,Swarm20,Swarm20-13-20260922-20:31:49-1127387,0,Swarm20-13-20260922-20:31:49-1127387|phase2|0,13,13,13,sha3,20,,,,2.228047,0.234725,0.009006,0.011762,0.123229,0.002795,0.009337,0.014727,0.106067,0.010239,104,85,43,1085,1,0
851,1,2.296576,0.505386,1.79119,1317,sha3,OMNeT++; module=UavAuthNetwork.uav[1]; config=Swarm20,0.317448,0.05389,0.242289,0.086821,0.220429,0.032731,0.211892,0.086821,0.181176,0.181673,0.014296,1.570761,Swarm20,Swarm20-13-20260922-20:31:49-1127387,1,Swarm20-13-20260922-20:31:49-1127387|phase2|1,13,13,13,sha3,20,,,,2.215151,0.211892,0.007565,0.011631,0.115372,0.001974,0.007525,0.012333,0.108611,0.003286,104,85,43,1085,1,0
852,1,2.269102,0.470491,1.798611,1317,sha3,OMNeT++; module=UavAuthNetwork.uav[2]; config=Swarm20,0.296719,0.047298,0.24673,0.08077,0.24944,0.036677,0.190572,0.08077,0.174062,0.167616,0.012232,1.549171,Swarm20,Swarm20-13-20260922-20:31:49-1127387,2,Swarm20-13-20260922-20:31:49-1127387|phase2|2,13,13,13,sha3,20,,,,2.212957,0.190572,0.007113,0.010248,0.104754,0.001814,0.007003,0.009988,0.097881,0.003185,104,85,43,1085,1,0
853,1,2.253461,0.467676,1.785785,1317,sha3,OMNeT++; module=UavAuthNetwork.uav[3]; config=Swarm20,0.300877,0.057446,0.259532,0.077333,0.221134,0.03268,0.199399,0.077333,0.180644,0.163124,0.012133,1.564651,Swarm20,Swarm20-13-20260922-20:31:49-1127387,3,Swarm20-13-20260922-20:31:49-1127387|phase2|3,13,13,13,sha3,20,,,,2.208441,0.199399,0.008746,0.010419,0.101529,0.001834,0.007545,0.013645,0.109422,0.003286,104,85,43,1085,1,0
854,1,2.25271,0.463678,1.789032,1317,sha3,OMNeT++; module=UavAuthNetwork.uav[4]; config=Swarm20,0.299394,0.047528,0.267612,0.076331,0.220924,0.033101,0.196414,0.076331,0.181967,0.177315,0.011622,1.568108,Swarm20,Swarm20-13-20260922-20:31:49-1127387,4,Swarm20-13-20260922-20:31:49-1127387|phase2|4,13,13,13,sha3,20,,,,2.233959,0.196414,0.007073,0.010439,0.100005,0.001753,0.007114,0.010299,0.105535,0.003086,104,85,43,1085,1,0
855,1,2.234414,0.456276,1.778138,1317,sha3,OMNeT++; module=UavAuthNetwork.uav[5]; config=Swarm20,0.29212,0.047378,0.257158,0.076352,0.224614,0.03248,0.187737,0.076352,0.171387,0.186794,0.011452,1.553524,Swarm20,Swarm20-13-20260922-20:31:49-1127387,5,Swarm20-13-20260922-20:31:49-1127387|phase2|5,13,13,13,sha3,20,,,,2.222089,0.187737,0.007373,0.011761,0.105906,0.001673,0.007014,0.010109,0.097931,0.002574,104,85,43,1085,1,0
856,1,2.252623,0.465273,1.78735,1317,sha3,OMNeT++; module=UavAuthNetwork.uav[6]; config=Swarm20,0.300978,0.047297,0.24092,0.076452,0.215351,0.033112,0.204047,0.076452,0.173281,0.173744,0.011391,1.571999,Swarm20,Swarm20-13-20260922-20:31:49-1127387,6,Swarm20-13-20260922-20:31:49-1127387|phase2|6,13,13,13,sha3,20,,,,2.202014,0.204047,0.007092,0.010098,0.099926,0.001784,0.006963,0.009818,0.098261,0.002625,104,85,43,1085,1,0
857,1,2.268986,0.460312,1.808674,1317,sha3,OMNeT++; module=UavAuthNetwork.uav[7]; config=Swarm20,0.289766,0.046276,0.262194,0.07567,0.253717,0.032771,0.194139,0.07567,0.171668,0.161769,0.019206,1.554957,Swarm20,Swarm20-13-20260922-20:31:49-1127387,7,Swarm20-13-20260922-20:31:49-1127387|phase2|7,13,13,13,sha3,20,,,,2.232637,0.194139,0.007052,0.009978,0.098593,0.001633,0.006923,0.009937,0.09784,0.002184,104,85,43,1085,1,0
858,1,2.411252,0.629215,1.782037,1317,sha3,OMNeT++; module=UavAuthNetwork.uav[8]; config=Swarm20,0.419647,0.063748,0.260803,0.098322,0.220792,0.04866,0.274859,0.098322,0.187096,0.162337,0.012924,1.561244,Swarm20,Swarm20-13-20260922-20:31:49-1127387,8,Swarm20-13-20260922-20:31:49-1127387|phase2|8,13,13,13,sha3,20,,,,2.205177,0.274859,0.009718,0.014617,0.131643,0.002324,0.009207,0.012213,0.116505,0.004178,104,85,43,1085,1,0
859,1,2.282864,0.49603,1.786834,1317,sha3,OMNeT++; module=UavAuthNetwork.uav[9]; config=Swarm20,0.328909,0.048449,0.247497,0.077394,0.219114,0.033472,0.222221,0.077394,0.207464,0.192872,0.012333,1.56772,Swarm20,Swarm20-13-20260922-20:31:49-1127387,9,Swarm20-13-20260922-20:31:49-1127387|phase2|9,13,13,13,sha3,20,,,,2.227203,0.222221,0.007485,0.011251,0.102169,0.001984,0.007112,0.010398,0.098111,0.003476,104,85,43,1085,1,0
860,1,2.270503,0.472223,1.79828,1317,sha3,OMNeT++; module=UavAuthNetwork.uav[10]; config=Swarm20,0.306597,0.048169,0.260742,0.076902,0.225128,0.033142,0.20552,0.076902,0.182438,0.215841,0.011822,1.573151,Swarm20,Swarm20-13-20260922-20:31:49-1127387,10,Swarm20-13-20260922-20:31:49-1127387|phase2|10,13,13,13,sha3,20,,,,2.274862,0.20552,0.007194,0.01044,0.101217,0.001683,0.007123,0.010339,0.106307,0.002805,104,85,43,1085,1,0
861,1,2.267074,0.466955,1.800119,1317,sha3,OMNeT++; module=UavAuthNetwork.uav[11]; config=Swarm20,0.303672,0.047007,0.26624,0.076071,0.220782,0.033202,0.203486,0.076071,0.17294,0.159448,0.011141,1.579338,Swarm20,Swarm20-13-20260922-20:31:49-1127387,11,Swarm20-13-20260922-20:31:49-1127387|phase2|11,13,13,13,sha3,20,,,,2.225808,0.203486,0.007125,0.010028,0.099374,0.001623,0.006903,0.009998,0.098863,0.002164,104,85,43,1085,1,0
862,1,2.230729,0.452549,1.77818,1317,sha3,OMNeT++; module=UavAuthNetwork.uav[12]; config=Swarm20,0.289787,0.047418,0.249563,0.075931,0.219538,0.03256,0.193188,0.075931,0.171387,0.219926,0.0109,1.558643,Swarm20,Swarm20-13-20260922-20:31:49-1127387,12,Swarm20-13-20260922-20:31:49-1127387|phase2|12,13,13,13,sha3,20,,,,2.24767,0.193188,0.006973,0.010169,0.098923,0.001623,0.006983,0.010118,0.097611,0.002465,104,85,43,1085,1,0
863,1,2.244149,0.44807,1.796079,1317,sha3,OMNeT++; module=UavAuthNetwork.uav[13]; config=Swarm20,0.285699,0.046536,0.25183,0.07566,0.217604,0.032931,0.18923,0.07566,0.182929,0.180189,0.011051,1.578475,Swarm20,Swarm20-13-20260922-20:31:49-1127387,13,Swarm20-13-20260922-20:31:49-1127387|phase2|13,13,13,13,sha3,20,,,,2.228099,0.18923,0.006983,0.009979,0.098322,0.001653,0.006993,0.010239,0.10233,0.002364,104,85,43,1085,1,0
864,1,2.233537,0.44862,1.784917,1317,sha3,OMNeT++; module=UavAuthNetwork.uav[14]; config=Swarm20,0.286591,0.046876,0.25637,0.075399,0.223889,0.032761,0.189962,0.075399,0.171558,0.205328,0.011231,1.561027,Swarm20,Swarm20-13-20260922-20:31:49-1127387,14,Swarm20-13-20260922-20:31:49-1127387|phase2|14,13,13,13,sha3,20,,,,2.246614,0.189962,0.007054,0.010068,0.098514,0.001663,0.006924,0.009918,0.097721,0.002394,104,85,43,1085,1,0
865,1,2.252403,0.461295,1.791108,1317,sha3,OMNeT++; module=UavAuthNetwork.uav[15]; config=Swarm20,0.284547,0.046516,0.2502,0.082894,0.227058,0.032531,0.188499,0.082894,0.173261,0.181251,0.01096,1.56405,Swarm20,Swarm20-13-20260922-20:31:49-1127387,15,Swarm20-13-20260922-20:31:49-1127387|phase2|15,13,13,13,sha3,20,,,,2.222558,0.188499,0.006952,0.010229,0.105626,0.001623,0.006992,0.010109,0.098222,0.002574,104,85,43,1085,1,0
866,1,2.269497,0.45348,1.816017,1317,sha3,OMNeT++; module=UavAuthNetwork.uav[16]; config=Swarm20,0.289426,0.047228,0.247575,0.076622,0.240203,0.03266,0.193087,0.076622,0.171528,0.205831,0.01081,1.575814,Swarm20,Swarm20-13-20260922-20:31:49-1127387,16,Swarm20-13-20260922-20:31:49-1127387|phase2|16,13,13,13,sha3,20,,,,2.269422,0.193087,0.007133,0.010179,0.099103,0.001753,0.007114,0.010069,0.097721,0.002494,104,85,43,1085,1,0
867,1,2.250669,0.456645,1.794024,1317,sha3,OMNeT++; module=UavAuthNetwork.uav[17]; config=Swarm20,0.294174,0.046627,0.25992,0.07576,0.227177,0.03263,0.198698,0.07576,0.17273,0.167483,0.010951,1.566847,Swarm20,Swarm20-13-20260922-20:31:49-1127387,17,Swarm20-13-20260922-20:31:49-1127387|phase2|17,13,13,13,sha3,20,,,,2.221427,0.198698,0.007154,0.010159,0.098392,0.001673,0.006943,0.010049,0.097841,0.002374,104,85,43,1085,1,0
868,1,2.233254,0.443821,1.789433,1317,sha3,OMNeT++; module=UavAuthNetwork.uav[18]; config=Swarm20,0.281521,0.046767,0.265008,0.07569,0.227551,0.03264,0.186736,0.07569,0.178671,0.159788,0.01092,1.561882,Swarm20,Swarm20-13-20260922-20:31:49-1127387,18,Swarm20-13-20260922-20:31:49-1127387|phase2|18,13,13,13,sha3,20,,,,2.214229,0.186736,0.006914,0.010178,0.098462,0.001703,0.006953,0.009838,0.097471,0.002615,104,85,43,1085,1,0
869,1,2.225122,0.445955,1.779167,1317,sha3,OMNeT++; module=UavAuthNetwork.uav[19]; config=Swarm20,0.284085,0.046345,0.250205,0.07554,0.227873,0.032561,0.188519,0.07554,0.171527,0.166492,0.01079,1.551294,Swarm20,Swarm20-13-20260922-20:31:49-1127387,19,Swarm20-13-20260922-20:31:49-1127387|phase2|19,13,13,13,sha3,20,,,,2.195864,0.188519,0.006932,0.010069,0.098803,0.001603,0.006901,0.009809,0.097791,0.002424,104,85,43,1085,1,0
870,1,2.280961,0.495268,1.785693,1317,sha3,OMNeT++; module=UavAuthNetwork.uav[0]; config=Swarm20,0.309173,0.049662,0.277522,0.08642,0.216479,0.033202,0.196343,0.08642,0.198587,0.163994,0.013255,1.569214,Swarm20,Swarm20-14-20260922-20:31:49-1127387,0,Swarm20-14-20260922-20:31:49-1127387|phase2|0,14,14,14,sha3,20,,,,2.22721,0.196343,0.007945,0.01095,0.121455,0.002414,0.007393,0.01056,0.098413,0.008365,104,85,43,1085,1,0
871,1,2.229108,0.44801,1.781098,1317,sha3,OMNeT++; module=UavAuthNetwork.uav[1]; config=Swarm20,0.285098,0.046466,0.242709,0.0756,0.220783,0.03246,0.188148,0.0756,0.17281,0.164852,0.011712,1.560315,Swarm20,Swarm20-14-20260922-20:31:49-1127387,1,Swarm20-14-20260922-20:31:49-1127387|phase2|1,14,14,14,sha3,20,,,,2.188658,0.188148,0.007115,0.010138,0.098793,0.001643,0.007092,0.009999,0.097541,0.002505,104,85,43,1085,1,0
872,1,2.262456,0.455592,1.806864,1317,sha3,OMNeT++; module=UavAuthNetwork.uav[2]; config=Swarm20,0.29172,0.055312,0.25443,0.07603,0.251064,0.03219,0.195943,0.07603,0.174894,0.165598,0.011812,1.5558,Swarm20,Swarm20-14-20260922-20:31:49-1127387,2,Swarm20-14-20260922-20:31:49-1127387|phase2|2,14,14,14,sha3,20,,,,2.226892,0.195943,0.007054,0.010188,0.098892,0.001733,0.007133,0.017613,0.098022,0.002635,104,85,43,1085,1,0
873,1,2.323851,0.514632,1.809219,1317,sha3,OMNeT++; module=UavAuthNetwork.uav[3]; config=Swarm20,0.294405,0.046386,0.263917,0.104373,0.241277,0.03249,0.197886,0.104373,0.17268,0.159763,0.011481,1.567942,Swarm20,Swarm20-14-20260922-20:31:49-1127387,3,Swarm20-14-20260922-20:31:49-1127387|phase2|3,14,14,14,sha3,20,,,,2.232899,0.197886,0.006953,0.01087,0.126304,0.001673,0.007213,0.010099,0.097421,0.002665,104,85,43,1085,1,0
874,1,2.266832,0.461403,1.805429,1317,sha3,OMNeT++; module=UavAuthNetwork.uav[4]; config=Swarm20,0.298071,0.050443,0.240546,0.076081,0.229598,0.040445,0.192606,0.076081,0.177218,0.186279,0.01117,1.575831,Swarm20,Swarm20-14-20260922-20:31:49-1127387,4,Swarm20-14-20260922-20:31:49-1127387|phase2|4,14,14,14,sha3,20,,,,2.232255,0.192606,0.007092,0.010279,0.099274,0.001683,0.007153,0.010199,0.105766,0.002534,104,85,43,1085,1,0
875,1,2.314768,0.506728,1.80804,1317,sha3,OMNeT++; module=UavAuthNetwork.uav[5]; config=Swarm20,0.311056,0.046836,0.251744,0.09209,0.258941,0.03228,0.213736,0.09209,0.176967,0.169076,0.011492,1.549098,Swarm20,Swarm20-14-20260922-20:31:49-1127387,5,Swarm20-14-20260922-20:31:49-1127387|phase2|5,14,14,14,sha3,20,,,,2.22886,0.213736,0.007162,0.01077,0.115454,0.001733,0.007143,0.009959,0.101618,0.002915,104,85,43,1085,1,0
876,1,2.246622,0.44886,1.797762,1317,sha3,OMNeT++; module=UavAuthNetwork.uav[6]; config=Swarm20,0.28616,0.046566,0.258322,0.07584,0.245329,0.0324,0.190552,0.07584,0.172088,0.183016,0.01102,1.552433,Swarm20,Swarm20-14-20260922-20:31:49-1127387,6,Swarm20-14-20260922-20:31:49-1127387|phase2|6,14,14,14,sha3,20,,,,2.2391,0.190552,0.007054,0.010068,0.098653,0.001563,0.006921,0.009809,0.097752,0.002655,104,85,43,1085,1,0
877,1,2.275284,0.463027,1.812257,1317,sha3,OMNeT++; module=UavAuthNetwork.uav[7]; config=Swarm20,0.295016,0.046376,0.242196,0.075921,0.240738,0.03242,0.199739,0.075921,0.179412,0.176913,0.016169,1.571519,Swarm20,Swarm20-14-20260922-20:31:49-1127387,7,Swarm20-14-20260922-20:31:49-1127387|phase2|7,14,14,14,sha3,20,,,,2.231366,0.199739,0.007022,0.010139,0.099294,0.002445,0.006982,0.009919,0.097461,0.003026,104,85,43,1085,1,0
878,1,2.226366,0.454673,1.771693,1317,sha3,OMNeT++; module=UavAuthNetwork.uav[8]; config=Swarm20,0.29161,0.047348,0.287002,0.075751,0.218572,0.032691,0.192336,0.075751,0.191524,0.173309,0.011561,1.553121,Swarm20,Swarm20-14-20260922-20:31:49-1127387,8,Swarm20-14-20260922-20:31:49-1127387|phase2|8,14,14,14,sha3,20,,,,2.232005,0.192336,0.007043,0.010229,0.099615,0.001863,0.007043,0.009888,0.098042,0.002905,104,85,43,1085,1,0
879,1,2.304608,0.493092,1.811516,1317,sha3,OMNeT++; module=UavAuthNetwork.uav[9]; config=Swarm20,0.303131,0.058809,0.255607,0.087662,0.240369,0.038461,0.192637,0.087662,0.185534,0.215924,0.014637,1.571147,Swarm20,Swarm20-14-20260922-20:31:49-1127387,9,Swarm20-14-20260922-20:31:49-1127387|phase2|9,14,14,14,sha3,20,,,,2.283047,0.192637,0.011021,0.011342,0.112578,0.002434,0.008436,0.011271,0.112098,0.003006,104,85,43,1085,1,0
880,1,2.326653,0.515596,1.811057,1317,sha3,OMNeT++; module=UavAuthNetwork.uav[10]; config=Swarm20,0.316266,0.051445,0.25488,0.093824,0.235507,0.037109,0.206041,0.093824,0.181125,0.175124,0.011682,1.575551,Swarm20,Swarm20-14-20260922-20:31:49-1127387,10,Swarm20-14-20260922-20:31:49-1127387|phase2|10,14,14,14,sha3,20,,,,2.241061,0.206041,0.012363,0.011622,0.11349,0.001763,0.007464,0.011762,0.105626,0.002975,104,85,43,1085,1,0
881,1,2.236907,0.467454,1.769453,1317,sha3,OMNeT++; module=UavAuthNetwork.uav[11]; config=Swarm20,0.303141,0.047478,0.244215,0.076271,0.215597,0.032881,0.203968,0.076271,0.18342,0.187128,0.011771,1.553855,Swarm20,Swarm20-14-20260922-20:31:49-1127387,11,Swarm20-14-20260922-20:31:49-1127387|phase2|11,14,14,14,sha3,20,,,,2.200795,0.203968,0.007094,0.01021,0.099694,0.001753,0.007033,0.010168,0.098803,0.002925,104,85,43,1085,1,0
882,1,2.265248,0.467525,1.797723,1317,sha3,OMNeT++; module=UavAuthNetwork.uav[12]; config=Swarm20,0.286911,0.047097,0.252727,0.084546,0.240166,0.03264,0.189851,0.084546,0.173882,0.178651,0.011522,1.557557,Swarm20,Swarm20-14-20260922-20:31:49-1127387,12,Swarm20-14-20260922-20:31:49-1127387|phase2|12,14,14,14,sha3,20,,,,2.229101,0.189851,0.007073,0.01065,0.107228,0.001663,0.007053,0.009968,0.098503,0.002514,104,85,43,1085,1,0
883,1,2.279135,0.476512,1.802623,1317,sha3,OMNeT++; module=UavAuthNetwork.uav[13]; config=Swarm20,0.309302,0.047408,0.279913,0.077764,0.226852,0.032951,0.207995,0.077764,0.173482,0.175376,0.011682,1.575771,Swarm20,Swarm20-14-20260922-20:31:49-1127387,13,Swarm20-14-20260922-20:31:49-1127387|phase2|13,14,14,14,sha3,20,,,,2.257912,0.207995,0.007104,0.01057,0.100987,0.001763,0.007073,0.010179,0.098483,0.002825,104,85,43,1085,1,0
884,1,2.25718,0.467555,1.789625,1317,sha3,OMNeT++; module=UavAuthNetwork.uav[14]; config=Swarm20,0.296098,0.047648,0.249214,0.076361,0.234922,0.032791,0.197936,0.076361,0.171768,0.173471,0.018735,1.554703,Swarm20,Swarm20-14-20260922-20:31:49-1127387,14,Swarm20-14-20260922-20:31:49-1127387|phase2|14,14,14,14,sha3,20,,,,2.21231,0.197936,0.007245,0.010269,0.099915,0.001643,0.006922,0.01026,0.097762,0.002594,104,85,43,1085,1,0
885,1,2.261721,0.460713,1.801008,1317,sha3,OMNeT++; module=UavAuthNetwork.uav[15]; config=Swarm20,0.29708,0.047999,0.288104,0.076091,0.218124,0.033232,0.19451,0.076091,0.17252,0.183756,0.011451,1.582884,Swarm20,Swarm20-14-20260922-20:31:49-1127387,15,Swarm20-14-20260922-20:31:49-1127387|phase2|15,14,14,14,sha3,20,,,,2.272867,0.19451,0.007222,0.01022,0.103793,0.001783,0.006983,0.01052,0.097782,0.002715,104,85,43,1085,1,0
886,1,2.314711,0.508843,1.805868,1317,sha3,OMNeT++; module=UavAuthNetwork.uav[16]; config=Swarm20,0.289015,0.051284,0.241257,0.104163,0.215928,0.032561,0.192526,0.104163,0.182748,0.169721,0.011502,1.589939,Swarm20,Swarm20-14-20260922-20:31:49-1127387,16,Swarm20-14-20260922-20:31:49-1127387|phase2|16,14,14,14,sha3,20,,,,2.216846,0.192526,0.009607,0.016531,0.117047,0.001763,0.009136,0.01059,0.105585,0.003296,104,85,43,1085,1,0
887,1,2.268753,0.461323,1.80743,1317,sha3,OMNeT++; module=UavAuthNetwork.uav[17]; config=Swarm20,0.297381,0.047167,0.255646,0.076391,0.219042,0.033382,0.199029,0.076391,0.173601,0.179478,0.01116,1.588388,Swarm20,Swarm20-14-20260922-20:31:49-1127387,17,Swarm20-14-20260922-20:31:49-1127387|phase2|17,14,14,14,sha3,20,,,,2.242554,0.199029,0.007133,0.010159,0.099505,0.001643,0.006952,0.009849,0.098352,0.002274,104,85,43,1085,1,0
888,1,2.242846,0.466954,1.775892,1317,sha3,OMNeT++; module=UavAuthNetwork.uav[18]; config=Swarm20,0.303422,0.047698,0.291338,0.076241,0.214972,0.03269,0.201113,0.076241,0.173211,0.179191,0.01105,1.560919,Swarm20,Swarm20-14-20260922-20:31:49-1127387,18,Swarm20-14-20260922-20:31:49-1127387|phase2|18,14,14,14,sha3,20,,,,2.246421,0.201113,0.006994,0.01017,0.104683,0.001713,0.007074,0.010188,0.098502,0.002795,104,85,43,1085,1,0
889,1,2.230636,0.452537,1.778099,1317,sha3,OMNeT++; module=UavAuthNetwork.uav[19]; config=Swarm20,0.290417,0.046786,0.25133,0.07553,0.221069,0.033041,0.193729,0.07553,0.180133,0.176554,0.01106,1.55703,Swarm20,Swarm20-14-20260922-20:31:49-1127387,19,Swarm20-14-20260922-20:31:49-1127387|phase2|19,14,14,14,sha3,20,,,,2.205983,0.193729,0.007022,0.009968,0.098902,0.001653,0.007012,0.010169,0.105345,0.002444,104,85,43,1085,1,0
890,1,2.251728,0.472246,1.779482,1317,sha3,OMNeT++; module=UavAuthNetwork.uav[0]; config=Swarm20,0.299675,0.049812,0.264469,0.079668,0.222664,0.032601,0.190743,0.079668,0.188519,0.187684,0.013235,1.556818,Swarm20,Swarm20-15-20260922-20:31:49-1127387,0,Swarm20-15-20260922-20:31:49-1127387|phase2|0,15,15,15,sha3,20,,,,2.231635,0.190743,0.007795,0.01065,0.111887,0.002505,0.007564,0.01102,0.105706,0.008445,104,85,43,1085,1,0
891,1,2.278511,0.467015,1.811496,1317,sha3,OMNeT++; module=UavAuthNetwork.uav[1]; config=Swarm20,0.301579,0.050273,0.258312,0.076662,0.243937,0.032701,0.200621,0.076662,0.174012,0.159846,0.012112,1.56756,Swarm20,Swarm20-15-20260922-20:31:49-1127387,1,Swarm20-15-20260922-20:31:49-1127387|phase2|1,15,15,15,sha3,20,,,,2.229655,0.200621,0.008655,0.010399,0.100968,0.001833,0.007243,0.012113,0.098682,0.002886,104,85,43,1085,1,0
892,1,2.287003,0.510585,1.776418,1317,sha3,OMNeT++; module=UavAuthNetwork.uav[2]; config=Swarm20,0.343877,0.047759,0.254955,0.077293,0.223788,0.040605,0.235206,0.077293,0.179572,0.180086,0.012122,1.552629,Swarm20,Swarm20-15-20260922-20:31:49-1127387,2,Swarm20-15-20260922-20:31:49-1127387|phase2|2,15,15,15,sha3,20,,,,2.211459,0.235206,0.007464,0.01099,0.10209,0.001954,0.007133,0.010129,0.103531,0.003176,104,85,43,1085,1,0
893,1,2.222743,0.455072,1.767671,1317,sha3,OMNeT++; module=UavAuthNetwork.uav[3]; config=Swarm20,0.291219,0.046617,0.254948,0.076161,0.218146,0.033111,0.193278,0.076161,0.180234,0.166575,0.011531,1.549525,Swarm20,Swarm20-15-20260922-20:31:49-1127387,3,Swarm20-15-20260922-20:31:49-1127387|phase2|3,15,15,15,sha3,20,,,,2.189194,0.193278,0.007132,0.010149,0.099033,0.001713,0.007044,0.009928,0.098372,0.002695,104,85,43,1085,1,0
894,1,2.249562,0.462857,1.786705,1317,sha3,OMNeT++; module=UavAuthNetwork.uav[4]; config=Swarm20,0.299845,0.046987,0.252678,0.076001,0.227559,0.032771,0.195942,0.076001,0.17241,0.173967,0.01101,1.559146,Swarm20,Swarm20-15-20260922-20:31:49-1127387,4,Swarm20-15-20260922-20:31:49-1127387|phase2|4,15,15,15,sha3,20,,,,2.21335,0.195942,0.007122,0.010039,0.099334,0.001553,0.007043,0.009859,0.098191,0.002465,104,85,43,1085,1,0
895,1,2.24753,0.460512,1.787018,1317,sha3,OMNeT++; module=UavAuthNetwork.uav[5]; config=Swarm20,0.295918,0.046767,0.239551,0.076782,0.236943,0.03265,0.193709,0.076782,0.171417,0.168341,0.01103,1.550075,Swarm20,Swarm20-15-20260922-20:31:49-1127387,5,Swarm20-15-20260922-20:31:49-1127387|phase2|5,15,15,15,sha3,20,,,,2.19491,0.193709,0.007213,0.01035,0.105604,0.001633,0.007022,0.010088,0.097731,0.002524,104,85,43,1085,1,0
896,1,2.235089,0.445636,1.789453,1317,sha3,OMNeT++; module=UavAuthNetwork.uav[6]; config=Swarm20,0.283275,0.046637,0.250281,0.0757,0.241707,0.03235,0.188068,0.0757,0.171929,0.164072,0.010961,1.547745,Swarm20,Swarm20-15-20260922-20:31:49-1127387,6,Swarm20-15-20260922-20:31:49-1127387|phase2|6,15,15,15,sha3,20,,,,2.203805,0.188068,0.007084,0.010089,0.098392,0.001553,0.006924,0.009759,0.09758,0.002254,104,85,43,1085,1,0
897,1,2.268581,0.45416,1.814421,1317,sha3,OMNeT++; module=UavAuthNetwork.uav[7]; config=Swarm20,0.29176,0.046165,0.287579,0.07575,0.233679,0.03237,0.196875,0.07575,0.171588,0.161771,0.0109,1.580741,Swarm20,Swarm20-15-20260922-20:31:49-1127387,7,Swarm20-15-20260922-20:31:49-1127387|phase2|7,15,15,15,sha3,20,,,,2.26377,0.196875,0.006903,0.010049,0.098943,0.001633,0.006922,0.009828,0.097601,0.002525,104,85,43,1085,1,0
898,1,2.243899,0.445537,1.798362,1317,sha3,OMNeT++; module=UavAuthNetwork.uav[8]; config=Swarm20,0.284187,0.046617,0.278607,0.07529,0.228069,0.03284,0.18879,0.07529,0.177669,0.182106,0.01077,1.570293,Swarm20,Swarm20-15-20260922-20:31:49-1127387,8,Swarm20-15-20260922-20:31:49-1127387|phase2|8,15,15,15,sha3,20,,,,2.259075,0.18879,0.007002,0.009949,0.098282,0.001673,0.006963,0.010038,0.103753,0.002364,104,85,43,1085,1,0
899,1,2.256667,0.454542,1.802125,1317,sha3,OMNeT++; module=UavAuthNetwork.uav[9]; config=Swarm20,0.283224,0.046176,0.254855,0.080339,0.235265,0.032219,0.18898,0.080339,0.171268,0.165963,0.01064,1.566859,Swarm20,Swarm20-15-20260922-20:31:49-1127387,9,Swarm20-15-20260922-20:31:49-1127387|phase2|9,15,15,15,sha3,20,,,,2.222943,0.18898,0.007084,0.010028,0.103381,0.001543,0.006914,0.009947,0.09748,0.002184,104,85,43,1085,1,0
900,1,2.246598,0.460373,1.786225,1317,sha3,OMNeT++; module=UavAuthNetwork.uav[10]; config=Swarm20,0.297791,0.046796,0.241523,0.075961,0.23587,0.03237,0.198367,0.075961,0.171537,0.170771,0.01066,1.550355,Swarm20,Swarm20-15-20260922-20:31:49-1127387,10,Swarm20-15-20260922-20:31:49-1127387|phase2|10,15,15,15,sha3,20,,,,2.198519,0.198367,0.006943,0.010269,0.103571,0.001613,0.006942,0.009839,0.097542,0.002325,104,85,43,1085,1,0
901,1,2.255797,0.446267,1.80953,1317,sha3,OMNeT++; module=UavAuthNetwork.uav[11]; config=Swarm20,0.284437,0.045986,0.241617,0.07554,0.248108,0.032179,0.190313,0.07554,0.170656,0.159024,0.01075,1.561422,Swarm20,Swarm20-15-20260922-20:31:49-1127387,11,Swarm20-15-20260922-20:31:49-1127387|phase2|11,15,15,15,sha3,20,,,,2.210172,0.190313,0.006922,0.010008,0.098493,0.001633,0.006934,0.009787,0.09754,0.002344,104,85,43,1085,1,0
902,1,2.234191,0.457157,1.777034,1317,sha3,OMNeT++; module=UavAuthNetwork.uav[12]; config=Swarm20,0.294385,0.047007,0.257834,0.076021,0.214609,0.03267,0.187327,0.076021,0.172619,0.167075,0.01073,1.562425,Swarm20,Swarm20-15-20260922-20:31:49-1127387,12,Swarm20-15-20260922-20:31:49-1127387|phase2|12,15,15,15,sha3,20,,,,2.201944,0.187327,0.007013,0.0108,0.10309,0.001683,0.006952,0.010098,0.098022,0.002365,104,85,43,1085,1,0
903,1,2.264328,0.457937,1.806391,1317,sha3,OMNeT++; module=UavAuthNetwork.uav[13]; config=Swarm20,0.283785,0.046557,0.244572,0.081741,0.242965,0.032651,0.188929,0.081741,0.171668,0.157573,0.01067,1.563426,Swarm20,Swarm20-15-20260922-20:31:49-1127387,13,Swarm20-15-20260922-20:31:49-1127387|phase2|13,15,15,15,sha3,20,,,,2.208536,0.188929,0.007014,0.010259,0.104684,0.001623,0.006994,0.009887,0.098332,0.002464,104,85,43,1085,1,0
904,1,2.244246,0.44796,1.796286,1317,sha3,OMNeT++; module=UavAuthNetwork.uav[14]; config=Swarm20,0.28647,0.046696,0.241298,0.0755,0.22687,0.03235,0.191825,0.0755,0.170405,0.179888,0.01049,1.569415,Swarm20,Swarm20-15-20260922-20:31:49-1127387,14,Swarm20-15-20260922-20:31:49-1127387|phase2|14,15,15,15,sha3,20,,,,2.217472,0.191825,0.006942,0.010099,0.098191,0.001543,0.006912,0.009859,0.097491,0.002174,104,85,43,1085,1,0
905,1,2.253251,0.462224,1.791027,1317,sha3,OMNeT++; module=UavAuthNetwork.uav[15]; config=Swarm20,0.300056,0.046636,0.259921,0.075439,0.224902,0.03248,0.205621,0.075439,0.208807,0.203491,0.01129,1.566125,Swarm20,Swarm20-15-20260922-20:31:49-1127387,15,Swarm20-15-20260922-20:31:49-1127387|phase2|15,15,15,15,sha3,20,,,,2.254439,0.205621,0.006953,0.010018,0.098473,0.001793,0.006923,0.009817,0.098022,0.003126,104,85,43,1085,1,0
906,1,2.228257,0.450616,1.777641,1317,sha3,OMNeT++; module=UavAuthNetwork.uav[16]; config=Swarm20,0.287763,0.047408,0.255131,0.075931,0.225256,0.032611,0.190913,0.075931,0.177929,0.191077,0.010991,1.552385,Swarm20,Swarm20-15-20260922-20:31:49-1127387,16,Swarm20-15-20260922-20:31:49-1127387|phase2|16,15,15,15,sha3,20,,,,2.223849,0.190913,0.007013,0.010128,0.099715,0.001713,0.007014,0.009949,0.09774,0.002475,104,85,43,1085,1,0
907,1,2.206842,0.442498,1.764344,1317,sha3,OMNeT++; module=UavAuthNetwork.uav[17]; config=Swarm20,0.28071,0.046386,0.261679,0.075459,0.216948,0.03239,0.185604,0.075459,0.172009,0.159872,0.01087,1.547396,Swarm20,Swarm20-15-20260922-20:31:49-1127387,17,Swarm20-15-20260922-20:31:49-1127387|phase2|17,15,15,15,sha3,20,,,,2.185895,0.185604,0.006992,0.010108,0.098863,0.001623,0.006932,0.009978,0.097591,0.002254,104,85,43,1085,1,0
908,1,2.32295,0.506219,1.816731,1317,sha3,OMNeT++; module=UavAuthNetwork.uav[18]; config=Swarm20,0.283866,0.102329,0.24306,0.102951,0.246196,0.03223,0.18927,0.102951,0.22174,0.160329,0.016451,1.570535,Swarm20,Swarm20-15-20260922-20:31:49-1127387,18,Swarm20-15-20260922-20:31:49-1127387|phase2|18,15,15,15,sha3,20,,,,2.220119,0.18927,0.009408,0.014045,0.118149,0.002996,0.012712,0.011862,0.161678,0.004899,104,85,43,1085,1,0
909,1,2.335643,0.570557,1.765086,1317,sha3,OMNeT++; module=UavAuthNetwork.uav[19]; config=Swarm20,0.362331,0.05939,0.249081,0.098222,0.2179,0.041748,0.235325,0.098222,0.202214,0.172134,0.011782,1.547187,Swarm20,Swarm20-15-20260922-20:31:49-1127387,19,Swarm20-15-20260922-20:31:49-1127387|phase2|19,15,15,15,sha3,20,,,,2.186301,0.235325,0.009016,0.011632,0.128107,0.001803,0.008245,0.013615,0.130391,0.003226,104,85,43,1085,1,0
910,1,2.263042,0.481912,1.78113,1317,sha3,OMNeT++; module=UavAuthNetwork.uav[0]; config=Swarm20,0.30789,0.049943,0.247661,0.080499,0.229073,0.032881,0.191073,0.080499,0.189751,0.172597,0.013024,1.552056,Swarm20,Swarm20-16-20260922-20:31:49-1127387,0,Swarm20-16-20260922-20:31:49-1127387|phase2|0,16,16,16,sha3,20,,,,2.201388,0.191073,0.007915,0.01082,0.120723,0.002474,0.007515,0.01088,0.098772,0.017292,104,85,43,1085,1,0
911,1,2.272543,0.445725,1.826818,1317,sha3,OMNeT++; module=UavAuthNetwork.uav[1]; config=Swarm20,0.281742,0.046336,0.23918,0.07577,0.266268,0.03244,0.185283,0.07577,0.172539,0.17084,0.012443,1.56055,Swarm20,Swarm20-16-20260922-20:31:49-1127387,1,Swarm20-16-20260922-20:31:49-1127387|phase2|1,16,16,16,sha3,20,,,,2.236839,0.185283,0.007073,0.010098,0.098472,0.001884,0.007134,0.009837,0.097662,0.002494,104,85,43,1085,1,0
912,1,2.234512,0.453419,1.781093,1317,sha3,OMNeT++; module=UavAuthNetwork.uav[2]; config=Swarm20,0.291269,0.046737,0.247711,0.07554,0.22636,0.03248,0.195071,0.07554,0.170656,0.166181,0.01107,1.554733,Swarm20,Swarm20-16-20260922-20:31:49-1127387,2,Swarm20-16-20260922-20:31:49-1127387|phase2|2,16,16,16,sha3,20,,,,2.194985,0.195071,0.006973,0.009939,0.098703,0.001644,0.006993,0.009939,0.09686,0.002394,104,85,43,1085,1,0
913,1,2.305765,0.508089,1.797676,1317,sha3,OMNeT++; module=UavAuthNetwork.uav[3]; config=Swarm20,0.340119,0.056695,0.243132,0.077483,0.227082,0.033432,0.238832,0.077483,0.179913,0.171293,0.013004,1.570594,Swarm20,Swarm20-16-20260922-20:31:49-1127387,3,Swarm20-16-20260922-20:31:49-1127387|phase2|3,16,16,16,sha3,20,,,,2.212102,0.238832,0.007593,0.011661,0.101457,0.002074,0.007423,0.01074,0.110865,0.003656,104,85,43,1085,1,0
914,1,2.336573,0.525483,1.81109,1317,sha3,OMNeT++; module=UavAuthNetwork.uav[4]; config=Swarm20,0.347704,0.054762,0.24053,0.082463,0.239459,0.03272,0.231359,0.082463,0.175084,0.161225,0.012853,1.571631,Swarm20,Swarm20-16-20260922-20:31:49-1127387,4,Swarm20-16-20260922-20:31:49-1127387|phase2|4,16,16,16,sha3,20,,,,2.212845,0.231359,0.008906,0.013375,0.115464,0.002194,0.007423,0.015108,0.098844,0.003577,104,85,43,1085,1,0
915,1,2.259995,0.461485,1.79851,1317,sha3,OMNeT++; module=UavAuthNetwork.uav[5]; config=Swarm20,0.293523,0.046917,0.263368,0.075921,0.231724,0.03268,0.19477,0.075921,0.245725,0.164683,0.01612,1.566787,Swarm20,Swarm20-16-20260922-20:31:49-1127387,5,Swarm20-16-20260922-20:31:49-1127387|phase2|5,16,16,16,sha3,20,,,,2.226561,0.19477,0.007153,0.010258,0.098853,0.002444,0.007013,0.015479,0.104785,0.003898,104,85,43,1085,1,0
916,1,2.479601,0.685398,1.794203,1317,sha3,OMNeT++; module=UavAuthNetwork.uav[6]; config=Swarm20,0.460282,0.063037,0.254547,0.104423,0.225682,0.048861,0.321395,0.104423,0.220468,0.206122,0.01627,1.568521,Swarm20,Swarm20-16-20260922-20:31:49-1127387,6,Swarm20-16-20260922-20:31:49-1127387|phase2|6,16,16,16,sha3,20,,,,2.254872,0.321395,0.009608,0.015459,0.13555,0.002945,0.009207,0.013395,0.123579,0.004709,104,85,43,1085,1,0
917,1,2.368745,0.568221,1.800524,1317,sha3,OMNeT++; module=UavAuthNetwork.uav[7]; config=Swarm20,0.366689,0.079317,0.251223,0.094695,0.245141,0.041206,0.241217,0.094695,0.174964,0.17914,0.012142,1.555383,Swarm20,Swarm20-16-20260922-20:31:49-1127387,7,Swarm20-16-20260922-20:31:49-1127387|phase2|7,16,16,16,sha3,20,,,,2.230886,0.241217,0.008977,0.012162,0.123569,0.001823,0.018906,0.011161,0.116174,0.002935,104,85,43,1085,1,0
918,1,2.275639,0.463691,1.811948,1317,sha3,OMNeT++; module=UavAuthNetwork.uav[8]; config=Swarm20,0.298583,0.047759,0.241434,0.076783,0.236722,0.032951,0.189801,0.076783,0.173922,0.16085,0.011542,1.575226,Swarm20,Swarm20-16-20260922-20:31:49-1127387,8,Swarm20-16-20260922-20:31:49-1127387|phase2|8,16,16,16,sha3,20,,,,2.214231,0.189801,0.007113,0.010209,0.099424,0.001633,0.007064,0.010219,0.098231,0.002434,104,85,43,1085,1,0
919,1,2.305309,0.491068,1.814241,1317,sha3,OMNeT++; module=UavAuthNetwork.uav[9]; config=Swarm20,0.326254,0.047458,0.243779,0.076621,0.229978,0.033101,0.215499,0.076621,0.173861,0.18018,0.011572,1.584263,Swarm20,Swarm20-16-20260922-20:31:49-1127387,9,Swarm20-16-20260922-20:31:49-1127387|phase2|9,16,16,16,sha3,20,,,,2.2382,0.215499,0.007114,0.010419,0.100405,0.001743,0.006953,0.009929,0.099214,0.002615,104,85,43,1085,1,0
920,1,2.277232,0.484878,1.792354,1317,sha3,OMNeT++; module=UavAuthNetwork.uav[10]; config=Swarm20,0.317478,0.061234,0.264856,0.077684,0.216673,0.033172,0.218144,0.077684,0.177749,0.16411,0.012032,1.575681,Swarm20,Swarm20-16-20260922-20:31:49-1127387,10,Swarm20-16-20260922-20:31:49-1127387|phase2|10,16,16,16,sha3,20,,,,2.22132,0.218144,0.007033,0.01073,0.100006,0.001763,0.007493,0.010148,0.112178,0.002444,104,85,43,1085,1,0
921,1,2.259152,0.490138,1.769014,1317,sha3,OMNeT++; module=UavAuthNetwork.uav[11]; config=Swarm20,0.323619,0.047889,0.252095,0.077053,0.216905,0.035256,0.219196,0.077053,0.17824,0.164065,0.012413,1.552109,Swarm20,Swarm20-16-20260922-20:31:49-1127387,11,Swarm20-16-20260922-20:31:49-1127387|phase2|11,16,16,16,sha3,20,,,,2.185174,0.219196,0.007354,0.01051,0.100195,0.001623,0.007273,0.010319,0.099475,0.002344,104,85,43,1085,1,0
922,1,2.321582,0.505817,1.815765,1317,sha3,OMNeT++; module=UavAuthNetwork.uav[12]; config=Swarm20,0.341311,0.048099,0.24863,0.076382,0.240881,0.049551,0.222102,0.076382,0.173281,0.186206,0.011742,1.574884,Swarm20,Swarm20-16-20260922-20:31:49-1127387,12,Swarm20-16-20260922-20:31:49-1127387|phase2|12,16,16,16,sha3,20,,,,2.250601,0.222102,0.007082,0.010369,0.099605,0.001703,0.007004,0.009998,0.097922,0.002595,104,85,43,1085,1,0
923,1,2.265837,0.478275,1.787562,1317,sha3,OMNeT++; module=UavAuthNetwork.uav[13]; config=Swarm20,0.29169,0.046667,0.245132,0.087642,0.235268,0.03259,0.19449,0.087642,0.172359,0.172706,0.011301,1.552295,Swarm20,Swarm20-16-20260922-20:31:49-1127387,13,Swarm20-16-20260922-20:31:49-1127387|phase2|13,16,16,16,sha3,20,,,,2.205401,0.19449,0.006963,0.0107,0.109643,0.001723,0.007064,0.009897,0.097662,0.002575,104,85,43,1085,1,0
924,1,2.241794,0.458058,1.783736,1317,sha3,OMNeT++; module=UavAuthNetwork.uav[14]; config=Swarm20,0.295497,0.047458,0.251347,0.07563,0.232415,0.032982,0.19455,0.07563,0.171788,0.165092,0.011301,1.551321,Swarm20,Swarm20-16-20260922-20:31:49-1127387,14,Swarm20-16-20260922-20:31:49-1127387|phase2|14,16,16,16,sha3,20,,,,2.200174,0.19455,0.007083,0.010158,0.101979,0.001693,0.006983,0.010058,0.097891,0.002415,104,85,43,1085,1,0
925,1,2.281785,0.483915,1.79787,1317,sha3,OMNeT++; module=UavAuthNetwork.uav[15]; config=Swarm20,0.320884,0.047538,0.253947,0.07589,0.240327,0.032751,0.222542,0.07589,0.172018,0.171861,0.011251,1.557543,Swarm20,Swarm20-16-20260922-20:31:49-1127387,15,Swarm20-16-20260922-20:31:49-1127387|phase2|15,16,16,16,sha3,20,,,,2.223678,0.222542,0.007424,0.010229,0.100076,0.001813,0.006924,0.010039,0.097991,0.002895,104,85,43,1085,1,0
926,1,2.241617,0.451385,1.790232,1317,sha3,OMNeT++; module=UavAuthNetwork.uav[16]; config=Swarm20,0.288334,0.046887,0.259417,0.07579,0.223358,0.03284,0.192796,0.07579,0.183219,0.187036,0.011471,1.566874,Swarm20,Swarm20-16-20260922-20:31:49-1127387,16,Swarm20-16-20260922-20:31:49-1127387|phase2|16,16,16,16,sha3,20,,,,2.236686,0.192796,0.006983,0.010068,0.098163,0.001863,0.007042,0.01058,0.108111,0.002725,104,85,43,1085,1,0
927,1,2.233588,0.452285,1.781303,1317,sha3,OMNeT++; module=UavAuthNetwork.uav[17]; config=Swarm20,0.289455,0.046917,0.258739,0.07594,0.228839,0.032951,0.192637,0.07594,0.171838,0.16979,0.01095,1.552464,Swarm20,Swarm20-16-20260922-20:31:49-1127387,17,Swarm20-16-20260922-20:31:49-1127387|phase2|17,16,16,16,sha3,20,,,,2.209833,0.192637,0.007063,0.010029,0.099324,0.001593,0.006944,0.010169,0.09765,0.002284,104,85,43,1085,1,0
928,1,2.24159,0.460222,1.781368,1317,sha3,OMNeT++; module=UavAuthNetwork.uav[18]; config=Swarm20,0.297872,0.047688,0.241694,0.07565,0.221057,0.03272,0.20038,0.07565,0.171778,0.165715,0.01105,1.560311,Swarm20,Swarm20-16-20260922-20:31:49-1127387,18,Swarm20-16-20260922-20:31:49-1127387|phase2|18,16,16,16,sha3,20,,,,2.188777,0.20038,0.007054,0.01043,0.098983,0.001653,0.006922,0.010099,0.097781,0.002474,104,85,43,1085,1,0
929,1,2.246568,0.451597,1.794971,1317,sha3,OMNeT++; module=UavAuthNetwork.uav[19]; config=Swarm20,0.289146,0.046255,0.248955,0.07568,0.224943,0.03246,0.192887,0.07568,0.176086,0.179526,0.011091,1.570028,Swarm20,Swarm20-16-20260922-20:31:49-1127387,19,Swarm20-16-20260922-20:31:49-1127387|phase2|19,16,16,16,sha3,20,,,,2.223452,0.192887,0.006912,0.010118,0.098373,0.001643,0.006892,0.009829,0.102741,0.002335,104,85,43,1085,1,0
930,1,2.270068,0.490499,1.779569,1317,sha3,OMNeT++; module=UavAuthNetwork.uav[0]; config=Swarm20,0.308622,0.048971,0.259986,0.084216,0.227361,0.033462,0.198156,0.084216,0.179472,0.173211,0.013445,1.552208,Swarm20,Swarm20-17-20260922-20:31:49-1127387,0,Swarm20-17-20260922-20:31:49-1127387|phase2|0,17,17,17,sha3,20,,,,2.212766,0.198156,0.007675,0.010911,0.117748,0.002435,0.007435,0.010428,0.09778,0.008556,104,85,43,1085,1,0
931,1,2.256006,0.464208,1.791798,1317,sha3,OMNeT++; module=UavAuthNetwork.uav[1]; config=Swarm20,0.29185,0.046325,0.253908,0.080158,0.227587,0.032309,0.194691,0.080158,0.173061,0.187595,0.012042,1.564211,Swarm20,Swarm20-17-20260922-20:31:49-1127387,1,Swarm20-17-20260922-20:31:49-1127387|phase2|1,17,17,17,sha3,20,,,,2.233302,0.194691,0.006983,0.009979,0.103511,0.001764,0.007074,0.009828,0.09768,0.002685,104,85,43,1085,1,0
932,1,2.267712,0.454791,1.812921,1317,sha3,OMNeT++; module=UavAuthNetwork.uav[2]; config=Swarm20,0.293042,0.046546,0.251801,0.075139,0.251548,0.03226,0.197185,0.075139,0.179162,0.174969,0.011471,1.561373,Swarm20,Swarm20-17-20260922-20:31:49-1127387,2,Swarm20-17-20260922-20:31:49-1127387|phase2|2,17,17,17,sha3,20,,,,2.239691,0.197185,0.006982,0.010118,0.098202,0.001693,0.007063,0.009769,0.09747,0.002465,104,85,43,1085,1,0
933,1,2.263963,0.449612,1.814351,1317,sha3,OMNeT++; module=UavAuthNetwork.uav[3]; config=Swarm20,0.287362,0.046216,0.255469,0.07565,0.240536,0.03234,0.191514,0.07565,0.171868,0.191821,0.01095,1.573815,Swarm20,Swarm20-17-20260922-20:31:49-1127387,3,Swarm20-17-20260922-20:31:49-1127387|phase2|3,17,17,17,sha3,20,,,,2.261642,0.191514,0.007062,0.010038,0.098864,0.001603,0.007003,0.009869,0.097761,0.002204,104,85,43,1085,1,0
934,1,2.262155,0.448511,1.813644,1317,sha3,OMNeT++; module=UavAuthNetwork.uav[4]; config=Swarm20,0.285248,0.05403,0.272735,0.076071,0.239507,0.032119,0.190142,0.076071,0.17251,0.164685,0.011121,1.574136,Swarm20,Swarm20-17-20260922-20:31:49-1127387,4,Swarm20-17-20260922-20:31:49-1127387|phase2|4,17,17,17,sha3,20,,,,2.251064,0.190142,0.007002,0.010209,0.098402,0.001633,0.013636,0.009837,0.098162,0.002374,104,85,43,1085,1,0
935,1,2.224385,0.451014,1.773371,1317,sha3,OMNeT++; module=UavAuthNetwork.uav[5]; config=Swarm20,0.289216,0.046306,0.267931,0.075409,0.22182,0.03235,0.193498,0.075409,0.170856,0.167024,0.01098,1.551552,Swarm20,Swarm20-17-20260922-20:31:49-1127387,5,Swarm20-17-20260922-20:31:49-1127387|phase2|5,17,17,17,sha3,20,,,,2.208326,0.193498,0.006942,0.010079,0.098142,0.001593,0.006984,0.009869,0.09757,0.002224,104,85,43,1085,1,0
936,1,2.249075,0.453711,1.795364,1317,sha3,OMNeT++; module=UavAuthNetwork.uav[6]; config=Swarm20,0.291259,0.047488,0.241509,0.075751,0.231201,0.032119,0.196374,0.075751,0.171868,0.171441,0.01095,1.564163,Swarm20,Swarm20-17-20260922-20:31:49-1127387,6,Swarm20-17-20260922-20:31:49-1127387|phase2|6,17,17,17,sha3,20,,,,2.208313,0.196374,0.006992,0.010149,0.098993,0.001653,0.007001,0.010009,0.098072,0.002494,104,85,43,1085,1,0
937,1,2.22015,0.447047,1.773103,1317,sha3,OMNeT++; module=UavAuthNetwork.uav[7]; config=Swarm20,0.284797,0.046085,0.242283,0.07562,0.21695,0.03222,0.190372,0.07562,0.178631,0.166928,0.01101,1.556153,Swarm20,Swarm20-17-20260922-20:31:49-1127387,7,Swarm20-17-20260922-20:31:49-1127387|phase2|7,17,17,17,sha3,20,,,,2.182315,0.190372,0.006963,0.010049,0.098463,0.001663,0.006953,0.010128,0.104023,0.002425,104,85,43,1085,1,0
938,1,2.234784,0.454201,1.780583,1317,sha3,OMNeT++; module=UavAuthNetwork.uav[8]; config=Swarm20,0.292051,0.046866,0.257164,0.07562,0.231679,0.03241,0.197185,0.07562,0.172009,0.184719,0.01091,1.548904,Swarm20,Swarm20-17-20260922-20:31:49-1127387,8,Swarm20-17-20260922-20:31:49-1127387|phase2|8,17,17,17,sha3,20,,,,2.222467,0.197185,0.007052,0.010149,0.098584,0.001623,0.007064,0.009928,0.097681,0.002304,104,85,43,1085,1,0
939,1,2.239193,0.452366,1.786827,1317,sha3,OMNeT++; module=UavAuthNetwork.uav[9]; config=Swarm20,0.290287,0.046376,0.261021,0.075409,0.221662,0.03226,0.195441,0.075409,0.172259,0.176802,0.011261,1.565165,Swarm20,Swarm20-17-20260922-20:31:49-1127387,9,Swarm20-17-20260922-20:31:49-1127387|phase2|9,17,17,17,sha3,20,,,,2.22465,0.195441,0.006964,0.010218,0.098814,0.001573,0.006963,0.009849,0.09765,0.002364,104,85,43,1085,1,0
940,1,2.226909,0.44333,1.783579,1317,sha3,OMNeT++; module=UavAuthNetwork.uav[10]; config=Swarm20,0.282082,0.046416,0.243003,0.075269,0.227327,0.03232,0.187787,0.075269,0.170816,0.167964,0.01071,1.556252,Swarm20,Swarm20-17-20260922-20:31:49-1127387,10,Swarm20-17-20260922-20:31:49-1127387|phase2|10,17,17,17,sha3,20,,,,2.194546,0.187787,0.006923,0.009928,0.098082,0.001593,0.006891,0.009789,0.097672,0.002133,104,85,43,1085,1,0
941,1,2.295542,0.452857,1.842685,1317,sha3,OMNeT++; module=UavAuthNetwork.uav[11]; config=Swarm20,0.289937,0.046466,0.247849,0.07605,0.256123,0.038481,0.18888,0.07605,0.171287,0.165856,0.01082,1.586562,Swarm20,Swarm20-17-20260922-20:31:49-1127387,11,Swarm20-17-20260922-20:31:49-1127387|phase2|11,17,17,17,sha3,20,,,,2.256389,0.18888,0.006972,0.01044,0.099014,0.001633,0.006972,0.010017,0.097561,0.002315,104,85,43,1085,1,0
942,1,2.228609,0.446155,1.782454,1317,sha3,OMNeT++; module=UavAuthNetwork.uav[12]; config=Swarm20,0.283975,0.046436,0.295423,0.07557,0.217524,0.032249,0.190403,0.07557,0.190573,0.190012,0.01104,1.56493,Swarm20,Swarm20-17-20260922-20:31:49-1127387,12,Swarm20-17-20260922-20:31:49-1127387|phase2|12,17,17,17,sha3,20,,,,2.267889,0.190403,0.006972,0.010028,0.098063,0.001654,0.006953,0.01077,0.115534,0.002594,104,85,43,1085,1,0
943,1,2.228086,0.45392,1.774166,1317,sha3,OMNeT++; module=UavAuthNetwork.uav[13]; config=Swarm20,0.287181,0.046966,0.255271,0.076141,0.218893,0.03242,0.191845,0.076141,0.185824,0.176091,0.014457,1.555274,Swarm20,Swarm20-17-20260922-20:31:49-1127387,13,Swarm20-17-20260922-20:31:49-1127387|phase2|13,17,17,17,sha3,20,,,,2.205528,0.191845,0.007053,0.010239,0.099243,0.001893,0.007052,0.009979,0.098161,0.002946,104,85,43,1085,1,0
944,1,2.239438,0.46408,1.775358,1317,sha3,OMNeT++; module=UavAuthNetwork.uav[14]; config=Swarm20,0.300437,0.047568,0.25948,0.076271,0.224081,0.032831,0.202615,0.076271,0.172059,0.180305,0.011101,1.551277,Swarm20,Swarm20-17-20260922-20:31:49-1127387,14,Swarm20-17-20260922-20:31:49-1127387|phase2|14,17,17,17,sha3,20,,,,2.215143,0.202615,0.007113,0.010189,0.100305,0.001663,0.007002,0.009929,0.098022,0.002415,104,85,43,1085,1,0
945,1,2.266631,0.48069,1.785941,1317,sha3,OMNeT++; module=UavAuthNetwork.uav[15]; config=Swarm20,0.293834,0.064259,0.255355,0.08655,0.236254,0.03239,0.197165,0.08655,0.192517,0.167669,0.013756,1.549687,Swarm20,Swarm20-17-20260922-20:31:49-1127387,15,Swarm20-17-20260922-20:31:49-1127387|phase2|15,17,17,17,sha3,20,,,,2.208965,0.197165,0.007253,0.011621,0.107739,0.002094,0.011382,0.011852,0.113831,0.003496,104,85,43,1085,1,0
946,1,2.311417,0.49695,1.814467,1317,sha3,OMNeT++; module=UavAuthNetwork.uav[16]; config=Swarm20,0.303622,0.055092,0.249431,0.090748,0.23365,0.04302,0.193568,0.090748,0.190764,0.167955,0.011832,1.580818,Swarm20,Swarm20-17-20260922-20:31:49-1127387,16,Swarm20-17-20260922-20:31:49-1127387|phase2|16,17,17,17,sha3,20,,,,2.231854,0.193568,0.008846,0.011821,0.111617,0.001904,0.009797,0.015078,0.110165,0.003016,104,85,43,1085,1,0
947,1,2.253638,0.48667,1.766968,1317,sha3,OMNeT++; module=UavAuthNetwork.uav[17]; config=Swarm20,0.320653,0.048049,0.259023,0.077083,0.21882,0.033011,0.219827,0.077083,0.174393,0.169868,0.011851,1.548148,Swarm20,Swarm20-17-20260922-20:31:49-1127387,17,Swarm20-17-20260922-20:31:49-1127387|phase2|17,17,17,17,sha3,20,,,,2.195859,0.219827,0.007293,0.01077,0.101688,0.001904,0.007113,0.010139,0.098693,0.003005,104,85,43,1085,1,0
948,1,2.278198,0.452779,1.825419,1317,sha3,OMNeT++; module=UavAuthNetwork.uav[18]; config=Swarm20,0.289596,0.047377,0.2661,0.075821,0.234405,0.032951,0.192366,0.075821,0.193208,0.16318,0.011541,1.591014,Swarm20,Swarm20-17-20260922-20:31:49-1127387,18,Swarm20-17-20260922-20:31:49-1127387|phase2|18,17,17,17,sha3,20,,,,2.254699,0.192366,0.007092,0.010069,0.098994,0.001813,0.007023,0.01067,0.104473,0.003246,104,85,43,1085,1,0
949,1,2.255435,0.460401,1.795034,1317,sha3,OMNeT++; module=UavAuthNetwork.uav[19]; config=Swarm20,0.294274,0.047829,0.258379,0.077423,0.240279,0.038752,0.18915,0.077423,0.177799,0.170404,0.011281,1.554755,Swarm20,Swarm20-17-20260922-20:31:49-1127387,19,Swarm20-17-20260922-20:31:49-1127387|phase2|19,17,17,17,sha3,20,,,,2.223816,0.18915,0.007102,0.011351,0.100917,0.001793,0.009027,0.010369,0.099985,0.002865,104,85,43,1085,1,0
950,1,2.258786,0.488546,1.77024,1317,sha3,OMNeT++; module=UavAuthNetwork.uav[0]; config=Swarm20,0.308822,0.049682,0.270663,0.083335,0.21663,0.038852,0.192567,0.083335,0.192607,0.16666,0.013054,1.55361,Swarm20,Swarm20-18-20260922-20:31:49-1127387,0,Swarm20-18-20260922-20:31:49-1127387|phase2|0,18,18,18,sha3,20,,,,2.207562,0.192567,0.007836,0.01102,0.116656,0.002434,0.007573,0.013776,0.106656,0.008887,104,85,43,1085,1,0
951,1,2.309022,0.50233,1.806692,1317,sha3,OMNeT++; module=UavAuthNetwork.uav[1]; config=Swarm20,0.292793,0.046687,0.244257,0.097811,0.213975,0.0328,0.194139,0.097811,0.176116,0.182155,0.013915,1.592717,Swarm20,Swarm20-18-20260922-20:31:49-1127387,1,Swarm20-18-20260922-20:31:49-1127387|phase2|1,18,18,18,sha3,20,,,,2.233104,0.194139,0.007142,0.015099,0.116506,0.001874,0.007533,0.010179,0.098533,0.003106,104,85,43,1085,1,0
952,1,2.296344,0.516776,1.779568,1317,sha3,OMNeT++; module=UavAuthNetwork.uav[2]; config=Swarm20,0.335191,0.057336,0.261328,0.08141,0.232068,0.03783,0.217613,0.08141,0.190693,0.163537,0.018765,1.5475,Swarm20,Swarm20-18-20260922-20:31:49-1127387,2,Swarm20-18-20260922-20:31:49-1127387|phase2|2,18,18,18,sha3,20,,,,2.204433,0.217613,0.012563,0.01101,0.103332,0.002204,0.007865,0.011281,0.106096,0.003126,104,85,43,1085,1,0
953,1,2.293787,0.503901,1.789886,1317,sha3,OMNeT++; module=UavAuthNetwork.uav[3]; config=Swarm20,0.327646,0.047548,0.246296,0.082302,0.233294,0.041728,0.205079,0.082302,0.175575,0.165318,0.011651,1.556592,Swarm20,Swarm20-18-20260922-20:31:49-1127387,3,Swarm20-18-20260922-20:31:49-1127387|phase2|3,18,18,18,sha3,20,,,,2.201499,0.205079,0.007145,0.01078,0.110565,0.001854,0.007684,0.010359,0.098533,0.002925,104,85,43,1085,1,0
954,1,2.33978,0.514743,1.825037,1317,sha3,OMNeT++; module=UavAuthNetwork.uav[4]; config=Swarm20,0.289296,0.046977,0.240266,0.106687,0.256156,0.03274,0.192366,0.106687,0.201122,0.178363,0.012073,1.56888,Swarm20,Swarm20-18-20260922-20:31:49-1127387,4,Swarm20-18-20260922-20:31:49-1127387|phase2|4,18,18,18,sha3,20,,,,2.243666,0.192366,0.007483,0.014456,0.12447,0.001864,0.008646,0.010579,0.111866,0.003296,104,85,43,1085,1,0
955,1,2.275767,0.474409,1.801358,1317,sha3,OMNeT++; module=UavAuthNetwork.uav[5]; config=Swarm20,0.311176,0.047047,0.252952,0.075921,0.215213,0.036427,0.208516,0.075921,0.172078,0.163581,0.011391,1.586145,Swarm20,Swarm20-18-20260922-20:31:49-1127387,5,Swarm20-18-20260922-20:31:49-1127387|phase2|5,18,18,18,sha3,20,,,,2.217892,0.208516,0.007133,0.010339,0.100035,0.001713,0.007042,0.009908,0.097761,0.002845,104,85,43,1085,1,0
956,1,2.249081,0.460341,1.78874,1317,sha3,OMNeT++; module=UavAuthNetwork.uav[6]; config=Swarm20,0.29722,0.047278,0.312655,0.07588,0.226322,0.042759,0.190323,0.07588,0.173551,0.178847,0.011361,1.562417,Swarm20,Swarm20-18-20260922-20:31:49-1127387,6,Swarm20-18-20260922-20:31:49-1127387|phase2|6,18,18,18,sha3,20,,,,2.280242,0.190323,0.006993,0.01032,0.099124,0.001744,0.007024,0.009888,0.097921,0.002725,104,85,43,1085,1,0
957,1,2.251611,0.48055,1.771061,1317,sha3,OMNeT++; module=UavAuthNetwork.uav[7]; config=Swarm20,0.303512,0.047198,0.241261,0.082984,0.217908,0.03266,0.205661,0.082984,0.173201,0.159582,0.01107,1.553153,Swarm20,Swarm20-18-20260922-20:31:49-1127387,7,Swarm20-18-20260922-20:31:49-1127387|phase2|7,18,18,18,sha3,20,,,,2.171904,0.205661,0.007184,0.010579,0.106567,0.001713,0.007103,0.010219,0.098392,0.002865,104,85,43,1085,1,0
958,1,2.238466,0.459662,1.778804,1317,sha3,OMNeT++; module=UavAuthNetwork.uav[8]; config=Swarm20,0.29699,0.047158,0.24953,0.07563,0.221166,0.032891,0.199399,0.07563,0.172249,0.161078,0.011412,1.557638,Swarm20,Swarm20-18-20260922-20:31:49-1127387,8,Swarm20-18-20260922-20:31:49-1127387|phase2|8,18,18,18,sha3,20,,,,2.189412,0.199399,0.007143,0.010218,0.099454,0.001693,0.006983,0.009999,0.097881,0.002585,104,85,43,1085,1,0
959,1,2.230695,0.463286,1.767409,1317,sha3,OMNeT++; module=UavAuthNetwork.uav[9]; config=Swarm20,0.300476,0.046435,0.246636,0.07579,0.217395,0.032601,0.204398,0.07579,0.171578,0.189533,0.01123,1.550013,Swarm20,Swarm20-18-20260922-20:31:49-1127387,9,Swarm20-18-20260922-20:31:49-1127387|phase2|9,18,18,18,sha3,20,,,,2.203577,0.204398,0.007054,0.009968,0.099314,0.001754,0.006931,0.009799,0.097631,0.002464,104,85,43,1085,1,0
960,1,2.269483,0.44373,1.825753,1317,sha3,OMNeT++; module=UavAuthNetwork.uav[10]; config=Swarm20,0.28133,0.046686,0.260239,0.07573,0.222816,0.032881,0.185804,0.07573,0.178821,0.185094,0.01094,1.602937,Swarm20,Swarm20-18-20260922-20:31:49-1127387,10,Swarm20-18-20260922-20:31:49-1127387|phase2|10,18,18,18,sha3,20,,,,2.271086,0.185804,0.006963,0.01013,0.098683,0.001633,0.006942,0.009827,0.098283,0.002525,104,85,43,1085,1,0
961,1,2.285737,0.459852,1.825885,1317,sha3,OMNeT++; module=UavAuthNetwork.uav[11]; config=Swarm20,0.29705,0.046295,0.249454,0.076011,0.227137,0.032821,0.201232,0.076011,0.172069,0.169495,0.01078,1.598747,Swarm20,Swarm20-18-20260922-20:31:49-1127387,11,Swarm20-18-20260922-20:31:49-1127387|phase2|11,18,18,18,sha3,20,,,,2.244834,0.201232,0.006984,0.010009,0.099584,0.001563,0.006931,0.009858,0.098121,0.002345,104,85,43,1085,1,0
962,1,2.228237,0.455552,1.772685,1317,sha3,OMNeT++; module=UavAuthNetwork.uav[12]; config=Swarm20,0.290588,0.048049,0.274683,0.076882,0.219831,0.033041,0.194831,0.076882,0.172319,0.178076,0.0112,1.552854,Swarm20,Swarm20-18-20260922-20:31:49-1127387,12,Swarm20-18-20260922-20:31:49-1127387|phase2|12,18,18,18,sha3,20,,,,2.225444,0.194831,0.007014,0.010429,0.099464,0.001643,0.007072,0.010299,0.098382,0.002564,104,85,43,1085,1,0
963,1,2.23713,0.459791,1.777339,1317,sha3,OMNeT++; module=UavAuthNetwork.uav[13]; config=Swarm20,0.287833,0.045905,0.243916,0.080509,0.213945,0.032971,0.192546,0.080509,0.170726,0.167046,0.01094,1.563394,Swarm20,Swarm20-18-20260922-20:31:49-1127387,13,Swarm20-18-20260922-20:31:49-1127387|phase2|13,18,18,18,sha3,20,,,,2.1883,0.192546,0.006983,0.009989,0.103332,0.001583,0.006952,0.009768,0.09742,0.002434,104,85,43,1085,1,0
964,1,2.249512,0.454403,1.795109,1317,sha3,OMNeT++; module=UavAuthNetwork.uav[14]; config=Swarm20,0.292221,0.047188,0.242942,0.075681,0.239043,0.03229,0.197315,0.075681,0.171788,0.171165,0.01082,1.556065,Swarm20,Swarm20-18-20260922-20:31:49-1127387,14,Swarm20-18-20260922-20:31:49-1127387|phase2|14,18,18,18,sha3,20,,,,2.209216,0.197315,0.007014,0.010059,0.098712,0.001653,0.006993,0.010158,0.097631,0.002425,104,85,43,1085,1,0
965,1,2.236324,0.451456,1.784868,1317,sha3,OMNeT++; module=UavAuthNetwork.uav[15]; config=Swarm20,0.289466,0.045995,0.251568,0.07546,0.223578,0.03251,0.194651,0.07546,0.178891,0.174204,0.01107,1.561289,Swarm20,Swarm20-18-20260922-20:31:49-1127387,15,Swarm20-18-20260922-20:31:49-1127387|phase2|15,18,18,18,sha3,20,,,,2.210639,0.194651,0.006944,0.009838,0.098662,0.001663,0.006902,0.009948,0.103923,0.002314,104,85,43,1085,1,0
966,1,2.246553,0.452127,1.794426,1317,sha3,OMNeT++; module=UavAuthNetwork.uav[16]; config=Swarm20,0.289816,0.046886,0.261761,0.07554,0.241756,0.032951,0.19427,0.07554,0.171437,0.158742,0.011231,1.55267,Swarm20,Swarm20-18-20260922-20:31:49-1127387,16,Swarm20-18-20260922-20:31:49-1127387|phase2|16,18,18,18,sha3,20,,,,2.214929,0.19427,0.007023,0.009949,0.098422,0.001623,0.007003,0.009809,0.097551,0.002284,104,85,43,1085,1,0
967,1,2.232466,0.453308,1.779158,1317,sha3,OMNeT++; module=UavAuthNetwork.uav[17]; config=Swarm20,0.29185,0.046847,0.252399,0.075359,0.220165,0.032771,0.196304,0.075359,0.17257,0.160105,0.01074,1.558994,Swarm20,Swarm20-18-20260922-20:31:49-1127387,17,Swarm20-18-20260922-20:31:49-1127387|phase2|17,18,18,18,sha3,20,,,,2.191662,0.196304,0.007124,0.010089,0.098783,0.001683,0.006943,0.009889,0.09766,0.002364,104,85,43,1085,1,0
968,1,2.219872,0.454563,1.765309,1317,sha3,OMNeT++; module=UavAuthNetwork.uav[18]; config=Swarm20,0.286841,0.046817,0.262506,0.07527,0.218299,0.032761,0.192677,0.07527,0.171338,0.160415,0.017182,1.54701,Swarm20,Swarm20-18-20260922-20:31:49-1127387,18,Swarm20-18-20260922-20:31:49-1127387|phase2|18,18,18,18,sha3,20,,,,2.18823,0.192677,0.006913,0.010029,0.098261,0.007774,0.006954,0.009958,0.097991,0.002254,104,85,43,1085,1,0
969,1,2.219021,0.444785,1.774236,1317,sha3,OMNeT++; module=UavAuthNetwork.uav[19]; config=Swarm20,0.282553,0.046656,0.263801,0.075701,0.218642,0.03252,0.186415,0.075701,0.171086,0.163523,0.01083,1.555593,Swarm20,Swarm20-18-20260922-20:31:49-1127387,19,Swarm20-18-20260922-20:31:49-1127387|phase2|19,18,18,18,sha3,20,,,,2.20156,0.186415,0.006983,0.010018,0.098673,0.001623,0.006962,0.010058,0.097381,0.002304,104,85,43,1085,1,0
970,1,2.254729,0.490097,1.764632,1317,sha3,OMNeT++; module=UavAuthNetwork.uav[0]; config=Swarm20,0.314693,0.050353,0.251186,0.08116,0.215124,0.032961,0.203958,0.08116,0.182077,0.173898,0.013084,1.549508,Swarm20,Swarm20-19-20260922-20:31:49-1127387,0,Swarm20-19-20260922-20:31:49-1127387|phase2|0,19,19,19,sha3,20,,,,2.189716,0.203958,0.007975,0.01087,0.114863,0.002355,0.007574,0.01077,0.098422,0.008777,104,85,43,1085,1,0
971,1,2.248361,0.460964,1.787397,1317,sha3,OMNeT++; module=UavAuthNetwork.uav[1]; config=Swarm20,0.296048,0.046997,0.247769,0.076572,0.23461,0.032541,0.198958,0.076572,0.173041,0.161099,0.011772,1.552787,Swarm20,Swarm20-19-20260922-20:31:49-1127387,1,Swarm20-19-20260922-20:31:49-1127387|phase2|1,19,19,19,sha3,20,,,,2.196265,0.198958,0.007102,0.01041,0.099725,0.001733,0.007203,0.010077,0.09784,0.002805,104,85,43,1085,1,0
972,1,2.296255,0.451155,1.8451,1317,sha3,OMNeT++; module=UavAuthNetwork.uav[2]; config=Swarm20,0.288464,0.046807,0.249069,0.07558,0.281806,0.03241,0.192537,0.07558,0.178991,0.167634,0.011531,1.563293,Swarm20,Swarm20-19-20260922-20:31:49-1127387,2,Swarm20-19-20260922-20:31:49-1127387|phase2|2,19,19,19,sha3,20,,,,2.261803,0.192537,0.006973,0.009978,0.098533,0.001693,0.007054,0.009827,0.097702,0.002514,104,85,43,1085,1,0
973,1,2.238823,0.450043,1.78878,1317,sha3,OMNeT++; module=UavAuthNetwork.uav[3]; config=Swarm20,0.287302,0.046637,0.285397,0.07572,0.23864,0.03225,0.191294,0.07572,0.171678,0.171726,0.011301,1.55014,Swarm20,Swarm20-19-20260922-20:31:49-1127387,3,Swarm20-19-20260922-20:31:49-1127387|phase2|3,19,19,19,sha3,20,,,,2.245903,0.191294,0.007033,0.01008,0.098842,0.001573,0.007024,0.009848,0.09774,0.002224,104,85,43,1085,1,0
974,1,2.242236,0.462648,1.779588,1317,sha3,OMNeT++; module=UavAuthNetwork.uav[4]; config=Swarm20,0.287202,0.046716,0.245909,0.082313,0.21495,0.032119,0.192346,0.082313,0.17272,0.182647,0.01082,1.564638,Swarm20,Swarm20-19-20260922-20:31:49-1127387,4,Swarm20-19-20260922-20:31:49-1127387|phase2|4,19,19,19,sha3,20,,,,2.208144,0.192346,0.006943,0.010139,0.105325,0.001643,0.007031,0.009869,0.09776,0.002435,104,85,43,1085,1,0
975,1,2.237158,0.446757,1.790401,1317,sha3,OMNeT++; module=UavAuthNetwork.uav[5]; config=Swarm20,0.284276,0.046286,0.250732,0.07577,0.22553,0.03234,0.189641,0.07577,0.17284,0.164082,0.010941,1.56487,Swarm20,Swarm20-19-20260922-20:31:49-1127387,5,Swarm20-19-20260922-20:31:49-1127387|phase2|5,19,19,19,sha3,20,,,,2.205215,0.189641,0.007023,0.010018,0.098673,0.001553,0.006963,0.009898,0.097981,0.002224,104,85,43,1085,1,0
976,1,2.259412,0.457948,1.801464,1317,sha3,OMNeT++; module=UavAuthNetwork.uav[6]; config=Swarm20,0.293704,0.047278,0.246088,0.076221,0.231354,0.032481,0.198457,0.076221,0.183961,0.187116,0.011802,1.57011,Swarm20,Swarm20-19-20260922-20:31:49-1127387,6,Swarm20-19-20260922-20:31:49-1127387|phase2|6,19,19,19,sha3,20,,,,2.234669,0.198457,0.007102,0.010119,0.099675,0.001843,0.009258,0.01068,0.1034,0.002976,104,85,43,1085,1,0
977,1,2.255953,0.453119,1.802834,1317,sha3,OMNeT++; module=UavAuthNetwork.uav[7]; config=Swarm20,0.290858,0.046627,0.258205,0.07552,0.234266,0.0326,0.19473,0.07552,0.179612,0.179526,0.011221,1.568568,Swarm20,Swarm20-19-20260922-20:31:49-1127387,7,Swarm20-19-20260922-20:31:49-1127387|phase2|7,19,19,19,sha3,20,,,,2.240565,0.19473,0.007075,0.010018,0.098262,0.001703,0.007013,0.010039,0.105075,0.002384,104,85,43,1085,1,0
978,1,2.240108,0.44889,1.791218,1317,sha3,OMNeT++; module=UavAuthNetwork.uav[8]; config=Swarm20,0.28618,0.046967,0.241777,0.07586,0.238835,0.0323,0.190673,0.07586,0.171728,0.188361,0.01099,1.552383,Swarm20,Swarm20-19-20260922-20:31:49-1127387,8,Swarm20-19-20260922-20:31:49-1127387|phase2|8,19,19,19,sha3,20,,,,2.221357,0.190673,0.006934,0.010048,0.098993,0.001613,0.006953,0.009908,0.09776,0.002205,104,85,43,1085,1,0
979,1,2.273307,0.481191,1.792116,1317,sha3,OMNeT++; module=UavAuthNetwork.uav[9]; config=Swarm20,0.317238,0.047909,0.272421,0.076221,0.23804,0.03234,0.205851,0.076221,0.172569,0.166324,0.011511,1.554076,Swarm20,Swarm20-19-20260922-20:31:49-1127387,9,Swarm20-19-20260922-20:31:49-1127387|phase2|9,19,19,19,sha3,20,,,,2.230862,0.205851,0.007555,0.012353,0.111446,0.001743,0.006993,0.010269,0.098162,0.002805,104,85,43,1085,1,0
980,1,2.24147,0.464379,1.777091,1317,sha3,OMNeT++; module=UavAuthNetwork.uav[10]; config=Swarm20,0.293153,0.047127,0.267867,0.076431,0.221372,0.03243,0.197135,0.076431,0.17283,0.157511,0.018364,1.55572,Swarm20,Swarm20-19-20260922-20:31:49-1127387,10,Swarm20-19-20260922-20:31:49-1127387|phase2|10,19,19,19,sha3,20,,,,2.202469,0.197135,0.006973,0.010179,0.099414,0.001783,0.006953,0.010109,0.098051,0.002284,104,85,43,1085,1,0
981,1,2.245893,0.450625,1.795268,1317,sha3,OMNeT++; module=UavAuthNetwork.uav[11]; config=Swarm20,0.287543,0.046626,0.242079,0.076141,0.227131,0.0327,0.191555,0.076141,0.17284,0.157775,0.0108,1.568137,Swarm20,Swarm20-19-20260922-20:31:49-1127387,11,Swarm20-19-20260922-20:31:49-1127387|phase2|11,19,19,19,sha3,20,,,,2.195121,0.191555,0.007033,0.010159,0.099586,0.001573,0.006932,0.009898,0.098242,0.002324,104,85,43,1085,1,0
982,1,2.276299,0.484677,1.791622,1317,sha3,OMNeT++; module=UavAuthNetwork.uav[12]; config=Swarm20,0.319221,0.047308,0.275882,0.077113,0.223932,0.03229,0.222161,0.077113,0.172609,0.170973,0.01123,1.56769,Swarm20,Swarm20-19-20260922-20:31:49-1127387,12,Swarm20-19-20260922-20:31:49-1127387|phase2|12,19,19,19,sha3,20,,,,2.238477,0.222161,0.007323,0.01066,0.100456,0.001754,0.006923,0.009999,0.097771,0.002785,104,85,43,1085,1,0
983,1,2.316851,0.50198,1.814871,1317,sha3,OMNeT++; module=UavAuthNetwork.uav[13]; config=Swarm20,0.305085,0.047869,0.255471,0.092281,0.236367,0.032329,0.208365,0.092281,0.204799,0.162485,0.012333,1.578504,Swarm20,Swarm20-19-20260922-20:31:49-1127387,13,Swarm20-19-20260922-20:31:49-1127387|phase2|13,19,19,19,sha3,20,,,,2.232827,0.208365,0.01088,0.012112,0.109733,0.001863,0.007293,0.014837,0.106276,0.002965,104,85,43,1085,1,0
984,1,2.305766,0.496078,1.809688,1317,sha3,OMNeT++; module=UavAuthNetwork.uav[14]; config=Swarm20,0.328438,0.04859,0.277033,0.077383,0.224265,0.039753,0.21612,0.077383,0.200301,0.163218,0.012874,1.585423,Swarm20,Swarm20-19-20260922-20:31:49-1127387,14,Swarm20-19-20260922-20:31:49-1127387|phase2|14,19,19,19,sha3,20,,,,2.249939,0.21612,0.007404,0.011392,0.105846,0.002014,0.007123,0.01081,0.103402,0.003286,104,85,43,1085,1,0
985,1,2.241638,0.47505,1.766588,1317,sha3,OMNeT++; module=UavAuthNetwork.uav[15]; config=Swarm20,0.303782,0.057366,0.249175,0.079848,0.217672,0.033181,0.196334,0.079848,0.174363,0.164133,0.011572,1.548915,Swarm20,Swarm20-19-20260922-20:31:49-1127387,15,Swarm20-19-20260922-20:31:49-1127387|phase2|15,19,19,19,sha3,20,,,,2.179895,0.196334,0.008856,0.012785,0.103251,0.001803,0.007364,0.01077,0.107298,0.003056,104,85,43,1085,1,0
986,1,2.245126,0.44788,1.797246,1317,sha3,OMNeT++; module=UavAuthNetwork.uav[16]; config=Swarm20,0.284677,0.047147,0.251352,0.075861,0.243339,0.0327,0.187106,0.075861,0.182638,0.175804,0.011481,1.553907,Swarm20,Swarm20-19-20260922-20:31:49-1127387,16,Swarm20-19-20260922-20:31:49-1127387|phase2|16,19,19,19,sha3,20,,,,2.224403,0.187106,0.007062,0.010048,0.099013,0.001763,0.007053,0.013725,0.099154,0.002625,104,85,43,1085,1,0
987,1,2.277085,0.474048,1.803037,1317,sha3,OMNeT++; module=UavAuthNetwork.uav[17]; config=Swarm20,0.30761,0.05365,0.267181,0.077423,0.245817,0.035927,0.201773,0.077423,0.179753,0.168424,0.011592,1.55722,Swarm20,Swarm20-19-20260922-20:31:49-1127387,17,Swarm20-19-20260922-20:31:49-1127387|phase2|17,19,19,19,sha3,20,,,,2.238643,0.201773,0.007183,0.0108,0.101197,0.001803,0.009126,0.010309,0.10718,0.002905,104,85,43,1085,1,0
988,1,2.242989,0.459741,1.783248,1317,sha3,OMNeT++; module=UavAuthNetwork.uav[18]; config=Swarm20,0.295116,0.047718,0.265569,0.076612,0.231603,0.03267,0.197877,0.076612,0.176506,0.163443,0.011401,1.551644,Swarm20,Swarm20-19-20260922-20:31:49-1127387,18,Swarm20-19-20260922-20:31:49-1127387|phase2|18,19,19,19,sha3,20,,,,2.212259,0.197877,0.007144,0.010108,0.099524,0.001714,0.007913,0.010208,0.099564,0.002835,104,85,43,1085,1,0
989,1,2.25415,0.454371,1.799779,1317,sha3,OMNeT++; module=UavAuthNetwork.uav[19]; config=Swarm20,0.290388,0.046926,0.259831,0.076341,0.21934,0.03279,0.193198,0.076341,0.1725,0.158188,0.011301,1.580439,Swarm20,Swarm20-19-20260922-20:31:49-1127387,19,Swarm20-19-20260922-20:31:49-1127387|phase2|19,19,19,19,sha3,20,,,,2.217797,0.193198,0.007043,0.010229,0.099023,0.001693,0.007022,0.010039,0.098153,0.002374,104,85,43,1085,1,0
990,1,2.419756,0.628813,1.790943,1317,sha3,OMNeT++; module=UavAuthNetwork.uav[0]; config=Swarm20,0.412333,0.065361,0.246576,0.101017,0.2337,0.044823,0.265351,0.101017,0.205811,0.169423,0.014446,1.557243,Swarm20,Swarm20-2-20260922-20:31:48-1127387,0,Swarm20-2-20260922-20:31:48-1127387|phase2|0,2,2,2,sha3,20,,,,2.206942,0.265351,0.008767,0.017903,0.140489,0.002635,0.010851,0.013415,0.124801,0.009087,104,85,43,1085,1,0
991,1,2.295036,0.518501,1.776535,1317,sha3,OMNeT++; module=UavAuthNetwork.uav[1]; config=Swarm20,0.322937,0.049672,0.244298,0.09138,0.224722,0.034595,0.2163,0.09138,0.181986,0.164189,0.012804,1.551813,Swarm20,Swarm20-2-20260922-20:31:48-1127387,1,Swarm20-2-20260922-20:31:48-1127387|phase2|1,2,2,2,sha3,20,,,,2.185022,0.2163,0.007704,0.022482,0.105645,0.001834,0.007513,0.01097,0.1029,0.003016,104,85,43,1085,1,0
992,1,2.262088,0.470763,1.791325,1317,sha3,OMNeT++; module=UavAuthNetwork.uav[2]; config=Swarm20,0.301819,0.04859,0.256985,0.078476,0.218432,0.033833,0.200882,0.078476,0.178761,0.161087,0.011992,1.572893,Swarm20,Swarm20-2-20260922-20:31:48-1127387,2,Swarm20-2-20260922-20:31:48-1127387|phase2|2,2,2,2,sha3,20,,,,2.209397,0.200882,0.007304,0.01042,0.102188,0.001744,0.007224,0.010199,0.101378,0.002505,104,85,43,1085,1,0
993,1,2.370077,0.570887,1.79919,1317,sha3,OMNeT++; module=UavAuthNetwork.uav[3]; config=Swarm20,0.316455,0.078716,0.258936,0.115935,0.241517,0.034945,0.21061,0.115935,0.263548,0.16821,0.022562,1.557673,Swarm20,Swarm20-2-20260922-20:31:48-1127387,3,Swarm20-2-20260922-20:31:48-1127387|phase2|3,2,2,2,sha3,20,,,,2.226336,0.21061,0.012323,0.014548,0.131473,0.003627,0.015788,0.013556,0.149006,0.003968,104,85,43,1085,1,0
994,1,2.518281,0.69064,1.827641,1317,sha3,OMNeT++; module=UavAuthNetwork.uav[4]; config=Swarm20,0.458218,0.073306,0.276384,0.106117,0.252583,0.04876,0.31358,0.106117,0.271954,0.194092,0.020188,1.575059,Swarm20,Swarm20-2-20260922-20:31:48-1127387,4,Swarm20-2-20260922-20:31:48-1127387|phase2|4,2,2,2,sha3,20,,,,2.298117,0.31358,0.012553,0.016782,0.134088,0.003377,0.012765,0.020528,0.136974,0.004578,104,85,43,1085,1,0
995,1,2.445414,0.65897,1.786444,1317,sha3,OMNeT++; module=UavAuthNetwork.uav[5]; config=Swarm20,0.423184,0.069689,0.24045,0.106687,0.236659,0.035075,0.298352,0.106687,0.260532,0.196585,0.022412,1.549785,Swarm20,Swarm20-2-20260922-20:31:48-1127387,5,Swarm20-2-20260922-20:31:48-1127387|phase2|5,2,2,2,sha3,20,,,,2.223479,0.298352,0.010701,0.017813,0.138206,0.003566,0.012905,0.017622,0.136973,0.003687,104,85,43,1085,1,0
996,1,2.441664,0.638742,1.802922,1317,sha3,OMNeT++; module=UavAuthNetwork.uav[6]; config=Swarm20,0.423695,0.056896,0.249616,0.09766,0.237624,0.052858,0.282704,0.09766,0.252347,0.171847,0.019727,1.565299,Swarm20,Swarm20-2-20260922-20:31:48-1127387,6,Swarm20-2-20260922-20:31:48-1127387|phase2|6,2,2,2,sha3,20,,,,2.224385,0.282704,0.013445,0.018484,0.121455,0.003186,0.011681,0.016061,0.114571,0.003447,104,85,43,1085,1,0
997,1,2.439152,0.638212,1.80094,1317,sha3,OMNeT++; module=UavAuthNetwork.uav[7]; config=Swarm20,0.396714,0.072104,0.24858,0.11323,0.248025,0.049151,0.262055,0.11323,0.2486,0.162969,0.015038,1.552915,Swarm20,Swarm20-2-20260922-20:31:48-1127387,7,Swarm20-2-20260922-20:31:48-1127387|phase2|7,2,2,2,sha3,20,,,,2.212489,0.262055,0.009908,0.015868,0.142103,0.002204,0.010701,0.017593,0.138747,0.004769,104,85,43,1085,1,0
998,1,2.456763,0.690288,1.766475,1317,sha3,OMNeT++; module=UavAuthNetwork.uav[8]; config=Swarm20,0.447017,0.07564,0.258807,0.112108,0.217341,0.04848,0.293884,0.112108,0.223914,0.183393,0.019055,1.549133,Swarm20,Swarm20-2-20260922-20:31:48-1127387,8,Swarm20-2-20260922-20:31:48-1127387|phase2|8,2,2,2,sha3,20,,,,2.208675,0.293884,0.013715,0.017844,0.147343,0.002525,0.020558,0.01654,0.126044,0.004849,104,85,43,1085,1,0
999,1,2.365692,0.598507,1.767185,1317,sha3,OMNeT++; module=UavAuthNetwork.uav[9]; config=Swarm20,0.391975,0.057506,0.249934,0.09186,0.21552,0.050293,0.262846,0.09186,0.265421,0.170326,0.022812,1.551665,Swarm20,Swarm20-2-20260922-20:31:48-1127387,9,Swarm20-2-20260922-20:31:48-1127387|phase2|9,2,2,2,sha3,20,,,,2.187445,0.262846,0.008056,0.012112,0.122136,0.003556,0.008074,0.018776,0.129018,0.004128,104,85,43,1085,1,0
1000,1,2.439472,0.635937,1.803535,1317,sha3,OMNeT++; module=UavAuthNetwork.uav[10]; config=Swarm20,0.395061,0.074548,0.240811,0.11344,0.227668,0.054871,0.248019,0.11344,0.244803,0.185045,0.013996,1.575867,Swarm20,Swarm20-2-20260922-20:31:48-1127387,10,Swarm20-2-20260922-20:31:48-1127387|phase2|10,2,2,2,sha3,20,,,,2.229391,0.248019,0.013124,0.014718,0.144938,0.002284,0.012103,0.022401,0.132525,0.0055,104,85,43,1085,1,0
1001,1,2.42352,0.643962,1.779558,1317,sha3,OMNeT++; module=UavAuthNetwork.uav[11]; config=Swarm20,0.424095,0.068367,0.242082,0.102019,0.225616,0.042859,0.27547,0.102019,0.236588,0.175107,0.015829,1.553942,Swarm20,Swarm20-2-20260922-20:31:48-1127387,11,Swarm20-2-20260922-20:31:48-1127387|phase2|11,2,2,2,sha3,20,,,,2.196747,0.27547,0.010861,0.013035,0.136132,0.002334,0.014147,0.015498,0.125862,0.004698,104,85,43,1085,1,0
1002,1,2.350128,0.579071,1.771057,1317,sha3,OMNeT++; module=UavAuthNetwork.uav[12]; config=Swarm20,0.372229,0.063748,0.24737,0.096338,0.221031,0.042939,0.243641,0.096338,0.225317,0.160315,0.014166,1.550027,Swarm20,Swarm20-2-20260922-20:31:48-1127387,12,Swarm20-2-20260922-20:31:48-1127387|phase2|12,2,2,2,sha3,20,,,,2.178743,0.243641,0.009409,0.019045,0.121716,0.002484,0.013284,0.01652,0.114682,0.004148,104,85,43,1085,1,0
1003,1,2.372679,0.601623,1.771056,1317,sha3,OMNeT++; module=UavAuthNetwork.uav[13]; config=Swarm20,0.387347,0.060312,0.254043,0.099043,0.221363,0.04303,0.267365,0.099043,0.229635,0.168155,0.01619,1.549693,Swarm20,Swarm20-2-20260922-20:31:48-1127387,13,Swarm20-2-20260922-20:31:48-1127387|phase2|13,2,2,2,sha3,20,,,,2.193255,0.267365,0.009787,0.016772,0.120383,0.002795,0.008395,0.016491,0.120633,0.003417,104,85,43,1085,1,0
1004,1,2.387058,0.615578,1.77148,1317,sha3,OMNeT++; module=UavAuthNetwork.uav[14]; config=Swarm20,0.380053,0.065692,0.251853,0.107779,0.221098,0.039202,0.257306,0.107779,0.221781,0.167628,0.019967,1.550382,Swarm20,Swarm20-2-20260922-20:31:48-1127387,14,Swarm20-2-20260922-20:31:48-1127387|phase2|14,2,2,2,sha3,20,,,,2.190961,0.257306,0.012082,0.015849,0.131654,0.003277,0.014306,0.015619,0.117427,0.003777,104,85,43,1085,1,0
1005,1,2.371449,0.591116,1.780333,1317,sha3,OMNeT++; module=UavAuthNetwork.uav[15]; config=Swarm20,0.382087,0.062455,0.269301,0.097952,0.215441,0.042469,0.256635,0.097952,0.196594,0.165881,0.013125,1.564893,Swarm20,Swarm20-2-20260922-20:31:48-1127387,15,Swarm20-2-20260922-20:31:48-1127387|phase2|15,2,2,2,sha3,20,,,,2.215516,0.256635,0.008206,0.01657,0.126004,0.002014,0.008496,0.011672,0.116004,0.003196,104,85,43,1085,1,0
1006,1,2.26664,0.481281,1.785359,1317,sha3,OMNeT++; module=UavAuthNetwork.uav[16]; config=Swarm20,0.307349,0.050634,0.248656,0.08098,0.216631,0.035105,0.203046,0.08098,0.18344,0.181383,0.011972,1.568728,Swarm20,Swarm20-2-20260922-20:31:48-1127387,16,Swarm20-2-20260922-20:31:48-1127387|phase2|16,2,2,2,sha3,20,,,,2.215398,0.203046,0.007565,0.01076,0.105895,0.001743,0.007603,0.01064,0.103973,0.002705,104,85,43,1085,1,0
1007,1,2.29668,0.492852,1.803828,1317,sha3,OMNeT++; module=UavAuthNetwork.uav[17]; config=Swarm20,0.313069,0.049432,0.239211,0.084176,0.232995,0.034975,0.21081,0.084176,0.180905,0.166667,0.011431,1.570832,Swarm20,Swarm20-2-20260922-20:31:48-1127387,17,Swarm20-2-20260922-20:31:48-1127387|phase2|17,2,2,2,sha3,20,,,,2.209706,0.21081,0.007475,0.010489,0.10821,0.001693,0.007312,0.01052,0.102049,0.002665,104,85,43,1085,1,0
1008,1,2.267472,0.468448,1.799024,1317,sha3,OMNeT++; module=UavAuthNetwork.uav[18]; config=Swarm20,0.299554,0.049031,0.247054,0.078566,0.249403,0.034324,0.198747,0.078566,0.189631,0.162615,0.011762,1.549621,Swarm20,Swarm20-2-20260922-20:31:48-1127387,18,Swarm20-2-20260922-20:31:48-1127387|phase2|18,2,2,2,sha3,20,,,,2.208693,0.198747,0.007263,0.010359,0.102701,0.001763,0.007353,0.010501,0.103541,0.002454,104,85,43,1085,1,0
1009,1,2.29322,0.521255,1.771965,1317,sha3,OMNeT++; module=UavAuthNetwork.uav[19]; config=Swarm20,0.309243,0.054411,0.270974,0.098823,0.221642,0.034925,0.206492,0.098823,0.23775,0.172184,0.014366,1.550323,Swarm20,Swarm20-2-20260922-20:31:48-1127387,19,Swarm20-2-20260922-20:31:48-1127387|phase2|19,2,2,2,sha3,20,,,,2.215122,0.206492,0.010941,0.012101,0.11813,0.002234,0.009667,0.011853,0.123098,0.004649,104,85,43,1085,1,0
1010,1,2.306685,0.510566,1.796119,1317,sha3,OMNeT++; module=UavAuthNetwork.uav[0]; config=Swarm20,0.33478,0.050173,0.254839,0.08073,0.226136,0.043621,0.209288,0.08073,0.226168,0.17172,0.014326,1.569983,Swarm20,Swarm20-20-20260922-20:31:49-1127387,0,Swarm20-20-20260922-20:31:49-1127387|phase2|0,20,20,20,sha3,20,,,,2.222678,0.209288,0.008196,0.014196,0.114351,0.002745,0.007485,0.014327,0.108701,0.01062,104,85,43,1085,1,0
1011,1,2.242496,0.463599,1.778897,1317,sha3,OMNeT++; module=UavAuthNetwork.uav[1]; config=Swarm20,0.294786,0.053479,0.241459,0.078255,0.217109,0.0329,0.194931,0.078255,0.176297,0.183099,0.012303,1.561788,Swarm20,Swarm20-20-20260922-20:31:49-1127387,1,Swarm20-20-20260922-20:31:49-1127387|phase2|1,20,20,20,sha3,20,,,,2.203455,0.194931,0.007223,0.010459,0.10251,0.001844,0.008496,0.009949,0.104343,0.003327,104,85,43,1085,1,0
1012,1,2.258309,0.467274,1.791035,1317,sha3,OMNeT++; module=UavAuthNetwork.uav[2]; config=Swarm20,0.300666,0.047388,0.241158,0.076802,0.233214,0.032631,0.201853,0.076802,0.18908,0.183367,0.013004,1.557821,Swarm20,Swarm20-20-20260922-20:31:49-1127387,2,Swarm20-20-20260922-20:31:49-1127387|phase2|2,20,20,20,sha3,20,,,,2.21556,0.201853,0.007063,0.01038,0.100446,0.001974,0.007041,0.010057,0.098241,0.004018,104,85,43,1085,1,0
1013,1,2.278932,0.475922,1.80301,1317,sha3,OMNeT++; module=UavAuthNetwork.uav[3]; config=Swarm20,0.310916,0.047598,0.245115,0.076592,0.247416,0.032811,0.202876,0.076592,0.180885,0.188912,0.011822,1.555594,Swarm20,Swarm20-20-20260922-20:31:49-1127387,3,Swarm20-20-20260922-20:31:49-1127387|phase2|3,20,20,20,sha3,20,,,,2.237038,0.202876,0.007322,0.012023,0.1078,0.001764,0.007084,0.010179,0.098632,0.002915,104,85,43,1085,1,0
1014,1,2.223652,0.448159,1.775493,1317,sha3,OMNeT++; module=UavAuthNetwork.uav[4]; config=Swarm20,0.285108,0.047177,0.261987,0.07591,0.220159,0.032561,0.187497,0.07591,0.174493,0.187374,0.011231,1.555334,Swarm20,Swarm20-20-20260922-20:31:49-1127387,4,Swarm20-20-20260922-20:31:49-1127387|phase2|4,20,20,20,sha3,20,,,,2.224854,0.187497,0.007103,0.01012,0.099414,0.001623,0.007043,0.009979,0.098422,0.002535,104,85,43,1085,1,0
1015,1,2.259727,0.444244,1.815483,1317,sha3,OMNeT++; module=UavAuthNetwork.uav[5]; config=Swarm20,0.279237,0.055042,0.247287,0.076923,0.262442,0.03254,0.18339,0.076923,0.17307,0.171859,0.011161,1.553041,Swarm20,Swarm20-20-20260922-20:31:49-1127387,5,Swarm20-20-20260922-20:31:49-1127387|phase2|5,20,20,20,sha3,20,,,,2.23463,0.18339,0.007234,0.010601,0.098903,0.001613,0.007073,0.009948,0.106548,0.002886,104,85,43,1085,1,0
1016,1,2.237035,0.451154,1.785881,1317,sha3,OMNeT++; module=UavAuthNetwork.uav[6]; config=Swarm20,0.288774,0.046626,0.239825,0.07575,0.227276,0.032941,0.192516,0.07575,0.172098,0.167816,0.01088,1.558606,Swarm20,Swarm20-20-20260922-20:31:49-1127387,6,Swarm20-20-20260922-20:31:49-1127387|phase2|6,20,20,20,sha3,20,,,,2.193523,0.192516,0.006962,0.010049,0.098492,0.001583,0.006873,0.009909,0.09757,0.002244,104,85,43,1085,1,0
1017,1,2.233838,0.452266,1.781572,1317,sha3,OMNeT++; module=UavAuthNetwork.uav[7]; config=Swarm20,0.289616,0.046166,0.27625,0.07579,0.215888,0.032911,0.193779,0.07579,0.171177,0.174773,0.01107,1.565684,Swarm20,Swarm20-20-20260922-20:31:49-1127387,7,Swarm20-20-20260922-20:31:49-1127387|phase2|7,20,20,20,sha3,20,,,,2.232595,0.193779,0.007014,0.009999,0.099113,0.001573,0.006944,0.010019,0.09748,0.002464,104,85,43,1085,1,0
1018,1,2.244389,0.449061,1.795328,1317,sha3,OMNeT++; module=UavAuthNetwork.uav[8]; config=Swarm20,0.284777,0.047287,0.260262,0.076602,0.239398,0.03258,0.190061,0.076602,0.17843,0.161444,0.01108,1.55593,Swarm20,Swarm20-20-20260922-20:31:49-1127387,8,Swarm20-20-20260922-20:31:49-1127387|phase2|8,20,20,20,sha3,20,,,,2.217033,0.190061,0.007073,0.010149,0.099224,0.001603,0.006933,0.01046,0.097601,0.002445,104,85,43,1085,1,0
1019,1,2.234347,0.446627,1.78772,1317,sha3,OMNeT++; module=UavAuthNetwork.uav[9]; config=Swarm20,0.284997,0.046276,0.281104,0.07541,0.230496,0.03241,0.189791,0.07541,0.176226,0.159588,0.01081,1.557224,Swarm20,Swarm20-20-20260922-20:31:49-1127387,9,Swarm20-20-20260922-20:31:49-1127387|phase2|9,20,20,20,sha3,20,,,,2.228413,0.189791,0.006942,0.009939,0.098713,0.001583,0.006873,0.010009,0.10234,0.002254,104,85,43,1085,1,0
1020,1,2.225681,0.454411,1.77127,1317,sha3,OMNeT++; module=UavAuthNetwork.uav[10]; config=Swarm20,0.291209,0.047367,0.262279,0.076111,0.216669,0.032941,0.189261,0.076111,0.172639,0.181559,0.01098,1.554602,Swarm20,Swarm20-20-20260922-20:31:49-1127387,10,Swarm20-20-20260922-20:31:49-1127387|phase2|10,20,20,20,sha3,20,,,,2.215108,0.189261,0.007074,0.010059,0.104924,0.001663,0.006943,0.010178,0.098133,0.002585,104,85,43,1085,1,0
1021,1,2.23546,0.451004,1.784456,1317,sha3,OMNeT++; module=UavAuthNetwork.uav[11]; config=Swarm20,0.288524,0.046426,0.257775,0.07584,0.223153,0.032871,0.192246,0.07584,0.171107,0.166455,0.0108,1.561303,Swarm20,Swarm20-20-20260922-20:31:49-1127387,11,Swarm20-20-20260922-20:31:49-1127387|phase2|11,20,20,20,sha3,20,,,,2.208686,0.192246,0.007123,0.010099,0.098974,0.001753,0.006933,0.009878,0.097772,0.002354,104,85,43,1085,1,0
1022,1,2.222882,0.457697,1.765185,1317,sha3,OMNeT++; module=UavAuthNetwork.uav[12]; config=Swarm20,0.295366,0.046997,0.253412,0.07559,0.215685,0.040976,0.191855,0.07559,0.171979,0.172568,0.011151,1.549501,Swarm20,Swarm20-20-20260922-20:31:49-1127387,12,Swarm20-20-20260922-20:31:49-1127387|phase2|12,20,20,20,sha3,20,,,,2.191165,0.191855,0.006992,0.010078,0.098874,0.001633,0.006993,0.009797,0.097831,0.002525,104,85,43,1085,1,0
1023,1,2.265424,0.449763,1.815661,1317,sha3,OMNeT++; module=UavAuthNetwork.uav[13]; config=Swarm20,0.287693,0.046366,0.302026,0.07548,0.240654,0.032941,0.192436,0.07548,0.17832,0.159598,0.01111,1.575006,Swarm20,Swarm20-20-20260922-20:31:49-1127387,13,Swarm20-20-20260922-20:31:49-1127387|phase2|13,20,20,20,sha3,20,,,,2.277285,0.192436,0.006934,0.009978,0.098643,0.001643,0.006882,0.010018,0.103833,0.002274,104,85,43,1085,1,0
1024,1,2.258097,0.45355,1.804547,1317,sha3,OMNeT++; module=UavAuthNetwork.uav[14]; config=Swarm20,0.291049,0.046917,0.258237,0.075901,0.215792,0.03261,0.195932,0.075901,0.175635,0.171165,0.010699,1.588755,Swarm20,Swarm20-20-20260922-20:31:49-1127387,14,Swarm20-20-20260922-20:31:49-1127387|phase2|14,20,20,20,sha3,20,,,,2.233949,0.195932,0.007022,0.010239,0.098674,0.001563,0.006862,0.009758,0.10262,0.002194,104,85,43,1085,1,0
1025,1,2.269863,0.454502,1.815361,1317,sha3,OMNeT++; module=UavAuthNetwork.uav[15]; config=Swarm20,0.292692,0.046266,0.250295,0.0756,0.215741,0.03266,0.196855,0.0756,0.171156,0.170868,0.01061,1.599621,Swarm20,Swarm20-20-20260922-20:31:49-1127387,15,Swarm20-20-20260922-20:31:49-1127387|phase2|15,20,20,20,sha3,20,,,,2.236524,0.196855,0.007153,0.010109,0.098653,0.001633,0.006893,0.009827,0.097521,0.002485,104,85,43,1085,1,0
1026,1,2.267067,0.447389,1.819678,1317,sha3,OMNeT++; module=UavAuthNetwork.uav[16]; config=Swarm20,0.284967,0.046546,0.265604,0.07532,0.234778,0.032189,0.190363,0.07532,0.177378,0.182269,0.011782,1.5849,Swarm20,Swarm20-20-20260922-20:31:49-1127387,16,Swarm20-20-20260922-20:31:49-1127387|phase2|16,20,20,20,sha3,20,,,,2.267551,0.190363,0.007002,0.010049,0.098121,0.001653,0.007033,0.009928,0.097641,0.008135,104,85,43,1085,1,0
1027,1,2.229508,0.45494,1.774568,1317,sha3,OMNeT++; module=UavAuthNetwork.uav[17]; config=Swarm20,0.291479,0.046667,0.259733,0.07596,0.214753,0.032751,0.19455,0.07596,0.173622,0.176066,0.011541,1.559815,Swarm20,Swarm20-20-20260922-20:31:49-1127387,17,Swarm20-20-20260922-20:31:49-1127387|phase2|17,20,20,20,sha3,20,,,,2.210368,0.19455,0.007023,0.010028,0.099154,0.001592,0.007034,0.009898,0.097551,0.002374,104,85,43,1085,1,0
1028,1,2.254611,0.461636,1.792975,1317,sha3,OMNeT++; module=UavAuthNetwork.uav[18]; config=Swarm20,0.283575,0.046716,0.244208,0.083475,0.223547,0.032911,0.188328,0.083475,0.17294,0.187638,0.011111,1.569428,Swarm20,Swarm20-20-20260922-20:31:49-1127387,18,Swarm20-20-20260922-20:31:49-1127387|phase2|18,20,20,20,sha3,20,,,,2.22482,0.188328,0.006912,0.010299,0.106086,0.001693,0.006993,0.009799,0.09747,0.002615,104,85,43,1085,1,0
1029,1,2.232746,0.449913,1.782833,1317,sha3,OMNeT++; module=UavAuthNetwork.uav[19]; config=Swarm20,0.287732,0.046436,0.251567,0.075731,0.220619,0.032841,0.191795,0.075731,0.171828,0.169835,0.010719,1.562214,Swarm20,Swarm20-20-20260922-20:31:49-1127387,19,Swarm20-20-20260922-20:31:49-1127387|phase2|19,20,20,20,sha3,20,,,,2.204235,0.191795,0.006962,0.010159,0.098672,0.001703,0.006921,0.009908,0.097952,0.002244,104,85,43,1085,1,0
1030,1,2.327418,0.511094,1.816324,1317,sha3,OMNeT++; module=UavAuthNetwork.uav[0]; config=Swarm20,0.337424,0.049481,0.248141,0.080168,0.224233,0.032921,0.227621,0.080168,0.180584,0.186392,0.013334,1.592092,Swarm20,Swarm20-21-20260922-20:31:49-1127387,0,Swarm20-21-20260922-20:31:49-1127387|phase2|0,21,21,21,sha3,20,,,,2.250857,0.227621,0.007754,0.010899,0.113359,0.002414,0.007553,0.010658,0.098553,0.008756,104,85,43,1085,1,0
1031,1,2.284476,0.478025,1.806451,1317,sha3,OMNeT++; module=UavAuthNetwork.uav[1]; config=Swarm20,0.288754,0.046526,0.258115,0.088614,0.219581,0.0325,0.192226,0.088614,0.193989,0.162311,0.012043,1.586871,Swarm20,Swarm20-21-20260922-20:31:49-1127387,1,Swarm20-21-20260922-20:31:49-1127387|phase2|1,21,21,21,sha3,20,,,,2.226877,0.192226,0.007083,0.010479,0.110955,0.001763,0.007173,0.010109,0.098002,0.002855,104,85,43,1085,1,0
1032,1,2.242398,0.4481,1.794298,1317,sha3,OMNeT++; module=UavAuthNetwork.uav[2]; config=Swarm20,0.285017,0.046867,0.24735,0.075861,0.232837,0.03244,0.188048,0.075861,0.172329,0.168405,0.011361,1.561461,Swarm20,Swarm20-21-20260922-20:31:49-1127387,2,Swarm20-21-20260922-20:31:49-1127387|phase2|2,21,21,21,sha3,20,,,,2.210053,0.188048,0.007072,0.009889,0.099704,0.001633,0.007042,0.009788,0.097721,0.002314,104,85,43,1085,1,0
1033,1,2.227035,0.451217,1.775818,1317,sha3,OMNeT++; module=UavAuthNetwork.uav[3]; config=Swarm20,0.288544,0.046686,0.248104,0.075791,0.214441,0.032129,0.192707,0.075791,0.172389,0.164222,0.011091,1.561377,Swarm20,Swarm20-21-20260922-20:31:49-1127387,3,Swarm20-21-20260922-20:31:49-1127387|phase2|3,21,21,21,sha3,20,,,,2.188144,0.192707,0.007062,0.010068,0.098853,0.001633,0.006982,0.010079,0.097711,0.002384,104,85,43,1085,1,0
1034,1,2.231882,0.444584,1.787298,1317,sha3,OMNeT++; module=UavAuthNetwork.uav[4]; config=Swarm20,0.282363,0.046857,0.241284,0.07554,0.222645,0.03236,0.187397,0.07554,0.179532,0.173893,0.011141,1.564653,Swarm20,Swarm20-21-20260922-20:31:49-1127387,4,Swarm20-21-20260922-20:31:49-1127387|phase2|4,21,21,21,sha3,20,,,,2.202475,0.187397,0.006953,0.009968,0.098412,0.001663,0.007013,0.009869,0.097961,0.002394,104,85,43,1085,1,0
1035,1,2.225858,0.445434,1.780424,1317,sha3,OMNeT++; module=UavAuthNetwork.uav[5]; config=Swarm20,0.283244,0.046165,0.245793,0.07559,0.215008,0.032219,0.187668,0.07559,0.170777,0.205497,0.01101,1.565416,Swarm20,Swarm20-21-20260922-20:31:49-1127387,5,Swarm20-21-20260922-20:31:49-1127387|phase2|5,21,21,21,sha3,20,,,,2.231714,0.187668,0.007072,0.009988,0.099234,0.001613,0.007133,0.009738,0.09758,0.002224,104,85,43,1085,1,0
1036,1,2.345236,0.506999,1.838237,1317,sha3,OMNeT++; module=UavAuthNetwork.uav[6]; config=Swarm20,0.322818,0.04816,0.250604,0.075951,0.267315,0.033081,0.199901,0.075951,0.173451,0.19354,0.032279,1.570922,Swarm20,Swarm20-21-20260922-20:31:49-1127387,6,Swarm20-21-20260922-20:31:49-1127387|phase2|6,21,21,21,sha3,20,,,,2.282381,0.199901,0.007603,0.009989,0.125322,0.001973,0.007173,0.010369,0.097972,0.002655,104,85,43,1085,1,0
1037,1,2.260147,0.479097,1.78105,1317,sha3,OMNeT++; module=UavAuthNetwork.uav[7]; config=Swarm20,0.289396,0.066203,0.261564,0.077453,0.222074,0.032389,0.192837,0.077453,0.171989,0.181559,0.034795,1.558976,Swarm20,Swarm20-21-20260922-20:31:49-1127387,7,Swarm20-21-20260922-20:31:49-1127387|phase2|7,21,21,21,sha3,20,,,,2.224173,0.192837,0.007094,0.010379,0.100296,0.025217,0.007124,0.009848,0.117338,0.002435,104,85,43,1085,1,0
1038,1,2.275983,0.488425,1.787558,1317,sha3,OMNeT++; module=UavAuthNetwork.uav[8]; config=Swarm20,0.286801,0.068307,0.253733,0.094976,0.223675,0.032801,0.190292,0.094976,0.17285,0.164078,0.011672,1.563883,Swarm20,Swarm20-21-20260922-20:31:49-1127387,8,Swarm20-21-20260922-20:31:49-1127387|phase2|8,21,21,21,sha3,20,,,,2.205369,0.190292,0.007083,0.010931,0.117327,0.001683,0.007464,0.010209,0.11859,0.002645,104,85,43,1085,1,0
1039,1,2.283419,0.468986,1.814433,1317,sha3,OMNeT++; module=UavAuthNetwork.uav[9]; config=Swarm20,0.304954,0.054801,0.249729,0.076491,0.234616,0.03801,0.202745,0.076491,0.172249,0.215405,0.01105,1.579817,Swarm20,Swarm20-21-20260922-20:31:49-1127387,9,Swarm20-21-20260922-20:31:49-1127387|phase2|9,21,21,21,sha3,20,,,,2.279566,0.202745,0.007075,0.010459,0.099625,0.001693,0.007283,0.009969,0.105065,0.002705,104,85,43,1085,1,0
1040,1,2.246452,0.449461,1.796991,1317,sha3,OMNeT++; module=UavAuthNetwork.uav[10]; config=Swarm20,0.277022,0.050253,0.239457,0.080479,0.235875,0.032319,0.182377,0.080479,0.206943,0.168479,0.011481,1.561116,Swarm20,Swarm20-21-20260922-20:31:49-1127387,10,Swarm20-21-20260922-20:31:49-1127387|phase2|10,21,21,21,sha3,20,,,,2.204927,0.182377,0.006962,0.010309,0.103071,0.001803,0.007844,0.010871,0.107969,0.003016,104,85,43,1085,1,0
1041,1,2.282235,0.501279,1.780956,1317,sha3,OMNeT++; module=UavAuthNetwork.uav[11]; config=Swarm20,0.331173,0.047728,0.269861,0.076943,0.218621,0.040886,0.219296,0.076943,0.195983,0.169241,0.01622,1.562335,Swarm20,Swarm20-21-20260922-20:31:49-1127387,11,Swarm20-21-20260922-20:31:49-1127387|phase2|11,21,21,21,sha3,20,,,,2.220059,0.219296,0.007263,0.010739,0.101949,0.002164,0.007124,0.010079,0.098572,0.003457,104,85,43,1085,1,0
1042,1,2.317653,0.482955,1.834698,1317,sha3,OMNeT++; module=UavAuthNetwork.uav[12]; config=Swarm20,0.30212,0.083544,0.255277,0.084256,0.247261,0.033301,0.198798,0.084256,0.179122,0.158603,0.012323,1.587437,Swarm20,Swarm20-21-20260922-20:31:49-1127387,12,Swarm20-21-20260922-20:31:49-1127387|phase2|12,21,21,21,sha3,20,,,,2.248579,0.198798,0.007284,0.011792,0.106477,0.001823,0.008285,0.010238,0.114673,0.003517,104,85,43,1085,1,0
1043,1,2.318253,0.466472,1.851781,1317,sha3,OMNeT++; module=UavAuthNetwork.uav[13]; config=Swarm20,0.301288,0.048069,0.245131,0.076661,0.254512,0.032921,0.200071,0.076661,0.184932,0.180429,0.011862,1.597269,Swarm20,Swarm20-21-20260922-20:31:49-1127387,13,Swarm20-21-20260922-20:31:49-1127387|phase2|13,21,21,21,sha3,20,,,,2.277341,0.200071,0.008646,0.01028,0.100055,0.001803,0.007124,0.010359,0.098643,0.002745,104,85,43,1085,1,0
1044,1,2.293628,0.482653,1.810975,1317,sha3,OMNeT++; module=UavAuthNetwork.uav[14]; config=Swarm20,0.317768,0.04898,0.247098,0.076682,0.228263,0.040384,0.20509,0.076682,0.174082,0.219633,0.011521,1.582712,Swarm20,Swarm20-21-20260922-20:31:49-1127387,14,Swarm20-21-20260922-20:31:49-1127387|phase2|14,21,21,21,sha3,20,,,,2.277706,0.20509,0.007454,0.01061,0.105836,0.001823,0.007124,0.01054,0.099234,0.002795,104,85,43,1085,1,0
1045,1,2.287601,0.51761,1.769991,1317,sha3,OMNeT++; module=UavAuthNetwork.uav[15]; config=Swarm20,0.29154,0.046606,0.249864,0.107179,0.216183,0.032911,0.19438,0.107179,0.173871,0.159255,0.011712,1.553808,Swarm20,Swarm20-21-20260922-20:31:49-1127387,15,Swarm20-21-20260922-20:31:49-1127387|phase2|15,21,21,21,sha3,20,,,,2.179111,0.19438,0.007032,0.01132,0.128889,0.001703,0.007214,0.009968,0.097781,0.002895,104,85,43,1085,1,0
1046,1,2.289534,0.458258,1.831276,1317,sha3,OMNeT++; module=UavAuthNetwork.uav[16]; config=Swarm20,0.295517,0.047357,0.264102,0.07562,0.266035,0.03267,0.198528,0.07562,0.203066,0.195918,0.011501,1.565241,Swarm20,Swarm20-21-20260922-20:31:49-1127387,16,Swarm20-21-20260922-20:31:49-1127387|phase2|16,21,21,21,sha3,20,,,,2.291296,0.198528,0.007023,0.010229,0.098523,0.001753,0.007093,0.009818,0.09762,0.002956,104,85,43,1085,1,0
1047,1,2.257967,0.459751,1.798216,1317,sha3,OMNeT++; module=UavAuthNetwork.uav[17]; config=Swarm20,0.295727,0.046927,0.258857,0.076041,0.217338,0.033071,0.197245,0.076041,0.180654,0.164634,0.011942,1.580878,Swarm20,Swarm20-21-20260922-20:31:49-1127387,17,Swarm20-21-20260922-20:31:49-1127387|phase2|17,21,21,21,sha3,20,,,,2.221707,0.197245,0.007132,0.010178,0.100295,0.001863,0.006964,0.010008,0.09768,0.003857,104,85,43,1085,1,0
1048,1,2.248569,0.45877,1.789799,1317,sha3,OMNeT++; module=UavAuthNetwork.uav[18]; config=Swarm20,0.28596,0.047428,0.264479,0.0808,0.221439,0.03287,0.188188,0.0808,0.182037,0.177215,0.01121,1.568359,Swarm20,Swarm20-21-20260922-20:31:49-1127387,18,Swarm20-21-20260922-20:31:49-1127387|phase2|18,21,21,21,sha3,20,,,,2.231493,0.188188,0.007022,0.010069,0.104494,0.001723,0.006922,0.0105,0.107189,0.002635,104,85,43,1085,1,0
1049,1,2.248286,0.453619,1.794667,1317,sha3,OMNeT++; module=UavAuthNetwork.uav[19]; config=Swarm20,0.292281,0.046436,0.243418,0.075219,0.226781,0.03244,0.196304,0.075219,0.171547,0.188699,0.0109,1.567886,Swarm20,Swarm20-21-20260922-20:31:49-1127387,19,Swarm20-21-20260922-20:31:49-1127387|phase2|19,21,21,21,sha3,20,,,,2.226784,0.196304,0.006963,0.00998,0.098873,0.001553,0.006923,0.009918,0.097511,0.002295,104,85,43,1085,1,0
1050,1,2.278947,0.492311,1.786636,1317,sha3,OMNeT++; module=UavAuthNetwork.uav[0]; config=Swarm20,0.31845,0.056996,0.277576,0.079988,0.216723,0.036227,0.204849,0.079988,0.181356,0.203015,0.013885,1.569913,Swarm20,Swarm20-22-20260922-20:31:49-1127387,0,Swarm20-22-20260922-20:31:49-1127387|phase2|0,22,22,22,sha3,20,,,,2.267227,0.204849,0.008005,0.011261,0.111848,0.002394,0.007564,0.011792,0.104574,0.009638,104,85,43,1085,1,0
1051,1,2.296385,0.521967,1.774418,1317,sha3,OMNeT++; module=UavAuthNetwork.uav[1]; config=Swarm20,0.341081,0.047628,0.25008,0.084387,0.223974,0.032961,0.239763,0.084387,0.175505,0.181735,0.012112,1.550443,Swarm20,Swarm20-22-20260922-20:31:49-1127387,1,Swarm20-22-20260922-20:31:49-1127387|phase2|1,22,22,22,sha3,20,,,,2.206232,0.239763,0.014317,0.01087,0.101107,0.001783,0.007373,0.010169,0.098503,0.003426,104,85,43,1085,1,0
1052,1,2.257474,0.492293,1.765181,1317,sha3,OMNeT++; module=UavAuthNetwork.uav[2]; config=Swarm20,0.328188,0.047307,0.250591,0.075971,0.217651,0.067275,0.193839,0.075971,0.206111,0.174401,0.012163,1.547531,Swarm20,Swarm20-22-20260922-20:31:49-1127387,2,Swarm20-22-20260922-20:31:49-1127387|phase2|2,22,22,22,sha3,20,,,,2.190172,0.193839,0.007122,0.010299,0.100225,0.001903,0.007064,0.011039,0.128407,0.003136,104,85,43,1085,1,0
1053,1,2.260454,0.4588,1.801654,1317,sha3,OMNeT++; module=UavAuthNetwork.uav[3]; config=Swarm20,0.294004,0.046496,0.255038,0.076552,0.240976,0.038551,0.189681,0.076552,0.17308,0.174033,0.011692,1.560678,Swarm20,Swarm20-22-20260922-20:31:49-1127387,3,Swarm20-22-20260922-20:31:49-1127387|phase2|3,22,22,22,sha3,20,,,,2.230725,0.189681,0.007124,0.010288,0.100517,0.001723,0.007083,0.009818,0.097621,0.002545,104,85,43,1085,1,0
1054,1,2.236987,0.471162,1.765825,1317,sha3,OMNeT++; module=UavAuthNetwork.uav[4]; config=Swarm20,0.288735,0.046626,0.252776,0.085498,0.216493,0.03263,0.192667,0.085498,0.173621,0.175419,0.011431,1.549332,Swarm20,Swarm20-22-20260922-20:31:49-1127387,4,Swarm20-22-20260922-20:31:49-1127387|phase2|4,22,22,22,sha3,20,,,,2.19402,0.192667,0.007082,0.010499,0.107659,0.001693,0.007074,0.009868,0.098362,0.002545,104,85,43,1085,1,0
1055,1,2.252754,0.446697,1.806057,1317,sha3,OMNeT++; module=UavAuthNetwork.uav[5]; config=Swarm20,0.283034,0.046175,0.257656,0.076221,0.237455,0.0324,0.187457,0.076221,0.172109,0.163061,0.011221,1.568602,Swarm20,Swarm20-22-20260922-20:31:49-1127387,5,Swarm20-22-20260922-20:31:49-1127387|phase2|5,22,22,22,sha3,20,,,,2.226773,0.187457,0.007032,0.010199,0.099083,0.001562,0.006993,0.009767,0.097762,0.002415,104,85,43,1085,1,0
1056,1,2.226315,0.454952,1.771363,1317,sha3,OMNeT++; module=UavAuthNetwork.uav[6]; config=Swarm20,0.292571,0.046836,0.284171,0.07565,0.218117,0.0324,0.196815,0.07565,0.172419,0.169512,0.011081,1.553246,Swarm20,Swarm20-22-20260922-20:31:49-1127387,6,Swarm20-22-20260922-20:31:49-1127387|phase2|6,22,22,22,sha3,20,,,,2.225046,0.196815,0.006962,0.010219,0.098783,0.001633,0.006971,0.009798,0.097732,0.002555,104,85,43,1085,1,0
1057,1,2.245529,0.445154,1.800375,1317,sha3,OMNeT++; module=UavAuthNetwork.uav[7]; config=Swarm20,0.283014,0.046396,0.254085,0.075199,0.231594,0.03234,0.188649,0.075199,0.186215,0.159612,0.011742,1.568781,Swarm20,Swarm20-22-20260922-20:31:49-1127387,7,Swarm20-22-20260922-20:31:49-1127387|phase2|7,22,22,22,sha3,20,,,,2.214072,0.188649,0.006963,0.009768,0.098233,0.001733,0.006964,0.009808,0.097691,0.002695,104,85,43,1085,1,0
1058,1,2.235152,0.452628,1.782524,1317,sha3,OMNeT++; module=UavAuthNetwork.uav[8]; config=Swarm20,0.289616,0.047257,0.259349,0.07579,0.220686,0.032671,0.191905,0.07579,0.171688,0.165389,0.011432,1.561838,Swarm20,Swarm20-22-20260922-20:31:49-1127387,8,Swarm20-22-20260922-20:31:49-1127387|phase2|8,22,22,22,sha3,20,,,,2.207261,0.191905,0.007103,0.009999,0.099774,0.001573,0.007012,0.009869,0.097621,0.002495,104,85,43,1085,1,0
1059,1,2.256822,0.453881,1.802941,1317,sha3,OMNeT++; module=UavAuthNetwork.uav[9]; config=Swarm20,0.289677,0.051896,0.264597,0.076622,0.234758,0.032721,0.194339,0.076622,0.172008,0.199009,0.01096,1.568183,Swarm20,Swarm20-22-20260922-20:31:49-1127387,9,Swarm20-22-20260922-20:31:49-1127387|phase2|9,22,22,22,sha3,20,,,,2.266548,0.194339,0.007033,0.010109,0.099204,0.001673,0.007163,0.009888,0.097911,0.002505,104,85,43,1085,1,0
1060,1,2.241995,0.450123,1.791872,1317,sha3,OMNeT++; module=UavAuthNetwork.uav[10]; config=Swarm20,0.287161,0.047027,0.260481,0.076011,0.230476,0.032551,0.191554,0.076011,0.173031,0.162336,0.01094,1.561395,Swarm20,Swarm20-22-20260922-20:31:49-1127387,10,Swarm20-22-20260922-20:31:49-1127387|phase2|10,22,22,22,sha3,20,,,,2.214689,0.191554,0.007064,0.010108,0.098833,0.001543,0.006923,0.009919,0.098091,0.002325,104,85,43,1085,1,0
1061,1,2.229543,0.458609,1.770934,1317,sha3,OMNeT++; module=UavAuthNetwork.uav[11]; config=Swarm20,0.296118,0.046486,0.252941,0.07583,0.22143,0.03248,0.200672,0.07583,0.170846,0.204741,0.010831,1.549504,Swarm20,Swarm20-22-20260922-20:31:49-1127387,11,Swarm20-22-20260922-20:31:49-1127387|phase2|11,22,22,22,sha3,20,,,,2.228616,0.200672,0.006994,0.010219,0.098934,0.001573,0.006992,0.009837,0.097562,0.002305,104,85,43,1085,1,0
1062,1,2.236351,0.452209,1.784142,1317,sha3,OMNeT++; module=UavAuthNetwork.uav[12]; config=Swarm20,0.290538,0.046346,0.268987,0.07538,0.213374,0.03261,0.196143,0.07538,0.17841,0.18399,0.010911,1.570768,Swarm20,Swarm20-22-20260922-20:31:49-1127387,12,Swarm20-22-20260922-20:31:49-1127387|phase2|12,22,22,22,sha3,20,,,,2.237119,0.196143,0.007064,0.009928,0.098171,0.001593,0.006952,0.009798,0.097701,0.002304,104,85,43,1085,1,0
1063,1,2.258466,0.461194,1.797272,1317,sha3,OMNeT++; module=UavAuthNetwork.uav[13]; config=Swarm20,0.298041,0.046717,0.254367,0.076111,0.233086,0.03285,0.197525,0.076111,0.17298,0.17341,0.010931,1.564186,Swarm20,Swarm20-22-20260922-20:31:49-1127387,13,Swarm20-22-20260922-20:31:49-1127387|phase2|13,22,22,22,sha3,20,,,,2.225049,0.197525,0.006934,0.010089,0.104163,0.001563,0.006983,0.009829,0.098472,0.002144,104,85,43,1085,1,0
1064,1,2.256681,0.46391,1.792771,1317,sha3,OMNeT++; module=UavAuthNetwork.uav[14]; config=Swarm20,0.301549,0.047368,0.288538,0.0757,0.228044,0.03267,0.18868,0.0757,0.173531,0.160447,0.010961,1.564727,Swarm20,Swarm20-22-20260922-20:31:49-1127387,14,Swarm20-22-20260922-20:31:49-1127387|phase2|14,22,22,22,sha3,20,,,,2.241756,0.18868,0.007133,0.010109,0.115934,0.001663,0.006964,0.010901,0.09762,0.002445,104,85,43,1085,1,0
1065,1,2.252443,0.448679,1.803764,1317,sha3,OMNeT++; module=UavAuthNetwork.uav[15]; config=Swarm20,0.287231,0.045965,0.268878,0.075349,0.256029,0.032721,0.191414,0.075349,0.176276,0.194045,0.01075,1.547735,Swarm20,Swarm20-22-20260922-20:31:49-1127387,15,Swarm20-22-20260922-20:31:49-1127387|phase2|15,22,22,22,sha3,20,,,,2.266687,0.191414,0.007034,0.010149,0.098071,0.001593,0.006952,0.009798,0.10235,0.002234,104,85,43,1085,1,0
1066,1,2.219027,0.452678,1.766349,1317,sha3,OMNeT++; module=UavAuthNetwork.uav[16]; config=Swarm20,0.290157,0.047277,0.25076,0.07573,0.215292,0.03782,0.189801,0.07573,0.171768,0.168274,0.011061,1.551056,Swarm20,Swarm20-22-20260922-20:31:49-1127387,16,Swarm20-22-20260922-20:31:49-1127387|phase2|16,22,22,22,sha3,20,,,,2.185382,0.189801,0.007032,0.010178,0.098663,0.001573,0.006962,0.009977,0.097811,0.002475,104,85,43,1085,1,0
1067,1,2.273156,0.466593,1.806563,1317,sha3,OMNeT++; module=UavAuthNetwork.uav[17]; config=Swarm20,0.286651,0.046366,0.238735,0.084446,0.219234,0.03248,0.192687,0.084446,0.173581,0.185658,0.01105,1.587329,Swarm20,Swarm20-22-20260922-20:31:49-1127387,17,Swarm20-22-20260922-20:31:49-1127387|phase2|17,22,22,22,sha3,20,,,,2.230957,0.192687,0.006903,0.010359,0.106688,0.001693,0.007011,0.009838,0.098322,0.002535,104,85,43,1085,1,0
1068,1,2.265397,0.476332,1.789065,1317,sha3,OMNeT++; module=UavAuthNetwork.uav[18]; config=Swarm20,0.312699,0.04827,0.238826,0.076201,0.241899,0.0325,0.215028,0.076201,0.173832,0.175023,0.011231,1.547166,Swarm20,Swarm20-22-20260922-20:31:49-1127387,18,Swarm20-22-20260922-20:31:49-1127387|phase2|18,22,22,22,sha3,20,,,,2.202913,0.215028,0.007163,0.010279,0.100436,0.001713,0.007024,0.010088,0.098652,0.002865,104,85,43,1085,1,0
1069,1,2.24059,0.458359,1.782231,1317,sha3,OMNeT++; module=UavAuthNetwork.uav[19]; config=Swarm20,0.296008,0.046516,0.24563,0.07559,0.224262,0.032611,0.19988,0.07559,0.172069,0.177512,0.011171,1.557969,Swarm20,Swarm20-22-20260922-20:31:49-1127387,19,Swarm20-22-20260922-20:31:49-1127387|phase2|19,22,22,22,sha3,20,,,,2.205373,0.19988,0.006972,0.010209,0.098733,0.001613,0.006922,0.009857,0.097641,0.002485,104,85,43,1085,1,0
1070,1,2.265167,0.493815,1.771352,1317,sha3,OMNeT++; module=UavAuthNetwork.uav[0]; config=Swarm20,0.320353,0.049582,0.258231,0.080209,0.222208,0.033051,0.208176,0.080209,0.181446,0.160211,0.013044,1.549144,Swarm20,Swarm20-23-20260922-20:31:49-1127387,0,Swarm20-23-20260922-20:31:49-1127387|phase2|0,23,23,23,sha3,20,,,,2.189793,0.208176,0.007914,0.01101,0.114542,0.002415,0.007543,0.010729,0.098321,0.008987,104,85,43,1085,1,0
1071,1,2.248232,0.456184,1.792048,1317,sha3,OMNeT++; module=UavAuthNetwork.uav[1]; config=Swarm20,0.292692,0.046406,0.247909,0.07575,0.241439,0.03259,0.196083,0.07575,0.181226,0.17615,0.011992,1.550609,Swarm20,Swarm20-23-20260922-20:31:49-1127387,1,Swarm20-23-20260922-20:31:49-1127387|phase2|1,23,23,23,sha3,20,,,,2.216106,0.196083,0.007063,0.010128,0.098643,0.001713,0.007063,0.009889,0.097841,0.002785,104,85,43,1085,1,0
1072,1,2.275816,0.486991,1.788825,1317,sha3,OMNeT++; module=UavAuthNetwork.uav[2]; config=Swarm20,0.323218,0.047228,0.249349,0.076161,0.22745,0.03238,0.224957,0.076161,0.172188,0.161938,0.011451,1.561374,Swarm20,Swarm20-23-20260922-20:31:49-1127387,2,Swarm20-23-20260922-20:31:49-1127387|phase2|2,23,23,23,sha3,20,,,,2.200111,0.224957,0.007193,0.0103,0.100666,0.001653,0.007034,0.009888,0.09756,0.002936,104,85,43,1085,1,0
1073,1,2.267692,0.44843,1.819262,1317,sha3,OMNeT++; module=UavAuthNetwork.uav[3]; config=Swarm20,0.284447,0.05404,0.249515,0.076201,0.251763,0.03246,0.188749,0.076201,0.17288,0.187916,0.011581,1.567499,Swarm20,Swarm20-23-20260922-20:31:49-1127387,3,Swarm20-23-20260922-20:31:49-1127387|phase2|3,23,23,23,sha3,20,,,,2.256693,0.188749,0.007075,0.010269,0.098683,0.001714,0.007263,0.009849,0.105695,0.002665,104,85,43,1085,1,0
1074,1,2.260241,0.452498,1.807743,1317,sha3,OMNeT++; module=UavAuthNetwork.uav[4]; config=Swarm20,0.289045,0.046947,0.24744,0.076221,0.23393,0.03272,0.192686,0.076221,0.171968,0.170172,0.011011,1.573813,Swarm20,Swarm20-23-20260922-20:31:49-1127387,4,Swarm20-23-20260922-20:31:49-1127387|phase2|4,23,23,23,sha3,20,,,,2.225355,0.192686,0.007092,0.010258,0.099003,0.001573,0.007041,0.010019,0.097932,0.002224,104,85,43,1085,1,0
1075,1,2.27449,0.488605,1.785885,1317,sha3,OMNeT++; module=UavAuthNetwork.uav[5]; config=Swarm20,0.314543,0.047518,0.253892,0.08129,0.227891,0.03247,0.21592,0.08129,0.173972,0.193731,0.011482,1.557994,Swarm20,Swarm20-23-20260922-20:31:49-1127387,5,Swarm20-23-20260922-20:31:49-1127387|phase2|5,23,23,23,sha3,20,,,,2.233508,0.21592,0.007222,0.01038,0.105806,0.001713,0.007001,0.009889,0.098683,0.002905,104,85,43,1085,1,0
1076,1,2.23628,0.448021,1.788259,1317,sha3,OMNeT++; module=UavAuthNetwork.uav[6]; config=Swarm20,0.285008,0.046936,0.245941,0.075871,0.232956,0.03275,0.188198,0.075871,0.182808,0.180837,0.011271,1.555303,Swarm20,Swarm20-23-20260922-20:31:49-1127387,6,Swarm20-23-20260922-20:31:49-1127387|phase2|6,23,23,23,sha3,20,,,,2.215037,0.188198,0.007023,0.010118,0.099114,0.001643,0.006942,0.010288,0.106808,0.002545,104,85,43,1085,1,0
1077,1,2.211266,0.447669,1.763597,1317,sha3,OMNeT++; module=UavAuthNetwork.uav[7]; config=Swarm20,0.280319,0.046376,0.248686,0.07575,0.214201,0.03237,0.185183,0.07575,0.178821,0.183027,0.01585,1.549396,Swarm20,Swarm20-23-20260922-20:31:49-1127387,7,Swarm20-23-20260922-20:31:49-1127387|phase2|7,23,23,23,sha3,20,,,,2.195309,0.185183,0.006972,0.010109,0.098592,0.002294,0.006913,0.009788,0.09767,0.003176,104,85,43,1085,1,0
1078,1,2.305915,0.464361,1.841554,1317,sha3,OMNeT++; module=UavAuthNetwork.uav[8]; config=Swarm20,0.300657,0.047689,0.253065,0.075951,0.242413,0.03282,0.199389,0.075951,0.187356,0.159817,0.011802,1.599141,Swarm20,Swarm20-23-20260922-20:31:49-1127387,8,Swarm20-23-20260922-20:31:49-1127387|phase2|8,23,23,23,sha3,20,,,,2.254436,0.199389,0.007163,0.01037,0.100205,0.001824,0.007023,0.010009,0.098081,0.003025,104,85,43,1085,1,0
1079,1,2.284645,0.503891,1.780754,1317,sha3,OMNeT++; module=UavAuthNetwork.uav[9]; config=Swarm20,0.312629,0.056254,0.24577,0.089104,0.223536,0.03274,0.209287,0.089104,0.196073,0.182155,0.013054,1.557218,Swarm20,Swarm20-23-20260922-20:31:49-1127387,9,Swarm20-23-20260922-20:31:49-1127387|phase2|9,23,23,23,sha3,20,,,,2.208679,0.209287,0.011352,0.011462,0.112127,0.001924,0.009016,0.012524,0.103461,0.003105,104,85,43,1085,1,0
1080,1,2.260381,0.493764,1.766617,1317,sha3,OMNeT++; module=UavAuthNetwork.uav[10]; config=Swarm20,0.323679,0.058999,0.24728,0.079066,0.216069,0.032991,0.213054,0.079066,0.175886,0.160461,0.011953,1.550547,Swarm20,Swarm20-23-20260922-20:31:49-1127387,10,Swarm20-23-20260922-20:31:49-1127387|phase2|10,23,23,23,sha3,20,,,,2.174358,0.213054,0.007593,0.011131,0.109653,0.001904,0.009097,0.014106,0.102931,0.003096,104,85,43,1085,1,0
1081,1,2.279419,0.471292,1.808127,1317,sha3,OMNeT++; module=UavAuthNetwork.uav[11]; config=Swarm20,0.305956,0.047237,0.252423,0.076882,0.238046,0.033392,0.202515,0.076882,0.174884,0.161277,0.011572,1.570082,Swarm20,Swarm20-23-20260922-20:31:49-1127387,11,Swarm20-23-20260922-20:31:49-1127387|phase2|11,23,23,23,sha3,20,,,,2.221827,0.202515,0.007293,0.01049,0.100525,0.001693,0.007063,0.009999,0.098532,0.003026,104,85,43,1085,1,0
1082,1,2.248465,0.470791,1.777674,1317,sha3,OMNeT++; module=UavAuthNetwork.uav[12]; config=Swarm20,0.291479,0.047377,0.252049,0.083795,0.215386,0.03269,0.194691,0.083795,0.200011,0.165356,0.011722,1.562289,Swarm20,Swarm20-23-20260922-20:31:49-1127387,12,Swarm20-23-20260922-20:31:49-1127387|phase2|12,23,23,23,sha3,20,,,,2.19508,0.194691,0.008957,0.010741,0.104093,0.001953,0.007073,0.009999,0.098562,0.003066,104,85,43,1085,1,0
1083,1,2.264983,0.474237,1.790746,1317,sha3,OMNeT++; module=UavAuthNetwork.uav[13]; config=Swarm20,0.300196,0.047277,0.250579,0.08137,0.215227,0.033252,0.19982,0.08137,0.172669,0.183538,0.011301,1.575518,Swarm20,Swarm20-23-20260922-20:31:49-1127387,13,Swarm20-23-20260922-20:31:49-1127387|phase2|13,23,23,23,sha3,20,,,,2.224862,0.19982,0.007474,0.01016,0.105996,0.001693,0.007032,0.009898,0.098533,0.002304,104,85,43,1085,1,0
1084,1,2.24542,0.462046,1.783374,1317,sha3,OMNeT++; module=UavAuthNetwork.uav[14]; config=Swarm20,0.295297,0.056054,0.24977,0.077754,0.231936,0.03259,0.191044,0.077754,0.174283,0.186414,0.011241,1.551438,Swarm20,Swarm20-23-20260922-20:31:49-1127387,14,Swarm20-23-20260922-20:31:49-1127387|phase2|14,23,23,23,sha3,20,,,,2.219558,0.191044,0.007324,0.01062,0.106167,0.001733,0.007534,0.01031,0.105365,0.002916,104,85,43,1085,1,0
1085,1,2.245606,0.463408,1.782198,1317,sha3,OMNeT++; module=UavAuthNetwork.uav[15]; config=Swarm20,0.298783,0.047929,0.260334,0.076582,0.218519,0.033061,0.200361,0.076582,0.174263,0.198124,0.011461,1.563679,Swarm20,Swarm20-23-20260922-20:31:49-1127387,15,Swarm20-23-20260922-20:31:49-1127387|phase2|15,23,23,23,sha3,20,,,,2.240656,0.200361,0.007144,0.010498,0.100216,0.001794,0.007043,0.010429,0.098673,0.002825,104,85,43,1085,1,0
1086,1,2.256414,0.463188,1.793226,1317,sha3,OMNeT++; module=UavAuthNetwork.uav[16]; config=Swarm20,0.298523,0.048119,0.253715,0.076652,0.225057,0.033292,0.192506,0.076652,0.173792,0.17407,0.011361,1.568169,Swarm20,Swarm20-23-20260922-20:31:49-1127387,16,Swarm20-23-20260922-20:31:49-1127387|phase2|16,23,23,23,sha3,20,,,,2.221011,0.192506,0.006975,0.010118,0.099905,0.001623,0.007293,0.010219,0.098242,0.002735,104,85,43,1085,1,0
1087,1,2.266598,0.4636,1.802998,1317,sha3,OMNeT++; module=UavAuthNetwork.uav[17]; config=Swarm20,0.287843,0.047047,0.258225,0.082283,0.214245,0.033021,0.191024,0.082283,0.174102,0.166237,0.011191,1.588752,Swarm20,Swarm20-23-20260922-20:31:49-1127387,17,Swarm20-23-20260922-20:31:49-1127387|phase2|17,23,23,23,sha3,20,,,,2.22746,0.191024,0.007083,0.010278,0.105004,0.001793,0.007013,0.010018,0.098952,0.002514,104,85,43,1085,1,0
1088,1,2.244042,0.449924,1.794118,1317,sha3,OMNeT++; module=UavAuthNetwork.uav[18]; config=Swarm20,0.287893,0.046726,0.271937,0.07537,0.226006,0.033161,0.191615,0.07537,0.172459,0.17995,0.011291,1.568112,Swarm20,Swarm20-23-20260922-20:31:49-1127387,18,Swarm20-23-20260922-20:31:49-1127387|phase2|18,23,23,23,sha3,20,,,,2.246005,0.191615,0.006982,0.009978,0.098562,0.001563,0.006913,0.009967,0.097421,0.002475,104,85,43,1085,1,0
1089,1,2.279567,0.4909,1.788667,1317,sha3,OMNeT++; module=UavAuthNetwork.uav[19]; config=Swarm20,0.326785,0.047508,0.246322,0.076382,0.237646,0.03227,0.230076,0.076382,0.173792,0.178477,0.011351,1.551021,Swarm20,Swarm20-23-20260922-20:31:49-1127387,19,Swarm20-23-20260922-20:31:49-1127387|phase2|19,23,23,23,sha3,20,,,,2.213466,0.230076,0.007073,0.010319,0.100246,0.001753,0.006983,0.009928,0.098492,0.002795,104,85,43,1085,1,0
1090,1,2.264148,0.48078,1.783368,1317,sha3,OMNeT++; module=UavAuthNetwork.uav[0]; config=Swarm20,0.304543,0.050002,0.24718,0.081371,0.220861,0.032941,0.192066,0.081371,0.18341,0.174032,0.013495,1.562507,Swarm20,Swarm20-24-20260922-20:31:50-1127387,0,Swarm20-24-20260922-20:31:50-1127387|phase2|0,24,24,24,sha3,20,,,,2.20458,0.192066,0.007884,0.0109,0.115784,0.002455,0.007624,0.01069,0.098964,0.009588,104,85,43,1085,1,0
1091,1,2.245238,0.452408,1.79283,1317,sha3,OMNeT++; module=UavAuthNetwork.uav[1]; config=Swarm20,0.286941,0.046847,0.27951,0.076652,0.236193,0.032791,0.188879,0.076652,0.180995,0.189399,0.012163,1.556636,Swarm20,Swarm20-24-20260922-20:31:50-1127387,1,Swarm20-24-20260922-20:31:50-1127387|phase2|1,24,24,24,sha3,20,,,,2.261739,0.188879,0.007173,0.010319,0.099965,0.001833,0.007123,0.010079,0.098632,0.002785,104,85,43,1085,1,0
1092,1,2.263391,0.459409,1.803982,1317,sha3,OMNeT++; module=UavAuthNetwork.uav[2]; config=Swarm20,0.296308,0.046606,0.243483,0.07589,0.230187,0.032841,0.198477,0.07589,0.171968,0.177426,0.011321,1.573794,Swarm20,Swarm20-24-20260922-20:31:50-1127387,2,Swarm20-24-20260922-20:31:50-1127387|phase2|2,24,24,24,sha3,20,,,,2.224891,0.198477,0.006983,0.010319,0.099865,0.001683,0.007033,0.009879,0.097731,0.002415,104,85,43,1085,1,0
1093,1,2.26459,0.45955,1.80504,1317,sha3,OMNeT++; module=UavAuthNetwork.uav[3]; config=Swarm20,0.296339,0.046576,0.255673,0.0758,0.227456,0.032289,0.193028,0.0758,0.172158,0.174716,0.011611,1.577584,Swarm20,Swarm20-24-20260922-20:31:50-1127387,3,Swarm20-24-20260922-20:31:50-1127387|phase2|3,24,24,24,sha3,20,,,,2.235428,0.193028,0.007142,0.010068,0.105665,0.001663,0.006993,0.010038,0.09756,0.002615,104,85,43,1085,1,0
1094,1,2.249239,0.450914,1.798325,1317,sha3,OMNeT++; module=UavAuthNetwork.uav[4]; config=Swarm20,0.288474,0.046586,0.24503,0.07569,0.24385,0.032279,0.192998,0.07569,0.171538,0.159737,0.01106,1.554475,Swarm20,Swarm20-24-20260922-20:31:50-1127387,4,Swarm20-24-20260922-20:31:50-1127387|phase2|4,24,24,24,sha3,20,,,,2.203092,0.192998,0.007024,0.010159,0.098502,0.001612,0.007024,0.009948,0.09758,0.002364,104,85,43,1085,1,0
1095,1,2.271057,0.450625,1.820432,1317,sha3,OMNeT++; module=UavAuthNetwork.uav[5]; config=Swarm20,0.288645,0.046596,0.263402,0.07545,0.238802,0.037991,0.186946,0.07545,0.171367,0.162982,0.01108,1.58163,Swarm20,Swarm20-24-20260922-20:31:50-1127387,5,Swarm20-24-20260922-20:31:50-1127387|phase2|5,24,24,24,sha3,20,,,,2.246815,0.186946,0.007023,0.010069,0.099043,0.001603,0.006933,0.009858,0.097731,0.002494,104,85,43,1085,1,0
1096,1,2.242443,0.446076,1.796367,1317,sha3,OMNeT++; module=UavAuthNetwork.uav[6]; config=Swarm20,0.284496,0.046415,0.251141,0.07537,0.235871,0.032189,0.189992,0.07537,0.178751,0.170804,0.01084,1.560496,Swarm20,Swarm20-24-20260922-20:31:50-1127387,6,Swarm20-24-20260922-20:31:50-1127387|phase2|6,24,24,24,sha3,20,,,,2.218312,0.189992,0.006922,0.009919,0.098422,0.001633,0.006913,0.010038,0.104454,0.002385,104,85,43,1085,1,0
1097,1,2.225757,0.445994,1.779763,1317,sha3,OMNeT++; module=UavAuthNetwork.uav[7]; config=Swarm20,0.284637,0.046105,0.2713,0.075389,0.221063,0.03217,0.189711,0.075389,0.170846,0.158109,0.010579,1.5587,Swarm20,Swarm20-24-20260922-20:31:50-1127387,7,Swarm20-24-20260922-20:31:50-1127387|phase2|7,24,24,24,sha3,20,,,,2.209172,0.189711,0.007114,0.009989,0.098643,0.001573,0.006942,0.009839,0.097532,0.002235,104,85,43,1085,1,0
1098,1,2.253066,0.463869,1.789197,1317,sha3,OMNeT++; module=UavAuthNetwork.uav[8]; config=Swarm20,0.292121,0.047418,0.251794,0.080419,0.228706,0.032339,0.197025,0.080419,0.170886,0.163863,0.01091,1.560491,Swarm20,Swarm20-24-20260922-20:31:50-1127387,8,Swarm20-24-20260922-20:31:50-1127387|phase2|8,24,24,24,sha3,20,,,,2.204854,0.197025,0.007045,0.010138,0.103942,0.001703,0.007013,0.009848,0.097822,0.002525,104,85,43,1085,1,0
1099,1,2.228943,0.450343,1.7786,1317,sha3,OMNeT++; module=UavAuthNetwork.uav[9]; config=Swarm20,0.288223,0.046235,0.270637,0.07566,0.216551,0.03263,0.193989,0.07566,0.170746,0.160974,0.0108,1.562049,Swarm20,Swarm20-24-20260922-20:31:50-1127387,9,Swarm20-24-20260922-20:31:50-1127387|phase2|9,24,24,24,sha3,20,,,,2.210211,0.193989,0.007022,0.010048,0.098303,0.001603,0.006922,0.009869,0.097691,0.002294,104,85,43,1085,1,0
1100,1,2.262242,0.445546,1.816696,1317,sha3,OMNeT++; module=UavAuthNetwork.uav[10]; config=Swarm20,0.282764,0.047538,0.251337,0.075871,0.230048,0.03259,0.187917,0.075871,0.17299,0.172724,0.01104,1.586648,Swarm20,Swarm20-24-20260922-20:31:50-1127387,10,Swarm20-24-20260922-20:31:50-1127387|phase2|10,24,24,24,sha3,20,,,,2.240756,0.187917,0.007043,0.009958,0.099253,0.001643,0.006964,0.009969,0.098141,0.002425,104,85,43,1085,1,0
1101,1,2.254671,0.46523,1.789441,1317,sha3,OMNeT++; module=UavAuthNetwork.uav[11]; config=Swarm20,0.289806,0.046376,0.238688,0.082282,0.221649,0.032911,0.194941,0.082282,0.172469,0.163832,0.01086,1.567792,Swarm20,Swarm20-24-20260922-20:31:50-1127387,11,Swarm20-24-20260922-20:31:50-1127387|phase2|11,24,24,24,sha3,20,,,,2.191961,0.194941,0.006982,0.010299,0.105135,0.001673,0.006943,0.009818,0.098632,0.002494,104,85,43,1085,1,0
1102,1,2.251789,0.447277,1.804512,1317,sha3,OMNeT++; module=UavAuthNetwork.uav[12]; config=Swarm20,0.286069,0.046737,0.24144,0.075339,0.237371,0.032641,0.190673,0.075339,0.171097,0.184466,0.01053,1.567141,Swarm20,Swarm20-24-20260922-20:31:50-1127387,12,Swarm20-24-20260922-20:31:50-1127387|phase2|12,24,24,24,sha3,20,,,,2.230418,0.190673,0.006982,0.010009,0.098483,0.001653,0.006904,0.009808,0.0977,0.002154,104,85,43,1085,1,0
1103,1,2.245913,0.456084,1.789829,1317,sha3,OMNeT++; module=UavAuthNetwork.uav[13]; config=Swarm20,0.293774,0.046677,0.239129,0.07578,0.225811,0.0323,0.198678,0.07578,0.170636,0.162637,0.01075,1.564018,Swarm20,Swarm20-24-20260922-20:31:50-1127387,13,Swarm20-24-20260922-20:31:50-1127387|phase2|13,24,24,24,sha3,20,,,,2.191594,0.198678,0.007025,0.010098,0.099003,0.001643,0.006904,0.009809,0.09767,0.002314,104,85,43,1085,1,0
1104,1,2.27326,0.447298,1.825962,1317,sha3,OMNeT++; module=UavAuthNetwork.uav[14]; config=Swarm20,0.285709,0.046445,0.262749,0.07542,0.248591,0.03236,0.191765,0.07542,0.178119,0.179825,0.010749,1.57737,Swarm20,Swarm20-24-20260922-20:31:50-1127387,14,Swarm20-24-20260922-20:31:50-1127387|phase2|14,24,24,24,sha3,20,,,,2.268535,0.191765,0.006912,0.009979,0.098031,0.001623,0.006863,0.009808,0.097751,0.002424,104,85,43,1085,1,0
1105,1,2.248038,0.460351,1.787687,1317,sha3,OMNeT++; module=UavAuthNetwork.uav[15]; config=Swarm20,0.295597,0.056304,0.258601,0.076511,0.233575,0.03242,0.191615,0.076511,0.209959,0.171723,0.011732,1.554112,Swarm20,Swarm20-24-20260922-20:31:50-1127387,15,Swarm20-24-20260922-20:31:50-1127387|phase2|15,24,24,24,sha3,20,,,,2.218011,0.191615,0.008486,0.010229,0.106848,0.001814,0.008426,0.013115,0.101488,0.003006,104,85,43,1085,1,0
1106,1,2.223182,0.456515,1.766667,1317,sha3,OMNeT++; module=UavAuthNetwork.uav[16]; config=Swarm20,0.293323,0.047638,0.24385,0.076021,0.21786,0.03267,0.18906,0.076021,0.171668,0.18646,0.01115,1.548807,Swarm20,Swarm20-24-20260922-20:31:50-1127387,16,Swarm20-24-20260922-20:31:50-1127387|phase2|16,24,24,24,sha3,20,,,,2.196977,0.18906,0.007163,0.010019,0.107028,0.001663,0.007074,0.010108,0.097731,0.002605,104,85,43,1085,1,0
1107,1,2.235563,0.449844,1.785719,1317,sha3,OMNeT++; module=UavAuthNetwork.uav[17]; config=Swarm20,0.287102,0.046727,0.27449,0.075951,0.223467,0.03228,0.191885,0.075951,0.178641,0.159655,0.01084,1.562252,Swarm20,Swarm20-24-20260922-20:31:50-1127387,17,Swarm20-24-20260922-20:31:50-1127387|phase2|17,24,24,24,sha3,20,,,,2.219864,0.191885,0.007062,0.010049,0.098752,0.001643,0.006924,0.010138,0.097711,0.007664,104,85,43,1085,1,0
1108,1,2.287152,0.490837,1.796315,1317,sha3,OMNeT++; module=UavAuthNetwork.uav[18]; config=Swarm20,0.327767,0.048059,0.257112,0.07596,0.248288,0.039062,0.218986,0.07596,0.17269,0.157334,0.01115,1.548027,Swarm20,Swarm20-24-20260922-20:31:50-1127387,18,Swarm20-24-20260922-20:31:50-1127387|phase2|18,24,24,24,sha3,20,,,,2.210761,0.218986,0.007124,0.010389,0.104503,0.001844,0.006972,0.010169,0.097651,0.002885,104,85,43,1085,1,0
1109,1,2.395508,0.608268,1.78724,1317,sha3,OMNeT++; module=UavAuthNetwork.uav[19]; config=Swarm20,0.342645,0.066202,0.254173,0.126074,0.238515,0.069168,0.20498,0.126074,0.206552,0.160616,0.013475,1.548726,Swarm20,Swarm20-24-20260922-20:31:50-1127387,19,Swarm20-24-20260922-20:31:50-1127387|phase2|19,24,24,24,sha3,20,,,,2.20203,0.20498,0.007554,0.018865,0.140601,0.002355,0.011312,0.012223,0.130512,0.004168,104,85,43,1085,1,0
1110,1,2.285072,0.484707,1.800365,1317,sha3,OMNeT++; module=UavAuthNetwork.uav[0]; config=Swarm20,0.301648,0.049962,0.250835,0.084797,0.242593,0.032841,0.190943,0.084797,0.208275,0.17268,0.013465,1.557772,Swarm20,Swarm20-25-20260922-20:31:50-1127387,0,Swarm20-25-20260922-20:31:50-1127387|phase2|0,25,25,25,sha3,20,,,,2.22388,0.190943,0.007854,0.01057,0.11857,0.002544,0.009357,0.012613,0.120233,0.008686,104,85,43,1085,1,0
1111,1,2.239497,0.4535,1.785997,1317,sha3,OMNeT++; module=UavAuthNetwork.uav[1]; config=Swarm20,0.289756,0.046787,0.245695,0.075981,0.217956,0.032841,0.190933,0.075981,0.174202,0.185369,0.011782,1.568042,Swarm20,Swarm20-25-20260922-20:31:50-1127387,1,Swarm20-25-20260922-20:31:50-1127387|phase2|1,25,25,25,sha3,20,,,,2.217062,0.190933,0.007134,0.010119,0.099575,0.001603,0.007154,0.010009,0.097821,0.002565,104,85,43,1085,1,0
1112,1,2.28865,0.455092,1.833558,1317,sha3,OMNeT++; module=UavAuthNetwork.uav[2]; config=Swarm20,0.290848,0.047227,0.243383,0.076371,0.273384,0.0324,0.193147,0.076371,0.172689,0.166107,0.011502,1.560174,Swarm20,Swarm20-25-20260922-20:31:50-1127387,2,Swarm20-25-20260922-20:31:50-1127387|phase2|2,25,25,25,sha3,20,,,,2.243047,0.193147,0.007073,0.010239,0.099795,0.001783,0.007114,0.010018,0.097541,0.002645,104,85,43,1085,1,0
1113,1,2.264198,0.46888,1.795318,1317,sha3,OMNeT++; module=UavAuthNetwork.uav[3]; config=Swarm20,0.287232,0.050463,0.251391,0.084998,0.246866,0.03243,0.188078,0.084998,0.181195,0.185711,0.011652,1.548452,Swarm20,Swarm20-25-20260922-20:31:50-1127387,3,Swarm20-25-20260922-20:31:50-1127387|phase2|3,25,25,25,sha3,20,,,,2.232419,0.188078,0.009769,0.010689,0.107049,0.001873,0.008004,0.009949,0.100676,0.002855,104,85,43,1085,1,0
1114,1,2.285478,0.481522,1.803956,1317,sha3,OMNeT++; module=UavAuthNetwork.uav[4]; config=Swarm20,0.307539,0.047899,0.243961,0.0809,0.23539,0.033062,0.204568,0.0809,0.21582,0.171152,0.012183,1.568567,Swarm20,Swarm20-25-20260922-20:31:50-1127387,4,Swarm20-25-20260922-20:31:50-1127387|phase2|4,25,25,25,sha3,20,,,,2.21907,0.204568,0.007323,0.010249,0.108782,0.001974,0.007103,0.012863,0.112026,0.003156,104,85,43,1085,1,0
1115,1,2.334271,0.526836,1.807435,1317,sha3,OMNeT++; module=UavAuthNetwork.uav[5]; config=Swarm20,0.330231,0.053239,0.264338,0.092241,0.23816,0.03271,0.230447,0.092241,0.184572,0.195029,0.012123,1.569276,Swarm20,Swarm20-25-20260922-20:31:50-1127387,5,Swarm20-25-20260922-20:31:50-1127387|phase2|5,25,25,25,sha3,20,,,,2.266802,0.230447,0.007364,0.015488,0.111446,0.001923,0.007775,0.01097,0.112168,0.003105,104,85,43,1085,1,0
1116,1,2.242358,0.458537,1.783821,1317,sha3,OMNeT++; module=UavAuthNetwork.uav[6]; config=Swarm20,0.294224,0.047598,0.26801,0.076291,0.219465,0.032811,0.195532,0.076291,0.187547,0.179156,0.011731,1.564356,Swarm20,Swarm20-25-20260922-20:31:50-1127387,6,Swarm20-25-20260922-20:31:50-1127387|phase2|6,25,25,25,sha3,20,,,,2.230986,0.195532,0.007133,0.010269,0.100567,0.001864,0.007054,0.009928,0.098252,0.003016,104,85,43,1085,1,0
1117,1,2.256089,0.484297,1.771792,1317,sha3,OMNeT++; module=UavAuthNetwork.uav[7]; config=Swarm20,0.296559,0.047248,0.246686,0.087833,0.219444,0.032851,0.197776,0.087833,0.18336,0.160588,0.012072,1.552348,Swarm20,Swarm20-25-20260922-20:31:50-1127387,7,Swarm20-25-20260922-20:31:50-1127387|phase2|7,25,25,25,sha3,20,,,,2.179065,0.197776,0.007104,0.011561,0.111086,0.001844,0.007164,0.010099,0.099504,0.003407,104,85,43,1085,1,0
1118,1,2.25203,0.481381,1.770649,1317,sha3,OMNeT++; module=UavAuthNetwork.uav[8]; config=Swarm20,0.294795,0.047728,0.24739,0.087502,0.216806,0.033172,0.18927,0.087502,0.175635,0.158723,0.011582,1.553842,Swarm20,Swarm20-25-20260922-20:31:50-1127387,8,Swarm20-25-20260922-20:31:50-1127387|phase2|8,25,25,25,sha3,20,,,,2.176762,0.18927,0.007185,0.013424,0.115384,0.001823,0.007373,0.010058,0.099434,0.002945,104,85,43,1085,1,0
1119,1,2.300689,0.485209,1.81548,1317,sha3,OMNeT++; module=UavAuthNetwork.uav[9]; config=Swarm20,0.303792,0.047108,0.263842,0.081341,0.241894,0.039673,0.198748,0.081341,0.173371,0.167021,0.018735,1.573587,Swarm20,Swarm20-25-20260922-20:31:50-1127387,9,Swarm20-25-20260922-20:31:50-1127387|phase2|9,25,25,25,sha3,20,,,,2.246344,0.198748,0.007022,0.010479,0.105035,0.002024,0.007002,0.010018,0.098241,0.002766,104,85,43,1085,1,0
1120,0,0.0,0.0,0.0,0,sha3,OMNeT++; module=UavAuthNetwork.uav[10]; config=Swarm20,0.0,0.0,0.0,0.0,0.0,0.032831,0.171217,0.0,0.0,0.0,0.0,0.0,Swarm20,Swarm20-25-20260922-20:31:50-1127387,10,Swarm20-25-20260922-20:31:50-1127387|phase2|10,25,25,25,sha3,20,,,,0.0,0.171217,0.0,0.0,0.0,0.0,0.0,0.0,0.0,0.0,0,0,0,0,0,0
1121,1,2.242444,0.457246,1.785198,1317,sha3,OMNeT++; module=UavAuthNetwork.uav[11]; config=Swarm20,0.293303,0.047598,0.247784,0.076451,0.228678,0.0325,0.196624,0.076451,0.173481,0.204231,0.011041,1.55652,Swarm20,Swarm20-25-20260922-20:31:50-1127387,11,Swarm20-25-20260922-20:31:50-1127387|phase2|11,25,25,25,sha3,20,,,,2.237213,0.196624,0.007134,0.01032,0.099755,0.001623,0.007043,0.010189,0.098221,0.002494,104,85,43,1085,1,0
1122,1,2.253203,0.454791,1.798412,1317,sha3,OMNeT++; module=UavAuthNetwork.uav[12]; config=Swarm20,0.29165,0.047027,0.253907,0.07602,0.232836,0.032811,0.195251,0.07602,0.173932,0.197611,0.011101,1.565576,Swarm20,Swarm20-25-20260922-20:31:50-1127387,12,Swarm20-25-20260922-20:31:50-1127387|phase2|12,25,25,25,sha3,20,,,,2.24993,0.195251,0.006993,0.010158,0.099113,0.001673,0.006962,0.009979,0.098492,0.002485,104,85,43,1085,1,0
1123,1,2.233718,0.445424,1.788294,1317,sha3,OMNeT++; module=UavAuthNetwork.uav[13]; config=Swarm20,0.284386,0.046737,0.240122,0.075109,0.229053,0.03261,0.189231,0.075109,0.179202,0.164632,0.01082,1.559241,Swarm20,Swarm20-25-20260922-20:31:50-1127387,13,Swarm20-25-20260922-20:31:50-1127387|phase2|13,25,25,25,sha3,20,,,,2.193049,0.189231,0.006992,0.009768,0.098241,0.001603,0.006893,0.009837,0.097481,0.002554,104,85,43,1085,1,0
1124,1,2.227755,0.450233,1.777522,1317,sha3,OMNeT++; module=UavAuthNetwork.uav[14]; config=Swarm20,0.287763,0.046125,0.282016,0.07574,0.219691,0.03254,0.191825,0.07574,0.17256,0.164536,0.01099,1.557831,Swarm20,Swarm20-25-20260922-20:31:50-1127387,14,Swarm20-25-20260922-20:31:50-1127387|phase2|14,25,25,25,sha3,20,,,,2.224073,0.191825,0.007074,0.01019,0.099122,0.001734,0.006933,0.009829,0.097941,0.002345,104,85,43,1085,1,0
1125,1,2.242925,0.446436,1.796489,1317,sha3,OMNeT++; module=UavAuthNetwork.uav[15]; config=Swarm20,0.282172,0.05433,0.241497,0.076672,0.227294,0.03254,0.186856,0.076672,0.172599,0.16407,0.01092,1.569195,Swarm20,Swarm20-25-20260922-20:31:50-1127387,15,Swarm20-25-20260922-20:31:50-1127387|phase2|15,25,25,25,sha3,20,,,,2.202057,0.186856,0.007063,0.010249,0.098923,0.001683,0.007104,0.010169,0.104984,0.002405,104,85,43,1085,1,0
1126,1,2.244161,0.447339,1.796822,1317,sha3,OMNeT++; module=UavAuthNetwork.uav[16]; config=Swarm20,0.284457,0.046887,0.274225,0.076001,0.247369,0.032701,0.18913,0.076001,0.171057,0.171156,0.01088,1.549453,Swarm20,Swarm20-25-20260922-20:31:50-1127387,16,Swarm20-25-20260922-20:31:50-1127387|phase2|16,25,25,25,sha3,20,,,,2.242204,0.18913,0.007092,0.010089,0.098763,0.001553,0.007054,0.010019,0.09764,0.002154,104,85,43,1085,1,0
1127,1,2.266311,0.462355,1.803956,1317,sha3,OMNeT++; module=UavAuthNetwork.uav[17]; config=Swarm20,0.300125,0.047658,0.242234,0.07568,0.239121,0.032661,0.204899,0.07568,0.171106,0.160167,0.01087,1.564835,Swarm20,Swarm20-25-20260922-20:31:50-1127387,17,Swarm20-25-20260922-20:31:50-1127387|phase2|17,25,25,25,sha3,20,,,,2.206358,0.204899,0.006932,0.010149,0.099053,0.001603,0.007004,0.009939,0.098272,0.002664,104,85,43,1085,1,0
1128,1,2.26095,0.447357,1.813593,1317,sha3,OMNeT++; module=UavAuthNetwork.uav[18]; config=Swarm20,0.285488,0.046375,0.248889,0.07558,0.23034,0.032501,0.190993,0.07558,0.1782,0.16252,0.010709,1.583253,Swarm20,Swarm20-25-20260922-20:31:50-1127387,18,Swarm20-25-20260922-20:31:50-1127387|phase2|18,25,25,25,sha3,20,,,,2.225002,0.190993,0.007032,0.01012,0.098221,0.001653,0.006943,0.010169,0.103612,0.002394,104,85,43,1085,1,0
1129,1,2.239362,0.445915,1.793447,1317,sha3,OMNeT++; module=UavAuthNetwork.uav[19]; config=Swarm20,0.283965,0.046596,0.272574,0.07558,0.239089,0.032309,0.189501,0.07558,0.170485,0.165782,0.01079,1.554358,Swarm20,Swarm20-25-20260922-20:31:50-1127387,19,Swarm20-25-20260922-20:31:50-1127387|phase2|19,25,25,25,sha3,20,,,,2.231804,0.189501,0.006942,0.010228,0.098773,0.001603,0.006932,0.009829,0.097451,0.002274,104,85,43,1085,1,0
1130,1,2.327063,0.534431,1.792632,1317,sha3,OMNeT++; module=UavAuthNetwork.uav[0]; config=Swarm20,0.3239,0.053129,0.247066,0.098583,0.238212,0.033021,0.214357,0.098583,0.20009,0.178003,0.013365,1.55442,Swarm20,Swarm20-26-20260922-20:31:50-1127387,0,Swarm20-26-20260922-20:31:50-1127387|phase2|0,26,26,26,sha3,20,,,,2.217701,0.214357,0.008525,0.015378,0.126204,0.002565,0.009186,0.011432,0.111677,0.009738,104,85,43,1085,1,0
1131,1,2.277759,0.48092,1.796839,1317,sha3,OMNeT++; module=UavAuthNetwork.uav[1]; config=Swarm20,0.301368,0.047197,0.250122,0.083635,0.230523,0.03821,0.196583,0.083635,0.174833,0.167173,0.012282,1.566316,Swarm20,Swarm20-26-20260922-20:31:50-1127387,1,Swarm20-26-20260922-20:31:50-1127387|phase2|1,26,26,26,sha3,20,,,,2.214134,0.196583,0.007184,0.011482,0.106356,0.001824,0.007243,0.010138,0.098733,0.003486,104,85,43,1085,1,0
1132,1,2.258322,0.487714,1.770608,1317,sha3,OMNeT++; module=UavAuthNetwork.uav[2]; config=Swarm20,0.31339,0.048069,0.270087,0.081231,0.219591,0.03254,0.214277,0.081231,0.180534,0.172,0.011862,1.551016,Swarm20,Swarm20-26-20260922-20:31:50-1127387,2,Swarm20-26-20260922-20:31:50-1127387|phase2|2,26,26,26,sha3,20,,,,2.212694,0.214277,0.007203,0.01091,0.104865,0.001894,0.007173,0.009979,0.098803,0.003406,104,85,43,1085,1,0
1133,1,2.236483,0.459461,1.777022,1317,sha3,OMNeT++; module=UavAuthNetwork.uav[3]; config=Swarm20,0.294265,0.046617,0.26245,0.076662,0.222931,0.03242,0.196394,0.076662,0.180364,0.164575,0.011872,1.554091,Swarm20,Swarm20-26-20260922-20:31:50-1127387,3,Swarm20-26-20260922-20:31:50-1127387|phase2|3,26,26,26,sha3,20,,,,2.204047,0.196394,0.007103,0.010721,0.100516,0.001763,0.006953,0.009799,0.098432,0.002695,104,85,43,1085,1,0
1134,1,2.225403,0.455944,1.769459,1317,sha3,OMNeT++; module=UavAuthNetwork.uav[4]; config=Swarm20,0.291409,0.047328,0.250083,0.076542,0.214847,0.032681,0.194019,0.076542,0.177068,0.191833,0.011451,1.554611,Swarm20,Swarm20-26-20260922-20:31:50-1127387,4,Swarm20-26-20260922-20:31:50-1127387|phase2|4,26,26,26,sha3,20,,,,2.211375,0.194019,0.007152,0.010129,0.100055,0.001633,0.007143,0.010029,0.098372,0.002695,104,85,43,1085,1,0
1135,1,2.227448,0.463508,1.76394,1317,sha3,OMNeT++; module=UavAuthNetwork.uav[5]; config=Swarm20,0.299444,0.047648,0.264696,0.076231,0.21614,0.03261,0.193609,0.076231,0.179613,0.196301,0.011602,1.547801,Swarm20,Swarm20-26-20260922-20:31:50-1127387,5,Swarm20-26-20260922-20:31:50-1127387|phase2|5,26,26,26,sha3,20,,,,2.224938,0.193609,0.007364,0.009939,0.108401,0.001703,0.007033,0.010099,0.098844,0.009278,104,85,43,1085,1,0
1136,1,2.234331,0.448048,1.786283,1317,sha3,OMNeT++; module=UavAuthNetwork.uav[6]; config=Swarm20,0.284987,0.046836,0.253492,0.0759,0.23621,0.032591,0.18911,0.0759,0.173632,0.162823,0.011261,1.550073,Swarm20,Swarm20-26-20260922-20:31:50-1127387,6,Swarm20-26-20260922-20:31:50-1127387|phase2|6,26,26,26,sha3,20,,,,2.202597,0.18911,0.006992,0.01018,0.098663,0.001613,0.006943,0.009958,0.098212,0.002585,104,85,43,1085,1,0
1137,1,2.232557,0.457046,1.775511,1317,sha3,OMNeT++; module=UavAuthNetwork.uav[7]; config=Swarm20,0.293663,0.046717,0.25656,0.076151,0.22771,0.032981,0.195842,0.076151,0.1726,0.158544,0.011081,1.547801,Swarm20,Swarm20-26-20260922-20:31:50-1127387,7,Swarm20-26-20260922-20:31:50-1127387|phase2|7,26,26,26,sha3,20,,,,2.190615,0.195842,0.007023,0.010108,0.100096,0.001673,0.006973,0.009908,0.098573,0.002595,104,85,43,1085,1,0
1138,1,2.254167,0.4599,1.794267,1317,sha3,OMNeT++; module=UavAuthNetwork.uav[8]; config=Swarm20,0.284126,0.046917,0.245807,0.082432,0.23008,0.03261,0.18907,0.082432,0.176877,0.178947,0.01091,1.564187,Swarm20,Swarm20-26-20260922-20:31:50-1127387,8,Swarm20-26-20260922-20:31:50-1127387|phase2|8,26,26,26,sha3,20,,,,2.21902,0.18907,0.006982,0.010319,0.105065,0.001583,0.007042,0.009978,0.1024,0.002615,104,85,43,1085,1,0
1139,1,2.220468,0.449783,1.770685,1317,sha3,OMNeT++; module=UavAuthNetwork.uav[9]; config=Swarm20,0.288735,0.045955,0.256345,0.075219,0.217311,0.032901,0.192666,0.075219,0.171407,0.174543,0.01061,1.553375,Swarm20,Swarm20-26-20260922-20:31:50-1127387,9,Swarm20-26-20260922-20:31:50-1127387|phase2|9,26,26,26,sha3,20,,,,2.201573,0.192666,0.007063,0.010098,0.098352,0.001583,0.006853,0.009849,0.097631,0.002153,104,85,43,1085,1,0
1140,1,2.234124,0.458379,1.775745,1317,sha3,OMNeT++; module=UavAuthNetwork.uav[10]; config=Swarm20,0.296289,0.046626,0.255424,0.07551,0.219719,0.032671,0.20016,0.07551,0.176096,0.179909,0.01107,1.556026,Swarm20,Swarm20-26-20260922-20:31:50-1127387,10,Swarm20-26-20260922-20:31:50-1127387|phase2|10,26,26,26,sha3,20,,,,2.211078,0.20016,0.006953,0.010109,0.098713,0.001613,0.006862,0.009809,0.10245,0.002364,104,85,43,1085,1,0
1141,1,2.255163,0.448027,1.807136,1317,sha3,OMNeT++; module=UavAuthNetwork.uav[11]; config=Swarm20,0.286089,0.046887,0.247761,0.075509,0.233981,0.032571,0.191474,0.075509,0.177889,0.161813,0.01092,1.573155,Swarm20,Swarm20-26-20260922-20:31:50-1127387,11,Swarm20-26-20260922-20:31:50-1127387|phase2|11,26,26,26,sha3,20,,,,2.216711,0.191474,0.006922,0.009898,0.098432,0.001573,0.006892,0.009848,0.098473,0.002395,104,85,43,1085,1,0
1142,1,2.246619,0.456574,1.790045,1317,sha3,OMNeT++; module=UavAuthNetwork.uav[12]; config=Swarm20,0.284958,0.046486,0.256572,0.080288,0.242321,0.032791,0.189631,0.080288,0.171217,0.180067,0.01104,1.547724,Swarm20,Swarm20-26-20260922-20:31:50-1127387,12,Swarm20-26-20260922-20:31:50-1127387|phase2|12,26,26,26,sha3,20,,,,2.226684,0.189631,0.006983,0.010079,0.103482,0.001674,0.006862,0.009807,0.09741,0.002275,104,85,43,1085,1,0
1143,1,2.556449,0.772169,1.78428,1317,sha3,OMNeT++; module=UavAuthNetwork.uav[13]; config=Swarm20,0.561179,0.062726,0.249448,0.09737,0.219382,0.03248,0.445304,0.09737,0.220569,0.16101,0.01625,1.564899,Swarm20,Swarm20-26-20260922-20:31:50-1127387,13,Swarm20-26-20260922-20:31:50-1127387|phase2|13,26,26,26,sha3,20,,,,2.194738,0.445304,0.009657,0.015298,0.129259,0.002875,0.009057,0.013234,0.123138,0.00529,104,85,43,1085,1,0
1144,1,2.35448,0.589542,1.764938,1317,sha3,OMNeT++; module=UavAuthNetwork.uav[14]; config=Swarm20,0.384763,0.059771,0.242416,0.095096,0.21607,0.041316,0.257968,0.095096,0.216511,0.163513,0.014587,1.548868,Swarm20,Swarm20-26-20260922-20:31:50-1127387,14,Swarm20-26-20260922-20:31:50-1127387|phase2|14,26,26,26,sha3,20,,,,2.170867,0.257968,0.008936,0.012973,0.12406,0.002144,0.008835,0.012653,0.122357,0.003517,104,85,43,1085,1,0
1145,1,2.260466,0.483966,1.7765,1317,sha3,OMNeT++; module=UavAuthNetwork.uav[15]; config=Swarm20,0.311497,0.046646,0.246688,0.080429,0.224153,0.040635,0.200421,0.080429,0.179582,0.169916,0.011611,1.552347,Swarm20,Swarm20-26-20260922-20:31:50-1127387,15,Swarm20-26-20260922-20:31:50-1127387|phase2|15,26,26,26,sha3,20,,,,2.193104,0.200421,0.007064,0.01026,0.103071,0.001683,0.006953,0.01566,0.09753,0.002725,104,85,43,1085,1,0
1146,1,2.23899,0.454983,1.784007,1317,sha3,OMNeT++; module=UavAuthNetwork.uav[16]; config=Swarm20,0.292572,0.04827,0.252545,0.07571,0.220457,0.03249,0.190413,0.07571,0.17246,0.162901,0.010991,1.56355,Swarm20,Swarm20-26-20260922-20:31:50-1127387,16,Swarm20-26-20260922-20:31:50-1127387|phase2|16,26,26,26,sha3,20,,,,2.199454,0.190413,0.006973,0.010079,0.103421,0.001613,0.007163,0.009979,0.097581,0.002445,104,85,43,1085,1,0
1147,1,2.273593,0.46,1.813593,1317,sha3,OMNeT++; module=UavAuthNetwork.uav[17]; config=Swarm20,0.297581,0.046937,0.241405,0.075549,0.237,0.033242,0.193969,0.075549,0.172079,0.199684,0.011321,1.576593,Swarm20,Swarm20-26-20260922-20:31:50-1127387,17,Swarm20-26-20260922-20:31:50-1127387|phase2|17,26,26,26,sha3,20,,,,2.254682,0.193969,0.007182,0.009979,0.104905,0.001643,0.006963,0.010039,0.098021,0.002304,104,85,43,1085,1,0
1148,1,2.228815,0.447028,1.781787,1317,sha3,OMNeT++; module=UavAuthNetwork.uav[18]; config=Swarm20,0.28636,0.046336,0.242734,0.074939,0.229196,0.03264,0.191444,0.074939,0.170786,0.165178,0.01079,1.552591,Swarm20,Swarm20-26-20260922-20:31:50-1127387,18,Swarm20-26-20260922-20:31:50-1127387|phase2|18,26,26,26,sha3,20,,,,2.189699,0.191444,0.007004,0.009999,0.09775,0.001593,0.006883,0.009789,0.09701,0.002585,104,85,43,1085,1,0
1149,1,2.251636,0.448921,1.802715,1317,sha3,OMNeT++; module=UavAuthNetwork.uav[19]; config=Swarm20,0.288013,0.051214,0.247005,0.075109,0.222776,0.039403,0.187157,0.075109,0.170236,0.163387,0.01069,1.579939,Swarm20,Swarm20-26-20260922-20:31:50-1127387,19,Swarm20-26-20260922-20:31:50-1127387|phase2|19,26,26,26,sha3,20,,,,2.213107,0.187157,0.006932,0.009949,0.098092,0.001683,0.006862,0.009899,0.100346,0.002405,104,85,43,1085,1,0
1150,1,2.293282,0.490338,1.802944,1317,sha3,OMNeT++; module=UavAuthNetwork.uav[0]; config=Swarm20,0.305776,0.050223,0.278054,0.085729,0.252406,0.032911,0.196023,0.085729,0.181296,0.178824,0.013104,1.550538,Swarm20,Swarm20-27-20260922-20:31:50-1127387,0,Swarm20-27-20260922-20:31:50-1127387|phase2|0,27,27,27,sha3,20,,,,2.259821,0.196023,0.008035,0.010679,0.11851,0.002444,0.007484,0.01085,0.098613,0.009117,104,85,43,1085,1,0
1151,1,2.220968,0.450853,1.770115,1317,sha3,OMNeT++; module=UavAuthNetwork.uav[1]; config=Swarm20,0.285599,0.046747,0.24631,0.076591,0.21597,0.03254,0.18872,0.076591,0.172759,0.178935,0.012072,1.554145,Swarm20,Swarm20-27-20260922-20:31:50-1127387,1,Swarm20-27-20260922-20:31:50-1127387|phase2|1,27,27,27,sha3,20,,,,2.19536,0.18872,0.007003,0.010179,0.099524,0.001774,0.007034,0.009968,0.097681,0.002735,104,85,43,1085,1,0
1152,1,2.254825,0.459261,1.795564,1317,sha3,OMNeT++; module=UavAuthNetwork.uav[2]; config=Swarm20,0.283605,0.046536,0.239565,0.082032,0.241962,0.03247,0.188008,0.082032,0.173301,0.180471,0.011592,1.553602,Swarm20,Swarm20-27-20260922-20:31:50-1127387,2,Swarm20-27-20260922-20:31:50-1127387|phase2|2,27,27,27,sha3,20,,,,2.215599,0.188008,0.007042,0.010269,0.104454,0.001683,0.007072,0.009769,0.098273,0.002375,104,85,43,1085,1,0
1153,1,2.239879,0.452639,1.78724,1317,sha3,OMNeT++; module=UavAuthNetwork.uav[3]; config=Swarm20,0.288625,0.046236,0.248472,0.076141,0.23573,0.03241,0.192716,0.076141,0.172189,0.18546,0.011732,1.551509,Swarm20,Swarm20-27-20260922-20:31:50-1127387,3,Swarm20-27-20260922-20:31:50-1127387|phase2|3,27,27,27,sha3,20,,,,2.221172,0.192716,0.007013,0.010119,0.098723,0.001663,0.006923,0.009969,0.097731,0.002214,104,85,43,1085,1,0
1154,1,2.23965,0.455354,1.784296,1317,sha3,OMNeT++; module=UavAuthNetwork.uav[4]; config=Swarm20,0.293053,0.047097,0.270964,0.07546,0.232374,0.03247,0.196343,0.07546,0.171567,0.170922,0.011381,1.551922,Swarm20,Swarm20-27-20260922-20:31:50-1127387,4,Swarm20-27-20260922-20:31:50-1127387|phase2|4,27,27,27,sha3,20,,,,2.226182,0.196343,0.006943,0.009959,0.098813,0.001663,0.006962,0.009798,0.097892,0.002494,104,85,43,1085,1,0
1155,1,2.240857,0.44777,1.793087,1317,sha3,OMNeT++; module=UavAuthNetwork.uav[5]; config=Swarm20,0.285669,0.045915,0.255722,0.0755,0.236235,0.03224,0.191164,0.0755,0.176968,0.167248,0.011101,1.556851,Swarm20,Swarm20-27-20260922-20:31:50-1127387,5,Swarm20-27-20260922-20:31:50-1127387|phase2|5,27,27,27,sha3,20,,,,2.216056,0.191164,0.007043,0.009878,0.098523,0.001713,0.006991,0.009749,0.097791,0.002495,104,85,43,1085,1,0
1156,1,2.260304,0.445596,1.814708,1317,sha3,OMNeT++; module=UavAuthNetwork.uav[6]; config=Swarm20,0.283375,0.046476,0.25171,0.07567,0.239792,0.03226,0.18907,0.07567,0.171688,0.165731,0.010881,1.574916,Swarm20,Swarm20-27-20260922-20:31:50-1127387,6,Swarm20-27-20260922-20:31:50-1127387|phase2|6,27,27,27,sha3,20,,,,2.232149,0.18907,0.006984,0.009868,0.099114,0.001583,0.006912,0.009749,0.097762,0.002114,104,85,43,1085,1,0
1157,1,2.288454,0.454912,1.833542,1317,sha3,OMNeT++; module=UavAuthNetwork.uav[7]; config=Swarm20,0.28078,0.045985,0.248329,0.081621,0.261868,0.032279,0.187157,0.081621,0.171618,0.16757,0.01089,1.571674,Swarm20,Swarm20-27-20260922-20:31:50-1127387,7,Swarm20-27-20260922-20:31:50-1127387|phase2|7,27,27,27,sha3,20,,,,2.249441,0.187157,0.012684,0.010169,0.098332,0.001683,0.006954,0.010027,0.09747,0.002394,104,85,43,1085,1,0
1158,1,2.226676,0.444493,1.782183,1317,sha3,OMNeT++; module=UavAuthNetwork.uav[8]; config=Swarm20,0.281541,0.047027,0.245939,0.076021,0.215799,0.03232,0.187187,0.076021,0.171858,0.166953,0.01091,1.566384,Swarm20,Swarm20-27-20260922-20:31:50-1127387,8,Swarm20-27-20260922-20:31:50-1127387|phase2|8,27,27,27,sha3,20,,,,2.195075,0.187187,0.006902,0.010189,0.098573,0.001613,0.006963,0.010219,0.097741,0.002194,104,85,43,1085,1,0
1159,1,2.260871,0.447259,1.813612,1317,sha3,OMNeT++; module=UavAuthNetwork.uav[9]; config=Swarm20,0.285389,0.046386,0.248082,0.07543,0.233035,0.032009,0.191254,0.07543,0.171368,0.200319,0.01101,1.580577,Swarm20,Swarm20-27-20260922-20:31:50-1127387,9,Swarm20-27-20260922-20:31:50-1127387|phase2|9,27,27,27,sha3,20,,,,2.262013,0.191254,0.006923,0.010108,0.098813,0.001623,0.006953,0.009789,0.098021,0.002495,104,85,43,1085,1,0
1160,1,2.214634,0.445664,1.76897,1317,sha3,OMNeT++; module=UavAuthNetwork.uav[10]; config=Swarm20,0.282713,0.046897,0.243522,0.07588,0.219855,0.03219,0.188339,0.07588,0.178902,0.157419,0.011191,1.549115,Swarm20,Swarm20-27-20260922-20:31:50-1127387,10,Swarm20-27-20260922-20:31:50-1127387|phase2|10,27,27,27,sha3,20,,,,2.169911,0.188339,0.006953,0.010038,0.098733,0.001643,0.006964,0.010079,0.098091,0.002295,104,85,43,1085,1,0
1161,1,2.241632,0.452831,1.788801,1317,sha3,OMNeT++; module=UavAuthNetwork.uav[11]; config=Swarm20,0.289196,0.046496,0.27231,0.076352,0.221883,0.03252,0.193839,0.076352,0.174543,0.185119,0.010931,1.566918,Swarm20,Swarm20-27-20260922-20:31:50-1127387,11,Swarm20-27-20260922-20:31:50-1127387|phase2|11,27,27,27,sha3,20,,,,2.24623,0.193839,0.006992,0.010269,0.099495,0.001583,0.006953,0.010119,0.098122,0.002594,104,85,43,1085,1,0
1162,1,2.236693,0.450163,1.78653,1317,sha3,OMNeT++; module=UavAuthNetwork.uav[12]; config=Swarm20,0.28663,0.052787,0.256593,0.076141,0.236484,0.03248,0.191946,0.076141,0.17267,0.162541,0.011251,1.550046,Swarm20,Swarm20-27-20260922-20:31:50-1127387,12,Swarm20-27-20260922-20:31:50-1127387|phase2|12,27,27,27,sha3,20,,,,2.205664,0.191946,0.006972,0.0102,0.098952,0.001663,0.012293,0.009988,0.098592,0.002495,104,85,43,1085,1,0
1163,1,2.228039,0.447538,1.780501,1317,sha3,OMNeT++; module=UavAuthNetwork.uav[13]; config=Swarm20,0.285418,0.046396,0.268673,0.07559,0.224784,0.03241,0.190152,0.07559,0.172329,0.165935,0.01094,1.555717,Swarm20,Swarm20-27-20260922-20:31:50-1127387,13,Swarm20-27-20260922-20:31:50-1127387|phase2|13,27,27,27,sha3,20,,,,2.215109,0.190152,0.006912,0.010068,0.098602,0.001613,0.006953,0.009848,0.098232,0.002544,104,85,43,1085,1,0
1164,1,2.233778,0.454614,1.779164,1317,sha3,OMNeT++; module=UavAuthNetwork.uav[14]; config=Swarm20,0.291089,0.047288,0.25108,0.076212,0.222035,0.03286,0.195102,0.076212,0.17286,0.165346,0.011101,1.557129,Swarm20,Swarm20-27-20260922-20:31:50-1127387,14,Swarm20-27-20260922-20:31:50-1127387|phase2|14,27,27,27,sha3,20,,,,2.19559,0.195102,0.007023,0.010058,0.099555,0.001603,0.006984,0.010027,0.098382,0.002365,104,85,43,1085,1,0
1165,1,2.248468,0.450024,1.798444,1317,sha3,OMNeT++; module=UavAuthNetwork.uav[15]; config=Swarm20,0.286831,0.046586,0.25332,0.076021,0.234217,0.03243,0.191725,0.076021,0.179633,0.165439,0.011151,1.564228,Swarm20,Swarm20-27-20260922-20:31:50-1127387,15,Swarm20-27-20260922-20:31:50-1127387|phase2|15,27,27,27,sha3,20,,,,2.217203,0.191725,0.006992,0.009978,0.099084,0.001683,0.006983,0.010079,0.103851,0.002555,104,85,43,1085,1,0
1166,1,2.238104,0.442239,1.795865,1317,sha3,OMNeT++; module=UavAuthNetwork.uav[16]; config=Swarm20,0.279428,0.047308,0.277123,0.07587,0.216594,0.03246,0.18378,0.07587,0.173151,0.196076,0.011071,1.579271,Swarm20,Swarm20-27-20260922-20:31:50-1127387,16,Swarm20-27-20260922-20:31:50-1127387|phase2|16,27,27,27,sha3,20,,,,2.269064,0.18378,0.006964,0.010058,0.099254,0.001653,0.007023,0.009898,0.098322,0.002264,104,85,43,1085,1,0
1167,1,2.251954,0.481381,1.770573,1317,sha3,OMNeT++; module=UavAuthNetwork.uav[17]; config=Swarm20,0.316946,0.047468,0.249297,0.076502,0.217125,0.033222,0.218063,0.076502,0.175915,0.167436,0.011431,1.553448,Swarm20,Swarm20-27-20260922-20:31:50-1127387,17,Swarm20-27-20260922-20:31:50-1127387|phase2|17,27,27,27,sha3,20,,,,2.187306,0.218063,0.007073,0.010129,0.100236,0.001663,0.007044,0.010058,0.099244,0.002425,104,85,43,1085,1,0
1168,1,2.235623,0.466514,1.769109,1317,sha3,OMNeT++; module=UavAuthNetwork.uav[18]; config=Swarm20,0.303171,0.047007,0.243445,0.076161,0.214574,0.033011,0.204889,0.076161,0.180083,0.169976,0.011021,1.554535,Swarm20,Swarm20-27-20260922-20:31:50-1127387,18,Swarm20-27-20260922-20:31:50-1127387|phase2|18,27,27,27,sha3,20,,,,2.18253,0.204889,0.006962,0.010128,0.099383,0.001663,0.006943,0.009908,0.098783,0.002464,104,85,43,1085,1,0
1169,1,2.280692,0.469629,1.811063,1317,sha3,OMNeT++; module=UavAuthNetwork.uav[19]; config=Swarm20,0.294906,0.047108,0.241721,0.081721,0.227508,0.033111,0.197416,0.081721,0.17272,0.175345,0.011281,1.583555,Swarm20,Swarm20-27-20260922-20:31:50-1127387,19,Swarm20-27-20260922-20:31:50-1127387|phase2|19,27,27,27,sha3,20,,,,2.228129,0.197416,0.007214,0.010369,0.104904,0.001633,0.007044,0.010029,0.098683,0.002214,104,85,43,1085,1,0
1170,1,2.252219,0.482461,1.769758,1317,sha3,OMNeT++; module=UavAuthNetwork.uav[0]; config=Swarm20,0.309623,0.049572,0.264293,0.079797,0.222098,0.033522,0.198578,0.079797,0.181586,0.167313,0.013244,1.54766,Swarm20,Swarm20-28-20260922-20:31:50-1127387,0,Swarm20-28-20260922-20:31:50-1127387|phase2|0,28,28,28,sha3,20,,,,2.201363,0.198578,0.007774,0.011,0.1132,0.002404,0.007525,0.01066,0.098953,0.008967,104,85,43,1085,1,0
1171,1,2.254305,0.450616,1.803689,1317,sha3,OMNeT++; module=UavAuthNetwork.uav[1]; config=Swarm20,0.286711,0.047077,0.245405,0.075961,0.234109,0.032319,0.181205,0.075961,0.17273,0.182437,0.011983,1.569581,Swarm20,Swarm20-28-20260922-20:31:50-1127387,1,Swarm20-28-20260922-20:31:50-1127387|phase2|1,28,28,28,sha3,20,,,,2.231532,0.181205,0.007233,0.010069,0.107038,0.001703,0.007032,0.009988,0.098062,0.002605,104,85,43,1085,1,0
1172,1,2.231731,0.445775,1.785956,1317,sha3,OMNeT++; module=UavAuthNetwork.uav[2]; config=Swarm20,0.284146,0.046546,0.263726,0.075209,0.214222,0.03239,0.188258,0.075209,0.172309,0.196866,0.011211,1.571734,Swarm20,Swarm20-28-20260922-20:31:50-1127387,2,Swarm20-28-20260922-20:31:50-1127387|phase2|2,28,28,28,sha3,20,,,,2.246548,0.188258,0.006903,0.010018,0.098372,0.001603,0.007002,0.009938,0.098143,0.002384,104,85,43,1085,1,0
1173,1,2.259584,0.492994,1.76659,1317,sha3,OMNeT++; module=UavAuthNetwork.uav[3]; config=Swarm20,0.328358,0.04854,0.244219,0.076492,0.217226,0.038652,0.212864,0.076492,0.17831,0.173843,0.011652,1.549364,Swarm20,Swarm20-28-20260922-20:31:50-1127387,3,Swarm20-28-20260922-20:31:50-1127387|phase2|3,28,28,28,sha3,20,,,,2.184652,0.212864,0.007834,0.010619,0.109844,0.001803,0.007073,0.010498,0.103632,0.003046,104,85,43,1085,1,0
1174,1,2.269017,0.473576,1.795441,1317,sha3,OMNeT++; module=UavAuthNetwork.uav[4]; config=Swarm20,0.295407,0.047248,0.246039,0.083354,0.242839,0.03236,0.198347,0.083354,0.174393,0.182255,0.011461,1.552602,Swarm20,Swarm20-28-20260922-20:31:50-1127387,4,Swarm20-28-20260922-20:31:50-1127387|phase2|4,28,28,28,sha3,20,,,,2.223735,0.198347,0.006973,0.01035,0.106337,0.001633,0.007024,0.009869,0.099614,0.002514,104,85,43,1085,1,0
1175,1,2.226769,0.450205,1.776564,1317,sha3,OMNeT++; module=UavAuthNetwork.uav[5]; config=Swarm20,0.287773,0.046506,0.258522,0.075801,0.220625,0.03258,0.191334,0.075801,0.172189,0.169936,0.01083,1.555939,Swarm20,Swarm20-28-20260922-20:31:50-1127387,5,Swarm20-28-20260922-20:31:50-1127387|phase2|5,28,28,28,sha3,20,,,,2.205022,0.191334,0.006962,0.010048,0.099004,0.001573,0.006952,0.009817,0.098282,0.002434,104,85,43,1085,1,0
1176,1,2.238557,0.465089,1.773468,1317,sha3,OMNeT++; module=UavAuthNetwork.uav[6]; config=Swarm20,0.295176,0.047197,0.269372,0.076631,0.221546,0.03254,0.198006,0.076631,0.190362,0.1672,0.016651,1.551922,Swarm20,Swarm20-28-20260922-20:31:50-1127387,6,Swarm20-28-20260922-20:31:50-1127387|phase2|6,28,28,28,sha3,20,,,,2.21004,0.198006,0.007045,0.010399,0.099644,0.002715,0.007003,0.010108,0.097972,0.003016,104,85,43,1085,1,0
1177,1,2.479313,0.673766,1.805547,1317,sha3,OMNeT++; module=UavAuthNetwork.uav[7]; config=Swarm20,0.453038,0.086671,0.28865,0.103912,0.246164,0.054742,0.300786,0.103912,0.247999,0.196545,0.012904,1.559383,Swarm20,Swarm20-28-20260922-20:31:50-1127387,7,Swarm20-28-20260922-20:31:50-1127387|phase2|7,28,28,28,sha3,20,,,,2.290742,0.300786,0.012444,0.0163,0.137124,0.002164,0.011462,0.019036,0.132445,0.004008,104,85,43,1085,1,0
1178,1,2.277147,0.462528,1.814619,1317,sha3,OMNeT++; module=UavAuthNetwork.uav[8]; config=Swarm20,0.297261,0.048229,0.268555,0.076833,0.233296,0.033732,0.195492,0.076833,0.180153,0.174174,0.011601,1.581323,Swarm20,Swarm20-28-20260922-20:31:50-1127387,8,Swarm20-28-20260922-20:31:50-1127387|phase2|8,28,28,28,sha3,20,,,,2.257348,0.195492,0.007254,0.010238,0.101177,0.001773,0.007094,0.010078,0.098051,0.002655,104,85,43,1085,1,0
1179,1,2.262845,0.457515,1.80533,1317,sha3,OMNeT++; module=UavAuthNetwork.uav[9]; config=Swarm20,0.294325,0.046716,0.261555,0.07605,0.25564,0.033302,0.195281,0.07605,0.171607,0.165749,0.01109,1.54969,Swarm20,Swarm20-28-20260922-20:31:50-1127387,9,Swarm20-28-20260922-20:31:50-1127387|phase2|9,28,28,28,sha3,20,,,,2.232634,0.195281,0.006973,0.010138,0.099345,0.001623,0.006902,0.009959,0.097981,0.002345,104,85,43,1085,1,0
1180,1,2.250635,0.450423,1.800212,1317,sha3,OMNeT++; module=UavAuthNetwork.uav[10]; config=Swarm20,0.287743,0.052968,0.251461,0.07586,0.242291,0.032761,0.191584,0.07586,0.171257,0.161498,0.01096,1.557921,Swarm20,Swarm20-28-20260922-20:31:50-1127387,10,Swarm20-28-20260922-20:31:50-1127387|phase2|10,28,28,28,sha3,20,,,,2.213171,0.191584,0.007004,0.010239,0.098502,0.001664,0.007102,0.010079,0.097882,0.002565,104,85,43,1085,1,0
1181,1,2.225103,0.444703,1.7804,1317,sha3,OMNeT++; module=UavAuthNetwork.uav[11]; config=Swarm20,0.282953,0.046356,0.270467,0.07549,0.217682,0.032861,0.187026,0.07549,0.170876,0.174566,0.01077,1.562718,Swarm20,Swarm20-28-20260922-20:31:50-1127387,11,Swarm20-28-20260922-20:31:50-1127387|phase2|11,28,28,28,sha3,20,,,,2.225433,0.187026,0.007064,0.01011,0.098271,0.001633,0.006873,0.009877,0.097791,0.002384,104,85,43,1085,1,0
1182,1,2.223133,0.452097,1.771036,1317,sha3,OMNeT++; module=UavAuthNetwork.uav[12]; config=Swarm20,0.290137,0.046877,0.242513,0.07554,0.223217,0.032711,0.1944,0.07554,0.171458,0.174734,0.01088,1.547819,Swarm20,Swarm20-28-20260922-20:31:50-1127387,12,Swarm20-28-20260922-20:31:50-1127387|phase2|12,28,28,28,sha3,20,,,,2.188282,0.1944,0.006962,0.009958,0.098923,0.001623,0.006863,0.009829,0.097901,0.002465,104,85,43,1085,1,0
1183,1,2.245931,0.451176,1.794755,1317,sha3,OMNeT++; module=UavAuthNetwork.uav[13]; config=Swarm20,0.289446,0.046075,0.249408,0.07542,0.231417,0.032671,0.19441,0.07542,0.17838,0.164687,0.01089,1.563338,Swarm20,Swarm20-28-20260922-20:31:50-1127387,13,Swarm20-28-20260922-20:31:50-1127387|phase2|13,28,28,28,sha3,20,,,,2.20885,0.19441,0.006892,0.009949,0.098202,0.001653,0.006883,0.010129,0.103451,0.002715,104,85,43,1085,1,0
1184,1,2.290334,0.455662,1.834672,1317,sha3,OMNeT++; module=UavAuthNetwork.uav[14]; config=Swarm20,0.293894,0.046526,0.254259,0.075509,0.25627,0.03267,0.192787,0.075509,0.170445,0.174901,0.01075,1.578402,Swarm20,Swarm20-28-20260922-20:31:50-1127387,14,Swarm20-28-20260922-20:31:50-1127387|phase2|14,28,28,28,sha3,20,,,,2.263831,0.192787,0.007143,0.010359,0.103282,0.001573,0.006943,0.009878,0.097441,0.002254,104,85,43,1085,1,0
1185,1,2.236116,0.457969,1.778147,1317,sha3,OMNeT++; module=UavAuthNetwork.uav[15]; config=Swarm20,0.295888,0.046436,0.242997,0.07552,0.216594,0.03247,0.200621,0.07552,0.170896,0.183682,0.011041,1.561552,Swarm20,Swarm20-28-20260922-20:31:50-1127387,15,Swarm20-28-20260922-20:31:50-1127387|phase2|15,28,28,28,sha3,20,,,,2.204826,0.200621,0.007033,0.010059,0.098543,0.001723,0.006923,0.010049,0.097321,0.002534,104,85,43,1085,1,0
1186,1,2.224605,0.446265,1.77834,1317,sha3,OMNeT++; module=UavAuthNetwork.uav[16]; config=Swarm20,0.283505,0.046926,0.240226,0.07592,0.229637,0.0325,0.188238,0.07592,0.171518,0.176378,0.01092,1.548703,Swarm20,Swarm20-28-20260922-20:31:50-1127387,16,Swarm20-28-20260922-20:31:50-1127387|phase2|16,28,28,28,sha3,20,,,,2.194945,0.188238,0.007013,0.009968,0.098733,0.001763,0.007063,0.009938,0.097451,0.002334,104,85,43,1085,1,0
1187,1,2.261976,0.451956,1.81002,1317,sha3,OMNeT++; module=UavAuthNetwork.uav[17]; config=Swarm20,0.289275,0.046656,0.248856,0.07571,0.245452,0.03823,0.188369,0.07571,0.172619,0.164961,0.011261,1.564568,Swarm20,Swarm20-28-20260922-20:31:50-1127387,17,Swarm20-28-20260922-20:31:50-1127387|phase2|17,28,28,28,sha3,20,,,,2.223837,0.188369,0.007195,0.00987,0.098992,0.001753,0.006972,0.009868,0.097591,0.002514,104,85,43,1085,1,0
1188,1,2.22159,0.457888,1.763702,1317,sha3,OMNeT++; module=UavAuthNetwork.uav[18]; config=Swarm20,0.283986,0.046486,0.247072,0.081521,0.213425,0.03244,0.188198,0.081521,0.171348,0.160702,0.01086,1.550278,Swarm20,Swarm20-28-20260922-20:31:50-1127387,18,Swarm20-28-20260922-20:31:50-1127387|phase2|18,28,28,28,sha3,20,,,,2.171476,0.188198,0.006904,0.01636,0.098061,0.001733,0.006982,0.009999,0.09773,0.002565,104,85,43,1085,1,0
1189,1,2.245828,0.440585,1.805243,1317,sha3,OMNeT++; module=UavAuthNetwork.uav[19]; config=Swarm20,0.279037,0.046356,0.240174,0.075239,0.234927,0.0325,0.184071,0.075239,0.170947,0.171571,0.01107,1.570316,Swarm20,Swarm20-28-20260922-20:31:50-1127387,19,Swarm20-28-20260922-20:31:50-1127387|phase2|19,28,28,28,sha3,20,,,,2.216988,0.184071,0.007113,0.009948,0.098203,0.001703,0.006853,0.009727,0.097651,0.002284,104,85,43,1085,1,0
1190,1,2.259497,0.484135,1.775362,1317,sha3,OMNeT++; module=UavAuthNetwork.uav[0]; config=Swarm20,0.311687,0.049933,0.29148,0.079607,0.217616,0.033021,0.200561,0.079607,0.179272,0.177729,0.013234,1.557746,Swarm20,Swarm20-29-20260922-20:31:50-1127387,0,Swarm20-29-20260922-20:31:50-1127387|phase2|0,29,29,29,sha3,20,,,,2.244571,0.200561,0.007735,0.01097,0.113811,0.002545,0.007454,0.01072,0.098422,0.008556,104,85,43,1085,1,0
1191,1,2.271117,0.476401,1.794716,1317,sha3,OMNeT++; module=UavAuthNetwork.uav[1]; config=Swarm20,0.310665,0.047929,0.252269,0.076722,0.237907,0.03245,0.212013,0.076722,0.173882,0.163805,0.012292,1.556809,Swarm20,Swarm20-29-20260922-20:31:50-1127387,1,Swarm20-29-20260922-20:31:50-1127387|phase2|1,29,29,29,sha3,20,,,,2.210789,0.212013,0.007183,0.01065,0.100887,0.001824,0.007114,0.009948,0.098932,0.003416,104,85,43,1085,1,0
1192,1,2.261728,0.481039,1.780689,1317,sha3,OMNeT++; module=UavAuthNetwork.uav[2]; config=Swarm20,0.316727,0.047227,0.250263,0.07608,0.220197,0.032611,0.218885,0.07608,0.180674,0.180521,0.012152,1.560492,Swarm20,Swarm20-29-20260922-20:31:50-1127387,2,Swarm20-29-20260922-20:31:50-1127387|phase2|2,29,29,29,sha3,20,,,,2.211473,0.218885,0.007163,0.010258,0.099816,0.001883,0.007094,0.010179,0.105025,0.002855,104,85,43,1085,1,0
1193,1,2.256112,0.453349,1.802763,1317,sha3,OMNeT++; module=UavAuthNetwork.uav[3]; config=Swarm20,0.290268,0.046236,0.240071,0.07574,0.222069,0.03253,0.193869,0.07574,0.17262,0.177497,0.011601,1.580694,Swarm20,Swarm20-29-20260922-20:31:50-1127387,3,Swarm20-29-20260922-20:31:50-1127387|phase2|3,29,29,29,sha3,20,,,,2.220332,0.193869,0.007034,0.009988,0.099023,0.001763,0.006964,0.009869,0.09756,0.002334,104,85,43,1085,1,0
1194,1,2.249406,0.463567,1.785839,1317,sha3,OMNeT++; module=UavAuthNetwork.uav[4]; config=Swarm20,0.300396,0.047037,0.248583,0.07575,0.223777,0.03254,0.204789,0.07575,0.196684,0.16847,0.011671,1.562062,Swarm20,Swarm20-29-20260922-20:31:50-1127387,4,Swarm20-29-20260922-20:31:50-1127387|phase2|4,29,29,29,sha3,20,,,,2.202893,0.204789,0.007074,0.010089,0.098813,0.001743,0.007042,0.010059,0.098021,0.002885,104,85,43,1085,1,0
1195,1,2.249639,0.457068,1.792571,1317,sha3,OMNeT++; module=UavAuthNetwork.uav[5]; config=Swarm20,0.293143,0.046265,0.257617,0.075831,0.242735,0.032981,0.191254,0.075831,0.171568,0.169321,0.012263,1.549837,Swarm20,Swarm20-29-20260922-20:31:50-1127387,5,Swarm20-29-20260922-20:31:50-1127387|phase2|5,29,29,29,sha3,20,,,,2.219509,0.191254,0.007063,0.009919,0.104844,0.001873,0.006952,0.009718,0.097471,0.002225,104,85,43,1085,1,0
1196,1,2.268163,0.455722,1.812441,1317,sha3,OMNeT++; module=UavAuthNetwork.uav[6]; config=Swarm20,0.293222,0.046927,0.257998,0.07568,0.234433,0.032661,0.196824,0.07568,0.172619,0.163002,0.01114,1.578008,Swarm20,Swarm20-29-20260922-20:31:50-1127387,6,Swarm20-29-20260922-20:31:50-1127387|phase2|6,29,29,29,sha3,20,,,,2.233441,0.196824,0.007112,0.010118,0.099004,0.001613,0.006983,0.010088,0.09729,0.002494,104,85,43,1085,1,0
1197,1,2.272419,0.483946,1.788473,1317,sha3,OMNeT++; module=UavAuthNetwork.uav[7]; config=Swarm20,0.316516,0.071432,0.257249,0.077764,0.222571,0.036217,0.212053,0.077764,0.173892,0.167074,0.011902,1.565902,Swarm20,Swarm20-29-20260922-20:31:50-1127387,7,Swarm20-29-20260922-20:31:50-1127387|phase2|7,29,29,29,sha3,20,,,,2.212796,0.212053,0.008567,0.010891,0.102439,0.001883,0.009096,0.012443,0.116657,0.003416,104,85,43,1085,1,0
1198,1,2.276215,0.488246,1.787969,1317,sha3,OMNeT++; module=UavAuthNetwork.uav[8]; config=Swarm20,0.306828,0.047568,0.255409,0.084457,0.214222,0.03273,0.204218,0.084457,0.196083,0.158685,0.012504,1.573747,Swarm20,Swarm20-29-20260922-20:31:50-1127387,8,Swarm20-29-20260922-20:31:50-1127387|phase2|8,29,29,29,sha3,20,,,,2.202063,0.204218,0.007082,0.011141,0.111737,0.001963,0.007184,0.01049,0.102551,0.003216,104,85,43,1085,1,0
1199,1,2.301837,0.505844,1.795993,1317,sha3,OMNeT++; module=UavAuthNetwork.uav[9]; config=Swarm20,0.339087,0.047698,0.249169,0.077002,0.218682,0.044212,0.214147,0.077002,0.191785,0.191587,0.012753,1.577311,Swarm20,Swarm20-29-20260922-20:31:50-1127387,9,Swarm20-29-20260922-20:31:50-1127387|phase2|9,29,29,29,sha3,20,,,,2.236749,0.214147,0.007373,0.01053,0.101869,0.002324,0.007104,0.011391,0.107098,0.002936,104,85,43,1085,1,0
1200,1,2.319315,0.515704,1.803611,1317,sha3,OMNeT++; module=UavAuthNetwork.uav[10]; config=Swarm20,0.295256,0.058028,0.253277,0.104113,0.240473,0.032811,0.196484,0.104113,0.215149,0.174194,0.012222,1.563138,Swarm20,Swarm20-29-20260922-20:31:50-1127387,10,Swarm20-29-20260922-20:31:50-1127387|phase2|10,29,29,29,sha3,20,,,,2.231082,0.196484,0.01058,0.016791,0.117747,0.002074,0.009367,0.014487,0.111307,0.003606,104,85,43,1085,1,0
1201,1,2.266161,0.483306,1.782855,1317,sha3,OMNeT++; module=UavAuthNetwork.uav[11]; config=Swarm20,0.311387,0.048219,0.24152,0.079908,0.213349,0.033151,0.209889,0.079908,0.192686,0.168187,0.012103,1.569507,Swarm20,Swarm20-29-20260922-20:31:50-1127387,11,Swarm20-29-20260922-20:31:50-1127387|phase2|11,29,29,29,sha3,20,,,,2.192562,0.209889,0.007545,0.012484,0.102569,0.001794,0.007163,0.010549,0.099033,0.002976,104,85,43,1085,1,0
1202,1,2.269606,0.495898,1.773708,1317,sha3,OMNeT++; module=UavAuthNetwork.uav[12]; config=Swarm20,0.329891,0.051746,0.268452,0.077303,0.21473,0.032931,0.229345,0.077303,0.174413,0.157905,0.011401,1.558978,Swarm20,Swarm20-29-20260922-20:31:50-1127387,12,Swarm20-29-20260922-20:31:50-1127387|phase2|12,29,29,29,sha3,20,,,,2.200066,0.229345,0.007314,0.010971,0.101437,0.001733,0.007224,0.009998,0.101738,0.003205,104,85,43,1085,1,0
1203,1,2.248016,0.467154,1.780862,1317,sha3,OMNeT++; module=UavAuthNetwork.uav[13]; config=Swarm20,0.30267,0.047869,0.262707,0.076391,0.232978,0.03281,0.195182,0.076391,0.173982,0.168626,0.011702,1.547884,Swarm20,Swarm20-29-20260922-20:31:50-1127387,13,Swarm20-29-20260922-20:31:50-1127387|phase2|13,29,29,29,sha3,20,,,,2.212195,0.195182,0.007664,0.0102,0.108069,0.001713,0.007092,0.010249,0.098944,0.002695,104,85,43,1085,1,0
1204,1,2.21589,0.44791,1.76798,1317,sha3,OMNeT++; module=UavAuthNetwork.uav[14]; config=Swarm20,0.285339,0.046857,0.261349,0.07566,0.21429,0.032491,0.188949,0.07566,0.173341,0.159304,0.011251,1.55369,Swarm20,Swarm20-29-20260922-20:31:50-1127387,14,Swarm20-29-20260922-20:31:50-1127387|phase2|14,29,29,29,sha3,20,,,,2.188633,0.188949,0.007172,0.010058,0.098743,0.001563,0.007023,0.009849,0.098042,0.002474,104,85,43,1085,1,0
1205,1,2.266393,0.465372,1.801021,1317,sha3,OMNeT++; module=UavAuthNetwork.uav[15]; config=Swarm20,0.300967,0.046987,0.253058,0.076402,0.244786,0.040155,0.196363,0.076402,0.173852,0.204095,0.011601,1.556236,Swarm20,Swarm20-29-20260922-20:31:50-1127387,15,Swarm20-29-20260922-20:31:50-1127387|phase2|15,29,29,29,sha3,20,,,,2.258174,0.196363,0.007403,0.010379,0.099705,0.001663,0.006943,0.009918,0.098271,0.002585,104,85,43,1085,1,0
1206,1,2.286856,0.466822,1.820034,1317,sha3,OMNeT++; module=UavAuthNetwork.uav[16]; config=Swarm20,0.290948,0.047588,0.248824,0.082332,0.252661,0.0327,0.195382,0.082332,0.17248,0.179983,0.01121,1.567373,Swarm20,Swarm20-29-20260922-20:31:50-1127387,16,Swarm20-29-20260922-20:31:50-1127387|phase2|16,29,29,29,sha3,20,,,,2.248842,0.195382,0.007034,0.01623,0.099133,0.001643,0.007434,0.009929,0.098292,0.002545,104,85,43,1085,1,0
1207,1,2.230797,0.450244,1.780553,1317,sha3,OMNeT++; module=UavAuthNetwork.uav[17]; config=Swarm20,0.288264,0.046746,0.248632,0.07562,0.228965,0.03263,0.192486,0.07562,0.17279,0.165773,0.01074,1.551588,Swarm20,Swarm20-29-20260922-20:31:50-1127387,17,Swarm20-29-20260922-20:31:50-1127387|phase2|17,29,29,29,sha3,20,,,,2.194957,0.192486,0.007103,0.010019,0.098212,0.001673,0.006952,0.010079,0.09756,0.002304,104,85,43,1085,1,0
1208,1,2.239409,0.460292,1.779117,1317,sha3,OMNeT++; module=UavAuthNetwork.uav[18]; config=Swarm20,0.296799,0.047267,0.245806,0.076161,0.223246,0.032751,0.200611,0.076161,0.17301,0.159769,0.011171,1.555871,Swarm20,Swarm20-29-20260922-20:31:50-1127387,18,Swarm20-29-20260922-20:31:50-1127387|phase2|18,29,29,29,sha3,20,,,,2.184691,0.200611,0.007173,0.01024,0.099504,0.001823,0.007004,0.009988,0.098421,0.002515,104,85,43,1085,1,0
1209,1,2.26107,0.455091,1.805979,1317,sha3,OMNeT++; module=UavAuthNetwork.uav[19]; config=Swarm20,0.292351,0.047228,0.246455,0.07585,0.234991,0.032941,0.196073,0.07585,0.189962,0.160556,0.01104,1.570987,Swarm20,Swarm20-29-20260922-20:31:50-1127387,19,Swarm20-29-20260922-20:31:50-1127387|phase2|19,29,29,29,sha3,20,,,,2.212989,0.196073,0.007084,0.010359,0.099013,0.001703,0.006993,0.010018,0.098302,0.002394,104,85,43,1085,1,0
1210,1,2.317712,0.512779,1.804933,1317,sha3,OMNeT++; module=UavAuthNetwork.uav[0]; config=Swarm20,0.326504,0.0539,0.244439,0.085849,0.240399,0.035335,0.207634,0.085849,0.208656,0.177771,0.014577,1.564534,Swarm20,Swarm20-3-20260922-20:31:48-1127387,0,Swarm20-3-20260922-20:31:48-1127387|phase2|0,3,3,3,sha3,20,,,,2.227143,0.207634,0.008475,0.011732,0.122226,0.002705,0.008216,0.011511,0.105586,0.009488,104,85,43,1085,1,0
1211,1,2.312118,0.499716,1.812402,1317,sha3,OMNeT++; module=UavAuthNetwork.uav[1]; config=Swarm20,0.31858,0.051686,0.264027,0.084006,0.260102,0.035876,0.21024,0.084006,0.190643,0.175655,0.013124,1.552301,Swarm20,Swarm20-3-20260922-20:31:48-1127387,1,Swarm20-3-20260922-20:31:48-1127387|phase2|1,3,3,3,sha3,20,,,,2.252084,0.21024,0.007785,0.011231,0.109874,0.001893,0.007815,0.011101,0.10755,0.002836,104,85,43,1085,1,0
1212,1,2.3487,0.517849,1.830851,1317,sha3,OMNeT++; module=UavAuthNetwork.uav[2]; config=Swarm20,0.338487,0.051485,0.244826,0.083254,0.234521,0.035857,0.230817,0.083254,0.188288,0.178385,0.012854,1.59633,Swarm20,Swarm20-3-20260922-20:31:48-1127387,2,Swarm20-3-20260922-20:31:48-1127387|phase2|2,3,3,3,sha3,20,,,,2.254062,0.230817,0.007734,0.0112,0.109293,0.001983,0.007744,0.010851,0.106829,0.002965,104,85,43,1085,1,0
1213,1,2.263205,0.488513,1.774692,1317,sha3,OMNeT++; module=UavAuthNetwork.uav[3]; config=Swarm20,0.310735,0.050323,0.280845,0.082773,0.22252,0.035496,0.204799,0.082773,0.197726,0.161641,0.012232,1.552172,Swarm20,Swarm20-3-20260922-20:31:48-1127387,3,Swarm20-3-20260922-20:31:48-1127387|phase2|3,3,3,3,sha3,20,,,,2.217177,0.204799,0.007704,0.01101,0.10768,0.001783,0.007635,0.010729,0.114902,0.007333,104,85,43,1085,1,0
1214,1,2.30565,0.503623,1.802027,1317,sha3,OMNeT++; module=UavAuthNetwork.uav[4]; config=Swarm20,0.308742,0.049441,0.250297,0.087432,0.231454,0.034905,0.20504,0.087432,0.218063,0.182795,0.020017,1.570573,Swarm20,Swarm20-3-20260922-20:31:48-1127387,4,Swarm20-3-20260922-20:31:48-1127387|phase2|4,3,3,3,sha3,20,,,,2.235119,0.20504,0.007493,0.013886,0.108181,0.003166,0.008556,0.011581,0.115303,0.003867,104,85,43,1085,1,0
1215,1,2.342824,0.506919,1.835905,1317,sha3,OMNeT++; module=UavAuthNetwork.uav[5]; config=Swarm20,0.327907,0.050964,0.260868,0.082533,0.214512,0.035776,0.215159,0.082533,0.229715,0.177398,0.013946,1.621393,Swarm20,Swarm20-3-20260922-20:31:48-1127387,5,Swarm20-3-20260922-20:31:48-1127387|phase2|5,3,3,3,sha3,20,,,,2.274171,0.215159,0.007896,0.011342,0.109072,0.002294,0.007615,0.017623,0.10822,0.004147,104,85,43,1085,1,0
1216,1,2.318937,0.50805,1.810887,1317,sha3,OMNeT++; module=UavAuthNetwork.uav[6]; config=Swarm20,0.318549,0.062385,0.267808,0.086951,0.236742,0.035936,0.207243,0.086951,0.193227,0.16053,0.015599,1.574145,Swarm20,Swarm20-3-20260922-20:31:48-1127387,6,Swarm20-3-20260922-20:31:48-1127387|phase2|6,3,3,3,sha3,20,,,,2.239225,0.207243,0.008105,0.011231,0.113901,0.002264,0.007704,0.01076,0.11341,0.004378,104,85,43,1085,1,0
1217,1,2.269508,0.478376,1.791132,1317,sha3,OMNeT++; module=UavAuthNetwork.uav[7]; config=Swarm20,0.306297,0.049331,0.25512,0.079978,0.241708,0.034514,0.200471,0.079978,0.180174,0.16003,0.012123,1.549424,Swarm20,Swarm20-3-20260922-20:31:48-1127387,7,Swarm20-3-20260922-20:31:48-1127387|phase2|7,3,3,3,sha3,20,,,,2.206282,0.200471,0.007463,0.010791,0.105255,0.001723,0.007324,0.01071,0.101457,0.002715,104,85,43,1085,1,0
1218,1,2.293339,0.493444,1.799895,1317,sha3,OMNeT++; module=UavAuthNetwork.uav[8]; config=Swarm20,0.319541,0.050323,0.256509,0.0808,0.22386,0.035135,0.207945,0.0808,0.183901,0.159489,0.012303,1.576034,Swarm20,Swarm20-3-20260922-20:31:48-1127387,8,Swarm20-3-20260922-20:31:48-1127387|phase2|8,3,3,3,sha3,20,,,,2.215893,0.207945,0.007524,0.01085,0.105394,0.001773,0.007474,0.010609,0.103943,0.002966,104,85,43,1085,1,0
1219,1,2.292975,0.485819,1.807156,1317,sha3,OMNeT++; module=UavAuthNetwork.uav[9]; config=Swarm20,0.314272,0.056164,0.251647,0.080128,0.232007,0.035085,0.211261,0.080128,0.178581,0.18291,0.011291,1.575149,Swarm20,Swarm20-3-20260922-20:31:48-1127387,9,Swarm20-3-20260922-20:31:48-1127387|phase2|9,3,3,3,sha3,20,,,,2.241712,0.211261,0.007574,0.010891,0.104153,0.001753,0.007394,0.010689,0.108651,0.002925,104,85,43,1085,1,0
1220,1,2.253505,0.473867,1.779638,1317,sha3,OMNeT++; module=UavAuthNetwork.uav[10]; config=Swarm20,0.305976,0.048379,0.255104,0.078365,0.214378,0.033823,0.206001,0.078365,0.17815,0.172935,0.011161,1.56526,Swarm20,Swarm20-3-20260922-20:31:48-1127387,10,Swarm20-3-20260922-20:31:48-1127387|phase2|10,3,3,3,sha3,20,,,,2.207677,0.206001,0.007234,0.010439,0.102369,0.001623,0.007143,0.010329,0.101177,0.002425,104,85,43,1085,1,0
1221,1,2.273959,0.47041,1.803549,1317,sha3,OMNeT++; module=UavAuthNetwork.uav[11]; config=Swarm20,0.294595,0.046336,0.250144,0.082442,0.223596,0.039793,0.190223,0.082442,0.171638,0.16053,0.010931,1.579954,Swarm20,Swarm20-3-20260922-20:31:48-1127387,11,Swarm20-3-20260922-20:31:48-1127387|phase2|11,3,3,3,sha3,20,,,,2.214224,0.190223,0.006995,0.010359,0.105285,0.001613,0.006914,0.010049,0.097481,0.002534,104,85,43,1085,1,0
1222,1,2.245714,0.455233,1.790481,1317,sha3,OMNeT++; module=UavAuthNetwork.uav[12]; config=Swarm20,0.292011,0.046796,0.254797,0.07568,0.227407,0.032681,0.196824,0.07568,0.187547,0.198164,0.011862,1.563074,Swarm20,Swarm20-3-20260922-20:31:48-1127387,12,Swarm20-3-20260922-20:31:48-1127387|phase2|12,3,3,3,sha3,20,,,,2.243442,0.196824,0.006852,0.010019,0.098733,0.001733,0.012373,0.010388,0.100526,0.002615,104,85,43,1085,1,0
1223,1,2.28569,0.482823,1.802867,1317,sha3,OMNeT++; module=UavAuthNetwork.uav[13]; config=Swarm20,0.308621,0.050113,0.247924,0.08126,0.233174,0.035286,0.20557,0.08126,0.184872,0.181977,0.011682,1.569693,Swarm20,Swarm20-3-20260922-20:31:48-1127387,13,Swarm20-3-20260922-20:31:48-1127387|phase2|13,3,3,3,sha3,20,,,,2.232768,0.20557,0.007443,0.0109,0.105927,0.001843,0.007424,0.010841,0.105175,0.002555,104,85,43,1085,1,0
1224,1,2.259837,0.472845,1.786992,1317,sha3,OMNeT++; module=UavAuthNetwork.uav[14]; config=Swarm20,0.308461,0.047518,0.244074,0.076752,0.219268,0.035355,0.208356,0.076752,0.173712,0.17484,0.01088,1.567724,Swarm20,Swarm20-3-20260922-20:31:48-1127387,14,Swarm20-3-20260922-20:31:48-1127387|phase2|14,3,3,3,sha3,20,,,,2.205906,0.208356,0.007125,0.01025,0.100185,0.001603,0.007024,0.010048,0.098693,0.002545,104,85,43,1085,1,0
1225,1,2.365306,0.557691,1.807615,1317,sha3,OMNeT++; module=UavAuthNetwork.uav[15]; config=Swarm20,0.37276,0.04856,0.240043,0.086369,0.237663,0.055042,0.241768,0.086369,0.182748,0.170529,0.012193,1.569951,Swarm20,Swarm20-3-20260922-20:31:48-1127387,15,Swarm20-3-20260922-20:31:48-1127387|phase2|15,3,3,3,sha3,20,,,,2.218187,0.241768,0.007285,0.020027,0.10247,0.001994,0.007263,0.01054,0.101818,0.003767,104,85,43,1085,1,0
1226,1,2.278385,0.474699,1.803686,1317,sha3,OMNeT++; module=UavAuthNetwork.uav[16]; config=Swarm20,0.304454,0.049953,0.250985,0.079367,0.238716,0.034684,0.202135,0.079367,0.180655,0.158519,0.011511,1.56497,Swarm20,Swarm20-3-20260922-20:31:48-1127387,16,Swarm20-3-20260922-20:31:48-1127387|phase2|16,3,3,3,sha3,20,,,,2.21319,0.202135,0.007272,0.01063,0.103502,0.001633,0.007353,0.01051,0.102861,0.002685,104,85,43,1085,1,0
1227,1,2.250628,0.465001,1.785627,1317,sha3,OMNeT++; module=UavAuthNetwork.uav[17]; config=Swarm20,0.300977,0.047148,0.258829,0.076412,0.234618,0.034354,0.20014,0.076412,0.174914,0.195922,0.0112,1.55101,Swarm20,Swarm20-3-20260922-20:31:48-1127387,17,Swarm20-3-20260922-20:31:48-1127387|phase2|17,3,3,3,sha3,20,,,,2.240378,0.20014,0.007023,0.010269,0.100125,0.001623,0.007033,0.010059,0.098813,0.002605,104,85,43,1085,1,0
1228,1,2.442997,0.63211,1.810887,1317,sha3,OMNeT++; module=UavAuthNetwork.uav[18]; config=Swarm20,0.416401,0.065611,0.240833,0.098883,0.239389,0.033171,0.312879,0.098883,0.25355,0.198043,0.017943,1.571498,Swarm20,Swarm20-3-20260922-20:31:48-1127387,18,Swarm20-3-20260922-20:31:48-1127387|phase2|18,3,3,3,sha3,20,,,,2.249763,0.312879,0.017923,0.015558,0.108431,0.002685,0.011131,0.014437,0.125703,0.004709,104,85,43,1085,1,0
1229,1,2.435483,0.631781,1.803702,1317,sha3,OMNeT++; module=UavAuthNetwork.uav[19]; config=Swarm20,0.440786,0.061374,0.250092,0.085439,0.236936,0.049341,0.306638,0.085439,0.200331,0.170848,0.020117,1.566766,Swarm20,Swarm20-3-20260922-20:31:48-1127387,19,Swarm20-3-20260922-20:31:48-1127387|phase2|19,3,3,3,sha3,20,,,,2.224642,0.306638,0.008186,0.01645,0.115022,0.002895,0.009739,0.013304,0.120522,0.003387,104,85,43,1085,1,0
1230,1,2.391525,0.603899,1.787626,1317,sha3,OMNeT++; module=UavAuthNetwork.uav[0]; config=Swarm20,0.385674,0.063046,0.24716,0.100897,0.220193,0.041557,0.248319,0.100897,0.2484,0.158891,0.016431,1.567433,Swarm20,Swarm20-4-20260922-20:31:48-1127387,0,Swarm20-4-20260922-20:31:48-1127387|phase2|0,4,4,4,sha3,20,,,,2.193678,0.248319,0.010029,0.013766,0.140871,0.003115,0.009438,0.014616,0.143646,0.009798,104,85,43,1085,1,0
1231,1,2.298155,0.514802,1.783353,1317,sha3,OMNeT++; module=UavAuthNetwork.uav[1]; config=Swarm20,0.346241,0.056043,0.243411,0.077984,0.228279,0.034354,0.219606,0.077984,0.176366,0.173082,0.012593,1.555074,Swarm20,Swarm20-4-20260922-20:31:48-1127387,1,Swarm20-4-20260922-20:31:48-1127387|phase2|1,4,4,4,sha3,20,,,,2.199846,0.219606,0.008556,0.013395,0.116195,0.001884,0.008957,0.013634,0.101226,0.003316,104,85,43,1085,1,0
1232,1,2.274196,0.474468,1.799728,1317,sha3,OMNeT++; module=UavAuthNetwork.uav[2]; config=Swarm20,0.308782,0.047418,0.241048,0.077012,0.221243,0.045735,0.195993,0.077012,0.174733,0.173348,0.011662,1.578486,Swarm20,Swarm20-4-20260922-20:31:48-1127387,2,Swarm20-4-20260922-20:31:48-1127387|phase2|2,4,4,4,sha3,20,,,,2.214124,0.195993,0.007153,0.010239,0.101007,0.001833,0.007074,0.010069,0.098192,0.003266,104,85,43,1085,1,0
1233,1,2.247293,0.478777,1.768516,1317,sha3,OMNeT++; module=UavAuthNetwork.uav[3]; config=Swarm20,0.289767,0.046385,0.247174,0.085899,0.221018,0.032791,0.192576,0.085899,0.215409,0.186753,0.017212,1.547498,Swarm20,Swarm20-4-20260922-20:31:48-1127387,3,Swarm20-4-20260922-20:31:48-1127387|phase2|3,4,4,4,sha3,20,,,,2.202443,0.192576,0.007013,0.012714,0.106458,0.003146,0.007113,0.009997,0.098713,0.005359,104,85,43,1085,1,0
1234,1,2.293274,0.505057,1.788217,1317,sha3,OMNeT++; module=UavAuthNetwork.uav[4]; config=Swarm20,0.335632,0.049863,0.254202,0.078546,0.220578,0.033612,0.224656,0.078546,0.197336,0.16365,0.012333,1.567639,Swarm20,Swarm20-4-20260922-20:31:48-1127387,4,Swarm20-4-20260922-20:31:48-1127387|phase2|4,4,4,4,sha3,20,,,,2.206069,0.224656,0.007504,0.01077,0.104684,0.001874,0.007244,0.010319,0.099744,0.002935,104,85,43,1085,1,0
1235,1,2.49888,0.715114,1.783766,1317,sha3,OMNeT++; module=UavAuthNetwork.uav[5]; config=Swarm20,0.443952,0.066864,0.273028,0.126835,0.214131,0.040195,0.315785,0.126835,0.261644,0.177606,0.017492,1.569635,Swarm20,Swarm20-4-20260922-20:31:48-1127387,5,Swarm20-4-20260922-20:31:48-1127387|phase2|5,4,4,4,sha3,20,,,,2.2344,0.315785,0.01053,0.018635,0.156439,0.002485,0.011291,0.016941,0.130301,0.005159,104,85,43,1085,1,0
1236,1,2.510791,0.721236,1.789555,1317,sha3,OMNeT++; module=UavAuthNetwork.uav[6]; config=Swarm20,0.498202,0.065562,0.254837,0.103091,0.222309,0.049822,0.355959,0.103091,0.256184,0.181162,0.016852,1.567246,Swarm20,Swarm20-4-20260922-20:31:48-1127387,6,Swarm20-4-20260922-20:31:48-1127387|phase2|6,4,4,4,sha3,20,,,,2.225555,0.355959,0.011341,0.016251,0.131855,0.002284,0.01078,0.0158,0.128327,0.003727,104,85,43,1085,1,0
1237,1,2.488171,0.711267,1.776904,1317,sha3,OMNeT++; module=UavAuthNetwork.uav[7]; config=Swarm20,0.491159,0.065521,0.260634,0.101568,0.220923,0.05409,0.346952,0.101568,0.256745,0.199632,0.016972,1.555981,Swarm20,Swarm20-4-20260922-20:31:48-1127387,7,Swarm20-4-20260922-20:31:48-1127387|phase2|7,4,4,4,sha3,20,,,,2.237169,0.346952,0.01115,0.015779,0.12994,0.002434,0.01148,0.015438,0.129209,0.003647,104,85,43,1085,1,0
1238,1,2.551521,0.74661,1.804911,1317,sha3,OMNeT++; module=UavAuthNetwork.uav[8]; config=Swarm20,0.498773,0.072885,0.250684,0.114461,0.221449,0.052647,0.348074,0.114461,0.286641,0.161577,0.018915,1.583461,Swarm20,Swarm20-4-20260922-20:31:48-1127387,8,Swarm20-4-20260922-20:31:48-1127387|phase2|8,4,4,4,sha3,20,,,,2.217172,0.348074,0.012342,0.018844,0.14603,0.002444,0.012403,0.018073,0.143234,0.003777,104,85,43,1085,1,0
1239,1,2.642756,0.82685,1.815906,1317,sha3,OMNeT++; module=UavAuthNetwork.uav[9]; config=Swarm20,0.577529,0.09733,0.263686,0.112318,0.220702,0.058418,0.389401,0.112318,0.294936,0.181178,0.024685,1.595204,Swarm20,Swarm20-4-20260922-20:31:48-1127387,9,Swarm20-4-20260922-20:31:48-1127387|phase2|9,4,4,4,sha3,20,,,,2.260769,0.389401,0.012053,0.018123,0.141993,0.002414,0.012313,0.016722,0.165697,0.003667,104,85,43,1085,1,0
1240,1,2.636398,0.83783,1.798568,1317,sha3,OMNeT++; module=UavAuthNetwork.uav[10]; config=Swarm20,0.589651,0.075069,0.263045,0.114281,0.217403,0.057426,0.410189,0.114281,0.31851,0.175601,0.019617,1.581165,Swarm20,Swarm20-4-20260922-20:31:48-1127387,10,Swarm20-4-20260922-20:31:48-1127387|phase2|10,4,4,4,sha3,20,,,,2.237214,0.410189,0.012874,0.017803,0.168312,0.002695,0.012483,0.019055,0.144176,0.004197,104,85,43,1085,1,0
1241,1,2.605586,0.803959,1.801627,1317,sha3,OMNeT++; module=UavAuthNetwork.uav[11]; config=Swarm20,0.564245,0.069609,0.252121,0.110575,0.225957,0.081682,0.360377,0.110575,0.308681,0.164352,0.018564,1.57567,Swarm20,Swarm20-4-20260922-20:31:48-1127387,11,Swarm20-4-20260922-20:31:48-1127387|phase2|11,4,4,4,sha3,20,,,,2.2181,0.360377,0.012844,0.017101,0.162541,0.002425,0.011592,0.018234,0.166627,0.004388,104,85,43,1085,1,0
1242,1,2.706159,0.93479,1.771369,1317,sha3,OMNeT++; module=UavAuthNetwork.uav[12]; config=Swarm20,0.576507,0.073136,0.246764,0.149587,0.218305,0.060853,0.415108,0.149587,0.635357,0.165453,0.059109,1.553064,Swarm20,Swarm20-4-20260922-20:31:48-1127387,12,Swarm20-4-20260922-20:31:48-1127387|phase2|12,4,4,4,sha3,20,,,,2.183586,0.415108,0.012413,0.023333,0.175285,0.003787,0.012883,0.018394,0.148896,0.337906,104,85,43,1085,1,0
1243,1,2.659,0.876962,1.782038,1317,sha3,OMNeT++; module=UavAuthNetwork.uav[13]; config=Swarm20,0.598648,0.0863,0.262301,0.125011,0.225105,0.063959,0.420217,0.125011,0.344057,0.183729,0.028292,1.556933,Swarm20,Swarm20-4-20260922-20:31:48-1127387,13,Swarm20-4-20260922-20:31:48-1127387|phase2|13,4,4,4,sha3,20,,,,2.228068,0.420217,0.014427,0.020117,0.163203,0.003045,0.013796,0.020127,0.16712,0.005159,104,85,43,1085,1,0
1244,1,2.630082,0.838021,1.792061,1317,sha3,OMNeT++; module=UavAuthNetwork.uav[14]; config=Swarm20,0.566489,0.083074,0.286303,0.125983,0.242425,0.068026,0.384832,0.125983,0.338517,0.186922,0.019566,1.549637,Swarm20,Swarm20-4-20260922-20:31:48-1127387,14,Swarm20-4-20260922-20:31:48-1127387|phase2|14,4,4,4,sha3,20,,,,2.265286,0.384832,0.013185,0.019486,0.164234,0.003006,0.013275,0.019345,0.158183,0.004659,104,85,43,1085,1,0
1245,1,2.764047,0.982879,1.781168,1317,sha3,OMNeT++; module=UavAuthNetwork.uav[15]; config=Swarm20,0.62654,0.223584,0.266744,0.167219,0.230292,0.065191,0.437369,0.167219,0.336693,0.185934,0.021901,1.550876,Swarm20,Swarm20-4-20260922-20:31:48-1127387,15,Swarm20-4-20260922-20:31:48-1127387|phase2|15,4,4,4,sha3,20,,,,2.233846,0.437369,0.018043,0.022532,0.206753,0.003627,0.017312,0.019948,0.320854,0.00545,104,85,43,1085,1,0
1246,1,2.69421,0.88069,1.81352,1317,sha3,OMNeT++; module=UavAuthNetwork.uav[16]; config=Swarm20,0.605972,0.117407,0.256303,0.127085,0.216177,0.065581,0.434855,0.127085,0.37849,0.162824,0.020548,1.597343,Swarm20,Swarm20-4-20260922-20:31:48-1127387,16,Swarm20-4-20260922-20:31:48-1127387|phase2|16,4,4,4,sha3,20,,,,2.232647,0.434855,0.014527,0.02122,0.152884,0.003176,0.017001,0.02705,0.192837,0.00544,104,85,43,1085,1,0
1247,1,3.018657,1.228743,1.789914,1317,sha3,OMNeT++; module=UavAuthNetwork.uav[17]; config=Swarm20,0.829625,0.109182,0.255589,0.177909,0.221647,0.072995,0.614698,0.177909,0.404589,0.162461,0.0433,1.568267,Swarm20,Swarm20-4-20260922-20:31:48-1127387,17,Swarm20-4-20260922-20:31:48-1127387|phase2|17,4,4,4,sha3,20,,,,2.207965,0.614698,0.036208,0.04323,0.196113,0.003006,0.015018,0.021861,0.192877,0.005831,104,85,43,1085,1,0
1248,1,2.781096,0.970367,1.810729,1317,sha3,OMNeT++; module=UavAuthNetwork.uav[18]; config=Swarm20,0.647679,0.130902,0.241083,0.150569,0.247396,0.067555,0.433683,0.150569,0.354867,0.179765,0.02155,1.563333,Swarm20,Swarm20-4-20260922-20:31:48-1127387,18,Swarm20-4-20260922-20:31:48-1127387|phase2|18,4,4,4,sha3,20,,,,2.231577,0.433683,0.039743,0.024386,0.188659,0.003126,0.014928,0.022722,0.237909,0.006152,104,85,43,1085,1,0
1249,1,2.888896,1.11792,1.770976,1317,sha3,OMNeT++; module=UavAuthNetwork.uav[19]; config=Swarm20,0.748445,0.108561,0.245357,0.173241,0.214813,0.099464,0.483345,0.173241,0.449533,0.171172,0.022993,1.556163,Swarm20,Swarm20-4-20260922-20:31:48-1127387,19,Swarm20-4-20260922-20:31:48-1127387|phase2|19,4,4,4,sha3,20,,,,2.187504,0.483345,0.014446,0.025457,0.189922,0.003166,0.01672,0.0537,0.190593,0.024966,104,85,43,1085,1,0
1250,1,2.327502,0.515485,1.812017,1317,sha3,OMNeT++; module=UavAuthNetwork.uav[0]; config=Swarm20,0.329601,0.056354,0.261094,0.085929,0.223096,0.033843,0.213485,0.085929,0.189611,0.174501,0.014026,1.58892,Swarm20,Swarm20-5-20260922-20:31:48-1127387,0,Swarm20-5-20260922-20:31:48-1127387|phase2|0,5,5,5,sha3,20,,,,2.247611,0.213485,0.008415,0.011962,0.121965,0.002505,0.009327,0.011262,0.104473,0.009377,104,85,43,1085,1,0
1251,1,2.280475,0.504132,1.776343,1317,sha3,OMNeT++; module=UavAuthNetwork.uav[1]; config=Swarm20,0.332004,0.049581,0.249824,0.079968,0.216071,0.043621,0.212934,0.079968,0.185704,0.193984,0.012192,1.560272,Swarm20,Swarm20-5-20260922-20:31:48-1127387,1,Swarm20-5-20260922-20:31:48-1127387|phase2|1,5,5,5,sha3,20,,,,2.220151,0.212934,0.007515,0.013154,0.107049,0.001813,0.007433,0.01091,0.107069,0.003216,104,85,43,1085,1,0
1252,1,2.260862,0.465172,1.79569,1317,sha3,OMNeT++; module=UavAuthNetwork.uav[2]; config=Swarm20,0.297882,0.051496,0.272724,0.077654,0.237217,0.033201,0.196243,0.077654,0.191324,0.207171,0.011982,1.558473,Swarm20,Swarm20-5-20260922-20:31:48-1127387,2,Swarm20-5-20260922-20:31:48-1127387|phase2|2,5,5,5,sha3,20,,,,2.275585,0.196243,0.008526,0.01071,0.101347,0.001844,0.007373,0.013475,0.106737,0.002845,104,85,43,1085,1,0
1253,1,2.261474,0.47486,1.786614,1317,sha3,OMNeT++; module=UavAuthNetwork.uav[3]; config=Swarm20,0.293153,0.047368,0.257956,0.085108,0.225235,0.033001,0.19432,0.085108,0.182638,0.170925,0.011491,1.561379,Swarm20,Swarm20-5-20260922-20:31:48-1127387,3,Swarm20-5-20260922-20:31:48-1127387|phase2|3,5,5,5,sha3,20,,,,2.215495,0.19432,0.010519,0.011081,0.104573,0.001713,0.007104,0.010038,0.099124,0.002555,104,85,43,1085,1,0
1254,1,2.252937,0.47603,1.776907,1317,sha3,OMNeT++; module=UavAuthNetwork.uav[4]; config=Swarm20,0.307078,0.047618,0.257989,0.076381,0.226385,0.032701,0.209949,0.076381,0.180444,0.173125,0.01619,1.550522,Swarm20,Swarm20-5-20260922-20:31:48-1127387,4,Swarm20-5-20260922-20:31:48-1127387|phase2|4,5,5,5,sha3,20,,,,2.208022,0.209949,0.007162,0.010149,0.100446,0.002715,0.007093,0.010419,0.103993,0.002936,104,85,43,1085,1,0
1255,1,2.301194,0.489436,1.811758,1317,sha3,OMNeT++; module=UavAuthNetwork.uav[5]; config=Swarm20,0.317458,0.055543,0.247633,0.079928,0.245517,0.033903,0.212123,0.079928,0.188609,0.166781,0.012122,1.566242,Swarm20,Swarm20-5-20260922-20:31:48-1127387,5,Swarm20-5-20260922-20:31:48-1127387|phase2|5,5,5,5,sha3,20,,,,2.226172,0.212123,0.007553,0.013875,0.104364,0.001773,0.007443,0.01035,0.10844,0.003226,104,85,43,1085,1,0
1256,1,2.26614,0.489357,1.776783,1317,sha3,OMNeT++; module=UavAuthNetwork.uav[6]; config=Swarm20,0.32431,0.048229,0.253174,0.076813,0.229036,0.042498,0.208867,0.076813,0.182457,0.185965,0.011421,1.547746,Swarm20,Swarm20-5-20260922-20:31:48-1127387,6,Swarm20-5-20260922-20:31:48-1127387|phase2|6,5,5,5,sha3,20,,,,2.215921,0.208867,0.007343,0.010518,0.10725,0.001744,0.007104,0.012683,0.099484,0.002594,104,85,43,1085,1,0
1257,1,2.273518,0.496941,1.776577,1317,sha3,OMNeT++; module=UavAuthNetwork.uav[7]; config=Swarm20,0.317227,0.047778,0.260606,0.083585,0.22059,0.032851,0.218344,0.083585,0.181496,0.169699,0.012544,1.555987,Swarm20,Swarm20-5-20260922-20:31:48-1127387,7,Swarm20-5-20260922-20:31:48-1127387|phase2|7,5,5,5,sha3,20,,,,2.206882,0.218344,0.007193,0.011,0.106947,0.001914,0.007143,0.010359,0.099073,0.003827,104,85,43,1085,1,0
1258,1,2.286572,0.50799,1.778582,1317,sha3,OMNeT++; module=UavAuthNetwork.uav[8]; config=Swarm20,0.326064,0.049983,0.251428,0.085087,0.226367,0.034173,0.219006,0.085087,0.188388,0.170311,0.011752,1.552214,Swarm20,Swarm20-5-20260922-20:31:48-1127387,8,Swarm20-5-20260922-20:31:48-1127387|phase2|8,5,5,5,sha3,20,,,,2.200321,0.219006,0.007524,0.012884,0.112197,0.001794,0.007353,0.010821,0.102649,0.002925,104,85,43,1085,1,0
1259,1,2.311606,0.478486,1.83312,1317,sha3,OMNeT++; module=UavAuthNetwork.uav[9]; config=Swarm20,0.312669,0.053269,0.250337,0.077223,0.246742,0.034193,0.21049,0.077223,0.180935,0.180907,0.011371,1.586378,Swarm20,Swarm20-5-20260922-20:31:48-1127387,9,Swarm20-5-20260922-20:31:48-1127387|phase2|9,5,5,5,sha3,20,,,,2.264364,0.21049,0.007293,0.01062,0.102139,0.001683,0.007213,0.010248,0.103692,0.002605,104,85,43,1085,1,0
1260,1,2.307997,0.472317,1.83568,1317,sha3,OMNeT++; module=UavAuthNetwork.uav[10]; config=Swarm20,0.307099,0.054541,0.248182,0.076873,0.222789,0.032641,0.209027,0.076873,0.181316,0.172309,0.011472,1.612891,Swarm20,Swarm20-5-20260922-20:31:48-1127387,10,Swarm20-5-20260922-20:31:48-1127387|phase2|10,5,5,5,sha3,20,,,,2.25617,0.209027,0.007243,0.010549,0.100195,0.001824,0.008195,0.012453,0.101096,0.002765,104,85,43,1085,1,0
1261,1,2.292929,0.509071,1.783858,1317,sha3,OMNeT++; module=UavAuthNetwork.uav[11]; config=Swarm20,0.320523,0.04863,0.248955,0.088323,0.223291,0.033593,0.215929,0.088323,0.193979,0.179479,0.011902,1.560567,Swarm20,Swarm20-5-20260922-20:31:48-1127387,11,Swarm20-5-20260922-20:31:48-1127387|phase2|11,5,5,5,sha3,20,,,,2.212293,0.215929,0.007395,0.010931,0.117126,0.001744,0.007324,0.010329,0.106727,0.002906,104,85,43,1085,1,0
1262,1,2.25573,0.475601,1.780129,1317,sha3,OMNeT++; module=UavAuthNetwork.uav[12]; config=Swarm20,0.311406,0.04881,0.270103,0.076442,0.226911,0.034003,0.206782,0.076442,0.173461,0.19501,0.011311,1.553218,Swarm20,Swarm20-5-20260922-20:31:48-1127387,12,Swarm20-5-20260922-20:31:48-1127387|phase2|12,5,5,5,sha3,20,,,,2.245242,0.206782,0.008546,0.010399,0.103793,0.001673,0.007114,0.010199,0.099063,0.002574,104,85,43,1085,1,0
1263,1,2.243101,0.460881,1.78222,1317,sha3,OMNeT++; module=UavAuthNetwork.uav[13]; config=Swarm20,0.296048,0.047248,0.240427,0.076611,0.226181,0.03251,0.192206,0.076611,0.180825,0.162613,0.011611,1.556039,Swarm20,Swarm20-5-20260922-20:31:48-1127387,13,Swarm20-5-20260922-20:31:48-1127387|phase2|13,5,5,5,sha3,20,,,,2.18526,0.192206,0.007254,0.010269,0.107177,0.001733,0.007023,0.010781,0.104863,0.002735,104,85,43,1085,1,0
1264,1,2.28628,0.485309,1.800971,1317,sha3,OMNeT++; module=UavAuthNetwork.uav[14]; config=Swarm20,0.315063,0.049993,0.246992,0.079217,0.232647,0.042228,0.201382,0.079217,0.189711,0.185385,0.011812,1.568324,Swarm20,Swarm20-5-20260922-20:31:48-1127387,14,Swarm20-5-20260922-20:31:48-1127387|phase2|14,5,5,5,sha3,20,,,,2.233348,0.201382,0.007533,0.01062,0.108771,0.001854,0.007334,0.011061,0.105906,0.003046,104,85,43,1085,1,0
1265,1,2.309859,0.483805,1.826054,1317,sha3,OMNeT++; module=UavAuthNetwork.uav[15]; config=Swarm20,0.314001,0.050633,0.267782,0.079337,0.230753,0.033942,0.21033,0.079337,0.18394,0.170946,0.01113,1.595301,Swarm20,Swarm20-5-20260922-20:31:48-1127387,15,Swarm20-5-20260922-20:31:48-1127387|phase2|15,5,5,5,sha3,20,,,,2.264782,0.21033,0.008626,0.01053,0.105365,0.001724,0.007342,0.011492,0.101328,0.002675,104,85,43,1085,1,0
1266,1,2.277633,0.463688,1.813945,1317,sha3,OMNeT++; module=UavAuthNetwork.uav[16]; config=Swarm20,0.296078,0.06486,0.256441,0.078044,0.238346,0.03258,0.19961,0.078044,0.182077,0.163153,0.011522,1.5756,Swarm20,Swarm20-5-20260922-20:31:48-1127387,16,Swarm20-5-20260922-20:31:48-1127387|phase2|16,5,5,5,sha3,20,,,,2.23354,0.19961,0.007383,0.010781,0.100727,0.001793,0.019958,0.01066,0.108611,0.003016,104,85,43,1085,1,0
1267,1,2.265891,0.49017,1.775721,1317,sha3,OMNeT++; module=UavAuthNetwork.uav[17]; config=Swarm20,0.307009,0.047288,0.238998,0.083305,0.21757,0.035065,0.202765,0.083305,0.174212,0.173907,0.016551,1.558151,Swarm20,Swarm20-5-20260922-20:31:48-1127387,17,Swarm20-5-20260922-20:31:48-1127387|phase2|17,5,5,5,sha3,20,,,,2.188625,0.202765,0.007142,0.01106,0.110936,0.002404,0.007133,0.009888,0.098854,0.002865,104,85,43,1085,1,0
1268,1,2.271267,0.498683,1.772584,1317,sha3,OMNeT++; module=UavAuthNetwork.uav[18]; config=Swarm20,0.310314,0.047398,0.239812,0.085769,0.224691,0.033261,0.204299,0.085769,0.226149,0.181384,0.016831,1.547893,Swarm20,Swarm20-5-20260922-20:31:48-1127387,18,Swarm20-5-20260922-20:31:48-1127387|phase2|18,5,5,5,sha3,20,,,,2.193781,0.204299,0.007142,0.013546,0.106808,0.002445,0.008306,0.01103,0.142514,0.004057,104,85,43,1085,1,0
1269,1,2.345044,0.518279,1.826765,1317,sha3,OMNeT++; module=UavAuthNetwork.uav[19]; config=Swarm20,0.307599,0.064891,0.242325,0.096208,0.259401,0.033642,0.200992,0.096208,0.182919,0.170322,0.018264,1.567364,Swarm20,Swarm20-5-20260922-20:31:48-1127387,19,Swarm20-5-20260922-20:31:48-1127387|phase2|19,5,5,5,sha3,20,,,,2.239412,0.200992,0.011011,0.012664,0.120332,0.002816,0.011002,0.010649,0.112709,0.003797,104,85,43,1085,1,0
1270,1,2.382408,0.605782,1.776626,1317,sha3,OMNeT++; module=UavAuthNetwork.uav[0]; config=Swarm20,0.381266,0.052567,0.26441,0.104223,0.223135,0.032981,0.260502,0.104223,0.226469,0.177273,0.01607,1.553491,Swarm20,Swarm20-6-20260922-20:31:48-1127387,0,Swarm20-6-20260922-20:31:48-1127387|phase2|0,6,6,6,sha3,20,,,,2.218308,0.260502,0.008415,0.016941,0.139789,0.002915,0.011221,0.016061,0.12402,0.01124,104,85,43,1085,1,0
1271,1,2.333191,0.566909,1.766282,1317,sha3,OMNeT++; module=UavAuthNetwork.uav[1]; config=Swarm20,0.373451,0.067715,0.25292,0.089626,0.215689,0.038131,0.24294,0.089626,0.201593,0.170232,0.014206,1.550594,Swarm20,Swarm20-6-20260922-20:31:48-1127387,1,Swarm20-6-20260922-20:31:48-1127387|phase2|1,6,6,6,sha3,20,,,,2.189434,0.24294,0.009659,0.012734,0.127827,0.002224,0.008486,0.01655,0.120263,0.004348,104,85,43,1085,1,0
1272,1,2.299321,0.504594,1.794727,1317,sha3,OMNeT++; module=UavAuthNetwork.uav[2]; config=Swarm20,0.33515,0.049161,0.240571,0.078606,0.244981,0.049752,0.209428,0.078606,0.196915,0.167644,0.012232,1.549745,Swarm20,Swarm20-6-20260922-20:31:48-1127387,2,Swarm20-6-20260922-20:31:48-1127387|phase2|2,6,6,6,sha3,20,,,,2.202941,0.209428,0.007273,0.010619,0.102701,0.001903,0.007214,0.011181,0.111166,0.003206,104,85,43,1085,1,0
1273,1,2.29072,0.484235,1.806485,1317,sha3,OMNeT++; module=UavAuthNetwork.uav[3]; config=Swarm20,0.31348,0.047528,0.240784,0.076942,0.215573,0.033793,0.212173,0.076942,0.176537,0.171575,0.016871,1.590912,Swarm20,Swarm20-6-20260922-20:31:48-1127387,3,Swarm20-6-20260922-20:31:48-1127387|phase2|3,6,6,6,sha3,20,,,,2.218844,0.212173,0.007275,0.010519,0.101227,0.002194,0.007123,0.010129,0.099715,0.003196,104,85,43,1085,1,0
1274,1,2.279452,0.489036,1.790416,1317,sha3,OMNeT++; module=UavAuthNetwork.uav[4]; config=Swarm20,0.310104,0.04888,0.240532,0.083655,0.222157,0.034403,0.202235,0.083655,0.180885,0.161486,0.011622,1.568258,Swarm20,Swarm20-6-20260922-20:31:48-1127387,4,Swarm20-6-20260922-20:31:48-1127387|phase2|4,6,6,6,sha3,20,,,,2.192433,0.202235,0.007354,0.014156,0.104563,0.001804,0.008678,0.01047,0.101196,0.003005,104,85,43,1085,1,0
1275,1,2.252568,0.4696,1.782968,1317,sha3,OMNeT++; module=UavAuthNetwork.uav[5]; config=Swarm20,0.306467,0.046867,0.242327,0.075961,0.221321,0.033693,0.204859,0.075961,0.180093,0.196925,0.011211,1.561648,Swarm20,Swarm20-6-20260922-20:31:48-1127387,5,Swarm20-6-20260922-20:31:48-1127387|phase2|5,6,6,6,sha3,20,,,,2.222221,0.204859,0.007184,0.010319,0.100676,0.001753,0.006973,0.009808,0.098844,0.002986,104,85,43,1085,1,0
1276,1,2.244992,0.468198,1.776794,1317,sha3,OMNeT++; module=UavAuthNetwork.uav[6]; config=Swarm20,0.304825,0.047498,0.259498,0.075981,0.225213,0.038772,0.195632,0.075981,0.172329,0.165065,0.011411,1.55158,Swarm20,Swarm20-6-20260922-20:31:48-1127387,6,Swarm20-6-20260922-20:31:48-1127387|phase2|6,6,6,6,sha3,20,,,,2.201357,0.195632,0.007923,0.010139,0.100286,0.001813,0.007032,0.009919,0.097802,0.002685,104,85,43,1085,1,0
1277,1,2.282726,0.499985,1.782741,1317,sha3,OMNeT++; module=UavAuthNetwork.uav[7]; config=Swarm20,0.320553,0.047739,0.254064,0.083795,0.232858,0.032821,0.215639,0.083795,0.184221,0.163509,0.011842,1.549883,Swarm20,Swarm20-6-20260922-20:31:48-1127387,7,Swarm20-6-20260922-20:31:48-1127387|phase2|7,6,6,6,sha3,20,,,,2.200315,0.215639,0.007323,0.012563,0.112328,0.001894,0.008255,0.010569,0.101177,0.004078,104,85,43,1085,1,0
1278,1,2.31165,0.485549,1.826101,1317,sha3,OMNeT++; module=UavAuthNetwork.uav[8]; config=Swarm20,0.315174,0.04896,0.281975,0.079547,0.242685,0.040104,0.206042,0.079547,0.197065,0.174948,0.011281,1.583417,Swarm20,Swarm20-6-20260922-20:31:48-1127387,8,Swarm20-6-20260922-20:31:48-1127387|phase2|8,6,6,6,sha3,20,,,,2.283024,0.206042,0.007233,0.014637,0.10292,0.001753,0.007213,0.010771,0.10264,0.002855,104,85,43,1085,1,0
1279,1,2.268893,0.483195,1.785698,1317,sha3,OMNeT++; module=UavAuthNetwork.uav[9]; config=Swarm20,0.317287,0.048499,0.25935,0.077113,0.218786,0.033041,0.210119,0.077113,0.185824,0.167876,0.011682,1.566912,Swarm20,Swarm20-6-20260922-20:31:48-1127387,9,Swarm20-6-20260922-20:31:48-1127387|phase2|9,6,6,6,sha3,20,,,,2.212924,0.210119,0.007244,0.010269,0.104464,0.001793,0.006943,0.01051,0.103211,0.002835,104,85,43,1085,1,0
1280,1,2.308664,0.491829,1.816835,1317,sha3,OMNeT++; module=UavAuthNetwork.uav[10]; config=Swarm20,0.323248,0.054721,0.243712,0.078585,0.227883,0.036818,0.206723,0.078585,0.179563,0.197461,0.011411,1.588951,Swarm20,Swarm20-6-20260922-20:31:48-1127387,10,Swarm20-6-20260922-20:31:48-1127387|phase2|10,6,6,6,sha3,20,,,,2.258007,0.206723,0.007544,0.01082,0.11339,0.001763,0.007243,0.011,0.10804,0.003066,104,85,43,1085,1,0
1281,1,2.337841,0.566637,1.771204,1317,sha3,OMNeT++; module=UavAuthNetwork.uav[11]; config=Swarm20,0.311176,0.05372,0.251913,0.122005,0.217919,0.033031,0.212363,0.122005,0.200511,0.167605,0.011451,1.553286,Swarm20,Swarm20-6-20260922-20:31:48-1127387,11,Swarm20-6-20260922-20:31:48-1127387|phase2|11,6,6,6,sha3,20,,,,2.190722,0.212363,0.007354,0.011461,0.144226,0.001833,0.008255,0.013937,0.102449,0.003156,104,85,43,1085,1,0
1282,1,2.256155,0.481291,1.774864,1317,sha3,OMNeT++; module=UavAuthNetwork.uav[12]; config=Swarm20,0.305396,0.05436,0.279826,0.082222,0.217645,0.033462,0.206012,0.082222,0.189521,0.183285,0.011451,1.557219,Swarm20,Swarm20-6-20260922-20:31:48-1127387,12,Swarm20-6-20260922-20:31:48-1127387|phase2|12,6,6,6,sha3,20,,,,2.237975,0.206012,0.009158,0.010589,0.102981,0.001793,0.008756,0.012161,0.100757,0.002604,104,85,43,1085,1,0
1283,1,2.295159,0.500125,1.795034,1317,sha3,OMNeT++; module=UavAuthNetwork.uav[13]; config=Swarm20,0.30795,0.060071,0.245163,0.090357,0.248174,0.033051,0.208707,0.090357,0.200742,0.181305,0.011461,1.54686,Swarm20,Swarm20-6-20260922-20:31:48-1127387,13,Swarm20-6-20260922-20:31:48-1127387|phase2|13,6,6,6,sha3,20,,,,2.221502,0.208707,0.011541,0.011121,0.109171,0.001824,0.007414,0.016541,0.108191,0.002876,104,85,43,1085,1,0
1284,1,2.287391,0.503903,1.783488,1317,sha3,OMNeT++; module=UavAuthNetwork.uav[14]; config=Swarm20,0.322607,0.056684,0.248311,0.084687,0.232927,0.032881,0.2217,0.084687,0.210089,0.176057,0.011922,1.550561,Swarm20,Swarm20-6-20260922-20:31:48-1127387,14,Swarm20-6-20260922-20:31:48-1127387|phase2|14,6,6,6,sha3,20,,,,2.207856,0.2217,0.007655,0.011251,0.109883,0.001874,0.007664,0.01086,0.120653,0.003617,104,85,43,1085,1,0
1285,1,2.325292,0.50759,1.817702,1317,sha3,OMNeT++; module=UavAuthNetwork.uav[15]; config=Swarm20,0.319171,0.054962,0.242339,0.088544,0.255824,0.038742,0.211371,0.088544,0.190954,0.158973,0.011331,1.561878,Swarm20,Swarm20-6-20260922-20:31:48-1127387,15,Swarm20-6-20260922-20:31:48-1127387|phase2|15,6,6,6,sha3,20,,,,2.219014,0.211371,0.011672,0.01102,0.108591,0.001733,0.008185,0.014017,0.103211,0.003146,104,85,43,1085,1,0
1286,1,2.288737,0.502621,1.786116,1317,sha3,OMNeT++; module=UavAuthNetwork.uav[16]; config=Swarm20,0.322236,0.057115,0.24332,0.084086,0.229787,0.032841,0.224356,0.084086,0.189972,0.158138,0.012213,1.556329,Swarm20,Swarm20-6-20260922-20:31:48-1127387,16,Swarm20-6-20260922-20:31:48-1127387|phase2|16,6,6,6,sha3,20,,,,2.187574,0.224356,0.009147,0.011111,0.105025,0.002064,0.009329,0.009927,0.104603,0.003096,104,85,43,1085,1,0
1287,1,2.29626,0.506858,1.789402,1317,sha3,OMNeT++; module=UavAuthNetwork.uav[17]; config=Swarm20,0.309593,0.052838,0.259218,0.092461,0.21965,0.033993,0.208146,0.092461,0.206492,0.161478,0.012343,1.569752,Swarm20,Swarm20-6-20260922-20:31:48-1127387,17,Swarm20-6-20260922-20:31:48-1127387|phase2|17,6,6,6,sha3,20,,,,2.210098,0.208146,0.007734,0.011571,0.115805,0.002154,0.008586,0.010369,0.108901,0.003597,104,85,43,1085,1,0
1288,1,2.29082,0.495048,1.795772,1317,sha3,OMNeT++; module=UavAuthNetwork.uav[18]; config=Swarm20,0.32389,0.055382,0.280638,0.079718,0.235509,0.034103,0.222161,0.079718,0.185213,0.182758,0.011722,1.560263,Swarm20,Swarm20-6-20260922-20:31:48-1127387,18,Swarm20-6-20260922-20:31:48-1127387|phase2|18,6,6,6,sha3,20,,,,2.259168,0.222161,0.007395,0.010801,0.104072,0.001844,0.007453,0.010299,0.10791,0.002896,104,85,43,1085,1,0
1289,1,2.337475,0.504103,1.833372,1317,sha3,OMNeT++; module=UavAuthNetwork.uav[19]; config=Swarm20,0.312809,0.053379,0.254128,0.089606,0.244646,0.033903,0.211311,0.089606,0.193147,0.175012,0.012082,1.588726,Swarm20,Swarm20-6-20260922-20:31:48-1127387,19,Swarm20-6-20260922-20:31:48-1127387|phase2|19,6,6,6,sha3,20,,,,2.262512,0.211311,0.007694,0.011371,0.113339,0.001954,0.008807,0.010601,0.107338,0.003096,104,85,43,1085,1,0
1290,1,2.293458,0.509853,1.783605,1317,sha3,OMNeT++; module=UavAuthNetwork.uav[0]; config=Swarm20,0.330993,0.051655,0.240992,0.082452,0.218835,0.037149,0.196915,0.082452,0.196725,0.169969,0.013956,1.564769,Swarm20,Swarm20-7-20260922-20:31:48-1127387,0,Swarm20-7-20260922-20:31:48-1127387|phase2|0,7,7,7,sha3,20,,,,2.194566,0.196915,0.008436,0.011632,0.125503,0.002635,0.007704,0.01103,0.100346,0.010249,104,85,43,1085,1,0
1291,1,2.268263,0.469298,1.798965,1317,sha3,OMNeT++; module=UavAuthNetwork.uav[1]; config=Swarm20,0.301728,0.047738,0.285225,0.077804,0.236064,0.033322,0.198828,0.077804,0.175705,0.158913,0.011962,1.562901,Swarm20,Swarm20-7-20260922-20:31:48-1127387,1,Swarm20-7-20260922-20:31:48-1127387|phase2|1,7,7,7,sha3,20,,,,2.243103,0.198828,0.007354,0.01039,0.103662,0.001663,0.007293,0.010158,0.099094,0.003035,104,85,43,1085,1,0
1292,1,2.27243,0.472383,1.800047,1317,sha3,OMNeT++; module=UavAuthNetwork.uav[2]; config=Swarm20,0.307028,0.047569,0.239655,0.076982,0.246274,0.033342,0.207594,0.076982,0.174322,0.158262,0.011391,1.553773,Swarm20,Swarm20-7-20260922-20:31:48-1127387,2,Swarm20-7-20260922-20:31:48-1127387|phase2|2,7,7,7,sha3,20,,,,2.197964,0.207594,0.007313,0.010309,0.100597,0.001683,0.007083,0.010179,0.098231,0.002945,104,85,43,1085,1,0
1293,1,2.246697,0.46511,1.781587,1317,sha3,OMNeT++; module=UavAuthNetwork.uav[3]; config=Swarm20,0.300005,0.046657,0.256886,0.076722,0.230346,0.032891,0.200902,0.076722,0.18384,0.190189,0.011661,1.551241,Swarm20,Swarm20-7-20260922-20:31:48-1127387,3,Swarm20-7-20260922-20:31:48-1127387|phase2|3,7,7,7,sha3,20,,,,2.228663,0.200902,0.007234,0.010119,0.100556,0.001843,0.007013,0.010029,0.098983,0.003606,104,85,43,1085,1,0
1294,1,2.258873,0.461916,1.796957,1317,sha3,OMNeT++; module=UavAuthNetwork.uav[4]; config=Swarm20,0.287122,0.048009,0.245789,0.081551,0.241005,0.033662,0.187407,0.081551,0.363623,0.188168,0.011692,1.555952,Swarm20,Swarm20-7-20260922-20:31:48-1127387,4,Swarm20-7-20260922-20:31:48-1127387|phase2|4,7,7,7,sha3,20,,,,2.230914,0.187407,0.007313,0.014686,0.101036,0.001934,0.007263,0.010549,0.103903,0.003246,104,85,43,1085,1,0
1295,1,2.267805,0.48131,1.786495,1317,sha3,OMNeT++; module=UavAuthNetwork.uav[5]; config=Swarm20,0.314352,0.048279,0.275672,0.077854,0.227064,0.033362,0.213706,0.077854,0.176216,0.191068,0.01125,1.559432,Swarm20,Swarm20-7-20260922-20:31:48-1127387,5,Swarm20-7-20260922-20:31:48-1127387|phase2|5,7,7,7,sha3,20,,,,2.253235,0.213706,0.007182,0.0112,0.102139,0.001774,0.007063,0.010248,0.099184,0.003136,104,85,43,1085,1,0
1296,1,2.283264,0.459843,1.823421,1317,sha3,OMNeT++; module=UavAuthNetwork.uav[6]; config=Swarm20,0.289667,0.047067,0.243141,0.077614,0.246652,0.033211,0.192537,0.077614,0.244042,0.180891,0.014948,1.576769,Swarm20,Swarm20-7-20260922-20:31:48-1127387,6,Swarm20-7-20260922-20:31:48-1127387|phase2|6,7,7,7,sha3,20,,,,2.247453,0.192537,0.007222,0.01018,0.100836,0.003116,0.007024,0.009918,0.098843,0.00552,104,85,43,1085,1,0
1297,1,2.237377,0.463127,1.77425,1317,sha3,OMNeT++; module=UavAuthNetwork.uav[7]; config=Swarm20,0.297581,0.047628,0.291147,0.076982,0.217053,0.033102,0.196604,0.076982,0.184882,0.168649,0.011582,1.557198,Swarm20,Swarm20-7-20260922-20:31:48-1127387,7,Swarm20-7-20260922-20:31:48-1127387|phase2|7,7,7,7,sha3,20,,,,2.234046,0.196604,0.007173,0.01034,0.102209,0.001774,0.007063,0.01044,0.107819,0.002775,104,85,43,1085,1,0
1298,1,2.254777,0.473967,1.78081,1317,sha3,OMNeT++; module=UavAuthNetwork.uav[8]; config=Swarm20,0.307609,0.053609,0.263862,0.077243,0.229899,0.033362,0.194981,0.077243,0.175214,0.168399,0.011872,1.550911,Swarm20,Swarm20-7-20260922-20:31:48-1127387,8,Swarm20-7-20260922-20:31:48-1127387|phase2|8,7,7,7,sha3,20,,,,2.213071,0.194981,0.007733,0.013115,0.110365,0.001693,0.009326,0.010489,0.100506,0.003005,104,85,43,1085,1,0
1299,1,2.248674,0.470611,1.778063,1317,sha3,OMNeT++; module=UavAuthNetwork.uav[9]; config=Swarm20,0.305175,0.047768,0.25382,0.076892,0.214559,0.033292,0.205851,0.076892,0.178861,0.172501,0.011652,1.563504,Swarm20,Swarm20-7-20260922-20:31:48-1127387,9,Swarm20-7-20260922-20:31:48-1127387|phase2|9,7,7,7,sha3,20,,,,2.204384,0.205851,0.007263,0.010309,0.100576,0.001673,0.007054,0.010189,0.103041,0.002795,104,85,43,1085,1,0
1300,1,2.305699,0.48057,1.825129,1317,sha3,OMNeT++; module=UavAuthNetwork.uav[10]; config=Swarm20,0.315414,0.04866,0.257677,0.076792,0.250259,0.040244,0.203647,0.076792,0.185073,0.169888,0.011572,1.574871,Swarm20,Swarm20-7-20260922-20:31:48-1127387,10,Swarm20-7-20260922-20:31:48-1127387|phase2|10,7,7,7,sha3,20,,,,2.252694,0.203647,0.007283,0.010469,0.100997,0.001803,0.009097,0.010399,0.100476,0.002856,104,85,43,1085,1,0
1301,1,2.419276,0.597034,1.822242,1317,sha3,OMNeT++; module=UavAuthNetwork.uav[11]; config=Swarm20,0.295106,0.289656,0.241499,0.143996,0.229588,0.033352,0.197015,0.143996,0.208756,0.17813,0.013936,1.592654,Swarm20,Swarm20-7-20260922-20:31:48-1127387,11,Swarm20-7-20260922-20:31:48-1127387|phase2|11,7,7,7,sha3,20,,,,2.241871,0.197015,0.01087,0.015358,0.15695,0.002475,0.240215,0.018394,0.1081,0.004689,104,85,43,1085,1,0
1302,1,2.28919,0.48094,1.80825,1317,sha3,OMNeT++; module=UavAuthNetwork.uav[12]; config=Swarm20,0.310766,0.050704,0.256459,0.078996,0.242723,0.034383,0.20517,0.078996,0.177408,0.188654,0.012182,1.565527,Swarm20,Swarm20-7-20260922-20:31:48-1127387,12,Swarm20-7-20260922-20:31:48-1127387|phase2|12,7,7,7,sha3,20,,,,2.253364,0.20517,0.007473,0.01059,0.10342,0.001843,0.007344,0.011481,0.100086,0.003005,104,85,43,1085,1,0
1303,1,2.272415,0.48054,1.791875,1317,sha3,OMNeT++; module=UavAuthNetwork.uav[13]; config=Swarm20,0.302099,0.065592,0.299127,0.082403,0.241199,0.033963,0.193388,0.082403,0.185494,0.161837,0.013635,1.550676,Swarm20,Swarm20-7-20260922-20:31:48-1127387,13,Swarm20-7-20260922-20:31:48-1127387|phase2|13,7,7,7,sha3,20,,,,2.252838,0.193388,0.007895,0.011982,0.109744,0.002274,0.009748,0.010759,0.112759,0.003868,104,85,43,1085,1,0
1304,1,2.271066,0.472104,1.798962,1317,sha3,OMNeT++; module=UavAuthNetwork.uav[14]; config=Swarm20,0.304553,0.049291,0.242856,0.077784,0.229191,0.033822,0.192887,0.077784,0.189561,0.172858,0.011983,1.569771,Swarm20,Swarm20-7-20260922-20:31:48-1127387,14,Swarm20-7-20260922-20:31:48-1127387|phase2|14,7,7,7,sha3,20,,,,2.214676,0.192887,0.007535,0.013846,0.107018,0.001843,0.007264,0.019676,0.099955,0.003236,104,85,43,1085,1,0
1305,1,2.29598,0.479069,1.816911,1317,sha3,OMNeT++; module=UavAuthNetwork.uav[15]; config=Swarm20,0.296349,0.04898,0.241472,0.08063,0.228208,0.033722,0.195322,0.08063,0.396555,0.178491,0.02146,1.588703,Swarm20,Swarm20-7-20260922-20:31:48-1127387,15,Swarm20-7-20260922-20:31:48-1127387|phase2|15,7,7,7,sha3,20,,,,2.236874,0.195322,0.007383,0.01067,0.103993,0.003356,0.007213,0.01662,0.101198,0.160788,104,85,43,1085,1,0
1306,1,2.541411,0.742154,1.799257,1317,sha3,OMNeT++; module=UavAuthNetwork.uav[16]; config=Swarm20,0.488705,0.071823,0.249045,0.119832,0.23597,0.061494,0.332295,0.119832,0.197936,0.175881,0.013785,1.563287,Swarm20,Swarm20-7-20260922-20:31:48-1127387,16,Swarm20-7-20260922-20:31:48-1127387|phase2|16,7,7,7,sha3,20,,,,2.224183,0.332295,0.01191,0.036226,0.128418,0.002404,0.011971,0.0161,0.11896,0.004429,104,85,43,1085,1,0
1307,1,2.28389,0.475662,1.808228,1317,sha3,OMNeT++; module=UavAuthNetwork.uav[17]; config=Swarm20,0.306698,0.049571,0.27961,0.077975,0.222085,0.034233,0.194019,0.077975,0.199289,0.191417,0.013014,1.586143,Swarm20,Swarm20-7-20260922-20:31:48-1127387,17,Swarm20-7-20260922-20:31:48-1127387|phase2|17,7,7,7,sha3,20,,,,2.279254,0.194019,0.007614,0.0108,0.101418,0.002244,0.007284,0.010901,0.099193,0.003697,104,85,43,1085,1,0
1308,1,2.298843,0.502138,1.796705,1317,sha3,OMNeT++; module=UavAuthNetwork.uav[18]; config=Swarm20,0.303572,0.061203,0.252592,0.090507,0.2307,0.033943,0.19959,0.090507,0.251997,0.182326,0.017552,1.566005,Swarm20,Swarm20-7-20260922-20:31:48-1127387,18,Swarm20-7-20260922-20:31:48-1127387|phase2|18,7,7,7,sha3,20,,,,2.231623,0.19959,0.007644,0.018214,0.107529,0.002826,0.009347,0.014257,0.115534,0.004809,104,85,43,1085,1,0
1309,1,2.460869,0.669188,1.791681,1317,sha3,OMNeT++; module=UavAuthNetwork.uav[19]; config=Swarm20,0.480009,0.067555,0.276934,0.087782,0.234536,0.050334,0.336032,0.087782,0.202575,0.158426,0.013615,1.557145,Swarm20,Swarm20-7-20260922-20:31:48-1127387,19,Swarm20-7-20260922-20:31:48-1127387|phase2|19,7,7,7,sha3,20,,,,2.227041,0.336032,0.009617,0.014467,0.121976,0.002475,0.011201,0.014467,0.107498,0.003897,104,85,43,1085,1,0
1310,1,2.262485,0.477335,1.78515,1317,sha3,OMNeT++; module=UavAuthNetwork.uav[0]; config=Swarm20,0.301819,0.050984,0.257297,0.081251,0.235596,0.032981,0.192176,0.081251,0.190884,0.187797,0.013014,1.549554,Swarm20,Swarm20-8-20260922-20:31:48-1127387,0,Swarm20-8-20260922-20:31:48-1127387|phase2|0,8,8,8,sha3,20,,,,2.230244,0.192176,0.007944,0.01105,0.114313,0.002445,0.007775,0.017983,0.099434,0.008606,104,85,43,1085,1,0
1311,1,2.258535,0.471913,1.786622,1317,sha3,OMNeT++; module=UavAuthNetwork.uav[1]; config=Swarm20,0.305896,0.047888,0.257027,0.076882,0.222022,0.033051,0.196103,0.076882,0.176156,0.186218,0.012253,1.5646,Swarm20,Swarm20-8-20260922-20:31:48-1127387,1,Swarm20-8-20260922-20:31:48-1127387|phase2|1,8,8,8,sha3,20,,,,2.229867,0.196103,0.007524,0.013616,0.107339,0.001833,0.007183,0.010399,0.099023,0.003146,104,85,43,1085,1,0
1312,1,2.270855,0.469349,1.801506,1317,sha3,OMNeT++; module=UavAuthNetwork.uav[2]; config=Swarm20,0.304203,0.047368,0.256953,0.076672,0.225058,0.03272,0.206493,0.076672,0.17307,0.158583,0.011802,1.576448,Swarm20,Swarm20-8-20260922-20:31:48-1127387,2,Swarm20-8-20260922-20:31:48-1127387|phase2|2,8,8,8,sha3,20,,,,2.217043,0.206493,0.007143,0.010259,0.099865,0.001733,0.007073,0.010259,0.098041,0.002394,104,85,43,1085,1,0
1313,1,2.282397,0.459078,1.823319,1317,sha3,OMNeT++; module=UavAuthNetwork.uav[3]; config=Swarm20,0.295837,0.046526,0.252329,0.07592,0.242189,0.0325,0.199299,0.07592,0.181015,0.162673,0.011401,1.58113,Swarm20,Swarm20-8-20260922-20:31:48-1127387,3,Swarm20-8-20260922-20:31:48-1127387|phase2|3,8,8,8,sha3,20,,,,2.238321,0.199299,0.007133,0.009988,0.098803,0.001763,0.007002,0.010028,0.098022,0.002735,104,85,43,1085,1,0
1314,1,2.247527,0.45254,1.794987,1317,sha3,OMNeT++; module=UavAuthNetwork.uav[4]; config=Swarm20,0.288905,0.047197,0.276531,0.076332,0.225276,0.03242,0.192306,0.076332,0.17293,0.173223,0.010971,1.569711,Swarm20,Swarm20-8-20260922-20:31:48-1127387,4,Swarm20-8-20260922-20:31:48-1127387|phase2|4,8,8,8,sha3,20,,,,2.244741,0.192306,0.007132,0.010228,0.099546,0.001633,0.007062,0.009969,0.098463,0.002304,104,85,43,1085,1,0
1315,1,2.261453,0.462969,1.798484,1317,sha3,OMNeT++; module=UavAuthNetwork.uav[5]; config=Swarm20,0.286471,0.046506,0.271908,0.082794,0.240171,0.03235,0.190793,0.082794,0.17296,0.162881,0.01091,1.558313,Swarm20,Swarm20-8-20260922-20:31:48-1127387,5,Swarm20-8-20260922-20:31:48-1127387|phase2|5,8,8,8,sha3,20,,,,2.233273,0.190793,0.007082,0.01044,0.105295,0.001653,0.007002,0.009919,0.098433,0.002444,104,85,43,1085,1,0
1316,1,2.272799,0.451686,1.821113,1317,sha3,OMNeT++; module=UavAuthNetwork.uav[6]; config=Swarm20,0.288955,0.047258,0.257604,0.07589,0.237398,0.03261,0.19415,0.07589,0.17307,0.164567,0.010951,1.583714,Swarm20,Swarm20-8-20260922-20:31:48-1127387,6,Swarm20-8-20260922-20:31:48-1127387|phase2|6,8,8,8,sha3,20,,,,2.243284,0.19415,0.007044,0.010139,0.098832,0.001603,0.007073,0.009869,0.098772,0.002224,104,85,43,1085,1,0
1317,1,2.267111,0.453149,1.813962,1317,sha3,OMNeT++; module=UavAuthNetwork.uav[7]; config=Swarm20,0.289867,0.046586,0.24708,0.076151,0.262953,0.0324,0.19427,0.076151,0.17274,0.17085,0.01098,1.551009,Swarm20,Swarm20-8-20260922-20:31:48-1127387,7,Swarm20-8-20260922-20:31:48-1127387|phase2|7,8,8,8,sha3,20,,,,2.231892,0.19427,0.007114,0.01033,0.099444,0.001703,0.006982,0.009899,0.098562,0.002435,104,85,43,1085,1,0
1318,1,2.239636,0.452008,1.787628,1317,sha3,OMNeT++; module=UavAuthNetwork.uav[8]; config=Swarm20,0.289276,0.046846,0.249676,0.075881,0.216246,0.03239,0.194429,0.075881,0.178811,0.171976,0.01097,1.571381,Swarm20,Swarm20-8-20260922-20:31:48-1127387,8,Swarm20-8-20260922-20:31:48-1127387|phase2|8,8,8,8,sha3,20,,,,2.20928,0.194429,0.007063,0.009969,0.098983,0.001663,0.007002,0.009898,0.098283,0.002384,104,85,43,1085,1,0
1319,1,2.239265,0.451224,1.788041,1317,sha3,OMNeT++; module=UavAuthNetwork.uav[9]; config=Swarm20,0.287642,0.046686,0.2397,0.076401,0.230512,0.032359,0.192015,0.076401,0.173241,0.169128,0.01078,1.557529,Swarm20,Swarm20-8-20260922-20:31:48-1127387,9,Swarm20-8-20260922-20:31:48-1127387|phase2|9,8,8,8,sha3,20,,,,2.196869,0.192015,0.007013,0.0102,0.099844,0.001613,0.006974,0.010119,0.098301,0.002174,104,85,43,1085,1,0
1320,1,2.213546,0.445014,1.768532,1317,sha3,OMNeT++; module=UavAuthNetwork.uav[10]; config=Swarm20,0.281512,0.053369,0.270525,0.076381,0.214825,0.03231,0.186375,0.076381,0.17282,0.179981,0.01074,1.553706,Swarm20,Swarm20-8-20260922-20:31:48-1127387,10,Swarm20-8-20260922-20:31:48-1127387|phase2|10,8,8,8,sha3,20,,,,2.219038,0.186375,0.007064,0.010139,0.099163,0.001683,0.007124,0.010198,0.098682,0.002484,104,85,43,1085,1,0
1321,1,2.238868,0.443991,1.794877,1317,sha3,OMNeT++; module=UavAuthNetwork.uav[11]; config=Swarm20,0.281952,0.046356,0.256026,0.07575,0.228639,0.0326,0.186596,0.07575,0.171317,0.183514,0.010539,1.566238,Swarm20,Swarm20-8-20260922-20:31:48-1127387,11,Swarm20-8-20260922-20:31:48-1127387|phase2|11,8,8,8,sha3,20,,,,2.234417,0.186596,0.007053,0.010049,0.098883,0.001613,0.006933,0.009889,0.098302,0.002314,104,85,43,1085,1,0
1322,1,2.284629,0.488975,1.795654,1317,sha3,OMNeT++; module=UavAuthNetwork.uav[12]; config=Swarm20,0.314021,0.047458,0.266765,0.082002,0.220391,0.032841,0.217542,0.082002,0.184141,0.181623,0.01095,1.575263,Swarm20,Swarm20-8-20260922-20:31:48-1127387,12,Swarm20-8-20260922-20:31:48-1127387|phase2|12,8,8,8,sha3,20,,,,2.244043,0.217542,0.007013,0.010339,0.105526,0.001683,0.010579,0.010059,0.105815,0.002615,104,85,43,1085,1,0
1323,1,2.241041,0.444732,1.796309,1317,sha3,OMNeT++; module=UavAuthNetwork.uav[13]; config=Swarm20,0.281672,0.046676,0.259005,0.07603,0.233471,0.0326,0.186235,0.07603,0.179853,0.163797,0.011,1.562838,Swarm20,Swarm20-8-20260922-20:31:48-1127387,13,Swarm20-8-20260922-20:31:48-1127387|phase2|13,8,8,8,sha3,20,,,,2.219111,0.186235,0.007074,0.01018,0.098963,0.001704,0.007032,0.010018,0.103862,0.002886,104,85,43,1085,1,0
1324,1,2.213479,0.440784,1.772695,1317,sha3,OMNeT++; module=UavAuthNetwork.uav[14]; config=Swarm20,0.278415,0.047077,0.268057,0.07581,0.225321,0.03257,0.1835,0.07581,0.172149,0.166384,0.010749,1.547374,Swarm20,Swarm20-8-20260922-20:31:48-1127387,14,Swarm20-8-20260922-20:31:48-1127387|phase2|14,8,8,8,sha3,20,,,,2.207136,0.1835,0.007064,0.010059,0.098702,0.001553,0.006993,0.009989,0.098262,0.002214,104,85,43,1085,1,0
1325,1,2.229355,0.455544,1.773811,1317,sha3,OMNeT++; module=UavAuthNetwork.uav[15]; config=Swarm20,0.285088,0.046817,0.259376,0.079858,0.222758,0.03247,0.18941,0.079858,0.17314,0.177158,0.01074,1.551053,Swarm20,Swarm20-8-20260922-20:31:48-1127387,15,Swarm20-8-20260922-20:31:48-1127387|phase2|15,8,8,8,sha3,20,,,,2.210345,0.18941,0.007064,0.010379,0.102951,0.001643,0.006983,0.009948,0.098322,0.002805,104,85,43,1085,1,0
1326,1,2.222667,0.457135,1.765532,1317,sha3,OMNeT++; module=UavAuthNetwork.uav[16]; config=Swarm20,0.288213,0.047258,0.25839,0.07583,0.213375,0.03255,0.193338,0.07583,0.172249,0.174883,0.017262,1.552157,Swarm20,Swarm20-8-20260922-20:31:48-1127387,16,Swarm20-8-20260922-20:31:48-1127387|phase2|16,8,8,8,sha3,20,,,,2.198806,0.193338,0.007022,0.010149,0.098983,0.001723,0.007093,0.009909,0.098092,0.002465,104,85,43,1085,1,0
1327,1,2.373034,0.560769,1.812265,1317,sha3,OMNeT++; module=UavAuthNetwork.uav[17]; config=Swarm20,0.390884,0.048801,0.255772,0.076602,0.232758,0.034414,0.291169,0.076602,0.227361,0.175712,0.016681,1.579507,Swarm20,Swarm20-8-20260922-20:31:48-1127387,17,Swarm20-8-20260922-20:31:48-1127387|phase2|17,8,8,8,sha3,20,,,,2.243749,0.291169,0.007232,0.01066,0.101198,0.002625,0.007164,0.010349,0.103031,0.004829,104,85,43,1085,1,0
1328,1,2.605846,0.788721,1.817125,1317,sha3,OMNeT++; module=UavAuthNetwork.uav[18]; config=Swarm20,0.448159,0.077544,0.240146,0.159115,0.224448,0.04846,0.302821,0.159115,0.268397,0.182232,0.022332,1.592678,Swarm20,Swarm20-8-20260922-20:31:48-1127387,18,Swarm20-8-20260922-20:31:48-1127387|phase2|18,8,8,8,sha3,20,,,,2.239503,0.302821,0.012292,0.020117,0.147744,0.003777,0.013675,0.019787,0.130261,0.006442,104,85,43,1085,1,0
1329,1,2.571303,0.788791,1.782512,1317,sha3,OMNeT++; module=UavAuthNetwork.uav[19]; config=Swarm20,0.523289,0.098662,0.258813,0.122998,0.226078,0.066382,0.349306,0.122998,0.333207,0.179684,0.019506,1.556434,Swarm20,Swarm20-8-20260922-20:31:48-1127387,19,Swarm20-8-20260922-20:31:48-1127387|phase2|19,8,8,8,sha3,20,,,,2.221009,0.349306,0.015369,0.022251,0.152673,0.003086,0.015619,0.028253,0.154777,0.005751,104,85,43,1085,1,0
1330,1,2.263721,0.488815,1.774906,1317,sha3,OMNeT++; module=UavAuthNetwork.uav[0]; config=Swarm20,0.31312,0.057536,0.248956,0.08116,0.224304,0.033011,0.201864,0.08116,0.181455,0.16887,0.013375,1.550602,Swarm20,Swarm20-9-20260922-20:31:48-1127387,0,Swarm20-9-20260922-20:31:48-1127387|phase2|0,9,9,9,sha3,20,,,,2.192732,0.201864,0.008095,0.01098,0.114933,0.002454,0.007714,0.017142,0.099665,0.008596,104,85,43,1085,1,0
1331,1,2.247652,0.451897,1.795755,1317,sha3,OMNeT++; module=UavAuthNetwork.uav[1]; config=Swarm20,0.284397,0.046836,0.247413,0.077794,0.243027,0.03281,0.186595,0.077794,0.174714,0.159755,0.011912,1.552728,Swarm20,Swarm20-9-20260922-20:31:48-1127387,1,Swarm20-9-20260922-20:31:48-1127387|phase2|1,9,9,9,sha3,20,,,,2.202924,0.186595,0.007113,0.01026,0.100426,0.001683,0.007103,0.010199,0.098131,0.002495,104,85,43,1085,1,0
1332,1,2.30334,0.497692,1.805648,1317,sha3,OMNeT++; module=UavAuthNetwork.uav[2]; config=Swarm20,0.333538,0.047548,0.241971,0.076241,0.227804,0.039243,0.224014,0.076241,0.173431,0.17273,0.011672,1.577844,Swarm20,Swarm20-9-20260922-20:31:48-1127387,2,Swarm20-9-20260922-20:31:48-1127387|phase2|2,9,9,9,sha3,20,,,,2.220349,0.224014,0.007153,0.010158,0.104875,0.001733,0.007103,0.010028,0.098674,0.002695,104,85,43,1085,1,0
1333,1,2.251388,0.468328,1.78306,1317,sha3,OMNeT++; module=UavAuthNetwork.uav[3]; config=Swarm20,0.285188,0.046025,0.257553,0.085669,0.23302,0.03245,0.189541,0.085669,0.184031,0.159038,0.011802,1.550039,Swarm20,Swarm20-9-20260922-20:31:48-1127387,3,Swarm20-9-20260922-20:31:48-1127387|phase2|3,9,9,9,sha3,20,,,,2.199651,0.189541,0.007363,0.01045,0.10775,0.001803,0.007003,0.009908,0.101679,0.002574,104,85,43,1085,1,0
1334,1,2.251474,0.463437,1.788037,1317,sha3,OMNeT++; module=UavAuthNetwork.uav[4]; config=Swarm20,0.299564,0.047638,0.274212,0.076391,0.230284,0.03258,0.198428,0.076391,0.177148,0.1588,0.011091,1.557753,Swarm20,Swarm20-9-20260922-20:31:48-1127387,4,Swarm20-9-20260922-20:31:48-1127387|phase2|4,9,9,9,sha3,20,,,,2.221048,0.198428,0.007094,0.010159,0.104754,0.001643,0.007064,0.009888,0.098893,0.002385,104,85,43,1085,1,0
1335,1,2.280046,0.471994,1.808052,1317,sha3,OMNeT++; module=UavAuthNetwork.uav[5]; config=Swarm20,0.306717,0.047207,0.252241,0.076993,0.233407,0.03253,0.210249,0.076993,0.175315,0.177678,0.011291,1.574645,Swarm20,Swarm20-9-20260922-20:31:48-1127387,5,Swarm20-9-20260922-20:31:48-1127387|phase2|5,9,9,9,sha3,20,,,,2.237971,0.210249,0.007215,0.010259,0.100516,0.001693,0.007013,0.010149,0.098913,0.002715,104,85,43,1085,1,0
1336,1,2.268472,0.46351,1.804962,1317,sha3,OMNeT++; module=UavAuthNetwork.uav[6]; config=Swarm20,0.287663,0.047087,0.256683,0.082303,0.254492,0.03259,0.192026,0.082303,0.191735,0.213717,0.011241,1.55047,Swarm20,Swarm20-9-20260922-20:31:48-1127387,6,Swarm20-9-20260922-20:31:48-1127387|phase2|6,9,9,9,sha3,20,,,,2.275363,0.192026,0.007082,0.010369,0.105025,0.001693,0.007053,0.010329,0.111426,0.002786,104,85,43,1085,1,0
1337,1,2.271322,0.468287,1.803035,1317,sha3,OMNeT++; module=UavAuthNetwork.uav[7]; config=Swarm20,0.297541,0.046857,0.253488,0.079347,0.230479,0.032801,0.20011,0.079347,0.192547,0.174333,0.012052,1.572556,Swarm20,Swarm20-9-20260922-20:31:48-1127387,7,Swarm20-9-20260922-20:31:48-1127387|phase2|7,9,9,9,sha3,20,,,,2.230855,0.20011,0.007084,0.012773,0.100406,0.001833,0.008797,0.011492,0.111286,0.003266,104,85,43,1085,1,0
1338,1,2.245759,0.469067,1.776692,1317,sha3,OMNeT++; module=UavAuthNetwork.uav[8]; config=Swarm20,0.303872,0.048319,0.240005,0.076902,0.217599,0.032991,0.20533,0.076902,0.174372,0.163438,0.011391,1.559093,Swarm20,Swarm20-9-20260922-20:31:48-1127387,8,Swarm20-9-20260922-20:31:48-1127387|phase2|8,9,9,9,sha3,20,,,,2.180135,0.20533,0.007243,0.010299,0.100556,0.001683,0.007132,0.010057,0.099113,0.002565,104,85,43,1085,1,0
1339,1,2.255835,0.456634,1.799201,1317,sha3,OMNeT++; module=UavAuthNetwork.uav[9]; config=Swarm20,0.291901,0.046947,0.240438,0.076661,0.240655,0.03262,0.19454,0.076661,0.179883,0.178915,0.011411,1.558546,Swarm20,Swarm20-9-20260922-20:31:48-1127387,9,Swarm20-9-20260922-20:31:48-1127387|phase2|9,9,9,9,sha3,20,,,,2.218554,0.19454,0.007072,0.010268,0.099885,0.001673,0.006983,0.009919,0.098843,0.002435,104,85,43,1085,1,0
1340,1,2.273029,0.452598,1.820431,1317,sha3,OMNeT++; module=UavAuthNetwork.uav[10]; config=Swarm20,0.288504,0.047147,0.24492,0.076552,0.244368,0.032881,0.191955,0.076552,0.173481,0.184264,0.01099,1.576062,Swarm20,Swarm20-9-20260922-20:31:48-1127387,10,Swarm20-9-20260922-20:31:48-1127387|phase2|10,9,9,9,sha3,20,,,,2.249615,0.191955,0.007182,0.010269,0.099955,0.001663,0.006993,0.010019,0.098762,0.002415,104,85,43,1085,1,0
1341,1,2.266408,0.456986,1.809422,1317,sha3,OMNeT++; module=UavAuthNetwork.uav[11]; config=Swarm20,0.281461,0.052266,0.243649,0.082192,0.241059,0.033411,0.184352,0.082192,0.176166,0.161059,0.011141,1.568363,Swarm20,Swarm20-9-20260922-20:31:48-1127387,11,Swarm20-9-20260922-20:31:48-1127387|phase2|11,9,9,9,sha3,20,,,,2.214129,0.184352,0.007322,0.01038,0.104954,0.001623,0.012753,0.009918,0.098853,0.004999,104,85,43,1085,1,0
1342,1,2.267396,0.481733,1.785663,1317,sha3,OMNeT++; module=UavAuthNetwork.uav[12]; config=Swarm20,0.30276,0.047107,0.256503,0.083515,0.228126,0.033402,0.20574,0.083515,0.188519,0.169897,0.011943,1.557536,Swarm20,Swarm20-9-20260922-20:31:48-1127387,12,Swarm20-9-20260922-20:31:48-1127387|phase2|12,9,9,9,sha3,20,,,,2.212063,0.20574,0.006983,0.012543,0.104453,0.001814,0.008485,0.010851,0.108791,0.002685,104,85,43,1085,1,0
1343,1,2.233875,0.463767,1.770108,1317,sha3,OMNeT++; module=UavAuthNetwork.uav[13]; config=Swarm20,0.298442,0.047478,0.292292,0.076982,0.21916,0.033221,0.201002,0.076982,0.189471,0.186628,0.011361,1.550948,Swarm20,Swarm20-9-20260922-20:31:48-1127387,13,Swarm20-9-20260922-20:31:48-1127387|phase2|13,9,9,9,sha3,20,,,,2.249028,0.201002,0.007244,0.010349,0.100246,0.001733,0.007013,0.010019,0.099234,0.002915,104,85,43,1085,1,0
1344,1,2.274717,0.473255,1.801462,1317,sha3,OMNeT++; module=UavAuthNetwork.uav[14]; config=Swarm20,0.289135,0.047548,0.254526,0.08648,0.253863,0.033652,0.190343,0.08648,0.175455,0.163489,0.01116,1.547599,Swarm20,Swarm20-9-20260922-20:31:48-1127387,14,Swarm20-9-20260922-20:31:48-1127387|phase2|14,9,9,9,sha3,20,,,,2.219477,0.190343,0.007523,0.019777,0.100927,0.001743,0.007093,0.010169,0.099213,0.002495,104,85,43,1085,1,0
1345,1,2.215287,0.450132,1.765155,1317,sha3,OMNeT++; module=UavAuthNetwork.uav[15]; config=Swarm20,0.285899,0.047047,0.250024,0.076531,0.216758,0.033041,0.189311,0.076531,0.179562,0.16367,0.011171,1.548397,Swarm20,Swarm20-9-20260922-20:31:48-1127387,15,Swarm20-9-20260922-20:31:48-1127387|phase2|15,9,9,9,sha3,20,,,,2.178849,0.189311,0.007143,0.010179,0.099735,0.001613,0.007033,0.009959,0.103962,0.002205,104,85,43,1085,1,0
1346,1,2.292795,0.463008,1.829787,1317,sha3,OMNeT++; module=UavAuthNetwork.uav[16]; config=Swarm20,0.300406,0.047638,0.25117,0.075861,0.256899,0.03267,0.204188,0.075861,0.172729,0.161404,0.01088,1.572888,Swarm20,Swarm20-9-20260922-20:31:48-1127387,16,Swarm20-9-20260922-20:31:48-1127387|phase2|16,9,9,9,sha3,20,,,,2.242361,0.204188,0.007043,0.010158,0.099334,0.001683,0.007012,0.010169,0.098342,0.002675,104,85,43,1085,1,0
1347,1,2.235743,0.445675,1.790068,1317,sha3,OMNeT++; module=UavAuthNetwork.uav[17]; config=Swarm20,0.282212,0.046486,0.270819,0.076191,0.220943,0.033112,0.185954,0.076191,0.178691,0.172884,0.011081,1.569125,Swarm20,Swarm20-9-20260922-20:31:48-1127387,17,Swarm20-9-20260922-20:31:48-1127387|phase2|17,9,9,9,sha3,20,,,,2.233771,0.185954,0.007144,0.010088,0.099204,0.001653,0.006873,0.009919,0.098402,0.002274,104,85,43,1085,1,0
1348,1,2.231164,0.461012,1.770152,1317,sha3,OMNeT++; module=UavAuthNetwork.uav[18]; config=Swarm20,0.289085,0.046907,0.249255,0.080619,0.220045,0.032921,0.193438,0.080619,0.171688,0.187446,0.010689,1.550107,Swarm20,Swarm20-9-20260922-20:31:48-1127387,18,Swarm20-9-20260922-20:31:48-1127387|phase2|18,9,9,9,sha3,20,,,,2.206853,0.193438,0.007024,0.009998,0.104403,0.001553,0.006933,0.009909,0.098162,0.002294,104,85,43,1085,1,0
1349,1,2.233315,0.451316,1.781999,1317,sha3,OMNeT++; module=UavAuthNetwork.uav[19]; config=Swarm20,0.288214,0.051947,0.271222,0.076211,0.229819,0.032941,0.191805,0.076211,0.17244,0.158164,0.01068,1.552179,Swarm20,Swarm20-9-20260922-20:31:48-1127387,19,Swarm20-9-20260922-20:31:48-1127387|phase2|19,9,9,9,sha3,20,,,,2.211385,0.191805,0.007022,0.010159,0.099714,0.001633,0.007003,0.009838,0.103813,0.002475,104,85,43,1085,1,0
