idx,run_id,config,runnumber,repetition,seedset,suite,num_uavs,puf_ber,fe_profile,attack_mode,uav_id,mobility_model,initial_xpos_m,initial_ypos_m,final_xpos_m,final_ypos_m,total_distance_traveled_m,phase2_wall_latency_ms,details
0,ArbiterPuf-0-20260810-14:59:42-740294,ArbiterPuf,0,0,0,sha3,10,,,,0,static,100.0,50.0,100.0,50.0,0.0,1.518543,module=UavAuthNetwork.uav[0]; config=ArbiterPuf
1,ArbiterPuf-0-20260810-14:59:42-740294,ArbiterPuf,0,0,0,sha3,10,,,,1,static,275.0,50.0,275.0,50.0,0.0,1.499136,module=UavAuthNetwork.uav[1]; config=ArbiterPuf
2,ArbiterPuf-0-20260810-14:59:42-740294,ArbiterPuf,0,0,0,sha3,10,,,,2,static,450.0,50.0,450.0,50.0,0.0,1.472252,module=UavAuthNetwork.uav[2]; config=ArbiterPuf
3,ArbiterPuf-0-20260810-14:59:42-740294,ArbiterPuf,0,0,0,sha3,10,,,,3,static,100.0,300.0,100.0,300.0,0.0,1.493821,module=UavAuthNetwork.uav[3]; config=ArbiterPuf
4,ArbiterPuf-0-20260810-14:59:42-740294,ArbiterPuf,0,0,0,sha3,10,,,,4,static,275.0,300.0,275.0,300.0,0.0,1.53788,module=UavAuthNetwork.uav[4]; config=ArbiterPuf
5,ArbiterPuf-0-20260810-14:59:42-740294,ArbiterPuf,0,0,0,sha3,10,,,,5,static,450.0,300.0,450.0,300.0,0.0,1.485893,module=UavAuthNetwork.uav[5]; config=ArbiterPuf
6,ArbiterPuf-0-20260810-14:59:42-740294,ArbiterPuf,0,0,0,sha3,10,,,,6,static,50.0,120.0,50.0,120.0,0.0,1.508843,module=UavAuthNetwork.uav[6]; config=ArbiterPuf
7,ArbiterPuf-0-20260810-14:59:42-740294,ArbiterPuf,0,0,0,sha3,10,,,,7,static,50.0,230.0,50.0,230.0,0.0,1.481733,module=UavAuthNetwork.uav[7]; config=ArbiterPuf
8,ArbiterPuf-0-20260810-14:59:42-740294,ArbiterPuf,0,0,0,sha3,10,,,,8,static,500.0,120.0,500.0,120.0,0.0,1.541131,module=UavAuthNetwork.uav[8]; config=ArbiterPuf
9,ArbiterPuf-0-20260810-14:59:42-740294,ArbiterPuf,0,0,0,sha3,10,,,,9,static,500.0,230.0,500.0,230.0,0.0,1.499146,module=UavAuthNetwork.uav[9]; config=ArbiterPuf
10,ArbiterPuf-1-20260810-14:59:43-740294,ArbiterPuf,1,1,1,sha3,10,,,,0,static,100.0,50.0,100.0,50.0,0.0,1.483483,module=UavAuthNetwork.uav[0]; config=ArbiterPuf
11,ArbiterPuf-1-20260810-14:59:43-740294,ArbiterPuf,1,1,1,sha3,10,,,,1,static,275.0,50.0,275.0,50.0,0.0,1.496314,module=UavAuthNetwork.uav[1]; config=ArbiterPuf
12,ArbiterPuf-1-20260810-14:59:43-740294,ArbiterPuf,1,1,1,sha3,10,,,,2,static,450.0,50.0,450.0,50.0,0.0,1.51139,module=UavAuthNetwork.uav[2]; config=ArbiterPuf
13,ArbiterPuf-1-20260810-14:59:43-740294,ArbiterPuf,1,1,1,sha3,10,,,,3,static,100.0,300.0,100.0,300.0,0.0,1.492483,module=UavAuthNetwork.uav[3]; config=ArbiterPuf
14,ArbiterPuf-1-20260810-14:59:43-740294,ArbiterPuf,1,1,1,sha3,10,,,,4,static,275.0,300.0,275.0,300.0,0.0,1.51278,module=UavAuthNetwork.uav[4]; config=ArbiterPuf
15,ArbiterPuf-1-20260810-14:59:43-740294,ArbiterPuf,1,1,1,sha3,10,,,,5,static,450.0,300.0,450.0,300.0,0.0,1.483981,module=UavAuthNetwork.uav[5]; config=ArbiterPuf
16,ArbiterPuf-1-20260810-14:59:43-740294,ArbiterPuf,1,1,1,sha3,10,,,,6,static,50.0,120.0,50.0,120.0,0.0,0.0,module=UavAuthNetwork.uav[6]; config=ArbiterPuf
17,ArbiterPuf-1-20260810-14:59:43-740294,ArbiterPuf,1,1,1,sha3,10,,,,7,static,50.0,230.0,50.0,230.0,0.0,1.560162,module=UavAuthNetwork.uav[7]; config=ArbiterPuf
18,ArbiterPuf-1-20260810-14:59:43-740294,ArbiterPuf,1,1,1,sha3,10,,,,8,static,500.0,120.0,500.0,120.0,0.0,1.507122,module=UavAuthNetwork.uav[8]; config=ArbiterPuf
19,ArbiterPuf-1-20260810-14:59:43-740294,ArbiterPuf,1,1,1,sha3,10,,,,9,static,500.0,230.0,500.0,230.0,0.0,1.55149,module=UavAuthNetwork.uav[9]; config=ArbiterPuf
20,ArbiterPuf-10-20260810-14:59:49-740294,ArbiterPuf,10,10,10,sha3,10,,,,0,static,100.0,50.0,100.0,50.0,0.0,1.523796,module=UavAuthNetwork.uav[0]; config=ArbiterPuf
21,ArbiterPuf-10-20260810-14:59:49-740294,ArbiterPuf,10,10,10,sha3,10,,,,1,static,275.0,50.0,275.0,50.0,0.0,1.480055,module=UavAuthNetwork.uav[1]; config=ArbiterPuf
22,ArbiterPuf-10-20260810-14:59:49-740294,ArbiterPuf,10,10,10,sha3,10,,,,2,static,450.0,50.0,450.0,50.0,0.0,1.525032,module=UavAuthNetwork.uav[2]; config=ArbiterPuf
23,ArbiterPuf-10-20260810-14:59:49-740294,ArbiterPuf,10,10,10,sha3,10,,,,3,static,100.0,300.0,100.0,300.0,0.0,1.467742,module=UavAuthNetwork.uav[3]; config=ArbiterPuf
24,ArbiterPuf-10-20260810-14:59:49-740294,ArbiterPuf,10,10,10,sha3,10,,,,4,static,275.0,300.0,275.0,300.0,0.0,1.456487,module=UavAuthNetwork.uav[4]; config=ArbiterPuf
25,ArbiterPuf-10-20260810-14:59:49-740294,ArbiterPuf,10,10,10,sha3,10,,,,5,static,450.0,300.0,450.0,300.0,0.0,1.518545,module=UavAuthNetwork.uav[5]; config=ArbiterPuf
26,ArbiterPuf-10-20260810-14:59:49-740294,ArbiterPuf,10,10,10,sha3,10,,,,6,static,50.0,120.0,50.0,120.0,0.0,1.505884,module=UavAuthNetwork.uav[6]; config=ArbiterPuf
27,ArbiterPuf-10-20260810-14:59:49-740294,ArbiterPuf,10,10,10,sha3,10,,,,7,static,50.0,230.0,50.0,230.0,0.0,1.499033,module=UavAuthNetwork.uav[7]; config=ArbiterPuf
28,ArbiterPuf-10-20260810-14:59:49-740294,ArbiterPuf,10,10,10,sha3,10,,,,8,static,500.0,120.0,500.0,120.0,0.0,1.529817,module=UavAuthNetwork.uav[8]; config=ArbiterPuf
29,ArbiterPuf-10-20260810-14:59:49-740294,ArbiterPuf,10,10,10,sha3,10,,,,9,static,500.0,230.0,500.0,230.0,0.0,1.49391,module=UavAuthNetwork.uav[9]; config=ArbiterPuf
30,ArbiterPuf-11-20260810-14:59:49-740294,ArbiterPuf,11,11,11,sha3,10,,,,0,static,100.0,50.0,100.0,50.0,0.0,1.509746,module=UavAuthNetwork.uav[0]; config=ArbiterPuf
31,ArbiterPuf-11-20260810-14:59:49-740294,ArbiterPuf,11,11,11,sha3,10,,,,1,static,275.0,50.0,275.0,50.0,0.0,1.493051,module=UavAuthNetwork.uav[1]; config=ArbiterPuf
32,ArbiterPuf-11-20260810-14:59:49-740294,ArbiterPuf,11,11,11,sha3,10,,,,2,static,450.0,50.0,450.0,50.0,0.0,1.51405,module=UavAuthNetwork.uav[2]; config=ArbiterPuf
33,ArbiterPuf-11-20260810-14:59:49-740294,ArbiterPuf,11,11,11,sha3,10,,,,3,static,100.0,300.0,100.0,300.0,0.0,1.482247,module=UavAuthNetwork.uav[3]; config=ArbiterPuf
34,ArbiterPuf-11-20260810-14:59:49-740294,ArbiterPuf,11,11,11,sha3,10,,,,4,static,275.0,300.0,275.0,300.0,0.0,1.513049,module=UavAuthNetwork.uav[4]; config=ArbiterPuf
35,ArbiterPuf-11-20260810-14:59:49-740294,ArbiterPuf,11,11,11,sha3,10,,,,5,static,450.0,300.0,450.0,300.0,0.0,1.484121,module=UavAuthNetwork.uav[5]; config=ArbiterPuf
36,ArbiterPuf-11-20260810-14:59:49-740294,ArbiterPuf,11,11,11,sha3,10,,,,6,static,50.0,120.0,50.0,120.0,0.0,1.510069,module=UavAuthNetwork.uav[6]; config=ArbiterPuf
37,ArbiterPuf-11-20260810-14:59:49-740294,ArbiterPuf,11,11,11,sha3,10,,,,7,static,50.0,230.0,50.0,230.0,0.0,1.538761,module=UavAuthNetwork.uav[7]; config=ArbiterPuf
38,ArbiterPuf-11-20260810-14:59:49-740294,ArbiterPuf,11,11,11,sha3,10,,,,8,static,500.0,120.0,500.0,120.0,0.0,1.50236,module=UavAuthNetwork.uav[8]; config=ArbiterPuf
39,ArbiterPuf-11-20260810-14:59:49-740294,ArbiterPuf,11,11,11,sha3,10,,,,9,static,500.0,230.0,500.0,230.0,0.0,1.5235,module=UavAuthNetwork.uav[9]; config=ArbiterPuf
40,ArbiterPuf-12-20260810-14:59:50-740294,ArbiterPuf,12,12,12,sha3,10,,,,0,static,100.0,50.0,100.0,50.0,0.0,1.530444,module=UavAuthNetwork.uav[0]; config=ArbiterPuf
41,ArbiterPuf-12-20260810-14:59:50-740294,ArbiterPuf,12,12,12,sha3,10,,,,1,static,275.0,50.0,275.0,50.0,0.0,1.489694,module=UavAuthNetwork.uav[1]; config=ArbiterPuf
42,ArbiterPuf-12-20260810-14:59:50-740294,ArbiterPuf,12,12,12,sha3,10,,,,2,static,450.0,50.0,450.0,50.0,0.0,1.50253,module=UavAuthNetwork.uav[2]; config=ArbiterPuf
43,ArbiterPuf-12-20260810-14:59:50-740294,ArbiterPuf,12,12,12,sha3,10,,,,3,static,100.0,300.0,100.0,300.0,0.0,1.514237,module=UavAuthNetwork.uav[3]; config=ArbiterPuf
44,ArbiterPuf-12-20260810-14:59:50-740294,ArbiterPuf,12,12,12,sha3,10,,,,4,static,275.0,300.0,275.0,300.0,0.0,1.515658,module=UavAuthNetwork.uav[4]; config=ArbiterPuf
45,ArbiterPuf-12-20260810-14:59:50-740294,ArbiterPuf,12,12,12,sha3,10,,,,5,static,450.0,300.0,450.0,300.0,0.0,1.544292,module=UavAuthNetwork.uav[5]; config=ArbiterPuf
46,ArbiterPuf-12-20260810-14:59:50-740294,ArbiterPuf,12,12,12,sha3,10,,,,6,static,50.0,120.0,50.0,120.0,0.0,1.515532,module=UavAuthNetwork.uav[6]; config=ArbiterPuf
47,ArbiterPuf-12-20260810-14:59:50-740294,ArbiterPuf,12,12,12,sha3,10,,,,7,static,50.0,230.0,50.0,230.0,0.0,1.511455,module=UavAuthNetwork.uav[7]; config=ArbiterPuf
48,ArbiterPuf-12-20260810-14:59:50-740294,ArbiterPuf,12,12,12,sha3,10,,,,8,static,500.0,120.0,500.0,120.0,0.0,1.476198,module=UavAuthNetwork.uav[8]; config=ArbiterPuf
49,ArbiterPuf-12-20260810-14:59:50-740294,ArbiterPuf,12,12,12,sha3,10,,,,9,static,500.0,230.0,500.0,230.0,0.0,1.47332,module=UavAuthNetwork.uav[9]; config=ArbiterPuf
50,ArbiterPuf-13-20260810-14:59:51-740294,ArbiterPuf,13,13,13,sha3,10,,,,0,static,100.0,50.0,100.0,50.0,0.0,1.483305,module=UavAuthNetwork.uav[0]; config=ArbiterPuf
51,ArbiterPuf-13-20260810-14:59:51-740294,ArbiterPuf,13,13,13,sha3,10,,,,1,static,275.0,50.0,275.0,50.0,0.0,1.479212,module=UavAuthNetwork.uav[1]; config=ArbiterPuf
52,ArbiterPuf-13-20260810-14:59:51-740294,ArbiterPuf,13,13,13,sha3,10,,,,2,static,450.0,50.0,450.0,50.0,0.0,1.491213,module=UavAuthNetwork.uav[2]; config=ArbiterPuf
53,ArbiterPuf-13-20260810-14:59:51-740294,ArbiterPuf,13,13,13,sha3,10,,,,3,static,100.0,300.0,100.0,300.0,0.0,1.464824,module=UavAuthNetwork.uav[3]; config=ArbiterPuf
54,ArbiterPuf-13-20260810-14:59:51-740294,ArbiterPuf,13,13,13,sha3,10,,,,4,static,275.0,300.0,275.0,300.0,0.0,1.508734,module=UavAuthNetwork.uav[4]; config=ArbiterPuf
55,ArbiterPuf-13-20260810-14:59:51-740294,ArbiterPuf,13,13,13,sha3,10,,,,5,static,450.0,300.0,450.0,300.0,0.0,1.473578,module=UavAuthNetwork.uav[5]; config=ArbiterPuf
56,ArbiterPuf-13-20260810-14:59:51-740294,ArbiterPuf,13,13,13,sha3,10,,,,6,static,50.0,120.0,50.0,120.0,0.0,1.485418,module=UavAuthNetwork.uav[6]; config=ArbiterPuf
57,ArbiterPuf-13-20260810-14:59:51-740294,ArbiterPuf,13,13,13,sha3,10,,,,7,static,50.0,230.0,50.0,230.0,0.0,1.536962,module=UavAuthNetwork.uav[7]; config=ArbiterPuf
58,ArbiterPuf-13-20260810-14:59:51-740294,ArbiterPuf,13,13,13,sha3,10,,,,8,static,500.0,120.0,500.0,120.0,0.0,1.531453,module=UavAuthNetwork.uav[8]; config=ArbiterPuf
59,ArbiterPuf-13-20260810-14:59:51-740294,ArbiterPuf,13,13,13,sha3,10,,,,9,static,500.0,230.0,500.0,230.0,0.0,1.500287,module=UavAuthNetwork.uav[9]; config=ArbiterPuf
60,ArbiterPuf-14-20260810-14:59:51-740294,ArbiterPuf,14,14,14,sha3,10,,,,0,static,100.0,50.0,100.0,50.0,0.0,1.49821,module=UavAuthNetwork.uav[0]; config=ArbiterPuf
61,ArbiterPuf-14-20260810-14:59:51-740294,ArbiterPuf,14,14,14,sha3,10,,,,1,static,275.0,50.0,275.0,50.0,0.0,1.494536,module=UavAuthNetwork.uav[1]; config=ArbiterPuf
62,ArbiterPuf-14-20260810-14:59:51-740294,ArbiterPuf,14,14,14,sha3,10,,,,2,static,450.0,50.0,450.0,50.0,0.0,1.495669,module=UavAuthNetwork.uav[2]; config=ArbiterPuf
63,ArbiterPuf-14-20260810-14:59:51-740294,ArbiterPuf,14,14,14,sha3,10,,,,3,static,100.0,300.0,100.0,300.0,0.0,1.515133,module=UavAuthNetwork.uav[3]; config=ArbiterPuf
64,ArbiterPuf-14-20260810-14:59:51-740294,ArbiterPuf,14,14,14,sha3,10,,,,4,static,275.0,300.0,275.0,300.0,0.0,1.487823,module=UavAuthNetwork.uav[4]; config=ArbiterPuf
65,ArbiterPuf-14-20260810-14:59:51-740294,ArbiterPuf,14,14,14,sha3,10,,,,5,static,450.0,300.0,450.0,300.0,0.0,1.490159,module=UavAuthNetwork.uav[5]; config=ArbiterPuf
66,ArbiterPuf-14-20260810-14:59:51-740294,ArbiterPuf,14,14,14,sha3,10,,,,6,static,50.0,120.0,50.0,120.0,0.0,1.474565,module=UavAuthNetwork.uav[6]; config=ArbiterPuf
67,ArbiterPuf-14-20260810-14:59:51-740294,ArbiterPuf,14,14,14,sha3,10,,,,7,static,50.0,230.0,50.0,230.0,0.0,1.48474,module=UavAuthNetwork.uav[7]; config=ArbiterPuf
68,ArbiterPuf-14-20260810-14:59:51-740294,ArbiterPuf,14,14,14,sha3,10,,,,8,static,500.0,120.0,500.0,120.0,0.0,1.524294,module=UavAuthNetwork.uav[8]; config=ArbiterPuf
69,ArbiterPuf-14-20260810-14:59:51-740294,ArbiterPuf,14,14,14,sha3,10,,,,9,static,500.0,230.0,500.0,230.0,0.0,1.517968,module=UavAuthNetwork.uav[9]; config=ArbiterPuf
70,ArbiterPuf-15-20260810-14:59:52-740294,ArbiterPuf,15,15,15,sha3,10,,,,0,static,100.0,50.0,100.0,50.0,0.0,1.530826,module=UavAuthNetwork.uav[0]; config=ArbiterPuf
71,ArbiterPuf-15-20260810-14:59:52-740294,ArbiterPuf,15,15,15,sha3,10,,,,1,static,275.0,50.0,275.0,50.0,0.0,1.483098,module=UavAuthNetwork.uav[1]; config=ArbiterPuf
72,ArbiterPuf-15-20260810-14:59:52-740294,ArbiterPuf,15,15,15,sha3,10,,,,2,static,450.0,50.0,450.0,50.0,0.0,1.501122,module=UavAuthNetwork.uav[2]; config=ArbiterPuf
73,ArbiterPuf-15-20260810-14:59:52-740294,ArbiterPuf,15,15,15,sha3,10,,,,3,static,100.0,300.0,100.0,300.0,0.0,1.493708,module=UavAuthNetwork.uav[3]; config=ArbiterPuf
74,ArbiterPuf-15-20260810-14:59:52-740294,ArbiterPuf,15,15,15,sha3,10,,,,4,static,275.0,300.0,275.0,300.0,0.0,1.502085,module=UavAuthNetwork.uav[4]; config=ArbiterPuf
75,ArbiterPuf-15-20260810-14:59:52-740294,ArbiterPuf,15,15,15,sha3,10,,,,5,static,450.0,300.0,450.0,300.0,0.0,1.48012,module=UavAuthNetwork.uav[5]; config=ArbiterPuf
76,ArbiterPuf-15-20260810-14:59:52-740294,ArbiterPuf,15,15,15,sha3,10,,,,6,static,50.0,120.0,50.0,120.0,0.0,1.515445,module=UavAuthNetwork.uav[6]; config=ArbiterPuf
77,ArbiterPuf-15-20260810-14:59:52-740294,ArbiterPuf,15,15,15,sha3,10,,,,7,static,50.0,230.0,50.0,230.0,0.0,1.500623,module=UavAuthNetwork.uav[7]; config=ArbiterPuf
78,ArbiterPuf-15-20260810-14:59:52-740294,ArbiterPuf,15,15,15,sha3,10,,,,8,static,500.0,120.0,500.0,120.0,0.0,1.501895,module=UavAuthNetwork.uav[8]; config=ArbiterPuf
79,ArbiterPuf-15-20260810-14:59:52-740294,ArbiterPuf,15,15,15,sha3,10,,,,9,static,500.0,230.0,500.0,230.0,0.0,1.496438,module=UavAuthNetwork.uav[9]; config=ArbiterPuf
80,ArbiterPuf-16-20260810-14:59:52-740294,ArbiterPuf,16,16,16,sha3,10,,,,0,static,100.0,50.0,100.0,50.0,0.0,1.48464,module=UavAuthNetwork.uav[0]; config=ArbiterPuf
81,ArbiterPuf-16-20260810-14:59:52-740294,ArbiterPuf,16,16,16,sha3,10,,,,1,static,275.0,50.0,275.0,50.0,0.0,1.482025,module=UavAuthNetwork.uav[1]; config=ArbiterPuf
82,ArbiterPuf-16-20260810-14:59:52-740294,ArbiterPuf,16,16,16,sha3,10,,,,2,static,450.0,50.0,450.0,50.0,0.0,1.471995,module=UavAuthNetwork.uav[2]; config=ArbiterPuf
83,ArbiterPuf-16-20260810-14:59:52-740294,ArbiterPuf,16,16,16,sha3,10,,,,3,static,100.0,300.0,100.0,300.0,0.0,1.470645,module=UavAuthNetwork.uav[3]; config=ArbiterPuf
84,ArbiterPuf-16-20260810-14:59:52-740294,ArbiterPuf,16,16,16,sha3,10,,,,4,static,275.0,300.0,275.0,300.0,0.0,1.47872,module=UavAuthNetwork.uav[4]; config=ArbiterPuf
85,ArbiterPuf-16-20260810-14:59:52-740294,ArbiterPuf,16,16,16,sha3,10,,,,5,static,450.0,300.0,450.0,300.0,0.0,1.534537,module=UavAuthNetwork.uav[5]; config=ArbiterPuf
86,ArbiterPuf-16-20260810-14:59:52-740294,ArbiterPuf,16,16,16,sha3,10,,,,6,static,50.0,120.0,50.0,120.0,0.0,1.508375,module=UavAuthNetwork.uav[6]; config=ArbiterPuf
87,ArbiterPuf-16-20260810-14:59:52-740294,ArbiterPuf,16,16,16,sha3,10,,,,7,static,50.0,230.0,50.0,230.0,0.0,1.489232,module=UavAuthNetwork.uav[7]; config=ArbiterPuf
88,ArbiterPuf-16-20260810-14:59:52-740294,ArbiterPuf,16,16,16,sha3,10,,,,8,static,500.0,120.0,500.0,120.0,0.0,1.483697,module=UavAuthNetwork.uav[8]; config=ArbiterPuf
89,ArbiterPuf-16-20260810-14:59:52-740294,ArbiterPuf,16,16,16,sha3,10,,,,9,static,500.0,230.0,500.0,230.0,0.0,1.530629,module=UavAuthNetwork.uav[9]; config=ArbiterPuf
90,ArbiterPuf-17-20260810-14:59:53-740294,ArbiterPuf,17,17,17,sha3,10,,,,0,static,100.0,50.0,100.0,50.0,0.0,1.508817,module=UavAuthNetwork.uav[0]; config=ArbiterPuf
91,ArbiterPuf-17-20260810-14:59:53-740294,ArbiterPuf,17,17,17,sha3,10,,,,1,static,275.0,50.0,275.0,50.0,0.0,1.484869,module=UavAuthNetwork.uav[1]; config=ArbiterPuf
92,ArbiterPuf-17-20260810-14:59:53-740294,ArbiterPuf,17,17,17,sha3,10,,,,2,static,450.0,50.0,450.0,50.0,0.0,1.461668,module=UavAuthNetwork.uav[2]; config=ArbiterPuf
93,ArbiterPuf-17-20260810-14:59:53-740294,ArbiterPuf,17,17,17,sha3,10,,,,3,static,100.0,300.0,100.0,300.0,0.0,1.510323,module=UavAuthNetwork.uav[3]; config=ArbiterPuf
94,ArbiterPuf-17-20260810-14:59:53-740294,ArbiterPuf,17,17,17,sha3,10,,,,4,static,275.0,300.0,275.0,300.0,0.0,1.514656,module=UavAuthNetwork.uav[4]; config=ArbiterPuf
95,ArbiterPuf-17-20260810-14:59:53-740294,ArbiterPuf,17,17,17,sha3,10,,,,5,static,450.0,300.0,450.0,300.0,0.0,1.517947,module=UavAuthNetwork.uav[5]; config=ArbiterPuf
96,ArbiterPuf-17-20260810-14:59:53-740294,ArbiterPuf,17,17,17,sha3,10,,,,6,static,50.0,120.0,50.0,120.0,0.0,1.526435,module=UavAuthNetwork.uav[6]; config=ArbiterPuf
97,ArbiterPuf-17-20260810-14:59:53-740294,ArbiterPuf,17,17,17,sha3,10,,,,7,static,50.0,230.0,50.0,230.0,0.0,1.555002,module=UavAuthNetwork.uav[7]; config=ArbiterPuf
98,ArbiterPuf-17-20260810-14:59:53-740294,ArbiterPuf,17,17,17,sha3,10,,,,8,static,500.0,120.0,500.0,120.0,0.0,1.496606,module=UavAuthNetwork.uav[8]; config=ArbiterPuf
99,ArbiterPuf-17-20260810-14:59:53-740294,ArbiterPuf,17,17,17,sha3,10,,,,9,static,500.0,230.0,500.0,230.0,0.0,1.524455,module=UavAuthNetwork.uav[9]; config=ArbiterPuf
100,ArbiterPuf-18-20260810-14:59:54-740294,ArbiterPuf,18,18,18,sha3,10,,,,0,static,100.0,50.0,100.0,50.0,0.0,1.54356,module=UavAuthNetwork.uav[0]; config=ArbiterPuf
101,ArbiterPuf-18-20260810-14:59:54-740294,ArbiterPuf,18,18,18,sha3,10,,,,1,static,275.0,50.0,275.0,50.0,0.0,1.481748,module=UavAuthNetwork.uav[1]; config=ArbiterPuf
102,ArbiterPuf-18-20260810-14:59:54-740294,ArbiterPuf,18,18,18,sha3,10,,,,2,static,450.0,50.0,450.0,50.0,0.0,1.509128,module=UavAuthNetwork.uav[2]; config=ArbiterPuf
103,ArbiterPuf-18-20260810-14:59:54-740294,ArbiterPuf,18,18,18,sha3,10,,,,3,static,100.0,300.0,100.0,300.0,0.0,1.540153,module=UavAuthNetwork.uav[3]; config=ArbiterPuf
104,ArbiterPuf-18-20260810-14:59:54-740294,ArbiterPuf,18,18,18,sha3,10,,,,4,static,275.0,300.0,275.0,300.0,0.0,1.519559,module=UavAuthNetwork.uav[4]; config=ArbiterPuf
105,ArbiterPuf-18-20260810-14:59:54-740294,ArbiterPuf,18,18,18,sha3,10,,,,5,static,450.0,300.0,450.0,300.0,0.0,1.536621,module=UavAuthNetwork.uav[5]; config=ArbiterPuf
106,ArbiterPuf-18-20260810-14:59:54-740294,ArbiterPuf,18,18,18,sha3,10,,,,6,static,50.0,120.0,50.0,120.0,0.0,1.52212,module=UavAuthNetwork.uav[6]; config=ArbiterPuf
107,ArbiterPuf-18-20260810-14:59:54-740294,ArbiterPuf,18,18,18,sha3,10,,,,7,static,50.0,230.0,50.0,230.0,0.0,1.519614,module=UavAuthNetwork.uav[7]; config=ArbiterPuf
108,ArbiterPuf-18-20260810-14:59:54-740294,ArbiterPuf,18,18,18,sha3,10,,,,8,static,500.0,120.0,500.0,120.0,0.0,1.494294,module=UavAuthNetwork.uav[8]; config=ArbiterPuf
109,ArbiterPuf-18-20260810-14:59:54-740294,ArbiterPuf,18,18,18,sha3,10,,,,9,static,500.0,230.0,500.0,230.0,0.0,1.513928,module=UavAuthNetwork.uav[9]; config=ArbiterPuf
110,ArbiterPuf-19-20260810-14:59:54-740294,ArbiterPuf,19,19,19,sha3,10,,,,0,static,100.0,50.0,100.0,50.0,0.0,1.534741,module=UavAuthNetwork.uav[0]; config=ArbiterPuf
111,ArbiterPuf-19-20260810-14:59:54-740294,ArbiterPuf,19,19,19,sha3,10,,,,1,static,275.0,50.0,275.0,50.0,0.0,1.483569,module=UavAuthNetwork.uav[1]; config=ArbiterPuf
112,ArbiterPuf-19-20260810-14:59:54-740294,ArbiterPuf,19,19,19,sha3,10,,,,2,static,450.0,50.0,450.0,50.0,0.0,1.506,module=UavAuthNetwork.uav[2]; config=ArbiterPuf
113,ArbiterPuf-19-20260810-14:59:54-740294,ArbiterPuf,19,19,19,sha3,10,,,,3,static,100.0,300.0,100.0,300.0,0.0,1.465014,module=UavAuthNetwork.uav[3]; config=ArbiterPuf
114,ArbiterPuf-19-20260810-14:59:54-740294,ArbiterPuf,19,19,19,sha3,10,,,,4,static,275.0,300.0,275.0,300.0,0.0,1.46755,module=UavAuthNetwork.uav[4]; config=ArbiterPuf
115,ArbiterPuf-19-20260810-14:59:54-740294,ArbiterPuf,19,19,19,sha3,10,,,,5,static,450.0,300.0,450.0,300.0,0.0,1.489083,module=UavAuthNetwork.uav[5]; config=ArbiterPuf
116,ArbiterPuf-19-20260810-14:59:54-740294,ArbiterPuf,19,19,19,sha3,10,,,,6,static,50.0,120.0,50.0,120.0,0.0,1.463714,module=UavAuthNetwork.uav[6]; config=ArbiterPuf
117,ArbiterPuf-19-20260810-14:59:54-740294,ArbiterPuf,19,19,19,sha3,10,,,,7,static,50.0,230.0,50.0,230.0,0.0,1.549205,module=UavAuthNetwork.uav[7]; config=ArbiterPuf
118,ArbiterPuf-19-20260810-14:59:54-740294,ArbiterPuf,19,19,19,sha3,10,,,,8,static,500.0,120.0,500.0,120.0,0.0,1.499199,module=UavAuthNetwork.uav[8]; config=ArbiterPuf
119,ArbiterPuf-19-20260810-14:59:54-740294,ArbiterPuf,19,19,19,sha3,10,,,,9,static,500.0,230.0,500.0,230.0,0.0,1.47634,module=UavAuthNetwork.uav[9]; config=ArbiterPuf
120,ArbiterPuf-2-20260810-14:59:44-740294,ArbiterPuf,2,2,2,sha3,10,,,,0,static,100.0,50.0,100.0,50.0,0.0,1.513523,module=UavAuthNetwork.uav[0]; config=ArbiterPuf
121,ArbiterPuf-2-20260810-14:59:44-740294,ArbiterPuf,2,2,2,sha3,10,,,,1,static,275.0,50.0,275.0,50.0,0.0,1.502978,module=UavAuthNetwork.uav[1]; config=ArbiterPuf
122,ArbiterPuf-2-20260810-14:59:44-740294,ArbiterPuf,2,2,2,sha3,10,,,,2,static,450.0,50.0,450.0,50.0,0.0,1.502133,module=UavAuthNetwork.uav[2]; config=ArbiterPuf
123,ArbiterPuf-2-20260810-14:59:44-740294,ArbiterPuf,2,2,2,sha3,10,,,,3,static,100.0,300.0,100.0,300.0,0.0,1.493998,module=UavAuthNetwork.uav[3]; config=ArbiterPuf
124,ArbiterPuf-2-20260810-14:59:44-740294,ArbiterPuf,2,2,2,sha3,10,,,,4,static,275.0,300.0,275.0,300.0,0.0,1.495697,module=UavAuthNetwork.uav[4]; config=ArbiterPuf
125,ArbiterPuf-2-20260810-14:59:44-740294,ArbiterPuf,2,2,2,sha3,10,,,,5,static,450.0,300.0,450.0,300.0,0.0,1.533486,module=UavAuthNetwork.uav[5]; config=ArbiterPuf
126,ArbiterPuf-2-20260810-14:59:44-740294,ArbiterPuf,2,2,2,sha3,10,,,,6,static,50.0,120.0,50.0,120.0,0.0,1.484019,module=UavAuthNetwork.uav[6]; config=ArbiterPuf
127,ArbiterPuf-2-20260810-14:59:44-740294,ArbiterPuf,2,2,2,sha3,10,,,,7,static,50.0,230.0,50.0,230.0,0.0,1.519149,module=UavAuthNetwork.uav[7]; config=ArbiterPuf
128,ArbiterPuf-2-20260810-14:59:44-740294,ArbiterPuf,2,2,2,sha3,10,,,,8,static,500.0,120.0,500.0,120.0,0.0,1.533456,module=UavAuthNetwork.uav[8]; config=ArbiterPuf
129,ArbiterPuf-2-20260810-14:59:44-740294,ArbiterPuf,2,2,2,sha3,10,,,,9,static,500.0,230.0,500.0,230.0,0.0,1.482275,module=UavAuthNetwork.uav[9]; config=ArbiterPuf
130,ArbiterPuf-20-20260810-14:59:55-740294,ArbiterPuf,20,20,20,sha3,10,,,,0,static,100.0,50.0,100.0,50.0,0.0,1.531538,module=UavAuthNetwork.uav[0]; config=ArbiterPuf
131,ArbiterPuf-20-20260810-14:59:55-740294,ArbiterPuf,20,20,20,sha3,10,,,,1,static,275.0,50.0,275.0,50.0,0.0,1.504783,module=UavAuthNetwork.uav[1]; config=ArbiterPuf
132,ArbiterPuf-20-20260810-14:59:55-740294,ArbiterPuf,20,20,20,sha3,10,,,,2,static,450.0,50.0,450.0,50.0,0.0,1.513273,module=UavAuthNetwork.uav[2]; config=ArbiterPuf
133,ArbiterPuf-20-20260810-14:59:55-740294,ArbiterPuf,20,20,20,sha3,10,,,,3,static,100.0,300.0,100.0,300.0,0.0,1.528369,module=UavAuthNetwork.uav[3]; config=ArbiterPuf
134,ArbiterPuf-20-20260810-14:59:55-740294,ArbiterPuf,20,20,20,sha3,10,,,,4,static,275.0,300.0,275.0,300.0,0.0,1.49453,module=UavAuthNetwork.uav[4]; config=ArbiterPuf
135,ArbiterPuf-20-20260810-14:59:55-740294,ArbiterPuf,20,20,20,sha3,10,,,,5,static,450.0,300.0,450.0,300.0,0.0,1.570395,module=UavAuthNetwork.uav[5]; config=ArbiterPuf
136,ArbiterPuf-20-20260810-14:59:55-740294,ArbiterPuf,20,20,20,sha3,10,,,,6,static,50.0,120.0,50.0,120.0,0.0,1.502751,module=UavAuthNetwork.uav[6]; config=ArbiterPuf
137,ArbiterPuf-20-20260810-14:59:55-740294,ArbiterPuf,20,20,20,sha3,10,,,,7,static,50.0,230.0,50.0,230.0,0.0,1.490114,module=UavAuthNetwork.uav[7]; config=ArbiterPuf
138,ArbiterPuf-20-20260810-14:59:55-740294,ArbiterPuf,20,20,20,sha3,10,,,,8,static,500.0,120.0,500.0,120.0,0.0,1.486676,module=UavAuthNetwork.uav[8]; config=ArbiterPuf
139,ArbiterPuf-20-20260810-14:59:55-740294,ArbiterPuf,20,20,20,sha3,10,,,,9,static,500.0,230.0,500.0,230.0,0.0,1.535026,module=UavAuthNetwork.uav[9]; config=ArbiterPuf
140,ArbiterPuf-21-20260810-14:59:56-740294,ArbiterPuf,21,21,21,sha3,10,,,,0,static,100.0,50.0,100.0,50.0,0.0,1.507227,module=UavAuthNetwork.uav[0]; config=ArbiterPuf
141,ArbiterPuf-21-20260810-14:59:56-740294,ArbiterPuf,21,21,21,sha3,10,,,,1,static,275.0,50.0,275.0,50.0,0.0,1.561848,module=UavAuthNetwork.uav[1]; config=ArbiterPuf
142,ArbiterPuf-21-20260810-14:59:56-740294,ArbiterPuf,21,21,21,sha3,10,,,,2,static,450.0,50.0,450.0,50.0,0.0,1.536257,module=UavAuthNetwork.uav[2]; config=ArbiterPuf
143,ArbiterPuf-21-20260810-14:59:56-740294,ArbiterPuf,21,21,21,sha3,10,,,,3,static,100.0,300.0,100.0,300.0,0.0,1.457019,module=UavAuthNetwork.uav[3]; config=ArbiterPuf
144,ArbiterPuf-21-20260810-14:59:56-740294,ArbiterPuf,21,21,21,sha3,10,,,,4,static,275.0,300.0,275.0,300.0,0.0,1.51163,module=UavAuthNetwork.uav[4]; config=ArbiterPuf
145,ArbiterPuf-21-20260810-14:59:56-740294,ArbiterPuf,21,21,21,sha3,10,,,,5,static,450.0,300.0,450.0,300.0,0.0,1.463772,module=UavAuthNetwork.uav[5]; config=ArbiterPuf
146,ArbiterPuf-21-20260810-14:59:56-740294,ArbiterPuf,21,21,21,sha3,10,,,,6,static,50.0,120.0,50.0,120.0,0.0,1.486835,module=UavAuthNetwork.uav[6]; config=ArbiterPuf
147,ArbiterPuf-21-20260810-14:59:56-740294,ArbiterPuf,21,21,21,sha3,10,,,,7,static,50.0,230.0,50.0,230.0,0.0,1.492814,module=UavAuthNetwork.uav[7]; config=ArbiterPuf
148,ArbiterPuf-21-20260810-14:59:56-740294,ArbiterPuf,21,21,21,sha3,10,,,,8,static,500.0,120.0,500.0,120.0,0.0,1.494507,module=UavAuthNetwork.uav[8]; config=ArbiterPuf
149,ArbiterPuf-21-20260810-14:59:56-740294,ArbiterPuf,21,21,21,sha3,10,,,,9,static,500.0,230.0,500.0,230.0,0.0,1.469223,module=UavAuthNetwork.uav[9]; config=ArbiterPuf
150,ArbiterPuf-22-20260810-14:59:56-740294,ArbiterPuf,22,22,22,sha3,10,,,,0,static,100.0,50.0,100.0,50.0,0.0,1.498379,module=UavAuthNetwork.uav[0]; config=ArbiterPuf
151,ArbiterPuf-22-20260810-14:59:56-740294,ArbiterPuf,22,22,22,sha3,10,,,,1,static,275.0,50.0,275.0,50.0,0.0,1.498476,module=UavAuthNetwork.uav[1]; config=ArbiterPuf
152,ArbiterPuf-22-20260810-14:59:56-740294,ArbiterPuf,22,22,22,sha3,10,,,,2,static,450.0,50.0,450.0,50.0,0.0,1.504554,module=UavAuthNetwork.uav[2]; config=ArbiterPuf
153,ArbiterPuf-22-20260810-14:59:56-740294,ArbiterPuf,22,22,22,sha3,10,,,,3,static,100.0,300.0,100.0,300.0,0.0,1.497572,module=UavAuthNetwork.uav[3]; config=ArbiterPuf
154,ArbiterPuf-22-20260810-14:59:56-740294,ArbiterPuf,22,22,22,sha3,10,,,,4,static,275.0,300.0,275.0,300.0,0.0,1.490533,module=UavAuthNetwork.uav[4]; config=ArbiterPuf
155,ArbiterPuf-22-20260810-14:59:56-740294,ArbiterPuf,22,22,22,sha3,10,,,,5,static,450.0,300.0,450.0,300.0,0.0,1.482045,module=UavAuthNetwork.uav[5]; config=ArbiterPuf
156,ArbiterPuf-22-20260810-14:59:56-740294,ArbiterPuf,22,22,22,sha3,10,,,,6,static,50.0,120.0,50.0,120.0,0.0,1.507471,module=UavAuthNetwork.uav[6]; config=ArbiterPuf
157,ArbiterPuf-22-20260810-14:59:56-740294,ArbiterPuf,22,22,22,sha3,10,,,,7,static,50.0,230.0,50.0,230.0,0.0,0.0,module=UavAuthNetwork.uav[7]; config=ArbiterPuf
158,ArbiterPuf-22-20260810-14:59:56-740294,ArbiterPuf,22,22,22,sha3,10,,,,8,static,500.0,120.0,500.0,120.0,0.0,1.511434,module=UavAuthNetwork.uav[8]; config=ArbiterPuf
159,ArbiterPuf-22-20260810-14:59:56-740294,ArbiterPuf,22,22,22,sha3,10,,,,9,static,500.0,230.0,500.0,230.0,0.0,1.493366,module=UavAuthNetwork.uav[9]; config=ArbiterPuf
160,ArbiterPuf-23-20260810-14:59:57-740294,ArbiterPuf,23,23,23,sha3,10,,,,0,static,100.0,50.0,100.0,50.0,0.0,1.511742,module=UavAuthNetwork.uav[0]; config=ArbiterPuf
161,ArbiterPuf-23-20260810-14:59:57-740294,ArbiterPuf,23,23,23,sha3,10,,,,1,static,275.0,50.0,275.0,50.0,0.0,1.514937,module=UavAuthNetwork.uav[1]; config=ArbiterPuf
162,ArbiterPuf-23-20260810-14:59:57-740294,ArbiterPuf,23,23,23,sha3,10,,,,2,static,450.0,50.0,450.0,50.0,0.0,1.495649,module=UavAuthNetwork.uav[2]; config=ArbiterPuf
163,ArbiterPuf-23-20260810-14:59:57-740294,ArbiterPuf,23,23,23,sha3,10,,,,3,static,100.0,300.0,100.0,300.0,0.0,1.483483,module=UavAuthNetwork.uav[3]; config=ArbiterPuf
164,ArbiterPuf-23-20260810-14:59:57-740294,ArbiterPuf,23,23,23,sha3,10,,,,4,static,275.0,300.0,275.0,300.0,0.0,1.553013,module=UavAuthNetwork.uav[4]; config=ArbiterPuf
165,ArbiterPuf-23-20260810-14:59:57-740294,ArbiterPuf,23,23,23,sha3,10,,,,5,static,450.0,300.0,450.0,300.0,0.0,1.532699,module=UavAuthNetwork.uav[5]; config=ArbiterPuf
166,ArbiterPuf-23-20260810-14:59:57-740294,ArbiterPuf,23,23,23,sha3,10,,,,6,static,50.0,120.0,50.0,120.0,0.0,1.499658,module=UavAuthNetwork.uav[6]; config=ArbiterPuf
167,ArbiterPuf-23-20260810-14:59:57-740294,ArbiterPuf,23,23,23,sha3,10,,,,7,static,50.0,230.0,50.0,230.0,0.0,1.454595,module=UavAuthNetwork.uav[7]; config=ArbiterPuf
168,ArbiterPuf-23-20260810-14:59:57-740294,ArbiterPuf,23,23,23,sha3,10,,,,8,static,500.0,120.0,500.0,120.0,0.0,1.507591,module=UavAuthNetwork.uav[8]; config=ArbiterPuf
169,ArbiterPuf-23-20260810-14:59:57-740294,ArbiterPuf,23,23,23,sha3,10,,,,9,static,500.0,230.0,500.0,230.0,0.0,1.493882,module=UavAuthNetwork.uav[9]; config=ArbiterPuf
170,ArbiterPuf-24-20260810-14:59:57-740294,ArbiterPuf,24,24,24,sha3,10,,,,0,static,100.0,50.0,100.0,50.0,0.0,1.478296,module=UavAuthNetwork.uav[0]; config=ArbiterPuf
171,ArbiterPuf-24-20260810-14:59:57-740294,ArbiterPuf,24,24,24,sha3,10,,,,1,static,275.0,50.0,275.0,50.0,0.0,1.512757,module=UavAuthNetwork.uav[1]; config=ArbiterPuf
172,ArbiterPuf-24-20260810-14:59:57-740294,ArbiterPuf,24,24,24,sha3,10,,,,2,static,450.0,50.0,450.0,50.0,0.0,1.500504,module=UavAuthNetwork.uav[2]; config=ArbiterPuf
173,ArbiterPuf-24-20260810-14:59:57-740294,ArbiterPuf,24,24,24,sha3,10,,,,3,static,100.0,300.0,100.0,300.0,0.0,1.501468,module=UavAuthNetwork.uav[3]; config=ArbiterPuf
174,ArbiterPuf-24-20260810-14:59:57-740294,ArbiterPuf,24,24,24,sha3,10,,,,4,static,275.0,300.0,275.0,300.0,0.0,1.484916,module=UavAuthNetwork.uav[4]; config=ArbiterPuf
175,ArbiterPuf-24-20260810-14:59:57-740294,ArbiterPuf,24,24,24,sha3,10,,,,5,static,450.0,300.0,450.0,300.0,0.0,1.504936,module=UavAuthNetwork.uav[5]; config=ArbiterPuf
176,ArbiterPuf-24-20260810-14:59:57-740294,ArbiterPuf,24,24,24,sha3,10,,,,6,static,50.0,120.0,50.0,120.0,0.0,1.493214,module=UavAuthNetwork.uav[6]; config=ArbiterPuf
177,ArbiterPuf-24-20260810-14:59:57-740294,ArbiterPuf,24,24,24,sha3,10,,,,7,static,50.0,230.0,50.0,230.0,0.0,1.555976,module=UavAuthNetwork.uav[7]; config=ArbiterPuf
178,ArbiterPuf-24-20260810-14:59:57-740294,ArbiterPuf,24,24,24,sha3,10,,,,8,static,500.0,120.0,500.0,120.0,0.0,1.489801,module=UavAuthNetwork.uav[8]; config=ArbiterPuf
179,ArbiterPuf-24-20260810-14:59:57-740294,ArbiterPuf,24,24,24,sha3,10,,,,9,static,500.0,230.0,500.0,230.0,0.0,1.486908,module=UavAuthNetwork.uav[9]; config=ArbiterPuf
180,ArbiterPuf-25-20260810-14:59:58-740294,ArbiterPuf,25,25,25,sha3,10,,,,0,static,100.0,50.0,100.0,50.0,0.0,1.491783,module=UavAuthNetwork.uav[0]; config=ArbiterPuf
181,ArbiterPuf-25-20260810-14:59:58-740294,ArbiterPuf,25,25,25,sha3,10,,,,1,static,275.0,50.0,275.0,50.0,0.0,1.503265,module=UavAuthNetwork.uav[1]; config=ArbiterPuf
182,ArbiterPuf-25-20260810-14:59:58-740294,ArbiterPuf,25,25,25,sha3,10,,,,2,static,450.0,50.0,450.0,50.0,0.0,1.581848,module=UavAuthNetwork.uav[2]; config=ArbiterPuf
183,ArbiterPuf-25-20260810-14:59:58-740294,ArbiterPuf,25,25,25,sha3,10,,,,3,static,100.0,300.0,100.0,300.0,0.0,1.471924,module=UavAuthNetwork.uav[3]; config=ArbiterPuf
184,ArbiterPuf-25-20260810-14:59:58-740294,ArbiterPuf,25,25,25,sha3,10,,,,4,static,275.0,300.0,275.0,300.0,0.0,1.468517,module=UavAuthNetwork.uav[4]; config=ArbiterPuf
185,ArbiterPuf-25-20260810-14:59:58-740294,ArbiterPuf,25,25,25,sha3,10,,,,5,static,450.0,300.0,450.0,300.0,0.0,1.508476,module=UavAuthNetwork.uav[5]; config=ArbiterPuf
186,ArbiterPuf-25-20260810-14:59:58-740294,ArbiterPuf,25,25,25,sha3,10,,,,6,static,50.0,120.0,50.0,120.0,0.0,1.470141,module=UavAuthNetwork.uav[6]; config=ArbiterPuf
187,ArbiterPuf-25-20260810-14:59:58-740294,ArbiterPuf,25,25,25,sha3,10,,,,7,static,50.0,230.0,50.0,230.0,0.0,1.479496,module=UavAuthNetwork.uav[7]; config=ArbiterPuf
188,ArbiterPuf-25-20260810-14:59:58-740294,ArbiterPuf,25,25,25,sha3,10,,,,8,static,500.0,120.0,500.0,120.0,0.0,1.516876,module=UavAuthNetwork.uav[8]; config=ArbiterPuf
189,ArbiterPuf-25-20260810-14:59:58-740294,ArbiterPuf,25,25,25,sha3,10,,,,9,static,500.0,230.0,500.0,230.0,0.0,1.487913,module=UavAuthNetwork.uav[9]; config=ArbiterPuf
190,ArbiterPuf-26-20260810-14:59:59-740294,ArbiterPuf,26,26,26,sha3,10,,,,0,static,100.0,50.0,100.0,50.0,0.0,1.513297,module=UavAuthNetwork.uav[0]; config=ArbiterPuf
191,ArbiterPuf-26-20260810-14:59:59-740294,ArbiterPuf,26,26,26,sha3,10,,,,1,static,275.0,50.0,275.0,50.0,0.0,1.526748,module=UavAuthNetwork.uav[1]; config=ArbiterPuf
192,ArbiterPuf-26-20260810-14:59:59-740294,ArbiterPuf,26,26,26,sha3,10,,,,2,static,450.0,50.0,450.0,50.0,0.0,1.488118,module=UavAuthNetwork.uav[2]; config=ArbiterPuf
193,ArbiterPuf-26-20260810-14:59:59-740294,ArbiterPuf,26,26,26,sha3,10,,,,3,static,100.0,300.0,100.0,300.0,0.0,1.489085,module=UavAuthNetwork.uav[3]; config=ArbiterPuf
194,ArbiterPuf-26-20260810-14:59:59-740294,ArbiterPuf,26,26,26,sha3,10,,,,4,static,275.0,300.0,275.0,300.0,0.0,1.504123,module=UavAuthNetwork.uav[4]; config=ArbiterPuf
195,ArbiterPuf-26-20260810-14:59:59-740294,ArbiterPuf,26,26,26,sha3,10,,,,5,static,450.0,300.0,450.0,300.0,0.0,1.504164,module=UavAuthNetwork.uav[5]; config=ArbiterPuf
196,ArbiterPuf-26-20260810-14:59:59-740294,ArbiterPuf,26,26,26,sha3,10,,,,6,static,50.0,120.0,50.0,120.0,0.0,1.495349,module=UavAuthNetwork.uav[6]; config=ArbiterPuf
197,ArbiterPuf-26-20260810-14:59:59-740294,ArbiterPuf,26,26,26,sha3,10,,,,7,static,50.0,230.0,50.0,230.0,0.0,1.496626,module=UavAuthNetwork.uav[7]; config=ArbiterPuf
198,ArbiterPuf-26-20260810-14:59:59-740294,ArbiterPuf,26,26,26,sha3,10,,,,8,static,500.0,120.0,500.0,120.0,0.0,1.460013,module=UavAuthNetwork.uav[8]; config=ArbiterPuf
199,ArbiterPuf-26-20260810-14:59:59-740294,ArbiterPuf,26,26,26,sha3,10,,,,9,static,500.0,230.0,500.0,230.0,0.0,1.494305,module=UavAuthNetwork.uav[9]; config=ArbiterPuf
200,ArbiterPuf-27-20260810-14:59:59-740294,ArbiterPuf,27,27,27,sha3,10,,,,0,static,100.0,50.0,100.0,50.0,0.0,1.488189,module=UavAuthNetwork.uav[0]; config=ArbiterPuf
201,ArbiterPuf-27-20260810-14:59:59-740294,ArbiterPuf,27,27,27,sha3,10,,,,1,static,275.0,50.0,275.0,50.0,0.0,1.524167,module=UavAuthNetwork.uav[1]; config=ArbiterPuf
202,ArbiterPuf-27-20260810-14:59:59-740294,ArbiterPuf,27,27,27,sha3,10,,,,2,static,450.0,50.0,450.0,50.0,0.0,1.469331,module=UavAuthNetwork.uav[2]; config=ArbiterPuf
203,ArbiterPuf-27-20260810-14:59:59-740294,ArbiterPuf,27,27,27,sha3,10,,,,3,static,100.0,300.0,100.0,300.0,0.0,1.531079,module=UavAuthNetwork.uav[3]; config=ArbiterPuf
204,ArbiterPuf-27-20260810-14:59:59-740294,ArbiterPuf,27,27,27,sha3,10,,,,4,static,275.0,300.0,275.0,300.0,0.0,1.534012,module=UavAuthNetwork.uav[4]; config=ArbiterPuf
205,ArbiterPuf-27-20260810-14:59:59-740294,ArbiterPuf,27,27,27,sha3,10,,,,5,static,450.0,300.0,450.0,300.0,0.0,1.455455,module=UavAuthNetwork.uav[5]; config=ArbiterPuf
206,ArbiterPuf-27-20260810-14:59:59-740294,ArbiterPuf,27,27,27,sha3,10,,,,6,static,50.0,120.0,50.0,120.0,0.0,1.530935,module=UavAuthNetwork.uav[6]; config=ArbiterPuf
207,ArbiterPuf-27-20260810-14:59:59-740294,ArbiterPuf,27,27,27,sha3,10,,,,7,static,50.0,230.0,50.0,230.0,0.0,1.533481,module=UavAuthNetwork.uav[7]; config=ArbiterPuf
208,ArbiterPuf-27-20260810-14:59:59-740294,ArbiterPuf,27,27,27,sha3,10,,,,8,static,500.0,120.0,500.0,120.0,0.0,1.521367,module=UavAuthNetwork.uav[8]; config=ArbiterPuf
209,ArbiterPuf-27-20260810-14:59:59-740294,ArbiterPuf,27,27,27,sha3,10,,,,9,static,500.0,230.0,500.0,230.0,0.0,1.479216,module=UavAuthNetwork.uav[9]; config=ArbiterPuf
210,ArbiterPuf-28-20260810-15:00:00-740294,ArbiterPuf,28,28,28,sha3,10,,,,0,static,100.0,50.0,100.0,50.0,0.0,1.490925,module=UavAuthNetwork.uav[0]; config=ArbiterPuf
211,ArbiterPuf-28-20260810-15:00:00-740294,ArbiterPuf,28,28,28,sha3,10,,,,1,static,275.0,50.0,275.0,50.0,0.0,1.517746,module=UavAuthNetwork.uav[1]; config=ArbiterPuf
212,ArbiterPuf-28-20260810-15:00:00-740294,ArbiterPuf,28,28,28,sha3,10,,,,2,static,450.0,50.0,450.0,50.0,0.0,1.523687,module=UavAuthNetwork.uav[2]; config=ArbiterPuf
213,ArbiterPuf-28-20260810-15:00:00-740294,ArbiterPuf,28,28,28,sha3,10,,,,3,static,100.0,300.0,100.0,300.0,0.0,1.521638,module=UavAuthNetwork.uav[3]; config=ArbiterPuf
214,ArbiterPuf-28-20260810-15:00:00-740294,ArbiterPuf,28,28,28,sha3,10,,,,4,static,275.0,300.0,275.0,300.0,0.0,1.490692,module=UavAuthNetwork.uav[4]; config=ArbiterPuf
215,ArbiterPuf-28-20260810-15:00:00-740294,ArbiterPuf,28,28,28,sha3,10,,,,5,static,450.0,300.0,450.0,300.0,0.0,1.515719,module=UavAuthNetwork.uav[5]; config=ArbiterPuf
216,ArbiterPuf-28-20260810-15:00:00-740294,ArbiterPuf,28,28,28,sha3,10,,,,6,static,50.0,120.0,50.0,120.0,0.0,1.535929,module=UavAuthNetwork.uav[6]; config=ArbiterPuf
217,ArbiterPuf-28-20260810-15:00:00-740294,ArbiterPuf,28,28,28,sha3,10,,,,7,static,50.0,230.0,50.0,230.0,0.0,1.481309,module=UavAuthNetwork.uav[7]; config=ArbiterPuf
218,ArbiterPuf-28-20260810-15:00:00-740294,ArbiterPuf,28,28,28,sha3,10,,,,8,static,500.0,120.0,500.0,120.0,0.0,1.517607,module=UavAuthNetwork.uav[8]; config=ArbiterPuf
219,ArbiterPuf-28-20260810-15:00:00-740294,ArbiterPuf,28,28,28,sha3,10,,,,9,static,500.0,230.0,500.0,230.0,0.0,1.507983,module=UavAuthNetwork.uav[9]; config=ArbiterPuf
220,ArbiterPuf-29-20260810-15:00:01-740294,ArbiterPuf,29,29,29,sha3,10,,,,0,static,100.0,50.0,100.0,50.0,0.0,1.520221,module=UavAuthNetwork.uav[0]; config=ArbiterPuf
221,ArbiterPuf-29-20260810-15:00:01-740294,ArbiterPuf,29,29,29,sha3,10,,,,1,static,275.0,50.0,275.0,50.0,0.0,1.491912,module=UavAuthNetwork.uav[1]; config=ArbiterPuf
222,ArbiterPuf-29-20260810-15:00:01-740294,ArbiterPuf,29,29,29,sha3,10,,,,2,static,450.0,50.0,450.0,50.0,0.0,1.519622,module=UavAuthNetwork.uav[2]; config=ArbiterPuf
223,ArbiterPuf-29-20260810-15:00:01-740294,ArbiterPuf,29,29,29,sha3,10,,,,3,static,100.0,300.0,100.0,300.0,0.0,1.486029,module=UavAuthNetwork.uav[3]; config=ArbiterPuf
224,ArbiterPuf-29-20260810-15:00:01-740294,ArbiterPuf,29,29,29,sha3,10,,,,4,static,275.0,300.0,275.0,300.0,0.0,1.495969,module=UavAuthNetwork.uav[4]; config=ArbiterPuf
225,ArbiterPuf-29-20260810-15:00:01-740294,ArbiterPuf,29,29,29,sha3,10,,,,5,static,450.0,300.0,450.0,300.0,0.0,1.497629,module=UavAuthNetwork.uav[5]; config=ArbiterPuf
226,ArbiterPuf-29-20260810-15:00:01-740294,ArbiterPuf,29,29,29,sha3,10,,,,6,static,50.0,120.0,50.0,120.0,0.0,1.521227,module=UavAuthNetwork.uav[6]; config=ArbiterPuf
227,ArbiterPuf-29-20260810-15:00:01-740294,ArbiterPuf,29,29,29,sha3,10,,,,7,static,50.0,230.0,50.0,230.0,0.0,1.539387,module=UavAuthNetwork.uav[7]; config=ArbiterPuf
228,ArbiterPuf-29-20260810-15:00:01-740294,ArbiterPuf,29,29,29,sha3,10,,,,8,static,500.0,120.0,500.0,120.0,0.0,1.475726,module=UavAuthNetwork.uav[8]; config=ArbiterPuf
229,ArbiterPuf-29-20260810-15:00:01-740294,ArbiterPuf,29,29,29,sha3,10,,,,9,static,500.0,230.0,500.0,230.0,0.0,1.484641,module=UavAuthNetwork.uav[9]; config=ArbiterPuf
230,ArbiterPuf-3-20260810-14:59:44-740294,ArbiterPuf,3,3,3,sha3,10,,,,0,static,100.0,50.0,100.0,50.0,0.0,1.507678,module=UavAuthNetwork.uav[0]; config=ArbiterPuf
231,ArbiterPuf-3-20260810-14:59:44-740294,ArbiterPuf,3,3,3,sha3,10,,,,1,static,275.0,50.0,275.0,50.0,0.0,1.533153,module=UavAuthNetwork.uav[1]; config=ArbiterPuf
232,ArbiterPuf-3-20260810-14:59:44-740294,ArbiterPuf,3,3,3,sha3,10,,,,2,static,450.0,50.0,450.0,50.0,0.0,1.496897,module=UavAuthNetwork.uav[2]; config=ArbiterPuf
233,ArbiterPuf-3-20260810-14:59:44-740294,ArbiterPuf,3,3,3,sha3,10,,,,3,static,100.0,300.0,100.0,300.0,0.0,1.497287,module=UavAuthNetwork.uav[3]; config=ArbiterPuf
234,ArbiterPuf-3-20260810-14:59:44-740294,ArbiterPuf,3,3,3,sha3,10,,,,4,static,275.0,300.0,275.0,300.0,0.0,1.514127,module=UavAuthNetwork.uav[4]; config=ArbiterPuf
235,ArbiterPuf-3-20260810-14:59:44-740294,ArbiterPuf,3,3,3,sha3,10,,,,5,static,450.0,300.0,450.0,300.0,0.0,1.500516,module=UavAuthNetwork.uav[5]; config=ArbiterPuf
236,ArbiterPuf-3-20260810-14:59:44-740294,ArbiterPuf,3,3,3,sha3,10,,,,6,static,50.0,120.0,50.0,120.0,0.0,1.469919,module=UavAuthNetwork.uav[6]; config=ArbiterPuf
237,ArbiterPuf-3-20260810-14:59:44-740294,ArbiterPuf,3,3,3,sha3,10,,,,7,static,50.0,230.0,50.0,230.0,0.0,1.515075,module=UavAuthNetwork.uav[7]; config=ArbiterPuf
238,ArbiterPuf-3-20260810-14:59:44-740294,ArbiterPuf,3,3,3,sha3,10,,,,8,static,500.0,120.0,500.0,120.0,0.0,1.490195,module=UavAuthNetwork.uav[8]; config=ArbiterPuf
239,ArbiterPuf-3-20260810-14:59:44-740294,ArbiterPuf,3,3,3,sha3,10,,,,9,static,500.0,230.0,500.0,230.0,0.0,1.503144,module=UavAuthNetwork.uav[9]; config=ArbiterPuf
240,ArbiterPuf-4-20260810-14:59:45-740294,ArbiterPuf,4,4,4,sha3,10,,,,0,static,100.0,50.0,100.0,50.0,0.0,1.495521,module=UavAuthNetwork.uav[0]; config=ArbiterPuf
241,ArbiterPuf-4-20260810-14:59:45-740294,ArbiterPuf,4,4,4,sha3,10,,,,1,static,275.0,50.0,275.0,50.0,0.0,1.469146,module=UavAuthNetwork.uav[1]; config=ArbiterPuf
242,ArbiterPuf-4-20260810-14:59:45-740294,ArbiterPuf,4,4,4,sha3,10,,,,2,static,450.0,50.0,450.0,50.0,0.0,1.510702,module=UavAuthNetwork.uav[2]; config=ArbiterPuf
243,ArbiterPuf-4-20260810-14:59:45-740294,ArbiterPuf,4,4,4,sha3,10,,,,3,static,100.0,300.0,100.0,300.0,0.0,1.523387,module=UavAuthNetwork.uav[3]; config=ArbiterPuf
244,ArbiterPuf-4-20260810-14:59:45-740294,ArbiterPuf,4,4,4,sha3,10,,,,4,static,275.0,300.0,275.0,300.0,0.0,1.515832,module=UavAuthNetwork.uav[4]; config=ArbiterPuf
245,ArbiterPuf-4-20260810-14:59:45-740294,ArbiterPuf,4,4,4,sha3,10,,,,5,static,450.0,300.0,450.0,300.0,0.0,1.504508,module=UavAuthNetwork.uav[5]; config=ArbiterPuf
246,ArbiterPuf-4-20260810-14:59:45-740294,ArbiterPuf,4,4,4,sha3,10,,,,6,static,50.0,120.0,50.0,120.0,0.0,1.477257,module=UavAuthNetwork.uav[6]; config=ArbiterPuf
247,ArbiterPuf-4-20260810-14:59:45-740294,ArbiterPuf,4,4,4,sha3,10,,,,7,static,50.0,230.0,50.0,230.0,0.0,1.471995,module=UavAuthNetwork.uav[7]; config=ArbiterPuf
248,ArbiterPuf-4-20260810-14:59:45-740294,ArbiterPuf,4,4,4,sha3,10,,,,8,static,500.0,120.0,500.0,120.0,0.0,1.487218,module=UavAuthNetwork.uav[8]; config=ArbiterPuf
249,ArbiterPuf-4-20260810-14:59:45-740294,ArbiterPuf,4,4,4,sha3,10,,,,9,static,500.0,230.0,500.0,230.0,0.0,1.512379,module=UavAuthNetwork.uav[9]; config=ArbiterPuf
250,ArbiterPuf-5-20260810-14:59:46-740294,ArbiterPuf,5,5,5,sha3,10,,,,0,static,100.0,50.0,100.0,50.0,0.0,1.476895,module=UavAuthNetwork.uav[0]; config=ArbiterPuf
251,ArbiterPuf-5-20260810-14:59:46-740294,ArbiterPuf,5,5,5,sha3,10,,,,1,static,275.0,50.0,275.0,50.0,0.0,1.474987,module=UavAuthNetwork.uav[1]; config=ArbiterPuf
252,ArbiterPuf-5-20260810-14:59:46-740294,ArbiterPuf,5,5,5,sha3,10,,,,2,static,450.0,50.0,450.0,50.0,0.0,1.537052,module=UavAuthNetwork.uav[2]; config=ArbiterPuf
253,ArbiterPuf-5-20260810-14:59:46-740294,ArbiterPuf,5,5,5,sha3,10,,,,3,static,100.0,300.0,100.0,300.0,0.0,1.5288,module=UavAuthNetwork.uav[3]; config=ArbiterPuf
254,ArbiterPuf-5-20260810-14:59:46-740294,ArbiterPuf,5,5,5,sha3,10,,,,4,static,275.0,300.0,275.0,300.0,0.0,1.519492,module=UavAuthNetwork.uav[4]; config=ArbiterPuf
255,ArbiterPuf-5-20260810-14:59:46-740294,ArbiterPuf,5,5,5,sha3,10,,,,5,static,450.0,300.0,450.0,300.0,0.0,1.487964,module=UavAuthNetwork.uav[5]; config=ArbiterPuf
256,ArbiterPuf-5-20260810-14:59:46-740294,ArbiterPuf,5,5,5,sha3,10,,,,6,static,50.0,120.0,50.0,120.0,0.0,1.46426,module=UavAuthNetwork.uav[6]; config=ArbiterPuf
257,ArbiterPuf-5-20260810-14:59:46-740294,ArbiterPuf,5,5,5,sha3,10,,,,7,static,50.0,230.0,50.0,230.0,0.0,1.521305,module=UavAuthNetwork.uav[7]; config=ArbiterPuf
258,ArbiterPuf-5-20260810-14:59:46-740294,ArbiterPuf,5,5,5,sha3,10,,,,8,static,500.0,120.0,500.0,120.0,0.0,1.49725,module=UavAuthNetwork.uav[8]; config=ArbiterPuf
259,ArbiterPuf-5-20260810-14:59:46-740294,ArbiterPuf,5,5,5,sha3,10,,,,9,static,500.0,230.0,500.0,230.0,0.0,1.499409,module=UavAuthNetwork.uav[9]; config=ArbiterPuf
260,ArbiterPuf-6-20260810-14:59:46-740294,ArbiterPuf,6,6,6,sha3,10,,,,0,static,100.0,50.0,100.0,50.0,0.0,1.520741,module=UavAuthNetwork.uav[0]; config=ArbiterPuf
261,ArbiterPuf-6-20260810-14:59:46-740294,ArbiterPuf,6,6,6,sha3,10,,,,1,static,275.0,50.0,275.0,50.0,0.0,1.470091,module=UavAuthNetwork.uav[1]; config=ArbiterPuf
262,ArbiterPuf-6-20260810-14:59:46-740294,ArbiterPuf,6,6,6,sha3,10,,,,2,static,450.0,50.0,450.0,50.0,0.0,1.487075,module=UavAuthNetwork.uav[2]; config=ArbiterPuf
263,ArbiterPuf-6-20260810-14:59:46-740294,ArbiterPuf,6,6,6,sha3,10,,,,3,static,100.0,300.0,100.0,300.0,0.0,1.468942,module=UavAuthNetwork.uav[3]; config=ArbiterPuf
264,ArbiterPuf-6-20260810-14:59:46-740294,ArbiterPuf,6,6,6,sha3,10,,,,4,static,275.0,300.0,275.0,300.0,0.0,1.513033,module=UavAuthNetwork.uav[4]; config=ArbiterPuf
265,ArbiterPuf-6-20260810-14:59:46-740294,ArbiterPuf,6,6,6,sha3,10,,,,5,static,450.0,300.0,450.0,300.0,0.0,1.487752,module=UavAuthNetwork.uav[5]; config=ArbiterPuf
266,ArbiterPuf-6-20260810-14:59:46-740294,ArbiterPuf,6,6,6,sha3,10,,,,6,static,50.0,120.0,50.0,120.0,0.0,1.539379,module=UavAuthNetwork.uav[6]; config=ArbiterPuf
267,ArbiterPuf-6-20260810-14:59:46-740294,ArbiterPuf,6,6,6,sha3,10,,,,7,static,50.0,230.0,50.0,230.0,0.0,1.527769,module=UavAuthNetwork.uav[7]; config=ArbiterPuf
268,ArbiterPuf-6-20260810-14:59:46-740294,ArbiterPuf,6,6,6,sha3,10,,,,8,static,500.0,120.0,500.0,120.0,0.0,1.510834,module=UavAuthNetwork.uav[8]; config=ArbiterPuf
269,ArbiterPuf-6-20260810-14:59:46-740294,ArbiterPuf,6,6,6,sha3,10,,,,9,static,500.0,230.0,500.0,230.0,0.0,1.52912,module=UavAuthNetwork.uav[9]; config=ArbiterPuf
270,ArbiterPuf-7-20260810-14:59:47-740294,ArbiterPuf,7,7,7,sha3,10,,,,0,static,100.0,50.0,100.0,50.0,0.0,1.473766,module=UavAuthNetwork.uav[0]; config=ArbiterPuf
271,ArbiterPuf-7-20260810-14:59:47-740294,ArbiterPuf,7,7,7,sha3,10,,,,1,static,275.0,50.0,275.0,50.0,0.0,1.492391,module=UavAuthNetwork.uav[1]; config=ArbiterPuf
272,ArbiterPuf-7-20260810-14:59:47-740294,ArbiterPuf,7,7,7,sha3,10,,,,2,static,450.0,50.0,450.0,50.0,0.0,1.487475,module=UavAuthNetwork.uav[2]; config=ArbiterPuf
273,ArbiterPuf-7-20260810-14:59:47-740294,ArbiterPuf,7,7,7,sha3,10,,,,3,static,100.0,300.0,100.0,300.0,0.0,1.503671,module=UavAuthNetwork.uav[3]; config=ArbiterPuf
274,ArbiterPuf-7-20260810-14:59:47-740294,ArbiterPuf,7,7,7,sha3,10,,,,4,static,275.0,300.0,275.0,300.0,0.0,1.471282,module=UavAuthNetwork.uav[4]; config=ArbiterPuf
275,ArbiterPuf-7-20260810-14:59:47-740294,ArbiterPuf,7,7,7,sha3,10,,,,5,static,450.0,300.0,450.0,300.0,0.0,1.54035,module=UavAuthNetwork.uav[5]; config=ArbiterPuf
276,ArbiterPuf-7-20260810-14:59:47-740294,ArbiterPuf,7,7,7,sha3,10,,,,6,static,50.0,120.0,50.0,120.0,0.0,1.528605,module=UavAuthNetwork.uav[6]; config=ArbiterPuf
277,ArbiterPuf-7-20260810-14:59:47-740294,ArbiterPuf,7,7,7,sha3,10,,,,7,static,50.0,230.0,50.0,230.0,0.0,1.501254,module=UavAuthNetwork.uav[7]; config=ArbiterPuf
278,ArbiterPuf-7-20260810-14:59:47-740294,ArbiterPuf,7,7,7,sha3,10,,,,8,static,500.0,120.0,500.0,120.0,0.0,1.534527,module=UavAuthNetwork.uav[8]; config=ArbiterPuf
279,ArbiterPuf-7-20260810-14:59:47-740294,ArbiterPuf,7,7,7,sha3,10,,,,9,static,500.0,230.0,500.0,230.0,0.0,1.480631,module=UavAuthNetwork.uav[9]; config=ArbiterPuf
280,ArbiterPuf-8-20260810-14:59:47-740294,ArbiterPuf,8,8,8,sha3,10,,,,0,static,100.0,50.0,100.0,50.0,0.0,1.516773,module=UavAuthNetwork.uav[0]; config=ArbiterPuf
281,ArbiterPuf-8-20260810-14:59:47-740294,ArbiterPuf,8,8,8,sha3,10,,,,1,static,275.0,50.0,275.0,50.0,0.0,1.514613,module=UavAuthNetwork.uav[1]; config=ArbiterPuf
282,ArbiterPuf-8-20260810-14:59:47-740294,ArbiterPuf,8,8,8,sha3,10,,,,2,static,450.0,50.0,450.0,50.0,0.0,1.466669,module=UavAuthNetwork.uav[2]; config=ArbiterPuf
283,ArbiterPuf-8-20260810-14:59:47-740294,ArbiterPuf,8,8,8,sha3,10,,,,3,static,100.0,300.0,100.0,300.0,0.0,1.522571,module=UavAuthNetwork.uav[3]; config=ArbiterPuf
284,ArbiterPuf-8-20260810-14:59:47-740294,ArbiterPuf,8,8,8,sha3,10,,,,4,static,275.0,300.0,275.0,300.0,0.0,1.488748,module=UavAuthNetwork.uav[4]; config=ArbiterPuf
285,ArbiterPuf-8-20260810-14:59:47-740294,ArbiterPuf,8,8,8,sha3,10,,,,5,static,450.0,300.0,450.0,300.0,0.0,1.4754,module=UavAuthNetwork.uav[5]; config=ArbiterPuf
286,ArbiterPuf-8-20260810-14:59:47-740294,ArbiterPuf,8,8,8,sha3,10,,,,6,static,50.0,120.0,50.0,120.0,0.0,1.484144,module=UavAuthNetwork.uav[6]; config=ArbiterPuf
287,ArbiterPuf-8-20260810-14:59:47-740294,ArbiterPuf,8,8,8,sha3,10,,,,7,static,50.0,230.0,50.0,230.0,0.0,1.498979,module=UavAuthNetwork.uav[7]; config=ArbiterPuf
288,ArbiterPuf-8-20260810-14:59:47-740294,ArbiterPuf,8,8,8,sha3,10,,,,8,static,500.0,120.0,500.0,120.0,0.0,1.501395,module=UavAuthNetwork.uav[8]; config=ArbiterPuf
289,ArbiterPuf-8-20260810-14:59:47-740294,ArbiterPuf,8,8,8,sha3,10,,,,9,static,500.0,230.0,500.0,230.0,0.0,1.504386,module=UavAuthNetwork.uav[9]; config=ArbiterPuf
290,ArbiterPuf-9-20260810-14:59:48-740294,ArbiterPuf,9,9,9,sha3,10,,,,0,static,100.0,50.0,100.0,50.0,0.0,1.518346,module=UavAuthNetwork.uav[0]; config=ArbiterPuf
291,ArbiterPuf-9-20260810-14:59:48-740294,ArbiterPuf,9,9,9,sha3,10,,,,1,static,275.0,50.0,275.0,50.0,0.0,1.471462,module=UavAuthNetwork.uav[1]; config=ArbiterPuf
292,ArbiterPuf-9-20260810-14:59:48-740294,ArbiterPuf,9,9,9,sha3,10,,,,2,static,450.0,50.0,450.0,50.0,0.0,1.531942,module=UavAuthNetwork.uav[2]; config=ArbiterPuf
293,ArbiterPuf-9-20260810-14:59:48-740294,ArbiterPuf,9,9,9,sha3,10,,,,3,static,100.0,300.0,100.0,300.0,0.0,1.530257,module=UavAuthNetwork.uav[3]; config=ArbiterPuf
294,ArbiterPuf-9-20260810-14:59:48-740294,ArbiterPuf,9,9,9,sha3,10,,,,4,static,275.0,300.0,275.0,300.0,0.0,1.504301,module=UavAuthNetwork.uav[4]; config=ArbiterPuf
295,ArbiterPuf-9-20260810-14:59:48-740294,ArbiterPuf,9,9,9,sha3,10,,,,5,static,450.0,300.0,450.0,300.0,0.0,1.505667,module=UavAuthNetwork.uav[5]; config=ArbiterPuf
296,ArbiterPuf-9-20260810-14:59:48-740294,ArbiterPuf,9,9,9,sha3,10,,,,6,static,50.0,120.0,50.0,120.0,0.0,1.507791,module=UavAuthNetwork.uav[6]; config=ArbiterPuf
297,ArbiterPuf-9-20260810-14:59:48-740294,ArbiterPuf,9,9,9,sha3,10,,,,7,static,50.0,230.0,50.0,230.0,0.0,1.528708,module=UavAuthNetwork.uav[7]; config=ArbiterPuf
298,ArbiterPuf-9-20260810-14:59:48-740294,ArbiterPuf,9,9,9,sha3,10,,,,8,static,500.0,120.0,500.0,120.0,0.0,1.510108,module=UavAuthNetwork.uav[8]; config=ArbiterPuf
299,ArbiterPuf-9-20260810-14:59:48-740294,ArbiterPuf,9,9,9,sha3,10,,,,9,static,500.0,230.0,500.0,230.0,0.0,1.46192,module=UavAuthNetwork.uav[9]; config=ArbiterPuf
300,AtkCredentialSniff-0-20260810-15:01:01-741521,AtkCredentialSniff,0,0,0,sha3,10,,,,0,static,100.0,50.0,100.0,50.0,0.0,1.539081,module=UavAuthNetwork.uav[0]; config=AtkCredentialSniff
301,AtkCredentialSniff-0-20260810-15:01:01-741521,AtkCredentialSniff,0,0,0,sha3,10,,,,1,static,275.0,50.0,275.0,50.0,0.0,1.484691,module=UavAuthNetwork.uav[1]; config=AtkCredentialSniff
302,AtkCredentialSniff-0-20260810-15:01:01-741521,AtkCredentialSniff,0,0,0,sha3,10,,,,2,static,450.0,50.0,450.0,50.0,0.0,1.508622,module=UavAuthNetwork.uav[2]; config=AtkCredentialSniff
303,AtkCredentialSniff-0-20260810-15:01:01-741521,AtkCredentialSniff,0,0,0,sha3,10,,,,3,static,100.0,300.0,100.0,300.0,0.0,1.481512,module=UavAuthNetwork.uav[3]; config=AtkCredentialSniff
304,AtkCredentialSniff-0-20260810-15:01:01-741521,AtkCredentialSniff,0,0,0,sha3,10,,,,4,static,275.0,300.0,275.0,300.0,0.0,1.539709,module=UavAuthNetwork.uav[4]; config=AtkCredentialSniff
305,AtkCredentialSniff-0-20260810-15:01:01-741521,AtkCredentialSniff,0,0,0,sha3,10,,,,5,static,450.0,300.0,450.0,300.0,0.0,1.498925,module=UavAuthNetwork.uav[5]; config=AtkCredentialSniff
306,AtkCredentialSniff-0-20260810-15:01:01-741521,AtkCredentialSniff,0,0,0,sha3,10,,,,6,static,50.0,120.0,50.0,120.0,0.0,1.515039,module=UavAuthNetwork.uav[6]; config=AtkCredentialSniff
307,AtkCredentialSniff-0-20260810-15:01:01-741521,AtkCredentialSniff,0,0,0,sha3,10,,,,7,static,50.0,230.0,50.0,230.0,0.0,1.523793,module=UavAuthNetwork.uav[7]; config=AtkCredentialSniff
308,AtkCredentialSniff-0-20260810-15:01:01-741521,AtkCredentialSniff,0,0,0,sha3,10,,,,8,static,500.0,120.0,500.0,120.0,0.0,1.52581,module=UavAuthNetwork.uav[8]; config=AtkCredentialSniff
309,AtkCredentialSniff-0-20260810-15:01:01-741521,AtkCredentialSniff,0,0,0,sha3,10,,,,9,static,500.0,230.0,500.0,230.0,0.0,1.488331,module=UavAuthNetwork.uav[9]; config=AtkCredentialSniff
310,AtkCredentialSniff-1-20260810-15:01:01-741521,AtkCredentialSniff,1,1,1,sha3,10,,,,0,static,100.0,50.0,100.0,50.0,0.0,1.513981,module=UavAuthNetwork.uav[0]; config=AtkCredentialSniff
311,AtkCredentialSniff-1-20260810-15:01:01-741521,AtkCredentialSniff,1,1,1,sha3,10,,,,1,static,275.0,50.0,275.0,50.0,0.0,1.482779,module=UavAuthNetwork.uav[1]; config=AtkCredentialSniff
312,AtkCredentialSniff-1-20260810-15:01:01-741521,AtkCredentialSniff,1,1,1,sha3,10,,,,2,static,450.0,50.0,450.0,50.0,0.0,1.559941,module=UavAuthNetwork.uav[2]; config=AtkCredentialSniff
313,AtkCredentialSniff-1-20260810-15:01:01-741521,AtkCredentialSniff,1,1,1,sha3,10,,,,3,static,100.0,300.0,100.0,300.0,0.0,1.506901,module=UavAuthNetwork.uav[3]; config=AtkCredentialSniff
314,AtkCredentialSniff-1-20260810-15:01:01-741521,AtkCredentialSniff,1,1,1,sha3,10,,,,4,static,275.0,300.0,275.0,300.0,0.0,1.550067,module=UavAuthNetwork.uav[4]; config=AtkCredentialSniff
315,AtkCredentialSniff-1-20260810-15:01:01-741521,AtkCredentialSniff,1,1,1,sha3,10,,,,5,static,450.0,300.0,450.0,300.0,0.0,1.483007,module=UavAuthNetwork.uav[5]; config=AtkCredentialSniff
316,AtkCredentialSniff-1-20260810-15:01:01-741521,AtkCredentialSniff,1,1,1,sha3,10,,,,6,static,50.0,120.0,50.0,120.0,0.0,1.512663,module=UavAuthNetwork.uav[6]; config=AtkCredentialSniff
317,AtkCredentialSniff-1-20260810-15:01:01-741521,AtkCredentialSniff,1,1,1,sha3,10,,,,7,static,50.0,230.0,50.0,230.0,0.0,1.51043,module=UavAuthNetwork.uav[7]; config=AtkCredentialSniff
318,AtkCredentialSniff-1-20260810-15:01:01-741521,AtkCredentialSniff,1,1,1,sha3,10,,,,8,static,500.0,120.0,500.0,120.0,0.0,1.494892,module=UavAuthNetwork.uav[8]; config=AtkCredentialSniff
319,AtkCredentialSniff-1-20260810-15:01:01-741521,AtkCredentialSniff,1,1,1,sha3,10,,,,9,static,500.0,230.0,500.0,230.0,0.0,1.554074,module=UavAuthNetwork.uav[9]; config=AtkCredentialSniff
320,AtkCredentialSniff-2-20260810-15:01:01-741521,AtkCredentialSniff,2,2,2,sha3,10,,,,0,static,100.0,50.0,100.0,50.0,0.0,1.496899,module=UavAuthNetwork.uav[0]; config=AtkCredentialSniff
321,AtkCredentialSniff-2-20260810-15:01:01-741521,AtkCredentialSniff,2,2,2,sha3,10,,,,1,static,275.0,50.0,275.0,50.0,0.0,1.532284,module=UavAuthNetwork.uav[1]; config=AtkCredentialSniff
322,AtkCredentialSniff-2-20260810-15:01:01-741521,AtkCredentialSniff,2,2,2,sha3,10,,,,2,static,450.0,50.0,450.0,50.0,0.0,1.483798,module=UavAuthNetwork.uav[2]; config=AtkCredentialSniff
323,AtkCredentialSniff-2-20260810-15:01:01-741521,AtkCredentialSniff,2,2,2,sha3,10,,,,3,static,100.0,300.0,100.0,300.0,0.0,1.518928,module=UavAuthNetwork.uav[3]; config=AtkCredentialSniff
324,AtkCredentialSniff-2-20260810-15:01:01-741521,AtkCredentialSniff,2,2,2,sha3,10,,,,4,static,275.0,300.0,275.0,300.0,0.0,1.532033,module=UavAuthNetwork.uav[4]; config=AtkCredentialSniff
325,AtkCredentialSniff-2-20260810-15:01:01-741521,AtkCredentialSniff,2,2,2,sha3,10,,,,5,static,450.0,300.0,450.0,300.0,0.0,1.482054,module=UavAuthNetwork.uav[5]; config=AtkCredentialSniff
326,AtkCredentialSniff-2-20260810-15:01:01-741521,AtkCredentialSniff,2,2,2,sha3,10,,,,6,static,50.0,120.0,50.0,120.0,0.0,1.516072,module=UavAuthNetwork.uav[6]; config=AtkCredentialSniff
327,AtkCredentialSniff-2-20260810-15:01:01-741521,AtkCredentialSniff,2,2,2,sha3,10,,,,7,static,50.0,230.0,50.0,230.0,0.0,1.485788,module=UavAuthNetwork.uav[7]; config=AtkCredentialSniff
328,AtkCredentialSniff-2-20260810-15:01:01-741521,AtkCredentialSniff,2,2,2,sha3,10,,,,8,static,500.0,120.0,500.0,120.0,0.0,1.467816,module=UavAuthNetwork.uav[8]; config=AtkCredentialSniff
329,AtkCredentialSniff-2-20260810-15:01:01-741521,AtkCredentialSniff,2,2,2,sha3,10,,,,9,static,500.0,230.0,500.0,230.0,0.0,1.555762,module=UavAuthNetwork.uav[9]; config=AtkCredentialSniff
330,AtkCredentialSniff-3-20260810-15:01:01-741521,AtkCredentialSniff,3,3,3,sha3,10,,,,0,static,100.0,50.0,100.0,50.0,0.0,1.515329,module=UavAuthNetwork.uav[0]; config=AtkCredentialSniff
331,AtkCredentialSniff-3-20260810-15:01:01-741521,AtkCredentialSniff,3,3,3,sha3,10,,,,1,static,275.0,50.0,275.0,50.0,0.0,1.499314,module=UavAuthNetwork.uav[1]; config=AtkCredentialSniff
332,AtkCredentialSniff-3-20260810-15:01:01-741521,AtkCredentialSniff,3,3,3,sha3,10,,,,2,static,450.0,50.0,450.0,50.0,0.0,1.469698,module=UavAuthNetwork.uav[2]; config=AtkCredentialSniff
333,AtkCredentialSniff-3-20260810-15:01:01-741521,AtkCredentialSniff,3,3,3,sha3,10,,,,3,static,100.0,300.0,100.0,300.0,0.0,1.514854,module=UavAuthNetwork.uav[3]; config=AtkCredentialSniff
334,AtkCredentialSniff-3-20260810-15:01:01-741521,AtkCredentialSniff,3,3,3,sha3,10,,,,4,static,275.0,300.0,275.0,300.0,0.0,1.488773,module=UavAuthNetwork.uav[4]; config=AtkCredentialSniff
335,AtkCredentialSniff-3-20260810-15:01:01-741521,AtkCredentialSniff,3,3,3,sha3,10,,,,5,static,450.0,300.0,450.0,300.0,0.0,1.502923,module=UavAuthNetwork.uav[5]; config=AtkCredentialSniff
336,AtkCredentialSniff-3-20260810-15:01:01-741521,AtkCredentialSniff,3,3,3,sha3,10,,,,6,static,50.0,120.0,50.0,120.0,0.0,1.468302,module=UavAuthNetwork.uav[6]; config=AtkCredentialSniff
337,AtkCredentialSniff-3-20260810-15:01:01-741521,AtkCredentialSniff,3,3,3,sha3,10,,,,7,static,50.0,230.0,50.0,230.0,0.0,1.493481,module=UavAuthNetwork.uav[7]; config=AtkCredentialSniff
338,AtkCredentialSniff-3-20260810-15:01:01-741521,AtkCredentialSniff,3,3,3,sha3,10,,,,8,static,500.0,120.0,500.0,120.0,0.0,1.483675,module=UavAuthNetwork.uav[8]; config=AtkCredentialSniff
339,AtkCredentialSniff-3-20260810-15:01:01-741521,AtkCredentialSniff,3,3,3,sha3,10,,,,9,static,500.0,230.0,500.0,230.0,0.0,1.460125,module=UavAuthNetwork.uav[9]; config=AtkCredentialSniff
340,AtkCredentialSniff-4-20260810-15:01:01-741521,AtkCredentialSniff,4,4,4,sha3,10,,,,0,static,100.0,50.0,100.0,50.0,0.0,1.517034,module=UavAuthNetwork.uav[0]; config=AtkCredentialSniff
341,AtkCredentialSniff-4-20260810-15:01:01-741521,AtkCredentialSniff,4,4,4,sha3,10,,,,1,static,275.0,50.0,275.0,50.0,0.0,1.503307,module=UavAuthNetwork.uav[1]; config=AtkCredentialSniff
342,AtkCredentialSniff-4-20260810-15:01:01-741521,AtkCredentialSniff,4,4,4,sha3,10,,,,2,static,450.0,50.0,450.0,50.0,0.0,1.477036,module=UavAuthNetwork.uav[2]; config=AtkCredentialSniff
343,AtkCredentialSniff-4-20260810-15:01:01-741521,AtkCredentialSniff,4,4,4,sha3,10,,,,3,static,100.0,300.0,100.0,300.0,0.0,1.471774,module=UavAuthNetwork.uav[3]; config=AtkCredentialSniff
344,AtkCredentialSniff-4-20260810-15:01:01-741521,AtkCredentialSniff,4,4,4,sha3,10,,,,4,static,275.0,300.0,275.0,300.0,0.0,1.485795,module=UavAuthNetwork.uav[4]; config=AtkCredentialSniff
345,AtkCredentialSniff-4-20260810-15:01:01-741521,AtkCredentialSniff,4,4,4,sha3,10,,,,5,static,450.0,300.0,450.0,300.0,0.0,1.512158,module=UavAuthNetwork.uav[5]; config=AtkCredentialSniff
346,AtkCredentialSniff-4-20260810-15:01:01-741521,AtkCredentialSniff,4,4,4,sha3,10,,,,6,static,50.0,120.0,50.0,120.0,0.0,1.513593,module=UavAuthNetwork.uav[6]; config=AtkCredentialSniff
347,AtkCredentialSniff-4-20260810-15:01:01-741521,AtkCredentialSniff,4,4,4,sha3,10,,,,7,static,50.0,230.0,50.0,230.0,0.0,1.535712,module=UavAuthNetwork.uav[7]; config=AtkCredentialSniff
348,AtkCredentialSniff-4-20260810-15:01:01-741521,AtkCredentialSniff,4,4,4,sha3,10,,,,8,static,500.0,120.0,500.0,120.0,0.0,1.52193,module=UavAuthNetwork.uav[8]; config=AtkCredentialSniff
349,AtkCredentialSniff-4-20260810-15:01:01-741521,AtkCredentialSniff,4,4,4,sha3,10,,,,9,static,500.0,230.0,500.0,230.0,0.0,1.505781,module=UavAuthNetwork.uav[9]; config=AtkCredentialSniff
350,AtkGsImpersonate-0-20260810-15:01:00-741515,AtkGsImpersonate,0,0,0,sha3,10,,,,0,static,100.0,50.0,100.0,50.0,0.0,0.0,module=UavAuthNetwork.uav[0]; config=AtkGsImpersonate
351,AtkGsImpersonate-0-20260810-15:01:00-741515,AtkGsImpersonate,0,0,0,sha3,10,,,,1,static,275.0,50.0,275.0,50.0,0.0,0.0,module=UavAuthNetwork.uav[1]; config=AtkGsImpersonate
352,AtkGsImpersonate-0-20260810-15:01:00-741515,AtkGsImpersonate,0,0,0,sha3,10,,,,2,static,450.0,50.0,450.0,50.0,0.0,0.0,module=UavAuthNetwork.uav[2]; config=AtkGsImpersonate
353,AtkGsImpersonate-0-20260810-15:01:00-741515,AtkGsImpersonate,0,0,0,sha3,10,,,,3,static,100.0,300.0,100.0,300.0,0.0,0.0,module=UavAuthNetwork.uav[3]; config=AtkGsImpersonate
354,AtkGsImpersonate-0-20260810-15:01:00-741515,AtkGsImpersonate,0,0,0,sha3,10,,,,4,static,275.0,300.0,275.0,300.0,0.0,0.0,module=UavAuthNetwork.uav[4]; config=AtkGsImpersonate
355,AtkGsImpersonate-0-20260810-15:01:00-741515,AtkGsImpersonate,0,0,0,sha3,10,,,,5,static,450.0,300.0,450.0,300.0,0.0,0.0,module=UavAuthNetwork.uav[5]; config=AtkGsImpersonate
356,AtkGsImpersonate-0-20260810-15:01:00-741515,AtkGsImpersonate,0,0,0,sha3,10,,,,6,static,50.0,120.0,50.0,120.0,0.0,0.0,module=UavAuthNetwork.uav[6]; config=AtkGsImpersonate
357,AtkGsImpersonate-0-20260810-15:01:00-741515,AtkGsImpersonate,0,0,0,sha3,10,,,,7,static,50.0,230.0,50.0,230.0,0.0,0.0,module=UavAuthNetwork.uav[7]; config=AtkGsImpersonate
358,AtkGsImpersonate-0-20260810-15:01:00-741515,AtkGsImpersonate,0,0,0,sha3,10,,,,8,static,500.0,120.0,500.0,120.0,0.0,0.0,module=UavAuthNetwork.uav[8]; config=AtkGsImpersonate
359,AtkGsImpersonate-0-20260810-15:01:00-741515,AtkGsImpersonate,0,0,0,sha3,10,,,,9,static,500.0,230.0,500.0,230.0,0.0,0.0,module=UavAuthNetwork.uav[9]; config=AtkGsImpersonate
360,AtkGsImpersonate-1-20260810-15:01:00-741515,AtkGsImpersonate,1,1,1,sha3,10,,,,0,static,100.0,50.0,100.0,50.0,0.0,0.0,module=UavAuthNetwork.uav[0]; config=AtkGsImpersonate
361,AtkGsImpersonate-1-20260810-15:01:00-741515,AtkGsImpersonate,1,1,1,sha3,10,,,,1,static,275.0,50.0,275.0,50.0,0.0,0.0,module=UavAuthNetwork.uav[1]; config=AtkGsImpersonate
362,AtkGsImpersonate-1-20260810-15:01:00-741515,AtkGsImpersonate,1,1,1,sha3,10,,,,2,static,450.0,50.0,450.0,50.0,0.0,0.0,module=UavAuthNetwork.uav[2]; config=AtkGsImpersonate
363,AtkGsImpersonate-1-20260810-15:01:00-741515,AtkGsImpersonate,1,1,1,sha3,10,,,,3,static,100.0,300.0,100.0,300.0,0.0,0.0,module=UavAuthNetwork.uav[3]; config=AtkGsImpersonate
364,AtkGsImpersonate-1-20260810-15:01:00-741515,AtkGsImpersonate,1,1,1,sha3,10,,,,4,static,275.0,300.0,275.0,300.0,0.0,0.0,module=UavAuthNetwork.uav[4]; config=AtkGsImpersonate
365,AtkGsImpersonate-1-20260810-15:01:00-741515,AtkGsImpersonate,1,1,1,sha3,10,,,,5,static,450.0,300.0,450.0,300.0,0.0,0.0,module=UavAuthNetwork.uav[5]; config=AtkGsImpersonate
366,AtkGsImpersonate-1-20260810-15:01:00-741515,AtkGsImpersonate,1,1,1,sha3,10,,,,6,static,50.0,120.0,50.0,120.0,0.0,0.0,module=UavAuthNetwork.uav[6]; config=AtkGsImpersonate
367,AtkGsImpersonate-1-20260810-15:01:00-741515,AtkGsImpersonate,1,1,1,sha3,10,,,,7,static,50.0,230.0,50.0,230.0,0.0,0.0,module=UavAuthNetwork.uav[7]; config=AtkGsImpersonate
368,AtkGsImpersonate-1-20260810-15:01:00-741515,AtkGsImpersonate,1,1,1,sha3,10,,,,8,static,500.0,120.0,500.0,120.0,0.0,0.0,module=UavAuthNetwork.uav[8]; config=AtkGsImpersonate
369,AtkGsImpersonate-1-20260810-15:01:00-741515,AtkGsImpersonate,1,1,1,sha3,10,,,,9,static,500.0,230.0,500.0,230.0,0.0,0.0,module=UavAuthNetwork.uav[9]; config=AtkGsImpersonate
370,AtkGsImpersonate-2-20260810-15:01:00-741515,AtkGsImpersonate,2,2,2,sha3,10,,,,0,static,100.0,50.0,100.0,50.0,0.0,0.0,module=UavAuthNetwork.uav[0]; config=AtkGsImpersonate
371,AtkGsImpersonate-2-20260810-15:01:00-741515,AtkGsImpersonate,2,2,2,sha3,10,,,,1,static,275.0,50.0,275.0,50.0,0.0,0.0,module=UavAuthNetwork.uav[1]; config=AtkGsImpersonate
372,AtkGsImpersonate-2-20260810-15:01:00-741515,AtkGsImpersonate,2,2,2,sha3,10,,,,2,static,450.0,50.0,450.0,50.0,0.0,0.0,module=UavAuthNetwork.uav[2]; config=AtkGsImpersonate
373,AtkGsImpersonate-2-20260810-15:01:00-741515,AtkGsImpersonate,2,2,2,sha3,10,,,,3,static,100.0,300.0,100.0,300.0,0.0,0.0,module=UavAuthNetwork.uav[3]; config=AtkGsImpersonate
374,AtkGsImpersonate-2-20260810-15:01:00-741515,AtkGsImpersonate,2,2,2,sha3,10,,,,4,static,275.0,300.0,275.0,300.0,0.0,0.0,module=UavAuthNetwork.uav[4]; config=AtkGsImpersonate
375,AtkGsImpersonate-2-20260810-15:01:00-741515,AtkGsImpersonate,2,2,2,sha3,10,,,,5,static,450.0,300.0,450.0,300.0,0.0,0.0,module=UavAuthNetwork.uav[5]; config=AtkGsImpersonate
376,AtkGsImpersonate-2-20260810-15:01:00-741515,AtkGsImpersonate,2,2,2,sha3,10,,,,6,static,50.0,120.0,50.0,120.0,0.0,0.0,module=UavAuthNetwork.uav[6]; config=AtkGsImpersonate
377,AtkGsImpersonate-2-20260810-15:01:00-741515,AtkGsImpersonate,2,2,2,sha3,10,,,,7,static,50.0,230.0,50.0,230.0,0.0,0.0,module=UavAuthNetwork.uav[7]; config=AtkGsImpersonate
378,AtkGsImpersonate-2-20260810-15:01:00-741515,AtkGsImpersonate,2,2,2,sha3,10,,,,8,static,500.0,120.0,500.0,120.0,0.0,0.0,module=UavAuthNetwork.uav[8]; config=AtkGsImpersonate
379,AtkGsImpersonate-2-20260810-15:01:00-741515,AtkGsImpersonate,2,2,2,sha3,10,,,,9,static,500.0,230.0,500.0,230.0,0.0,0.0,module=UavAuthNetwork.uav[9]; config=AtkGsImpersonate
380,AtkGsImpersonate-3-20260810-15:01:00-741515,AtkGsImpersonate,3,3,3,sha3,10,,,,0,static,100.0,50.0,100.0,50.0,0.0,0.0,module=UavAuthNetwork.uav[0]; config=AtkGsImpersonate
381,AtkGsImpersonate-3-20260810-15:01:00-741515,AtkGsImpersonate,3,3,3,sha3,10,,,,1,static,275.0,50.0,275.0,50.0,0.0,0.0,module=UavAuthNetwork.uav[1]; config=AtkGsImpersonate
382,AtkGsImpersonate-3-20260810-15:01:00-741515,AtkGsImpersonate,3,3,3,sha3,10,,,,2,static,450.0,50.0,450.0,50.0,0.0,0.0,module=UavAuthNetwork.uav[2]; config=AtkGsImpersonate
383,AtkGsImpersonate-3-20260810-15:01:00-741515,AtkGsImpersonate,3,3,3,sha3,10,,,,3,static,100.0,300.0,100.0,300.0,0.0,0.0,module=UavAuthNetwork.uav[3]; config=AtkGsImpersonate
384,AtkGsImpersonate-3-20260810-15:01:00-741515,AtkGsImpersonate,3,3,3,sha3,10,,,,4,static,275.0,300.0,275.0,300.0,0.0,0.0,module=UavAuthNetwork.uav[4]; config=AtkGsImpersonate
385,AtkGsImpersonate-3-20260810-15:01:00-741515,AtkGsImpersonate,3,3,3,sha3,10,,,,5,static,450.0,300.0,450.0,300.0,0.0,0.0,module=UavAuthNetwork.uav[5]; config=AtkGsImpersonate
386,AtkGsImpersonate-3-20260810-15:01:00-741515,AtkGsImpersonate,3,3,3,sha3,10,,,,6,static,50.0,120.0,50.0,120.0,0.0,0.0,module=UavAuthNetwork.uav[6]; config=AtkGsImpersonate
387,AtkGsImpersonate-3-20260810-15:01:00-741515,AtkGsImpersonate,3,3,3,sha3,10,,,,7,static,50.0,230.0,50.0,230.0,0.0,0.0,module=UavAuthNetwork.uav[7]; config=AtkGsImpersonate
388,AtkGsImpersonate-3-20260810-15:01:00-741515,AtkGsImpersonate,3,3,3,sha3,10,,,,8,static,500.0,120.0,500.0,120.0,0.0,0.0,module=UavAuthNetwork.uav[8]; config=AtkGsImpersonate
389,AtkGsImpersonate-3-20260810-15:01:00-741515,AtkGsImpersonate,3,3,3,sha3,10,,,,9,static,500.0,230.0,500.0,230.0,0.0,0.0,module=UavAuthNetwork.uav[9]; config=AtkGsImpersonate
390,AtkGsImpersonate-4-20260810-15:01:00-741515,AtkGsImpersonate,4,4,4,sha3,10,,,,0,static,100.0,50.0,100.0,50.0,0.0,0.0,module=UavAuthNetwork.uav[0]; config=AtkGsImpersonate
391,AtkGsImpersonate-4-20260810-15:01:00-741515,AtkGsImpersonate,4,4,4,sha3,10,,,,1,static,275.0,50.0,275.0,50.0,0.0,0.0,module=UavAuthNetwork.uav[1]; config=AtkGsImpersonate
392,AtkGsImpersonate-4-20260810-15:01:00-741515,AtkGsImpersonate,4,4,4,sha3,10,,,,2,static,450.0,50.0,450.0,50.0,0.0,0.0,module=UavAuthNetwork.uav[2]; config=AtkGsImpersonate
393,AtkGsImpersonate-4-20260810-15:01:00-741515,AtkGsImpersonate,4,4,4,sha3,10,,,,3,static,100.0,300.0,100.0,300.0,0.0,0.0,module=UavAuthNetwork.uav[3]; config=AtkGsImpersonate
394,AtkGsImpersonate-4-20260810-15:01:00-741515,AtkGsImpersonate,4,4,4,sha3,10,,,,4,static,275.0,300.0,275.0,300.0,0.0,0.0,module=UavAuthNetwork.uav[4]; config=AtkGsImpersonate
395,AtkGsImpersonate-4-20260810-15:01:00-741515,AtkGsImpersonate,4,4,4,sha3,10,,,,5,static,450.0,300.0,450.0,300.0,0.0,0.0,module=UavAuthNetwork.uav[5]; config=AtkGsImpersonate
396,AtkGsImpersonate-4-20260810-15:01:00-741515,AtkGsImpersonate,4,4,4,sha3,10,,,,6,static,50.0,120.0,50.0,120.0,0.0,0.0,module=UavAuthNetwork.uav[6]; config=AtkGsImpersonate
397,AtkGsImpersonate-4-20260810-15:01:00-741515,AtkGsImpersonate,4,4,4,sha3,10,,,,7,static,50.0,230.0,50.0,230.0,0.0,0.0,module=UavAuthNetwork.uav[7]; config=AtkGsImpersonate
398,AtkGsImpersonate-4-20260810-15:01:00-741515,AtkGsImpersonate,4,4,4,sha3,10,,,,8,static,500.0,120.0,500.0,120.0,0.0,0.0,module=UavAuthNetwork.uav[8]; config=AtkGsImpersonate
399,AtkGsImpersonate-4-20260810-15:01:00-741515,AtkGsImpersonate,4,4,4,sha3,10,,,,9,static,500.0,230.0,500.0,230.0,0.0,0.0,module=UavAuthNetwork.uav[9]; config=AtkGsImpersonate
400,AtkLegacyGsImpersonate-0-20260810-15:01:00-741517,AtkLegacyGsImpersonate,0,0,0,sha3,10,,,,0,static,100.0,50.0,100.0,50.0,0.0,0.0,module=UavAuthNetwork.uav[0]; config=AtkLegacyGsImpersonate
401,AtkLegacyGsImpersonate-0-20260810-15:01:00-741517,AtkLegacyGsImpersonate,0,0,0,sha3,10,,,,1,static,275.0,50.0,275.0,50.0,0.0,0.0,module=UavAuthNetwork.uav[1]; config=AtkLegacyGsImpersonate
402,AtkLegacyGsImpersonate-0-20260810-15:01:00-741517,AtkLegacyGsImpersonate,0,0,0,sha3,10,,,,2,static,450.0,50.0,450.0,50.0,0.0,0.0,module=UavAuthNetwork.uav[2]; config=AtkLegacyGsImpersonate
403,AtkLegacyGsImpersonate-0-20260810-15:01:00-741517,AtkLegacyGsImpersonate,0,0,0,sha3,10,,,,3,static,100.0,300.0,100.0,300.0,0.0,0.0,module=UavAuthNetwork.uav[3]; config=AtkLegacyGsImpersonate
404,AtkLegacyGsImpersonate-0-20260810-15:01:00-741517,AtkLegacyGsImpersonate,0,0,0,sha3,10,,,,4,static,275.0,300.0,275.0,300.0,0.0,0.0,module=UavAuthNetwork.uav[4]; config=AtkLegacyGsImpersonate
405,AtkLegacyGsImpersonate-0-20260810-15:01:00-741517,AtkLegacyGsImpersonate,0,0,0,sha3,10,,,,5,static,450.0,300.0,450.0,300.0,0.0,0.0,module=UavAuthNetwork.uav[5]; config=AtkLegacyGsImpersonate
406,AtkLegacyGsImpersonate-0-20260810-15:01:00-741517,AtkLegacyGsImpersonate,0,0,0,sha3,10,,,,6,static,50.0,120.0,50.0,120.0,0.0,0.0,module=UavAuthNetwork.uav[6]; config=AtkLegacyGsImpersonate
407,AtkLegacyGsImpersonate-0-20260810-15:01:00-741517,AtkLegacyGsImpersonate,0,0,0,sha3,10,,,,7,static,50.0,230.0,50.0,230.0,0.0,0.0,module=UavAuthNetwork.uav[7]; config=AtkLegacyGsImpersonate
408,AtkLegacyGsImpersonate-0-20260810-15:01:00-741517,AtkLegacyGsImpersonate,0,0,0,sha3,10,,,,8,static,500.0,120.0,500.0,120.0,0.0,0.0,module=UavAuthNetwork.uav[8]; config=AtkLegacyGsImpersonate
409,AtkLegacyGsImpersonate-0-20260810-15:01:00-741517,AtkLegacyGsImpersonate,0,0,0,sha3,10,,,,9,static,500.0,230.0,500.0,230.0,0.0,0.0,module=UavAuthNetwork.uav[9]; config=AtkLegacyGsImpersonate
410,AtkLegacyGsImpersonate-1-20260810-15:01:00-741517,AtkLegacyGsImpersonate,1,1,1,sha3,10,,,,0,static,100.0,50.0,100.0,50.0,0.0,0.0,module=UavAuthNetwork.uav[0]; config=AtkLegacyGsImpersonate
411,AtkLegacyGsImpersonate-1-20260810-15:01:00-741517,AtkLegacyGsImpersonate,1,1,1,sha3,10,,,,1,static,275.0,50.0,275.0,50.0,0.0,0.0,module=UavAuthNetwork.uav[1]; config=AtkLegacyGsImpersonate
412,AtkLegacyGsImpersonate-1-20260810-15:01:00-741517,AtkLegacyGsImpersonate,1,1,1,sha3,10,,,,2,static,450.0,50.0,450.0,50.0,0.0,0.0,module=UavAuthNetwork.uav[2]; config=AtkLegacyGsImpersonate
413,AtkLegacyGsImpersonate-1-20260810-15:01:00-741517,AtkLegacyGsImpersonate,1,1,1,sha3,10,,,,3,static,100.0,300.0,100.0,300.0,0.0,0.0,module=UavAuthNetwork.uav[3]; config=AtkLegacyGsImpersonate
414,AtkLegacyGsImpersonate-1-20260810-15:01:00-741517,AtkLegacyGsImpersonate,1,1,1,sha3,10,,,,4,static,275.0,300.0,275.0,300.0,0.0,0.0,module=UavAuthNetwork.uav[4]; config=AtkLegacyGsImpersonate
415,AtkLegacyGsImpersonate-1-20260810-15:01:00-741517,AtkLegacyGsImpersonate,1,1,1,sha3,10,,,,5,static,450.0,300.0,450.0,300.0,0.0,0.0,module=UavAuthNetwork.uav[5]; config=AtkLegacyGsImpersonate
416,AtkLegacyGsImpersonate-1-20260810-15:01:00-741517,AtkLegacyGsImpersonate,1,1,1,sha3,10,,,,6,static,50.0,120.0,50.0,120.0,0.0,0.0,module=UavAuthNetwork.uav[6]; config=AtkLegacyGsImpersonate
417,AtkLegacyGsImpersonate-1-20260810-15:01:00-741517,AtkLegacyGsImpersonate,1,1,1,sha3,10,,,,7,static,50.0,230.0,50.0,230.0,0.0,0.0,module=UavAuthNetwork.uav[7]; config=AtkLegacyGsImpersonate
418,AtkLegacyGsImpersonate-1-20260810-15:01:00-741517,AtkLegacyGsImpersonate,1,1,1,sha3,10,,,,8,static,500.0,120.0,500.0,120.0,0.0,0.0,module=UavAuthNetwork.uav[8]; config=AtkLegacyGsImpersonate
419,AtkLegacyGsImpersonate-1-20260810-15:01:00-741517,AtkLegacyGsImpersonate,1,1,1,sha3,10,,,,9,static,500.0,230.0,500.0,230.0,0.0,0.0,module=UavAuthNetwork.uav[9]; config=AtkLegacyGsImpersonate
420,AtkLegacyGsImpersonate-2-20260810-15:01:00-741517,AtkLegacyGsImpersonate,2,2,2,sha3,10,,,,0,static,100.0,50.0,100.0,50.0,0.0,0.0,module=UavAuthNetwork.uav[0]; config=AtkLegacyGsImpersonate
421,AtkLegacyGsImpersonate-2-20260810-15:01:00-741517,AtkLegacyGsImpersonate,2,2,2,sha3,10,,,,1,static,275.0,50.0,275.0,50.0,0.0,0.0,module=UavAuthNetwork.uav[1]; config=AtkLegacyGsImpersonate
422,AtkLegacyGsImpersonate-2-20260810-15:01:00-741517,AtkLegacyGsImpersonate,2,2,2,sha3,10,,,,2,static,450.0,50.0,450.0,50.0,0.0,0.0,module=UavAuthNetwork.uav[2]; config=AtkLegacyGsImpersonate
423,AtkLegacyGsImpersonate-2-20260810-15:01:00-741517,AtkLegacyGsImpersonate,2,2,2,sha3,10,,,,3,static,100.0,300.0,100.0,300.0,0.0,0.0,module=UavAuthNetwork.uav[3]; config=AtkLegacyGsImpersonate
424,AtkLegacyGsImpersonate-2-20260810-15:01:00-741517,AtkLegacyGsImpersonate,2,2,2,sha3,10,,,,4,static,275.0,300.0,275.0,300.0,0.0,0.0,module=UavAuthNetwork.uav[4]; config=AtkLegacyGsImpersonate
425,AtkLegacyGsImpersonate-2-20260810-15:01:00-741517,AtkLegacyGsImpersonate,2,2,2,sha3,10,,,,5,static,450.0,300.0,450.0,300.0,0.0,0.0,module=UavAuthNetwork.uav[5]; config=AtkLegacyGsImpersonate
426,AtkLegacyGsImpersonate-2-20260810-15:01:00-741517,AtkLegacyGsImpersonate,2,2,2,sha3,10,,,,6,static,50.0,120.0,50.0,120.0,0.0,0.0,module=UavAuthNetwork.uav[6]; config=AtkLegacyGsImpersonate
427,AtkLegacyGsImpersonate-2-20260810-15:01:00-741517,AtkLegacyGsImpersonate,2,2,2,sha3,10,,,,7,static,50.0,230.0,50.0,230.0,0.0,0.0,module=UavAuthNetwork.uav[7]; config=AtkLegacyGsImpersonate
428,AtkLegacyGsImpersonate-2-20260810-15:01:00-741517,AtkLegacyGsImpersonate,2,2,2,sha3,10,,,,8,static,500.0,120.0,500.0,120.0,0.0,0.0,module=UavAuthNetwork.uav[8]; config=AtkLegacyGsImpersonate
429,AtkLegacyGsImpersonate-2-20260810-15:01:00-741517,AtkLegacyGsImpersonate,2,2,2,sha3,10,,,,9,static,500.0,230.0,500.0,230.0,0.0,0.0,module=UavAuthNetwork.uav[9]; config=AtkLegacyGsImpersonate
430,AtkLegacyGsImpersonate-3-20260810-15:01:00-741517,AtkLegacyGsImpersonate,3,3,3,sha3,10,,,,0,static,100.0,50.0,100.0,50.0,0.0,0.0,module=UavAuthNetwork.uav[0]; config=AtkLegacyGsImpersonate
431,AtkLegacyGsImpersonate-3-20260810-15:01:00-741517,AtkLegacyGsImpersonate,3,3,3,sha3,10,,,,1,static,275.0,50.0,275.0,50.0,0.0,0.0,module=UavAuthNetwork.uav[1]; config=AtkLegacyGsImpersonate
432,AtkLegacyGsImpersonate-3-20260810-15:01:00-741517,AtkLegacyGsImpersonate,3,3,3,sha3,10,,,,2,static,450.0,50.0,450.0,50.0,0.0,0.0,module=UavAuthNetwork.uav[2]; config=AtkLegacyGsImpersonate
433,AtkLegacyGsImpersonate-3-20260810-15:01:00-741517,AtkLegacyGsImpersonate,3,3,3,sha3,10,,,,3,static,100.0,300.0,100.0,300.0,0.0,0.0,module=UavAuthNetwork.uav[3]; config=AtkLegacyGsImpersonate
434,AtkLegacyGsImpersonate-3-20260810-15:01:00-741517,AtkLegacyGsImpersonate,3,3,3,sha3,10,,,,4,static,275.0,300.0,275.0,300.0,0.0,0.0,module=UavAuthNetwork.uav[4]; config=AtkLegacyGsImpersonate
435,AtkLegacyGsImpersonate-3-20260810-15:01:00-741517,AtkLegacyGsImpersonate,3,3,3,sha3,10,,,,5,static,450.0,300.0,450.0,300.0,0.0,0.0,module=UavAuthNetwork.uav[5]; config=AtkLegacyGsImpersonate
436,AtkLegacyGsImpersonate-3-20260810-15:01:00-741517,AtkLegacyGsImpersonate,3,3,3,sha3,10,,,,6,static,50.0,120.0,50.0,120.0,0.0,0.0,module=UavAuthNetwork.uav[6]; config=AtkLegacyGsImpersonate
437,AtkLegacyGsImpersonate-3-20260810-15:01:00-741517,AtkLegacyGsImpersonate,3,3,3,sha3,10,,,,7,static,50.0,230.0,50.0,230.0,0.0,0.0,module=UavAuthNetwork.uav[7]; config=AtkLegacyGsImpersonate
438,AtkLegacyGsImpersonate-3-20260810-15:01:00-741517,AtkLegacyGsImpersonate,3,3,3,sha3,10,,,,8,static,500.0,120.0,500.0,120.0,0.0,0.0,module=UavAuthNetwork.uav[8]; config=AtkLegacyGsImpersonate
439,AtkLegacyGsImpersonate-3-20260810-15:01:00-741517,AtkLegacyGsImpersonate,3,3,3,sha3,10,,,,9,static,500.0,230.0,500.0,230.0,0.0,0.0,module=UavAuthNetwork.uav[9]; config=AtkLegacyGsImpersonate
440,AtkLegacyGsImpersonate-4-20260810-15:01:00-741517,AtkLegacyGsImpersonate,4,4,4,sha3,10,,,,0,static,100.0,50.0,100.0,50.0,0.0,0.0,module=UavAuthNetwork.uav[0]; config=AtkLegacyGsImpersonate
441,AtkLegacyGsImpersonate-4-20260810-15:01:00-741517,AtkLegacyGsImpersonate,4,4,4,sha3,10,,,,1,static,275.0,50.0,275.0,50.0,0.0,0.0,module=UavAuthNetwork.uav[1]; config=AtkLegacyGsImpersonate
442,AtkLegacyGsImpersonate-4-20260810-15:01:00-741517,AtkLegacyGsImpersonate,4,4,4,sha3,10,,,,2,static,450.0,50.0,450.0,50.0,0.0,0.0,module=UavAuthNetwork.uav[2]; config=AtkLegacyGsImpersonate
443,AtkLegacyGsImpersonate-4-20260810-15:01:00-741517,AtkLegacyGsImpersonate,4,4,4,sha3,10,,,,3,static,100.0,300.0,100.0,300.0,0.0,0.0,module=UavAuthNetwork.uav[3]; config=AtkLegacyGsImpersonate
444,AtkLegacyGsImpersonate-4-20260810-15:01:00-741517,AtkLegacyGsImpersonate,4,4,4,sha3,10,,,,4,static,275.0,300.0,275.0,300.0,0.0,0.0,module=UavAuthNetwork.uav[4]; config=AtkLegacyGsImpersonate
445,AtkLegacyGsImpersonate-4-20260810-15:01:00-741517,AtkLegacyGsImpersonate,4,4,4,sha3,10,,,,5,static,450.0,300.0,450.0,300.0,0.0,0.0,module=UavAuthNetwork.uav[5]; config=AtkLegacyGsImpersonate
446,AtkLegacyGsImpersonate-4-20260810-15:01:00-741517,AtkLegacyGsImpersonate,4,4,4,sha3,10,,,,6,static,50.0,120.0,50.0,120.0,0.0,0.0,module=UavAuthNetwork.uav[6]; config=AtkLegacyGsImpersonate
447,AtkLegacyGsImpersonate-4-20260810-15:01:00-741517,AtkLegacyGsImpersonate,4,4,4,sha3,10,,,,7,static,50.0,230.0,50.0,230.0,0.0,0.0,module=UavAuthNetwork.uav[7]; config=AtkLegacyGsImpersonate
448,AtkLegacyGsImpersonate-4-20260810-15:01:00-741517,AtkLegacyGsImpersonate,4,4,4,sha3,10,,,,8,static,500.0,120.0,500.0,120.0,0.0,0.0,module=UavAuthNetwork.uav[8]; config=AtkLegacyGsImpersonate
449,AtkLegacyGsImpersonate-4-20260810-15:01:00-741517,AtkLegacyGsImpersonate,4,4,4,sha3,10,,,,9,static,500.0,230.0,500.0,230.0,0.0,0.0,module=UavAuthNetwork.uav[9]; config=AtkLegacyGsImpersonate
450,AtkReplayM1-0-20260810-15:01:00-741519,AtkReplayM1,0,0,0,sha3,10,,,,0,static,100.0,50.0,100.0,50.0,0.0,1.501599,module=UavAuthNetwork.uav[0]; config=AtkReplayM1
451,AtkReplayM1-0-20260810-15:01:00-741519,AtkReplayM1,0,0,0,sha3,10,,,,1,static,275.0,50.0,275.0,50.0,0.0,1.491296,module=UavAuthNetwork.uav[1]; config=AtkReplayM1
452,AtkReplayM1-0-20260810-15:01:00-741519,AtkReplayM1,0,0,0,sha3,10,,,,2,static,450.0,50.0,450.0,50.0,0.0,1.498676,module=UavAuthNetwork.uav[2]; config=AtkReplayM1
453,AtkReplayM1-0-20260810-15:01:00-741519,AtkReplayM1,0,0,0,sha3,10,,,,3,static,100.0,300.0,100.0,300.0,0.0,1.498183,module=UavAuthNetwork.uav[3]; config=AtkReplayM1
454,AtkReplayM1-0-20260810-15:01:00-741519,AtkReplayM1,0,0,0,sha3,10,,,,4,static,275.0,300.0,275.0,300.0,0.0,1.544853,module=UavAuthNetwork.uav[4]; config=AtkReplayM1
455,AtkReplayM1-0-20260810-15:01:00-741519,AtkReplayM1,0,0,0,sha3,10,,,,5,static,450.0,300.0,450.0,300.0,0.0,1.488871,module=UavAuthNetwork.uav[5]; config=AtkReplayM1
456,AtkReplayM1-0-20260810-15:01:00-741519,AtkReplayM1,0,0,0,sha3,10,,,,6,static,50.0,120.0,50.0,120.0,0.0,1.52871,module=UavAuthNetwork.uav[6]; config=AtkReplayM1
457,AtkReplayM1-0-20260810-15:01:00-741519,AtkReplayM1,0,0,0,sha3,10,,,,7,static,50.0,230.0,50.0,230.0,0.0,1.501096,module=UavAuthNetwork.uav[7]; config=AtkReplayM1
458,AtkReplayM1-0-20260810-15:01:00-741519,AtkReplayM1,0,0,0,sha3,10,,,,8,static,500.0,120.0,500.0,120.0,0.0,1.526595,module=UavAuthNetwork.uav[8]; config=AtkReplayM1
459,AtkReplayM1-0-20260810-15:01:00-741519,AtkReplayM1,0,0,0,sha3,10,,,,9,static,500.0,230.0,500.0,230.0,0.0,1.50587,module=UavAuthNetwork.uav[9]; config=AtkReplayM1
460,AtkReplayM1-1-20260810-15:01:00-741519,AtkReplayM1,1,1,1,sha3,10,,,,0,static,100.0,50.0,100.0,50.0,0.0,1.514138,module=UavAuthNetwork.uav[0]; config=AtkReplayM1
461,AtkReplayM1-1-20260810-15:01:00-741519,AtkReplayM1,1,1,1,sha3,10,,,,1,static,275.0,50.0,275.0,50.0,0.0,1.523448,module=UavAuthNetwork.uav[1]; config=AtkReplayM1
462,AtkReplayM1-1-20260810-15:01:00-741519,AtkReplayM1,1,1,1,sha3,10,,,,2,static,450.0,50.0,450.0,50.0,0.0,1.521758,module=UavAuthNetwork.uav[2]; config=AtkReplayM1
463,AtkReplayM1-1-20260810-15:01:00-741519,AtkReplayM1,1,1,1,sha3,10,,,,3,static,100.0,300.0,100.0,300.0,0.0,1.517777,module=UavAuthNetwork.uav[3]; config=AtkReplayM1
464,AtkReplayM1-1-20260810-15:01:00-741519,AtkReplayM1,1,1,1,sha3,10,,,,4,static,275.0,300.0,275.0,300.0,0.0,1.541254,module=UavAuthNetwork.uav[4]; config=AtkReplayM1
465,AtkReplayM1-1-20260810-15:01:00-741519,AtkReplayM1,1,1,1,sha3,10,,,,5,static,450.0,300.0,450.0,300.0,0.0,1.479493,module=UavAuthNetwork.uav[5]; config=AtkReplayM1
466,AtkReplayM1-1-20260810-15:01:00-741519,AtkReplayM1,1,1,1,sha3,10,,,,6,static,50.0,120.0,50.0,120.0,0.0,1.518445,module=UavAuthNetwork.uav[6]; config=AtkReplayM1
467,AtkReplayM1-1-20260810-15:01:00-741519,AtkReplayM1,1,1,1,sha3,10,,,,7,static,50.0,230.0,50.0,230.0,0.0,1.504223,module=UavAuthNetwork.uav[7]; config=AtkReplayM1
468,AtkReplayM1-1-20260810-15:01:00-741519,AtkReplayM1,1,1,1,sha3,10,,,,8,static,500.0,120.0,500.0,120.0,0.0,1.529446,module=UavAuthNetwork.uav[8]; config=AtkReplayM1
469,AtkReplayM1-1-20260810-15:01:00-741519,AtkReplayM1,1,1,1,sha3,10,,,,9,static,500.0,230.0,500.0,230.0,0.0,1.547595,module=UavAuthNetwork.uav[9]; config=AtkReplayM1
470,AtkReplayM1-2-20260810-15:01:00-741519,AtkReplayM1,2,2,2,sha3,10,,,,0,static,100.0,50.0,100.0,50.0,0.0,1.511087,module=UavAuthNetwork.uav[0]; config=AtkReplayM1
471,AtkReplayM1-2-20260810-15:01:00-741519,AtkReplayM1,2,2,2,sha3,10,,,,1,static,275.0,50.0,275.0,50.0,0.0,1.519461,module=UavAuthNetwork.uav[1]; config=AtkReplayM1
472,AtkReplayM1-2-20260810-15:01:00-741519,AtkReplayM1,2,2,2,sha3,10,,,,2,static,450.0,50.0,450.0,50.0,0.0,1.478246,module=UavAuthNetwork.uav[2]; config=AtkReplayM1
473,AtkReplayM1-2-20260810-15:01:00-741519,AtkReplayM1,2,2,2,sha3,10,,,,3,static,100.0,300.0,100.0,300.0,0.0,1.526199,module=UavAuthNetwork.uav[3]; config=AtkReplayM1
474,AtkReplayM1-2-20260810-15:01:00-741519,AtkReplayM1,2,2,2,sha3,10,,,,4,static,275.0,300.0,275.0,300.0,0.0,1.522218,module=UavAuthNetwork.uav[4]; config=AtkReplayM1
475,AtkReplayM1-2-20260810-15:01:00-741519,AtkReplayM1,2,2,2,sha3,10,,,,5,static,450.0,300.0,450.0,300.0,0.0,1.495566,module=UavAuthNetwork.uav[5]; config=AtkReplayM1
476,AtkReplayM1-2-20260810-15:01:00-741519,AtkReplayM1,2,2,2,sha3,10,,,,6,static,50.0,120.0,50.0,120.0,0.0,1.510655,module=UavAuthNetwork.uav[6]; config=AtkReplayM1
477,AtkReplayM1-2-20260810-15:01:00-741519,AtkReplayM1,2,2,2,sha3,10,,,,7,static,50.0,230.0,50.0,230.0,0.0,1.469177,module=UavAuthNetwork.uav[7]; config=AtkReplayM1
478,AtkReplayM1-2-20260810-15:01:00-741519,AtkReplayM1,2,2,2,sha3,10,,,,8,static,500.0,120.0,500.0,120.0,0.0,1.506071,module=UavAuthNetwork.uav[8]; config=AtkReplayM1
479,AtkReplayM1-2-20260810-15:01:00-741519,AtkReplayM1,2,2,2,sha3,10,,,,9,static,500.0,230.0,500.0,230.0,0.0,1.530934,module=UavAuthNetwork.uav[9]; config=AtkReplayM1
480,AtkReplayM1-3-20260810-15:01:01-741519,AtkReplayM1,3,3,3,sha3,10,,,,0,static,100.0,50.0,100.0,50.0,0.0,1.51785,module=UavAuthNetwork.uav[0]; config=AtkReplayM1
481,AtkReplayM1-3-20260810-15:01:01-741519,AtkReplayM1,3,3,3,sha3,10,,,,1,static,275.0,50.0,275.0,50.0,0.0,1.482359,module=UavAuthNetwork.uav[1]; config=AtkReplayM1
482,AtkReplayM1-3-20260810-15:01:01-741519,AtkReplayM1,3,3,3,sha3,10,,,,2,static,450.0,50.0,450.0,50.0,0.0,1.480848,module=UavAuthNetwork.uav[2]; config=AtkReplayM1
483,AtkReplayM1-3-20260810-15:01:01-741519,AtkReplayM1,3,3,3,sha3,10,,,,3,static,100.0,300.0,100.0,300.0,0.0,1.509612,module=UavAuthNetwork.uav[3]; config=AtkReplayM1
484,AtkReplayM1-3-20260810-15:01:01-741519,AtkReplayM1,3,3,3,sha3,10,,,,4,static,275.0,300.0,275.0,300.0,0.0,1.493161,module=UavAuthNetwork.uav[4]; config=AtkReplayM1
485,AtkReplayM1-3-20260810-15:01:01-741519,AtkReplayM1,3,3,3,sha3,10,,,,5,static,450.0,300.0,450.0,300.0,0.0,1.492719,module=UavAuthNetwork.uav[5]; config=AtkReplayM1
486,AtkReplayM1-3-20260810-15:01:01-741519,AtkReplayM1,3,3,3,sha3,10,,,,6,static,50.0,120.0,50.0,120.0,0.0,1.470353,module=UavAuthNetwork.uav[6]; config=AtkReplayM1
487,AtkReplayM1-3-20260810-15:01:01-741519,AtkReplayM1,3,3,3,sha3,10,,,,7,static,50.0,230.0,50.0,230.0,0.0,1.512988,module=UavAuthNetwork.uav[7]; config=AtkReplayM1
488,AtkReplayM1-3-20260810-15:01:01-741519,AtkReplayM1,3,3,3,sha3,10,,,,8,static,500.0,120.0,500.0,120.0,0.0,1.461276,module=UavAuthNetwork.uav[8]; config=AtkReplayM1
489,AtkReplayM1-3-20260810-15:01:01-741519,AtkReplayM1,3,3,3,sha3,10,,,,9,static,500.0,230.0,500.0,230.0,0.0,1.468846,module=UavAuthNetwork.uav[9]; config=AtkReplayM1
490,AtkReplayM1-4-20260810-15:01:01-741519,AtkReplayM1,4,4,4,sha3,10,,,,0,static,100.0,50.0,100.0,50.0,0.0,1.524492,module=UavAuthNetwork.uav[0]; config=AtkReplayM1
491,AtkReplayM1-4-20260810-15:01:01-741519,AtkReplayM1,4,4,4,sha3,10,,,,1,static,275.0,50.0,275.0,50.0,0.0,1.500204,module=UavAuthNetwork.uav[1]; config=AtkReplayM1
492,AtkReplayM1-4-20260810-15:01:01-741519,AtkReplayM1,4,4,4,sha3,10,,,,2,static,450.0,50.0,450.0,50.0,0.0,1.480899,module=UavAuthNetwork.uav[2]; config=AtkReplayM1
493,AtkReplayM1-4-20260810-15:01:01-741519,AtkReplayM1,4,4,4,sha3,10,,,,3,static,100.0,300.0,100.0,300.0,0.0,1.466439,module=UavAuthNetwork.uav[3]; config=AtkReplayM1
494,AtkReplayM1-4-20260810-15:01:01-741519,AtkReplayM1,4,4,4,sha3,10,,,,4,static,275.0,300.0,275.0,300.0,0.0,1.519958,module=UavAuthNetwork.uav[4]; config=AtkReplayM1
495,AtkReplayM1-4-20260810-15:01:01-741519,AtkReplayM1,4,4,4,sha3,10,,,,5,static,450.0,300.0,450.0,300.0,0.0,1.486782,module=UavAuthNetwork.uav[5]; config=AtkReplayM1
496,AtkReplayM1-4-20260810-15:01:01-741519,AtkReplayM1,4,4,4,sha3,10,,,,6,static,50.0,120.0,50.0,120.0,0.0,1.513665,module=UavAuthNetwork.uav[6]; config=AtkReplayM1
497,AtkReplayM1-4-20260810-15:01:01-741519,AtkReplayM1,4,4,4,sha3,10,,,,7,static,50.0,230.0,50.0,230.0,0.0,1.560073,module=UavAuthNetwork.uav[7]; config=AtkReplayM1
498,AtkReplayM1-4-20260810-15:01:01-741519,AtkReplayM1,4,4,4,sha3,10,,,,8,static,500.0,120.0,500.0,120.0,0.0,1.485853,module=UavAuthNetwork.uav[8]; config=AtkReplayM1
499,AtkReplayM1-4-20260810-15:01:01-741519,AtkReplayM1,4,4,4,sha3,10,,,,9,static,500.0,230.0,500.0,230.0,0.0,1.504491,module=UavAuthNetwork.uav[9]; config=AtkReplayM1
500,Baseline5UAV-0-20260810-14:59:38-740110,Baseline5UAV,0,0,0,sha3,5,,,,0,static,100.0,50.0,100.0,50.0,0.0,1.132923,module=UavAuthNetwork.uav[0]; config=Baseline5UAV
501,Baseline5UAV-0-20260810-14:59:38-740110,Baseline5UAV,0,0,0,sha3,5,,,,1,static,275.0,50.0,275.0,50.0,0.0,1.164044,module=UavAuthNetwork.uav[1]; config=Baseline5UAV
502,Baseline5UAV-0-20260810-14:59:38-740110,Baseline5UAV,0,0,0,sha3,5,,,,2,static,450.0,50.0,450.0,50.0,0.0,1.138285,module=UavAuthNetwork.uav[2]; config=Baseline5UAV
503,Baseline5UAV-0-20260810-14:59:38-740110,Baseline5UAV,0,0,0,sha3,5,,,,3,static,100.0,300.0,100.0,300.0,0.0,1.169968,module=UavAuthNetwork.uav[3]; config=Baseline5UAV
504,Baseline5UAV-0-20260810-14:59:38-740110,Baseline5UAV,0,0,0,sha3,5,,,,4,static,275.0,300.0,275.0,300.0,0.0,1.14283,module=UavAuthNetwork.uav[4]; config=Baseline5UAV
505,Baseline5UAV-1-20260810-14:59:38-740110,Baseline5UAV,1,1,1,sha3,5,,,,0,static,100.0,50.0,100.0,50.0,0.0,1.109091,module=UavAuthNetwork.uav[0]; config=Baseline5UAV
506,Baseline5UAV-1-20260810-14:59:38-740110,Baseline5UAV,1,1,1,sha3,5,,,,1,static,275.0,50.0,275.0,50.0,0.0,1.146856,module=UavAuthNetwork.uav[1]; config=Baseline5UAV
507,Baseline5UAV-1-20260810-14:59:38-740110,Baseline5UAV,1,1,1,sha3,5,,,,2,static,450.0,50.0,450.0,50.0,0.0,1.13328,module=UavAuthNetwork.uav[2]; config=Baseline5UAV
508,Baseline5UAV-1-20260810-14:59:38-740110,Baseline5UAV,1,1,1,sha3,5,,,,3,static,100.0,300.0,100.0,300.0,0.0,1.182818,module=UavAuthNetwork.uav[3]; config=Baseline5UAV
509,Baseline5UAV-1-20260810-14:59:38-740110,Baseline5UAV,1,1,1,sha3,5,,,,4,static,275.0,300.0,275.0,300.0,0.0,1.158792,module=UavAuthNetwork.uav[4]; config=Baseline5UAV
510,Baseline5UAV-10-20260810-14:59:38-740110,Baseline5UAV,10,10,10,sha3,5,,,,0,static,100.0,50.0,100.0,50.0,0.0,1.166278,module=UavAuthNetwork.uav[0]; config=Baseline5UAV
511,Baseline5UAV-10-20260810-14:59:38-740110,Baseline5UAV,10,10,10,sha3,5,,,,1,static,275.0,50.0,275.0,50.0,0.0,1.145061,module=UavAuthNetwork.uav[1]; config=Baseline5UAV
512,Baseline5UAV-10-20260810-14:59:38-740110,Baseline5UAV,10,10,10,sha3,5,,,,2,static,450.0,50.0,450.0,50.0,0.0,1.144537,module=UavAuthNetwork.uav[2]; config=Baseline5UAV
513,Baseline5UAV-10-20260810-14:59:38-740110,Baseline5UAV,10,10,10,sha3,5,,,,3,static,100.0,300.0,100.0,300.0,0.0,1.151022,module=UavAuthNetwork.uav[3]; config=Baseline5UAV
514,Baseline5UAV-10-20260810-14:59:38-740110,Baseline5UAV,10,10,10,sha3,5,,,,4,static,275.0,300.0,275.0,300.0,0.0,1.117663,module=UavAuthNetwork.uav[4]; config=Baseline5UAV
515,Baseline5UAV-11-20260810-14:59:38-740110,Baseline5UAV,11,11,11,sha3,5,,,,0,static,100.0,50.0,100.0,50.0,0.0,1.12415,module=UavAuthNetwork.uav[0]; config=Baseline5UAV
516,Baseline5UAV-11-20260810-14:59:38-740110,Baseline5UAV,11,11,11,sha3,5,,,,1,static,275.0,50.0,275.0,50.0,0.0,1.125621,module=UavAuthNetwork.uav[1]; config=Baseline5UAV
517,Baseline5UAV-11-20260810-14:59:38-740110,Baseline5UAV,11,11,11,sha3,5,,,,2,static,450.0,50.0,450.0,50.0,0.0,1.105438,module=UavAuthNetwork.uav[2]; config=Baseline5UAV
518,Baseline5UAV-11-20260810-14:59:38-740110,Baseline5UAV,11,11,11,sha3,5,,,,3,static,100.0,300.0,100.0,300.0,0.0,1.19542,module=UavAuthNetwork.uav[3]; config=Baseline5UAV
519,Baseline5UAV-11-20260810-14:59:38-740110,Baseline5UAV,11,11,11,sha3,5,,,,4,static,275.0,300.0,275.0,300.0,0.0,1.122025,module=UavAuthNetwork.uav[4]; config=Baseline5UAV
520,Baseline5UAV-12-20260810-14:59:39-740110,Baseline5UAV,12,12,12,sha3,5,,,,0,static,100.0,50.0,100.0,50.0,0.0,1.163516,module=UavAuthNetwork.uav[0]; config=Baseline5UAV
521,Baseline5UAV-12-20260810-14:59:39-740110,Baseline5UAV,12,12,12,sha3,5,,,,1,static,275.0,50.0,275.0,50.0,0.0,1.138882,module=UavAuthNetwork.uav[1]; config=Baseline5UAV
522,Baseline5UAV-12-20260810-14:59:39-740110,Baseline5UAV,12,12,12,sha3,5,,,,2,static,450.0,50.0,450.0,50.0,0.0,1.162132,module=UavAuthNetwork.uav[2]; config=Baseline5UAV
523,Baseline5UAV-12-20260810-14:59:39-740110,Baseline5UAV,12,12,12,sha3,5,,,,3,static,100.0,300.0,100.0,300.0,0.0,1.098517,module=UavAuthNetwork.uav[3]; config=Baseline5UAV
524,Baseline5UAV-12-20260810-14:59:39-740110,Baseline5UAV,12,12,12,sha3,5,,,,4,static,275.0,300.0,275.0,300.0,0.0,1.163215,module=UavAuthNetwork.uav[4]; config=Baseline5UAV
525,Baseline5UAV-13-20260810-14:59:39-740110,Baseline5UAV,13,13,13,sha3,5,,,,0,static,100.0,50.0,100.0,50.0,0.0,1.137385,module=UavAuthNetwork.uav[0]; config=Baseline5UAV
526,Baseline5UAV-13-20260810-14:59:39-740110,Baseline5UAV,13,13,13,sha3,5,,,,1,static,275.0,50.0,275.0,50.0,0.0,1.142929,module=UavAuthNetwork.uav[1]; config=Baseline5UAV
527,Baseline5UAV-13-20260810-14:59:39-740110,Baseline5UAV,13,13,13,sha3,5,,,,2,static,450.0,50.0,450.0,50.0,0.0,1.124325,module=UavAuthNetwork.uav[2]; config=Baseline5UAV
528,Baseline5UAV-13-20260810-14:59:39-740110,Baseline5UAV,13,13,13,sha3,5,,,,3,static,100.0,300.0,100.0,300.0,0.0,1.09929,module=UavAuthNetwork.uav[3]; config=Baseline5UAV
529,Baseline5UAV-13-20260810-14:59:39-740110,Baseline5UAV,13,13,13,sha3,5,,,,4,static,275.0,300.0,275.0,300.0,0.0,1.10846,module=UavAuthNetwork.uav[4]; config=Baseline5UAV
530,Baseline5UAV-14-20260810-14:59:39-740110,Baseline5UAV,14,14,14,sha3,5,,,,0,static,100.0,50.0,100.0,50.0,0.0,1.184441,module=UavAuthNetwork.uav[0]; config=Baseline5UAV
531,Baseline5UAV-14-20260810-14:59:39-740110,Baseline5UAV,14,14,14,sha3,5,,,,1,static,275.0,50.0,275.0,50.0,0.0,1.124418,module=UavAuthNetwork.uav[1]; config=Baseline5UAV
532,Baseline5UAV-14-20260810-14:59:39-740110,Baseline5UAV,14,14,14,sha3,5,,,,2,static,450.0,50.0,450.0,50.0,0.0,1.109945,module=UavAuthNetwork.uav[2]; config=Baseline5UAV
533,Baseline5UAV-14-20260810-14:59:39-740110,Baseline5UAV,14,14,14,sha3,5,,,,3,static,100.0,300.0,100.0,300.0,0.0,1.120853,module=UavAuthNetwork.uav[3]; config=Baseline5UAV
534,Baseline5UAV-14-20260810-14:59:39-740110,Baseline5UAV,14,14,14,sha3,5,,,,4,static,275.0,300.0,275.0,300.0,0.0,1.143482,module=UavAuthNetwork.uav[4]; config=Baseline5UAV
535,Baseline5UAV-15-20260810-14:59:39-740110,Baseline5UAV,15,15,15,sha3,5,,,,0,static,100.0,50.0,100.0,50.0,0.0,1.151788,module=UavAuthNetwork.uav[0]; config=Baseline5UAV
536,Baseline5UAV-15-20260810-14:59:39-740110,Baseline5UAV,15,15,15,sha3,5,,,,1,static,275.0,50.0,275.0,50.0,0.0,1.161655,module=UavAuthNetwork.uav[1]; config=Baseline5UAV
537,Baseline5UAV-15-20260810-14:59:39-740110,Baseline5UAV,15,15,15,sha3,5,,,,2,static,450.0,50.0,450.0,50.0,0.0,1.133429,module=UavAuthNetwork.uav[2]; config=Baseline5UAV
538,Baseline5UAV-15-20260810-14:59:39-740110,Baseline5UAV,15,15,15,sha3,5,,,,3,static,100.0,300.0,100.0,300.0,0.0,1.137,module=UavAuthNetwork.uav[3]; config=Baseline5UAV
539,Baseline5UAV-15-20260810-14:59:39-740110,Baseline5UAV,15,15,15,sha3,5,,,,4,static,275.0,300.0,275.0,300.0,0.0,1.119544,module=UavAuthNetwork.uav[4]; config=Baseline5UAV
540,Baseline5UAV-16-20260810-14:59:39-740110,Baseline5UAV,16,16,16,sha3,5,,,,0,static,100.0,50.0,100.0,50.0,0.0,1.193822,module=UavAuthNetwork.uav[0]; config=Baseline5UAV
541,Baseline5UAV-16-20260810-14:59:39-740110,Baseline5UAV,16,16,16,sha3,5,,,,1,static,275.0,50.0,275.0,50.0,0.0,1.174828,module=UavAuthNetwork.uav[1]; config=Baseline5UAV
542,Baseline5UAV-16-20260810-14:59:39-740110,Baseline5UAV,16,16,16,sha3,5,,,,2,static,450.0,50.0,450.0,50.0,0.0,1.163871,module=UavAuthNetwork.uav[2]; config=Baseline5UAV
543,Baseline5UAV-16-20260810-14:59:39-740110,Baseline5UAV,16,16,16,sha3,5,,,,3,static,100.0,300.0,100.0,300.0,0.0,1.124394,module=UavAuthNetwork.uav[3]; config=Baseline5UAV
544,Baseline5UAV-16-20260810-14:59:39-740110,Baseline5UAV,16,16,16,sha3,5,,,,4,static,275.0,300.0,275.0,300.0,0.0,1.133659,module=UavAuthNetwork.uav[4]; config=Baseline5UAV
545,Baseline5UAV-17-20260810-14:59:39-740110,Baseline5UAV,17,17,17,sha3,5,,,,0,static,100.0,50.0,100.0,50.0,0.0,1.184152,module=UavAuthNetwork.uav[0]; config=Baseline5UAV
546,Baseline5UAV-17-20260810-14:59:39-740110,Baseline5UAV,17,17,17,sha3,5,,,,1,static,275.0,50.0,275.0,50.0,0.0,1.169538,module=UavAuthNetwork.uav[1]; config=Baseline5UAV
547,Baseline5UAV-17-20260810-14:59:39-740110,Baseline5UAV,17,17,17,sha3,5,,,,2,static,450.0,50.0,450.0,50.0,0.0,1.162399,module=UavAuthNetwork.uav[2]; config=Baseline5UAV
548,Baseline5UAV-17-20260810-14:59:39-740110,Baseline5UAV,17,17,17,sha3,5,,,,3,static,100.0,300.0,100.0,300.0,0.0,1.154715,module=UavAuthNetwork.uav[3]; config=Baseline5UAV
549,Baseline5UAV-17-20260810-14:59:39-740110,Baseline5UAV,17,17,17,sha3,5,,,,4,static,275.0,300.0,275.0,300.0,0.0,1.170646,module=UavAuthNetwork.uav[4]; config=Baseline5UAV
550,Baseline5UAV-18-20260810-14:59:39-740110,Baseline5UAV,18,18,18,sha3,5,,,,0,static,100.0,50.0,100.0,50.0,0.0,1.15584,module=UavAuthNetwork.uav[0]; config=Baseline5UAV
551,Baseline5UAV-18-20260810-14:59:39-740110,Baseline5UAV,18,18,18,sha3,5,,,,1,static,275.0,50.0,275.0,50.0,0.0,1.13224,module=UavAuthNetwork.uav[1]; config=Baseline5UAV
552,Baseline5UAV-18-20260810-14:59:39-740110,Baseline5UAV,18,18,18,sha3,5,,,,2,static,450.0,50.0,450.0,50.0,0.0,1.129942,module=UavAuthNetwork.uav[2]; config=Baseline5UAV
553,Baseline5UAV-18-20260810-14:59:39-740110,Baseline5UAV,18,18,18,sha3,5,,,,3,static,100.0,300.0,100.0,300.0,0.0,1.146723,module=UavAuthNetwork.uav[3]; config=Baseline5UAV
554,Baseline5UAV-18-20260810-14:59:39-740110,Baseline5UAV,18,18,18,sha3,5,,,,4,static,275.0,300.0,275.0,300.0,0.0,1.134456,module=UavAuthNetwork.uav[4]; config=Baseline5UAV
555,Baseline5UAV-19-20260810-14:59:39-740110,Baseline5UAV,19,19,19,sha3,5,,,,0,static,100.0,50.0,100.0,50.0,0.0,1.143215,module=UavAuthNetwork.uav[0]; config=Baseline5UAV
556,Baseline5UAV-19-20260810-14:59:39-740110,Baseline5UAV,19,19,19,sha3,5,,,,1,static,275.0,50.0,275.0,50.0,0.0,1.169595,module=UavAuthNetwork.uav[1]; config=Baseline5UAV
557,Baseline5UAV-19-20260810-14:59:39-740110,Baseline5UAV,19,19,19,sha3,5,,,,2,static,450.0,50.0,450.0,50.0,0.0,1.189645,module=UavAuthNetwork.uav[2]; config=Baseline5UAV
558,Baseline5UAV-19-20260810-14:59:39-740110,Baseline5UAV,19,19,19,sha3,5,,,,3,static,100.0,300.0,100.0,300.0,0.0,1.137003,module=UavAuthNetwork.uav[3]; config=Baseline5UAV
559,Baseline5UAV-19-20260810-14:59:39-740110,Baseline5UAV,19,19,19,sha3,5,,,,4,static,275.0,300.0,275.0,300.0,0.0,1.135011,module=UavAuthNetwork.uav[4]; config=Baseline5UAV
560,Baseline5UAV-2-20260810-14:59:38-740110,Baseline5UAV,2,2,2,sha3,5,,,,0,static,100.0,50.0,100.0,50.0,0.0,1.162004,module=UavAuthNetwork.uav[0]; config=Baseline5UAV
561,Baseline5UAV-2-20260810-14:59:38-740110,Baseline5UAV,2,2,2,sha3,5,,,,1,static,275.0,50.0,275.0,50.0,0.0,1.181692,module=UavAuthNetwork.uav[1]; config=Baseline5UAV
562,Baseline5UAV-2-20260810-14:59:38-740110,Baseline5UAV,2,2,2,sha3,5,,,,2,static,450.0,50.0,450.0,50.0,0.0,1.142688,module=UavAuthNetwork.uav[2]; config=Baseline5UAV
563,Baseline5UAV-2-20260810-14:59:38-740110,Baseline5UAV,2,2,2,sha3,5,,,,3,static,100.0,300.0,100.0,300.0,0.0,1.15658,module=UavAuthNetwork.uav[3]; config=Baseline5UAV
564,Baseline5UAV-2-20260810-14:59:38-740110,Baseline5UAV,2,2,2,sha3,5,,,,4,static,275.0,300.0,275.0,300.0,0.0,1.150559,module=UavAuthNetwork.uav[4]; config=Baseline5UAV
565,Baseline5UAV-20-20260810-14:59:39-740110,Baseline5UAV,20,20,20,sha3,5,,,,0,static,100.0,50.0,100.0,50.0,0.0,1.187718,module=UavAuthNetwork.uav[0]; config=Baseline5UAV
566,Baseline5UAV-20-20260810-14:59:39-740110,Baseline5UAV,20,20,20,sha3,5,,,,1,static,275.0,50.0,275.0,50.0,0.0,1.153106,module=UavAuthNetwork.uav[1]; config=Baseline5UAV
567,Baseline5UAV-20-20260810-14:59:39-740110,Baseline5UAV,20,20,20,sha3,5,,,,2,static,450.0,50.0,450.0,50.0,0.0,1.125435,module=UavAuthNetwork.uav[2]; config=Baseline5UAV
568,Baseline5UAV-20-20260810-14:59:39-740110,Baseline5UAV,20,20,20,sha3,5,,,,3,static,100.0,300.0,100.0,300.0,0.0,1.13966,module=UavAuthNetwork.uav[3]; config=Baseline5UAV
569,Baseline5UAV-20-20260810-14:59:39-740110,Baseline5UAV,20,20,20,sha3,5,,,,4,static,275.0,300.0,275.0,300.0,0.0,1.15392,module=UavAuthNetwork.uav[4]; config=Baseline5UAV
570,Baseline5UAV-21-20260810-14:59:39-740110,Baseline5UAV,21,21,21,sha3,5,,,,0,static,100.0,50.0,100.0,50.0,0.0,1.142605,module=UavAuthNetwork.uav[0]; config=Baseline5UAV
571,Baseline5UAV-21-20260810-14:59:39-740110,Baseline5UAV,21,21,21,sha3,5,,,,1,static,275.0,50.0,275.0,50.0,0.0,1.131438,module=UavAuthNetwork.uav[1]; config=Baseline5UAV
572,Baseline5UAV-21-20260810-14:59:39-740110,Baseline5UAV,21,21,21,sha3,5,,,,2,static,450.0,50.0,450.0,50.0,0.0,1.120833,module=UavAuthNetwork.uav[2]; config=Baseline5UAV
573,Baseline5UAV-21-20260810-14:59:39-740110,Baseline5UAV,21,21,21,sha3,5,,,,3,static,100.0,300.0,100.0,300.0,0.0,1.173698,module=UavAuthNetwork.uav[3]; config=Baseline5UAV
574,Baseline5UAV-21-20260810-14:59:39-740110,Baseline5UAV,21,21,21,sha3,5,,,,4,static,275.0,300.0,275.0,300.0,0.0,1.142999,module=UavAuthNetwork.uav[4]; config=Baseline5UAV
575,Baseline5UAV-22-20260810-14:59:39-740110,Baseline5UAV,22,22,22,sha3,5,,,,0,static,100.0,50.0,100.0,50.0,0.0,1.146622,module=UavAuthNetwork.uav[0]; config=Baseline5UAV
576,Baseline5UAV-22-20260810-14:59:39-740110,Baseline5UAV,22,22,22,sha3,5,,,,1,static,275.0,50.0,275.0,50.0,0.0,1.140861,module=UavAuthNetwork.uav[1]; config=Baseline5UAV
577,Baseline5UAV-22-20260810-14:59:39-740110,Baseline5UAV,22,22,22,sha3,5,,,,2,static,450.0,50.0,450.0,50.0,0.0,1.176737,module=UavAuthNetwork.uav[2]; config=Baseline5UAV
578,Baseline5UAV-22-20260810-14:59:39-740110,Baseline5UAV,22,22,22,sha3,5,,,,3,static,100.0,300.0,100.0,300.0,0.0,1.10475,module=UavAuthNetwork.uav[3]; config=Baseline5UAV
579,Baseline5UAV-22-20260810-14:59:39-740110,Baseline5UAV,22,22,22,sha3,5,,,,4,static,275.0,300.0,275.0,300.0,0.0,1.190037,module=UavAuthNetwork.uav[4]; config=Baseline5UAV
580,Baseline5UAV-23-20260810-14:59:39-740110,Baseline5UAV,23,23,23,sha3,5,,,,0,static,100.0,50.0,100.0,50.0,0.0,1.143603,module=UavAuthNetwork.uav[0]; config=Baseline5UAV
581,Baseline5UAV-23-20260810-14:59:39-740110,Baseline5UAV,23,23,23,sha3,5,,,,1,static,275.0,50.0,275.0,50.0,0.0,1.140641,module=UavAuthNetwork.uav[1]; config=Baseline5UAV
582,Baseline5UAV-23-20260810-14:59:39-740110,Baseline5UAV,23,23,23,sha3,5,,,,2,static,450.0,50.0,450.0,50.0,0.0,1.11292,module=UavAuthNetwork.uav[2]; config=Baseline5UAV
583,Baseline5UAV-23-20260810-14:59:39-740110,Baseline5UAV,23,23,23,sha3,5,,,,3,static,100.0,300.0,100.0,300.0,0.0,1.125499,module=UavAuthNetwork.uav[3]; config=Baseline5UAV
584,Baseline5UAV-23-20260810-14:59:39-740110,Baseline5UAV,23,23,23,sha3,5,,,,4,static,275.0,300.0,275.0,300.0,0.0,1.125762,module=UavAuthNetwork.uav[4]; config=Baseline5UAV
585,Baseline5UAV-24-20260810-14:59:39-740110,Baseline5UAV,24,24,24,sha3,5,,,,0,static,100.0,50.0,100.0,50.0,0.0,1.124898,module=UavAuthNetwork.uav[0]; config=Baseline5UAV
586,Baseline5UAV-24-20260810-14:59:39-740110,Baseline5UAV,24,24,24,sha3,5,,,,1,static,275.0,50.0,275.0,50.0,0.0,1.187627,module=UavAuthNetwork.uav[1]; config=Baseline5UAV
587,Baseline5UAV-24-20260810-14:59:39-740110,Baseline5UAV,24,24,24,sha3,5,,,,2,static,450.0,50.0,450.0,50.0,0.0,1.145757,module=UavAuthNetwork.uav[2]; config=Baseline5UAV
588,Baseline5UAV-24-20260810-14:59:39-740110,Baseline5UAV,24,24,24,sha3,5,,,,3,static,100.0,300.0,100.0,300.0,0.0,1.128235,module=UavAuthNetwork.uav[3]; config=Baseline5UAV
589,Baseline5UAV-24-20260810-14:59:39-740110,Baseline5UAV,24,24,24,sha3,5,,,,4,static,275.0,300.0,275.0,300.0,0.0,1.1268,module=UavAuthNetwork.uav[4]; config=Baseline5UAV
590,Baseline5UAV-25-20260810-14:59:39-740110,Baseline5UAV,25,25,25,sha3,5,,,,0,static,100.0,50.0,100.0,50.0,0.0,1.13764,module=UavAuthNetwork.uav[0]; config=Baseline5UAV
591,Baseline5UAV-25-20260810-14:59:39-740110,Baseline5UAV,25,25,25,sha3,5,,,,1,static,275.0,50.0,275.0,50.0,0.0,1.136839,module=UavAuthNetwork.uav[1]; config=Baseline5UAV
592,Baseline5UAV-25-20260810-14:59:39-740110,Baseline5UAV,25,25,25,sha3,5,,,,2,static,450.0,50.0,450.0,50.0,0.0,1.120762,module=UavAuthNetwork.uav[2]; config=Baseline5UAV
593,Baseline5UAV-25-20260810-14:59:39-740110,Baseline5UAV,25,25,25,sha3,5,,,,3,static,100.0,300.0,100.0,300.0,0.0,1.183596,module=UavAuthNetwork.uav[3]; config=Baseline5UAV
594,Baseline5UAV-25-20260810-14:59:39-740110,Baseline5UAV,25,25,25,sha3,5,,,,4,static,275.0,300.0,275.0,300.0,0.0,1.143965,module=UavAuthNetwork.uav[4]; config=Baseline5UAV
595,Baseline5UAV-26-20260810-14:59:39-740110,Baseline5UAV,26,26,26,sha3,5,,,,0,static,100.0,50.0,100.0,50.0,0.0,1.122518,module=UavAuthNetwork.uav[0]; config=Baseline5UAV
596,Baseline5UAV-26-20260810-14:59:39-740110,Baseline5UAV,26,26,26,sha3,5,,,,1,static,275.0,50.0,275.0,50.0,0.0,1.091446,module=UavAuthNetwork.uav[1]; config=Baseline5UAV
597,Baseline5UAV-26-20260810-14:59:39-740110,Baseline5UAV,26,26,26,sha3,5,,,,2,static,450.0,50.0,450.0,50.0,0.0,1.110283,module=UavAuthNetwork.uav[2]; config=Baseline5UAV
598,Baseline5UAV-26-20260810-14:59:39-740110,Baseline5UAV,26,26,26,sha3,5,,,,3,static,100.0,300.0,100.0,300.0,0.0,1.129222,module=UavAuthNetwork.uav[3]; config=Baseline5UAV
599,Baseline5UAV-26-20260810-14:59:39-740110,Baseline5UAV,26,26,26,sha3,5,,,,4,static,275.0,300.0,275.0,300.0,0.0,1.216192,module=UavAuthNetwork.uav[4]; config=Baseline5UAV
600,Baseline5UAV-27-20260810-14:59:39-740110,Baseline5UAV,27,27,27,sha3,5,,,,0,static,100.0,50.0,100.0,50.0,0.0,1.137185,module=UavAuthNetwork.uav[0]; config=Baseline5UAV
601,Baseline5UAV-27-20260810-14:59:39-740110,Baseline5UAV,27,27,27,sha3,5,,,,1,static,275.0,50.0,275.0,50.0,0.0,1.144926,module=UavAuthNetwork.uav[1]; config=Baseline5UAV
602,Baseline5UAV-27-20260810-14:59:39-740110,Baseline5UAV,27,27,27,sha3,5,,,,2,static,450.0,50.0,450.0,50.0,0.0,1.127073,module=UavAuthNetwork.uav[2]; config=Baseline5UAV
603,Baseline5UAV-27-20260810-14:59:39-740110,Baseline5UAV,27,27,27,sha3,5,,,,3,static,100.0,300.0,100.0,300.0,0.0,1.132793,module=UavAuthNetwork.uav[3]; config=Baseline5UAV
604,Baseline5UAV-27-20260810-14:59:39-740110,Baseline5UAV,27,27,27,sha3,5,,,,4,static,275.0,300.0,275.0,300.0,0.0,1.155077,module=UavAuthNetwork.uav[4]; config=Baseline5UAV
605,Baseline5UAV-28-20260810-14:59:39-740110,Baseline5UAV,28,28,28,sha3,5,,,,0,static,100.0,50.0,100.0,50.0,0.0,1.177738,module=UavAuthNetwork.uav[0]; config=Baseline5UAV
606,Baseline5UAV-28-20260810-14:59:39-740110,Baseline5UAV,28,28,28,sha3,5,,,,1,static,275.0,50.0,275.0,50.0,0.0,1.120483,module=UavAuthNetwork.uav[1]; config=Baseline5UAV
607,Baseline5UAV-28-20260810-14:59:39-740110,Baseline5UAV,28,28,28,sha3,5,,,,2,static,450.0,50.0,450.0,50.0,0.0,1.101171,module=UavAuthNetwork.uav[2]; config=Baseline5UAV
608,Baseline5UAV-28-20260810-14:59:39-740110,Baseline5UAV,28,28,28,sha3,5,,,,3,static,100.0,300.0,100.0,300.0,0.0,1.142189,module=UavAuthNetwork.uav[3]; config=Baseline5UAV
609,Baseline5UAV-28-20260810-14:59:39-740110,Baseline5UAV,28,28,28,sha3,5,,,,4,static,275.0,300.0,275.0,300.0,0.0,1.104552,module=UavAuthNetwork.uav[4]; config=Baseline5UAV
610,Baseline5UAV-29-20260810-14:59:39-740110,Baseline5UAV,29,29,29,sha3,5,,,,0,static,100.0,50.0,100.0,50.0,0.0,1.133451,module=UavAuthNetwork.uav[0]; config=Baseline5UAV
611,Baseline5UAV-29-20260810-14:59:39-740110,Baseline5UAV,29,29,29,sha3,5,,,,1,static,275.0,50.0,275.0,50.0,0.0,1.233798,module=UavAuthNetwork.uav[1]; config=Baseline5UAV
612,Baseline5UAV-29-20260810-14:59:39-740110,Baseline5UAV,29,29,29,sha3,5,,,,2,static,450.0,50.0,450.0,50.0,0.0,1.144224,module=UavAuthNetwork.uav[2]; config=Baseline5UAV
613,Baseline5UAV-29-20260810-14:59:39-740110,Baseline5UAV,29,29,29,sha3,5,,,,3,static,100.0,300.0,100.0,300.0,0.0,1.16194,module=UavAuthNetwork.uav[3]; config=Baseline5UAV
614,Baseline5UAV-29-20260810-14:59:39-740110,Baseline5UAV,29,29,29,sha3,5,,,,4,static,275.0,300.0,275.0,300.0,0.0,1.142955,module=UavAuthNetwork.uav[4]; config=Baseline5UAV
615,Baseline5UAV-3-20260810-14:59:38-740110,Baseline5UAV,3,3,3,sha3,5,,,,0,static,100.0,50.0,100.0,50.0,0.0,1.129425,module=UavAuthNetwork.uav[0]; config=Baseline5UAV
616,Baseline5UAV-3-20260810-14:59:38-740110,Baseline5UAV,3,3,3,sha3,5,,,,1,static,275.0,50.0,275.0,50.0,0.0,1.12768,module=UavAuthNetwork.uav[1]; config=Baseline5UAV
617,Baseline5UAV-3-20260810-14:59:38-740110,Baseline5UAV,3,3,3,sha3,5,,,,2,static,450.0,50.0,450.0,50.0,0.0,1.137756,module=UavAuthNetwork.uav[2]; config=Baseline5UAV
618,Baseline5UAV-3-20260810-14:59:38-740110,Baseline5UAV,3,3,3,sha3,5,,,,3,static,100.0,300.0,100.0,300.0,0.0,1.136264,module=UavAuthNetwork.uav[3]; config=Baseline5UAV
619,Baseline5UAV-3-20260810-14:59:38-740110,Baseline5UAV,3,3,3,sha3,5,,,,4,static,275.0,300.0,275.0,300.0,0.0,1.133836,module=UavAuthNetwork.uav[4]; config=Baseline5UAV
620,Baseline5UAV-4-20260810-14:59:38-740110,Baseline5UAV,4,4,4,sha3,5,,,,0,static,100.0,50.0,100.0,50.0,0.0,1.145071,module=UavAuthNetwork.uav[0]; config=Baseline5UAV
621,Baseline5UAV-4-20260810-14:59:38-740110,Baseline5UAV,4,4,4,sha3,5,,,,1,static,275.0,50.0,275.0,50.0,0.0,1.137289,module=UavAuthNetwork.uav[1]; config=Baseline5UAV
622,Baseline5UAV-4-20260810-14:59:38-740110,Baseline5UAV,4,4,4,sha3,5,,,,2,static,450.0,50.0,450.0,50.0,0.0,1.194849,module=UavAuthNetwork.uav[2]; config=Baseline5UAV
623,Baseline5UAV-4-20260810-14:59:38-740110,Baseline5UAV,4,4,4,sha3,5,,,,3,static,100.0,300.0,100.0,300.0,0.0,1.141892,module=UavAuthNetwork.uav[3]; config=Baseline5UAV
624,Baseline5UAV-4-20260810-14:59:38-740110,Baseline5UAV,4,4,4,sha3,5,,,,4,static,275.0,300.0,275.0,300.0,0.0,1.100064,module=UavAuthNetwork.uav[4]; config=Baseline5UAV
625,Baseline5UAV-5-20260810-14:59:38-740110,Baseline5UAV,5,5,5,sha3,5,,,,0,static,100.0,50.0,100.0,50.0,0.0,1.143839,module=UavAuthNetwork.uav[0]; config=Baseline5UAV
626,Baseline5UAV-5-20260810-14:59:38-740110,Baseline5UAV,5,5,5,sha3,5,,,,1,static,275.0,50.0,275.0,50.0,0.0,1.1179,module=UavAuthNetwork.uav[1]; config=Baseline5UAV
627,Baseline5UAV-5-20260810-14:59:38-740110,Baseline5UAV,5,5,5,sha3,5,,,,2,static,450.0,50.0,450.0,50.0,0.0,1.149096,module=UavAuthNetwork.uav[2]; config=Baseline5UAV
628,Baseline5UAV-5-20260810-14:59:38-740110,Baseline5UAV,5,5,5,sha3,5,,,,3,static,100.0,300.0,100.0,300.0,0.0,1.139158,module=UavAuthNetwork.uav[3]; config=Baseline5UAV
629,Baseline5UAV-5-20260810-14:59:38-740110,Baseline5UAV,5,5,5,sha3,5,,,,4,static,275.0,300.0,275.0,300.0,0.0,1.117971,module=UavAuthNetwork.uav[4]; config=Baseline5UAV
630,Baseline5UAV-6-20260810-14:59:38-740110,Baseline5UAV,6,6,6,sha3,5,,,,0,static,100.0,50.0,100.0,50.0,0.0,1.159009,module=UavAuthNetwork.uav[0]; config=Baseline5UAV
631,Baseline5UAV-6-20260810-14:59:38-740110,Baseline5UAV,6,6,6,sha3,5,,,,1,static,275.0,50.0,275.0,50.0,0.0,1.116153,module=UavAuthNetwork.uav[1]; config=Baseline5UAV
632,Baseline5UAV-6-20260810-14:59:38-740110,Baseline5UAV,6,6,6,sha3,5,,,,2,static,450.0,50.0,450.0,50.0,0.0,1.137456,module=UavAuthNetwork.uav[2]; config=Baseline5UAV
633,Baseline5UAV-6-20260810-14:59:38-740110,Baseline5UAV,6,6,6,sha3,5,,,,3,static,100.0,300.0,100.0,300.0,0.0,1.118758,module=UavAuthNetwork.uav[3]; config=Baseline5UAV
634,Baseline5UAV-6-20260810-14:59:38-740110,Baseline5UAV,6,6,6,sha3,5,,,,4,static,275.0,300.0,275.0,300.0,0.0,1.178825,module=UavAuthNetwork.uav[4]; config=Baseline5UAV
635,Baseline5UAV-7-20260810-14:59:38-740110,Baseline5UAV,7,7,7,sha3,5,,,,0,static,100.0,50.0,100.0,50.0,0.0,1.146027,module=UavAuthNetwork.uav[0]; config=Baseline5UAV
636,Baseline5UAV-7-20260810-14:59:38-740110,Baseline5UAV,7,7,7,sha3,5,,,,1,static,275.0,50.0,275.0,50.0,0.0,1.159724,module=UavAuthNetwork.uav[1]; config=Baseline5UAV
637,Baseline5UAV-7-20260810-14:59:38-740110,Baseline5UAV,7,7,7,sha3,5,,,,2,static,450.0,50.0,450.0,50.0,0.0,1.147636,module=UavAuthNetwork.uav[2]; config=Baseline5UAV
638,Baseline5UAV-7-20260810-14:59:38-740110,Baseline5UAV,7,7,7,sha3,5,,,,3,static,100.0,300.0,100.0,300.0,0.0,1.118448,module=UavAuthNetwork.uav[3]; config=Baseline5UAV
639,Baseline5UAV-7-20260810-14:59:38-740110,Baseline5UAV,7,7,7,sha3,5,,,,4,static,275.0,300.0,275.0,300.0,0.0,1.160625,module=UavAuthNetwork.uav[4]; config=Baseline5UAV
640,Baseline5UAV-8-20260810-14:59:38-740110,Baseline5UAV,8,8,8,sha3,5,,,,0,static,100.0,50.0,100.0,50.0,0.0,1.143454,module=UavAuthNetwork.uav[0]; config=Baseline5UAV
641,Baseline5UAV-8-20260810-14:59:38-740110,Baseline5UAV,8,8,8,sha3,5,,,,1,static,275.0,50.0,275.0,50.0,0.0,1.180816,module=UavAuthNetwork.uav[1]; config=Baseline5UAV
642,Baseline5UAV-8-20260810-14:59:38-740110,Baseline5UAV,8,8,8,sha3,5,,,,2,static,450.0,50.0,450.0,50.0,0.0,1.150911,module=UavAuthNetwork.uav[2]; config=Baseline5UAV
643,Baseline5UAV-8-20260810-14:59:38-740110,Baseline5UAV,8,8,8,sha3,5,,,,3,static,100.0,300.0,100.0,300.0,0.0,1.146065,module=UavAuthNetwork.uav[3]; config=Baseline5UAV
644,Baseline5UAV-8-20260810-14:59:38-740110,Baseline5UAV,8,8,8,sha3,5,,,,4,static,275.0,300.0,275.0,300.0,0.0,1.129737,module=UavAuthNetwork.uav[4]; config=Baseline5UAV
645,Baseline5UAV-9-20260810-14:59:38-740110,Baseline5UAV,9,9,9,sha3,5,,,,0,static,100.0,50.0,100.0,50.0,0.0,1.159413,module=UavAuthNetwork.uav[0]; config=Baseline5UAV
646,Baseline5UAV-9-20260810-14:59:38-740110,Baseline5UAV,9,9,9,sha3,5,,,,1,static,275.0,50.0,275.0,50.0,0.0,1.140216,module=UavAuthNetwork.uav[1]; config=Baseline5UAV
647,Baseline5UAV-9-20260810-14:59:38-740110,Baseline5UAV,9,9,9,sha3,5,,,,2,static,450.0,50.0,450.0,50.0,0.0,1.125033,module=UavAuthNetwork.uav[2]; config=Baseline5UAV
648,Baseline5UAV-9-20260810-14:59:38-740110,Baseline5UAV,9,9,9,sha3,5,,,,3,static,100.0,300.0,100.0,300.0,0.0,1.113291,module=UavAuthNetwork.uav[3]; config=Baseline5UAV
649,Baseline5UAV-9-20260810-14:59:38-740110,Baseline5UAV,9,9,9,sha3,5,,,,4,static,275.0,300.0,275.0,300.0,0.0,1.203418,module=UavAuthNetwork.uav[4]; config=Baseline5UAV
650,HighNoise-0-20260810-15:00:01-741035,HighNoise,0,0,0,sha3,10,,,,0,static,100.0,50.0,100.0,50.0,0.0,1.518543,module=UavAuthNetwork.uav[0]; config=HighNoise
651,HighNoise-0-20260810-15:00:01-741035,HighNoise,0,0,0,sha3,10,,,,1,static,275.0,50.0,275.0,50.0,0.0,1.499136,module=UavAuthNetwork.uav[1]; config=HighNoise
652,HighNoise-0-20260810-15:00:01-741035,HighNoise,0,0,0,sha3,10,,,,2,static,450.0,50.0,450.0,50.0,0.0,1.472252,module=UavAuthNetwork.uav[2]; config=HighNoise
653,HighNoise-0-20260810-15:00:01-741035,HighNoise,0,0,0,sha3,10,,,,3,static,100.0,300.0,100.0,300.0,0.0,1.493821,module=UavAuthNetwork.uav[3]; config=HighNoise
654,HighNoise-0-20260810-15:00:01-741035,HighNoise,0,0,0,sha3,10,,,,4,static,275.0,300.0,275.0,300.0,0.0,0.0,module=UavAuthNetwork.uav[4]; config=HighNoise
655,HighNoise-0-20260810-15:00:01-741035,HighNoise,0,0,0,sha3,10,,,,5,static,450.0,300.0,450.0,300.0,0.0,1.539081,module=UavAuthNetwork.uav[5]; config=HighNoise
656,HighNoise-0-20260810-15:00:01-741035,HighNoise,0,0,0,sha3,10,,,,6,static,50.0,120.0,50.0,120.0,0.0,1.486114,module=UavAuthNetwork.uav[6]; config=HighNoise
657,HighNoise-0-20260810-15:00:01-741035,HighNoise,0,0,0,sha3,10,,,,7,static,50.0,230.0,50.0,230.0,0.0,1.508843,module=UavAuthNetwork.uav[7]; config=HighNoise
658,HighNoise-0-20260810-15:00:01-741035,HighNoise,0,0,0,sha3,10,,,,8,static,500.0,120.0,500.0,120.0,0.0,1.481733,module=UavAuthNetwork.uav[8]; config=HighNoise
659,HighNoise-0-20260810-15:00:01-741035,HighNoise,0,0,0,sha3,10,,,,9,static,500.0,230.0,500.0,230.0,0.0,1.541131,module=UavAuthNetwork.uav[9]; config=HighNoise
660,HighNoise-1-20260810-15:00:02-741035,HighNoise,1,1,1,sha3,10,,,,0,static,100.0,50.0,100.0,50.0,0.0,1.483483,module=UavAuthNetwork.uav[0]; config=HighNoise
661,HighNoise-1-20260810-15:00:02-741035,HighNoise,1,1,1,sha3,10,,,,1,static,275.0,50.0,275.0,50.0,0.0,1.496314,module=UavAuthNetwork.uav[1]; config=HighNoise
662,HighNoise-1-20260810-15:00:02-741035,HighNoise,1,1,1,sha3,10,,,,2,static,450.0,50.0,450.0,50.0,0.0,1.51139,module=UavAuthNetwork.uav[2]; config=HighNoise
663,HighNoise-1-20260810-15:00:02-741035,HighNoise,1,1,1,sha3,10,,,,3,static,100.0,300.0,100.0,300.0,0.0,1.492483,module=UavAuthNetwork.uav[3]; config=HighNoise
664,HighNoise-1-20260810-15:00:02-741035,HighNoise,1,1,1,sha3,10,,,,4,static,275.0,300.0,275.0,300.0,0.0,1.51278,module=UavAuthNetwork.uav[4]; config=HighNoise
665,HighNoise-1-20260810-15:00:02-741035,HighNoise,1,1,1,sha3,10,,,,5,static,450.0,300.0,450.0,300.0,0.0,0.0,module=UavAuthNetwork.uav[5]; config=HighNoise
666,HighNoise-1-20260810-15:00:02-741035,HighNoise,1,1,1,sha3,10,,,,6,static,50.0,120.0,50.0,120.0,0.0,0.0,module=UavAuthNetwork.uav[6]; config=HighNoise
667,HighNoise-1-20260810-15:00:02-741035,HighNoise,1,1,1,sha3,10,,,,7,static,50.0,230.0,50.0,230.0,0.0,1.484202,module=UavAuthNetwork.uav[7]; config=HighNoise
668,HighNoise-1-20260810-15:00:02-741035,HighNoise,1,1,1,sha3,10,,,,8,static,500.0,120.0,500.0,120.0,0.0,1.560162,module=UavAuthNetwork.uav[8]; config=HighNoise
669,HighNoise-1-20260810-15:00:02-741035,HighNoise,1,1,1,sha3,10,,,,9,static,500.0,230.0,500.0,230.0,0.0,0.0,module=UavAuthNetwork.uav[9]; config=HighNoise
670,HighNoise-10-20260810-15:00:08-741035,HighNoise,10,10,10,sha3,10,,,,0,static,100.0,50.0,100.0,50.0,0.0,1.523796,module=UavAuthNetwork.uav[0]; config=HighNoise
671,HighNoise-10-20260810-15:00:08-741035,HighNoise,10,10,10,sha3,10,,,,1,static,275.0,50.0,275.0,50.0,0.0,1.480055,module=UavAuthNetwork.uav[1]; config=HighNoise
672,HighNoise-10-20260810-15:00:08-741035,HighNoise,10,10,10,sha3,10,,,,2,static,450.0,50.0,450.0,50.0,0.0,1.525032,module=UavAuthNetwork.uav[2]; config=HighNoise
673,HighNoise-10-20260810-15:00:08-741035,HighNoise,10,10,10,sha3,10,,,,3,static,100.0,300.0,100.0,300.0,0.0,1.467742,module=UavAuthNetwork.uav[3]; config=HighNoise
674,HighNoise-10-20260810-15:00:08-741035,HighNoise,10,10,10,sha3,10,,,,4,static,275.0,300.0,275.0,300.0,0.0,1.456487,module=UavAuthNetwork.uav[4]; config=HighNoise
675,HighNoise-10-20260810-15:00:08-741035,HighNoise,10,10,10,sha3,10,,,,5,static,450.0,300.0,450.0,300.0,0.0,0.0,module=UavAuthNetwork.uav[5]; config=HighNoise
676,HighNoise-10-20260810-15:00:08-741035,HighNoise,10,10,10,sha3,10,,,,6,static,50.0,120.0,50.0,120.0,0.0,0.0,module=UavAuthNetwork.uav[6]; config=HighNoise
677,HighNoise-10-20260810-15:00:08-741035,HighNoise,10,10,10,sha3,10,,,,7,static,50.0,230.0,50.0,230.0,0.0,1.518766,module=UavAuthNetwork.uav[7]; config=HighNoise
678,HighNoise-10-20260810-15:00:08-741035,HighNoise,10,10,10,sha3,10,,,,8,static,500.0,120.0,500.0,120.0,0.0,1.505884,module=UavAuthNetwork.uav[8]; config=HighNoise
679,HighNoise-10-20260810-15:00:08-741035,HighNoise,10,10,10,sha3,10,,,,9,static,500.0,230.0,500.0,230.0,0.0,1.499033,module=UavAuthNetwork.uav[9]; config=HighNoise
680,HighNoise-11-20260810-15:00:09-741035,HighNoise,11,11,11,sha3,10,,,,0,static,100.0,50.0,100.0,50.0,0.0,1.509746,module=UavAuthNetwork.uav[0]; config=HighNoise
681,HighNoise-11-20260810-15:00:09-741035,HighNoise,11,11,11,sha3,10,,,,1,static,275.0,50.0,275.0,50.0,0.0,1.493051,module=UavAuthNetwork.uav[1]; config=HighNoise
682,HighNoise-11-20260810-15:00:09-741035,HighNoise,11,11,11,sha3,10,,,,2,static,450.0,50.0,450.0,50.0,0.0,0.0,module=UavAuthNetwork.uav[2]; config=HighNoise
683,HighNoise-11-20260810-15:00:09-741035,HighNoise,11,11,11,sha3,10,,,,3,static,100.0,300.0,100.0,300.0,0.0,1.51405,module=UavAuthNetwork.uav[3]; config=HighNoise
684,HighNoise-11-20260810-15:00:09-741035,HighNoise,11,11,11,sha3,10,,,,4,static,275.0,300.0,275.0,300.0,0.0,1.481045,module=UavAuthNetwork.uav[4]; config=HighNoise
685,HighNoise-11-20260810-15:00:09-741035,HighNoise,11,11,11,sha3,10,,,,5,static,450.0,300.0,450.0,300.0,0.0,1.51425,module=UavAuthNetwork.uav[5]; config=HighNoise
686,HighNoise-11-20260810-15:00:09-741035,HighNoise,11,11,11,sha3,10,,,,6,static,50.0,120.0,50.0,120.0,0.0,1.484342,module=UavAuthNetwork.uav[6]; config=HighNoise
687,HighNoise-11-20260810-15:00:09-741035,HighNoise,11,11,11,sha3,10,,,,7,static,50.0,230.0,50.0,230.0,0.0,1.510069,module=UavAuthNetwork.uav[7]; config=HighNoise
688,HighNoise-11-20260810-15:00:09-741035,HighNoise,11,11,11,sha3,10,,,,8,static,500.0,120.0,500.0,120.0,0.0,1.538761,module=UavAuthNetwork.uav[8]; config=HighNoise
689,HighNoise-11-20260810-15:00:09-741035,HighNoise,11,11,11,sha3,10,,,,9,static,500.0,230.0,500.0,230.0,0.0,1.50236,module=UavAuthNetwork.uav[9]; config=HighNoise
690,HighNoise-12-20260810-15:00:10-741035,HighNoise,12,12,12,sha3,10,,,,0,static,100.0,50.0,100.0,50.0,0.0,1.530444,module=UavAuthNetwork.uav[0]; config=HighNoise
691,HighNoise-12-20260810-15:00:10-741035,HighNoise,12,12,12,sha3,10,,,,1,static,275.0,50.0,275.0,50.0,0.0,1.489694,module=UavAuthNetwork.uav[1]; config=HighNoise
692,HighNoise-12-20260810-15:00:10-741035,HighNoise,12,12,12,sha3,10,,,,2,static,450.0,50.0,450.0,50.0,0.0,1.50253,module=UavAuthNetwork.uav[2]; config=HighNoise
693,HighNoise-12-20260810-15:00:10-741035,HighNoise,12,12,12,sha3,10,,,,3,static,100.0,300.0,100.0,300.0,0.0,1.514237,module=UavAuthNetwork.uav[3]; config=HighNoise
694,HighNoise-12-20260810-15:00:10-741035,HighNoise,12,12,12,sha3,10,,,,4,static,275.0,300.0,275.0,300.0,0.0,1.515658,module=UavAuthNetwork.uav[4]; config=HighNoise
695,HighNoise-12-20260810-15:00:10-741035,HighNoise,12,12,12,sha3,10,,,,5,static,450.0,300.0,450.0,300.0,0.0,1.544292,module=UavAuthNetwork.uav[5]; config=HighNoise
696,HighNoise-12-20260810-15:00:10-741035,HighNoise,12,12,12,sha3,10,,,,6,static,50.0,120.0,50.0,120.0,0.0,0.0,module=UavAuthNetwork.uav[6]; config=HighNoise
697,HighNoise-12-20260810-15:00:10-741035,HighNoise,12,12,12,sha3,10,,,,7,static,50.0,230.0,50.0,230.0,0.0,1.515532,module=UavAuthNetwork.uav[7]; config=HighNoise
698,HighNoise-12-20260810-15:00:10-741035,HighNoise,12,12,12,sha3,10,,,,8,static,500.0,120.0,500.0,120.0,0.0,1.511455,module=UavAuthNetwork.uav[8]; config=HighNoise
699,HighNoise-12-20260810-15:00:10-741035,HighNoise,12,12,12,sha3,10,,,,9,static,500.0,230.0,500.0,230.0,0.0,1.476198,module=UavAuthNetwork.uav[9]; config=HighNoise
700,HighNoise-13-20260810-15:00:10-741035,HighNoise,13,13,13,sha3,10,,,,0,static,100.0,50.0,100.0,50.0,0.0,0.0,module=UavAuthNetwork.uav[0]; config=HighNoise
701,HighNoise-13-20260810-15:00:10-741035,HighNoise,13,13,13,sha3,10,,,,1,static,275.0,50.0,275.0,50.0,0.0,1.482103,module=UavAuthNetwork.uav[1]; config=HighNoise
702,HighNoise-13-20260810-15:00:10-741035,HighNoise,13,13,13,sha3,10,,,,2,static,450.0,50.0,450.0,50.0,0.0,1.480414,module=UavAuthNetwork.uav[2]; config=HighNoise
703,HighNoise-13-20260810-15:00:10-741035,HighNoise,13,13,13,sha3,10,,,,3,static,100.0,300.0,100.0,300.0,0.0,0.0,module=UavAuthNetwork.uav[3]; config=HighNoise
704,HighNoise-13-20260810-15:00:10-741035,HighNoise,13,13,13,sha3,10,,,,4,static,275.0,300.0,275.0,300.0,0.0,1.490011,module=UavAuthNetwork.uav[4]; config=HighNoise
705,HighNoise-13-20260810-15:00:10-741035,HighNoise,13,13,13,sha3,10,,,,5,static,450.0,300.0,450.0,300.0,0.0,1.464824,module=UavAuthNetwork.uav[5]; config=HighNoise
706,HighNoise-13-20260810-15:00:10-741035,HighNoise,13,13,13,sha3,10,,,,6,static,50.0,120.0,50.0,120.0,0.0,1.510157,module=UavAuthNetwork.uav[6]; config=HighNoise
707,HighNoise-13-20260810-15:00:10-741035,HighNoise,13,13,13,sha3,10,,,,7,static,50.0,230.0,50.0,230.0,0.0,1.473799,module=UavAuthNetwork.uav[7]; config=HighNoise
708,HighNoise-13-20260810-15:00:10-741035,HighNoise,13,13,13,sha3,10,,,,8,static,500.0,120.0,500.0,120.0,0.0,1.485418,module=UavAuthNetwork.uav[8]; config=HighNoise
709,HighNoise-13-20260810-15:00:10-741035,HighNoise,13,13,13,sha3,10,,,,9,static,500.0,230.0,500.0,230.0,0.0,1.536962,module=UavAuthNetwork.uav[9]; config=HighNoise
710,HighNoise-14-20260810-15:00:11-741035,HighNoise,14,14,14,sha3,10,,,,0,static,100.0,50.0,100.0,50.0,0.0,1.49821,module=UavAuthNetwork.uav[0]; config=HighNoise
711,HighNoise-14-20260810-15:00:11-741035,HighNoise,14,14,14,sha3,10,,,,1,static,275.0,50.0,275.0,50.0,0.0,1.494536,module=UavAuthNetwork.uav[1]; config=HighNoise
712,HighNoise-14-20260810-15:00:11-741035,HighNoise,14,14,14,sha3,10,,,,2,static,450.0,50.0,450.0,50.0,0.0,1.495669,module=UavAuthNetwork.uav[2]; config=HighNoise
713,HighNoise-14-20260810-15:00:11-741035,HighNoise,14,14,14,sha3,10,,,,3,static,100.0,300.0,100.0,300.0,0.0,1.515133,module=UavAuthNetwork.uav[3]; config=HighNoise
714,HighNoise-14-20260810-15:00:11-741035,HighNoise,14,14,14,sha3,10,,,,4,static,275.0,300.0,275.0,300.0,0.0,1.487823,module=UavAuthNetwork.uav[4]; config=HighNoise
715,HighNoise-14-20260810-15:00:11-741035,HighNoise,14,14,14,sha3,10,,,,5,static,450.0,300.0,450.0,300.0,0.0,1.490159,module=UavAuthNetwork.uav[5]; config=HighNoise
716,HighNoise-14-20260810-15:00:11-741035,HighNoise,14,14,14,sha3,10,,,,6,static,50.0,120.0,50.0,120.0,0.0,1.474565,module=UavAuthNetwork.uav[6]; config=HighNoise
717,HighNoise-14-20260810-15:00:11-741035,HighNoise,14,14,14,sha3,10,,,,7,static,50.0,230.0,50.0,230.0,0.0,1.48474,module=UavAuthNetwork.uav[7]; config=HighNoise
718,HighNoise-14-20260810-15:00:11-741035,HighNoise,14,14,14,sha3,10,,,,8,static,500.0,120.0,500.0,120.0,0.0,1.524294,module=UavAuthNetwork.uav[8]; config=HighNoise
719,HighNoise-14-20260810-15:00:11-741035,HighNoise,14,14,14,sha3,10,,,,9,static,500.0,230.0,500.0,230.0,0.0,1.517968,module=UavAuthNetwork.uav[9]; config=HighNoise
720,HighNoise-15-20260810-15:00:12-741035,HighNoise,15,15,15,sha3,10,,,,0,static,100.0,50.0,100.0,50.0,0.0,1.530826,module=UavAuthNetwork.uav[0]; config=HighNoise
721,HighNoise-15-20260810-15:00:12-741035,HighNoise,15,15,15,sha3,10,,,,1,static,275.0,50.0,275.0,50.0,0.0,0.0,module=UavAuthNetwork.uav[1]; config=HighNoise
722,HighNoise-15-20260810-15:00:12-741035,HighNoise,15,15,15,sha3,10,,,,2,static,450.0,50.0,450.0,50.0,0.0,1.484299,module=UavAuthNetwork.uav[2]; config=HighNoise
723,HighNoise-15-20260810-15:00:12-741035,HighNoise,15,15,15,sha3,10,,,,3,static,100.0,300.0,100.0,300.0,0.0,1.501122,module=UavAuthNetwork.uav[3]; config=HighNoise
724,HighNoise-15-20260810-15:00:12-741035,HighNoise,15,15,15,sha3,10,,,,4,static,275.0,300.0,275.0,300.0,0.0,1.492506,module=UavAuthNetwork.uav[4]; config=HighNoise
725,HighNoise-15-20260810-15:00:12-741035,HighNoise,15,15,15,sha3,10,,,,5,static,450.0,300.0,450.0,300.0,0.0,1.503287,module=UavAuthNetwork.uav[5]; config=HighNoise
726,HighNoise-15-20260810-15:00:12-741035,HighNoise,15,15,15,sha3,10,,,,6,static,50.0,120.0,50.0,120.0,0.0,1.480341,module=UavAuthNetwork.uav[6]; config=HighNoise
727,HighNoise-15-20260810-15:00:12-741035,HighNoise,15,15,15,sha3,10,,,,7,static,50.0,230.0,50.0,230.0,0.0,1.515445,module=UavAuthNetwork.uav[7]; config=HighNoise
728,HighNoise-15-20260810-15:00:12-741035,HighNoise,15,15,15,sha3,10,,,,8,static,500.0,120.0,500.0,120.0,0.0,1.500623,module=UavAuthNetwork.uav[8]; config=HighNoise
729,HighNoise-15-20260810-15:00:12-741035,HighNoise,15,15,15,sha3,10,,,,9,static,500.0,230.0,500.0,230.0,0.0,1.501895,module=UavAuthNetwork.uav[9]; config=HighNoise
730,HighNoise-16-20260810-15:00:13-741035,HighNoise,16,16,16,sha3,10,,,,0,static,100.0,50.0,100.0,50.0,0.0,1.48464,module=UavAuthNetwork.uav[0]; config=HighNoise
731,HighNoise-16-20260810-15:00:13-741035,HighNoise,16,16,16,sha3,10,,,,1,static,275.0,50.0,275.0,50.0,0.0,1.482025,module=UavAuthNetwork.uav[1]; config=HighNoise
732,HighNoise-16-20260810-15:00:13-741035,HighNoise,16,16,16,sha3,10,,,,2,static,450.0,50.0,450.0,50.0,0.0,1.471995,module=UavAuthNetwork.uav[2]; config=HighNoise
733,HighNoise-16-20260810-15:00:13-741035,HighNoise,16,16,16,sha3,10,,,,3,static,100.0,300.0,100.0,300.0,0.0,1.470645,module=UavAuthNetwork.uav[3]; config=HighNoise
734,HighNoise-16-20260810-15:00:13-741035,HighNoise,16,16,16,sha3,10,,,,4,static,275.0,300.0,275.0,300.0,0.0,1.47872,module=UavAuthNetwork.uav[4]; config=HighNoise
735,HighNoise-16-20260810-15:00:13-741035,HighNoise,16,16,16,sha3,10,,,,5,static,450.0,300.0,450.0,300.0,0.0,0.0,module=UavAuthNetwork.uav[5]; config=HighNoise
736,HighNoise-16-20260810-15:00:13-741035,HighNoise,16,16,16,sha3,10,,,,6,static,50.0,120.0,50.0,120.0,0.0,0.0,module=UavAuthNetwork.uav[6]; config=HighNoise
737,HighNoise-16-20260810-15:00:13-741035,HighNoise,16,16,16,sha3,10,,,,7,static,50.0,230.0,50.0,230.0,0.0,1.534758,module=UavAuthNetwork.uav[7]; config=HighNoise
738,HighNoise-16-20260810-15:00:13-741035,HighNoise,16,16,16,sha3,10,,,,8,static,500.0,120.0,500.0,120.0,0.0,1.508375,module=UavAuthNetwork.uav[8]; config=HighNoise
739,HighNoise-16-20260810-15:00:13-741035,HighNoise,16,16,16,sha3,10,,,,9,static,500.0,230.0,500.0,230.0,0.0,1.489232,module=UavAuthNetwork.uav[9]; config=HighNoise
740,HighNoise-17-20260810-15:00:13-741035,HighNoise,17,17,17,sha3,10,,,,0,static,100.0,50.0,100.0,50.0,0.0,1.508817,module=UavAuthNetwork.uav[0]; config=HighNoise
741,HighNoise-17-20260810-15:00:13-741035,HighNoise,17,17,17,sha3,10,,,,1,static,275.0,50.0,275.0,50.0,0.0,1.484869,module=UavAuthNetwork.uav[1]; config=HighNoise
742,HighNoise-17-20260810-15:00:13-741035,HighNoise,17,17,17,sha3,10,,,,2,static,450.0,50.0,450.0,50.0,0.0,1.461668,module=UavAuthNetwork.uav[2]; config=HighNoise
743,HighNoise-17-20260810-15:00:13-741035,HighNoise,17,17,17,sha3,10,,,,3,static,100.0,300.0,100.0,300.0,0.0,1.510323,module=UavAuthNetwork.uav[3]; config=HighNoise
744,HighNoise-17-20260810-15:00:13-741035,HighNoise,17,17,17,sha3,10,,,,4,static,275.0,300.0,275.0,300.0,0.0,1.514656,module=UavAuthNetwork.uav[4]; config=HighNoise
745,HighNoise-17-20260810-15:00:13-741035,HighNoise,17,17,17,sha3,10,,,,5,static,450.0,300.0,450.0,300.0,0.0,1.517947,module=UavAuthNetwork.uav[5]; config=HighNoise
746,HighNoise-17-20260810-15:00:13-741035,HighNoise,17,17,17,sha3,10,,,,6,static,50.0,120.0,50.0,120.0,0.0,1.526435,module=UavAuthNetwork.uav[6]; config=HighNoise
747,HighNoise-17-20260810-15:00:13-741035,HighNoise,17,17,17,sha3,10,,,,7,static,50.0,230.0,50.0,230.0,0.0,1.555002,module=UavAuthNetwork.uav[7]; config=HighNoise
748,HighNoise-17-20260810-15:00:13-741035,HighNoise,17,17,17,sha3,10,,,,8,static,500.0,120.0,500.0,120.0,0.0,1.496606,module=UavAuthNetwork.uav[8]; config=HighNoise
749,HighNoise-17-20260810-15:00:13-741035,HighNoise,17,17,17,sha3,10,,,,9,static,500.0,230.0,500.0,230.0,0.0,1.524455,module=UavAuthNetwork.uav[9]; config=HighNoise
750,HighNoise-18-20260810-15:00:14-741035,HighNoise,18,18,18,sha3,10,,,,0,static,100.0,50.0,100.0,50.0,0.0,1.54356,module=UavAuthNetwork.uav[0]; config=HighNoise
751,HighNoise-18-20260810-15:00:14-741035,HighNoise,18,18,18,sha3,10,,,,1,static,275.0,50.0,275.0,50.0,0.0,0.0,module=UavAuthNetwork.uav[1]; config=HighNoise
752,HighNoise-18-20260810-15:00:14-741035,HighNoise,18,18,18,sha3,10,,,,2,static,450.0,50.0,450.0,50.0,0.0,1.48295,module=UavAuthNetwork.uav[2]; config=HighNoise
753,HighNoise-18-20260810-15:00:14-741035,HighNoise,18,18,18,sha3,10,,,,3,static,100.0,300.0,100.0,300.0,0.0,1.509128,module=UavAuthNetwork.uav[3]; config=HighNoise
754,HighNoise-18-20260810-15:00:14-741035,HighNoise,18,18,18,sha3,10,,,,4,static,275.0,300.0,275.0,300.0,0.0,1.538952,module=UavAuthNetwork.uav[4]; config=HighNoise
755,HighNoise-18-20260810-15:00:14-741035,HighNoise,18,18,18,sha3,10,,,,5,static,450.0,300.0,450.0,300.0,0.0,1.520761,module=UavAuthNetwork.uav[5]; config=HighNoise
756,HighNoise-18-20260810-15:00:14-741035,HighNoise,18,18,18,sha3,10,,,,6,static,50.0,120.0,50.0,120.0,0.0,1.536842,module=UavAuthNetwork.uav[6]; config=HighNoise
757,HighNoise-18-20260810-15:00:14-741035,HighNoise,18,18,18,sha3,10,,,,7,static,50.0,230.0,50.0,230.0,0.0,1.52212,module=UavAuthNetwork.uav[7]; config=HighNoise
758,HighNoise-18-20260810-15:00:14-741035,HighNoise,18,18,18,sha3,10,,,,8,static,500.0,120.0,500.0,120.0,0.0,1.519614,module=UavAuthNetwork.uav[8]; config=HighNoise
759,HighNoise-18-20260810-15:00:14-741035,HighNoise,18,18,18,sha3,10,,,,9,static,500.0,230.0,500.0,230.0,0.0,1.494294,module=UavAuthNetwork.uav[9]; config=HighNoise
760,HighNoise-19-20260810-15:00:15-741035,HighNoise,19,19,19,sha3,10,,,,0,static,100.0,50.0,100.0,50.0,0.0,0.0,module=UavAuthNetwork.uav[0]; config=HighNoise
761,HighNoise-19-20260810-15:00:15-741035,HighNoise,19,19,19,sha3,10,,,,1,static,275.0,50.0,275.0,50.0,0.0,1.533539,module=UavAuthNetwork.uav[1]; config=HighNoise
762,HighNoise-19-20260810-15:00:15-741035,HighNoise,19,19,19,sha3,10,,,,2,static,450.0,50.0,450.0,50.0,0.0,1.484771,module=UavAuthNetwork.uav[2]; config=HighNoise
763,HighNoise-19-20260810-15:00:15-741035,HighNoise,19,19,19,sha3,10,,,,3,static,100.0,300.0,100.0,300.0,0.0,1.506,module=UavAuthNetwork.uav[3]; config=HighNoise
764,HighNoise-19-20260810-15:00:15-741035,HighNoise,19,19,19,sha3,10,,,,4,static,275.0,300.0,275.0,300.0,0.0,1.463813,module=UavAuthNetwork.uav[4]; config=HighNoise
765,HighNoise-19-20260810-15:00:15-741035,HighNoise,19,19,19,sha3,10,,,,5,static,450.0,300.0,450.0,300.0,0.0,1.468751,module=UavAuthNetwork.uav[5]; config=HighNoise
766,HighNoise-19-20260810-15:00:15-741035,HighNoise,19,19,19,sha3,10,,,,6,static,50.0,120.0,50.0,120.0,0.0,1.489304,module=UavAuthNetwork.uav[6]; config=HighNoise
767,HighNoise-19-20260810-15:00:15-741035,HighNoise,19,19,19,sha3,10,,,,7,static,50.0,230.0,50.0,230.0,0.0,1.463714,module=UavAuthNetwork.uav[7]; config=HighNoise
768,HighNoise-19-20260810-15:00:15-741035,HighNoise,19,19,19,sha3,10,,,,8,static,500.0,120.0,500.0,120.0,0.0,1.549205,module=UavAuthNetwork.uav[8]; config=HighNoise
769,HighNoise-19-20260810-15:00:15-741035,HighNoise,19,19,19,sha3,10,,,,9,static,500.0,230.0,500.0,230.0,0.0,1.499199,module=UavAuthNetwork.uav[9]; config=HighNoise
770,HighNoise-2-20260810-15:00:03-741035,HighNoise,2,2,2,sha3,10,,,,0,static,100.0,50.0,100.0,50.0,0.0,1.513523,module=UavAuthNetwork.uav[0]; config=HighNoise
771,HighNoise-2-20260810-15:00:03-741035,HighNoise,2,2,2,sha3,10,,,,1,static,275.0,50.0,275.0,50.0,0.0,1.502978,module=UavAuthNetwork.uav[1]; config=HighNoise
772,HighNoise-2-20260810-15:00:03-741035,HighNoise,2,2,2,sha3,10,,,,2,static,450.0,50.0,450.0,50.0,0.0,0.0,module=UavAuthNetwork.uav[2]; config=HighNoise
773,HighNoise-2-20260810-15:00:03-741035,HighNoise,2,2,2,sha3,10,,,,3,static,100.0,300.0,100.0,300.0,0.0,1.502133,module=UavAuthNetwork.uav[3]; config=HighNoise
774,HighNoise-2-20260810-15:00:03-741035,HighNoise,2,2,2,sha3,10,,,,4,static,275.0,300.0,275.0,300.0,0.0,1.492796,module=UavAuthNetwork.uav[4]; config=HighNoise
775,HighNoise-2-20260810-15:00:03-741035,HighNoise,2,2,2,sha3,10,,,,5,static,450.0,300.0,450.0,300.0,0.0,1.496899,module=UavAuthNetwork.uav[5]; config=HighNoise
776,HighNoise-2-20260810-15:00:03-741035,HighNoise,2,2,2,sha3,10,,,,6,static,50.0,120.0,50.0,120.0,0.0,1.533707,module=UavAuthNetwork.uav[6]; config=HighNoise
777,HighNoise-2-20260810-15:00:03-741035,HighNoise,2,2,2,sha3,10,,,,7,static,50.0,230.0,50.0,230.0,0.0,1.484019,module=UavAuthNetwork.uav[7]; config=HighNoise
778,HighNoise-2-20260810-15:00:03-741035,HighNoise,2,2,2,sha3,10,,,,8,static,500.0,120.0,500.0,120.0,0.0,1.519149,module=UavAuthNetwork.uav[8]; config=HighNoise
779,HighNoise-2-20260810-15:00:03-741035,HighNoise,2,2,2,sha3,10,,,,9,static,500.0,230.0,500.0,230.0,0.0,1.533456,module=UavAuthNetwork.uav[9]; config=HighNoise
780,HighNoise-20-20260810-15:00:15-741035,HighNoise,20,20,20,sha3,10,,,,0,static,100.0,50.0,100.0,50.0,0.0,0.0,module=UavAuthNetwork.uav[0]; config=HighNoise
781,HighNoise-20-20260810-15:00:15-741035,HighNoise,20,20,20,sha3,10,,,,1,static,275.0,50.0,275.0,50.0,0.0,1.530336,module=UavAuthNetwork.uav[1]; config=HighNoise
782,HighNoise-20-20260810-15:00:15-741035,HighNoise,20,20,20,sha3,10,,,,2,static,450.0,50.0,450.0,50.0,0.0,1.505984,module=UavAuthNetwork.uav[2]; config=HighNoise
783,HighNoise-20-20260810-15:00:15-741035,HighNoise,20,20,20,sha3,10,,,,3,static,100.0,300.0,100.0,300.0,0.0,1.513273,module=UavAuthNetwork.uav[3]; config=HighNoise
784,HighNoise-20-20260810-15:00:15-741035,HighNoise,20,20,20,sha3,10,,,,4,static,275.0,300.0,275.0,300.0,0.0,1.527168,module=UavAuthNetwork.uav[4]; config=HighNoise
785,HighNoise-20-20260810-15:00:15-741035,HighNoise,20,20,20,sha3,10,,,,5,static,450.0,300.0,450.0,300.0,0.0,0.0,module=UavAuthNetwork.uav[5]; config=HighNoise
786,HighNoise-20-20260810-15:00:15-741035,HighNoise,20,20,20,sha3,10,,,,6,static,50.0,120.0,50.0,120.0,0.0,1.495952,module=UavAuthNetwork.uav[6]; config=HighNoise
787,HighNoise-20-20260810-15:00:15-741035,HighNoise,20,20,20,sha3,10,,,,7,static,50.0,230.0,50.0,230.0,0.0,1.570616,module=UavAuthNetwork.uav[7]; config=HighNoise
788,HighNoise-20-20260810-15:00:15-741035,HighNoise,20,20,20,sha3,10,,,,8,static,500.0,120.0,500.0,120.0,0.0,1.502751,module=UavAuthNetwork.uav[8]; config=HighNoise
789,HighNoise-20-20260810-15:00:15-741035,HighNoise,20,20,20,sha3,10,,,,9,static,500.0,230.0,500.0,230.0,0.0,1.490114,module=UavAuthNetwork.uav[9]; config=HighNoise
790,HighNoise-21-20260810-15:00:16-741035,HighNoise,21,21,21,sha3,10,,,,0,static,100.0,50.0,100.0,50.0,0.0,1.507227,module=UavAuthNetwork.uav[0]; config=HighNoise
791,HighNoise-21-20260810-15:00:16-741035,HighNoise,21,21,21,sha3,10,,,,1,static,275.0,50.0,275.0,50.0,0.0,1.561848,module=UavAuthNetwork.uav[1]; config=HighNoise
792,HighNoise-21-20260810-15:00:16-741035,HighNoise,21,21,21,sha3,10,,,,2,static,450.0,50.0,450.0,50.0,0.0,1.536257,module=UavAuthNetwork.uav[2]; config=HighNoise
793,HighNoise-21-20260810-15:00:16-741035,HighNoise,21,21,21,sha3,10,,,,3,static,100.0,300.0,100.0,300.0,0.0,1.457019,module=UavAuthNetwork.uav[3]; config=HighNoise
794,HighNoise-21-20260810-15:00:16-741035,HighNoise,21,21,21,sha3,10,,,,4,static,275.0,300.0,275.0,300.0,0.0,1.51163,module=UavAuthNetwork.uav[4]; config=HighNoise
795,HighNoise-21-20260810-15:00:16-741035,HighNoise,21,21,21,sha3,10,,,,5,static,450.0,300.0,450.0,300.0,0.0,1.463772,module=UavAuthNetwork.uav[5]; config=HighNoise
796,HighNoise-21-20260810-15:00:16-741035,HighNoise,21,21,21,sha3,10,,,,6,static,50.0,120.0,50.0,120.0,0.0,0.0,module=UavAuthNetwork.uav[6]; config=HighNoise
797,HighNoise-21-20260810-15:00:16-741035,HighNoise,21,21,21,sha3,10,,,,7,static,50.0,230.0,50.0,230.0,0.0,1.486835,module=UavAuthNetwork.uav[7]; config=HighNoise
798,HighNoise-21-20260810-15:00:16-741035,HighNoise,21,21,21,sha3,10,,,,8,static,500.0,120.0,500.0,120.0,0.0,1.492814,module=UavAuthNetwork.uav[8]; config=HighNoise
799,HighNoise-21-20260810-15:00:16-741035,HighNoise,21,21,21,sha3,10,,,,9,static,500.0,230.0,500.0,230.0,0.0,1.494507,module=UavAuthNetwork.uav[9]; config=HighNoise
800,HighNoise-22-20260810-15:00:17-741035,HighNoise,22,22,22,sha3,10,,,,0,static,100.0,50.0,100.0,50.0,0.0,0.0,module=UavAuthNetwork.uav[0]; config=HighNoise
801,HighNoise-22-20260810-15:00:17-741035,HighNoise,22,22,22,sha3,10,,,,1,static,275.0,50.0,275.0,50.0,0.0,1.497178,module=UavAuthNetwork.uav[1]; config=HighNoise
802,HighNoise-22-20260810-15:00:17-741035,HighNoise,22,22,22,sha3,10,,,,2,static,450.0,50.0,450.0,50.0,0.0,1.499677,module=UavAuthNetwork.uav[2]; config=HighNoise
803,HighNoise-22-20260810-15:00:17-741035,HighNoise,22,22,22,sha3,10,,,,3,static,100.0,300.0,100.0,300.0,0.0,1.504554,module=UavAuthNetwork.uav[3]; config=HighNoise
804,HighNoise-22-20260810-15:00:17-741035,HighNoise,22,22,22,sha3,10,,,,4,static,275.0,300.0,275.0,300.0,0.0,0.0,module=UavAuthNetwork.uav[4]; config=HighNoise
805,HighNoise-22-20260810-15:00:17-741035,HighNoise,22,22,22,sha3,10,,,,5,static,450.0,300.0,450.0,300.0,0.0,1.497572,module=UavAuthNetwork.uav[5]; config=HighNoise
806,HighNoise-22-20260810-15:00:17-741035,HighNoise,22,22,22,sha3,10,,,,6,static,50.0,120.0,50.0,120.0,0.0,0.0,module=UavAuthNetwork.uav[6]; config=HighNoise
807,HighNoise-22-20260810-15:00:17-741035,HighNoise,22,22,22,sha3,10,,,,7,static,50.0,230.0,50.0,230.0,0.0,0.0,module=UavAuthNetwork.uav[7]; config=HighNoise
808,HighNoise-22-20260810-15:00:17-741035,HighNoise,22,22,22,sha3,10,,,,8,static,500.0,120.0,500.0,120.0,0.0,1.491955,module=UavAuthNetwork.uav[8]; config=HighNoise
809,HighNoise-22-20260810-15:00:17-741035,HighNoise,22,22,22,sha3,10,,,,9,static,500.0,230.0,500.0,230.0,0.0,1.482266,module=UavAuthNetwork.uav[9]; config=HighNoise
810,HighNoise-23-20260810-15:00:18-741035,HighNoise,23,23,23,sha3,10,,,,0,static,100.0,50.0,100.0,50.0,0.0,1.511742,module=UavAuthNetwork.uav[0]; config=HighNoise
811,HighNoise-23-20260810-15:00:18-741035,HighNoise,23,23,23,sha3,10,,,,1,static,275.0,50.0,275.0,50.0,0.0,0.0,module=UavAuthNetwork.uav[1]; config=HighNoise
812,HighNoise-23-20260810-15:00:18-741035,HighNoise,23,23,23,sha3,10,,,,2,static,450.0,50.0,450.0,50.0,0.0,0.0,module=UavAuthNetwork.uav[2]; config=HighNoise
813,HighNoise-23-20260810-15:00:18-741035,HighNoise,23,23,23,sha3,10,,,,3,static,100.0,300.0,100.0,300.0,0.0,0.0,module=UavAuthNetwork.uav[3]; config=HighNoise
814,HighNoise-23-20260810-15:00:18-741035,HighNoise,23,23,23,sha3,10,,,,4,static,275.0,300.0,275.0,300.0,0.0,1.514937,module=UavAuthNetwork.uav[4]; config=HighNoise
815,HighNoise-23-20260810-15:00:18-741035,HighNoise,23,23,23,sha3,10,,,,5,static,450.0,300.0,450.0,300.0,0.0,1.495649,module=UavAuthNetwork.uav[5]; config=HighNoise
816,HighNoise-23-20260810-15:00:18-741035,HighNoise,23,23,23,sha3,10,,,,6,static,50.0,120.0,50.0,120.0,0.0,0.0,module=UavAuthNetwork.uav[6]; config=HighNoise
817,HighNoise-23-20260810-15:00:18-741035,HighNoise,23,23,23,sha3,10,,,,7,static,50.0,230.0,50.0,230.0,0.0,1.483704,module=UavAuthNetwork.uav[7]; config=HighNoise
818,HighNoise-23-20260810-15:00:18-741035,HighNoise,23,23,23,sha3,10,,,,8,static,500.0,120.0,500.0,120.0,0.0,1.554435,module=UavAuthNetwork.uav[8]; config=HighNoise
819,HighNoise-23-20260810-15:00:18-741035,HighNoise,23,23,23,sha3,10,,,,9,static,500.0,230.0,500.0,230.0,0.0,0.0,module=UavAuthNetwork.uav[9]; config=HighNoise
820,HighNoise-24-20260810-15:00:18-741035,HighNoise,24,24,24,sha3,10,,,,0,static,100.0,50.0,100.0,50.0,0.0,1.478296,module=UavAuthNetwork.uav[0]; config=HighNoise
821,HighNoise-24-20260810-15:00:18-741035,HighNoise,24,24,24,sha3,10,,,,1,static,275.0,50.0,275.0,50.0,0.0,1.512757,module=UavAuthNetwork.uav[1]; config=HighNoise
822,HighNoise-24-20260810-15:00:18-741035,HighNoise,24,24,24,sha3,10,,,,2,static,450.0,50.0,450.0,50.0,0.0,1.500504,module=UavAuthNetwork.uav[2]; config=HighNoise
823,HighNoise-24-20260810-15:00:18-741035,HighNoise,24,24,24,sha3,10,,,,3,static,100.0,300.0,100.0,300.0,0.0,1.501468,module=UavAuthNetwork.uav[3]; config=HighNoise
824,HighNoise-24-20260810-15:00:18-741035,HighNoise,24,24,24,sha3,10,,,,4,static,275.0,300.0,275.0,300.0,0.0,1.484916,module=UavAuthNetwork.uav[4]; config=HighNoise
825,HighNoise-24-20260810-15:00:18-741035,HighNoise,24,24,24,sha3,10,,,,5,static,450.0,300.0,450.0,300.0,0.0,1.504936,module=UavAuthNetwork.uav[5]; config=HighNoise
826,HighNoise-24-20260810-15:00:18-741035,HighNoise,24,24,24,sha3,10,,,,6,static,50.0,120.0,50.0,120.0,0.0,1.493214,module=UavAuthNetwork.uav[6]; config=HighNoise
827,HighNoise-24-20260810-15:00:18-741035,HighNoise,24,24,24,sha3,10,,,,7,static,50.0,230.0,50.0,230.0,0.0,0.0,module=UavAuthNetwork.uav[7]; config=HighNoise
828,HighNoise-24-20260810-15:00:18-741035,HighNoise,24,24,24,sha3,10,,,,8,static,500.0,120.0,500.0,120.0,0.0,1.555976,module=UavAuthNetwork.uav[8]; config=HighNoise
829,HighNoise-24-20260810-15:00:18-741035,HighNoise,24,24,24,sha3,10,,,,9,static,500.0,230.0,500.0,230.0,0.0,1.489801,module=UavAuthNetwork.uav[9]; config=HighNoise
830,HighNoise-25-20260810-15:00:19-741035,HighNoise,25,25,25,sha3,10,,,,0,static,100.0,50.0,100.0,50.0,0.0,1.491783,module=UavAuthNetwork.uav[0]; config=HighNoise
831,HighNoise-25-20260810-15:00:19-741035,HighNoise,25,25,25,sha3,10,,,,1,static,275.0,50.0,275.0,50.0,0.0,1.503265,module=UavAuthNetwork.uav[1]; config=HighNoise
832,HighNoise-25-20260810-15:00:19-741035,HighNoise,25,25,25,sha3,10,,,,2,static,450.0,50.0,450.0,50.0,0.0,1.581848,module=UavAuthNetwork.uav[2]; config=HighNoise
833,HighNoise-25-20260810-15:00:19-741035,HighNoise,25,25,25,sha3,10,,,,3,static,100.0,300.0,100.0,300.0,0.0,1.471924,module=UavAuthNetwork.uav[3]; config=HighNoise
834,HighNoise-25-20260810-15:00:19-741035,HighNoise,25,25,25,sha3,10,,,,4,static,275.0,300.0,275.0,300.0,0.0,1.468517,module=UavAuthNetwork.uav[4]; config=HighNoise
835,HighNoise-25-20260810-15:00:19-741035,HighNoise,25,25,25,sha3,10,,,,5,static,450.0,300.0,450.0,300.0,0.0,1.508476,module=UavAuthNetwork.uav[5]; config=HighNoise
836,HighNoise-25-20260810-15:00:19-741035,HighNoise,25,25,25,sha3,10,,,,6,static,50.0,120.0,50.0,120.0,0.0,0.0,module=UavAuthNetwork.uav[6]; config=HighNoise
837,HighNoise-25-20260810-15:00:19-741035,HighNoise,25,25,25,sha3,10,,,,7,static,50.0,230.0,50.0,230.0,0.0,1.470141,module=UavAuthNetwork.uav[7]; config=HighNoise
838,HighNoise-25-20260810-15:00:19-741035,HighNoise,25,25,25,sha3,10,,,,8,static,500.0,120.0,500.0,120.0,0.0,1.479496,module=UavAuthNetwork.uav[8]; config=HighNoise
839,HighNoise-25-20260810-15:00:19-741035,HighNoise,25,25,25,sha3,10,,,,9,static,500.0,230.0,500.0,230.0,0.0,0.0,module=UavAuthNetwork.uav[9]; config=HighNoise
840,HighNoise-26-20260810-15:00:20-741035,HighNoise,26,26,26,sha3,10,,,,0,static,100.0,50.0,100.0,50.0,0.0,1.513297,module=UavAuthNetwork.uav[0]; config=HighNoise
841,HighNoise-26-20260810-15:00:20-741035,HighNoise,26,26,26,sha3,10,,,,1,static,275.0,50.0,275.0,50.0,0.0,1.526748,module=UavAuthNetwork.uav[1]; config=HighNoise
842,HighNoise-26-20260810-15:00:20-741035,HighNoise,26,26,26,sha3,10,,,,2,static,450.0,50.0,450.0,50.0,0.0,1.488118,module=UavAuthNetwork.uav[2]; config=HighNoise
843,HighNoise-26-20260810-15:00:20-741035,HighNoise,26,26,26,sha3,10,,,,3,static,100.0,300.0,100.0,300.0,0.0,1.489085,module=UavAuthNetwork.uav[3]; config=HighNoise
844,HighNoise-26-20260810-15:00:20-741035,HighNoise,26,26,26,sha3,10,,,,4,static,275.0,300.0,275.0,300.0,0.0,1.504123,module=UavAuthNetwork.uav[4]; config=HighNoise
845,HighNoise-26-20260810-15:00:20-741035,HighNoise,26,26,26,sha3,10,,,,5,static,450.0,300.0,450.0,300.0,0.0,0.0,module=UavAuthNetwork.uav[5]; config=HighNoise
846,HighNoise-26-20260810-15:00:20-741035,HighNoise,26,26,26,sha3,10,,,,6,static,50.0,120.0,50.0,120.0,0.0,1.504385,module=UavAuthNetwork.uav[6]; config=HighNoise
847,HighNoise-26-20260810-15:00:20-741035,HighNoise,26,26,26,sha3,10,,,,7,static,50.0,230.0,50.0,230.0,0.0,1.495349,module=UavAuthNetwork.uav[7]; config=HighNoise
848,HighNoise-26-20260810-15:00:20-741035,HighNoise,26,26,26,sha3,10,,,,8,static,500.0,120.0,500.0,120.0,0.0,1.496626,module=UavAuthNetwork.uav[8]; config=HighNoise
849,HighNoise-26-20260810-15:00:20-741035,HighNoise,26,26,26,sha3,10,,,,9,static,500.0,230.0,500.0,230.0,0.0,1.460013,module=UavAuthNetwork.uav[9]; config=HighNoise
850,HighNoise-27-20260810-15:00:20-741035,HighNoise,27,27,27,sha3,10,,,,0,static,100.0,50.0,100.0,50.0,0.0,1.488189,module=UavAuthNetwork.uav[0]; config=HighNoise
851,HighNoise-27-20260810-15:00:20-741035,HighNoise,27,27,27,sha3,10,,,,1,static,275.0,50.0,275.0,50.0,0.0,1.524167,module=UavAuthNetwork.uav[1]; config=HighNoise
852,HighNoise-27-20260810-15:00:20-741035,HighNoise,27,27,27,sha3,10,,,,2,static,450.0,50.0,450.0,50.0,0.0,1.469331,module=UavAuthNetwork.uav[2]; config=HighNoise
853,HighNoise-27-20260810-15:00:20-741035,HighNoise,27,27,27,sha3,10,,,,3,static,100.0,300.0,100.0,300.0,0.0,0.0,module=UavAuthNetwork.uav[3]; config=HighNoise
854,HighNoise-27-20260810-15:00:20-741035,HighNoise,27,27,27,sha3,10,,,,4,static,275.0,300.0,275.0,300.0,0.0,1.529877,module=UavAuthNetwork.uav[4]; config=HighNoise
855,HighNoise-27-20260810-15:00:20-741035,HighNoise,27,27,27,sha3,10,,,,5,static,450.0,300.0,450.0,300.0,0.0,1.535213,module=UavAuthNetwork.uav[5]; config=HighNoise
856,HighNoise-27-20260810-15:00:20-741035,HighNoise,27,27,27,sha3,10,,,,6,static,50.0,120.0,50.0,120.0,0.0,1.455676,module=UavAuthNetwork.uav[6]; config=HighNoise
857,HighNoise-27-20260810-15:00:20-741035,HighNoise,27,27,27,sha3,10,,,,7,static,50.0,230.0,50.0,230.0,0.0,1.530935,module=UavAuthNetwork.uav[7]; config=HighNoise
858,HighNoise-27-20260810-15:00:20-741035,HighNoise,27,27,27,sha3,10,,,,8,static,500.0,120.0,500.0,120.0,0.0,1.533481,module=UavAuthNetwork.uav[8]; config=HighNoise
859,HighNoise-27-20260810-15:00:20-741035,HighNoise,27,27,27,sha3,10,,,,9,static,500.0,230.0,500.0,230.0,0.0,1.521367,module=UavAuthNetwork.uav[9]; config=HighNoise
860,HighNoise-28-20260810-15:00:21-741035,HighNoise,28,28,28,sha3,10,,,,0,static,100.0,50.0,100.0,50.0,0.0,1.490925,module=UavAuthNetwork.uav[0]; config=HighNoise
861,HighNoise-28-20260810-15:00:21-741035,HighNoise,28,28,28,sha3,10,,,,1,static,275.0,50.0,275.0,50.0,0.0,1.517746,module=UavAuthNetwork.uav[1]; config=HighNoise
862,HighNoise-28-20260810-15:00:21-741035,HighNoise,28,28,28,sha3,10,,,,2,static,450.0,50.0,450.0,50.0,0.0,0.0,module=UavAuthNetwork.uav[2]; config=HighNoise
863,HighNoise-28-20260810-15:00:21-741035,HighNoise,28,28,28,sha3,10,,,,3,static,100.0,300.0,100.0,300.0,0.0,1.523687,module=UavAuthNetwork.uav[3]; config=HighNoise
864,HighNoise-28-20260810-15:00:21-741035,HighNoise,28,28,28,sha3,10,,,,4,static,275.0,300.0,275.0,300.0,0.0,0.0,module=UavAuthNetwork.uav[4]; config=HighNoise
865,HighNoise-28-20260810-15:00:21-741035,HighNoise,28,28,28,sha3,10,,,,5,static,450.0,300.0,450.0,300.0,0.0,1.521638,module=UavAuthNetwork.uav[5]; config=HighNoise
866,HighNoise-28-20260810-15:00:21-741035,HighNoise,28,28,28,sha3,10,,,,6,static,50.0,120.0,50.0,120.0,0.0,1.492115,module=UavAuthNetwork.uav[6]; config=HighNoise
867,HighNoise-28-20260810-15:00:21-741035,HighNoise,28,28,28,sha3,10,,,,7,static,50.0,230.0,50.0,230.0,0.0,1.51594,module=UavAuthNetwork.uav[7]; config=HighNoise
868,HighNoise-28-20260810-15:00:21-741035,HighNoise,28,28,28,sha3,10,,,,8,static,500.0,120.0,500.0,120.0,0.0,1.535929,module=UavAuthNetwork.uav[8]; config=HighNoise
869,HighNoise-28-20260810-15:00:21-741035,HighNoise,28,28,28,sha3,10,,,,9,static,500.0,230.0,500.0,230.0,0.0,1.481309,module=UavAuthNetwork.uav[9]; config=HighNoise
870,HighNoise-29-20260810-15:00:22-741035,HighNoise,29,29,29,sha3,10,,,,0,static,100.0,50.0,100.0,50.0,0.0,1.520221,module=UavAuthNetwork.uav[0]; config=HighNoise
871,HighNoise-29-20260810-15:00:22-741035,HighNoise,29,29,29,sha3,10,,,,1,static,275.0,50.0,275.0,50.0,0.0,1.491912,module=UavAuthNetwork.uav[1]; config=HighNoise
872,HighNoise-29-20260810-15:00:22-741035,HighNoise,29,29,29,sha3,10,,,,2,static,450.0,50.0,450.0,50.0,0.0,1.519622,module=UavAuthNetwork.uav[2]; config=HighNoise
873,HighNoise-29-20260810-15:00:22-741035,HighNoise,29,29,29,sha3,10,,,,3,static,100.0,300.0,100.0,300.0,0.0,0.0,module=UavAuthNetwork.uav[3]; config=HighNoise
874,HighNoise-29-20260810-15:00:22-741035,HighNoise,29,29,29,sha3,10,,,,4,static,275.0,300.0,275.0,300.0,0.0,1.484827,module=UavAuthNetwork.uav[4]; config=HighNoise
875,HighNoise-29-20260810-15:00:22-741035,HighNoise,29,29,29,sha3,10,,,,5,static,450.0,300.0,450.0,300.0,0.0,1.49717,module=UavAuthNetwork.uav[5]; config=HighNoise
876,HighNoise-29-20260810-15:00:22-741035,HighNoise,29,29,29,sha3,10,,,,6,static,50.0,120.0,50.0,120.0,0.0,1.49785,module=UavAuthNetwork.uav[6]; config=HighNoise
877,HighNoise-29-20260810-15:00:22-741035,HighNoise,29,29,29,sha3,10,,,,7,static,50.0,230.0,50.0,230.0,0.0,0.0,module=UavAuthNetwork.uav[7]; config=HighNoise
878,HighNoise-29-20260810-15:00:22-741035,HighNoise,29,29,29,sha3,10,,,,8,static,500.0,120.0,500.0,120.0,0.0,1.521227,module=UavAuthNetwork.uav[8]; config=HighNoise
879,HighNoise-29-20260810-15:00:22-741035,HighNoise,29,29,29,sha3,10,,,,9,static,500.0,230.0,500.0,230.0,0.0,1.539387,module=UavAuthNetwork.uav[9]; config=HighNoise
880,HighNoise-3-20260810-15:00:03-741035,HighNoise,3,3,3,sha3,10,,,,0,static,100.0,50.0,100.0,50.0,0.0,1.507678,module=UavAuthNetwork.uav[0]; config=HighNoise
881,HighNoise-3-20260810-15:00:03-741035,HighNoise,3,3,3,sha3,10,,,,1,static,275.0,50.0,275.0,50.0,0.0,1.533153,module=UavAuthNetwork.uav[1]; config=HighNoise
882,HighNoise-3-20260810-15:00:03-741035,HighNoise,3,3,3,sha3,10,,,,2,static,450.0,50.0,450.0,50.0,0.0,1.496897,module=UavAuthNetwork.uav[2]; config=HighNoise
883,HighNoise-3-20260810-15:00:03-741035,HighNoise,3,3,3,sha3,10,,,,3,static,100.0,300.0,100.0,300.0,0.0,0.0,module=UavAuthNetwork.uav[3]; config=HighNoise
884,HighNoise-3-20260810-15:00:03-741035,HighNoise,3,3,3,sha3,10,,,,4,static,275.0,300.0,275.0,300.0,0.0,1.496085,module=UavAuthNetwork.uav[4]; config=HighNoise
885,HighNoise-3-20260810-15:00:03-741035,HighNoise,3,3,3,sha3,10,,,,5,static,450.0,300.0,450.0,300.0,0.0,1.515329,module=UavAuthNetwork.uav[5]; config=HighNoise
886,HighNoise-3-20260810-15:00:03-741035,HighNoise,3,3,3,sha3,10,,,,6,static,50.0,120.0,50.0,120.0,0.0,0.0,module=UavAuthNetwork.uav[6]; config=HighNoise
887,HighNoise-3-20260810-15:00:03-741035,HighNoise,3,3,3,sha3,10,,,,7,static,50.0,230.0,50.0,230.0,0.0,1.500737,module=UavAuthNetwork.uav[7]; config=HighNoise
888,HighNoise-3-20260810-15:00:03-741035,HighNoise,3,3,3,sha3,10,,,,8,static,500.0,120.0,500.0,120.0,0.0,1.469919,module=UavAuthNetwork.uav[8]; config=HighNoise
889,HighNoise-3-20260810-15:00:03-741035,HighNoise,3,3,3,sha3,10,,,,9,static,500.0,230.0,500.0,230.0,0.0,1.515075,module=UavAuthNetwork.uav[9]; config=HighNoise
890,HighNoise-4-20260810-15:00:04-741035,HighNoise,4,4,4,sha3,10,,,,0,static,100.0,50.0,100.0,50.0,0.0,1.495521,module=UavAuthNetwork.uav[0]; config=HighNoise
891,HighNoise-4-20260810-15:00:04-741035,HighNoise,4,4,4,sha3,10,,,,1,static,275.0,50.0,275.0,50.0,0.0,1.469146,module=UavAuthNetwork.uav[1]; config=HighNoise
892,HighNoise-4-20260810-15:00:04-741035,HighNoise,4,4,4,sha3,10,,,,2,static,450.0,50.0,450.0,50.0,0.0,1.510702,module=UavAuthNetwork.uav[2]; config=HighNoise
893,HighNoise-4-20260810-15:00:04-741035,HighNoise,4,4,4,sha3,10,,,,3,static,100.0,300.0,100.0,300.0,0.0,1.523387,module=UavAuthNetwork.uav[3]; config=HighNoise
894,HighNoise-4-20260810-15:00:04-741035,HighNoise,4,4,4,sha3,10,,,,4,static,275.0,300.0,275.0,300.0,0.0,1.515832,module=UavAuthNetwork.uav[4]; config=HighNoise
895,HighNoise-4-20260810-15:00:04-741035,HighNoise,4,4,4,sha3,10,,,,5,static,450.0,300.0,450.0,300.0,0.0,1.504508,module=UavAuthNetwork.uav[5]; config=HighNoise
896,HighNoise-4-20260810-15:00:04-741035,HighNoise,4,4,4,sha3,10,,,,6,static,50.0,120.0,50.0,120.0,0.0,1.477257,module=UavAuthNetwork.uav[6]; config=HighNoise
897,HighNoise-4-20260810-15:00:04-741035,HighNoise,4,4,4,sha3,10,,,,7,static,50.0,230.0,50.0,230.0,0.0,0.0,module=UavAuthNetwork.uav[7]; config=HighNoise
898,HighNoise-4-20260810-15:00:04-741035,HighNoise,4,4,4,sha3,10,,,,8,static,500.0,120.0,500.0,120.0,0.0,1.471995,module=UavAuthNetwork.uav[8]; config=HighNoise
899,HighNoise-4-20260810-15:00:04-741035,HighNoise,4,4,4,sha3,10,,,,9,static,500.0,230.0,500.0,230.0,0.0,1.487218,module=UavAuthNetwork.uav[9]; config=HighNoise
900,HighNoise-5-20260810-15:00:05-741035,HighNoise,5,5,5,sha3,10,,,,0,static,100.0,50.0,100.0,50.0,0.0,1.476895,module=UavAuthNetwork.uav[0]; config=HighNoise
901,HighNoise-5-20260810-15:00:05-741035,HighNoise,5,5,5,sha3,10,,,,1,static,275.0,50.0,275.0,50.0,0.0,1.474987,module=UavAuthNetwork.uav[1]; config=HighNoise
902,HighNoise-5-20260810-15:00:05-741035,HighNoise,5,5,5,sha3,10,,,,2,static,450.0,50.0,450.0,50.0,0.0,1.537052,module=UavAuthNetwork.uav[2]; config=HighNoise
903,HighNoise-5-20260810-15:00:05-741035,HighNoise,5,5,5,sha3,10,,,,3,static,100.0,300.0,100.0,300.0,0.0,0.0,module=UavAuthNetwork.uav[3]; config=HighNoise
904,HighNoise-5-20260810-15:00:05-741035,HighNoise,5,5,5,sha3,10,,,,4,static,275.0,300.0,275.0,300.0,0.0,0.0,module=UavAuthNetwork.uav[4]; config=HighNoise
905,HighNoise-5-20260810-15:00:05-741035,HighNoise,5,5,5,sha3,10,,,,5,static,450.0,300.0,450.0,300.0,0.0,1.5288,module=UavAuthNetwork.uav[5]; config=HighNoise
906,HighNoise-5-20260810-15:00:05-741035,HighNoise,5,5,5,sha3,10,,,,6,static,50.0,120.0,50.0,120.0,0.0,0.0,module=UavAuthNetwork.uav[6]; config=HighNoise
907,HighNoise-5-20260810-15:00:05-741035,HighNoise,5,5,5,sha3,10,,,,7,static,50.0,230.0,50.0,230.0,0.0,1.520914,module=UavAuthNetwork.uav[7]; config=HighNoise
908,HighNoise-5-20260810-15:00:05-741035,HighNoise,5,5,5,sha3,10,,,,8,static,500.0,120.0,500.0,120.0,0.0,0.0,module=UavAuthNetwork.uav[8]; config=HighNoise
909,HighNoise-5-20260810-15:00:05-741035,HighNoise,5,5,5,sha3,10,,,,9,static,500.0,230.0,500.0,230.0,0.0,0.0,module=UavAuthNetwork.uav[9]; config=HighNoise
910,HighNoise-6-20260810-15:00:06-741035,HighNoise,6,6,6,sha3,10,,,,0,static,100.0,50.0,100.0,50.0,0.0,1.520741,module=UavAuthNetwork.uav[0]; config=HighNoise
911,HighNoise-6-20260810-15:00:06-741035,HighNoise,6,6,6,sha3,10,,,,1,static,275.0,50.0,275.0,50.0,0.0,1.470091,module=UavAuthNetwork.uav[1]; config=HighNoise
912,HighNoise-6-20260810-15:00:06-741035,HighNoise,6,6,6,sha3,10,,,,2,static,450.0,50.0,450.0,50.0,0.0,1.487075,module=UavAuthNetwork.uav[2]; config=HighNoise
913,HighNoise-6-20260810-15:00:06-741035,HighNoise,6,6,6,sha3,10,,,,3,static,100.0,300.0,100.0,300.0,0.0,0.0,module=UavAuthNetwork.uav[3]; config=HighNoise
914,HighNoise-6-20260810-15:00:06-741035,HighNoise,6,6,6,sha3,10,,,,4,static,275.0,300.0,275.0,300.0,0.0,0.0,module=UavAuthNetwork.uav[4]; config=HighNoise
915,HighNoise-6-20260810-15:00:06-741035,HighNoise,6,6,6,sha3,10,,,,5,static,450.0,300.0,450.0,300.0,0.0,1.468942,module=UavAuthNetwork.uav[5]; config=HighNoise
916,HighNoise-6-20260810-15:00:06-741035,HighNoise,6,6,6,sha3,10,,,,6,static,50.0,120.0,50.0,120.0,0.0,1.514456,module=UavAuthNetwork.uav[6]; config=HighNoise
917,HighNoise-6-20260810-15:00:06-741035,HighNoise,6,6,6,sha3,10,,,,7,static,50.0,230.0,50.0,230.0,0.0,1.487973,module=UavAuthNetwork.uav[7]; config=HighNoise
918,HighNoise-6-20260810-15:00:06-741035,HighNoise,6,6,6,sha3,10,,,,8,static,500.0,120.0,500.0,120.0,0.0,1.539379,module=UavAuthNetwork.uav[8]; config=HighNoise
919,HighNoise-6-20260810-15:00:06-741035,HighNoise,6,6,6,sha3,10,,,,9,static,500.0,230.0,500.0,230.0,0.0,1.527769,module=UavAuthNetwork.uav[9]; config=HighNoise
920,HighNoise-7-20260810-15:00:06-741035,HighNoise,7,7,7,sha3,10,,,,0,static,100.0,50.0,100.0,50.0,0.0,0.0,module=UavAuthNetwork.uav[0]; config=HighNoise
921,HighNoise-7-20260810-15:00:06-741035,HighNoise,7,7,7,sha3,10,,,,1,static,275.0,50.0,275.0,50.0,0.0,1.472564,module=UavAuthNetwork.uav[1]; config=HighNoise
922,HighNoise-7-20260810-15:00:06-741035,HighNoise,7,7,7,sha3,10,,,,2,static,450.0,50.0,450.0,50.0,0.0,0.0,module=UavAuthNetwork.uav[2]; config=HighNoise
923,HighNoise-7-20260810-15:00:06-741035,HighNoise,7,7,7,sha3,10,,,,3,static,100.0,300.0,100.0,300.0,0.0,1.493593,module=UavAuthNetwork.uav[3]; config=HighNoise
924,HighNoise-7-20260810-15:00:06-741035,HighNoise,7,7,7,sha3,10,,,,4,static,275.0,300.0,275.0,300.0,0.0,0.0,module=UavAuthNetwork.uav[4]; config=HighNoise
925,HighNoise-7-20260810-15:00:06-741035,HighNoise,7,7,7,sha3,10,,,,5,static,450.0,300.0,450.0,300.0,0.0,1.487475,module=UavAuthNetwork.uav[5]; config=HighNoise
926,HighNoise-7-20260810-15:00:06-741035,HighNoise,7,7,7,sha3,10,,,,6,static,50.0,120.0,50.0,120.0,0.0,1.503892,module=UavAuthNetwork.uav[6]; config=HighNoise
927,HighNoise-7-20260810-15:00:06-741035,HighNoise,7,7,7,sha3,10,,,,7,static,50.0,230.0,50.0,230.0,0.0,1.472705,module=UavAuthNetwork.uav[7]; config=HighNoise
928,HighNoise-7-20260810-15:00:06-741035,HighNoise,7,7,7,sha3,10,,,,8,static,500.0,120.0,500.0,120.0,0.0,1.540571,module=UavAuthNetwork.uav[8]; config=HighNoise
929,HighNoise-7-20260810-15:00:06-741035,HighNoise,7,7,7,sha3,10,,,,9,static,500.0,230.0,500.0,230.0,0.0,1.528605,module=UavAuthNetwork.uav[9]; config=HighNoise
930,HighNoise-8-20260810-15:00:07-741035,HighNoise,8,8,8,sha3,10,,,,0,static,100.0,50.0,100.0,50.0,0.0,1.516773,module=UavAuthNetwork.uav[0]; config=HighNoise
931,HighNoise-8-20260810-15:00:07-741035,HighNoise,8,8,8,sha3,10,,,,1,static,275.0,50.0,275.0,50.0,0.0,1.514613,module=UavAuthNetwork.uav[1]; config=HighNoise
932,HighNoise-8-20260810-15:00:07-741035,HighNoise,8,8,8,sha3,10,,,,2,static,450.0,50.0,450.0,50.0,0.0,1.466669,module=UavAuthNetwork.uav[2]; config=HighNoise
933,HighNoise-8-20260810-15:00:07-741035,HighNoise,8,8,8,sha3,10,,,,3,static,100.0,300.0,100.0,300.0,0.0,1.522571,module=UavAuthNetwork.uav[3]; config=HighNoise
934,HighNoise-8-20260810-15:00:07-741035,HighNoise,8,8,8,sha3,10,,,,4,static,275.0,300.0,275.0,300.0,0.0,1.488748,module=UavAuthNetwork.uav[4]; config=HighNoise
935,HighNoise-8-20260810-15:00:07-741035,HighNoise,8,8,8,sha3,10,,,,5,static,450.0,300.0,450.0,300.0,0.0,1.4754,module=UavAuthNetwork.uav[5]; config=HighNoise
936,HighNoise-8-20260810-15:00:07-741035,HighNoise,8,8,8,sha3,10,,,,6,static,50.0,120.0,50.0,120.0,0.0,1.484144,module=UavAuthNetwork.uav[6]; config=HighNoise
937,HighNoise-8-20260810-15:00:07-741035,HighNoise,8,8,8,sha3,10,,,,7,static,50.0,230.0,50.0,230.0,0.0,1.498979,module=UavAuthNetwork.uav[7]; config=HighNoise
938,HighNoise-8-20260810-15:00:07-741035,HighNoise,8,8,8,sha3,10,,,,8,static,500.0,120.0,500.0,120.0,0.0,0.0,module=UavAuthNetwork.uav[8]; config=HighNoise
939,HighNoise-8-20260810-15:00:07-741035,HighNoise,8,8,8,sha3,10,,,,9,static,500.0,230.0,500.0,230.0,0.0,1.501395,module=UavAuthNetwork.uav[9]; config=HighNoise
940,HighNoise-9-20260810-15:00:08-741035,HighNoise,9,9,9,sha3,10,,,,0,static,100.0,50.0,100.0,50.0,0.0,1.518346,module=UavAuthNetwork.uav[0]; config=HighNoise
941,HighNoise-9-20260810-15:00:08-741035,HighNoise,9,9,9,sha3,10,,,,1,static,275.0,50.0,275.0,50.0,0.0,1.471462,module=UavAuthNetwork.uav[1]; config=HighNoise
942,HighNoise-9-20260810-15:00:08-741035,HighNoise,9,9,9,sha3,10,,,,2,static,450.0,50.0,450.0,50.0,0.0,1.531942,module=UavAuthNetwork.uav[2]; config=HighNoise
943,HighNoise-9-20260810-15:00:08-741035,HighNoise,9,9,9,sha3,10,,,,3,static,100.0,300.0,100.0,300.0,0.0,1.530257,module=UavAuthNetwork.uav[3]; config=HighNoise
944,HighNoise-9-20260810-15:00:08-741035,HighNoise,9,9,9,sha3,10,,,,4,static,275.0,300.0,275.0,300.0,0.0,1.504301,module=UavAuthNetwork.uav[4]; config=HighNoise
945,HighNoise-9-20260810-15:00:08-741035,HighNoise,9,9,9,sha3,10,,,,5,static,450.0,300.0,450.0,300.0,0.0,0.0,module=UavAuthNetwork.uav[5]; config=HighNoise
946,HighNoise-9-20260810-15:00:08-741035,HighNoise,9,9,9,sha3,10,,,,6,static,50.0,120.0,50.0,120.0,0.0,0.0,module=UavAuthNetwork.uav[6]; config=HighNoise
947,HighNoise-9-20260810-15:00:08-741035,HighNoise,9,9,9,sha3,10,,,,7,static,50.0,230.0,50.0,230.0,0.0,1.505888,module=UavAuthNetwork.uav[7]; config=HighNoise
948,HighNoise-9-20260810-15:00:08-741035,HighNoise,9,9,9,sha3,10,,,,8,static,500.0,120.0,500.0,120.0,0.0,1.507791,module=UavAuthNetwork.uav[8]; config=HighNoise
949,HighNoise-9-20260810-15:00:08-741035,HighNoise,9,9,9,sha3,10,,,,9,static,500.0,230.0,500.0,230.0,0.0,1.528708,module=UavAuthNetwork.uav[9]; config=HighNoise
950,MobilityLinear-0-20260810-15:00:22-741124,MobilityLinear,0,0,0,sha3,10,,,,0,linear,100.0,50.0,202.943725,52.943725,2399.146149,1.51844,module=UavAuthNetwork.uav[0]; config=MobilityLinear
951,MobilityLinear-0-20260810-15:00:22-741124,MobilityLinear,0,0,0,sha3,10,,,,1,linear,275.0,50.0,27.943725,52.943725,2398.709935,1.499029,module=UavAuthNetwork.uav[1]; config=MobilityLinear
952,MobilityLinear-0-20260810-15:00:22-741124,MobilityLinear,0,0,0,sha3,10,,,,2,linear,450.0,50.0,147.056275,52.943725,2398.707576,1.472294,module=UavAuthNetwork.uav[2]; config=MobilityLinear
953,MobilityLinear-0-20260810-15:00:22-741124,MobilityLinear,0,0,0,sha3,10,,,,3,linear,100.0,300.0,202.943725,197.056275,2398.993609,1.493561,module=UavAuthNetwork.uav[3]; config=MobilityLinear
954,MobilityLinear-0-20260810-15:00:22-741124,MobilityLinear,0,0,0,sha3,10,,,,4,linear,275.0,300.0,27.943725,197.056275,2398.557472,1.537673,module=UavAuthNetwork.uav[4]; config=MobilityLinear
955,MobilityLinear-0-20260810-15:00:22-741124,MobilityLinear,0,0,0,sha3,10,,,,5,linear,450.0,300.0,147.056275,197.056275,2398.633643,1.485976,module=UavAuthNetwork.uav[5]; config=MobilityLinear
956,MobilityLinear-0-20260810-15:00:22-741124,MobilityLinear,0,0,0,sha3,10,,,,6,linear,50.0,120.0,252.943725,17.056275,2398.419781,1.50849,module=UavAuthNetwork.uav[6]; config=MobilityLinear
957,MobilityLinear-0-20260810-15:00:22-741124,MobilityLinear,0,0,0,sha3,10,,,,7,linear,50.0,230.0,252.943725,127.056275,2398.476263,1.481514,module=UavAuthNetwork.uav[7]; config=MobilityLinear
958,MobilityLinear-0-20260810-15:00:22-741124,MobilityLinear,0,0,0,sha3,10,,,,8,linear,500.0,120.0,197.056275,17.056275,2398.590385,1.540692,module=UavAuthNetwork.uav[8]; config=MobilityLinear
959,MobilityLinear-0-20260810-15:00:22-741124,MobilityLinear,0,0,0,sha3,10,,,,9,linear,500.0,230.0,197.056275,127.056275,2398.646867,1.498887,module=UavAuthNetwork.uav[9]; config=MobilityLinear
960,MobilityLinear-1-20260810-15:00:23-741124,MobilityLinear,1,1,1,sha3,10,,,,0,linear,100.0,50.0,202.943725,52.943725,2399.146149,1.483381,module=UavAuthNetwork.uav[0]; config=MobilityLinear
961,MobilityLinear-1-20260810-15:00:23-741124,MobilityLinear,1,1,1,sha3,10,,,,1,linear,275.0,50.0,27.943725,52.943725,2398.709935,1.496207,module=UavAuthNetwork.uav[1]; config=MobilityLinear
962,MobilityLinear-1-20260810-15:00:23-741124,MobilityLinear,1,1,1,sha3,10,,,,2,linear,450.0,50.0,147.056275,52.943725,2398.707576,1.511432,module=UavAuthNetwork.uav[2]; config=MobilityLinear
963,MobilityLinear-1-20260810-15:00:23-741124,MobilityLinear,1,1,1,sha3,10,,,,3,linear,100.0,300.0,202.943725,197.056275,2398.993609,1.492223,module=UavAuthNetwork.uav[3]; config=MobilityLinear
964,MobilityLinear-1-20260810-15:00:23-741124,MobilityLinear,1,1,1,sha3,10,,,,4,linear,275.0,300.0,27.943725,197.056275,2398.557472,1.512572,module=UavAuthNetwork.uav[4]; config=MobilityLinear
965,MobilityLinear-1-20260810-15:00:23-741124,MobilityLinear,1,1,1,sha3,10,,,,5,linear,450.0,300.0,147.056275,197.056275,2398.633643,1.484065,module=UavAuthNetwork.uav[5]; config=MobilityLinear
966,MobilityLinear-1-20260810-15:00:23-741124,MobilityLinear,1,1,1,sha3,10,,,,6,linear,50.0,120.0,252.943725,17.056275,2398.419781,1.559808,module=UavAuthNetwork.uav[6]; config=MobilityLinear
967,MobilityLinear-1-20260810-15:00:23-741124,MobilityLinear,1,1,1,sha3,10,,,,7,linear,50.0,230.0,252.943725,127.056275,2398.476263,1.506904,module=UavAuthNetwork.uav[7]; config=MobilityLinear
968,MobilityLinear-1-20260810-15:00:23-741124,MobilityLinear,1,1,1,sha3,10,,,,8,linear,500.0,120.0,197.056275,17.056275,2398.590385,1.55105,module=UavAuthNetwork.uav[8]; config=MobilityLinear
969,MobilityLinear-1-20260810-15:00:23-741124,MobilityLinear,1,1,1,sha3,10,,,,9,linear,500.0,230.0,197.056275,127.056275,2398.646867,1.482969,module=UavAuthNetwork.uav[9]; config=MobilityLinear
970,MobilityLinear-10-20260810-15:00:23-741124,MobilityLinear,10,10,10,sha3,10,,,,0,linear,100.0,50.0,202.943725,52.943725,2399.146149,1.523693,module=UavAuthNetwork.uav[0]; config=MobilityLinear
971,MobilityLinear-10-20260810-15:00:23-741124,MobilityLinear,10,10,10,sha3,10,,,,1,linear,275.0,50.0,27.943725,52.943725,2398.709935,1.479948,module=UavAuthNetwork.uav[1]; config=MobilityLinear
972,MobilityLinear-10-20260810-15:00:23-741124,MobilityLinear,10,10,10,sha3,10,,,,2,linear,450.0,50.0,147.056275,52.943725,2398.707576,1.525075,module=UavAuthNetwork.uav[2]; config=MobilityLinear
973,MobilityLinear-10-20260810-15:00:23-741124,MobilityLinear,10,10,10,sha3,10,,,,3,linear,100.0,300.0,202.943725,197.056275,2398.993609,1.467482,module=UavAuthNetwork.uav[3]; config=MobilityLinear
974,MobilityLinear-10-20260810-15:00:23-741124,MobilityLinear,10,10,10,sha3,10,,,,4,linear,275.0,300.0,27.943725,197.056275,2398.557472,1.45628,module=UavAuthNetwork.uav[4]; config=MobilityLinear
975,MobilityLinear-10-20260810-15:00:23-741124,MobilityLinear,10,10,10,sha3,10,,,,5,linear,450.0,300.0,147.056275,197.056275,2398.633643,1.518629,module=UavAuthNetwork.uav[5]; config=MobilityLinear
976,MobilityLinear-10-20260810-15:00:23-741124,MobilityLinear,10,10,10,sha3,10,,,,6,linear,50.0,120.0,252.943725,17.056275,2398.419781,1.505531,module=UavAuthNetwork.uav[6]; config=MobilityLinear
977,MobilityLinear-10-20260810-15:00:23-741124,MobilityLinear,10,10,10,sha3,10,,,,7,linear,50.0,230.0,252.943725,127.056275,2398.476263,1.498815,module=UavAuthNetwork.uav[7]; config=MobilityLinear
978,MobilityLinear-10-20260810-15:00:23-741124,MobilityLinear,10,10,10,sha3,10,,,,8,linear,500.0,120.0,197.056275,17.056275,2398.590385,1.529377,module=UavAuthNetwork.uav[8]; config=MobilityLinear
979,MobilityLinear-10-20260810-15:00:23-741124,MobilityLinear,10,10,10,sha3,10,,,,9,linear,500.0,230.0,197.056275,127.056275,2398.646867,1.493651,module=UavAuthNetwork.uav[9]; config=MobilityLinear
980,MobilityLinear-11-20260810-15:00:23-741124,MobilityLinear,11,11,11,sha3,10,,,,0,linear,100.0,50.0,202.943725,52.943725,2399.146149,1.509644,module=UavAuthNetwork.uav[0]; config=MobilityLinear
981,MobilityLinear-11-20260810-15:00:23-741124,MobilityLinear,11,11,11,sha3,10,,,,1,linear,275.0,50.0,27.943725,52.943725,2398.709935,1.492943,module=UavAuthNetwork.uav[1]; config=MobilityLinear
982,MobilityLinear-11-20260810-15:00:23-741124,MobilityLinear,11,11,11,sha3,10,,,,2,linear,450.0,50.0,147.056275,52.943725,2398.707576,1.514092,module=UavAuthNetwork.uav[2]; config=MobilityLinear
983,MobilityLinear-11-20260810-15:00:23-741124,MobilityLinear,11,11,11,sha3,10,,,,3,linear,100.0,300.0,202.943725,197.056275,2398.993609,1.481986,module=UavAuthNetwork.uav[3]; config=MobilityLinear
984,MobilityLinear-11-20260810-15:00:23-741124,MobilityLinear,11,11,11,sha3,10,,,,4,linear,275.0,300.0,27.943725,197.056275,2398.557472,1.512842,module=UavAuthNetwork.uav[4]; config=MobilityLinear
985,MobilityLinear-11-20260810-15:00:23-741124,MobilityLinear,11,11,11,sha3,10,,,,5,linear,450.0,300.0,147.056275,197.056275,2398.633643,1.484205,module=UavAuthNetwork.uav[5]; config=MobilityLinear
986,MobilityLinear-11-20260810-15:00:23-741124,MobilityLinear,11,11,11,sha3,10,,,,6,linear,50.0,120.0,252.943725,17.056275,2398.419781,1.509715,module=UavAuthNetwork.uav[6]; config=MobilityLinear
987,MobilityLinear-11-20260810-15:00:23-741124,MobilityLinear,11,11,11,sha3,10,,,,7,linear,50.0,230.0,252.943725,127.056275,2398.476263,1.538543,module=UavAuthNetwork.uav[7]; config=MobilityLinear
988,MobilityLinear-11-20260810-15:00:23-741124,MobilityLinear,11,11,11,sha3,10,,,,8,linear,500.0,120.0,197.056275,17.056275,2398.590385,1.50192,module=UavAuthNetwork.uav[8]; config=MobilityLinear
989,MobilityLinear-11-20260810-15:00:23-741124,MobilityLinear,11,11,11,sha3,10,,,,9,linear,500.0,230.0,197.056275,127.056275,2398.646867,1.523241,module=UavAuthNetwork.uav[9]; config=MobilityLinear
990,MobilityLinear-12-20260810-15:00:23-741124,MobilityLinear,12,12,12,sha3,10,,,,0,linear,100.0,50.0,202.943725,52.943725,2399.146149,1.530341,module=UavAuthNetwork.uav[0]; config=MobilityLinear
991,MobilityLinear-12-20260810-15:00:23-741124,MobilityLinear,12,12,12,sha3,10,,,,1,linear,275.0,50.0,27.943725,52.943725,2398.709935,1.489587,module=UavAuthNetwork.uav[1]; config=MobilityLinear
992,MobilityLinear-12-20260810-15:00:23-741124,MobilityLinear,12,12,12,sha3,10,,,,2,linear,450.0,50.0,147.056275,52.943725,2398.707576,1.502573,module=UavAuthNetwork.uav[2]; config=MobilityLinear
993,MobilityLinear-12-20260810-15:00:23-741124,MobilityLinear,12,12,12,sha3,10,,,,3,linear,100.0,300.0,202.943725,197.056275,2398.993609,1.513977,module=UavAuthNetwork.uav[3]; config=MobilityLinear
994,MobilityLinear-12-20260810-15:00:23-741124,MobilityLinear,12,12,12,sha3,10,,,,4,linear,275.0,300.0,27.943725,197.056275,2398.557472,1.515451,module=UavAuthNetwork.uav[4]; config=MobilityLinear
995,MobilityLinear-12-20260810-15:00:23-741124,MobilityLinear,12,12,12,sha3,10,,,,5,linear,450.0,300.0,147.056275,197.056275,2398.633643,1.544375,module=UavAuthNetwork.uav[5]; config=MobilityLinear
996,MobilityLinear-12-20260810-15:00:23-741124,MobilityLinear,12,12,12,sha3,10,,,,6,linear,50.0,120.0,252.943725,17.056275,2398.419781,1.515179,module=UavAuthNetwork.uav[6]; config=MobilityLinear
997,MobilityLinear-12-20260810-15:00:23-741124,MobilityLinear,12,12,12,sha3,10,,,,7,linear,50.0,230.0,252.943725,127.056275,2398.476263,1.511236,module=UavAuthNetwork.uav[7]; config=MobilityLinear
998,MobilityLinear-12-20260810-15:00:23-741124,MobilityLinear,12,12,12,sha3,10,,,,8,linear,500.0,120.0,197.056275,17.056275,2398.590385,1.475758,module=UavAuthNetwork.uav[8]; config=MobilityLinear
999,MobilityLinear-12-20260810-15:00:23-741124,MobilityLinear,12,12,12,sha3,10,,,,9,linear,500.0,230.0,197.056275,127.056275,2398.646867,1.473061,module=UavAuthNetwork.uav[9]; config=MobilityLinear
1000,MobilityLinear-13-20260810-15:00:23-741124,MobilityLinear,13,13,13,sha3,10,,,,0,linear,100.0,50.0,202.943725,52.943725,2399.146149,1.483202,module=UavAuthNetwork.uav[0]; config=MobilityLinear
1001,MobilityLinear-13-20260810-15:00:23-741124,MobilityLinear,13,13,13,sha3,10,,,,1,linear,275.0,50.0,27.943725,52.943725,2398.709935,1.479105,module=UavAuthNetwork.uav[1]; config=MobilityLinear
1002,MobilityLinear-13-20260810-15:00:23-741124,MobilityLinear,13,13,13,sha3,10,,,,2,linear,450.0,50.0,147.056275,52.943725,2398.707576,1.491255,module=UavAuthNetwork.uav[2]; config=MobilityLinear
1003,MobilityLinear-13-20260810-15:00:23-741124,MobilityLinear,13,13,13,sha3,10,,,,3,linear,100.0,300.0,202.943725,197.056275,2398.993609,1.464564,module=UavAuthNetwork.uav[3]; config=MobilityLinear
1004,MobilityLinear-13-20260810-15:00:23-741124,MobilityLinear,13,13,13,sha3,10,,,,4,linear,275.0,300.0,27.943725,197.056275,2398.557472,1.508527,module=UavAuthNetwork.uav[4]; config=MobilityLinear
1005,MobilityLinear-13-20260810-15:00:23-741124,MobilityLinear,13,13,13,sha3,10,,,,5,linear,450.0,300.0,147.056275,197.056275,2398.633643,1.473662,module=UavAuthNetwork.uav[5]; config=MobilityLinear
1006,MobilityLinear-13-20260810-15:00:23-741124,MobilityLinear,13,13,13,sha3,10,,,,6,linear,50.0,120.0,252.943725,17.056275,2398.419781,1.485064,module=UavAuthNetwork.uav[6]; config=MobilityLinear
1007,MobilityLinear-13-20260810-15:00:23-741124,MobilityLinear,13,13,13,sha3,10,,,,7,linear,50.0,230.0,252.943725,127.056275,2398.476263,1.536743,module=UavAuthNetwork.uav[7]; config=MobilityLinear
1008,MobilityLinear-13-20260810-15:00:23-741124,MobilityLinear,13,13,13,sha3,10,,,,8,linear,500.0,120.0,197.056275,17.056275,2398.590385,1.531014,module=UavAuthNetwork.uav[8]; config=MobilityLinear
1009,MobilityLinear-13-20260810-15:00:23-741124,MobilityLinear,13,13,13,sha3,10,,,,9,linear,500.0,230.0,197.056275,127.056275,2398.646867,1.500028,module=UavAuthNetwork.uav[9]; config=MobilityLinear
1010,MobilityLinear-14-20260810-15:00:23-741124,MobilityLinear,14,14,14,sha3,10,,,,0,linear,100.0,50.0,202.943725,52.943725,2399.146149,1.498107,module=UavAuthNetwork.uav[0]; config=MobilityLinear
1011,MobilityLinear-14-20260810-15:00:23-741124,MobilityLinear,14,14,14,sha3,10,,,,1,linear,275.0,50.0,27.943725,52.943725,2398.709935,1.494428,module=UavAuthNetwork.uav[1]; config=MobilityLinear
1012,MobilityLinear-14-20260810-15:00:23-741124,MobilityLinear,14,14,14,sha3,10,,,,2,linear,450.0,50.0,147.056275,52.943725,2398.707576,1.495711,module=UavAuthNetwork.uav[2]; config=MobilityLinear
1013,MobilityLinear-14-20260810-15:00:23-741124,MobilityLinear,14,14,14,sha3,10,,,,3,linear,100.0,300.0,202.943725,197.056275,2398.993609,1.514873,module=UavAuthNetwork.uav[3]; config=MobilityLinear
1014,MobilityLinear-14-20260810-15:00:23-741124,MobilityLinear,14,14,14,sha3,10,,,,4,linear,275.0,300.0,27.943725,197.056275,2398.557472,1.487616,module=UavAuthNetwork.uav[4]; config=MobilityLinear
1015,MobilityLinear-14-20260810-15:00:23-741124,MobilityLinear,14,14,14,sha3,10,,,,5,linear,450.0,300.0,147.056275,197.056275,2398.633643,1.490243,module=UavAuthNetwork.uav[5]; config=MobilityLinear
1016,MobilityLinear-14-20260810-15:00:23-741124,MobilityLinear,14,14,14,sha3,10,,,,6,linear,50.0,120.0,252.943725,17.056275,2398.419781,1.474211,module=UavAuthNetwork.uav[6]; config=MobilityLinear
1017,MobilityLinear-14-20260810-15:00:23-741124,MobilityLinear,14,14,14,sha3,10,,,,7,linear,50.0,230.0,252.943725,127.056275,2398.476263,1.484521,module=UavAuthNetwork.uav[7]; config=MobilityLinear
1018,MobilityLinear-14-20260810-15:00:23-741124,MobilityLinear,14,14,14,sha3,10,,,,8,linear,500.0,120.0,197.056275,17.056275,2398.590385,1.523854,module=UavAuthNetwork.uav[8]; config=MobilityLinear
1019,MobilityLinear-14-20260810-15:00:23-741124,MobilityLinear,14,14,14,sha3,10,,,,9,linear,500.0,230.0,197.056275,127.056275,2398.646867,1.517709,module=UavAuthNetwork.uav[9]; config=MobilityLinear
1020,MobilityLinear-15-20260810-15:00:23-741124,MobilityLinear,15,15,15,sha3,10,,,,0,linear,100.0,50.0,202.943725,52.943725,2399.146149,1.530723,module=UavAuthNetwork.uav[0]; config=MobilityLinear
1021,MobilityLinear-15-20260810-15:00:23-741124,MobilityLinear,15,15,15,sha3,10,,,,1,linear,275.0,50.0,27.943725,52.943725,2398.709935,1.48299,module=UavAuthNetwork.uav[1]; config=MobilityLinear
1022,MobilityLinear-15-20260810-15:00:23-741124,MobilityLinear,15,15,15,sha3,10,,,,2,linear,450.0,50.0,147.056275,52.943725,2398.707576,1.501164,module=UavAuthNetwork.uav[2]; config=MobilityLinear
1023,MobilityLinear-15-20260810-15:00:23-741124,MobilityLinear,15,15,15,sha3,10,,,,3,linear,100.0,300.0,202.943725,197.056275,2398.993609,1.493448,module=UavAuthNetwork.uav[3]; config=MobilityLinear
1024,MobilityLinear-15-20260810-15:00:23-741124,MobilityLinear,15,15,15,sha3,10,,,,4,linear,275.0,300.0,27.943725,197.056275,2398.557472,1.501878,module=UavAuthNetwork.uav[4]; config=MobilityLinear
1025,MobilityLinear-15-20260810-15:00:23-741124,MobilityLinear,15,15,15,sha3,10,,,,5,linear,450.0,300.0,147.056275,197.056275,2398.633643,1.480203,module=UavAuthNetwork.uav[5]; config=MobilityLinear
1026,MobilityLinear-15-20260810-15:00:23-741124,MobilityLinear,15,15,15,sha3,10,,,,6,linear,50.0,120.0,252.943725,17.056275,2398.419781,1.515091,module=UavAuthNetwork.uav[6]; config=MobilityLinear
1027,MobilityLinear-15-20260810-15:00:23-741124,MobilityLinear,15,15,15,sha3,10,,,,7,linear,50.0,230.0,252.943725,127.056275,2398.476263,1.500404,module=UavAuthNetwork.uav[7]; config=MobilityLinear
1028,MobilityLinear-15-20260810-15:00:23-741124,MobilityLinear,15,15,15,sha3,10,,,,8,linear,500.0,120.0,197.056275,17.056275,2398.590385,1.501455,module=UavAuthNetwork.uav[8]; config=MobilityLinear
1029,MobilityLinear-15-20260810-15:00:23-741124,MobilityLinear,15,15,15,sha3,10,,,,9,linear,500.0,230.0,197.056275,127.056275,2398.646867,1.496179,module=UavAuthNetwork.uav[9]; config=MobilityLinear
1030,MobilityLinear-16-20260810-15:00:23-741124,MobilityLinear,16,16,16,sha3,10,,,,0,linear,100.0,50.0,202.943725,52.943725,2399.146149,1.484537,module=UavAuthNetwork.uav[0]; config=MobilityLinear
1031,MobilityLinear-16-20260810-15:00:23-741124,MobilityLinear,16,16,16,sha3,10,,,,1,linear,275.0,50.0,27.943725,52.943725,2398.709935,1.481917,module=UavAuthNetwork.uav[1]; config=MobilityLinear
1032,MobilityLinear-16-20260810-15:00:23-741124,MobilityLinear,16,16,16,sha3,10,,,,2,linear,450.0,50.0,147.056275,52.943725,2398.707576,1.472037,module=UavAuthNetwork.uav[2]; config=MobilityLinear
1033,MobilityLinear-16-20260810-15:00:23-741124,MobilityLinear,16,16,16,sha3,10,,,,3,linear,100.0,300.0,202.943725,197.056275,2398.993609,1.470385,module=UavAuthNetwork.uav[3]; config=MobilityLinear
1034,MobilityLinear-16-20260810-15:00:23-741124,MobilityLinear,16,16,16,sha3,10,,,,4,linear,275.0,300.0,27.943725,197.056275,2398.557472,1.478512,module=UavAuthNetwork.uav[4]; config=MobilityLinear
1035,MobilityLinear-16-20260810-15:00:23-741124,MobilityLinear,16,16,16,sha3,10,,,,5,linear,450.0,300.0,147.056275,197.056275,2398.633643,1.534621,module=UavAuthNetwork.uav[5]; config=MobilityLinear
1036,MobilityLinear-16-20260810-15:00:23-741124,MobilityLinear,16,16,16,sha3,10,,,,6,linear,50.0,120.0,252.943725,17.056275,2398.419781,1.508021,module=UavAuthNetwork.uav[6]; config=MobilityLinear
1037,MobilityLinear-16-20260810-15:00:23-741124,MobilityLinear,16,16,16,sha3,10,,,,7,linear,50.0,230.0,252.943725,127.056275,2398.476263,1.489014,module=UavAuthNetwork.uav[7]; config=MobilityLinear
1038,MobilityLinear-16-20260810-15:00:23-741124,MobilityLinear,16,16,16,sha3,10,,,,8,linear,500.0,120.0,197.056275,17.056275,2398.590385,1.483257,module=UavAuthNetwork.uav[8]; config=MobilityLinear
1039,MobilityLinear-16-20260810-15:00:23-741124,MobilityLinear,16,16,16,sha3,10,,,,9,linear,500.0,230.0,197.056275,127.056275,2398.646867,1.53037,module=UavAuthNetwork.uav[9]; config=MobilityLinear
1040,MobilityLinear-17-20260810-15:00:23-741124,MobilityLinear,17,17,17,sha3,10,,,,0,linear,100.0,50.0,202.943725,52.943725,2399.146149,1.508715,module=UavAuthNetwork.uav[0]; config=MobilityLinear
1041,MobilityLinear-17-20260810-15:00:23-741124,MobilityLinear,17,17,17,sha3,10,,,,1,linear,275.0,50.0,27.943725,52.943725,2398.709935,1.484762,module=UavAuthNetwork.uav[1]; config=MobilityLinear
1042,MobilityLinear-17-20260810-15:00:23-741124,MobilityLinear,17,17,17,sha3,10,,,,2,linear,450.0,50.0,147.056275,52.943725,2398.707576,1.461711,module=UavAuthNetwork.uav[2]; config=MobilityLinear
1043,MobilityLinear-17-20260810-15:00:23-741124,MobilityLinear,17,17,17,sha3,10,,,,3,linear,100.0,300.0,202.943725,197.056275,2398.993609,1.510063,module=UavAuthNetwork.uav[3]; config=MobilityLinear
1044,MobilityLinear-17-20260810-15:00:23-741124,MobilityLinear,17,17,17,sha3,10,,,,4,linear,275.0,300.0,27.943725,197.056275,2398.557472,1.514449,module=UavAuthNetwork.uav[4]; config=MobilityLinear
1045,MobilityLinear-17-20260810-15:00:23-741124,MobilityLinear,17,17,17,sha3,10,,,,5,linear,450.0,300.0,147.056275,197.056275,2398.633643,1.518031,module=UavAuthNetwork.uav[5]; config=MobilityLinear
1046,MobilityLinear-17-20260810-15:00:23-741124,MobilityLinear,17,17,17,sha3,10,,,,6,linear,50.0,120.0,252.943725,17.056275,2398.419781,1.526081,module=UavAuthNetwork.uav[6]; config=MobilityLinear
1047,MobilityLinear-17-20260810-15:00:23-741124,MobilityLinear,17,17,17,sha3,10,,,,7,linear,50.0,230.0,252.943725,127.056275,2398.476263,1.554783,module=UavAuthNetwork.uav[7]; config=MobilityLinear
1048,MobilityLinear-17-20260810-15:00:23-741124,MobilityLinear,17,17,17,sha3,10,,,,8,linear,500.0,120.0,197.056275,17.056275,2398.590385,1.496167,module=UavAuthNetwork.uav[8]; config=MobilityLinear
1049,MobilityLinear-17-20260810-15:00:23-741124,MobilityLinear,17,17,17,sha3,10,,,,9,linear,500.0,230.0,197.056275,127.056275,2398.646867,1.524197,module=UavAuthNetwork.uav[9]; config=MobilityLinear
1050,MobilityLinear-18-20260810-15:00:23-741124,MobilityLinear,18,18,18,sha3,10,,,,0,linear,100.0,50.0,202.943725,52.943725,2399.146149,1.543457,module=UavAuthNetwork.uav[0]; config=MobilityLinear
1051,MobilityLinear-18-20260810-15:00:23-741124,MobilityLinear,18,18,18,sha3,10,,,,1,linear,275.0,50.0,27.943725,52.943725,2398.709935,1.481641,module=UavAuthNetwork.uav[1]; config=MobilityLinear
1052,MobilityLinear-18-20260810-15:00:23-741124,MobilityLinear,18,18,18,sha3,10,,,,2,linear,450.0,50.0,147.056275,52.943725,2398.707576,1.50917,module=UavAuthNetwork.uav[2]; config=MobilityLinear
1053,MobilityLinear-18-20260810-15:00:23-741124,MobilityLinear,18,18,18,sha3,10,,,,3,linear,100.0,300.0,202.943725,197.056275,2398.993609,1.539893,module=UavAuthNetwork.uav[3]; config=MobilityLinear
1054,MobilityLinear-18-20260810-15:00:23-741124,MobilityLinear,18,18,18,sha3,10,,,,4,linear,275.0,300.0,27.943725,197.056275,2398.557472,1.519352,module=UavAuthNetwork.uav[4]; config=MobilityLinear
1055,MobilityLinear-18-20260810-15:00:23-741124,MobilityLinear,18,18,18,sha3,10,,,,5,linear,450.0,300.0,147.056275,197.056275,2398.633643,1.536704,module=UavAuthNetwork.uav[5]; config=MobilityLinear
1056,MobilityLinear-18-20260810-15:00:23-741124,MobilityLinear,18,18,18,sha3,10,,,,6,linear,50.0,120.0,252.943725,17.056275,2398.419781,1.521766,module=UavAuthNetwork.uav[6]; config=MobilityLinear
1057,MobilityLinear-18-20260810-15:00:23-741124,MobilityLinear,18,18,18,sha3,10,,,,7,linear,50.0,230.0,252.943725,127.056275,2398.476263,1.519395,module=UavAuthNetwork.uav[7]; config=MobilityLinear
1058,MobilityLinear-18-20260810-15:00:23-741124,MobilityLinear,18,18,18,sha3,10,,,,8,linear,500.0,120.0,197.056275,17.056275,2398.590385,1.493854,module=UavAuthNetwork.uav[8]; config=MobilityLinear
1059,MobilityLinear-18-20260810-15:00:23-741124,MobilityLinear,18,18,18,sha3,10,,,,9,linear,500.0,230.0,197.056275,127.056275,2398.646867,1.513669,module=UavAuthNetwork.uav[9]; config=MobilityLinear
1060,MobilityLinear-19-20260810-15:00:24-741124,MobilityLinear,19,19,19,sha3,10,,,,0,linear,100.0,50.0,202.943725,52.943725,2399.146149,1.534638,module=UavAuthNetwork.uav[0]; config=MobilityLinear
1061,MobilityLinear-19-20260810-15:00:24-741124,MobilityLinear,19,19,19,sha3,10,,,,1,linear,275.0,50.0,27.943725,52.943725,2398.709935,1.483462,module=UavAuthNetwork.uav[1]; config=MobilityLinear
1062,MobilityLinear-19-20260810-15:00:24-741124,MobilityLinear,19,19,19,sha3,10,,,,2,linear,450.0,50.0,147.056275,52.943725,2398.707576,1.506042,module=UavAuthNetwork.uav[2]; config=MobilityLinear
1063,MobilityLinear-19-20260810-15:00:24-741124,MobilityLinear,19,19,19,sha3,10,,,,3,linear,100.0,300.0,202.943725,197.056275,2398.993609,1.464754,module=UavAuthNetwork.uav[3]; config=MobilityLinear
1064,MobilityLinear-19-20260810-15:00:24-741124,MobilityLinear,19,19,19,sha3,10,,,,4,linear,275.0,300.0,27.943725,197.056275,2398.557472,1.467342,module=UavAuthNetwork.uav[4]; config=MobilityLinear
1065,MobilityLinear-19-20260810-15:00:24-741124,MobilityLinear,19,19,19,sha3,10,,,,5,linear,450.0,300.0,147.056275,197.056275,2398.633643,1.489166,module=UavAuthNetwork.uav[5]; config=MobilityLinear
1066,MobilityLinear-19-20260810-15:00:24-741124,MobilityLinear,19,19,19,sha3,10,,,,6,linear,50.0,120.0,252.943725,17.056275,2398.419781,1.46336,module=UavAuthNetwork.uav[6]; config=MobilityLinear
1067,MobilityLinear-19-20260810-15:00:24-741124,MobilityLinear,19,19,19,sha3,10,,,,7,linear,50.0,230.0,252.943725,127.056275,2398.476263,1.548986,module=UavAuthNetwork.uav[7]; config=MobilityLinear
1068,MobilityLinear-19-20260810-15:00:24-741124,MobilityLinear,19,19,19,sha3,10,,,,8,linear,500.0,120.0,197.056275,17.056275,2398.590385,1.498759,module=UavAuthNetwork.uav[8]; config=MobilityLinear
1069,MobilityLinear-19-20260810-15:00:24-741124,MobilityLinear,19,19,19,sha3,10,,,,9,linear,500.0,230.0,197.056275,127.056275,2398.646867,1.476081,module=UavAuthNetwork.uav[9]; config=MobilityLinear
1070,MobilityLinear-2-20260810-15:00:23-741124,MobilityLinear,2,2,2,sha3,10,,,,0,linear,100.0,50.0,202.943725,52.943725,2399.146149,1.51342,module=UavAuthNetwork.uav[0]; config=MobilityLinear
1071,MobilityLinear-2-20260810-15:00:23-741124,MobilityLinear,2,2,2,sha3,10,,,,1,linear,275.0,50.0,27.943725,52.943725,2398.709935,1.50287,module=UavAuthNetwork.uav[1]; config=MobilityLinear
1072,MobilityLinear-2-20260810-15:00:23-741124,MobilityLinear,2,2,2,sha3,10,,,,2,linear,450.0,50.0,147.056275,52.943725,2398.707576,1.502175,module=UavAuthNetwork.uav[2]; config=MobilityLinear
1073,MobilityLinear-2-20260810-15:00:23-741124,MobilityLinear,2,2,2,sha3,10,,,,3,linear,100.0,300.0,202.943725,197.056275,2398.993609,1.493738,module=UavAuthNetwork.uav[3]; config=MobilityLinear
1074,MobilityLinear-2-20260810-15:00:23-741124,MobilityLinear,2,2,2,sha3,10,,,,4,linear,275.0,300.0,27.943725,197.056275,2398.557472,1.49549,module=UavAuthNetwork.uav[4]; config=MobilityLinear
1075,MobilityLinear-2-20260810-15:00:23-741124,MobilityLinear,2,2,2,sha3,10,,,,5,linear,450.0,300.0,147.056275,197.056275,2398.633643,1.533569,module=UavAuthNetwork.uav[5]; config=MobilityLinear
1076,MobilityLinear-2-20260810-15:00:23-741124,MobilityLinear,2,2,2,sha3,10,,,,6,linear,50.0,120.0,252.943725,17.056275,2398.419781,1.483665,module=UavAuthNetwork.uav[6]; config=MobilityLinear
1077,MobilityLinear-2-20260810-15:00:23-741124,MobilityLinear,2,2,2,sha3,10,,,,7,linear,50.0,230.0,252.943725,127.056275,2398.476263,1.51893,module=UavAuthNetwork.uav[7]; config=MobilityLinear
1078,MobilityLinear-2-20260810-15:00:23-741124,MobilityLinear,2,2,2,sha3,10,,,,8,linear,500.0,120.0,197.056275,17.056275,2398.590385,1.533016,module=UavAuthNetwork.uav[8]; config=MobilityLinear
1079,MobilityLinear-2-20260810-15:00:23-741124,MobilityLinear,2,2,2,sha3,10,,,,9,linear,500.0,230.0,197.056275,127.056275,2398.646867,1.482017,module=UavAuthNetwork.uav[9]; config=MobilityLinear
1080,MobilityLinear-20-20260810-15:00:24-741124,MobilityLinear,20,20,20,sha3,10,,,,0,linear,100.0,50.0,202.943725,52.943725,2399.146149,1.531435,module=UavAuthNetwork.uav[0]; config=MobilityLinear
1081,MobilityLinear-20-20260810-15:00:24-741124,MobilityLinear,20,20,20,sha3,10,,,,1,linear,275.0,50.0,27.943725,52.943725,2398.709935,1.504675,module=UavAuthNetwork.uav[1]; config=MobilityLinear
1082,MobilityLinear-20-20260810-15:00:24-741124,MobilityLinear,20,20,20,sha3,10,,,,2,linear,450.0,50.0,147.056275,52.943725,2398.707576,1.513315,module=UavAuthNetwork.uav[2]; config=MobilityLinear
1083,MobilityLinear-20-20260810-15:00:24-741124,MobilityLinear,20,20,20,sha3,10,,,,3,linear,100.0,300.0,202.943725,197.056275,2398.993609,1.528109,module=UavAuthNetwork.uav[3]; config=MobilityLinear
1084,MobilityLinear-20-20260810-15:00:24-741124,MobilityLinear,20,20,20,sha3,10,,,,4,linear,275.0,300.0,27.943725,197.056275,2398.557472,1.494323,module=UavAuthNetwork.uav[4]; config=MobilityLinear
1085,MobilityLinear-20-20260810-15:00:24-741124,MobilityLinear,20,20,20,sha3,10,,,,5,linear,450.0,300.0,147.056275,197.056275,2398.633643,1.570478,module=UavAuthNetwork.uav[5]; config=MobilityLinear
1086,MobilityLinear-20-20260810-15:00:24-741124,MobilityLinear,20,20,20,sha3,10,,,,6,linear,50.0,120.0,252.943725,17.056275,2398.419781,1.502397,module=UavAuthNetwork.uav[6]; config=MobilityLinear
1087,MobilityLinear-20-20260810-15:00:24-741124,MobilityLinear,20,20,20,sha3,10,,,,7,linear,50.0,230.0,252.943725,127.056275,2398.476263,1.489895,module=UavAuthNetwork.uav[7]; config=MobilityLinear
1088,MobilityLinear-20-20260810-15:00:24-741124,MobilityLinear,20,20,20,sha3,10,,,,8,linear,500.0,120.0,197.056275,17.056275,2398.590385,1.486237,module=UavAuthNetwork.uav[8]; config=MobilityLinear
1089,MobilityLinear-20-20260810-15:00:24-741124,MobilityLinear,20,20,20,sha3,10,,,,9,linear,500.0,230.0,197.056275,127.056275,2398.646867,1.534767,module=UavAuthNetwork.uav[9]; config=MobilityLinear
1090,MobilityLinear-21-20260810-15:00:24-741124,MobilityLinear,21,21,21,sha3,10,,,,0,linear,100.0,50.0,202.943725,52.943725,2399.146149,1.507124,module=UavAuthNetwork.uav[0]; config=MobilityLinear
1091,MobilityLinear-21-20260810-15:00:24-741124,MobilityLinear,21,21,21,sha3,10,,,,1,linear,275.0,50.0,27.943725,52.943725,2398.709935,1.561741,module=UavAuthNetwork.uav[1]; config=MobilityLinear
1092,MobilityLinear-21-20260810-15:00:24-741124,MobilityLinear,21,21,21,sha3,10,,,,2,linear,450.0,50.0,147.056275,52.943725,2398.707576,1.536299,module=UavAuthNetwork.uav[2]; config=MobilityLinear
1093,MobilityLinear-21-20260810-15:00:24-741124,MobilityLinear,21,21,21,sha3,10,,,,3,linear,100.0,300.0,202.943725,197.056275,2398.993609,1.456759,module=UavAuthNetwork.uav[3]; config=MobilityLinear
1094,MobilityLinear-21-20260810-15:00:24-741124,MobilityLinear,21,21,21,sha3,10,,,,4,linear,275.0,300.0,27.943725,197.056275,2398.557472,1.511423,module=UavAuthNetwork.uav[4]; config=MobilityLinear
1095,MobilityLinear-21-20260810-15:00:24-741124,MobilityLinear,21,21,21,sha3,10,,,,5,linear,450.0,300.0,147.056275,197.056275,2398.633643,1.463856,module=UavAuthNetwork.uav[5]; config=MobilityLinear
1096,MobilityLinear-21-20260810-15:00:24-741124,MobilityLinear,21,21,21,sha3,10,,,,6,linear,50.0,120.0,252.943725,17.056275,2398.419781,1.486481,module=UavAuthNetwork.uav[6]; config=MobilityLinear
1097,MobilityLinear-21-20260810-15:00:24-741124,MobilityLinear,21,21,21,sha3,10,,,,7,linear,50.0,230.0,252.943725,127.056275,2398.476263,1.492595,module=UavAuthNetwork.uav[7]; config=MobilityLinear
1098,MobilityLinear-21-20260810-15:00:24-741124,MobilityLinear,21,21,21,sha3,10,,,,8,linear,500.0,120.0,197.056275,17.056275,2398.590385,1.494067,module=UavAuthNetwork.uav[8]; config=MobilityLinear
1099,MobilityLinear-21-20260810-15:00:24-741124,MobilityLinear,21,21,21,sha3,10,,,,9,linear,500.0,230.0,197.056275,127.056275,2398.646867,1.468964,module=UavAuthNetwork.uav[9]; config=MobilityLinear
1100,MobilityLinear-22-20260810-15:00:24-741124,MobilityLinear,22,22,22,sha3,10,,,,0,linear,100.0,50.0,202.943725,52.943725,2399.146149,1.498277,module=UavAuthNetwork.uav[0]; config=MobilityLinear
1101,MobilityLinear-22-20260810-15:00:24-741124,MobilityLinear,22,22,22,sha3,10,,,,1,linear,275.0,50.0,27.943725,52.943725,2398.709935,1.498368,module=UavAuthNetwork.uav[1]; config=MobilityLinear
1102,MobilityLinear-22-20260810-15:00:24-741124,MobilityLinear,22,22,22,sha3,10,,,,2,linear,450.0,50.0,147.056275,52.943725,2398.707576,1.504597,module=UavAuthNetwork.uav[2]; config=MobilityLinear
1103,MobilityLinear-22-20260810-15:00:24-741124,MobilityLinear,22,22,22,sha3,10,,,,3,linear,100.0,300.0,202.943725,197.056275,2398.993609,1.497312,module=UavAuthNetwork.uav[3]; config=MobilityLinear
1104,MobilityLinear-22-20260810-15:00:24-741124,MobilityLinear,22,22,22,sha3,10,,,,4,linear,275.0,300.0,27.943725,197.056275,2398.557472,1.490325,module=UavAuthNetwork.uav[4]; config=MobilityLinear
1105,MobilityLinear-22-20260810-15:00:24-741124,MobilityLinear,22,22,22,sha3,10,,,,5,linear,450.0,300.0,147.056275,197.056275,2398.633643,1.482129,module=UavAuthNetwork.uav[5]; config=MobilityLinear
1106,MobilityLinear-22-20260810-15:00:24-741124,MobilityLinear,22,22,22,sha3,10,,,,6,linear,50.0,120.0,252.943725,17.056275,2398.419781,1.507117,module=UavAuthNetwork.uav[6]; config=MobilityLinear
1107,MobilityLinear-22-20260810-15:00:24-741124,MobilityLinear,22,22,22,sha3,10,,,,7,linear,50.0,230.0,252.943725,127.056275,2398.476263,1.511215,module=UavAuthNetwork.uav[7]; config=MobilityLinear
1108,MobilityLinear-22-20260810-15:00:24-741124,MobilityLinear,22,22,22,sha3,10,,,,8,linear,500.0,120.0,197.056275,17.056275,2398.590385,1.492926,module=UavAuthNetwork.uav[8]; config=MobilityLinear
1109,MobilityLinear-22-20260810-15:00:24-741124,MobilityLinear,22,22,22,sha3,10,,,,9,linear,500.0,230.0,197.056275,127.056275,2398.646867,1.476025,module=UavAuthNetwork.uav[9]; config=MobilityLinear
1110,MobilityLinear-23-20260810-15:00:24-741124,MobilityLinear,23,23,23,sha3,10,,,,0,linear,100.0,50.0,202.943725,52.943725,2399.146149,1.51164,module=UavAuthNetwork.uav[0]; config=MobilityLinear
1111,MobilityLinear-23-20260810-15:00:24-741124,MobilityLinear,23,23,23,sha3,10,,,,1,linear,275.0,50.0,27.943725,52.943725,2398.709935,1.51483,module=UavAuthNetwork.uav[1]; config=MobilityLinear
1112,MobilityLinear-23-20260810-15:00:24-741124,MobilityLinear,23,23,23,sha3,10,,,,2,linear,450.0,50.0,147.056275,52.943725,2398.707576,1.495691,module=UavAuthNetwork.uav[2]; config=MobilityLinear
1113,MobilityLinear-23-20260810-15:00:24-741124,MobilityLinear,23,23,23,sha3,10,,,,3,linear,100.0,300.0,202.943725,197.056275,2398.993609,1.483223,module=UavAuthNetwork.uav[3]; config=MobilityLinear
1114,MobilityLinear-23-20260810-15:00:24-741124,MobilityLinear,23,23,23,sha3,10,,,,4,linear,275.0,300.0,27.943725,197.056275,2398.557472,1.552806,module=UavAuthNetwork.uav[4]; config=MobilityLinear
1115,MobilityLinear-23-20260810-15:00:24-741124,MobilityLinear,23,23,23,sha3,10,,,,5,linear,450.0,300.0,147.056275,197.056275,2398.633643,1.532783,module=UavAuthNetwork.uav[5]; config=MobilityLinear
1116,MobilityLinear-23-20260810-15:00:24-741124,MobilityLinear,23,23,23,sha3,10,,,,6,linear,50.0,120.0,252.943725,17.056275,2398.419781,1.499304,module=UavAuthNetwork.uav[6]; config=MobilityLinear
1117,MobilityLinear-23-20260810-15:00:24-741124,MobilityLinear,23,23,23,sha3,10,,,,7,linear,50.0,230.0,252.943725,127.056275,2398.476263,1.454376,module=UavAuthNetwork.uav[7]; config=MobilityLinear
1118,MobilityLinear-23-20260810-15:00:24-741124,MobilityLinear,23,23,23,sha3,10,,,,8,linear,500.0,120.0,197.056275,17.056275,2398.590385,1.507152,module=UavAuthNetwork.uav[8]; config=MobilityLinear
1119,MobilityLinear-23-20260810-15:00:24-741124,MobilityLinear,23,23,23,sha3,10,,,,9,linear,500.0,230.0,197.056275,127.056275,2398.646867,1.493623,module=UavAuthNetwork.uav[9]; config=MobilityLinear
1120,MobilityLinear-24-20260810-15:00:24-741124,MobilityLinear,24,24,24,sha3,10,,,,0,linear,100.0,50.0,202.943725,52.943725,2399.146149,1.478193,module=UavAuthNetwork.uav[0]; config=MobilityLinear
1121,MobilityLinear-24-20260810-15:00:24-741124,MobilityLinear,24,24,24,sha3,10,,,,1,linear,275.0,50.0,27.943725,52.943725,2398.709935,1.512649,module=UavAuthNetwork.uav[1]; config=MobilityLinear
1122,MobilityLinear-24-20260810-15:00:24-741124,MobilityLinear,24,24,24,sha3,10,,,,2,linear,450.0,50.0,147.056275,52.943725,2398.707576,1.500546,module=UavAuthNetwork.uav[2]; config=MobilityLinear
1123,MobilityLinear-24-20260810-15:00:24-741124,MobilityLinear,24,24,24,sha3,10,,,,3,linear,100.0,300.0,202.943725,197.056275,2398.993609,1.501208,module=UavAuthNetwork.uav[3]; config=MobilityLinear
1124,MobilityLinear-24-20260810-15:00:24-741124,MobilityLinear,24,24,24,sha3,10,,,,4,linear,275.0,300.0,27.943725,197.056275,2398.557472,1.484709,module=UavAuthNetwork.uav[4]; config=MobilityLinear
1125,MobilityLinear-24-20260810-15:00:24-741124,MobilityLinear,24,24,24,sha3,10,,,,5,linear,450.0,300.0,147.056275,197.056275,2398.633643,1.50502,module=UavAuthNetwork.uav[5]; config=MobilityLinear
1126,MobilityLinear-24-20260810-15:00:24-741124,MobilityLinear,24,24,24,sha3,10,,,,6,linear,50.0,120.0,252.943725,17.056275,2398.419781,1.49286,module=UavAuthNetwork.uav[6]; config=MobilityLinear
1127,MobilityLinear-24-20260810-15:00:24-741124,MobilityLinear,24,24,24,sha3,10,,,,7,linear,50.0,230.0,252.943725,127.056275,2398.476263,1.555757,module=UavAuthNetwork.uav[7]; config=MobilityLinear
1128,MobilityLinear-24-20260810-15:00:24-741124,MobilityLinear,24,24,24,sha3,10,,,,8,linear,500.0,120.0,197.056275,17.056275,2398.590385,1.489361,module=UavAuthNetwork.uav[8]; config=MobilityLinear
1129,MobilityLinear-24-20260810-15:00:24-741124,MobilityLinear,24,24,24,sha3,10,,,,9,linear,500.0,230.0,197.056275,127.056275,2398.646867,1.486649,module=UavAuthNetwork.uav[9]; config=MobilityLinear
1130,MobilityLinear-25-20260810-15:00:24-741124,MobilityLinear,25,25,25,sha3,10,,,,0,linear,100.0,50.0,202.943725,52.943725,2399.146149,1.49168,module=UavAuthNetwork.uav[0]; config=MobilityLinear
1131,MobilityLinear-25-20260810-15:00:24-741124,MobilityLinear,25,25,25,sha3,10,,,,1,linear,275.0,50.0,27.943725,52.943725,2398.709935,1.503158,module=UavAuthNetwork.uav[1]; config=MobilityLinear
1132,MobilityLinear-25-20260810-15:00:24-741124,MobilityLinear,25,25,25,sha3,10,,,,2,linear,450.0,50.0,147.056275,52.943725,2398.707576,1.58189,module=UavAuthNetwork.uav[2]; config=MobilityLinear
1133,MobilityLinear-25-20260810-15:00:24-741124,MobilityLinear,25,25,25,sha3,10,,,,3,linear,100.0,300.0,202.943725,197.056275,2398.993609,1.471664,module=UavAuthNetwork.uav[3]; config=MobilityLinear
1134,MobilityLinear-25-20260810-15:00:24-741124,MobilityLinear,25,25,25,sha3,10,,,,4,linear,275.0,300.0,27.943725,197.056275,2398.557472,1.468309,module=UavAuthNetwork.uav[4]; config=MobilityLinear
1135,MobilityLinear-25-20260810-15:00:24-741124,MobilityLinear,25,25,25,sha3,10,,,,5,linear,450.0,300.0,147.056275,197.056275,2398.633643,1.508559,module=UavAuthNetwork.uav[5]; config=MobilityLinear
1136,MobilityLinear-25-20260810-15:00:24-741124,MobilityLinear,25,25,25,sha3,10,,,,6,linear,50.0,120.0,252.943725,17.056275,2398.419781,1.469787,module=UavAuthNetwork.uav[6]; config=MobilityLinear
1137,MobilityLinear-25-20260810-15:00:24-741124,MobilityLinear,25,25,25,sha3,10,,,,7,linear,50.0,230.0,252.943725,127.056275,2398.476263,1.479277,module=UavAuthNetwork.uav[7]; config=MobilityLinear
1138,MobilityLinear-25-20260810-15:00:24-741124,MobilityLinear,25,25,25,sha3,10,,,,8,linear,500.0,120.0,197.056275,17.056275,2398.590385,1.516436,module=UavAuthNetwork.uav[8]; config=MobilityLinear
1139,MobilityLinear-25-20260810-15:00:24-741124,MobilityLinear,25,25,25,sha3,10,,,,9,linear,500.0,230.0,197.056275,127.056275,2398.646867,1.487654,module=UavAuthNetwork.uav[9]; config=MobilityLinear
1140,MobilityLinear-26-20260810-15:00:24-741124,MobilityLinear,26,26,26,sha3,10,,,,0,linear,100.0,50.0,202.943725,52.943725,2399.146149,1.513194,module=UavAuthNetwork.uav[0]; config=MobilityLinear
1141,MobilityLinear-26-20260810-15:00:24-741124,MobilityLinear,26,26,26,sha3,10,,,,1,linear,275.0,50.0,27.943725,52.943725,2398.709935,1.52664,module=UavAuthNetwork.uav[1]; config=MobilityLinear
1142,MobilityLinear-26-20260810-15:00:24-741124,MobilityLinear,26,26,26,sha3,10,,,,2,linear,450.0,50.0,147.056275,52.943725,2398.707576,1.48816,module=UavAuthNetwork.uav[2]; config=MobilityLinear
1143,MobilityLinear-26-20260810-15:00:24-741124,MobilityLinear,26,26,26,sha3,10,,,,3,linear,100.0,300.0,202.943725,197.056275,2398.993609,1.488825,module=UavAuthNetwork.uav[3]; config=MobilityLinear
1144,MobilityLinear-26-20260810-15:00:24-741124,MobilityLinear,26,26,26,sha3,10,,,,4,linear,275.0,300.0,27.943725,197.056275,2398.557472,1.503916,module=UavAuthNetwork.uav[4]; config=MobilityLinear
1145,MobilityLinear-26-20260810-15:00:24-741124,MobilityLinear,26,26,26,sha3,10,,,,5,linear,450.0,300.0,147.056275,197.056275,2398.633643,1.504248,module=UavAuthNetwork.uav[5]; config=MobilityLinear
1146,MobilityLinear-26-20260810-15:00:24-741124,MobilityLinear,26,26,26,sha3,10,,,,6,linear,50.0,120.0,252.943725,17.056275,2398.419781,1.494995,module=UavAuthNetwork.uav[6]; config=MobilityLinear
1147,MobilityLinear-26-20260810-15:00:24-741124,MobilityLinear,26,26,26,sha3,10,,,,7,linear,50.0,230.0,252.943725,127.056275,2398.476263,1.496407,module=UavAuthNetwork.uav[7]; config=MobilityLinear
1148,MobilityLinear-26-20260810-15:00:24-741124,MobilityLinear,26,26,26,sha3,10,,,,8,linear,500.0,120.0,197.056275,17.056275,2398.590385,1.459574,module=UavAuthNetwork.uav[8]; config=MobilityLinear
1149,MobilityLinear-26-20260810-15:00:24-741124,MobilityLinear,26,26,26,sha3,10,,,,9,linear,500.0,230.0,197.056275,127.056275,2398.646867,1.494046,module=UavAuthNetwork.uav[9]; config=MobilityLinear
1150,MobilityLinear-27-20260810-15:00:24-741124,MobilityLinear,27,27,27,sha3,10,,,,0,linear,100.0,50.0,202.943725,52.943725,2399.146149,1.488087,module=UavAuthNetwork.uav[0]; config=MobilityLinear
1151,MobilityLinear-27-20260810-15:00:24-741124,MobilityLinear,27,27,27,sha3,10,,,,1,linear,275.0,50.0,27.943725,52.943725,2398.709935,1.52406,module=UavAuthNetwork.uav[1]; config=MobilityLinear
1152,MobilityLinear-27-20260810-15:00:24-741124,MobilityLinear,27,27,27,sha3,10,,,,2,linear,450.0,50.0,147.056275,52.943725,2398.707576,1.469373,module=UavAuthNetwork.uav[2]; config=MobilityLinear
1153,MobilityLinear-27-20260810-15:00:24-741124,MobilityLinear,27,27,27,sha3,10,,,,3,linear,100.0,300.0,202.943725,197.056275,2398.993609,1.530818,module=UavAuthNetwork.uav[3]; config=MobilityLinear
1154,MobilityLinear-27-20260810-15:00:24-741124,MobilityLinear,27,27,27,sha3,10,,,,4,linear,275.0,300.0,27.943725,197.056275,2398.557472,1.533804,module=UavAuthNetwork.uav[4]; config=MobilityLinear
1155,MobilityLinear-27-20260810-15:00:24-741124,MobilityLinear,27,27,27,sha3,10,,,,5,linear,450.0,300.0,147.056275,197.056275,2398.633643,1.455539,module=UavAuthNetwork.uav[5]; config=MobilityLinear
1156,MobilityLinear-27-20260810-15:00:24-741124,MobilityLinear,27,27,27,sha3,10,,,,6,linear,50.0,120.0,252.943725,17.056275,2398.419781,1.530581,module=UavAuthNetwork.uav[6]; config=MobilityLinear
1157,MobilityLinear-27-20260810-15:00:24-741124,MobilityLinear,27,27,27,sha3,10,,,,7,linear,50.0,230.0,252.943725,127.056275,2398.476263,1.533263,module=UavAuthNetwork.uav[7]; config=MobilityLinear
1158,MobilityLinear-27-20260810-15:00:24-741124,MobilityLinear,27,27,27,sha3,10,,,,8,linear,500.0,120.0,197.056275,17.056275,2398.590385,1.520928,module=UavAuthNetwork.uav[8]; config=MobilityLinear
1159,MobilityLinear-27-20260810-15:00:24-741124,MobilityLinear,27,27,27,sha3,10,,,,9,linear,500.0,230.0,197.056275,127.056275,2398.646867,1.478957,module=UavAuthNetwork.uav[9]; config=MobilityLinear
1160,MobilityLinear-28-20260810-15:00:24-741124,MobilityLinear,28,28,28,sha3,10,,,,0,linear,100.0,50.0,202.943725,52.943725,2399.146149,1.490822,module=UavAuthNetwork.uav[0]; config=MobilityLinear
1161,MobilityLinear-28-20260810-15:00:24-741124,MobilityLinear,28,28,28,sha3,10,,,,1,linear,275.0,50.0,27.943725,52.943725,2398.709935,1.517639,module=UavAuthNetwork.uav[1]; config=MobilityLinear
1162,MobilityLinear-28-20260810-15:00:24-741124,MobilityLinear,28,28,28,sha3,10,,,,2,linear,450.0,50.0,147.056275,52.943725,2398.707576,1.523729,module=UavAuthNetwork.uav[2]; config=MobilityLinear
1163,MobilityLinear-28-20260810-15:00:24-741124,MobilityLinear,28,28,28,sha3,10,,,,3,linear,100.0,300.0,202.943725,197.056275,2398.993609,1.521378,module=UavAuthNetwork.uav[3]; config=MobilityLinear
1164,MobilityLinear-28-20260810-15:00:24-741124,MobilityLinear,28,28,28,sha3,10,,,,4,linear,275.0,300.0,27.943725,197.056275,2398.557472,1.490485,module=UavAuthNetwork.uav[4]; config=MobilityLinear
1165,MobilityLinear-28-20260810-15:00:24-741124,MobilityLinear,28,28,28,sha3,10,,,,5,linear,450.0,300.0,147.056275,197.056275,2398.633643,1.515803,module=UavAuthNetwork.uav[5]; config=MobilityLinear
1166,MobilityLinear-28-20260810-15:00:24-741124,MobilityLinear,28,28,28,sha3,10,,,,6,linear,50.0,120.0,252.943725,17.056275,2398.419781,1.535575,module=UavAuthNetwork.uav[6]; config=MobilityLinear
1167,MobilityLinear-28-20260810-15:00:24-741124,MobilityLinear,28,28,28,sha3,10,,,,7,linear,50.0,230.0,252.943725,127.056275,2398.476263,1.48109,module=UavAuthNetwork.uav[7]; config=MobilityLinear
1168,MobilityLinear-28-20260810-15:00:24-741124,MobilityLinear,28,28,28,sha3,10,,,,8,linear,500.0,120.0,197.056275,17.056275,2398.590385,1.517168,module=UavAuthNetwork.uav[8]; config=MobilityLinear
1169,MobilityLinear-28-20260810-15:00:24-741124,MobilityLinear,28,28,28,sha3,10,,,,9,linear,500.0,230.0,197.056275,127.056275,2398.646867,1.507724,module=UavAuthNetwork.uav[9]; config=MobilityLinear
1170,MobilityLinear-29-20260810-15:00:24-741124,MobilityLinear,29,29,29,sha3,10,,,,0,linear,100.0,50.0,202.943725,52.943725,2399.146149,1.520119,module=UavAuthNetwork.uav[0]; config=MobilityLinear
1171,MobilityLinear-29-20260810-15:00:24-741124,MobilityLinear,29,29,29,sha3,10,,,,1,linear,275.0,50.0,27.943725,52.943725,2398.709935,1.491805,module=UavAuthNetwork.uav[1]; config=MobilityLinear
1172,MobilityLinear-29-20260810-15:00:24-741124,MobilityLinear,29,29,29,sha3,10,,,,2,linear,450.0,50.0,147.056275,52.943725,2398.707576,1.519664,module=UavAuthNetwork.uav[2]; config=MobilityLinear
1173,MobilityLinear-29-20260810-15:00:24-741124,MobilityLinear,29,29,29,sha3,10,,,,3,linear,100.0,300.0,202.943725,197.056275,2398.993609,1.485769,module=UavAuthNetwork.uav[3]; config=MobilityLinear
1174,MobilityLinear-29-20260810-15:00:24-741124,MobilityLinear,29,29,29,sha3,10,,,,4,linear,275.0,300.0,27.943725,197.056275,2398.557472,1.495762,module=UavAuthNetwork.uav[4]; config=MobilityLinear
1175,MobilityLinear-29-20260810-15:00:24-741124,MobilityLinear,29,29,29,sha3,10,,,,5,linear,450.0,300.0,147.056275,197.056275,2398.633643,1.497712,module=UavAuthNetwork.uav[5]; config=MobilityLinear
1176,MobilityLinear-29-20260810-15:00:24-741124,MobilityLinear,29,29,29,sha3,10,,,,6,linear,50.0,120.0,252.943725,17.056275,2398.419781,1.520873,module=UavAuthNetwork.uav[6]; config=MobilityLinear
1177,MobilityLinear-29-20260810-15:00:24-741124,MobilityLinear,29,29,29,sha3,10,,,,7,linear,50.0,230.0,252.943725,127.056275,2398.476263,1.539168,module=UavAuthNetwork.uav[7]; config=MobilityLinear
1178,MobilityLinear-29-20260810-15:00:24-741124,MobilityLinear,29,29,29,sha3,10,,,,8,linear,500.0,120.0,197.056275,17.056275,2398.590385,1.475287,module=UavAuthNetwork.uav[8]; config=MobilityLinear
1179,MobilityLinear-29-20260810-15:00:24-741124,MobilityLinear,29,29,29,sha3,10,,,,9,linear,500.0,230.0,197.056275,127.056275,2398.646867,1.484382,module=UavAuthNetwork.uav[9]; config=MobilityLinear
1180,MobilityLinear-3-20260810-15:00:23-741124,MobilityLinear,3,3,3,sha3,10,,,,0,linear,100.0,50.0,202.943725,52.943725,2399.146149,1.507576,module=UavAuthNetwork.uav[0]; config=MobilityLinear
1181,MobilityLinear-3-20260810-15:00:23-741124,MobilityLinear,3,3,3,sha3,10,,,,1,linear,275.0,50.0,27.943725,52.943725,2398.709935,1.533046,module=UavAuthNetwork.uav[1]; config=MobilityLinear
1182,MobilityLinear-3-20260810-15:00:23-741124,MobilityLinear,3,3,3,sha3,10,,,,2,linear,450.0,50.0,147.056275,52.943725,2398.707576,1.496939,module=UavAuthNetwork.uav[2]; config=MobilityLinear
1183,MobilityLinear-3-20260810-15:00:23-741124,MobilityLinear,3,3,3,sha3,10,,,,3,linear,100.0,300.0,202.943725,197.056275,2398.993609,1.497027,module=UavAuthNetwork.uav[3]; config=MobilityLinear
1184,MobilityLinear-3-20260810-15:00:23-741124,MobilityLinear,3,3,3,sha3,10,,,,4,linear,275.0,300.0,27.943725,197.056275,2398.557472,1.51392,module=UavAuthNetwork.uav[4]; config=MobilityLinear
1185,MobilityLinear-3-20260810-15:00:23-741124,MobilityLinear,3,3,3,sha3,10,,,,5,linear,450.0,300.0,147.056275,197.056275,2398.633643,1.5006,module=UavAuthNetwork.uav[5]; config=MobilityLinear
1186,MobilityLinear-3-20260810-15:00:23-741124,MobilityLinear,3,3,3,sha3,10,,,,6,linear,50.0,120.0,252.943725,17.056275,2398.419781,1.469565,module=UavAuthNetwork.uav[6]; config=MobilityLinear
1187,MobilityLinear-3-20260810-15:00:23-741124,MobilityLinear,3,3,3,sha3,10,,,,7,linear,50.0,230.0,252.943725,127.056275,2398.476263,1.514856,module=UavAuthNetwork.uav[7]; config=MobilityLinear
1188,MobilityLinear-3-20260810-15:00:23-741124,MobilityLinear,3,3,3,sha3,10,,,,8,linear,500.0,120.0,197.056275,17.056275,2398.590385,1.489756,module=UavAuthNetwork.uav[8]; config=MobilityLinear
1189,MobilityLinear-3-20260810-15:00:23-741124,MobilityLinear,3,3,3,sha3,10,,,,9,linear,500.0,230.0,197.056275,127.056275,2398.646867,1.502885,module=UavAuthNetwork.uav[9]; config=MobilityLinear
1190,MobilityLinear-4-20260810-15:00:23-741124,MobilityLinear,4,4,4,sha3,10,,,,0,linear,100.0,50.0,202.943725,52.943725,2399.146149,1.495419,module=UavAuthNetwork.uav[0]; config=MobilityLinear
1191,MobilityLinear-4-20260810-15:00:23-741124,MobilityLinear,4,4,4,sha3,10,,,,1,linear,275.0,50.0,27.943725,52.943725,2398.709935,1.469039,module=UavAuthNetwork.uav[1]; config=MobilityLinear
1192,MobilityLinear-4-20260810-15:00:23-741124,MobilityLinear,4,4,4,sha3,10,,,,2,linear,450.0,50.0,147.056275,52.943725,2398.707576,1.510744,module=UavAuthNetwork.uav[2]; config=MobilityLinear
1193,MobilityLinear-4-20260810-15:00:23-741124,MobilityLinear,4,4,4,sha3,10,,,,3,linear,100.0,300.0,202.943725,197.056275,2398.993609,1.523127,module=UavAuthNetwork.uav[3]; config=MobilityLinear
1194,MobilityLinear-4-20260810-15:00:23-741124,MobilityLinear,4,4,4,sha3,10,,,,4,linear,275.0,300.0,27.943725,197.056275,2398.557472,1.515625,module=UavAuthNetwork.uav[4]; config=MobilityLinear
1195,MobilityLinear-4-20260810-15:00:23-741124,MobilityLinear,4,4,4,sha3,10,,,,5,linear,450.0,300.0,147.056275,197.056275,2398.633643,1.504592,module=UavAuthNetwork.uav[5]; config=MobilityLinear
1196,MobilityLinear-4-20260810-15:00:23-741124,MobilityLinear,4,4,4,sha3,10,,,,6,linear,50.0,120.0,252.943725,17.056275,2398.419781,1.476903,module=UavAuthNetwork.uav[6]; config=MobilityLinear
1197,MobilityLinear-4-20260810-15:00:23-741124,MobilityLinear,4,4,4,sha3,10,,,,7,linear,50.0,230.0,252.943725,127.056275,2398.476263,1.471776,module=UavAuthNetwork.uav[7]; config=MobilityLinear
1198,MobilityLinear-4-20260810-15:00:23-741124,MobilityLinear,4,4,4,sha3,10,,,,8,linear,500.0,120.0,197.056275,17.056275,2398.590385,1.486778,module=UavAuthNetwork.uav[8]; config=MobilityLinear
1199,MobilityLinear-4-20260810-15:00:23-741124,MobilityLinear,4,4,4,sha3,10,,,,9,linear,500.0,230.0,197.056275,127.056275,2398.646867,1.51212,module=UavAuthNetwork.uav[9]; config=MobilityLinear
1200,MobilityLinear-5-20260810-15:00:23-741124,MobilityLinear,5,5,5,sha3,10,,,,0,linear,100.0,50.0,202.943725,52.943725,2399.146149,1.476793,module=UavAuthNetwork.uav[0]; config=MobilityLinear
1201,MobilityLinear-5-20260810-15:00:23-741124,MobilityLinear,5,5,5,sha3,10,,,,1,linear,275.0,50.0,27.943725,52.943725,2398.709935,1.474879,module=UavAuthNetwork.uav[1]; config=MobilityLinear
1202,MobilityLinear-5-20260810-15:00:23-741124,MobilityLinear,5,5,5,sha3,10,,,,2,linear,450.0,50.0,147.056275,52.943725,2398.707576,1.537095,module=UavAuthNetwork.uav[2]; config=MobilityLinear
1203,MobilityLinear-5-20260810-15:00:23-741124,MobilityLinear,5,5,5,sha3,10,,,,3,linear,100.0,300.0,202.943725,197.056275,2398.993609,1.52854,module=UavAuthNetwork.uav[3]; config=MobilityLinear
1204,MobilityLinear-5-20260810-15:00:23-741124,MobilityLinear,5,5,5,sha3,10,,,,4,linear,275.0,300.0,27.943725,197.056275,2398.557472,1.519284,module=UavAuthNetwork.uav[4]; config=MobilityLinear
1205,MobilityLinear-5-20260810-15:00:23-741124,MobilityLinear,5,5,5,sha3,10,,,,5,linear,450.0,300.0,147.056275,197.056275,2398.633643,1.488047,module=UavAuthNetwork.uav[5]; config=MobilityLinear
1206,MobilityLinear-5-20260810-15:00:23-741124,MobilityLinear,5,5,5,sha3,10,,,,6,linear,50.0,120.0,252.943725,17.056275,2398.419781,1.463907,module=UavAuthNetwork.uav[6]; config=MobilityLinear
1207,MobilityLinear-5-20260810-15:00:23-741124,MobilityLinear,5,5,5,sha3,10,,,,7,linear,50.0,230.0,252.943725,127.056275,2398.476263,1.521087,module=UavAuthNetwork.uav[7]; config=MobilityLinear
1208,MobilityLinear-5-20260810-15:00:23-741124,MobilityLinear,5,5,5,sha3,10,,,,8,linear,500.0,120.0,197.056275,17.056275,2398.590385,1.49681,module=UavAuthNetwork.uav[8]; config=MobilityLinear
1209,MobilityLinear-5-20260810-15:00:23-741124,MobilityLinear,5,5,5,sha3,10,,,,9,linear,500.0,230.0,197.056275,127.056275,2398.646867,1.49915,module=UavAuthNetwork.uav[9]; config=MobilityLinear
1210,MobilityLinear-6-20260810-15:00:23-741124,MobilityLinear,6,6,6,sha3,10,,,,0,linear,100.0,50.0,202.943725,52.943725,2399.146149,1.520638,module=UavAuthNetwork.uav[0]; config=MobilityLinear
1211,MobilityLinear-6-20260810-15:00:23-741124,MobilityLinear,6,6,6,sha3,10,,,,1,linear,275.0,50.0,27.943725,52.943725,2398.709935,1.469984,module=UavAuthNetwork.uav[1]; config=MobilityLinear
1212,MobilityLinear-6-20260810-15:00:23-741124,MobilityLinear,6,6,6,sha3,10,,,,2,linear,450.0,50.0,147.056275,52.943725,2398.707576,1.487117,module=UavAuthNetwork.uav[2]; config=MobilityLinear
1213,MobilityLinear-6-20260810-15:00:23-741124,MobilityLinear,6,6,6,sha3,10,,,,3,linear,100.0,300.0,202.943725,197.056275,2398.993609,1.468682,module=UavAuthNetwork.uav[3]; config=MobilityLinear
1214,MobilityLinear-6-20260810-15:00:23-741124,MobilityLinear,6,6,6,sha3,10,,,,4,linear,275.0,300.0,27.943725,197.056275,2398.557472,1.512826,module=UavAuthNetwork.uav[4]; config=MobilityLinear
1215,MobilityLinear-6-20260810-15:00:23-741124,MobilityLinear,6,6,6,sha3,10,,,,5,linear,450.0,300.0,147.056275,197.056275,2398.633643,1.487835,module=UavAuthNetwork.uav[5]; config=MobilityLinear
1216,MobilityLinear-6-20260810-15:00:23-741124,MobilityLinear,6,6,6,sha3,10,,,,6,linear,50.0,120.0,252.943725,17.056275,2398.419781,1.539025,module=UavAuthNetwork.uav[6]; config=MobilityLinear
1217,MobilityLinear-6-20260810-15:00:23-741124,MobilityLinear,6,6,6,sha3,10,,,,7,linear,50.0,230.0,252.943725,127.056275,2398.476263,1.527551,module=UavAuthNetwork.uav[7]; config=MobilityLinear
1218,MobilityLinear-6-20260810-15:00:23-741124,MobilityLinear,6,6,6,sha3,10,,,,8,linear,500.0,120.0,197.056275,17.056275,2398.590385,1.510394,module=UavAuthNetwork.uav[8]; config=MobilityLinear
1219,MobilityLinear-6-20260810-15:00:23-741124,MobilityLinear,6,6,6,sha3,10,,,,9,linear,500.0,230.0,197.056275,127.056275,2398.646867,1.528861,module=UavAuthNetwork.uav[9]; config=MobilityLinear
1220,MobilityLinear-7-20260810-15:00:23-741124,MobilityLinear,7,7,7,sha3,10,,,,0,linear,100.0,50.0,202.943725,52.943725,2399.146149,1.473663,module=UavAuthNetwork.uav[0]; config=MobilityLinear
1221,MobilityLinear-7-20260810-15:00:23-741124,MobilityLinear,7,7,7,sha3,10,,,,1,linear,275.0,50.0,27.943725,52.943725,2398.709935,1.492284,module=UavAuthNetwork.uav[1]; config=MobilityLinear
1222,MobilityLinear-7-20260810-15:00:23-741124,MobilityLinear,7,7,7,sha3,10,,,,2,linear,450.0,50.0,147.056275,52.943725,2398.707576,1.487517,module=UavAuthNetwork.uav[2]; config=MobilityLinear
1223,MobilityLinear-7-20260810-15:00:23-741124,MobilityLinear,7,7,7,sha3,10,,,,3,linear,100.0,300.0,202.943725,197.056275,2398.993609,1.503411,module=UavAuthNetwork.uav[3]; config=MobilityLinear
1224,MobilityLinear-7-20260810-15:00:23-741124,MobilityLinear,7,7,7,sha3,10,,,,4,linear,275.0,300.0,27.943725,197.056275,2398.557472,1.471075,module=UavAuthNetwork.uav[4]; config=MobilityLinear
1225,MobilityLinear-7-20260810-15:00:23-741124,MobilityLinear,7,7,7,sha3,10,,,,5,linear,450.0,300.0,147.056275,197.056275,2398.633643,1.540434,module=UavAuthNetwork.uav[5]; config=MobilityLinear
1226,MobilityLinear-7-20260810-15:00:23-741124,MobilityLinear,7,7,7,sha3,10,,,,6,linear,50.0,120.0,252.943725,17.056275,2398.419781,1.528251,module=UavAuthNetwork.uav[6]; config=MobilityLinear
1227,MobilityLinear-7-20260810-15:00:23-741124,MobilityLinear,7,7,7,sha3,10,,,,7,linear,50.0,230.0,252.943725,127.056275,2398.476263,1.501035,module=UavAuthNetwork.uav[7]; config=MobilityLinear
1228,MobilityLinear-7-20260810-15:00:23-741124,MobilityLinear,7,7,7,sha3,10,,,,8,linear,500.0,120.0,197.056275,17.056275,2398.590385,1.534087,module=UavAuthNetwork.uav[8]; config=MobilityLinear
1229,MobilityLinear-7-20260810-15:00:23-741124,MobilityLinear,7,7,7,sha3,10,,,,9,linear,500.0,230.0,197.056275,127.056275,2398.646867,1.480372,module=UavAuthNetwork.uav[9]; config=MobilityLinear
1230,MobilityLinear-8-20260810-15:00:23-741124,MobilityLinear,8,8,8,sha3,10,,,,0,linear,100.0,50.0,202.943725,52.943725,2399.146149,1.51667,module=UavAuthNetwork.uav[0]; config=MobilityLinear
1231,MobilityLinear-8-20260810-15:00:23-741124,MobilityLinear,8,8,8,sha3,10,,,,1,linear,275.0,50.0,27.943725,52.943725,2398.709935,1.514505,module=UavAuthNetwork.uav[1]; config=MobilityLinear
1232,MobilityLinear-8-20260810-15:00:23-741124,MobilityLinear,8,8,8,sha3,10,,,,2,linear,450.0,50.0,147.056275,52.943725,2398.707576,1.466711,module=UavAuthNetwork.uav[2]; config=MobilityLinear
1233,MobilityLinear-8-20260810-15:00:23-741124,MobilityLinear,8,8,8,sha3,10,,,,3,linear,100.0,300.0,202.943725,197.056275,2398.993609,1.52231,module=UavAuthNetwork.uav[3]; config=MobilityLinear
1234,MobilityLinear-8-20260810-15:00:23-741124,MobilityLinear,8,8,8,sha3,10,,,,4,linear,275.0,300.0,27.943725,197.056275,2398.557472,1.488541,module=UavAuthNetwork.uav[4]; config=MobilityLinear
1235,MobilityLinear-8-20260810-15:00:23-741124,MobilityLinear,8,8,8,sha3,10,,,,5,linear,450.0,300.0,147.056275,197.056275,2398.633643,1.475484,module=UavAuthNetwork.uav[5]; config=MobilityLinear
1236,MobilityLinear-8-20260810-15:00:23-741124,MobilityLinear,8,8,8,sha3,10,,,,6,linear,50.0,120.0,252.943725,17.056275,2398.419781,1.48379,module=UavAuthNetwork.uav[6]; config=MobilityLinear
1237,MobilityLinear-8-20260810-15:00:23-741124,MobilityLinear,8,8,8,sha3,10,,,,7,linear,50.0,230.0,252.943725,127.056275,2398.476263,1.49876,module=UavAuthNetwork.uav[7]; config=MobilityLinear
1238,MobilityLinear-8-20260810-15:00:23-741124,MobilityLinear,8,8,8,sha3,10,,,,8,linear,500.0,120.0,197.056275,17.056275,2398.590385,1.500956,module=UavAuthNetwork.uav[8]; config=MobilityLinear
1239,MobilityLinear-8-20260810-15:00:23-741124,MobilityLinear,8,8,8,sha3,10,,,,9,linear,500.0,230.0,197.056275,127.056275,2398.646867,1.504127,module=UavAuthNetwork.uav[9]; config=MobilityLinear
1240,MobilityLinear-9-20260810-15:00:23-741124,MobilityLinear,9,9,9,sha3,10,,,,0,linear,100.0,50.0,202.943725,52.943725,2399.146149,1.518244,module=UavAuthNetwork.uav[0]; config=MobilityLinear
1241,MobilityLinear-9-20260810-15:00:23-741124,MobilityLinear,9,9,9,sha3,10,,,,1,linear,275.0,50.0,27.943725,52.943725,2398.709935,1.471355,module=UavAuthNetwork.uav[1]; config=MobilityLinear
1242,MobilityLinear-9-20260810-15:00:23-741124,MobilityLinear,9,9,9,sha3,10,,,,2,linear,450.0,50.0,147.056275,52.943725,2398.707576,1.531984,module=UavAuthNetwork.uav[2]; config=MobilityLinear
1243,MobilityLinear-9-20260810-15:00:23-741124,MobilityLinear,9,9,9,sha3,10,,,,3,linear,100.0,300.0,202.943725,197.056275,2398.993609,1.529997,module=UavAuthNetwork.uav[3]; config=MobilityLinear
1244,MobilityLinear-9-20260810-15:00:23-741124,MobilityLinear,9,9,9,sha3,10,,,,4,linear,275.0,300.0,27.943725,197.056275,2398.557472,1.504094,module=UavAuthNetwork.uav[4]; config=MobilityLinear
1245,MobilityLinear-9-20260810-15:00:23-741124,MobilityLinear,9,9,9,sha3,10,,,,5,linear,450.0,300.0,147.056275,197.056275,2398.633643,1.505751,module=UavAuthNetwork.uav[5]; config=MobilityLinear
1246,MobilityLinear-9-20260810-15:00:23-741124,MobilityLinear,9,9,9,sha3,10,,,,6,linear,50.0,120.0,252.943725,17.056275,2398.419781,1.507438,module=UavAuthNetwork.uav[6]; config=MobilityLinear
1247,MobilityLinear-9-20260810-15:00:23-741124,MobilityLinear,9,9,9,sha3,10,,,,7,linear,50.0,230.0,252.943725,127.056275,2398.476263,1.528489,module=UavAuthNetwork.uav[7]; config=MobilityLinear
1248,MobilityLinear-9-20260810-15:00:23-741124,MobilityLinear,9,9,9,sha3,10,,,,8,linear,500.0,120.0,197.056275,17.056275,2398.590385,1.509669,module=UavAuthNetwork.uav[8]; config=MobilityLinear
1249,MobilityLinear-9-20260810-15:00:23-741124,MobilityLinear,9,9,9,sha3,10,,,,9,linear,500.0,230.0,197.056275,127.056275,2398.646867,1.461661,module=UavAuthNetwork.uav[9]; config=MobilityLinear
1250,MobilityRandomWalk-0-20260810-15:00:24-741125,MobilityRandomWalk,0,0,0,sha3,10,,,,0,randomwalk,100.0,50.0,78.710174,38.833477,2400.0,1.518567,module=UavAuthNetwork.uav[0]; config=MobilityRandomWalk
1251,MobilityRandomWalk-0-20260810-15:00:24-741125,MobilityRandomWalk,0,0,0,sha3,10,,,,1,randomwalk,275.0,50.0,277.260643,20.658322,2390.377629,1.499176,module=UavAuthNetwork.uav[1]; config=MobilityRandomWalk
1252,MobilityRandomWalk-0-20260810-15:00:24-741125,MobilityRandomWalk,0,0,0,sha3,10,,,,2,randomwalk,450.0,50.0,399.016784,21.789829,2400.0,1.472288,module=UavAuthNetwork.uav[2]; config=MobilityRandomWalk
1253,MobilityRandomWalk-0-20260810-15:00:24-741125,MobilityRandomWalk,0,0,0,sha3,10,,,,3,randomwalk,100.0,300.0,85.360762,246.215434,2395.208256,1.49384,module=UavAuthNetwork.uav[3]; config=MobilityRandomWalk
1254,MobilityRandomWalk-0-20260810-15:00:24-741125,MobilityRandomWalk,0,0,0,sha3,10,,,,4,randomwalk,275.0,300.0,275.79732,291.610202,2394.755272,1.537805,module=UavAuthNetwork.uav[4]; config=MobilityRandomWalk
1255,MobilityRandomWalk-0-20260810-15:00:24-741125,MobilityRandomWalk,0,0,0,sha3,10,,,,5,randomwalk,450.0,300.0,405.459141,287.598767,2394.091598,1.485907,module=UavAuthNetwork.uav[5]; config=MobilityRandomWalk
1256,MobilityRandomWalk-0-20260810-15:00:24-741125,MobilityRandomWalk,0,0,0,sha3,10,,,,6,randomwalk,50.0,120.0,64.481319,96.652712,2400.0,1.508861,module=UavAuthNetwork.uav[6]; config=MobilityRandomWalk
1257,MobilityRandomWalk-0-20260810-15:00:24-741125,MobilityRandomWalk,0,0,0,sha3,10,,,,7,randomwalk,50.0,230.0,44.905288,206.542624,2400.0,1.481694,module=UavAuthNetwork.uav[7]; config=MobilityRandomWalk
1258,MobilityRandomWalk-0-20260810-15:00:24-741125,MobilityRandomWalk,0,0,0,sha3,10,,,,8,randomwalk,500.0,120.0,485.044193,160.480597,2396.538019,1.54112,module=UavAuthNetwork.uav[8]; config=MobilityRandomWalk
1259,MobilityRandomWalk-0-20260810-15:00:24-741125,MobilityRandomWalk,0,0,0,sha3,10,,,,9,randomwalk,500.0,230.0,484.468218,256.051681,2391.142022,1.499124,module=UavAuthNetwork.uav[9]; config=MobilityRandomWalk
1260,MobilityRandomWalk-1-20260810-15:00:24-741125,MobilityRandomWalk,1,1,1,sha3,10,,,,0,randomwalk,100.0,50.0,78.710174,38.833477,2400.0,1.483507,module=UavAuthNetwork.uav[0]; config=MobilityRandomWalk
1261,MobilityRandomWalk-1-20260810-15:00:24-741125,MobilityRandomWalk,1,1,1,sha3,10,,,,1,randomwalk,275.0,50.0,277.260643,20.658322,2390.377629,1.496353,module=UavAuthNetwork.uav[1]; config=MobilityRandomWalk
1262,MobilityRandomWalk-1-20260810-15:00:24-741125,MobilityRandomWalk,1,1,1,sha3,10,,,,2,randomwalk,450.0,50.0,399.016784,21.789829,2400.0,1.511426,module=UavAuthNetwork.uav[2]; config=MobilityRandomWalk
1263,MobilityRandomWalk-1-20260810-15:00:24-741125,MobilityRandomWalk,1,1,1,sha3,10,,,,3,randomwalk,100.0,300.0,85.360762,246.215434,2395.208256,1.492502,module=UavAuthNetwork.uav[3]; config=MobilityRandomWalk
1264,MobilityRandomWalk-1-20260810-15:00:24-741125,MobilityRandomWalk,1,1,1,sha3,10,,,,4,randomwalk,275.0,300.0,275.79732,291.610202,2394.755272,1.512705,module=UavAuthNetwork.uav[4]; config=MobilityRandomWalk
1265,MobilityRandomWalk-1-20260810-15:00:24-741125,MobilityRandomWalk,1,1,1,sha3,10,,,,5,randomwalk,450.0,300.0,405.459141,287.598767,2394.091598,1.483995,module=UavAuthNetwork.uav[5]; config=MobilityRandomWalk
1266,MobilityRandomWalk-1-20260810-15:00:24-741125,MobilityRandomWalk,1,1,1,sha3,10,,,,6,randomwalk,50.0,120.0,64.481319,96.652712,2400.0,1.56018,module=UavAuthNetwork.uav[6]; config=MobilityRandomWalk
1267,MobilityRandomWalk-1-20260810-15:00:24-741125,MobilityRandomWalk,1,1,1,sha3,10,,,,7,randomwalk,50.0,230.0,44.905288,206.542624,2400.0,1.507083,module=UavAuthNetwork.uav[7]; config=MobilityRandomWalk
1268,MobilityRandomWalk-1-20260810-15:00:24-741125,MobilityRandomWalk,1,1,1,sha3,10,,,,8,randomwalk,500.0,120.0,485.044193,160.480597,2396.538019,1.551478,module=UavAuthNetwork.uav[8]; config=MobilityRandomWalk
1269,MobilityRandomWalk-1-20260810-15:00:24-741125,MobilityRandomWalk,1,1,1,sha3,10,,,,9,randomwalk,500.0,230.0,484.468218,256.051681,2391.142022,1.483205,module=UavAuthNetwork.uav[9]; config=MobilityRandomWalk
1270,MobilityRandomWalk-10-20260810-15:00:25-741125,MobilityRandomWalk,10,10,10,sha3,10,,,,0,randomwalk,100.0,50.0,78.710174,38.833477,2400.0,1.52382,module=UavAuthNetwork.uav[0]; config=MobilityRandomWalk
1271,MobilityRandomWalk-10-20260810-15:00:25-741125,MobilityRandomWalk,10,10,10,sha3,10,,,,1,randomwalk,275.0,50.0,277.260643,20.658322,2390.377629,1.480094,module=UavAuthNetwork.uav[1]; config=MobilityRandomWalk
1272,MobilityRandomWalk-10-20260810-15:00:25-741125,MobilityRandomWalk,10,10,10,sha3,10,,,,2,randomwalk,450.0,50.0,399.016784,21.789829,2400.0,1.525069,module=UavAuthNetwork.uav[2]; config=MobilityRandomWalk
1273,MobilityRandomWalk-10-20260810-15:00:25-741125,MobilityRandomWalk,10,10,10,sha3,10,,,,3,randomwalk,100.0,300.0,85.360762,246.215434,2395.208256,1.467761,module=UavAuthNetwork.uav[3]; config=MobilityRandomWalk
1274,MobilityRandomWalk-10-20260810-15:00:25-741125,MobilityRandomWalk,10,10,10,sha3,10,,,,4,randomwalk,275.0,300.0,275.79732,291.610202,2394.755272,1.456412,module=UavAuthNetwork.uav[4]; config=MobilityRandomWalk
1275,MobilityRandomWalk-10-20260810-15:00:25-741125,MobilityRandomWalk,10,10,10,sha3,10,,,,5,randomwalk,450.0,300.0,405.459141,287.598767,2394.091598,1.518559,module=UavAuthNetwork.uav[5]; config=MobilityRandomWalk
1276,MobilityRandomWalk-10-20260810-15:00:25-741125,MobilityRandomWalk,10,10,10,sha3,10,,,,6,randomwalk,50.0,120.0,64.481319,96.652712,2400.0,1.505903,module=UavAuthNetwork.uav[6]; config=MobilityRandomWalk
1277,MobilityRandomWalk-10-20260810-15:00:25-741125,MobilityRandomWalk,10,10,10,sha3,10,,,,7,randomwalk,50.0,230.0,44.905288,206.542624,2400.0,1.498994,module=UavAuthNetwork.uav[7]; config=MobilityRandomWalk
1278,MobilityRandomWalk-10-20260810-15:00:25-741125,MobilityRandomWalk,10,10,10,sha3,10,,,,8,randomwalk,500.0,120.0,485.044193,160.480597,2396.538019,1.529805,module=UavAuthNetwork.uav[8]; config=MobilityRandomWalk
1279,MobilityRandomWalk-10-20260810-15:00:25-741125,MobilityRandomWalk,10,10,10,sha3,10,,,,9,randomwalk,500.0,230.0,484.468218,256.051681,2391.142022,1.493887,module=UavAuthNetwork.uav[9]; config=MobilityRandomWalk
1280,MobilityRandomWalk-11-20260810-15:00:25-741125,MobilityRandomWalk,11,11,11,sha3,10,,,,0,randomwalk,100.0,50.0,78.710174,38.833477,2400.0,1.50977,module=UavAuthNetwork.uav[0]; config=MobilityRandomWalk
1281,MobilityRandomWalk-11-20260810-15:00:25-741125,MobilityRandomWalk,11,11,11,sha3,10,,,,1,randomwalk,275.0,50.0,277.260643,20.658322,2390.377629,1.49309,module=UavAuthNetwork.uav[1]; config=MobilityRandomWalk
1282,MobilityRandomWalk-11-20260810-15:00:25-741125,MobilityRandomWalk,11,11,11,sha3,10,,,,2,randomwalk,450.0,50.0,399.016784,21.789829,2400.0,1.514086,module=UavAuthNetwork.uav[2]; config=MobilityRandomWalk
1283,MobilityRandomWalk-11-20260810-15:00:25-741125,MobilityRandomWalk,11,11,11,sha3,10,,,,3,randomwalk,100.0,300.0,85.360762,246.215434,2395.208256,1.482266,module=UavAuthNetwork.uav[3]; config=MobilityRandomWalk
1284,MobilityRandomWalk-11-20260810-15:00:25-741125,MobilityRandomWalk,11,11,11,sha3,10,,,,4,randomwalk,275.0,300.0,275.79732,291.610202,2394.755272,1.512974,module=UavAuthNetwork.uav[4]; config=MobilityRandomWalk
1285,MobilityRandomWalk-11-20260810-15:00:25-741125,MobilityRandomWalk,11,11,11,sha3,10,,,,5,randomwalk,450.0,300.0,405.459141,287.598767,2394.091598,1.484136,module=UavAuthNetwork.uav[5]; config=MobilityRandomWalk
1286,MobilityRandomWalk-11-20260810-15:00:25-741125,MobilityRandomWalk,11,11,11,sha3,10,,,,6,randomwalk,50.0,120.0,64.481319,96.652712,2400.0,1.510087,module=UavAuthNetwork.uav[6]; config=MobilityRandomWalk
1287,MobilityRandomWalk-11-20260810-15:00:25-741125,MobilityRandomWalk,11,11,11,sha3,10,,,,7,randomwalk,50.0,230.0,44.905288,206.542624,2400.0,1.538722,module=UavAuthNetwork.uav[7]; config=MobilityRandomWalk
1288,MobilityRandomWalk-11-20260810-15:00:25-741125,MobilityRandomWalk,11,11,11,sha3,10,,,,8,randomwalk,500.0,120.0,485.044193,160.480597,2396.538019,1.502348,module=UavAuthNetwork.uav[8]; config=MobilityRandomWalk
1289,MobilityRandomWalk-11-20260810-15:00:25-741125,MobilityRandomWalk,11,11,11,sha3,10,,,,9,randomwalk,500.0,230.0,484.468218,256.051681,2391.142022,1.523477,module=UavAuthNetwork.uav[9]; config=MobilityRandomWalk
1290,MobilityRandomWalk-12-20260810-15:00:25-741125,MobilityRandomWalk,12,12,12,sha3,10,,,,0,randomwalk,100.0,50.0,78.710174,38.833477,2400.0,1.530468,module=UavAuthNetwork.uav[0]; config=MobilityRandomWalk
1291,MobilityRandomWalk-12-20260810-15:00:25-741125,MobilityRandomWalk,12,12,12,sha3,10,,,,1,randomwalk,275.0,50.0,277.260643,20.658322,2390.377629,1.489733,module=UavAuthNetwork.uav[1]; config=MobilityRandomWalk
1292,MobilityRandomWalk-12-20260810-15:00:25-741125,MobilityRandomWalk,12,12,12,sha3,10,,,,2,randomwalk,450.0,50.0,399.016784,21.789829,2400.0,1.502567,module=UavAuthNetwork.uav[2]; config=MobilityRandomWalk
1293,MobilityRandomWalk-12-20260810-15:00:25-741125,MobilityRandomWalk,12,12,12,sha3,10,,,,3,randomwalk,100.0,300.0,85.360762,246.215434,2395.208256,1.514256,module=UavAuthNetwork.uav[3]; config=MobilityRandomWalk
1294,MobilityRandomWalk-12-20260810-15:00:25-741125,MobilityRandomWalk,12,12,12,sha3,10,,,,4,randomwalk,275.0,300.0,275.79732,291.610202,2394.755272,1.515583,module=UavAuthNetwork.uav[4]; config=MobilityRandomWalk
1295,MobilityRandomWalk-12-20260810-15:00:25-741125,MobilityRandomWalk,12,12,12,sha3,10,,,,5,randomwalk,450.0,300.0,405.459141,287.598767,2394.091598,1.544306,module=UavAuthNetwork.uav[5]; config=MobilityRandomWalk
1296,MobilityRandomWalk-12-20260810-15:00:25-741125,MobilityRandomWalk,12,12,12,sha3,10,,,,6,randomwalk,50.0,120.0,64.481319,96.652712,2400.0,1.515551,module=UavAuthNetwork.uav[6]; config=MobilityRandomWalk
1297,MobilityRandomWalk-12-20260810-15:00:25-741125,MobilityRandomWalk,12,12,12,sha3,10,,,,7,randomwalk,50.0,230.0,44.905288,206.542624,2400.0,1.511415,module=UavAuthNetwork.uav[7]; config=MobilityRandomWalk
1298,MobilityRandomWalk-12-20260810-15:00:25-741125,MobilityRandomWalk,12,12,12,sha3,10,,,,8,randomwalk,500.0,120.0,485.044193,160.480597,2396.538019,1.476187,module=UavAuthNetwork.uav[8]; config=MobilityRandomWalk
1299,MobilityRandomWalk-12-20260810-15:00:25-741125,MobilityRandomWalk,12,12,12,sha3,10,,,,9,randomwalk,500.0,230.0,484.468218,256.051681,2391.142022,1.473297,module=UavAuthNetwork.uav[9]; config=MobilityRandomWalk
1300,MobilityRandomWalk-13-20260810-15:00:25-741125,MobilityRandomWalk,13,13,13,sha3,10,,,,0,randomwalk,100.0,50.0,78.710174,38.833477,2400.0,1.483328,module=UavAuthNetwork.uav[0]; config=MobilityRandomWalk
1301,MobilityRandomWalk-13-20260810-15:00:25-741125,MobilityRandomWalk,13,13,13,sha3,10,,,,1,randomwalk,275.0,50.0,277.260643,20.658322,2390.377629,1.479252,module=UavAuthNetwork.uav[1]; config=MobilityRandomWalk
1302,MobilityRandomWalk-13-20260810-15:00:25-741125,MobilityRandomWalk,13,13,13,sha3,10,,,,2,randomwalk,450.0,50.0,399.016784,21.789829,2400.0,1.491249,module=UavAuthNetwork.uav[2]; config=MobilityRandomWalk
1303,MobilityRandomWalk-13-20260810-15:00:25-741125,MobilityRandomWalk,13,13,13,sha3,10,,,,3,randomwalk,100.0,300.0,85.360762,246.215434,2395.208256,1.464844,module=UavAuthNetwork.uav[3]; config=MobilityRandomWalk
1304,MobilityRandomWalk-13-20260810-15:00:25-741125,MobilityRandomWalk,13,13,13,sha3,10,,,,4,randomwalk,275.0,300.0,275.79732,291.610202,2394.755272,1.508659,module=UavAuthNetwork.uav[4]; config=MobilityRandomWalk
1305,MobilityRandomWalk-13-20260810-15:00:25-741125,MobilityRandomWalk,13,13,13,sha3,10,,,,5,randomwalk,450.0,300.0,405.459141,287.598767,2394.091598,1.473592,module=UavAuthNetwork.uav[5]; config=MobilityRandomWalk
1306,MobilityRandomWalk-13-20260810-15:00:25-741125,MobilityRandomWalk,13,13,13,sha3,10,,,,6,randomwalk,50.0,120.0,64.481319,96.652712,2400.0,1.485436,module=UavAuthNetwork.uav[6]; config=MobilityRandomWalk
1307,MobilityRandomWalk-13-20260810-15:00:25-741125,MobilityRandomWalk,13,13,13,sha3,10,,,,7,randomwalk,50.0,230.0,44.905288,206.542624,2400.0,1.536923,module=UavAuthNetwork.uav[7]; config=MobilityRandomWalk
1308,MobilityRandomWalk-13-20260810-15:00:25-741125,MobilityRandomWalk,13,13,13,sha3,10,,,,8,randomwalk,500.0,120.0,485.044193,160.480597,2396.538019,1.531442,module=UavAuthNetwork.uav[8]; config=MobilityRandomWalk
1309,MobilityRandomWalk-13-20260810-15:00:25-741125,MobilityRandomWalk,13,13,13,sha3,10,,,,9,randomwalk,500.0,230.0,484.468218,256.051681,2391.142022,1.500264,module=UavAuthNetwork.uav[9]; config=MobilityRandomWalk
1310,MobilityRandomWalk-14-20260810-15:00:25-741125,MobilityRandomWalk,14,14,14,sha3,10,,,,0,randomwalk,100.0,50.0,78.710174,38.833477,2400.0,1.498234,module=UavAuthNetwork.uav[0]; config=MobilityRandomWalk
1311,MobilityRandomWalk-14-20260810-15:00:25-741125,MobilityRandomWalk,14,14,14,sha3,10,,,,1,randomwalk,275.0,50.0,277.260643,20.658322,2390.377629,1.494575,module=UavAuthNetwork.uav[1]; config=MobilityRandomWalk
1312,MobilityRandomWalk-14-20260810-15:00:25-741125,MobilityRandomWalk,14,14,14,sha3,10,,,,2,randomwalk,450.0,50.0,399.016784,21.789829,2400.0,1.495705,module=UavAuthNetwork.uav[2]; config=MobilityRandomWalk
1313,MobilityRandomWalk-14-20260810-15:00:25-741125,MobilityRandomWalk,14,14,14,sha3,10,,,,3,randomwalk,100.0,300.0,85.360762,246.215434,2395.208256,1.515152,module=UavAuthNetwork.uav[3]; config=MobilityRandomWalk
1314,MobilityRandomWalk-14-20260810-15:00:25-741125,MobilityRandomWalk,14,14,14,sha3,10,,,,4,randomwalk,275.0,300.0,275.79732,291.610202,2394.755272,1.487748,module=UavAuthNetwork.uav[4]; config=MobilityRandomWalk
1315,MobilityRandomWalk-14-20260810-15:00:25-741125,MobilityRandomWalk,14,14,14,sha3,10,,,,5,randomwalk,450.0,300.0,405.459141,287.598767,2394.091598,1.490174,module=UavAuthNetwork.uav[5]; config=MobilityRandomWalk
1316,MobilityRandomWalk-14-20260810-15:00:25-741125,MobilityRandomWalk,14,14,14,sha3,10,,,,6,randomwalk,50.0,120.0,64.481319,96.652712,2400.0,1.474583,module=UavAuthNetwork.uav[6]; config=MobilityRandomWalk
1317,MobilityRandomWalk-14-20260810-15:00:25-741125,MobilityRandomWalk,14,14,14,sha3,10,,,,7,randomwalk,50.0,230.0,44.905288,206.542624,2400.0,1.484701,module=UavAuthNetwork.uav[7]; config=MobilityRandomWalk
1318,MobilityRandomWalk-14-20260810-15:00:25-741125,MobilityRandomWalk,14,14,14,sha3,10,,,,8,randomwalk,500.0,120.0,485.044193,160.480597,2396.538019,1.524283,module=UavAuthNetwork.uav[8]; config=MobilityRandomWalk
1319,MobilityRandomWalk-14-20260810-15:00:25-741125,MobilityRandomWalk,14,14,14,sha3,10,,,,9,randomwalk,500.0,230.0,484.468218,256.051681,2391.142022,1.517945,module=UavAuthNetwork.uav[9]; config=MobilityRandomWalk
1320,MobilityRandomWalk-15-20260810-15:00:25-741125,MobilityRandomWalk,15,15,15,sha3,10,,,,0,randomwalk,100.0,50.0,78.710174,38.833477,2400.0,1.53085,module=UavAuthNetwork.uav[0]; config=MobilityRandomWalk
1321,MobilityRandomWalk-15-20260810-15:00:25-741125,MobilityRandomWalk,15,15,15,sha3,10,,,,1,randomwalk,275.0,50.0,277.260643,20.658322,2390.377629,1.483137,module=UavAuthNetwork.uav[1]; config=MobilityRandomWalk
1322,MobilityRandomWalk-15-20260810-15:00:25-741125,MobilityRandomWalk,15,15,15,sha3,10,,,,2,randomwalk,450.0,50.0,399.016784,21.789829,2400.0,1.501159,module=UavAuthNetwork.uav[2]; config=MobilityRandomWalk
1323,MobilityRandomWalk-15-20260810-15:00:25-741125,MobilityRandomWalk,15,15,15,sha3,10,,,,3,randomwalk,100.0,300.0,85.360762,246.215434,2395.208256,1.493727,module=UavAuthNetwork.uav[3]; config=MobilityRandomWalk
1324,MobilityRandomWalk-15-20260810-15:00:25-741125,MobilityRandomWalk,15,15,15,sha3,10,,,,4,randomwalk,275.0,300.0,275.79732,291.610202,2394.755272,1.50201,module=UavAuthNetwork.uav[4]; config=MobilityRandomWalk
1325,MobilityRandomWalk-15-20260810-15:00:25-741125,MobilityRandomWalk,15,15,15,sha3,10,,,,5,randomwalk,450.0,300.0,405.459141,287.598767,2394.091598,1.480134,module=UavAuthNetwork.uav[5]; config=MobilityRandomWalk
1326,MobilityRandomWalk-15-20260810-15:00:25-741125,MobilityRandomWalk,15,15,15,sha3,10,,,,6,randomwalk,50.0,120.0,64.481319,96.652712,2400.0,1.515463,module=UavAuthNetwork.uav[6]; config=MobilityRandomWalk
1327,MobilityRandomWalk-15-20260810-15:00:25-741125,MobilityRandomWalk,15,15,15,sha3,10,,,,7,randomwalk,50.0,230.0,44.905288,206.542624,2400.0,1.500584,module=UavAuthNetwork.uav[7]; config=MobilityRandomWalk
1328,MobilityRandomWalk-15-20260810-15:00:25-741125,MobilityRandomWalk,15,15,15,sha3,10,,,,8,randomwalk,500.0,120.0,485.044193,160.480597,2396.538019,1.501883,module=UavAuthNetwork.uav[8]; config=MobilityRandomWalk
1329,MobilityRandomWalk-15-20260810-15:00:25-741125,MobilityRandomWalk,15,15,15,sha3,10,,,,9,randomwalk,500.0,230.0,484.468218,256.051681,2391.142022,1.496415,module=UavAuthNetwork.uav[9]; config=MobilityRandomWalk
1330,MobilityRandomWalk-16-20260810-15:00:25-741125,MobilityRandomWalk,16,16,16,sha3,10,,,,0,randomwalk,100.0,50.0,78.710174,38.833477,2400.0,1.484664,module=UavAuthNetwork.uav[0]; config=MobilityRandomWalk
1331,MobilityRandomWalk-16-20260810-15:00:25-741125,MobilityRandomWalk,16,16,16,sha3,10,,,,1,randomwalk,275.0,50.0,277.260643,20.658322,2390.377629,1.482064,module=UavAuthNetwork.uav[1]; config=MobilityRandomWalk
1332,MobilityRandomWalk-16-20260810-15:00:25-741125,MobilityRandomWalk,16,16,16,sha3,10,,,,2,randomwalk,450.0,50.0,399.016784,21.789829,2400.0,1.472031,module=UavAuthNetwork.uav[2]; config=MobilityRandomWalk
1333,MobilityRandomWalk-16-20260810-15:00:25-741125,MobilityRandomWalk,16,16,16,sha3,10,,,,3,randomwalk,100.0,300.0,85.360762,246.215434,2395.208256,1.470664,module=UavAuthNetwork.uav[3]; config=MobilityRandomWalk
1334,MobilityRandomWalk-16-20260810-15:00:25-741125,MobilityRandomWalk,16,16,16,sha3,10,,,,4,randomwalk,275.0,300.0,275.79732,291.610202,2394.755272,1.478645,module=UavAuthNetwork.uav[4]; config=MobilityRandomWalk
1335,MobilityRandomWalk-16-20260810-15:00:25-741125,MobilityRandomWalk,16,16,16,sha3,10,,,,5,randomwalk,450.0,300.0,405.459141,287.598767,2394.091598,1.534551,module=UavAuthNetwork.uav[5]; config=MobilityRandomWalk
1336,MobilityRandomWalk-16-20260810-15:00:25-741125,MobilityRandomWalk,16,16,16,sha3,10,,,,6,randomwalk,50.0,120.0,64.481319,96.652712,2400.0,1.508393,module=UavAuthNetwork.uav[6]; config=MobilityRandomWalk
1337,MobilityRandomWalk-16-20260810-15:00:25-741125,MobilityRandomWalk,16,16,16,sha3,10,,,,7,randomwalk,50.0,230.0,44.905288,206.542624,2400.0,1.489193,module=UavAuthNetwork.uav[7]; config=MobilityRandomWalk
1338,MobilityRandomWalk-16-20260810-15:00:25-741125,MobilityRandomWalk,16,16,16,sha3,10,,,,8,randomwalk,500.0,120.0,485.044193,160.480597,2396.538019,1.483685,module=UavAuthNetwork.uav[8]; config=MobilityRandomWalk
1339,MobilityRandomWalk-16-20260810-15:00:25-741125,MobilityRandomWalk,16,16,16,sha3,10,,,,9,randomwalk,500.0,230.0,484.468218,256.051681,2391.142022,1.530607,module=UavAuthNetwork.uav[9]; config=MobilityRandomWalk
1340,MobilityRandomWalk-17-20260810-15:00:25-741125,MobilityRandomWalk,17,17,17,sha3,10,,,,0,randomwalk,100.0,50.0,78.710174,38.833477,2400.0,1.508841,module=UavAuthNetwork.uav[0]; config=MobilityRandomWalk
1341,MobilityRandomWalk-17-20260810-15:00:25-741125,MobilityRandomWalk,17,17,17,sha3,10,,,,1,randomwalk,275.0,50.0,277.260643,20.658322,2390.377629,1.484908,module=UavAuthNetwork.uav[1]; config=MobilityRandomWalk
1342,MobilityRandomWalk-17-20260810-15:00:25-741125,MobilityRandomWalk,17,17,17,sha3,10,,,,2,randomwalk,450.0,50.0,399.016784,21.789829,2400.0,1.461705,module=UavAuthNetwork.uav[2]; config=MobilityRandomWalk
1343,MobilityRandomWalk-17-20260810-15:00:25-741125,MobilityRandomWalk,17,17,17,sha3,10,,,,3,randomwalk,100.0,300.0,85.360762,246.215434,2395.208256,1.510342,module=UavAuthNetwork.uav[3]; config=MobilityRandomWalk
1344,MobilityRandomWalk-17-20260810-15:00:25-741125,MobilityRandomWalk,17,17,17,sha3,10,,,,4,randomwalk,275.0,300.0,275.79732,291.610202,2394.755272,1.514581,module=UavAuthNetwork.uav[4]; config=MobilityRandomWalk
1345,MobilityRandomWalk-17-20260810-15:00:25-741125,MobilityRandomWalk,17,17,17,sha3,10,,,,5,randomwalk,450.0,300.0,405.459141,287.598767,2394.091598,1.517961,module=UavAuthNetwork.uav[5]; config=MobilityRandomWalk
1346,MobilityRandomWalk-17-20260810-15:00:25-741125,MobilityRandomWalk,17,17,17,sha3,10,,,,6,randomwalk,50.0,120.0,64.481319,96.652712,2400.0,1.526453,module=UavAuthNetwork.uav[6]; config=MobilityRandomWalk
1347,MobilityRandomWalk-17-20260810-15:00:25-741125,MobilityRandomWalk,17,17,17,sha3,10,,,,7,randomwalk,50.0,230.0,44.905288,206.542624,2400.0,1.554963,module=UavAuthNetwork.uav[7]; config=MobilityRandomWalk
1348,MobilityRandomWalk-17-20260810-15:00:25-741125,MobilityRandomWalk,17,17,17,sha3,10,,,,8,randomwalk,500.0,120.0,485.044193,160.480597,2396.538019,1.496595,module=UavAuthNetwork.uav[8]; config=MobilityRandomWalk
1349,MobilityRandomWalk-17-20260810-15:00:25-741125,MobilityRandomWalk,17,17,17,sha3,10,,,,9,randomwalk,500.0,230.0,484.468218,256.051681,2391.142022,1.524433,module=UavAuthNetwork.uav[9]; config=MobilityRandomWalk
1350,MobilityRandomWalk-18-20260810-15:00:25-741125,MobilityRandomWalk,18,18,18,sha3,10,,,,0,randomwalk,100.0,50.0,78.710174,38.833477,2400.0,1.543584,module=UavAuthNetwork.uav[0]; config=MobilityRandomWalk
1351,MobilityRandomWalk-18-20260810-15:00:25-741125,MobilityRandomWalk,18,18,18,sha3,10,,,,1,randomwalk,275.0,50.0,277.260643,20.658322,2390.377629,1.481788,module=UavAuthNetwork.uav[1]; config=MobilityRandomWalk
1352,MobilityRandomWalk-18-20260810-15:00:25-741125,MobilityRandomWalk,18,18,18,sha3,10,,,,2,randomwalk,450.0,50.0,399.016784,21.789829,2400.0,1.509164,module=UavAuthNetwork.uav[2]; config=MobilityRandomWalk
1353,MobilityRandomWalk-18-20260810-15:00:25-741125,MobilityRandomWalk,18,18,18,sha3,10,,,,3,randomwalk,100.0,300.0,85.360762,246.215434,2395.208256,1.540172,module=UavAuthNetwork.uav[3]; config=MobilityRandomWalk
1354,MobilityRandomWalk-18-20260810-15:00:25-741125,MobilityRandomWalk,18,18,18,sha3,10,,,,4,randomwalk,275.0,300.0,275.79732,291.610202,2394.755272,1.519484,module=UavAuthNetwork.uav[4]; config=MobilityRandomWalk
1355,MobilityRandomWalk-18-20260810-15:00:25-741125,MobilityRandomWalk,18,18,18,sha3,10,,,,5,randomwalk,450.0,300.0,405.459141,287.598767,2394.091598,1.536635,module=UavAuthNetwork.uav[5]; config=MobilityRandomWalk
1356,MobilityRandomWalk-18-20260810-15:00:25-741125,MobilityRandomWalk,18,18,18,sha3,10,,,,6,randomwalk,50.0,120.0,64.481319,96.652712,2400.0,1.522138,module=UavAuthNetwork.uav[6]; config=MobilityRandomWalk
1357,MobilityRandomWalk-18-20260810-15:00:25-741125,MobilityRandomWalk,18,18,18,sha3,10,,,,7,randomwalk,50.0,230.0,44.905288,206.542624,2400.0,1.519575,module=UavAuthNetwork.uav[7]; config=MobilityRandomWalk
1358,MobilityRandomWalk-18-20260810-15:00:25-741125,MobilityRandomWalk,18,18,18,sha3,10,,,,8,randomwalk,500.0,120.0,485.044193,160.480597,2396.538019,1.494282,module=UavAuthNetwork.uav[8]; config=MobilityRandomWalk
1359,MobilityRandomWalk-18-20260810-15:00:25-741125,MobilityRandomWalk,18,18,18,sha3,10,,,,9,randomwalk,500.0,230.0,484.468218,256.051681,2391.142022,1.513905,module=UavAuthNetwork.uav[9]; config=MobilityRandomWalk
1360,MobilityRandomWalk-19-20260810-15:00:25-741125,MobilityRandomWalk,19,19,19,sha3,10,,,,0,randomwalk,100.0,50.0,78.710174,38.833477,2400.0,1.534765,module=UavAuthNetwork.uav[0]; config=MobilityRandomWalk
1361,MobilityRandomWalk-19-20260810-15:00:25-741125,MobilityRandomWalk,19,19,19,sha3,10,,,,1,randomwalk,275.0,50.0,277.260643,20.658322,2390.377629,1.483609,module=UavAuthNetwork.uav[1]; config=MobilityRandomWalk
1362,MobilityRandomWalk-19-20260810-15:00:25-741125,MobilityRandomWalk,19,19,19,sha3,10,,,,2,randomwalk,450.0,50.0,399.016784,21.789829,2400.0,1.506036,module=UavAuthNetwork.uav[2]; config=MobilityRandomWalk
1363,MobilityRandomWalk-19-20260810-15:00:25-741125,MobilityRandomWalk,19,19,19,sha3,10,,,,3,randomwalk,100.0,300.0,85.360762,246.215434,2395.208256,1.465033,module=UavAuthNetwork.uav[3]; config=MobilityRandomWalk
1364,MobilityRandomWalk-19-20260810-15:00:25-741125,MobilityRandomWalk,19,19,19,sha3,10,,,,4,randomwalk,275.0,300.0,275.79732,291.610202,2394.755272,1.467474,module=UavAuthNetwork.uav[4]; config=MobilityRandomWalk
1365,MobilityRandomWalk-19-20260810-15:00:25-741125,MobilityRandomWalk,19,19,19,sha3,10,,,,5,randomwalk,450.0,300.0,405.459141,287.598767,2394.091598,1.489097,module=UavAuthNetwork.uav[5]; config=MobilityRandomWalk
1366,MobilityRandomWalk-19-20260810-15:00:25-741125,MobilityRandomWalk,19,19,19,sha3,10,,,,6,randomwalk,50.0,120.0,64.481319,96.652712,2400.0,1.463732,module=UavAuthNetwork.uav[6]; config=MobilityRandomWalk
1367,MobilityRandomWalk-19-20260810-15:00:25-741125,MobilityRandomWalk,19,19,19,sha3,10,,,,7,randomwalk,50.0,230.0,44.905288,206.542624,2400.0,1.549166,module=UavAuthNetwork.uav[7]; config=MobilityRandomWalk
1368,MobilityRandomWalk-19-20260810-15:00:25-741125,MobilityRandomWalk,19,19,19,sha3,10,,,,8,randomwalk,500.0,120.0,485.044193,160.480597,2396.538019,1.499188,module=UavAuthNetwork.uav[8]; config=MobilityRandomWalk
1369,MobilityRandomWalk-19-20260810-15:00:25-741125,MobilityRandomWalk,19,19,19,sha3,10,,,,9,randomwalk,500.0,230.0,484.468218,256.051681,2391.142022,1.476317,module=UavAuthNetwork.uav[9]; config=MobilityRandomWalk
1370,MobilityRandomWalk-2-20260810-15:00:24-741125,MobilityRandomWalk,2,2,2,sha3,10,,,,0,randomwalk,100.0,50.0,78.710174,38.833477,2400.0,1.513547,module=UavAuthNetwork.uav[0]; config=MobilityRandomWalk
1371,MobilityRandomWalk-2-20260810-15:00:24-741125,MobilityRandomWalk,2,2,2,sha3,10,,,,1,randomwalk,275.0,50.0,277.260643,20.658322,2390.377629,1.503017,module=UavAuthNetwork.uav[1]; config=MobilityRandomWalk
1372,MobilityRandomWalk-2-20260810-15:00:24-741125,MobilityRandomWalk,2,2,2,sha3,10,,,,2,randomwalk,450.0,50.0,399.016784,21.789829,2400.0,1.50217,module=UavAuthNetwork.uav[2]; config=MobilityRandomWalk
1373,MobilityRandomWalk-2-20260810-15:00:24-741125,MobilityRandomWalk,2,2,2,sha3,10,,,,3,randomwalk,100.0,300.0,85.360762,246.215434,2395.208256,1.494017,module=UavAuthNetwork.uav[3]; config=MobilityRandomWalk
1374,MobilityRandomWalk-2-20260810-15:00:24-741125,MobilityRandomWalk,2,2,2,sha3,10,,,,4,randomwalk,275.0,300.0,275.79732,291.610202,2394.755272,1.495622,module=UavAuthNetwork.uav[4]; config=MobilityRandomWalk
1375,MobilityRandomWalk-2-20260810-15:00:24-741125,MobilityRandomWalk,2,2,2,sha3,10,,,,5,randomwalk,450.0,300.0,405.459141,287.598767,2394.091598,1.5335,module=UavAuthNetwork.uav[5]; config=MobilityRandomWalk
1376,MobilityRandomWalk-2-20260810-15:00:24-741125,MobilityRandomWalk,2,2,2,sha3,10,,,,6,randomwalk,50.0,120.0,64.481319,96.652712,2400.0,1.484037,module=UavAuthNetwork.uav[6]; config=MobilityRandomWalk
1377,MobilityRandomWalk-2-20260810-15:00:24-741125,MobilityRandomWalk,2,2,2,sha3,10,,,,7,randomwalk,50.0,230.0,44.905288,206.542624,2400.0,1.51911,module=UavAuthNetwork.uav[7]; config=MobilityRandomWalk
1378,MobilityRandomWalk-2-20260810-15:00:24-741125,MobilityRandomWalk,2,2,2,sha3,10,,,,8,randomwalk,500.0,120.0,485.044193,160.480597,2396.538019,1.533445,module=UavAuthNetwork.uav[8]; config=MobilityRandomWalk
1379,MobilityRandomWalk-2-20260810-15:00:24-741125,MobilityRandomWalk,2,2,2,sha3,10,,,,9,randomwalk,500.0,230.0,484.468218,256.051681,2391.142022,1.482253,module=UavAuthNetwork.uav[9]; config=MobilityRandomWalk
1380,MobilityRandomWalk-20-20260810-15:00:25-741125,MobilityRandomWalk,20,20,20,sha3,10,,,,0,randomwalk,100.0,50.0,78.710174,38.833477,2400.0,1.531561,module=UavAuthNetwork.uav[0]; config=MobilityRandomWalk
1381,MobilityRandomWalk-20-20260810-15:00:25-741125,MobilityRandomWalk,20,20,20,sha3,10,,,,1,randomwalk,275.0,50.0,277.260643,20.658322,2390.377629,1.504822,module=UavAuthNetwork.uav[1]; config=MobilityRandomWalk
1382,MobilityRandomWalk-20-20260810-15:00:25-741125,MobilityRandomWalk,20,20,20,sha3,10,,,,2,randomwalk,450.0,50.0,399.016784,21.789829,2400.0,1.513309,module=UavAuthNetwork.uav[2]; config=MobilityRandomWalk
1383,MobilityRandomWalk-20-20260810-15:00:25-741125,MobilityRandomWalk,20,20,20,sha3,10,,,,3,randomwalk,100.0,300.0,85.360762,246.215434,2395.208256,1.528388,module=UavAuthNetwork.uav[3]; config=MobilityRandomWalk
1384,MobilityRandomWalk-20-20260810-15:00:25-741125,MobilityRandomWalk,20,20,20,sha3,10,,,,4,randomwalk,275.0,300.0,275.79732,291.610202,2394.755272,1.494455,module=UavAuthNetwork.uav[4]; config=MobilityRandomWalk
1385,MobilityRandomWalk-20-20260810-15:00:25-741125,MobilityRandomWalk,20,20,20,sha3,10,,,,5,randomwalk,450.0,300.0,405.459141,287.598767,2394.091598,1.570409,module=UavAuthNetwork.uav[5]; config=MobilityRandomWalk
1386,MobilityRandomWalk-20-20260810-15:00:25-741125,MobilityRandomWalk,20,20,20,sha3,10,,,,6,randomwalk,50.0,120.0,64.481319,96.652712,2400.0,1.502769,module=UavAuthNetwork.uav[6]; config=MobilityRandomWalk
1387,MobilityRandomWalk-20-20260810-15:00:25-741125,MobilityRandomWalk,20,20,20,sha3,10,,,,7,randomwalk,50.0,230.0,44.905288,206.542624,2400.0,1.490075,module=UavAuthNetwork.uav[7]; config=MobilityRandomWalk
1388,MobilityRandomWalk-20-20260810-15:00:25-741125,MobilityRandomWalk,20,20,20,sha3,10,,,,8,randomwalk,500.0,120.0,485.044193,160.480597,2396.538019,1.486665,module=UavAuthNetwork.uav[8]; config=MobilityRandomWalk
1389,MobilityRandomWalk-20-20260810-15:00:25-741125,MobilityRandomWalk,20,20,20,sha3,10,,,,9,randomwalk,500.0,230.0,484.468218,256.051681,2391.142022,1.535003,module=UavAuthNetwork.uav[9]; config=MobilityRandomWalk
1390,MobilityRandomWalk-21-20260810-15:00:25-741125,MobilityRandomWalk,21,21,21,sha3,10,,,,0,randomwalk,100.0,50.0,78.710174,38.833477,2400.0,1.507251,module=UavAuthNetwork.uav[0]; config=MobilityRandomWalk
1391,MobilityRandomWalk-21-20260810-15:00:25-741125,MobilityRandomWalk,21,21,21,sha3,10,,,,1,randomwalk,275.0,50.0,277.260643,20.658322,2390.377629,1.561887,module=UavAuthNetwork.uav[1]; config=MobilityRandomWalk
1392,MobilityRandomWalk-21-20260810-15:00:25-741125,MobilityRandomWalk,21,21,21,sha3,10,,,,2,randomwalk,450.0,50.0,399.016784,21.789829,2400.0,1.536293,module=UavAuthNetwork.uav[2]; config=MobilityRandomWalk
1393,MobilityRandomWalk-21-20260810-15:00:25-741125,MobilityRandomWalk,21,21,21,sha3,10,,,,3,randomwalk,100.0,300.0,85.360762,246.215434,2395.208256,1.457039,module=UavAuthNetwork.uav[3]; config=MobilityRandomWalk
1394,MobilityRandomWalk-21-20260810-15:00:25-741125,MobilityRandomWalk,21,21,21,sha3,10,,,,4,randomwalk,275.0,300.0,275.79732,291.610202,2394.755272,1.511555,module=UavAuthNetwork.uav[4]; config=MobilityRandomWalk
1395,MobilityRandomWalk-21-20260810-15:00:25-741125,MobilityRandomWalk,21,21,21,sha3,10,,,,5,randomwalk,450.0,300.0,405.459141,287.598767,2394.091598,1.463787,module=UavAuthNetwork.uav[5]; config=MobilityRandomWalk
1396,MobilityRandomWalk-21-20260810-15:00:25-741125,MobilityRandomWalk,21,21,21,sha3,10,,,,6,randomwalk,50.0,120.0,64.481319,96.652712,2400.0,1.486853,module=UavAuthNetwork.uav[6]; config=MobilityRandomWalk
1397,MobilityRandomWalk-21-20260810-15:00:25-741125,MobilityRandomWalk,21,21,21,sha3,10,,,,7,randomwalk,50.0,230.0,44.905288,206.542624,2400.0,1.492775,module=UavAuthNetwork.uav[7]; config=MobilityRandomWalk
1398,MobilityRandomWalk-21-20260810-15:00:25-741125,MobilityRandomWalk,21,21,21,sha3,10,,,,8,randomwalk,500.0,120.0,485.044193,160.480597,2396.538019,1.494495,module=UavAuthNetwork.uav[8]; config=MobilityRandomWalk
1399,MobilityRandomWalk-21-20260810-15:00:25-741125,MobilityRandomWalk,21,21,21,sha3,10,,,,9,randomwalk,500.0,230.0,484.468218,256.051681,2391.142022,1.4692,module=UavAuthNetwork.uav[9]; config=MobilityRandomWalk
1400,MobilityRandomWalk-22-20260810-15:00:26-741125,MobilityRandomWalk,22,22,22,sha3,10,,,,0,randomwalk,100.0,50.0,78.710174,38.833477,2400.0,1.498403,module=UavAuthNetwork.uav[0]; config=MobilityRandomWalk
1401,MobilityRandomWalk-22-20260810-15:00:26-741125,MobilityRandomWalk,22,22,22,sha3,10,,,,1,randomwalk,275.0,50.0,277.260643,20.658322,2390.377629,1.498515,module=UavAuthNetwork.uav[1]; config=MobilityRandomWalk
1402,MobilityRandomWalk-22-20260810-15:00:26-741125,MobilityRandomWalk,22,22,22,sha3,10,,,,2,randomwalk,450.0,50.0,399.016784,21.789829,2400.0,1.504591,module=UavAuthNetwork.uav[2]; config=MobilityRandomWalk
1403,MobilityRandomWalk-22-20260810-15:00:26-741125,MobilityRandomWalk,22,22,22,sha3,10,,,,3,randomwalk,100.0,300.0,85.360762,246.215434,2395.208256,1.497591,module=UavAuthNetwork.uav[3]; config=MobilityRandomWalk
1404,MobilityRandomWalk-22-20260810-15:00:26-741125,MobilityRandomWalk,22,22,22,sha3,10,,,,4,randomwalk,275.0,300.0,275.79732,291.610202,2394.755272,1.490457,module=UavAuthNetwork.uav[4]; config=MobilityRandomWalk
1405,MobilityRandomWalk-22-20260810-15:00:26-741125,MobilityRandomWalk,22,22,22,sha3,10,,,,5,randomwalk,450.0,300.0,405.459141,287.598767,2394.091598,1.482059,module=UavAuthNetwork.uav[5]; config=MobilityRandomWalk
1406,MobilityRandomWalk-22-20260810-15:00:26-741125,MobilityRandomWalk,22,22,22,sha3,10,,,,6,randomwalk,50.0,120.0,64.481319,96.652712,2400.0,1.507489,module=UavAuthNetwork.uav[6]; config=MobilityRandomWalk
1407,MobilityRandomWalk-22-20260810-15:00:26-741125,MobilityRandomWalk,22,22,22,sha3,10,,,,7,randomwalk,50.0,230.0,44.905288,206.542624,2400.0,1.511394,module=UavAuthNetwork.uav[7]; config=MobilityRandomWalk
1408,MobilityRandomWalk-22-20260810-15:00:26-741125,MobilityRandomWalk,22,22,22,sha3,10,,,,8,randomwalk,500.0,120.0,485.044193,160.480597,2396.538019,1.493354,module=UavAuthNetwork.uav[8]; config=MobilityRandomWalk
1409,MobilityRandomWalk-22-20260810-15:00:26-741125,MobilityRandomWalk,22,22,22,sha3,10,,,,9,randomwalk,500.0,230.0,484.468218,256.051681,2391.142022,1.476261,module=UavAuthNetwork.uav[9]; config=MobilityRandomWalk
1410,MobilityRandomWalk-23-20260810-15:00:26-741125,MobilityRandomWalk,23,23,23,sha3,10,,,,0,randomwalk,100.0,50.0,78.710174,38.833477,2400.0,1.511766,module=UavAuthNetwork.uav[0]; config=MobilityRandomWalk
1411,MobilityRandomWalk-23-20260810-15:00:26-741125,MobilityRandomWalk,23,23,23,sha3,10,,,,1,randomwalk,275.0,50.0,277.260643,20.658322,2390.377629,1.514977,module=UavAuthNetwork.uav[1]; config=MobilityRandomWalk
1412,MobilityRandomWalk-23-20260810-15:00:26-741125,MobilityRandomWalk,23,23,23,sha3,10,,,,2,randomwalk,450.0,50.0,399.016784,21.789829,2400.0,1.495685,module=UavAuthNetwork.uav[2]; config=MobilityRandomWalk
1413,MobilityRandomWalk-23-20260810-15:00:26-741125,MobilityRandomWalk,23,23,23,sha3,10,,,,3,randomwalk,100.0,300.0,85.360762,246.215434,2395.208256,1.483502,module=UavAuthNetwork.uav[3]; config=MobilityRandomWalk
1414,MobilityRandomWalk-23-20260810-15:00:26-741125,MobilityRandomWalk,23,23,23,sha3,10,,,,4,randomwalk,275.0,300.0,275.79732,291.610202,2394.755272,1.552938,module=UavAuthNetwork.uav[4]; config=MobilityRandomWalk
1415,MobilityRandomWalk-23-20260810-15:00:26-741125,MobilityRandomWalk,23,23,23,sha3,10,,,,5,randomwalk,450.0,300.0,405.459141,287.598767,2394.091598,1.532714,module=UavAuthNetwork.uav[5]; config=MobilityRandomWalk
1416,MobilityRandomWalk-23-20260810-15:00:26-741125,MobilityRandomWalk,23,23,23,sha3,10,,,,6,randomwalk,50.0,120.0,64.481319,96.652712,2400.0,1.499676,module=UavAuthNetwork.uav[6]; config=MobilityRandomWalk
1417,MobilityRandomWalk-23-20260810-15:00:26-741125,MobilityRandomWalk,23,23,23,sha3,10,,,,7,randomwalk,50.0,230.0,44.905288,206.542624,2400.0,1.454556,module=UavAuthNetwork.uav[7]; config=MobilityRandomWalk
1418,MobilityRandomWalk-23-20260810-15:00:26-741125,MobilityRandomWalk,23,23,23,sha3,10,,,,8,randomwalk,500.0,120.0,485.044193,160.480597,2396.538019,1.50758,module=UavAuthNetwork.uav[8]; config=MobilityRandomWalk
1419,MobilityRandomWalk-23-20260810-15:00:26-741125,MobilityRandomWalk,23,23,23,sha3,10,,,,9,randomwalk,500.0,230.0,484.468218,256.051681,2391.142022,1.493859,module=UavAuthNetwork.uav[9]; config=MobilityRandomWalk
1420,MobilityRandomWalk-24-20260810-15:00:26-741125,MobilityRandomWalk,24,24,24,sha3,10,,,,0,randomwalk,100.0,50.0,78.710174,38.833477,2400.0,1.47832,module=UavAuthNetwork.uav[0]; config=MobilityRandomWalk
1421,MobilityRandomWalk-24-20260810-15:00:26-741125,MobilityRandomWalk,24,24,24,sha3,10,,,,1,randomwalk,275.0,50.0,277.260643,20.658322,2390.377629,1.512796,module=UavAuthNetwork.uav[1]; config=MobilityRandomWalk
1422,MobilityRandomWalk-24-20260810-15:00:26-741125,MobilityRandomWalk,24,24,24,sha3,10,,,,2,randomwalk,450.0,50.0,399.016784,21.789829,2400.0,1.50054,module=UavAuthNetwork.uav[2]; config=MobilityRandomWalk
1423,MobilityRandomWalk-24-20260810-15:00:26-741125,MobilityRandomWalk,24,24,24,sha3,10,,,,3,randomwalk,100.0,300.0,85.360762,246.215434,2395.208256,1.501488,module=UavAuthNetwork.uav[3]; config=MobilityRandomWalk
1424,MobilityRandomWalk-24-20260810-15:00:26-741125,MobilityRandomWalk,24,24,24,sha3,10,,,,4,randomwalk,275.0,300.0,275.79732,291.610202,2394.755272,1.484841,module=UavAuthNetwork.uav[4]; config=MobilityRandomWalk
1425,MobilityRandomWalk-24-20260810-15:00:26-741125,MobilityRandomWalk,24,24,24,sha3,10,,,,5,randomwalk,450.0,300.0,405.459141,287.598767,2394.091598,1.50495,module=UavAuthNetwork.uav[5]; config=MobilityRandomWalk
1426,MobilityRandomWalk-24-20260810-15:00:26-741125,MobilityRandomWalk,24,24,24,sha3,10,,,,6,randomwalk,50.0,120.0,64.481319,96.652712,2400.0,1.493232,module=UavAuthNetwork.uav[6]; config=MobilityRandomWalk
1427,MobilityRandomWalk-24-20260810-15:00:26-741125,MobilityRandomWalk,24,24,24,sha3,10,,,,7,randomwalk,50.0,230.0,44.905288,206.542624,2400.0,1.555936,module=UavAuthNetwork.uav[7]; config=MobilityRandomWalk
1428,MobilityRandomWalk-24-20260810-15:00:26-741125,MobilityRandomWalk,24,24,24,sha3,10,,,,8,randomwalk,500.0,120.0,485.044193,160.480597,2396.538019,1.489789,module=UavAuthNetwork.uav[8]; config=MobilityRandomWalk
1429,MobilityRandomWalk-24-20260810-15:00:26-741125,MobilityRandomWalk,24,24,24,sha3,10,,,,9,randomwalk,500.0,230.0,484.468218,256.051681,2391.142022,1.486885,module=UavAuthNetwork.uav[9]; config=MobilityRandomWalk
1430,MobilityRandomWalk-25-20260810-15:00:26-741125,MobilityRandomWalk,25,25,25,sha3,10,,,,0,randomwalk,100.0,50.0,78.710174,38.833477,2400.0,1.491807,module=UavAuthNetwork.uav[0]; config=MobilityRandomWalk
1431,MobilityRandomWalk-25-20260810-15:00:26-741125,MobilityRandomWalk,25,25,25,sha3,10,,,,1,randomwalk,275.0,50.0,277.260643,20.658322,2390.377629,1.503305,module=UavAuthNetwork.uav[1]; config=MobilityRandomWalk
1432,MobilityRandomWalk-25-20260810-15:00:26-741125,MobilityRandomWalk,25,25,25,sha3,10,,,,2,randomwalk,450.0,50.0,399.016784,21.789829,2400.0,1.581884,module=UavAuthNetwork.uav[2]; config=MobilityRandomWalk
1433,MobilityRandomWalk-25-20260810-15:00:26-741125,MobilityRandomWalk,25,25,25,sha3,10,,,,3,randomwalk,100.0,300.0,85.360762,246.215434,2395.208256,1.471944,module=UavAuthNetwork.uav[3]; config=MobilityRandomWalk
1434,MobilityRandomWalk-25-20260810-15:00:26-741125,MobilityRandomWalk,25,25,25,sha3,10,,,,4,randomwalk,275.0,300.0,275.79732,291.610202,2394.755272,1.468442,module=UavAuthNetwork.uav[4]; config=MobilityRandomWalk
1435,MobilityRandomWalk-25-20260810-15:00:26-741125,MobilityRandomWalk,25,25,25,sha3,10,,,,5,randomwalk,450.0,300.0,405.459141,287.598767,2394.091598,1.50849,module=UavAuthNetwork.uav[5]; config=MobilityRandomWalk
1436,MobilityRandomWalk-25-20260810-15:00:26-741125,MobilityRandomWalk,25,25,25,sha3,10,,,,6,randomwalk,50.0,120.0,64.481319,96.652712,2400.0,1.470159,module=UavAuthNetwork.uav[6]; config=MobilityRandomWalk
1437,MobilityRandomWalk-25-20260810-15:00:26-741125,MobilityRandomWalk,25,25,25,sha3,10,,,,7,randomwalk,50.0,230.0,44.905288,206.542624,2400.0,1.479457,module=UavAuthNetwork.uav[7]; config=MobilityRandomWalk
1438,MobilityRandomWalk-25-20260810-15:00:26-741125,MobilityRandomWalk,25,25,25,sha3,10,,,,8,randomwalk,500.0,120.0,485.044193,160.480597,2396.538019,1.516864,module=UavAuthNetwork.uav[8]; config=MobilityRandomWalk
1439,MobilityRandomWalk-25-20260810-15:00:26-741125,MobilityRandomWalk,25,25,25,sha3,10,,,,9,randomwalk,500.0,230.0,484.468218,256.051681,2391.142022,1.48789,module=UavAuthNetwork.uav[9]; config=MobilityRandomWalk
1440,MobilityRandomWalk-26-20260810-15:00:26-741125,MobilityRandomWalk,26,26,26,sha3,10,,,,0,randomwalk,100.0,50.0,78.710174,38.833477,2400.0,1.513321,module=UavAuthNetwork.uav[0]; config=MobilityRandomWalk
1441,MobilityRandomWalk-26-20260810-15:00:26-741125,MobilityRandomWalk,26,26,26,sha3,10,,,,1,randomwalk,275.0,50.0,277.260643,20.658322,2390.377629,1.526787,module=UavAuthNetwork.uav[1]; config=MobilityRandomWalk
1442,MobilityRandomWalk-26-20260810-15:00:26-741125,MobilityRandomWalk,26,26,26,sha3,10,,,,2,randomwalk,450.0,50.0,399.016784,21.789829,2400.0,1.488155,module=UavAuthNetwork.uav[2]; config=MobilityRandomWalk
1443,MobilityRandomWalk-26-20260810-15:00:26-741125,MobilityRandomWalk,26,26,26,sha3,10,,,,3,randomwalk,100.0,300.0,85.360762,246.215434,2395.208256,1.489104,module=UavAuthNetwork.uav[3]; config=MobilityRandomWalk
1444,MobilityRandomWalk-26-20260810-15:00:26-741125,MobilityRandomWalk,26,26,26,sha3,10,,,,4,randomwalk,275.0,300.0,275.79732,291.610202,2394.755272,1.504048,module=UavAuthNetwork.uav[4]; config=MobilityRandomWalk
1445,MobilityRandomWalk-26-20260810-15:00:26-741125,MobilityRandomWalk,26,26,26,sha3,10,,,,5,randomwalk,450.0,300.0,405.459141,287.598767,2394.091598,1.504178,module=UavAuthNetwork.uav[5]; config=MobilityRandomWalk
1446,MobilityRandomWalk-26-20260810-15:00:26-741125,MobilityRandomWalk,26,26,26,sha3,10,,,,6,randomwalk,50.0,120.0,64.481319,96.652712,2400.0,1.495367,module=UavAuthNetwork.uav[6]; config=MobilityRandomWalk
1447,MobilityRandomWalk-26-20260810-15:00:26-741125,MobilityRandomWalk,26,26,26,sha3,10,,,,7,randomwalk,50.0,230.0,44.905288,206.542624,2400.0,1.496587,module=UavAuthNetwork.uav[7]; config=MobilityRandomWalk
1448,MobilityRandomWalk-26-20260810-15:00:26-741125,MobilityRandomWalk,26,26,26,sha3,10,,,,8,randomwalk,500.0,120.0,485.044193,160.480597,2396.538019,1.460002,module=UavAuthNetwork.uav[8]; config=MobilityRandomWalk
1449,MobilityRandomWalk-26-20260810-15:00:26-741125,MobilityRandomWalk,26,26,26,sha3,10,,,,9,randomwalk,500.0,230.0,484.468218,256.051681,2391.142022,1.494282,module=UavAuthNetwork.uav[9]; config=MobilityRandomWalk
1450,MobilityRandomWalk-27-20260810-15:00:26-741125,MobilityRandomWalk,27,27,27,sha3,10,,,,0,randomwalk,100.0,50.0,78.710174,38.833477,2400.0,1.488213,module=UavAuthNetwork.uav[0]; config=MobilityRandomWalk
1451,MobilityRandomWalk-27-20260810-15:00:26-741125,MobilityRandomWalk,27,27,27,sha3,10,,,,1,randomwalk,275.0,50.0,277.260643,20.658322,2390.377629,1.524207,module=UavAuthNetwork.uav[1]; config=MobilityRandomWalk
1452,MobilityRandomWalk-27-20260810-15:00:26-741125,MobilityRandomWalk,27,27,27,sha3,10,,,,2,randomwalk,450.0,50.0,399.016784,21.789829,2400.0,1.469367,module=UavAuthNetwork.uav[2]; config=MobilityRandomWalk
1453,MobilityRandomWalk-27-20260810-15:00:26-741125,MobilityRandomWalk,27,27,27,sha3,10,,,,3,randomwalk,100.0,300.0,85.360762,246.215434,2395.208256,1.531098,module=UavAuthNetwork.uav[3]; config=MobilityRandomWalk
1454,MobilityRandomWalk-27-20260810-15:00:26-741125,MobilityRandomWalk,27,27,27,sha3,10,,,,4,randomwalk,275.0,300.0,275.79732,291.610202,2394.755272,1.533937,module=UavAuthNetwork.uav[4]; config=MobilityRandomWalk
1455,MobilityRandomWalk-27-20260810-15:00:26-741125,MobilityRandomWalk,27,27,27,sha3,10,,,,5,randomwalk,450.0,300.0,405.459141,287.598767,2394.091598,1.45547,module=UavAuthNetwork.uav[5]; config=MobilityRandomWalk
1456,MobilityRandomWalk-27-20260810-15:00:26-741125,MobilityRandomWalk,27,27,27,sha3,10,,,,6,randomwalk,50.0,120.0,64.481319,96.652712,2400.0,1.530953,module=UavAuthNetwork.uav[6]; config=MobilityRandomWalk
1457,MobilityRandomWalk-27-20260810-15:00:26-741125,MobilityRandomWalk,27,27,27,sha3,10,,,,7,randomwalk,50.0,230.0,44.905288,206.542624,2400.0,1.533442,module=UavAuthNetwork.uav[7]; config=MobilityRandomWalk
1458,MobilityRandomWalk-27-20260810-15:00:26-741125,MobilityRandomWalk,27,27,27,sha3,10,,,,8,randomwalk,500.0,120.0,485.044193,160.480597,2396.538019,1.521356,module=UavAuthNetwork.uav[8]; config=MobilityRandomWalk
1459,MobilityRandomWalk-27-20260810-15:00:26-741125,MobilityRandomWalk,27,27,27,sha3,10,,,,9,randomwalk,500.0,230.0,484.468218,256.051681,2391.142022,1.479193,module=UavAuthNetwork.uav[9]; config=MobilityRandomWalk
1460,MobilityRandomWalk-28-20260810-15:00:26-741125,MobilityRandomWalk,28,28,28,sha3,10,,,,0,randomwalk,100.0,50.0,78.710174,38.833477,2400.0,1.490948,module=UavAuthNetwork.uav[0]; config=MobilityRandomWalk
1461,MobilityRandomWalk-28-20260810-15:00:26-741125,MobilityRandomWalk,28,28,28,sha3,10,,,,1,randomwalk,275.0,50.0,277.260643,20.658322,2390.377629,1.517786,module=UavAuthNetwork.uav[1]; config=MobilityRandomWalk
1462,MobilityRandomWalk-28-20260810-15:00:26-741125,MobilityRandomWalk,28,28,28,sha3,10,,,,2,randomwalk,450.0,50.0,399.016784,21.789829,2400.0,1.523723,module=UavAuthNetwork.uav[2]; config=MobilityRandomWalk
1463,MobilityRandomWalk-28-20260810-15:00:26-741125,MobilityRandomWalk,28,28,28,sha3,10,,,,3,randomwalk,100.0,300.0,85.360762,246.215434,2395.208256,1.521658,module=UavAuthNetwork.uav[3]; config=MobilityRandomWalk
1464,MobilityRandomWalk-28-20260810-15:00:26-741125,MobilityRandomWalk,28,28,28,sha3,10,,,,4,randomwalk,275.0,300.0,275.79732,291.610202,2394.755272,1.490617,module=UavAuthNetwork.uav[4]; config=MobilityRandomWalk
1465,MobilityRandomWalk-28-20260810-15:00:26-741125,MobilityRandomWalk,28,28,28,sha3,10,,,,5,randomwalk,450.0,300.0,405.459141,287.598767,2394.091598,1.515734,module=UavAuthNetwork.uav[5]; config=MobilityRandomWalk
1466,MobilityRandomWalk-28-20260810-15:00:26-741125,MobilityRandomWalk,28,28,28,sha3,10,,,,6,randomwalk,50.0,120.0,64.481319,96.652712,2400.0,1.535947,module=UavAuthNetwork.uav[6]; config=MobilityRandomWalk
1467,MobilityRandomWalk-28-20260810-15:00:26-741125,MobilityRandomWalk,28,28,28,sha3,10,,,,7,randomwalk,50.0,230.0,44.905288,206.542624,2400.0,1.48127,module=UavAuthNetwork.uav[7]; config=MobilityRandomWalk
1468,MobilityRandomWalk-28-20260810-15:00:26-741125,MobilityRandomWalk,28,28,28,sha3,10,,,,8,randomwalk,500.0,120.0,485.044193,160.480597,2396.538019,1.517596,module=UavAuthNetwork.uav[8]; config=MobilityRandomWalk
1469,MobilityRandomWalk-28-20260810-15:00:26-741125,MobilityRandomWalk,28,28,28,sha3,10,,,,9,randomwalk,500.0,230.0,484.468218,256.051681,2391.142022,1.50796,module=UavAuthNetwork.uav[9]; config=MobilityRandomWalk
1470,MobilityRandomWalk-29-20260810-15:00:26-741125,MobilityRandomWalk,29,29,29,sha3,10,,,,0,randomwalk,100.0,50.0,78.710174,38.833477,2400.0,1.520245,module=UavAuthNetwork.uav[0]; config=MobilityRandomWalk
1471,MobilityRandomWalk-29-20260810-15:00:26-741125,MobilityRandomWalk,29,29,29,sha3,10,,,,1,randomwalk,275.0,50.0,277.260643,20.658322,2390.377629,1.491951,module=UavAuthNetwork.uav[1]; config=MobilityRandomWalk
1472,MobilityRandomWalk-29-20260810-15:00:26-741125,MobilityRandomWalk,29,29,29,sha3,10,,,,2,randomwalk,450.0,50.0,399.016784,21.789829,2400.0,1.519658,module=UavAuthNetwork.uav[2]; config=MobilityRandomWalk
1473,MobilityRandomWalk-29-20260810-15:00:26-741125,MobilityRandomWalk,29,29,29,sha3,10,,,,3,randomwalk,100.0,300.0,85.360762,246.215434,2395.208256,1.486048,module=UavAuthNetwork.uav[3]; config=MobilityRandomWalk
1474,MobilityRandomWalk-29-20260810-15:00:26-741125,MobilityRandomWalk,29,29,29,sha3,10,,,,4,randomwalk,275.0,300.0,275.79732,291.610202,2394.755272,1.495894,module=UavAuthNetwork.uav[4]; config=MobilityRandomWalk
1475,MobilityRandomWalk-29-20260810-15:00:26-741125,MobilityRandomWalk,29,29,29,sha3,10,,,,5,randomwalk,450.0,300.0,405.459141,287.598767,2394.091598,1.497643,module=UavAuthNetwork.uav[5]; config=MobilityRandomWalk
1476,MobilityRandomWalk-29-20260810-15:00:26-741125,MobilityRandomWalk,29,29,29,sha3,10,,,,6,randomwalk,50.0,120.0,64.481319,96.652712,2400.0,1.521245,module=UavAuthNetwork.uav[6]; config=MobilityRandomWalk
1477,MobilityRandomWalk-29-20260810-15:00:26-741125,MobilityRandomWalk,29,29,29,sha3,10,,,,7,randomwalk,50.0,230.0,44.905288,206.542624,2400.0,1.539347,module=UavAuthNetwork.uav[7]; config=MobilityRandomWalk
1478,MobilityRandomWalk-29-20260810-15:00:26-741125,MobilityRandomWalk,29,29,29,sha3,10,,,,8,randomwalk,500.0,120.0,485.044193,160.480597,2396.538019,1.475715,module=UavAuthNetwork.uav[8]; config=MobilityRandomWalk
1479,MobilityRandomWalk-29-20260810-15:00:26-741125,MobilityRandomWalk,29,29,29,sha3,10,,,,9,randomwalk,500.0,230.0,484.468218,256.051681,2391.142022,1.484619,module=UavAuthNetwork.uav[9]; config=MobilityRandomWalk
1480,MobilityRandomWalk-3-20260810-15:00:24-741125,MobilityRandomWalk,3,3,3,sha3,10,,,,0,randomwalk,100.0,50.0,78.710174,38.833477,2400.0,1.507702,module=UavAuthNetwork.uav[0]; config=MobilityRandomWalk
1481,MobilityRandomWalk-3-20260810-15:00:24-741125,MobilityRandomWalk,3,3,3,sha3,10,,,,1,randomwalk,275.0,50.0,277.260643,20.658322,2390.377629,1.533192,module=UavAuthNetwork.uav[1]; config=MobilityRandomWalk
1482,MobilityRandomWalk-3-20260810-15:00:24-741125,MobilityRandomWalk,3,3,3,sha3,10,,,,2,randomwalk,450.0,50.0,399.016784,21.789829,2400.0,1.496933,module=UavAuthNetwork.uav[2]; config=MobilityRandomWalk
1483,MobilityRandomWalk-3-20260810-15:00:24-741125,MobilityRandomWalk,3,3,3,sha3,10,,,,3,randomwalk,100.0,300.0,85.360762,246.215434,2395.208256,1.497306,module=UavAuthNetwork.uav[3]; config=MobilityRandomWalk
1484,MobilityRandomWalk-3-20260810-15:00:24-741125,MobilityRandomWalk,3,3,3,sha3,10,,,,4,randomwalk,275.0,300.0,275.79732,291.610202,2394.755272,1.514052,module=UavAuthNetwork.uav[4]; config=MobilityRandomWalk
1485,MobilityRandomWalk-3-20260810-15:00:24-741125,MobilityRandomWalk,3,3,3,sha3,10,,,,5,randomwalk,450.0,300.0,405.459141,287.598767,2394.091598,1.50053,module=UavAuthNetwork.uav[5]; config=MobilityRandomWalk
1486,MobilityRandomWalk-3-20260810-15:00:24-741125,MobilityRandomWalk,3,3,3,sha3,10,,,,6,randomwalk,50.0,120.0,64.481319,96.652712,2400.0,1.469937,module=UavAuthNetwork.uav[6]; config=MobilityRandomWalk
1487,MobilityRandomWalk-3-20260810-15:00:24-741125,MobilityRandomWalk,3,3,3,sha3,10,,,,7,randomwalk,50.0,230.0,44.905288,206.542624,2400.0,1.515036,module=UavAuthNetwork.uav[7]; config=MobilityRandomWalk
1488,MobilityRandomWalk-3-20260810-15:00:24-741125,MobilityRandomWalk,3,3,3,sha3,10,,,,8,randomwalk,500.0,120.0,485.044193,160.480597,2396.538019,1.490184,module=UavAuthNetwork.uav[8]; config=MobilityRandomWalk
1489,MobilityRandomWalk-3-20260810-15:00:24-741125,MobilityRandomWalk,3,3,3,sha3,10,,,,9,randomwalk,500.0,230.0,484.468218,256.051681,2391.142022,1.503122,module=UavAuthNetwork.uav[9]; config=MobilityRandomWalk
1490,MobilityRandomWalk-4-20260810-15:00:24-741125,MobilityRandomWalk,4,4,4,sha3,10,,,,0,randomwalk,100.0,50.0,78.710174,38.833477,2400.0,1.495545,module=UavAuthNetwork.uav[0]; config=MobilityRandomWalk
1491,MobilityRandomWalk-4-20260810-15:00:24-741125,MobilityRandomWalk,4,4,4,sha3,10,,,,1,randomwalk,275.0,50.0,277.260643,20.658322,2390.377629,1.469186,module=UavAuthNetwork.uav[1]; config=MobilityRandomWalk
1492,MobilityRandomWalk-4-20260810-15:00:24-741125,MobilityRandomWalk,4,4,4,sha3,10,,,,2,randomwalk,450.0,50.0,399.016784,21.789829,2400.0,1.510738,module=UavAuthNetwork.uav[2]; config=MobilityRandomWalk
1493,MobilityRandomWalk-4-20260810-15:00:24-741125,MobilityRandomWalk,4,4,4,sha3,10,,,,3,randomwalk,100.0,300.0,85.360762,246.215434,2395.208256,1.523407,module=UavAuthNetwork.uav[3]; config=MobilityRandomWalk
1494,MobilityRandomWalk-4-20260810-15:00:24-741125,MobilityRandomWalk,4,4,4,sha3,10,,,,4,randomwalk,275.0,300.0,275.79732,291.610202,2394.755272,1.515757,module=UavAuthNetwork.uav[4]; config=MobilityRandomWalk
1495,MobilityRandomWalk-4-20260810-15:00:24-741125,MobilityRandomWalk,4,4,4,sha3,10,,,,5,randomwalk,450.0,300.0,405.459141,287.598767,2394.091598,1.504523,module=UavAuthNetwork.uav[5]; config=MobilityRandomWalk
1496,MobilityRandomWalk-4-20260810-15:00:24-741125,MobilityRandomWalk,4,4,4,sha3,10,,,,6,randomwalk,50.0,120.0,64.481319,96.652712,2400.0,1.477275,module=UavAuthNetwork.uav[6]; config=MobilityRandomWalk
1497,MobilityRandomWalk-4-20260810-15:00:24-741125,MobilityRandomWalk,4,4,4,sha3,10,,,,7,randomwalk,50.0,230.0,44.905288,206.542624,2400.0,1.471955,module=UavAuthNetwork.uav[7]; config=MobilityRandomWalk
1498,MobilityRandomWalk-4-20260810-15:00:24-741125,MobilityRandomWalk,4,4,4,sha3,10,,,,8,randomwalk,500.0,120.0,485.044193,160.480597,2396.538019,1.487206,module=UavAuthNetwork.uav[8]; config=MobilityRandomWalk
1499,MobilityRandomWalk-4-20260810-15:00:24-741125,MobilityRandomWalk,4,4,4,sha3,10,,,,9,randomwalk,500.0,230.0,484.468218,256.051681,2391.142022,1.512357,module=UavAuthNetwork.uav[9]; config=MobilityRandomWalk
1500,MobilityRandomWalk-5-20260810-15:00:24-741125,MobilityRandomWalk,5,5,5,sha3,10,,,,0,randomwalk,100.0,50.0,78.710174,38.833477,2400.0,1.476919,module=UavAuthNetwork.uav[0]; config=MobilityRandomWalk
1501,MobilityRandomWalk-5-20260810-15:00:24-741125,MobilityRandomWalk,5,5,5,sha3,10,,,,1,randomwalk,275.0,50.0,277.260643,20.658322,2390.377629,1.475026,module=UavAuthNetwork.uav[1]; config=MobilityRandomWalk
1502,MobilityRandomWalk-5-20260810-15:00:24-741125,MobilityRandomWalk,5,5,5,sha3,10,,,,2,randomwalk,450.0,50.0,399.016784,21.789829,2400.0,1.537089,module=UavAuthNetwork.uav[2]; config=MobilityRandomWalk
1503,MobilityRandomWalk-5-20260810-15:00:24-741125,MobilityRandomWalk,5,5,5,sha3,10,,,,3,randomwalk,100.0,300.0,85.360762,246.215434,2395.208256,1.528819,module=UavAuthNetwork.uav[3]; config=MobilityRandomWalk
1504,MobilityRandomWalk-5-20260810-15:00:24-741125,MobilityRandomWalk,5,5,5,sha3,10,,,,4,randomwalk,275.0,300.0,275.79732,291.610202,2394.755272,1.519417,module=UavAuthNetwork.uav[4]; config=MobilityRandomWalk
1505,MobilityRandomWalk-5-20260810-15:00:24-741125,MobilityRandomWalk,5,5,5,sha3,10,,,,5,randomwalk,450.0,300.0,405.459141,287.598767,2394.091598,1.487978,module=UavAuthNetwork.uav[5]; config=MobilityRandomWalk
1506,MobilityRandomWalk-5-20260810-15:00:24-741125,MobilityRandomWalk,5,5,5,sha3,10,,,,6,randomwalk,50.0,120.0,64.481319,96.652712,2400.0,1.464279,module=UavAuthNetwork.uav[6]; config=MobilityRandomWalk
1507,MobilityRandomWalk-5-20260810-15:00:24-741125,MobilityRandomWalk,5,5,5,sha3,10,,,,7,randomwalk,50.0,230.0,44.905288,206.542624,2400.0,1.521266,module=UavAuthNetwork.uav[7]; config=MobilityRandomWalk
1508,MobilityRandomWalk-5-20260810-15:00:24-741125,MobilityRandomWalk,5,5,5,sha3,10,,,,8,randomwalk,500.0,120.0,485.044193,160.480597,2396.538019,1.497238,module=UavAuthNetwork.uav[8]; config=MobilityRandomWalk
1509,MobilityRandomWalk-5-20260810-15:00:24-741125,MobilityRandomWalk,5,5,5,sha3,10,,,,9,randomwalk,500.0,230.0,484.468218,256.051681,2391.142022,1.499386,module=UavAuthNetwork.uav[9]; config=MobilityRandomWalk
1510,MobilityRandomWalk-6-20260810-15:00:25-741125,MobilityRandomWalk,6,6,6,sha3,10,,,,0,randomwalk,100.0,50.0,78.710174,38.833477,2400.0,1.520765,module=UavAuthNetwork.uav[0]; config=MobilityRandomWalk
1511,MobilityRandomWalk-6-20260810-15:00:25-741125,MobilityRandomWalk,6,6,6,sha3,10,,,,1,randomwalk,275.0,50.0,277.260643,20.658322,2390.377629,1.47013,module=UavAuthNetwork.uav[1]; config=MobilityRandomWalk
1512,MobilityRandomWalk-6-20260810-15:00:25-741125,MobilityRandomWalk,6,6,6,sha3,10,,,,2,randomwalk,450.0,50.0,399.016784,21.789829,2400.0,1.487111,module=UavAuthNetwork.uav[2]; config=MobilityRandomWalk
1513,MobilityRandomWalk-6-20260810-15:00:25-741125,MobilityRandomWalk,6,6,6,sha3,10,,,,3,randomwalk,100.0,300.0,85.360762,246.215434,2395.208256,1.468961,module=UavAuthNetwork.uav[3]; config=MobilityRandomWalk
1514,MobilityRandomWalk-6-20260810-15:00:25-741125,MobilityRandomWalk,6,6,6,sha3,10,,,,4,randomwalk,275.0,300.0,275.79732,291.610202,2394.755272,1.512958,module=UavAuthNetwork.uav[4]; config=MobilityRandomWalk
1515,MobilityRandomWalk-6-20260810-15:00:25-741125,MobilityRandomWalk,6,6,6,sha3,10,,,,5,randomwalk,450.0,300.0,405.459141,287.598767,2394.091598,1.487766,module=UavAuthNetwork.uav[5]; config=MobilityRandomWalk
1516,MobilityRandomWalk-6-20260810-15:00:25-741125,MobilityRandomWalk,6,6,6,sha3,10,,,,6,randomwalk,50.0,120.0,64.481319,96.652712,2400.0,1.539397,module=UavAuthNetwork.uav[6]; config=MobilityRandomWalk
1517,MobilityRandomWalk-6-20260810-15:00:25-741125,MobilityRandomWalk,6,6,6,sha3,10,,,,7,randomwalk,50.0,230.0,44.905288,206.542624,2400.0,1.52773,module=UavAuthNetwork.uav[7]; config=MobilityRandomWalk
1518,MobilityRandomWalk-6-20260810-15:00:25-741125,MobilityRandomWalk,6,6,6,sha3,10,,,,8,randomwalk,500.0,120.0,485.044193,160.480597,2396.538019,1.510822,module=UavAuthNetwork.uav[8]; config=MobilityRandomWalk
1519,MobilityRandomWalk-6-20260810-15:00:25-741125,MobilityRandomWalk,6,6,6,sha3,10,,,,9,randomwalk,500.0,230.0,484.468218,256.051681,2391.142022,1.529097,module=UavAuthNetwork.uav[9]; config=MobilityRandomWalk
1520,MobilityRandomWalk-7-20260810-15:00:25-741125,MobilityRandomWalk,7,7,7,sha3,10,,,,0,randomwalk,100.0,50.0,78.710174,38.833477,2400.0,1.47379,module=UavAuthNetwork.uav[0]; config=MobilityRandomWalk
1521,MobilityRandomWalk-7-20260810-15:00:25-741125,MobilityRandomWalk,7,7,7,sha3,10,,,,1,randomwalk,275.0,50.0,277.260643,20.658322,2390.377629,1.49243,module=UavAuthNetwork.uav[1]; config=MobilityRandomWalk
1522,MobilityRandomWalk-7-20260810-15:00:25-741125,MobilityRandomWalk,7,7,7,sha3,10,,,,2,randomwalk,450.0,50.0,399.016784,21.789829,2400.0,1.487511,module=UavAuthNetwork.uav[2]; config=MobilityRandomWalk
1523,MobilityRandomWalk-7-20260810-15:00:25-741125,MobilityRandomWalk,7,7,7,sha3,10,,,,3,randomwalk,100.0,300.0,85.360762,246.215434,2395.208256,1.50369,module=UavAuthNetwork.uav[3]; config=MobilityRandomWalk
1524,MobilityRandomWalk-7-20260810-15:00:25-741125,MobilityRandomWalk,7,7,7,sha3,10,,,,4,randomwalk,275.0,300.0,275.79732,291.610202,2394.755272,1.471207,module=UavAuthNetwork.uav[4]; config=MobilityRandomWalk
1525,MobilityRandomWalk-7-20260810-15:00:25-741125,MobilityRandomWalk,7,7,7,sha3,10,,,,5,randomwalk,450.0,300.0,405.459141,287.598767,2394.091598,1.540364,module=UavAuthNetwork.uav[5]; config=MobilityRandomWalk
1526,MobilityRandomWalk-7-20260810-15:00:25-741125,MobilityRandomWalk,7,7,7,sha3,10,,,,6,randomwalk,50.0,120.0,64.481319,96.652712,2400.0,1.528623,module=UavAuthNetwork.uav[6]; config=MobilityRandomWalk
1527,MobilityRandomWalk-7-20260810-15:00:25-741125,MobilityRandomWalk,7,7,7,sha3,10,,,,7,randomwalk,50.0,230.0,44.905288,206.542624,2400.0,1.501214,module=UavAuthNetwork.uav[7]; config=MobilityRandomWalk
1528,MobilityRandomWalk-7-20260810-15:00:25-741125,MobilityRandomWalk,7,7,7,sha3,10,,,,8,randomwalk,500.0,120.0,485.044193,160.480597,2396.538019,1.534516,module=UavAuthNetwork.uav[8]; config=MobilityRandomWalk
1529,MobilityRandomWalk-7-20260810-15:00:25-741125,MobilityRandomWalk,7,7,7,sha3,10,,,,9,randomwalk,500.0,230.0,484.468218,256.051681,2391.142022,1.480609,module=UavAuthNetwork.uav[9]; config=MobilityRandomWalk
1530,MobilityRandomWalk-8-20260810-15:00:25-741125,MobilityRandomWalk,8,8,8,sha3,10,,,,0,randomwalk,100.0,50.0,78.710174,38.833477,2400.0,1.516797,module=UavAuthNetwork.uav[0]; config=MobilityRandomWalk
1531,MobilityRandomWalk-8-20260810-15:00:25-741125,MobilityRandomWalk,8,8,8,sha3,10,,,,1,randomwalk,275.0,50.0,277.260643,20.658322,2390.377629,1.514652,module=UavAuthNetwork.uav[1]; config=MobilityRandomWalk
1532,MobilityRandomWalk-8-20260810-15:00:25-741125,MobilityRandomWalk,8,8,8,sha3,10,,,,2,randomwalk,450.0,50.0,399.016784,21.789829,2400.0,1.466706,module=UavAuthNetwork.uav[2]; config=MobilityRandomWalk
1533,MobilityRandomWalk-8-20260810-15:00:25-741125,MobilityRandomWalk,8,8,8,sha3,10,,,,3,randomwalk,100.0,300.0,85.360762,246.215434,2395.208256,1.52259,module=UavAuthNetwork.uav[3]; config=MobilityRandomWalk
1534,MobilityRandomWalk-8-20260810-15:00:25-741125,MobilityRandomWalk,8,8,8,sha3,10,,,,4,randomwalk,275.0,300.0,275.79732,291.610202,2394.755272,1.488673,module=UavAuthNetwork.uav[4]; config=MobilityRandomWalk
1535,MobilityRandomWalk-8-20260810-15:00:25-741125,MobilityRandomWalk,8,8,8,sha3,10,,,,5,randomwalk,450.0,300.0,405.459141,287.598767,2394.091598,1.475415,module=UavAuthNetwork.uav[5]; config=MobilityRandomWalk
1536,MobilityRandomWalk-8-20260810-15:00:25-741125,MobilityRandomWalk,8,8,8,sha3,10,,,,6,randomwalk,50.0,120.0,64.481319,96.652712,2400.0,1.484162,module=UavAuthNetwork.uav[6]; config=MobilityRandomWalk
1537,MobilityRandomWalk-8-20260810-15:00:25-741125,MobilityRandomWalk,8,8,8,sha3,10,,,,7,randomwalk,50.0,230.0,44.905288,206.542624,2400.0,1.49894,module=UavAuthNetwork.uav[7]; config=MobilityRandomWalk
1538,MobilityRandomWalk-8-20260810-15:00:25-741125,MobilityRandomWalk,8,8,8,sha3,10,,,,8,randomwalk,500.0,120.0,485.044193,160.480597,2396.538019,1.501384,module=UavAuthNetwork.uav[8]; config=MobilityRandomWalk
1539,MobilityRandomWalk-8-20260810-15:00:25-741125,MobilityRandomWalk,8,8,8,sha3,10,,,,9,randomwalk,500.0,230.0,484.468218,256.051681,2391.142022,1.504363,module=UavAuthNetwork.uav[9]; config=MobilityRandomWalk
1540,MobilityRandomWalk-9-20260810-15:00:25-741125,MobilityRandomWalk,9,9,9,sha3,10,,,,0,randomwalk,100.0,50.0,78.710174,38.833477,2400.0,1.51837,module=UavAuthNetwork.uav[0]; config=MobilityRandomWalk
1541,MobilityRandomWalk-9-20260810-15:00:25-741125,MobilityRandomWalk,9,9,9,sha3,10,,,,1,randomwalk,275.0,50.0,277.260643,20.658322,2390.377629,1.471502,module=UavAuthNetwork.uav[1]; config=MobilityRandomWalk
1542,MobilityRandomWalk-9-20260810-15:00:25-741125,MobilityRandomWalk,9,9,9,sha3,10,,,,2,randomwalk,450.0,50.0,399.016784,21.789829,2400.0,1.531978,module=UavAuthNetwork.uav[2]; config=MobilityRandomWalk
1543,MobilityRandomWalk-9-20260810-15:00:25-741125,MobilityRandomWalk,9,9,9,sha3,10,,,,3,randomwalk,100.0,300.0,85.360762,246.215434,2395.208256,1.530276,module=UavAuthNetwork.uav[3]; config=MobilityRandomWalk
1544,MobilityRandomWalk-9-20260810-15:00:25-741125,MobilityRandomWalk,9,9,9,sha3,10,,,,4,randomwalk,275.0,300.0,275.79732,291.610202,2394.755272,1.504226,module=UavAuthNetwork.uav[4]; config=MobilityRandomWalk
1545,MobilityRandomWalk-9-20260810-15:00:25-741125,MobilityRandomWalk,9,9,9,sha3,10,,,,5,randomwalk,450.0,300.0,405.459141,287.598767,2394.091598,1.505681,module=UavAuthNetwork.uav[5]; config=MobilityRandomWalk
1546,MobilityRandomWalk-9-20260810-15:00:25-741125,MobilityRandomWalk,9,9,9,sha3,10,,,,6,randomwalk,50.0,120.0,64.481319,96.652712,2400.0,1.50781,module=UavAuthNetwork.uav[6]; config=MobilityRandomWalk
1547,MobilityRandomWalk-9-20260810-15:00:25-741125,MobilityRandomWalk,9,9,9,sha3,10,,,,7,randomwalk,50.0,230.0,44.905288,206.542624,2400.0,1.528668,module=UavAuthNetwork.uav[7]; config=MobilityRandomWalk
1548,MobilityRandomWalk-9-20260810-15:00:25-741125,MobilityRandomWalk,9,9,9,sha3,10,,,,8,randomwalk,500.0,120.0,485.044193,160.480597,2396.538019,1.510097,module=UavAuthNetwork.uav[8]; config=MobilityRandomWalk
1549,MobilityRandomWalk-9-20260810-15:00:25-741125,MobilityRandomWalk,9,9,9,sha3,10,,,,9,randomwalk,500.0,230.0,484.468218,256.051681,2391.142022,1.461898,module=UavAuthNetwork.uav[9]; config=MobilityRandomWalk
1550,NoiseSweep-0-20260810-15:01:18-741652,NoiseSweep,0,0,0,sha3,10,0.0,bch255-131-18\,,0,static,100.0,50.0,100.0,50.0,0.0,1.518543,module=UavAuthNetwork.uav[0]; config=NoiseSweep
1551,NoiseSweep-0-20260810-15:01:18-741652,NoiseSweep,0,0,0,sha3,10,0.0,bch255-131-18\,,1,static,275.0,50.0,275.0,50.0,0.0,1.499136,module=UavAuthNetwork.uav[1]; config=NoiseSweep
1552,NoiseSweep-0-20260810-15:01:18-741652,NoiseSweep,0,0,0,sha3,10,0.0,bch255-131-18\,,2,static,450.0,50.0,450.0,50.0,0.0,1.472252,module=UavAuthNetwork.uav[2]; config=NoiseSweep
1553,NoiseSweep-0-20260810-15:01:18-741652,NoiseSweep,0,0,0,sha3,10,0.0,bch255-131-18\,,3,static,100.0,300.0,100.0,300.0,0.0,1.493821,module=UavAuthNetwork.uav[3]; config=NoiseSweep
1554,NoiseSweep-0-20260810-15:01:18-741652,NoiseSweep,0,0,0,sha3,10,0.0,bch255-131-18\,,4,static,275.0,300.0,275.0,300.0,0.0,1.53788,module=UavAuthNetwork.uav[4]; config=NoiseSweep
1555,NoiseSweep-0-20260810-15:01:18-741652,NoiseSweep,0,0,0,sha3,10,0.0,bch255-131-18\,,5,static,450.0,300.0,450.0,300.0,0.0,1.485893,module=UavAuthNetwork.uav[5]; config=NoiseSweep
1556,NoiseSweep-0-20260810-15:01:18-741652,NoiseSweep,0,0,0,sha3,10,0.0,bch255-131-18\,,6,static,50.0,120.0,50.0,120.0,0.0,1.508843,module=UavAuthNetwork.uav[6]; config=NoiseSweep
1557,NoiseSweep-0-20260810-15:01:18-741652,NoiseSweep,0,0,0,sha3,10,0.0,bch255-131-18\,,7,static,50.0,230.0,50.0,230.0,0.0,1.481733,module=UavAuthNetwork.uav[7]; config=NoiseSweep
1558,NoiseSweep-0-20260810-15:01:18-741652,NoiseSweep,0,0,0,sha3,10,0.0,bch255-131-18\,,8,static,500.0,120.0,500.0,120.0,0.0,1.541131,module=UavAuthNetwork.uav[8]; config=NoiseSweep
1559,NoiseSweep-0-20260810-15:01:18-741652,NoiseSweep,0,0,0,sha3,10,0.0,bch255-131-18\,,9,static,500.0,230.0,500.0,230.0,0.0,1.499146,module=UavAuthNetwork.uav[9]; config=NoiseSweep
1560,NoiseSweep-1-20260810-15:01:18-741652,NoiseSweep,1,1,1,sha3,10,0.0,bch255-131-18\,,0,static,100.0,50.0,100.0,50.0,0.0,1.483483,module=UavAuthNetwork.uav[0]; config=NoiseSweep
1561,NoiseSweep-1-20260810-15:01:18-741652,NoiseSweep,1,1,1,sha3,10,0.0,bch255-131-18\,,1,static,275.0,50.0,275.0,50.0,0.0,1.496314,module=UavAuthNetwork.uav[1]; config=NoiseSweep
1562,NoiseSweep-1-20260810-15:01:18-741652,NoiseSweep,1,1,1,sha3,10,0.0,bch255-131-18\,,2,static,450.0,50.0,450.0,50.0,0.0,1.51139,module=UavAuthNetwork.uav[2]; config=NoiseSweep
1563,NoiseSweep-1-20260810-15:01:18-741652,NoiseSweep,1,1,1,sha3,10,0.0,bch255-131-18\,,3,static,100.0,300.0,100.0,300.0,0.0,1.492483,module=UavAuthNetwork.uav[3]; config=NoiseSweep
1564,NoiseSweep-1-20260810-15:01:18-741652,NoiseSweep,1,1,1,sha3,10,0.0,bch255-131-18\,,4,static,275.0,300.0,275.0,300.0,0.0,1.51278,module=UavAuthNetwork.uav[4]; config=NoiseSweep
1565,NoiseSweep-1-20260810-15:01:18-741652,NoiseSweep,1,1,1,sha3,10,0.0,bch255-131-18\,,5,static,450.0,300.0,450.0,300.0,0.0,1.483981,module=UavAuthNetwork.uav[5]; config=NoiseSweep
1566,NoiseSweep-1-20260810-15:01:18-741652,NoiseSweep,1,1,1,sha3,10,0.0,bch255-131-18\,,6,static,50.0,120.0,50.0,120.0,0.0,1.560162,module=UavAuthNetwork.uav[6]; config=NoiseSweep
1567,NoiseSweep-1-20260810-15:01:18-741652,NoiseSweep,1,1,1,sha3,10,0.0,bch255-131-18\,,7,static,50.0,230.0,50.0,230.0,0.0,1.507122,module=UavAuthNetwork.uav[7]; config=NoiseSweep
1568,NoiseSweep-1-20260810-15:01:18-741652,NoiseSweep,1,1,1,sha3,10,0.0,bch255-131-18\,,8,static,500.0,120.0,500.0,120.0,0.0,1.55149,module=UavAuthNetwork.uav[8]; config=NoiseSweep
1569,NoiseSweep-1-20260810-15:01:18-741652,NoiseSweep,1,1,1,sha3,10,0.0,bch255-131-18\,,9,static,500.0,230.0,500.0,230.0,0.0,1.483228,module=UavAuthNetwork.uav[9]; config=NoiseSweep
1570,NoiseSweep-10-20260810-15:01:19-741652,NoiseSweep,10,1,1,sha3,10,0.01,bch255-131-18\,,0,static,100.0,50.0,100.0,50.0,0.0,1.483483,module=UavAuthNetwork.uav[0]; config=NoiseSweep
1571,NoiseSweep-10-20260810-15:01:19-741652,NoiseSweep,10,1,1,sha3,10,0.01,bch255-131-18\,,1,static,275.0,50.0,275.0,50.0,0.0,1.496314,module=UavAuthNetwork.uav[1]; config=NoiseSweep
1572,NoiseSweep-10-20260810-15:01:19-741652,NoiseSweep,10,1,1,sha3,10,0.01,bch255-131-18\,,2,static,450.0,50.0,450.0,50.0,0.0,1.51139,module=UavAuthNetwork.uav[2]; config=NoiseSweep
1573,NoiseSweep-10-20260810-15:01:19-741652,NoiseSweep,10,1,1,sha3,10,0.01,bch255-131-18\,,3,static,100.0,300.0,100.0,300.0,0.0,1.492483,module=UavAuthNetwork.uav[3]; config=NoiseSweep
1574,NoiseSweep-10-20260810-15:01:19-741652,NoiseSweep,10,1,1,sha3,10,0.01,bch255-131-18\,,4,static,275.0,300.0,275.0,300.0,0.0,1.51278,module=UavAuthNetwork.uav[4]; config=NoiseSweep
1575,NoiseSweep-10-20260810-15:01:19-741652,NoiseSweep,10,1,1,sha3,10,0.01,bch255-131-18\,,5,static,450.0,300.0,450.0,300.0,0.0,1.483981,module=UavAuthNetwork.uav[5]; config=NoiseSweep
1576,NoiseSweep-10-20260810-15:01:19-741652,NoiseSweep,10,1,1,sha3,10,0.01,bch255-131-18\,,6,static,50.0,120.0,50.0,120.0,0.0,1.560162,module=UavAuthNetwork.uav[6]; config=NoiseSweep
1577,NoiseSweep-10-20260810-15:01:19-741652,NoiseSweep,10,1,1,sha3,10,0.01,bch255-131-18\,,7,static,50.0,230.0,50.0,230.0,0.0,1.507122,module=UavAuthNetwork.uav[7]; config=NoiseSweep
1578,NoiseSweep-10-20260810-15:01:19-741652,NoiseSweep,10,1,1,sha3,10,0.01,bch255-131-18\,,8,static,500.0,120.0,500.0,120.0,0.0,1.55149,module=UavAuthNetwork.uav[8]; config=NoiseSweep
1579,NoiseSweep-10-20260810-15:01:19-741652,NoiseSweep,10,1,1,sha3,10,0.01,bch255-131-18\,,9,static,500.0,230.0,500.0,230.0,0.0,1.483228,module=UavAuthNetwork.uav[9]; config=NoiseSweep
1580,NoiseSweep-11-20260810-15:01:19-741652,NoiseSweep,11,2,2,sha3,10,0.01,bch255-131-18\,,0,static,100.0,50.0,100.0,50.0,0.0,1.513523,module=UavAuthNetwork.uav[0]; config=NoiseSweep
1581,NoiseSweep-11-20260810-15:01:19-741652,NoiseSweep,11,2,2,sha3,10,0.01,bch255-131-18\,,1,static,275.0,50.0,275.0,50.0,0.0,1.502978,module=UavAuthNetwork.uav[1]; config=NoiseSweep
1582,NoiseSweep-11-20260810-15:01:19-741652,NoiseSweep,11,2,2,sha3,10,0.01,bch255-131-18\,,2,static,450.0,50.0,450.0,50.0,0.0,1.502133,module=UavAuthNetwork.uav[2]; config=NoiseSweep
1583,NoiseSweep-11-20260810-15:01:19-741652,NoiseSweep,11,2,2,sha3,10,0.01,bch255-131-18\,,3,static,100.0,300.0,100.0,300.0,0.0,1.493998,module=UavAuthNetwork.uav[3]; config=NoiseSweep
1584,NoiseSweep-11-20260810-15:01:19-741652,NoiseSweep,11,2,2,sha3,10,0.01,bch255-131-18\,,4,static,275.0,300.0,275.0,300.0,0.0,1.495697,module=UavAuthNetwork.uav[4]; config=NoiseSweep
1585,NoiseSweep-11-20260810-15:01:19-741652,NoiseSweep,11,2,2,sha3,10,0.01,bch255-131-18\,,5,static,450.0,300.0,450.0,300.0,0.0,1.533486,module=UavAuthNetwork.uav[5]; config=NoiseSweep
1586,NoiseSweep-11-20260810-15:01:19-741652,NoiseSweep,11,2,2,sha3,10,0.01,bch255-131-18\,,6,static,50.0,120.0,50.0,120.0,0.0,1.484019,module=UavAuthNetwork.uav[6]; config=NoiseSweep
1587,NoiseSweep-11-20260810-15:01:19-741652,NoiseSweep,11,2,2,sha3,10,0.01,bch255-131-18\,,7,static,50.0,230.0,50.0,230.0,0.0,1.519149,module=UavAuthNetwork.uav[7]; config=NoiseSweep
1588,NoiseSweep-11-20260810-15:01:19-741652,NoiseSweep,11,2,2,sha3,10,0.01,bch255-131-18\,,8,static,500.0,120.0,500.0,120.0,0.0,1.533456,module=UavAuthNetwork.uav[8]; config=NoiseSweep
1589,NoiseSweep-11-20260810-15:01:19-741652,NoiseSweep,11,2,2,sha3,10,0.01,bch255-131-18\,,9,static,500.0,230.0,500.0,230.0,0.0,1.482275,module=UavAuthNetwork.uav[9]; config=NoiseSweep
1590,NoiseSweep-12-20260810-15:01:20-741652,NoiseSweep,12,0,0,sha3,10,0.01,bch255-91-25\,,0,static,100.0,50.0,100.0,50.0,0.0,1.518543,module=UavAuthNetwork.uav[0]; config=NoiseSweep
1591,NoiseSweep-12-20260810-15:01:20-741652,NoiseSweep,12,0,0,sha3,10,0.01,bch255-91-25\,,1,static,275.0,50.0,275.0,50.0,0.0,1.499136,module=UavAuthNetwork.uav[1]; config=NoiseSweep
1592,NoiseSweep-12-20260810-15:01:20-741652,NoiseSweep,12,0,0,sha3,10,0.01,bch255-91-25\,,2,static,450.0,50.0,450.0,50.0,0.0,1.472252,module=UavAuthNetwork.uav[2]; config=NoiseSweep
1593,NoiseSweep-12-20260810-15:01:20-741652,NoiseSweep,12,0,0,sha3,10,0.01,bch255-91-25\,,3,static,100.0,300.0,100.0,300.0,0.0,1.493821,module=UavAuthNetwork.uav[3]; config=NoiseSweep
1594,NoiseSweep-12-20260810-15:01:20-741652,NoiseSweep,12,0,0,sha3,10,0.01,bch255-91-25\,,4,static,275.0,300.0,275.0,300.0,0.0,1.53788,module=UavAuthNetwork.uav[4]; config=NoiseSweep
1595,NoiseSweep-12-20260810-15:01:20-741652,NoiseSweep,12,0,0,sha3,10,0.01,bch255-91-25\,,5,static,450.0,300.0,450.0,300.0,0.0,1.485893,module=UavAuthNetwork.uav[5]; config=NoiseSweep
1596,NoiseSweep-12-20260810-15:01:20-741652,NoiseSweep,12,0,0,sha3,10,0.01,bch255-91-25\,,6,static,50.0,120.0,50.0,120.0,0.0,1.508843,module=UavAuthNetwork.uav[6]; config=NoiseSweep
1597,NoiseSweep-12-20260810-15:01:20-741652,NoiseSweep,12,0,0,sha3,10,0.01,bch255-91-25\,,7,static,50.0,230.0,50.0,230.0,0.0,1.481733,module=UavAuthNetwork.uav[7]; config=NoiseSweep
1598,NoiseSweep-12-20260810-15:01:20-741652,NoiseSweep,12,0,0,sha3,10,0.01,bch255-91-25\,,8,static,500.0,120.0,500.0,120.0,0.0,1.541131,module=UavAuthNetwork.uav[8]; config=NoiseSweep
1599,NoiseSweep-12-20260810-15:01:20-741652,NoiseSweep,12,0,0,sha3,10,0.01,bch255-91-25\,,9,static,500.0,230.0,500.0,230.0,0.0,1.499146,module=UavAuthNetwork.uav[9]; config=NoiseSweep
1600,NoiseSweep-13-20260810-15:01:20-741652,NoiseSweep,13,1,1,sha3,10,0.01,bch255-91-25\,,0,static,100.0,50.0,100.0,50.0,0.0,1.483483,module=UavAuthNetwork.uav[0]; config=NoiseSweep
1601,NoiseSweep-13-20260810-15:01:20-741652,NoiseSweep,13,1,1,sha3,10,0.01,bch255-91-25\,,1,static,275.0,50.0,275.0,50.0,0.0,1.496314,module=UavAuthNetwork.uav[1]; config=NoiseSweep
1602,NoiseSweep-13-20260810-15:01:20-741652,NoiseSweep,13,1,1,sha3,10,0.01,bch255-91-25\,,2,static,450.0,50.0,450.0,50.0,0.0,1.51139,module=UavAuthNetwork.uav[2]; config=NoiseSweep
1603,NoiseSweep-13-20260810-15:01:20-741652,NoiseSweep,13,1,1,sha3,10,0.01,bch255-91-25\,,3,static,100.0,300.0,100.0,300.0,0.0,1.492483,module=UavAuthNetwork.uav[3]; config=NoiseSweep
1604,NoiseSweep-13-20260810-15:01:20-741652,NoiseSweep,13,1,1,sha3,10,0.01,bch255-91-25\,,4,static,275.0,300.0,275.0,300.0,0.0,1.51278,module=UavAuthNetwork.uav[4]; config=NoiseSweep
1605,NoiseSweep-13-20260810-15:01:20-741652,NoiseSweep,13,1,1,sha3,10,0.01,bch255-91-25\,,5,static,450.0,300.0,450.0,300.0,0.0,1.483981,module=UavAuthNetwork.uav[5]; config=NoiseSweep
1606,NoiseSweep-13-20260810-15:01:20-741652,NoiseSweep,13,1,1,sha3,10,0.01,bch255-91-25\,,6,static,50.0,120.0,50.0,120.0,0.0,1.560162,module=UavAuthNetwork.uav[6]; config=NoiseSweep
1607,NoiseSweep-13-20260810-15:01:20-741652,NoiseSweep,13,1,1,sha3,10,0.01,bch255-91-25\,,7,static,50.0,230.0,50.0,230.0,0.0,1.507122,module=UavAuthNetwork.uav[7]; config=NoiseSweep
1608,NoiseSweep-13-20260810-15:01:20-741652,NoiseSweep,13,1,1,sha3,10,0.01,bch255-91-25\,,8,static,500.0,120.0,500.0,120.0,0.0,1.55149,module=UavAuthNetwork.uav[8]; config=NoiseSweep
1609,NoiseSweep-13-20260810-15:01:20-741652,NoiseSweep,13,1,1,sha3,10,0.01,bch255-91-25\,,9,static,500.0,230.0,500.0,230.0,0.0,1.483228,module=UavAuthNetwork.uav[9]; config=NoiseSweep
1610,NoiseSweep-14-20260810-15:01:20-741652,NoiseSweep,14,2,2,sha3,10,0.01,bch255-91-25\,,0,static,100.0,50.0,100.0,50.0,0.0,1.513523,module=UavAuthNetwork.uav[0]; config=NoiseSweep
1611,NoiseSweep-14-20260810-15:01:20-741652,NoiseSweep,14,2,2,sha3,10,0.01,bch255-91-25\,,1,static,275.0,50.0,275.0,50.0,0.0,1.502978,module=UavAuthNetwork.uav[1]; config=NoiseSweep
1612,NoiseSweep-14-20260810-15:01:20-741652,NoiseSweep,14,2,2,sha3,10,0.01,bch255-91-25\,,2,static,450.0,50.0,450.0,50.0,0.0,1.502133,module=UavAuthNetwork.uav[2]; config=NoiseSweep
1613,NoiseSweep-14-20260810-15:01:20-741652,NoiseSweep,14,2,2,sha3,10,0.01,bch255-91-25\,,3,static,100.0,300.0,100.0,300.0,0.0,1.493998,module=UavAuthNetwork.uav[3]; config=NoiseSweep
1614,NoiseSweep-14-20260810-15:01:20-741652,NoiseSweep,14,2,2,sha3,10,0.01,bch255-91-25\,,4,static,275.0,300.0,275.0,300.0,0.0,1.495697,module=UavAuthNetwork.uav[4]; config=NoiseSweep
1615,NoiseSweep-14-20260810-15:01:20-741652,NoiseSweep,14,2,2,sha3,10,0.01,bch255-91-25\,,5,static,450.0,300.0,450.0,300.0,0.0,1.533486,module=UavAuthNetwork.uav[5]; config=NoiseSweep
1616,NoiseSweep-14-20260810-15:01:20-741652,NoiseSweep,14,2,2,sha3,10,0.01,bch255-91-25\,,6,static,50.0,120.0,50.0,120.0,0.0,1.484019,module=UavAuthNetwork.uav[6]; config=NoiseSweep
1617,NoiseSweep-14-20260810-15:01:20-741652,NoiseSweep,14,2,2,sha3,10,0.01,bch255-91-25\,,7,static,50.0,230.0,50.0,230.0,0.0,1.519149,module=UavAuthNetwork.uav[7]; config=NoiseSweep
1618,NoiseSweep-14-20260810-15:01:20-741652,NoiseSweep,14,2,2,sha3,10,0.01,bch255-91-25\,,8,static,500.0,120.0,500.0,120.0,0.0,1.533456,module=UavAuthNetwork.uav[8]; config=NoiseSweep
1619,NoiseSweep-14-20260810-15:01:20-741652,NoiseSweep,14,2,2,sha3,10,0.01,bch255-91-25\,,9,static,500.0,230.0,500.0,230.0,0.0,1.482275,module=UavAuthNetwork.uav[9]; config=NoiseSweep
1620,NoiseSweep-15-20260810-15:01:21-741652,NoiseSweep,15,0,0,sha3,10,0.01,rep3-bch255-131-18\,,0,static,100.0,50.0,100.0,50.0,0.0,1.518543,module=UavAuthNetwork.uav[0]; config=NoiseSweep
1621,NoiseSweep-15-20260810-15:01:21-741652,NoiseSweep,15,0,0,sha3,10,0.01,rep3-bch255-131-18\,,1,static,275.0,50.0,275.0,50.0,0.0,1.499136,module=UavAuthNetwork.uav[1]; config=NoiseSweep
1622,NoiseSweep-15-20260810-15:01:21-741652,NoiseSweep,15,0,0,sha3,10,0.01,rep3-bch255-131-18\,,2,static,450.0,50.0,450.0,50.0,0.0,1.472252,module=UavAuthNetwork.uav[2]; config=NoiseSweep
1623,NoiseSweep-15-20260810-15:01:21-741652,NoiseSweep,15,0,0,sha3,10,0.01,rep3-bch255-131-18\,,3,static,100.0,300.0,100.0,300.0,0.0,1.493821,module=UavAuthNetwork.uav[3]; config=NoiseSweep
1624,NoiseSweep-15-20260810-15:01:21-741652,NoiseSweep,15,0,0,sha3,10,0.01,rep3-bch255-131-18\,,4,static,275.0,300.0,275.0,300.0,0.0,1.53788,module=UavAuthNetwork.uav[4]; config=NoiseSweep
1625,NoiseSweep-15-20260810-15:01:21-741652,NoiseSweep,15,0,0,sha3,10,0.01,rep3-bch255-131-18\,,5,static,450.0,300.0,450.0,300.0,0.0,1.485893,module=UavAuthNetwork.uav[5]; config=NoiseSweep
1626,NoiseSweep-15-20260810-15:01:21-741652,NoiseSweep,15,0,0,sha3,10,0.01,rep3-bch255-131-18\,,6,static,50.0,120.0,50.0,120.0,0.0,1.508843,module=UavAuthNetwork.uav[6]; config=NoiseSweep
1627,NoiseSweep-15-20260810-15:01:21-741652,NoiseSweep,15,0,0,sha3,10,0.01,rep3-bch255-131-18\,,7,static,50.0,230.0,50.0,230.0,0.0,1.481733,module=UavAuthNetwork.uav[7]; config=NoiseSweep
1628,NoiseSweep-15-20260810-15:01:21-741652,NoiseSweep,15,0,0,sha3,10,0.01,rep3-bch255-131-18\,,8,static,500.0,120.0,500.0,120.0,0.0,1.541131,module=UavAuthNetwork.uav[8]; config=NoiseSweep
1629,NoiseSweep-15-20260810-15:01:21-741652,NoiseSweep,15,0,0,sha3,10,0.01,rep3-bch255-131-18\,,9,static,500.0,230.0,500.0,230.0,0.0,1.499146,module=UavAuthNetwork.uav[9]; config=NoiseSweep
1630,NoiseSweep-16-20260810-15:01:21-741652,NoiseSweep,16,1,1,sha3,10,0.01,rep3-bch255-131-18\,,0,static,100.0,50.0,100.0,50.0,0.0,1.483483,module=UavAuthNetwork.uav[0]; config=NoiseSweep
1631,NoiseSweep-16-20260810-15:01:21-741652,NoiseSweep,16,1,1,sha3,10,0.01,rep3-bch255-131-18\,,1,static,275.0,50.0,275.0,50.0,0.0,1.496314,module=UavAuthNetwork.uav[1]; config=NoiseSweep
1632,NoiseSweep-16-20260810-15:01:21-741652,NoiseSweep,16,1,1,sha3,10,0.01,rep3-bch255-131-18\,,2,static,450.0,50.0,450.0,50.0,0.0,1.51139,module=UavAuthNetwork.uav[2]; config=NoiseSweep
1633,NoiseSweep-16-20260810-15:01:21-741652,NoiseSweep,16,1,1,sha3,10,0.01,rep3-bch255-131-18\,,3,static,100.0,300.0,100.0,300.0,0.0,1.492483,module=UavAuthNetwork.uav[3]; config=NoiseSweep
1634,NoiseSweep-16-20260810-15:01:21-741652,NoiseSweep,16,1,1,sha3,10,0.01,rep3-bch255-131-18\,,4,static,275.0,300.0,275.0,300.0,0.0,1.51278,module=UavAuthNetwork.uav[4]; config=NoiseSweep
1635,NoiseSweep-16-20260810-15:01:21-741652,NoiseSweep,16,1,1,sha3,10,0.01,rep3-bch255-131-18\,,5,static,450.0,300.0,450.0,300.0,0.0,1.483981,module=UavAuthNetwork.uav[5]; config=NoiseSweep
1636,NoiseSweep-16-20260810-15:01:21-741652,NoiseSweep,16,1,1,sha3,10,0.01,rep3-bch255-131-18\,,6,static,50.0,120.0,50.0,120.0,0.0,1.560162,module=UavAuthNetwork.uav[6]; config=NoiseSweep
1637,NoiseSweep-16-20260810-15:01:21-741652,NoiseSweep,16,1,1,sha3,10,0.01,rep3-bch255-131-18\,,7,static,50.0,230.0,50.0,230.0,0.0,1.507122,module=UavAuthNetwork.uav[7]; config=NoiseSweep
1638,NoiseSweep-16-20260810-15:01:21-741652,NoiseSweep,16,1,1,sha3,10,0.01,rep3-bch255-131-18\,,8,static,500.0,120.0,500.0,120.0,0.0,1.55149,module=UavAuthNetwork.uav[8]; config=NoiseSweep
1639,NoiseSweep-16-20260810-15:01:21-741652,NoiseSweep,16,1,1,sha3,10,0.01,rep3-bch255-131-18\,,9,static,500.0,230.0,500.0,230.0,0.0,1.483228,module=UavAuthNetwork.uav[9]; config=NoiseSweep
1640,NoiseSweep-17-20260810-15:01:22-741652,NoiseSweep,17,2,2,sha3,10,0.01,rep3-bch255-131-18\,,0,static,100.0,50.0,100.0,50.0,0.0,1.513523,module=UavAuthNetwork.uav[0]; config=NoiseSweep
1641,NoiseSweep-17-20260810-15:01:22-741652,NoiseSweep,17,2,2,sha3,10,0.01,rep3-bch255-131-18\,,1,static,275.0,50.0,275.0,50.0,0.0,1.502978,module=UavAuthNetwork.uav[1]; config=NoiseSweep
1642,NoiseSweep-17-20260810-15:01:22-741652,NoiseSweep,17,2,2,sha3,10,0.01,rep3-bch255-131-18\,,2,static,450.0,50.0,450.0,50.0,0.0,1.502133,module=UavAuthNetwork.uav[2]; config=NoiseSweep
1643,NoiseSweep-17-20260810-15:01:22-741652,NoiseSweep,17,2,2,sha3,10,0.01,rep3-bch255-131-18\,,3,static,100.0,300.0,100.0,300.0,0.0,1.493998,module=UavAuthNetwork.uav[3]; config=NoiseSweep
1644,NoiseSweep-17-20260810-15:01:22-741652,NoiseSweep,17,2,2,sha3,10,0.01,rep3-bch255-131-18\,,4,static,275.0,300.0,275.0,300.0,0.0,1.495697,module=UavAuthNetwork.uav[4]; config=NoiseSweep
1645,NoiseSweep-17-20260810-15:01:22-741652,NoiseSweep,17,2,2,sha3,10,0.01,rep3-bch255-131-18\,,5,static,450.0,300.0,450.0,300.0,0.0,1.533486,module=UavAuthNetwork.uav[5]; config=NoiseSweep
1646,NoiseSweep-17-20260810-15:01:22-741652,NoiseSweep,17,2,2,sha3,10,0.01,rep3-bch255-131-18\,,6,static,50.0,120.0,50.0,120.0,0.0,1.484019,module=UavAuthNetwork.uav[6]; config=NoiseSweep
1647,NoiseSweep-17-20260810-15:01:22-741652,NoiseSweep,17,2,2,sha3,10,0.01,rep3-bch255-131-18\,,7,static,50.0,230.0,50.0,230.0,0.0,1.519149,module=UavAuthNetwork.uav[7]; config=NoiseSweep
1648,NoiseSweep-17-20260810-15:01:22-741652,NoiseSweep,17,2,2,sha3,10,0.01,rep3-bch255-131-18\,,8,static,500.0,120.0,500.0,120.0,0.0,1.533456,module=UavAuthNetwork.uav[8]; config=NoiseSweep
1649,NoiseSweep-17-20260810-15:01:22-741652,NoiseSweep,17,2,2,sha3,10,0.01,rep3-bch255-131-18\,,9,static,500.0,230.0,500.0,230.0,0.0,1.482275,module=UavAuthNetwork.uav[9]; config=NoiseSweep
1650,NoiseSweep-18-20260810-15:01:22-741652,NoiseSweep,18,0,0,sha3,10,0.02,bch255-131-18\,,0,static,100.0,50.0,100.0,50.0,0.0,1.518543,module=UavAuthNetwork.uav[0]; config=NoiseSweep
1651,NoiseSweep-18-20260810-15:01:22-741652,NoiseSweep,18,0,0,sha3,10,0.02,bch255-131-18\,,1,static,275.0,50.0,275.0,50.0,0.0,1.499136,module=UavAuthNetwork.uav[1]; config=NoiseSweep
1652,NoiseSweep-18-20260810-15:01:22-741652,NoiseSweep,18,0,0,sha3,10,0.02,bch255-131-18\,,2,static,450.0,50.0,450.0,50.0,0.0,1.472252,module=UavAuthNetwork.uav[2]; config=NoiseSweep
1653,NoiseSweep-18-20260810-15:01:22-741652,NoiseSweep,18,0,0,sha3,10,0.02,bch255-131-18\,,3,static,100.0,300.0,100.0,300.0,0.0,1.493821,module=UavAuthNetwork.uav[3]; config=NoiseSweep
1654,NoiseSweep-18-20260810-15:01:22-741652,NoiseSweep,18,0,0,sha3,10,0.02,bch255-131-18\,,4,static,275.0,300.0,275.0,300.0,0.0,1.53788,module=UavAuthNetwork.uav[4]; config=NoiseSweep
1655,NoiseSweep-18-20260810-15:01:22-741652,NoiseSweep,18,0,0,sha3,10,0.02,bch255-131-18\,,5,static,450.0,300.0,450.0,300.0,0.0,1.485893,module=UavAuthNetwork.uav[5]; config=NoiseSweep
1656,NoiseSweep-18-20260810-15:01:22-741652,NoiseSweep,18,0,0,sha3,10,0.02,bch255-131-18\,,6,static,50.0,120.0,50.0,120.0,0.0,1.508843,module=UavAuthNetwork.uav[6]; config=NoiseSweep
1657,NoiseSweep-18-20260810-15:01:22-741652,NoiseSweep,18,0,0,sha3,10,0.02,bch255-131-18\,,7,static,50.0,230.0,50.0,230.0,0.0,1.481733,module=UavAuthNetwork.uav[7]; config=NoiseSweep
1658,NoiseSweep-18-20260810-15:01:22-741652,NoiseSweep,18,0,0,sha3,10,0.02,bch255-131-18\,,8,static,500.0,120.0,500.0,120.0,0.0,1.541131,module=UavAuthNetwork.uav[8]; config=NoiseSweep
1659,NoiseSweep-18-20260810-15:01:22-741652,NoiseSweep,18,0,0,sha3,10,0.02,bch255-131-18\,,9,static,500.0,230.0,500.0,230.0,0.0,1.499146,module=UavAuthNetwork.uav[9]; config=NoiseSweep
1660,NoiseSweep-19-20260810-15:01:23-741652,NoiseSweep,19,1,1,sha3,10,0.02,bch255-131-18\,,0,static,100.0,50.0,100.0,50.0,0.0,1.483483,module=UavAuthNetwork.uav[0]; config=NoiseSweep
1661,NoiseSweep-19-20260810-15:01:23-741652,NoiseSweep,19,1,1,sha3,10,0.02,bch255-131-18\,,1,static,275.0,50.0,275.0,50.0,0.0,1.496314,module=UavAuthNetwork.uav[1]; config=NoiseSweep
1662,NoiseSweep-19-20260810-15:01:23-741652,NoiseSweep,19,1,1,sha3,10,0.02,bch255-131-18\,,2,static,450.0,50.0,450.0,50.0,0.0,1.51139,module=UavAuthNetwork.uav[2]; config=NoiseSweep
1663,NoiseSweep-19-20260810-15:01:23-741652,NoiseSweep,19,1,1,sha3,10,0.02,bch255-131-18\,,3,static,100.0,300.0,100.0,300.0,0.0,1.492483,module=UavAuthNetwork.uav[3]; config=NoiseSweep
1664,NoiseSweep-19-20260810-15:01:23-741652,NoiseSweep,19,1,1,sha3,10,0.02,bch255-131-18\,,4,static,275.0,300.0,275.0,300.0,0.0,1.51278,module=UavAuthNetwork.uav[4]; config=NoiseSweep
1665,NoiseSweep-19-20260810-15:01:23-741652,NoiseSweep,19,1,1,sha3,10,0.02,bch255-131-18\,,5,static,450.0,300.0,450.0,300.0,0.0,1.483981,module=UavAuthNetwork.uav[5]; config=NoiseSweep
1666,NoiseSweep-19-20260810-15:01:23-741652,NoiseSweep,19,1,1,sha3,10,0.02,bch255-131-18\,,6,static,50.0,120.0,50.0,120.0,0.0,1.560162,module=UavAuthNetwork.uav[6]; config=NoiseSweep
1667,NoiseSweep-19-20260810-15:01:23-741652,NoiseSweep,19,1,1,sha3,10,0.02,bch255-131-18\,,7,static,50.0,230.0,50.0,230.0,0.0,1.507122,module=UavAuthNetwork.uav[7]; config=NoiseSweep
1668,NoiseSweep-19-20260810-15:01:23-741652,NoiseSweep,19,1,1,sha3,10,0.02,bch255-131-18\,,8,static,500.0,120.0,500.0,120.0,0.0,1.55149,module=UavAuthNetwork.uav[8]; config=NoiseSweep
1669,NoiseSweep-19-20260810-15:01:23-741652,NoiseSweep,19,1,1,sha3,10,0.02,bch255-131-18\,,9,static,500.0,230.0,500.0,230.0,0.0,1.483228,module=UavAuthNetwork.uav[9]; config=NoiseSweep
1670,NoiseSweep-2-20260810-15:01:18-741652,NoiseSweep,2,2,2,sha3,10,0.0,bch255-131-18\,,0,static,100.0,50.0,100.0,50.0,0.0,1.513523,module=UavAuthNetwork.uav[0]; config=NoiseSweep
1671,NoiseSweep-2-20260810-15:01:18-741652,NoiseSweep,2,2,2,sha3,10,0.0,bch255-131-18\,,1,static,275.0,50.0,275.0,50.0,0.0,1.502978,module=UavAuthNetwork.uav[1]; config=NoiseSweep
1672,NoiseSweep-2-20260810-15:01:18-741652,NoiseSweep,2,2,2,sha3,10,0.0,bch255-131-18\,,2,static,450.0,50.0,450.0,50.0,0.0,1.502133,module=UavAuthNetwork.uav[2]; config=NoiseSweep
1673,NoiseSweep-2-20260810-15:01:18-741652,NoiseSweep,2,2,2,sha3,10,0.0,bch255-131-18\,,3,static,100.0,300.0,100.0,300.0,0.0,1.493998,module=UavAuthNetwork.uav[3]; config=NoiseSweep
1674,NoiseSweep-2-20260810-15:01:18-741652,NoiseSweep,2,2,2,sha3,10,0.0,bch255-131-18\,,4,static,275.0,300.0,275.0,300.0,0.0,1.495697,module=UavAuthNetwork.uav[4]; config=NoiseSweep
1675,NoiseSweep-2-20260810-15:01:18-741652,NoiseSweep,2,2,2,sha3,10,0.0,bch255-131-18\,,5,static,450.0,300.0,450.0,300.0,0.0,1.533486,module=UavAuthNetwork.uav[5]; config=NoiseSweep
1676,NoiseSweep-2-20260810-15:01:18-741652,NoiseSweep,2,2,2,sha3,10,0.0,bch255-131-18\,,6,static,50.0,120.0,50.0,120.0,0.0,1.484019,module=UavAuthNetwork.uav[6]; config=NoiseSweep
1677,NoiseSweep-2-20260810-15:01:18-741652,NoiseSweep,2,2,2,sha3,10,0.0,bch255-131-18\,,7,static,50.0,230.0,50.0,230.0,0.0,1.519149,module=UavAuthNetwork.uav[7]; config=NoiseSweep
1678,NoiseSweep-2-20260810-15:01:18-741652,NoiseSweep,2,2,2,sha3,10,0.0,bch255-131-18\,,8,static,500.0,120.0,500.0,120.0,0.0,1.533456,module=UavAuthNetwork.uav[8]; config=NoiseSweep
1679,NoiseSweep-2-20260810-15:01:18-741652,NoiseSweep,2,2,2,sha3,10,0.0,bch255-131-18\,,9,static,500.0,230.0,500.0,230.0,0.0,1.482275,module=UavAuthNetwork.uav[9]; config=NoiseSweep
1680,NoiseSweep-20-20260810-15:01:23-741652,NoiseSweep,20,2,2,sha3,10,0.02,bch255-131-18\,,0,static,100.0,50.0,100.0,50.0,0.0,1.513523,module=UavAuthNetwork.uav[0]; config=NoiseSweep
1681,NoiseSweep-20-20260810-15:01:23-741652,NoiseSweep,20,2,2,sha3,10,0.02,bch255-131-18\,,1,static,275.0,50.0,275.0,50.0,0.0,1.502978,module=UavAuthNetwork.uav[1]; config=NoiseSweep
1682,NoiseSweep-20-20260810-15:01:23-741652,NoiseSweep,20,2,2,sha3,10,0.02,bch255-131-18\,,2,static,450.0,50.0,450.0,50.0,0.0,1.502133,module=UavAuthNetwork.uav[2]; config=NoiseSweep
1683,NoiseSweep-20-20260810-15:01:23-741652,NoiseSweep,20,2,2,sha3,10,0.02,bch255-131-18\,,3,static,100.0,300.0,100.0,300.0,0.0,1.493998,module=UavAuthNetwork.uav[3]; config=NoiseSweep
1684,NoiseSweep-20-20260810-15:01:23-741652,NoiseSweep,20,2,2,sha3,10,0.02,bch255-131-18\,,4,static,275.0,300.0,275.0,300.0,0.0,1.495697,module=UavAuthNetwork.uav[4]; config=NoiseSweep
1685,NoiseSweep-20-20260810-15:01:23-741652,NoiseSweep,20,2,2,sha3,10,0.02,bch255-131-18\,,5,static,450.0,300.0,450.0,300.0,0.0,1.533486,module=UavAuthNetwork.uav[5]; config=NoiseSweep
1686,NoiseSweep-20-20260810-15:01:23-741652,NoiseSweep,20,2,2,sha3,10,0.02,bch255-131-18\,,6,static,50.0,120.0,50.0,120.0,0.0,1.484019,module=UavAuthNetwork.uav[6]; config=NoiseSweep
1687,NoiseSweep-20-20260810-15:01:23-741652,NoiseSweep,20,2,2,sha3,10,0.02,bch255-131-18\,,7,static,50.0,230.0,50.0,230.0,0.0,1.519149,module=UavAuthNetwork.uav[7]; config=NoiseSweep
1688,NoiseSweep-20-20260810-15:01:23-741652,NoiseSweep,20,2,2,sha3,10,0.02,bch255-131-18\,,8,static,500.0,120.0,500.0,120.0,0.0,1.533456,module=UavAuthNetwork.uav[8]; config=NoiseSweep
1689,NoiseSweep-20-20260810-15:01:23-741652,NoiseSweep,20,2,2,sha3,10,0.02,bch255-131-18\,,9,static,500.0,230.0,500.0,230.0,0.0,1.482275,module=UavAuthNetwork.uav[9]; config=NoiseSweep
1690,NoiseSweep-21-20260810-15:01:24-741652,NoiseSweep,21,0,0,sha3,10,0.02,bch255-91-25\,,0,static,100.0,50.0,100.0,50.0,0.0,1.518543,module=UavAuthNetwork.uav[0]; config=NoiseSweep
1691,NoiseSweep-21-20260810-15:01:24-741652,NoiseSweep,21,0,0,sha3,10,0.02,bch255-91-25\,,1,static,275.0,50.0,275.0,50.0,0.0,1.499136,module=UavAuthNetwork.uav[1]; config=NoiseSweep
1692,NoiseSweep-21-20260810-15:01:24-741652,NoiseSweep,21,0,0,sha3,10,0.02,bch255-91-25\,,2,static,450.0,50.0,450.0,50.0,0.0,1.472252,module=UavAuthNetwork.uav[2]; config=NoiseSweep
1693,NoiseSweep-21-20260810-15:01:24-741652,NoiseSweep,21,0,0,sha3,10,0.02,bch255-91-25\,,3,static,100.0,300.0,100.0,300.0,0.0,1.493821,module=UavAuthNetwork.uav[3]; config=NoiseSweep
1694,NoiseSweep-21-20260810-15:01:24-741652,NoiseSweep,21,0,0,sha3,10,0.02,bch255-91-25\,,4,static,275.0,300.0,275.0,300.0,0.0,1.53788,module=UavAuthNetwork.uav[4]; config=NoiseSweep
1695,NoiseSweep-21-20260810-15:01:24-741652,NoiseSweep,21,0,0,sha3,10,0.02,bch255-91-25\,,5,static,450.0,300.0,450.0,300.0,0.0,1.485893,module=UavAuthNetwork.uav[5]; config=NoiseSweep
1696,NoiseSweep-21-20260810-15:01:24-741652,NoiseSweep,21,0,0,sha3,10,0.02,bch255-91-25\,,6,static,50.0,120.0,50.0,120.0,0.0,1.508843,module=UavAuthNetwork.uav[6]; config=NoiseSweep
1697,NoiseSweep-21-20260810-15:01:24-741652,NoiseSweep,21,0,0,sha3,10,0.02,bch255-91-25\,,7,static,50.0,230.0,50.0,230.0,0.0,1.481733,module=UavAuthNetwork.uav[7]; config=NoiseSweep
1698,NoiseSweep-21-20260810-15:01:24-741652,NoiseSweep,21,0,0,sha3,10,0.02,bch255-91-25\,,8,static,500.0,120.0,500.0,120.0,0.0,1.541131,module=UavAuthNetwork.uav[8]; config=NoiseSweep
1699,NoiseSweep-21-20260810-15:01:24-741652,NoiseSweep,21,0,0,sha3,10,0.02,bch255-91-25\,,9,static,500.0,230.0,500.0,230.0,0.0,1.499146,module=UavAuthNetwork.uav[9]; config=NoiseSweep
1700,NoiseSweep-22-20260810-15:01:24-741652,NoiseSweep,22,1,1,sha3,10,0.02,bch255-91-25\,,0,static,100.0,50.0,100.0,50.0,0.0,1.483483,module=UavAuthNetwork.uav[0]; config=NoiseSweep
1701,NoiseSweep-22-20260810-15:01:24-741652,NoiseSweep,22,1,1,sha3,10,0.02,bch255-91-25\,,1,static,275.0,50.0,275.0,50.0,0.0,1.496314,module=UavAuthNetwork.uav[1]; config=NoiseSweep
1702,NoiseSweep-22-20260810-15:01:24-741652,NoiseSweep,22,1,1,sha3,10,0.02,bch255-91-25\,,2,static,450.0,50.0,450.0,50.0,0.0,1.51139,module=UavAuthNetwork.uav[2]; config=NoiseSweep
1703,NoiseSweep-22-20260810-15:01:24-741652,NoiseSweep,22,1,1,sha3,10,0.02,bch255-91-25\,,3,static,100.0,300.0,100.0,300.0,0.0,1.492483,module=UavAuthNetwork.uav[3]; config=NoiseSweep
1704,NoiseSweep-22-20260810-15:01:24-741652,NoiseSweep,22,1,1,sha3,10,0.02,bch255-91-25\,,4,static,275.0,300.0,275.0,300.0,0.0,1.51278,module=UavAuthNetwork.uav[4]; config=NoiseSweep
1705,NoiseSweep-22-20260810-15:01:24-741652,NoiseSweep,22,1,1,sha3,10,0.02,bch255-91-25\,,5,static,450.0,300.0,450.0,300.0,0.0,1.483981,module=UavAuthNetwork.uav[5]; config=NoiseSweep
1706,NoiseSweep-22-20260810-15:01:24-741652,NoiseSweep,22,1,1,sha3,10,0.02,bch255-91-25\,,6,static,50.0,120.0,50.0,120.0,0.0,1.560162,module=UavAuthNetwork.uav[6]; config=NoiseSweep
1707,NoiseSweep-22-20260810-15:01:24-741652,NoiseSweep,22,1,1,sha3,10,0.02,bch255-91-25\,,7,static,50.0,230.0,50.0,230.0,0.0,1.507122,module=UavAuthNetwork.uav[7]; config=NoiseSweep
1708,NoiseSweep-22-20260810-15:01:24-741652,NoiseSweep,22,1,1,sha3,10,0.02,bch255-91-25\,,8,static,500.0,120.0,500.0,120.0,0.0,1.55149,module=UavAuthNetwork.uav[8]; config=NoiseSweep
1709,NoiseSweep-22-20260810-15:01:24-741652,NoiseSweep,22,1,1,sha3,10,0.02,bch255-91-25\,,9,static,500.0,230.0,500.0,230.0,0.0,1.483228,module=UavAuthNetwork.uav[9]; config=NoiseSweep
1710,NoiseSweep-23-20260810-15:01:25-741652,NoiseSweep,23,2,2,sha3,10,0.02,bch255-91-25\,,0,static,100.0,50.0,100.0,50.0,0.0,1.513523,module=UavAuthNetwork.uav[0]; config=NoiseSweep
1711,NoiseSweep-23-20260810-15:01:25-741652,NoiseSweep,23,2,2,sha3,10,0.02,bch255-91-25\,,1,static,275.0,50.0,275.0,50.0,0.0,1.502978,module=UavAuthNetwork.uav[1]; config=NoiseSweep
1712,NoiseSweep-23-20260810-15:01:25-741652,NoiseSweep,23,2,2,sha3,10,0.02,bch255-91-25\,,2,static,450.0,50.0,450.0,50.0,0.0,1.502133,module=UavAuthNetwork.uav[2]; config=NoiseSweep
1713,NoiseSweep-23-20260810-15:01:25-741652,NoiseSweep,23,2,2,sha3,10,0.02,bch255-91-25\,,3,static,100.0,300.0,100.0,300.0,0.0,1.493998,module=UavAuthNetwork.uav[3]; config=NoiseSweep
1714,NoiseSweep-23-20260810-15:01:25-741652,NoiseSweep,23,2,2,sha3,10,0.02,bch255-91-25\,,4,static,275.0,300.0,275.0,300.0,0.0,1.495697,module=UavAuthNetwork.uav[4]; config=NoiseSweep
1715,NoiseSweep-23-20260810-15:01:25-741652,NoiseSweep,23,2,2,sha3,10,0.02,bch255-91-25\,,5,static,450.0,300.0,450.0,300.0,0.0,1.533486,module=UavAuthNetwork.uav[5]; config=NoiseSweep
1716,NoiseSweep-23-20260810-15:01:25-741652,NoiseSweep,23,2,2,sha3,10,0.02,bch255-91-25\,,6,static,50.0,120.0,50.0,120.0,0.0,1.484019,module=UavAuthNetwork.uav[6]; config=NoiseSweep
1717,NoiseSweep-23-20260810-15:01:25-741652,NoiseSweep,23,2,2,sha3,10,0.02,bch255-91-25\,,7,static,50.0,230.0,50.0,230.0,0.0,1.519149,module=UavAuthNetwork.uav[7]; config=NoiseSweep
1718,NoiseSweep-23-20260810-15:01:25-741652,NoiseSweep,23,2,2,sha3,10,0.02,bch255-91-25\,,8,static,500.0,120.0,500.0,120.0,0.0,1.533456,module=UavAuthNetwork.uav[8]; config=NoiseSweep
1719,NoiseSweep-23-20260810-15:01:25-741652,NoiseSweep,23,2,2,sha3,10,0.02,bch255-91-25\,,9,static,500.0,230.0,500.0,230.0,0.0,1.482275,module=UavAuthNetwork.uav[9]; config=NoiseSweep
1720,NoiseSweep-24-20260810-15:01:26-741652,NoiseSweep,24,0,0,sha3,10,0.02,rep3-bch255-131-18\,,0,static,100.0,50.0,100.0,50.0,0.0,1.518543,module=UavAuthNetwork.uav[0]; config=NoiseSweep
1721,NoiseSweep-24-20260810-15:01:26-741652,NoiseSweep,24,0,0,sha3,10,0.02,rep3-bch255-131-18\,,1,static,275.0,50.0,275.0,50.0,0.0,1.499136,module=UavAuthNetwork.uav[1]; config=NoiseSweep
1722,NoiseSweep-24-20260810-15:01:26-741652,NoiseSweep,24,0,0,sha3,10,0.02,rep3-bch255-131-18\,,2,static,450.0,50.0,450.0,50.0,0.0,1.472252,module=UavAuthNetwork.uav[2]; config=NoiseSweep
1723,NoiseSweep-24-20260810-15:01:26-741652,NoiseSweep,24,0,0,sha3,10,0.02,rep3-bch255-131-18\,,3,static,100.0,300.0,100.0,300.0,0.0,1.493821,module=UavAuthNetwork.uav[3]; config=NoiseSweep
1724,NoiseSweep-24-20260810-15:01:26-741652,NoiseSweep,24,0,0,sha3,10,0.02,rep3-bch255-131-18\,,4,static,275.0,300.0,275.0,300.0,0.0,1.53788,module=UavAuthNetwork.uav[4]; config=NoiseSweep
1725,NoiseSweep-24-20260810-15:01:26-741652,NoiseSweep,24,0,0,sha3,10,0.02,rep3-bch255-131-18\,,5,static,450.0,300.0,450.0,300.0,0.0,1.485893,module=UavAuthNetwork.uav[5]; config=NoiseSweep
1726,NoiseSweep-24-20260810-15:01:26-741652,NoiseSweep,24,0,0,sha3,10,0.02,rep3-bch255-131-18\,,6,static,50.0,120.0,50.0,120.0,0.0,1.508843,module=UavAuthNetwork.uav[6]; config=NoiseSweep
1727,NoiseSweep-24-20260810-15:01:26-741652,NoiseSweep,24,0,0,sha3,10,0.02,rep3-bch255-131-18\,,7,static,50.0,230.0,50.0,230.0,0.0,1.481733,module=UavAuthNetwork.uav[7]; config=NoiseSweep
1728,NoiseSweep-24-20260810-15:01:26-741652,NoiseSweep,24,0,0,sha3,10,0.02,rep3-bch255-131-18\,,8,static,500.0,120.0,500.0,120.0,0.0,1.541131,module=UavAuthNetwork.uav[8]; config=NoiseSweep
1729,NoiseSweep-24-20260810-15:01:26-741652,NoiseSweep,24,0,0,sha3,10,0.02,rep3-bch255-131-18\,,9,static,500.0,230.0,500.0,230.0,0.0,1.499146,module=UavAuthNetwork.uav[9]; config=NoiseSweep
1730,NoiseSweep-25-20260810-15:01:26-741652,NoiseSweep,25,1,1,sha3,10,0.02,rep3-bch255-131-18\,,0,static,100.0,50.0,100.0,50.0,0.0,1.483483,module=UavAuthNetwork.uav[0]; config=NoiseSweep
1731,NoiseSweep-25-20260810-15:01:26-741652,NoiseSweep,25,1,1,sha3,10,0.02,rep3-bch255-131-18\,,1,static,275.0,50.0,275.0,50.0,0.0,1.496314,module=UavAuthNetwork.uav[1]; config=NoiseSweep
1732,NoiseSweep-25-20260810-15:01:26-741652,NoiseSweep,25,1,1,sha3,10,0.02,rep3-bch255-131-18\,,2,static,450.0,50.0,450.0,50.0,0.0,1.51139,module=UavAuthNetwork.uav[2]; config=NoiseSweep
1733,NoiseSweep-25-20260810-15:01:26-741652,NoiseSweep,25,1,1,sha3,10,0.02,rep3-bch255-131-18\,,3,static,100.0,300.0,100.0,300.0,0.0,1.492483,module=UavAuthNetwork.uav[3]; config=NoiseSweep
1734,NoiseSweep-25-20260810-15:01:26-741652,NoiseSweep,25,1,1,sha3,10,0.02,rep3-bch255-131-18\,,4,static,275.0,300.0,275.0,300.0,0.0,1.51278,module=UavAuthNetwork.uav[4]; config=NoiseSweep
1735,NoiseSweep-25-20260810-15:01:26-741652,NoiseSweep,25,1,1,sha3,10,0.02,rep3-bch255-131-18\,,5,static,450.0,300.0,450.0,300.0,0.0,1.483981,module=UavAuthNetwork.uav[5]; config=NoiseSweep
1736,NoiseSweep-25-20260810-15:01:26-741652,NoiseSweep,25,1,1,sha3,10,0.02,rep3-bch255-131-18\,,6,static,50.0,120.0,50.0,120.0,0.0,1.560162,module=UavAuthNetwork.uav[6]; config=NoiseSweep
1737,NoiseSweep-25-20260810-15:01:26-741652,NoiseSweep,25,1,1,sha3,10,0.02,rep3-bch255-131-18\,,7,static,50.0,230.0,50.0,230.0,0.0,1.507122,module=UavAuthNetwork.uav[7]; config=NoiseSweep
1738,NoiseSweep-25-20260810-15:01:26-741652,NoiseSweep,25,1,1,sha3,10,0.02,rep3-bch255-131-18\,,8,static,500.0,120.0,500.0,120.0,0.0,1.55149,module=UavAuthNetwork.uav[8]; config=NoiseSweep
1739,NoiseSweep-25-20260810-15:01:26-741652,NoiseSweep,25,1,1,sha3,10,0.02,rep3-bch255-131-18\,,9,static,500.0,230.0,500.0,230.0,0.0,1.483228,module=UavAuthNetwork.uav[9]; config=NoiseSweep
1740,NoiseSweep-26-20260810-15:01:27-741652,NoiseSweep,26,2,2,sha3,10,0.02,rep3-bch255-131-18\,,0,static,100.0,50.0,100.0,50.0,0.0,1.513523,module=UavAuthNetwork.uav[0]; config=NoiseSweep
1741,NoiseSweep-26-20260810-15:01:27-741652,NoiseSweep,26,2,2,sha3,10,0.02,rep3-bch255-131-18\,,1,static,275.0,50.0,275.0,50.0,0.0,1.502978,module=UavAuthNetwork.uav[1]; config=NoiseSweep
1742,NoiseSweep-26-20260810-15:01:27-741652,NoiseSweep,26,2,2,sha3,10,0.02,rep3-bch255-131-18\,,2,static,450.0,50.0,450.0,50.0,0.0,1.502133,module=UavAuthNetwork.uav[2]; config=NoiseSweep
1743,NoiseSweep-26-20260810-15:01:27-741652,NoiseSweep,26,2,2,sha3,10,0.02,rep3-bch255-131-18\,,3,static,100.0,300.0,100.0,300.0,0.0,1.493998,module=UavAuthNetwork.uav[3]; config=NoiseSweep
1744,NoiseSweep-26-20260810-15:01:27-741652,NoiseSweep,26,2,2,sha3,10,0.02,rep3-bch255-131-18\,,4,static,275.0,300.0,275.0,300.0,0.0,1.495697,module=UavAuthNetwork.uav[4]; config=NoiseSweep
1745,NoiseSweep-26-20260810-15:01:27-741652,NoiseSweep,26,2,2,sha3,10,0.02,rep3-bch255-131-18\,,5,static,450.0,300.0,450.0,300.0,0.0,1.533486,module=UavAuthNetwork.uav[5]; config=NoiseSweep
1746,NoiseSweep-26-20260810-15:01:27-741652,NoiseSweep,26,2,2,sha3,10,0.02,rep3-bch255-131-18\,,6,static,50.0,120.0,50.0,120.0,0.0,1.484019,module=UavAuthNetwork.uav[6]; config=NoiseSweep
1747,NoiseSweep-26-20260810-15:01:27-741652,NoiseSweep,26,2,2,sha3,10,0.02,rep3-bch255-131-18\,,7,static,50.0,230.0,50.0,230.0,0.0,1.519149,module=UavAuthNetwork.uav[7]; config=NoiseSweep
1748,NoiseSweep-26-20260810-15:01:27-741652,NoiseSweep,26,2,2,sha3,10,0.02,rep3-bch255-131-18\,,8,static,500.0,120.0,500.0,120.0,0.0,1.533456,module=UavAuthNetwork.uav[8]; config=NoiseSweep
1749,NoiseSweep-26-20260810-15:01:27-741652,NoiseSweep,26,2,2,sha3,10,0.02,rep3-bch255-131-18\,,9,static,500.0,230.0,500.0,230.0,0.0,1.482275,module=UavAuthNetwork.uav[9]; config=NoiseSweep
1750,NoiseSweep-27-20260810-15:01:27-741652,NoiseSweep,27,0,0,sha3,10,0.03,bch255-131-18\,,0,static,100.0,50.0,100.0,50.0,0.0,1.518543,module=UavAuthNetwork.uav[0]; config=NoiseSweep
1751,NoiseSweep-27-20260810-15:01:27-741652,NoiseSweep,27,0,0,sha3,10,0.03,bch255-131-18\,,1,static,275.0,50.0,275.0,50.0,0.0,1.499136,module=UavAuthNetwork.uav[1]; config=NoiseSweep
1752,NoiseSweep-27-20260810-15:01:27-741652,NoiseSweep,27,0,0,sha3,10,0.03,bch255-131-18\,,2,static,450.0,50.0,450.0,50.0,0.0,1.472252,module=UavAuthNetwork.uav[2]; config=NoiseSweep
1753,NoiseSweep-27-20260810-15:01:27-741652,NoiseSweep,27,0,0,sha3,10,0.03,bch255-131-18\,,3,static,100.0,300.0,100.0,300.0,0.0,1.493821,module=UavAuthNetwork.uav[3]; config=NoiseSweep
1754,NoiseSweep-27-20260810-15:01:27-741652,NoiseSweep,27,0,0,sha3,10,0.03,bch255-131-18\,,4,static,275.0,300.0,275.0,300.0,0.0,1.53788,module=UavAuthNetwork.uav[4]; config=NoiseSweep
1755,NoiseSweep-27-20260810-15:01:27-741652,NoiseSweep,27,0,0,sha3,10,0.03,bch255-131-18\,,5,static,450.0,300.0,450.0,300.0,0.0,1.485893,module=UavAuthNetwork.uav[5]; config=NoiseSweep
1756,NoiseSweep-27-20260810-15:01:27-741652,NoiseSweep,27,0,0,sha3,10,0.03,bch255-131-18\,,6,static,50.0,120.0,50.0,120.0,0.0,1.508843,module=UavAuthNetwork.uav[6]; config=NoiseSweep
1757,NoiseSweep-27-20260810-15:01:27-741652,NoiseSweep,27,0,0,sha3,10,0.03,bch255-131-18\,,7,static,50.0,230.0,50.0,230.0,0.0,1.481733,module=UavAuthNetwork.uav[7]; config=NoiseSweep
1758,NoiseSweep-27-20260810-15:01:27-741652,NoiseSweep,27,0,0,sha3,10,0.03,bch255-131-18\,,8,static,500.0,120.0,500.0,120.0,0.0,1.541131,module=UavAuthNetwork.uav[8]; config=NoiseSweep
1759,NoiseSweep-27-20260810-15:01:27-741652,NoiseSweep,27,0,0,sha3,10,0.03,bch255-131-18\,,9,static,500.0,230.0,500.0,230.0,0.0,1.499146,module=UavAuthNetwork.uav[9]; config=NoiseSweep
1760,NoiseSweep-28-20260810-15:01:28-741652,NoiseSweep,28,1,1,sha3,10,0.03,bch255-131-18\,,0,static,100.0,50.0,100.0,50.0,0.0,1.483483,module=UavAuthNetwork.uav[0]; config=NoiseSweep
1761,NoiseSweep-28-20260810-15:01:28-741652,NoiseSweep,28,1,1,sha3,10,0.03,bch255-131-18\,,1,static,275.0,50.0,275.0,50.0,0.0,1.496314,module=UavAuthNetwork.uav[1]; config=NoiseSweep
1762,NoiseSweep-28-20260810-15:01:28-741652,NoiseSweep,28,1,1,sha3,10,0.03,bch255-131-18\,,2,static,450.0,50.0,450.0,50.0,0.0,1.51139,module=UavAuthNetwork.uav[2]; config=NoiseSweep
1763,NoiseSweep-28-20260810-15:01:28-741652,NoiseSweep,28,1,1,sha3,10,0.03,bch255-131-18\,,3,static,100.0,300.0,100.0,300.0,0.0,1.492483,module=UavAuthNetwork.uav[3]; config=NoiseSweep
1764,NoiseSweep-28-20260810-15:01:28-741652,NoiseSweep,28,1,1,sha3,10,0.03,bch255-131-18\,,4,static,275.0,300.0,275.0,300.0,0.0,1.51278,module=UavAuthNetwork.uav[4]; config=NoiseSweep
1765,NoiseSweep-28-20260810-15:01:28-741652,NoiseSweep,28,1,1,sha3,10,0.03,bch255-131-18\,,5,static,450.0,300.0,450.0,300.0,0.0,1.483981,module=UavAuthNetwork.uav[5]; config=NoiseSweep
1766,NoiseSweep-28-20260810-15:01:28-741652,NoiseSweep,28,1,1,sha3,10,0.03,bch255-131-18\,,6,static,50.0,120.0,50.0,120.0,0.0,0.0,module=UavAuthNetwork.uav[6]; config=NoiseSweep
1767,NoiseSweep-28-20260810-15:01:28-741652,NoiseSweep,28,1,1,sha3,10,0.03,bch255-131-18\,,7,static,50.0,230.0,50.0,230.0,0.0,1.560162,module=UavAuthNetwork.uav[7]; config=NoiseSweep
1768,NoiseSweep-28-20260810-15:01:28-741652,NoiseSweep,28,1,1,sha3,10,0.03,bch255-131-18\,,8,static,500.0,120.0,500.0,120.0,0.0,1.507122,module=UavAuthNetwork.uav[8]; config=NoiseSweep
1769,NoiseSweep-28-20260810-15:01:28-741652,NoiseSweep,28,1,1,sha3,10,0.03,bch255-131-18\,,9,static,500.0,230.0,500.0,230.0,0.0,1.55149,module=UavAuthNetwork.uav[9]; config=NoiseSweep
1770,NoiseSweep-29-20260810-15:01:29-741652,NoiseSweep,29,2,2,sha3,10,0.03,bch255-131-18\,,0,static,100.0,50.0,100.0,50.0,0.0,1.513523,module=UavAuthNetwork.uav[0]; config=NoiseSweep
1771,NoiseSweep-29-20260810-15:01:29-741652,NoiseSweep,29,2,2,sha3,10,0.03,bch255-131-18\,,1,static,275.0,50.0,275.0,50.0,0.0,1.502978,module=UavAuthNetwork.uav[1]; config=NoiseSweep
1772,NoiseSweep-29-20260810-15:01:29-741652,NoiseSweep,29,2,2,sha3,10,0.03,bch255-131-18\,,2,static,450.0,50.0,450.0,50.0,0.0,1.502133,module=UavAuthNetwork.uav[2]; config=NoiseSweep
1773,NoiseSweep-29-20260810-15:01:29-741652,NoiseSweep,29,2,2,sha3,10,0.03,bch255-131-18\,,3,static,100.0,300.0,100.0,300.0,0.0,1.493998,module=UavAuthNetwork.uav[3]; config=NoiseSweep
1774,NoiseSweep-29-20260810-15:01:29-741652,NoiseSweep,29,2,2,sha3,10,0.03,bch255-131-18\,,4,static,275.0,300.0,275.0,300.0,0.0,1.495697,module=UavAuthNetwork.uav[4]; config=NoiseSweep
1775,NoiseSweep-29-20260810-15:01:29-741652,NoiseSweep,29,2,2,sha3,10,0.03,bch255-131-18\,,5,static,450.0,300.0,450.0,300.0,0.0,1.533486,module=UavAuthNetwork.uav[5]; config=NoiseSweep
1776,NoiseSweep-29-20260810-15:01:29-741652,NoiseSweep,29,2,2,sha3,10,0.03,bch255-131-18\,,6,static,50.0,120.0,50.0,120.0,0.0,1.484019,module=UavAuthNetwork.uav[6]; config=NoiseSweep
1777,NoiseSweep-29-20260810-15:01:29-741652,NoiseSweep,29,2,2,sha3,10,0.03,bch255-131-18\,,7,static,50.0,230.0,50.0,230.0,0.0,1.519149,module=UavAuthNetwork.uav[7]; config=NoiseSweep
1778,NoiseSweep-29-20260810-15:01:29-741652,NoiseSweep,29,2,2,sha3,10,0.03,bch255-131-18\,,8,static,500.0,120.0,500.0,120.0,0.0,1.533456,module=UavAuthNetwork.uav[8]; config=NoiseSweep
1779,NoiseSweep-29-20260810-15:01:29-741652,NoiseSweep,29,2,2,sha3,10,0.03,bch255-131-18\,,9,static,500.0,230.0,500.0,230.0,0.0,1.482275,module=UavAuthNetwork.uav[9]; config=NoiseSweep
1780,NoiseSweep-3-20260810-15:01:18-741652,NoiseSweep,3,0,0,sha3,10,0.0,bch255-91-25\,,0,static,100.0,50.0,100.0,50.0,0.0,1.518543,module=UavAuthNetwork.uav[0]; config=NoiseSweep
1781,NoiseSweep-3-20260810-15:01:18-741652,NoiseSweep,3,0,0,sha3,10,0.0,bch255-91-25\,,1,static,275.0,50.0,275.0,50.0,0.0,1.499136,module=UavAuthNetwork.uav[1]; config=NoiseSweep
1782,NoiseSweep-3-20260810-15:01:18-741652,NoiseSweep,3,0,0,sha3,10,0.0,bch255-91-25\,,2,static,450.0,50.0,450.0,50.0,0.0,1.472252,module=UavAuthNetwork.uav[2]; config=NoiseSweep
1783,NoiseSweep-3-20260810-15:01:18-741652,NoiseSweep,3,0,0,sha3,10,0.0,bch255-91-25\,,3,static,100.0,300.0,100.0,300.0,0.0,1.493821,module=UavAuthNetwork.uav[3]; config=NoiseSweep
1784,NoiseSweep-3-20260810-15:01:18-741652,NoiseSweep,3,0,0,sha3,10,0.0,bch255-91-25\,,4,static,275.0,300.0,275.0,300.0,0.0,1.53788,module=UavAuthNetwork.uav[4]; config=NoiseSweep
1785,NoiseSweep-3-20260810-15:01:18-741652,NoiseSweep,3,0,0,sha3,10,0.0,bch255-91-25\,,5,static,450.0,300.0,450.0,300.0,0.0,1.485893,module=UavAuthNetwork.uav[5]; config=NoiseSweep
1786,NoiseSweep-3-20260810-15:01:18-741652,NoiseSweep,3,0,0,sha3,10,0.0,bch255-91-25\,,6,static,50.0,120.0,50.0,120.0,0.0,1.508843,module=UavAuthNetwork.uav[6]; config=NoiseSweep
1787,NoiseSweep-3-20260810-15:01:18-741652,NoiseSweep,3,0,0,sha3,10,0.0,bch255-91-25\,,7,static,50.0,230.0,50.0,230.0,0.0,1.481733,module=UavAuthNetwork.uav[7]; config=NoiseSweep
1788,NoiseSweep-3-20260810-15:01:18-741652,NoiseSweep,3,0,0,sha3,10,0.0,bch255-91-25\,,8,static,500.0,120.0,500.0,120.0,0.0,1.541131,module=UavAuthNetwork.uav[8]; config=NoiseSweep
1789,NoiseSweep-3-20260810-15:01:18-741652,NoiseSweep,3,0,0,sha3,10,0.0,bch255-91-25\,,9,static,500.0,230.0,500.0,230.0,0.0,1.499146,module=UavAuthNetwork.uav[9]; config=NoiseSweep
1790,NoiseSweep-30-20260810-15:01:29-741652,NoiseSweep,30,0,0,sha3,10,0.03,bch255-91-25\,,0,static,100.0,50.0,100.0,50.0,0.0,1.518543,module=UavAuthNetwork.uav[0]; config=NoiseSweep
1791,NoiseSweep-30-20260810-15:01:29-741652,NoiseSweep,30,0,0,sha3,10,0.03,bch255-91-25\,,1,static,275.0,50.0,275.0,50.0,0.0,1.499136,module=UavAuthNetwork.uav[1]; config=NoiseSweep
1792,NoiseSweep-30-20260810-15:01:29-741652,NoiseSweep,30,0,0,sha3,10,0.03,bch255-91-25\,,2,static,450.0,50.0,450.0,50.0,0.0,1.472252,module=UavAuthNetwork.uav[2]; config=NoiseSweep
1793,NoiseSweep-30-20260810-15:01:29-741652,NoiseSweep,30,0,0,sha3,10,0.03,bch255-91-25\,,3,static,100.0,300.0,100.0,300.0,0.0,1.493821,module=UavAuthNetwork.uav[3]; config=NoiseSweep
1794,NoiseSweep-30-20260810-15:01:29-741652,NoiseSweep,30,0,0,sha3,10,0.03,bch255-91-25\,,4,static,275.0,300.0,275.0,300.0,0.0,1.53788,module=UavAuthNetwork.uav[4]; config=NoiseSweep
1795,NoiseSweep-30-20260810-15:01:29-741652,NoiseSweep,30,0,0,sha3,10,0.03,bch255-91-25\,,5,static,450.0,300.0,450.0,300.0,0.0,1.485893,module=UavAuthNetwork.uav[5]; config=NoiseSweep
1796,NoiseSweep-30-20260810-15:01:29-741652,NoiseSweep,30,0,0,sha3,10,0.03,bch255-91-25\,,6,static,50.0,120.0,50.0,120.0,0.0,1.508843,module=UavAuthNetwork.uav[6]; config=NoiseSweep
1797,NoiseSweep-30-20260810-15:01:29-741652,NoiseSweep,30,0,0,sha3,10,0.03,bch255-91-25\,,7,static,50.0,230.0,50.0,230.0,0.0,1.481733,module=UavAuthNetwork.uav[7]; config=NoiseSweep
1798,NoiseSweep-30-20260810-15:01:29-741652,NoiseSweep,30,0,0,sha3,10,0.03,bch255-91-25\,,8,static,500.0,120.0,500.0,120.0,0.0,1.541131,module=UavAuthNetwork.uav[8]; config=NoiseSweep
1799,NoiseSweep-30-20260810-15:01:29-741652,NoiseSweep,30,0,0,sha3,10,0.03,bch255-91-25\,,9,static,500.0,230.0,500.0,230.0,0.0,1.499146,module=UavAuthNetwork.uav[9]; config=NoiseSweep
1800,NoiseSweep-31-20260810-15:01:30-741652,NoiseSweep,31,1,1,sha3,10,0.03,bch255-91-25\,,0,static,100.0,50.0,100.0,50.0,0.0,1.483483,module=UavAuthNetwork.uav[0]; config=NoiseSweep
1801,NoiseSweep-31-20260810-15:01:30-741652,NoiseSweep,31,1,1,sha3,10,0.03,bch255-91-25\,,1,static,275.0,50.0,275.0,50.0,0.0,1.496314,module=UavAuthNetwork.uav[1]; config=NoiseSweep
1802,NoiseSweep-31-20260810-15:01:30-741652,NoiseSweep,31,1,1,sha3,10,0.03,bch255-91-25\,,2,static,450.0,50.0,450.0,50.0,0.0,1.51139,module=UavAuthNetwork.uav[2]; config=NoiseSweep
1803,NoiseSweep-31-20260810-15:01:30-741652,NoiseSweep,31,1,1,sha3,10,0.03,bch255-91-25\,,3,static,100.0,300.0,100.0,300.0,0.0,1.492483,module=UavAuthNetwork.uav[3]; config=NoiseSweep
1804,NoiseSweep-31-20260810-15:01:30-741652,NoiseSweep,31,1,1,sha3,10,0.03,bch255-91-25\,,4,static,275.0,300.0,275.0,300.0,0.0,1.51278,module=UavAuthNetwork.uav[4]; config=NoiseSweep
1805,NoiseSweep-31-20260810-15:01:30-741652,NoiseSweep,31,1,1,sha3,10,0.03,bch255-91-25\,,5,static,450.0,300.0,450.0,300.0,0.0,1.483981,module=UavAuthNetwork.uav[5]; config=NoiseSweep
1806,NoiseSweep-31-20260810-15:01:30-741652,NoiseSweep,31,1,1,sha3,10,0.03,bch255-91-25\,,6,static,50.0,120.0,50.0,120.0,0.0,1.560162,module=UavAuthNetwork.uav[6]; config=NoiseSweep
1807,NoiseSweep-31-20260810-15:01:30-741652,NoiseSweep,31,1,1,sha3,10,0.03,bch255-91-25\,,7,static,50.0,230.0,50.0,230.0,0.0,1.507122,module=UavAuthNetwork.uav[7]; config=NoiseSweep
1808,NoiseSweep-31-20260810-15:01:30-741652,NoiseSweep,31,1,1,sha3,10,0.03,bch255-91-25\,,8,static,500.0,120.0,500.0,120.0,0.0,1.55149,module=UavAuthNetwork.uav[8]; config=NoiseSweep
1809,NoiseSweep-31-20260810-15:01:30-741652,NoiseSweep,31,1,1,sha3,10,0.03,bch255-91-25\,,9,static,500.0,230.0,500.0,230.0,0.0,1.483228,module=UavAuthNetwork.uav[9]; config=NoiseSweep
1810,NoiseSweep-32-20260810-15:01:30-741652,NoiseSweep,32,2,2,sha3,10,0.03,bch255-91-25\,,0,static,100.0,50.0,100.0,50.0,0.0,1.513523,module=UavAuthNetwork.uav[0]; config=NoiseSweep
1811,NoiseSweep-32-20260810-15:01:30-741652,NoiseSweep,32,2,2,sha3,10,0.03,bch255-91-25\,,1,static,275.0,50.0,275.0,50.0,0.0,1.502978,module=UavAuthNetwork.uav[1]; config=NoiseSweep
1812,NoiseSweep-32-20260810-15:01:30-741652,NoiseSweep,32,2,2,sha3,10,0.03,bch255-91-25\,,2,static,450.0,50.0,450.0,50.0,0.0,1.502133,module=UavAuthNetwork.uav[2]; config=NoiseSweep
1813,NoiseSweep-32-20260810-15:01:30-741652,NoiseSweep,32,2,2,sha3,10,0.03,bch255-91-25\,,3,static,100.0,300.0,100.0,300.0,0.0,1.493998,module=UavAuthNetwork.uav[3]; config=NoiseSweep
1814,NoiseSweep-32-20260810-15:01:30-741652,NoiseSweep,32,2,2,sha3,10,0.03,bch255-91-25\,,4,static,275.0,300.0,275.0,300.0,0.0,1.495697,module=UavAuthNetwork.uav[4]; config=NoiseSweep
1815,NoiseSweep-32-20260810-15:01:30-741652,NoiseSweep,32,2,2,sha3,10,0.03,bch255-91-25\,,5,static,450.0,300.0,450.0,300.0,0.0,1.533486,module=UavAuthNetwork.uav[5]; config=NoiseSweep
1816,NoiseSweep-32-20260810-15:01:30-741652,NoiseSweep,32,2,2,sha3,10,0.03,bch255-91-25\,,6,static,50.0,120.0,50.0,120.0,0.0,1.484019,module=UavAuthNetwork.uav[6]; config=NoiseSweep
1817,NoiseSweep-32-20260810-15:01:30-741652,NoiseSweep,32,2,2,sha3,10,0.03,bch255-91-25\,,7,static,50.0,230.0,50.0,230.0,0.0,1.519149,module=UavAuthNetwork.uav[7]; config=NoiseSweep
1818,NoiseSweep-32-20260810-15:01:30-741652,NoiseSweep,32,2,2,sha3,10,0.03,bch255-91-25\,,8,static,500.0,120.0,500.0,120.0,0.0,1.533456,module=UavAuthNetwork.uav[8]; config=NoiseSweep
1819,NoiseSweep-32-20260810-15:01:30-741652,NoiseSweep,32,2,2,sha3,10,0.03,bch255-91-25\,,9,static,500.0,230.0,500.0,230.0,0.0,1.482275,module=UavAuthNetwork.uav[9]; config=NoiseSweep
1820,NoiseSweep-33-20260810-15:01:31-741652,NoiseSweep,33,0,0,sha3,10,0.03,rep3-bch255-131-18\,,0,static,100.0,50.0,100.0,50.0,0.0,1.518543,module=UavAuthNetwork.uav[0]; config=NoiseSweep
1821,NoiseSweep-33-20260810-15:01:31-741652,NoiseSweep,33,0,0,sha3,10,0.03,rep3-bch255-131-18\,,1,static,275.0,50.0,275.0,50.0,0.0,1.499136,module=UavAuthNetwork.uav[1]; config=NoiseSweep
1822,NoiseSweep-33-20260810-15:01:31-741652,NoiseSweep,33,0,0,sha3,10,0.03,rep3-bch255-131-18\,,2,static,450.0,50.0,450.0,50.0,0.0,1.472252,module=UavAuthNetwork.uav[2]; config=NoiseSweep
1823,NoiseSweep-33-20260810-15:01:31-741652,NoiseSweep,33,0,0,sha3,10,0.03,rep3-bch255-131-18\,,3,static,100.0,300.0,100.0,300.0,0.0,1.493821,module=UavAuthNetwork.uav[3]; config=NoiseSweep
1824,NoiseSweep-33-20260810-15:01:31-741652,NoiseSweep,33,0,0,sha3,10,0.03,rep3-bch255-131-18\,,4,static,275.0,300.0,275.0,300.0,0.0,1.53788,module=UavAuthNetwork.uav[4]; config=NoiseSweep
1825,NoiseSweep-33-20260810-15:01:31-741652,NoiseSweep,33,0,0,sha3,10,0.03,rep3-bch255-131-18\,,5,static,450.0,300.0,450.0,300.0,0.0,1.485893,module=UavAuthNetwork.uav[5]; config=NoiseSweep
1826,NoiseSweep-33-20260810-15:01:31-741652,NoiseSweep,33,0,0,sha3,10,0.03,rep3-bch255-131-18\,,6,static,50.0,120.0,50.0,120.0,0.0,1.508843,module=UavAuthNetwork.uav[6]; config=NoiseSweep
1827,NoiseSweep-33-20260810-15:01:31-741652,NoiseSweep,33,0,0,sha3,10,0.03,rep3-bch255-131-18\,,7,static,50.0,230.0,50.0,230.0,0.0,1.481733,module=UavAuthNetwork.uav[7]; config=NoiseSweep
1828,NoiseSweep-33-20260810-15:01:31-741652,NoiseSweep,33,0,0,sha3,10,0.03,rep3-bch255-131-18\,,8,static,500.0,120.0,500.0,120.0,0.0,1.541131,module=UavAuthNetwork.uav[8]; config=NoiseSweep
1829,NoiseSweep-33-20260810-15:01:31-741652,NoiseSweep,33,0,0,sha3,10,0.03,rep3-bch255-131-18\,,9,static,500.0,230.0,500.0,230.0,0.0,1.499146,module=UavAuthNetwork.uav[9]; config=NoiseSweep
1830,NoiseSweep-34-20260810-15:01:32-741652,NoiseSweep,34,1,1,sha3,10,0.03,rep3-bch255-131-18\,,0,static,100.0,50.0,100.0,50.0,0.0,1.483483,module=UavAuthNetwork.uav[0]; config=NoiseSweep
1831,NoiseSweep-34-20260810-15:01:32-741652,NoiseSweep,34,1,1,sha3,10,0.03,rep3-bch255-131-18\,,1,static,275.0,50.0,275.0,50.0,0.0,1.496314,module=UavAuthNetwork.uav[1]; config=NoiseSweep
1832,NoiseSweep-34-20260810-15:01:32-741652,NoiseSweep,34,1,1,sha3,10,0.03,rep3-bch255-131-18\,,2,static,450.0,50.0,450.0,50.0,0.0,1.51139,module=UavAuthNetwork.uav[2]; config=NoiseSweep
1833,NoiseSweep-34-20260810-15:01:32-741652,NoiseSweep,34,1,1,sha3,10,0.03,rep3-bch255-131-18\,,3,static,100.0,300.0,100.0,300.0,0.0,1.492483,module=UavAuthNetwork.uav[3]; config=NoiseSweep
1834,NoiseSweep-34-20260810-15:01:32-741652,NoiseSweep,34,1,1,sha3,10,0.03,rep3-bch255-131-18\,,4,static,275.0,300.0,275.0,300.0,0.0,1.51278,module=UavAuthNetwork.uav[4]; config=NoiseSweep
1835,NoiseSweep-34-20260810-15:01:32-741652,NoiseSweep,34,1,1,sha3,10,0.03,rep3-bch255-131-18\,,5,static,450.0,300.0,450.0,300.0,0.0,1.483981,module=UavAuthNetwork.uav[5]; config=NoiseSweep
1836,NoiseSweep-34-20260810-15:01:32-741652,NoiseSweep,34,1,1,sha3,10,0.03,rep3-bch255-131-18\,,6,static,50.0,120.0,50.0,120.0,0.0,1.560162,module=UavAuthNetwork.uav[6]; config=NoiseSweep
1837,NoiseSweep-34-20260810-15:01:32-741652,NoiseSweep,34,1,1,sha3,10,0.03,rep3-bch255-131-18\,,7,static,50.0,230.0,50.0,230.0,0.0,1.507122,module=UavAuthNetwork.uav[7]; config=NoiseSweep
1838,NoiseSweep-34-20260810-15:01:32-741652,NoiseSweep,34,1,1,sha3,10,0.03,rep3-bch255-131-18\,,8,static,500.0,120.0,500.0,120.0,0.0,1.55149,module=UavAuthNetwork.uav[8]; config=NoiseSweep
1839,NoiseSweep-34-20260810-15:01:32-741652,NoiseSweep,34,1,1,sha3,10,0.03,rep3-bch255-131-18\,,9,static,500.0,230.0,500.0,230.0,0.0,1.483228,module=UavAuthNetwork.uav[9]; config=NoiseSweep
1840,NoiseSweep-35-20260810-15:01:32-741652,NoiseSweep,35,2,2,sha3,10,0.03,rep3-bch255-131-18\,,0,static,100.0,50.0,100.0,50.0,0.0,1.513523,module=UavAuthNetwork.uav[0]; config=NoiseSweep
1841,NoiseSweep-35-20260810-15:01:32-741652,NoiseSweep,35,2,2,sha3,10,0.03,rep3-bch255-131-18\,,1,static,275.0,50.0,275.0,50.0,0.0,1.502978,module=UavAuthNetwork.uav[1]; config=NoiseSweep
1842,NoiseSweep-35-20260810-15:01:32-741652,NoiseSweep,35,2,2,sha3,10,0.03,rep3-bch255-131-18\,,2,static,450.0,50.0,450.0,50.0,0.0,1.502133,module=UavAuthNetwork.uav[2]; config=NoiseSweep
1843,NoiseSweep-35-20260810-15:01:32-741652,NoiseSweep,35,2,2,sha3,10,0.03,rep3-bch255-131-18\,,3,static,100.0,300.0,100.0,300.0,0.0,1.493998,module=UavAuthNetwork.uav[3]; config=NoiseSweep
1844,NoiseSweep-35-20260810-15:01:32-741652,NoiseSweep,35,2,2,sha3,10,0.03,rep3-bch255-131-18\,,4,static,275.0,300.0,275.0,300.0,0.0,1.495697,module=UavAuthNetwork.uav[4]; config=NoiseSweep
1845,NoiseSweep-35-20260810-15:01:32-741652,NoiseSweep,35,2,2,sha3,10,0.03,rep3-bch255-131-18\,,5,static,450.0,300.0,450.0,300.0,0.0,1.533486,module=UavAuthNetwork.uav[5]; config=NoiseSweep
1846,NoiseSweep-35-20260810-15:01:32-741652,NoiseSweep,35,2,2,sha3,10,0.03,rep3-bch255-131-18\,,6,static,50.0,120.0,50.0,120.0,0.0,1.484019,module=UavAuthNetwork.uav[6]; config=NoiseSweep
1847,NoiseSweep-35-20260810-15:01:32-741652,NoiseSweep,35,2,2,sha3,10,0.03,rep3-bch255-131-18\,,7,static,50.0,230.0,50.0,230.0,0.0,1.519149,module=UavAuthNetwork.uav[7]; config=NoiseSweep
1848,NoiseSweep-35-20260810-15:01:32-741652,NoiseSweep,35,2,2,sha3,10,0.03,rep3-bch255-131-18\,,8,static,500.0,120.0,500.0,120.0,0.0,1.533456,module=UavAuthNetwork.uav[8]; config=NoiseSweep
1849,NoiseSweep-35-20260810-15:01:32-741652,NoiseSweep,35,2,2,sha3,10,0.03,rep3-bch255-131-18\,,9,static,500.0,230.0,500.0,230.0,0.0,1.482275,module=UavAuthNetwork.uav[9]; config=NoiseSweep
1850,NoiseSweep-36-20260810-15:01:33-741652,NoiseSweep,36,0,0,sha3,10,0.05,bch255-131-18\,,0,static,100.0,50.0,100.0,50.0,0.0,1.518543,module=UavAuthNetwork.uav[0]; config=NoiseSweep
1851,NoiseSweep-36-20260810-15:01:33-741652,NoiseSweep,36,0,0,sha3,10,0.05,bch255-131-18\,,1,static,275.0,50.0,275.0,50.0,0.0,1.499136,module=UavAuthNetwork.uav[1]; config=NoiseSweep
1852,NoiseSweep-36-20260810-15:01:33-741652,NoiseSweep,36,0,0,sha3,10,0.05,bch255-131-18\,,2,static,450.0,50.0,450.0,50.0,0.0,1.472252,module=UavAuthNetwork.uav[2]; config=NoiseSweep
1853,NoiseSweep-36-20260810-15:01:33-741652,NoiseSweep,36,0,0,sha3,10,0.05,bch255-131-18\,,3,static,100.0,300.0,100.0,300.0,0.0,1.493821,module=UavAuthNetwork.uav[3]; config=NoiseSweep
1854,NoiseSweep-36-20260810-15:01:33-741652,NoiseSweep,36,0,0,sha3,10,0.05,bch255-131-18\,,4,static,275.0,300.0,275.0,300.0,0.0,0.0,module=UavAuthNetwork.uav[4]; config=NoiseSweep
1855,NoiseSweep-36-20260810-15:01:33-741652,NoiseSweep,36,0,0,sha3,10,0.05,bch255-131-18\,,5,static,450.0,300.0,450.0,300.0,0.0,1.539081,module=UavAuthNetwork.uav[5]; config=NoiseSweep
1856,NoiseSweep-36-20260810-15:01:33-741652,NoiseSweep,36,0,0,sha3,10,0.05,bch255-131-18\,,6,static,50.0,120.0,50.0,120.0,0.0,1.486114,module=UavAuthNetwork.uav[6]; config=NoiseSweep
1857,NoiseSweep-36-20260810-15:01:33-741652,NoiseSweep,36,0,0,sha3,10,0.05,bch255-131-18\,,7,static,50.0,230.0,50.0,230.0,0.0,1.508843,module=UavAuthNetwork.uav[7]; config=NoiseSweep
1858,NoiseSweep-36-20260810-15:01:33-741652,NoiseSweep,36,0,0,sha3,10,0.05,bch255-131-18\,,8,static,500.0,120.0,500.0,120.0,0.0,1.481733,module=UavAuthNetwork.uav[8]; config=NoiseSweep
1859,NoiseSweep-36-20260810-15:01:33-741652,NoiseSweep,36,0,0,sha3,10,0.05,bch255-131-18\,,9,static,500.0,230.0,500.0,230.0,0.0,1.541131,module=UavAuthNetwork.uav[9]; config=NoiseSweep
1860,NoiseSweep-37-20260810-15:01:34-741652,NoiseSweep,37,1,1,sha3,10,0.05,bch255-131-18\,,0,static,100.0,50.0,100.0,50.0,0.0,1.483483,module=UavAuthNetwork.uav[0]; config=NoiseSweep
1861,NoiseSweep-37-20260810-15:01:34-741652,NoiseSweep,37,1,1,sha3,10,0.05,bch255-131-18\,,1,static,275.0,50.0,275.0,50.0,0.0,1.496314,module=UavAuthNetwork.uav[1]; config=NoiseSweep
1862,NoiseSweep-37-20260810-15:01:34-741652,NoiseSweep,37,1,1,sha3,10,0.05,bch255-131-18\,,2,static,450.0,50.0,450.0,50.0,0.0,1.51139,module=UavAuthNetwork.uav[2]; config=NoiseSweep
1863,NoiseSweep-37-20260810-15:01:34-741652,NoiseSweep,37,1,1,sha3,10,0.05,bch255-131-18\,,3,static,100.0,300.0,100.0,300.0,0.0,1.492483,module=UavAuthNetwork.uav[3]; config=NoiseSweep
1864,NoiseSweep-37-20260810-15:01:34-741652,NoiseSweep,37,1,1,sha3,10,0.05,bch255-131-18\,,4,static,275.0,300.0,275.0,300.0,0.0,1.51278,module=UavAuthNetwork.uav[4]; config=NoiseSweep
1865,NoiseSweep-37-20260810-15:01:34-741652,NoiseSweep,37,1,1,sha3,10,0.05,bch255-131-18\,,5,static,450.0,300.0,450.0,300.0,0.0,0.0,module=UavAuthNetwork.uav[5]; config=NoiseSweep
1866,NoiseSweep-37-20260810-15:01:34-741652,NoiseSweep,37,1,1,sha3,10,0.05,bch255-131-18\,,6,static,50.0,120.0,50.0,120.0,0.0,0.0,module=UavAuthNetwork.uav[6]; config=NoiseSweep
1867,NoiseSweep-37-20260810-15:01:34-741652,NoiseSweep,37,1,1,sha3,10,0.05,bch255-131-18\,,7,static,50.0,230.0,50.0,230.0,0.0,1.484202,module=UavAuthNetwork.uav[7]; config=NoiseSweep
1868,NoiseSweep-37-20260810-15:01:34-741652,NoiseSweep,37,1,1,sha3,10,0.05,bch255-131-18\,,8,static,500.0,120.0,500.0,120.0,0.0,1.560162,module=UavAuthNetwork.uav[8]; config=NoiseSweep
1869,NoiseSweep-37-20260810-15:01:34-741652,NoiseSweep,37,1,1,sha3,10,0.05,bch255-131-18\,,9,static,500.0,230.0,500.0,230.0,0.0,0.0,module=UavAuthNetwork.uav[9]; config=NoiseSweep
1870,NoiseSweep-38-20260810-15:01:34-741652,NoiseSweep,38,2,2,sha3,10,0.05,bch255-131-18\,,0,static,100.0,50.0,100.0,50.0,0.0,1.513523,module=UavAuthNetwork.uav[0]; config=NoiseSweep
1871,NoiseSweep-38-20260810-15:01:34-741652,NoiseSweep,38,2,2,sha3,10,0.05,bch255-131-18\,,1,static,275.0,50.0,275.0,50.0,0.0,1.502978,module=UavAuthNetwork.uav[1]; config=NoiseSweep
1872,NoiseSweep-38-20260810-15:01:34-741652,NoiseSweep,38,2,2,sha3,10,0.05,bch255-131-18\,,2,static,450.0,50.0,450.0,50.0,0.0,0.0,module=UavAuthNetwork.uav[2]; config=NoiseSweep
1873,NoiseSweep-38-20260810-15:01:34-741652,NoiseSweep,38,2,2,sha3,10,0.05,bch255-131-18\,,3,static,100.0,300.0,100.0,300.0,0.0,1.502133,module=UavAuthNetwork.uav[3]; config=NoiseSweep
1874,NoiseSweep-38-20260810-15:01:34-741652,NoiseSweep,38,2,2,sha3,10,0.05,bch255-131-18\,,4,static,275.0,300.0,275.0,300.0,0.0,1.492796,module=UavAuthNetwork.uav[4]; config=NoiseSweep
1875,NoiseSweep-38-20260810-15:01:34-741652,NoiseSweep,38,2,2,sha3,10,0.05,bch255-131-18\,,5,static,450.0,300.0,450.0,300.0,0.0,1.496899,module=UavAuthNetwork.uav[5]; config=NoiseSweep
1876,NoiseSweep-38-20260810-15:01:34-741652,NoiseSweep,38,2,2,sha3,10,0.05,bch255-131-18\,,6,static,50.0,120.0,50.0,120.0,0.0,1.533707,module=UavAuthNetwork.uav[6]; config=NoiseSweep
1877,NoiseSweep-38-20260810-15:01:34-741652,NoiseSweep,38,2,2,sha3,10,0.05,bch255-131-18\,,7,static,50.0,230.0,50.0,230.0,0.0,1.484019,module=UavAuthNetwork.uav[7]; config=NoiseSweep
1878,NoiseSweep-38-20260810-15:01:34-741652,NoiseSweep,38,2,2,sha3,10,0.05,bch255-131-18\,,8,static,500.0,120.0,500.0,120.0,0.0,1.519149,module=UavAuthNetwork.uav[8]; config=NoiseSweep
1879,NoiseSweep-38-20260810-15:01:34-741652,NoiseSweep,38,2,2,sha3,10,0.05,bch255-131-18\,,9,static,500.0,230.0,500.0,230.0,0.0,1.533456,module=UavAuthNetwork.uav[9]; config=NoiseSweep
1880,NoiseSweep-39-20260810-15:01:35-741652,NoiseSweep,39,0,0,sha3,10,0.05,bch255-91-25\,,0,static,100.0,50.0,100.0,50.0,0.0,1.518543,module=UavAuthNetwork.uav[0]; config=NoiseSweep
1881,NoiseSweep-39-20260810-15:01:35-741652,NoiseSweep,39,0,0,sha3,10,0.05,bch255-91-25\,,1,static,275.0,50.0,275.0,50.0,0.0,1.499136,module=UavAuthNetwork.uav[1]; config=NoiseSweep
1882,NoiseSweep-39-20260810-15:01:35-741652,NoiseSweep,39,0,0,sha3,10,0.05,bch255-91-25\,,2,static,450.0,50.0,450.0,50.0,0.0,1.472252,module=UavAuthNetwork.uav[2]; config=NoiseSweep
1883,NoiseSweep-39-20260810-15:01:35-741652,NoiseSweep,39,0,0,sha3,10,0.05,bch255-91-25\,,3,static,100.0,300.0,100.0,300.0,0.0,1.493821,module=UavAuthNetwork.uav[3]; config=NoiseSweep
1884,NoiseSweep-39-20260810-15:01:35-741652,NoiseSweep,39,0,0,sha3,10,0.05,bch255-91-25\,,4,static,275.0,300.0,275.0,300.0,0.0,1.53788,module=UavAuthNetwork.uav[4]; config=NoiseSweep
1885,NoiseSweep-39-20260810-15:01:35-741652,NoiseSweep,39,0,0,sha3,10,0.05,bch255-91-25\,,5,static,450.0,300.0,450.0,300.0,0.0,1.485893,module=UavAuthNetwork.uav[5]; config=NoiseSweep
1886,NoiseSweep-39-20260810-15:01:35-741652,NoiseSweep,39,0,0,sha3,10,0.05,bch255-91-25\,,6,static,50.0,120.0,50.0,120.0,0.0,1.508843,module=UavAuthNetwork.uav[6]; config=NoiseSweep
1887,NoiseSweep-39-20260810-15:01:35-741652,NoiseSweep,39,0,0,sha3,10,0.05,bch255-91-25\,,7,static,50.0,230.0,50.0,230.0,0.0,1.481733,module=UavAuthNetwork.uav[7]; config=NoiseSweep
1888,NoiseSweep-39-20260810-15:01:35-741652,NoiseSweep,39,0,0,sha3,10,0.05,bch255-91-25\,,8,static,500.0,120.0,500.0,120.0,0.0,1.541131,module=UavAuthNetwork.uav[8]; config=NoiseSweep
1889,NoiseSweep-39-20260810-15:01:35-741652,NoiseSweep,39,0,0,sha3,10,0.05,bch255-91-25\,,9,static,500.0,230.0,500.0,230.0,0.0,1.499146,module=UavAuthNetwork.uav[9]; config=NoiseSweep
1890,NoiseSweep-4-20260810-15:01:18-741652,NoiseSweep,4,1,1,sha3,10,0.0,bch255-91-25\,,0,static,100.0,50.0,100.0,50.0,0.0,1.483483,module=UavAuthNetwork.uav[0]; config=NoiseSweep
1891,NoiseSweep-4-20260810-15:01:18-741652,NoiseSweep,4,1,1,sha3,10,0.0,bch255-91-25\,,1,static,275.0,50.0,275.0,50.0,0.0,1.496314,module=UavAuthNetwork.uav[1]; config=NoiseSweep
1892,NoiseSweep-4-20260810-15:01:18-741652,NoiseSweep,4,1,1,sha3,10,0.0,bch255-91-25\,,2,static,450.0,50.0,450.0,50.0,0.0,1.51139,module=UavAuthNetwork.uav[2]; config=NoiseSweep
1893,NoiseSweep-4-20260810-15:01:18-741652,NoiseSweep,4,1,1,sha3,10,0.0,bch255-91-25\,,3,static,100.0,300.0,100.0,300.0,0.0,1.492483,module=UavAuthNetwork.uav[3]; config=NoiseSweep
1894,NoiseSweep-4-20260810-15:01:18-741652,NoiseSweep,4,1,1,sha3,10,0.0,bch255-91-25\,,4,static,275.0,300.0,275.0,300.0,0.0,1.51278,module=UavAuthNetwork.uav[4]; config=NoiseSweep
1895,NoiseSweep-4-20260810-15:01:18-741652,NoiseSweep,4,1,1,sha3,10,0.0,bch255-91-25\,,5,static,450.0,300.0,450.0,300.0,0.0,1.483981,module=UavAuthNetwork.uav[5]; config=NoiseSweep
1896,NoiseSweep-4-20260810-15:01:18-741652,NoiseSweep,4,1,1,sha3,10,0.0,bch255-91-25\,,6,static,50.0,120.0,50.0,120.0,0.0,1.560162,module=UavAuthNetwork.uav[6]; config=NoiseSweep
1897,NoiseSweep-4-20260810-15:01:18-741652,NoiseSweep,4,1,1,sha3,10,0.0,bch255-91-25\,,7,static,50.0,230.0,50.0,230.0,0.0,1.507122,module=UavAuthNetwork.uav[7]; config=NoiseSweep
1898,NoiseSweep-4-20260810-15:01:18-741652,NoiseSweep,4,1,1,sha3,10,0.0,bch255-91-25\,,8,static,500.0,120.0,500.0,120.0,0.0,1.55149,module=UavAuthNetwork.uav[8]; config=NoiseSweep
1899,NoiseSweep-4-20260810-15:01:18-741652,NoiseSweep,4,1,1,sha3,10,0.0,bch255-91-25\,,9,static,500.0,230.0,500.0,230.0,0.0,1.483228,module=UavAuthNetwork.uav[9]; config=NoiseSweep
1900,NoiseSweep-40-20260810-15:01:36-741652,NoiseSweep,40,1,1,sha3,10,0.05,bch255-91-25\,,0,static,100.0,50.0,100.0,50.0,0.0,1.483483,module=UavAuthNetwork.uav[0]; config=NoiseSweep
1901,NoiseSweep-40-20260810-15:01:36-741652,NoiseSweep,40,1,1,sha3,10,0.05,bch255-91-25\,,1,static,275.0,50.0,275.0,50.0,0.0,1.496314,module=UavAuthNetwork.uav[1]; config=NoiseSweep
1902,NoiseSweep-40-20260810-15:01:36-741652,NoiseSweep,40,1,1,sha3,10,0.05,bch255-91-25\,,2,static,450.0,50.0,450.0,50.0,0.0,1.51139,module=UavAuthNetwork.uav[2]; config=NoiseSweep
1903,NoiseSweep-40-20260810-15:01:36-741652,NoiseSweep,40,1,1,sha3,10,0.05,bch255-91-25\,,3,static,100.0,300.0,100.0,300.0,0.0,1.492483,module=UavAuthNetwork.uav[3]; config=NoiseSweep
1904,NoiseSweep-40-20260810-15:01:36-741652,NoiseSweep,40,1,1,sha3,10,0.05,bch255-91-25\,,4,static,275.0,300.0,275.0,300.0,0.0,1.51278,module=UavAuthNetwork.uav[4]; config=NoiseSweep
1905,NoiseSweep-40-20260810-15:01:36-741652,NoiseSweep,40,1,1,sha3,10,0.05,bch255-91-25\,,5,static,450.0,300.0,450.0,300.0,0.0,1.483981,module=UavAuthNetwork.uav[5]; config=NoiseSweep
1906,NoiseSweep-40-20260810-15:01:36-741652,NoiseSweep,40,1,1,sha3,10,0.05,bch255-91-25\,,6,static,50.0,120.0,50.0,120.0,0.0,1.560162,module=UavAuthNetwork.uav[6]; config=NoiseSweep
1907,NoiseSweep-40-20260810-15:01:36-741652,NoiseSweep,40,1,1,sha3,10,0.05,bch255-91-25\,,7,static,50.0,230.0,50.0,230.0,0.0,1.507122,module=UavAuthNetwork.uav[7]; config=NoiseSweep
1908,NoiseSweep-40-20260810-15:01:36-741652,NoiseSweep,40,1,1,sha3,10,0.05,bch255-91-25\,,8,static,500.0,120.0,500.0,120.0,0.0,1.55149,module=UavAuthNetwork.uav[8]; config=NoiseSweep
1909,NoiseSweep-40-20260810-15:01:36-741652,NoiseSweep,40,1,1,sha3,10,0.05,bch255-91-25\,,9,static,500.0,230.0,500.0,230.0,0.0,1.483228,module=UavAuthNetwork.uav[9]; config=NoiseSweep
1910,NoiseSweep-41-20260810-15:01:37-741652,NoiseSweep,41,2,2,sha3,10,0.05,bch255-91-25\,,0,static,100.0,50.0,100.0,50.0,0.0,1.513523,module=UavAuthNetwork.uav[0]; config=NoiseSweep
1911,NoiseSweep-41-20260810-15:01:37-741652,NoiseSweep,41,2,2,sha3,10,0.05,bch255-91-25\,,1,static,275.0,50.0,275.0,50.0,0.0,1.502978,module=UavAuthNetwork.uav[1]; config=NoiseSweep
1912,NoiseSweep-41-20260810-15:01:37-741652,NoiseSweep,41,2,2,sha3,10,0.05,bch255-91-25\,,2,static,450.0,50.0,450.0,50.0,0.0,1.502133,module=UavAuthNetwork.uav[2]; config=NoiseSweep
1913,NoiseSweep-41-20260810-15:01:37-741652,NoiseSweep,41,2,2,sha3,10,0.05,bch255-91-25\,,3,static,100.0,300.0,100.0,300.0,0.0,1.493998,module=UavAuthNetwork.uav[3]; config=NoiseSweep
1914,NoiseSweep-41-20260810-15:01:37-741652,NoiseSweep,41,2,2,sha3,10,0.05,bch255-91-25\,,4,static,275.0,300.0,275.0,300.0,0.0,1.495697,module=UavAuthNetwork.uav[4]; config=NoiseSweep
1915,NoiseSweep-41-20260810-15:01:37-741652,NoiseSweep,41,2,2,sha3,10,0.05,bch255-91-25\,,5,static,450.0,300.0,450.0,300.0,0.0,1.533486,module=UavAuthNetwork.uav[5]; config=NoiseSweep
1916,NoiseSweep-41-20260810-15:01:37-741652,NoiseSweep,41,2,2,sha3,10,0.05,bch255-91-25\,,6,static,50.0,120.0,50.0,120.0,0.0,1.484019,module=UavAuthNetwork.uav[6]; config=NoiseSweep
1917,NoiseSweep-41-20260810-15:01:37-741652,NoiseSweep,41,2,2,sha3,10,0.05,bch255-91-25\,,7,static,50.0,230.0,50.0,230.0,0.0,1.519149,module=UavAuthNetwork.uav[7]; config=NoiseSweep
1918,NoiseSweep-41-20260810-15:01:37-741652,NoiseSweep,41,2,2,sha3,10,0.05,bch255-91-25\,,8,static,500.0,120.0,500.0,120.0,0.0,1.533456,module=UavAuthNetwork.uav[8]; config=NoiseSweep
1919,NoiseSweep-41-20260810-15:01:37-741652,NoiseSweep,41,2,2,sha3,10,0.05,bch255-91-25\,,9,static,500.0,230.0,500.0,230.0,0.0,1.482275,module=UavAuthNetwork.uav[9]; config=NoiseSweep
1920,NoiseSweep-42-20260810-15:01:37-741652,NoiseSweep,42,0,0,sha3,10,0.05,rep3-bch255-131-18\,,0,static,100.0,50.0,100.0,50.0,0.0,1.518543,module=UavAuthNetwork.uav[0]; config=NoiseSweep
1921,NoiseSweep-42-20260810-15:01:37-741652,NoiseSweep,42,0,0,sha3,10,0.05,rep3-bch255-131-18\,,1,static,275.0,50.0,275.0,50.0,0.0,1.499136,module=UavAuthNetwork.uav[1]; config=NoiseSweep
1922,NoiseSweep-42-20260810-15:01:37-741652,NoiseSweep,42,0,0,sha3,10,0.05,rep3-bch255-131-18\,,2,static,450.0,50.0,450.0,50.0,0.0,1.472252,module=UavAuthNetwork.uav[2]; config=NoiseSweep
1923,NoiseSweep-42-20260810-15:01:37-741652,NoiseSweep,42,0,0,sha3,10,0.05,rep3-bch255-131-18\,,3,static,100.0,300.0,100.0,300.0,0.0,1.493821,module=UavAuthNetwork.uav[3]; config=NoiseSweep
1924,NoiseSweep-42-20260810-15:01:37-741652,NoiseSweep,42,0,0,sha3,10,0.05,rep3-bch255-131-18\,,4,static,275.0,300.0,275.0,300.0,0.0,1.53788,module=UavAuthNetwork.uav[4]; config=NoiseSweep
1925,NoiseSweep-42-20260810-15:01:37-741652,NoiseSweep,42,0,0,sha3,10,0.05,rep3-bch255-131-18\,,5,static,450.0,300.0,450.0,300.0,0.0,1.485893,module=UavAuthNetwork.uav[5]; config=NoiseSweep
1926,NoiseSweep-42-20260810-15:01:37-741652,NoiseSweep,42,0,0,sha3,10,0.05,rep3-bch255-131-18\,,6,static,50.0,120.0,50.0,120.0,0.0,1.508843,module=UavAuthNetwork.uav[6]; config=NoiseSweep
1927,NoiseSweep-42-20260810-15:01:37-741652,NoiseSweep,42,0,0,sha3,10,0.05,rep3-bch255-131-18\,,7,static,50.0,230.0,50.0,230.0,0.0,1.481733,module=UavAuthNetwork.uav[7]; config=NoiseSweep
1928,NoiseSweep-42-20260810-15:01:37-741652,NoiseSweep,42,0,0,sha3,10,0.05,rep3-bch255-131-18\,,8,static,500.0,120.0,500.0,120.0,0.0,1.541131,module=UavAuthNetwork.uav[8]; config=NoiseSweep
1929,NoiseSweep-42-20260810-15:01:37-741652,NoiseSweep,42,0,0,sha3,10,0.05,rep3-bch255-131-18\,,9,static,500.0,230.0,500.0,230.0,0.0,1.499146,module=UavAuthNetwork.uav[9]; config=NoiseSweep
1930,NoiseSweep-43-20260810-15:01:38-741652,NoiseSweep,43,1,1,sha3,10,0.05,rep3-bch255-131-18\,,0,static,100.0,50.0,100.0,50.0,0.0,1.483483,module=UavAuthNetwork.uav[0]; config=NoiseSweep
1931,NoiseSweep-43-20260810-15:01:38-741652,NoiseSweep,43,1,1,sha3,10,0.05,rep3-bch255-131-18\,,1,static,275.0,50.0,275.0,50.0,0.0,1.496314,module=UavAuthNetwork.uav[1]; config=NoiseSweep
1932,NoiseSweep-43-20260810-15:01:38-741652,NoiseSweep,43,1,1,sha3,10,0.05,rep3-bch255-131-18\,,2,static,450.0,50.0,450.0,50.0,0.0,1.51139,module=UavAuthNetwork.uav[2]; config=NoiseSweep
1933,NoiseSweep-43-20260810-15:01:38-741652,NoiseSweep,43,1,1,sha3,10,0.05,rep3-bch255-131-18\,,3,static,100.0,300.0,100.0,300.0,0.0,1.492483,module=UavAuthNetwork.uav[3]; config=NoiseSweep
1934,NoiseSweep-43-20260810-15:01:38-741652,NoiseSweep,43,1,1,sha3,10,0.05,rep3-bch255-131-18\,,4,static,275.0,300.0,275.0,300.0,0.0,1.51278,module=UavAuthNetwork.uav[4]; config=NoiseSweep
1935,NoiseSweep-43-20260810-15:01:38-741652,NoiseSweep,43,1,1,sha3,10,0.05,rep3-bch255-131-18\,,5,static,450.0,300.0,450.0,300.0,0.0,1.483981,module=UavAuthNetwork.uav[5]; config=NoiseSweep
1936,NoiseSweep-43-20260810-15:01:38-741652,NoiseSweep,43,1,1,sha3,10,0.05,rep3-bch255-131-18\,,6,static,50.0,120.0,50.0,120.0,0.0,1.560162,module=UavAuthNetwork.uav[6]; config=NoiseSweep
1937,NoiseSweep-43-20260810-15:01:38-741652,NoiseSweep,43,1,1,sha3,10,0.05,rep3-bch255-131-18\,,7,static,50.0,230.0,50.0,230.0,0.0,1.507122,module=UavAuthNetwork.uav[7]; config=NoiseSweep
1938,NoiseSweep-43-20260810-15:01:38-741652,NoiseSweep,43,1,1,sha3,10,0.05,rep3-bch255-131-18\,,8,static,500.0,120.0,500.0,120.0,0.0,1.55149,module=UavAuthNetwork.uav[8]; config=NoiseSweep
1939,NoiseSweep-43-20260810-15:01:38-741652,NoiseSweep,43,1,1,sha3,10,0.05,rep3-bch255-131-18\,,9,static,500.0,230.0,500.0,230.0,0.0,1.483228,module=UavAuthNetwork.uav[9]; config=NoiseSweep
1940,NoiseSweep-44-20260810-15:01:39-741652,NoiseSweep,44,2,2,sha3,10,0.05,rep3-bch255-131-18\,,0,static,100.0,50.0,100.0,50.0,0.0,1.513523,module=UavAuthNetwork.uav[0]; config=NoiseSweep
1941,NoiseSweep-44-20260810-15:01:39-741652,NoiseSweep,44,2,2,sha3,10,0.05,rep3-bch255-131-18\,,1,static,275.0,50.0,275.0,50.0,0.0,1.502978,module=UavAuthNetwork.uav[1]; config=NoiseSweep
1942,NoiseSweep-44-20260810-15:01:39-741652,NoiseSweep,44,2,2,sha3,10,0.05,rep3-bch255-131-18\,,2,static,450.0,50.0,450.0,50.0,0.0,1.502133,module=UavAuthNetwork.uav[2]; config=NoiseSweep
1943,NoiseSweep-44-20260810-15:01:39-741652,NoiseSweep,44,2,2,sha3,10,0.05,rep3-bch255-131-18\,,3,static,100.0,300.0,100.0,300.0,0.0,1.493998,module=UavAuthNetwork.uav[3]; config=NoiseSweep
1944,NoiseSweep-44-20260810-15:01:39-741652,NoiseSweep,44,2,2,sha3,10,0.05,rep3-bch255-131-18\,,4,static,275.0,300.0,275.0,300.0,0.0,1.495697,module=UavAuthNetwork.uav[4]; config=NoiseSweep
1945,NoiseSweep-44-20260810-15:01:39-741652,NoiseSweep,44,2,2,sha3,10,0.05,rep3-bch255-131-18\,,5,static,450.0,300.0,450.0,300.0,0.0,1.533486,module=UavAuthNetwork.uav[5]; config=NoiseSweep
1946,NoiseSweep-44-20260810-15:01:39-741652,NoiseSweep,44,2,2,sha3,10,0.05,rep3-bch255-131-18\,,6,static,50.0,120.0,50.0,120.0,0.0,1.484019,module=UavAuthNetwork.uav[6]; config=NoiseSweep
1947,NoiseSweep-44-20260810-15:01:39-741652,NoiseSweep,44,2,2,sha3,10,0.05,rep3-bch255-131-18\,,7,static,50.0,230.0,50.0,230.0,0.0,1.519149,module=UavAuthNetwork.uav[7]; config=NoiseSweep
1948,NoiseSweep-44-20260810-15:01:39-741652,NoiseSweep,44,2,2,sha3,10,0.05,rep3-bch255-131-18\,,8,static,500.0,120.0,500.0,120.0,0.0,1.533456,module=UavAuthNetwork.uav[8]; config=NoiseSweep
1949,NoiseSweep-44-20260810-15:01:39-741652,NoiseSweep,44,2,2,sha3,10,0.05,rep3-bch255-131-18\,,9,static,500.0,230.0,500.0,230.0,0.0,1.482275,module=UavAuthNetwork.uav[9]; config=NoiseSweep
1950,NoiseSweep-45-20260810-15:01:40-741652,NoiseSweep,45,0,0,sha3,10,0.07,bch255-131-18\,,0,static,100.0,50.0,100.0,50.0,0.0,0.0,module=UavAuthNetwork.uav[0]; config=NoiseSweep
1951,NoiseSweep-45-20260810-15:01:40-741652,NoiseSweep,45,0,0,sha3,10,0.07,bch255-131-18\,,1,static,275.0,50.0,275.0,50.0,0.0,0.0,module=UavAuthNetwork.uav[1]; config=NoiseSweep
1952,NoiseSweep-45-20260810-15:01:40-741652,NoiseSweep,45,0,0,sha3,10,0.07,bch255-131-18\,,2,static,450.0,50.0,450.0,50.0,0.0,0.0,module=UavAuthNetwork.uav[2]; config=NoiseSweep
1953,NoiseSweep-45-20260810-15:01:40-741652,NoiseSweep,45,0,0,sha3,10,0.07,bch255-131-18\,,3,static,100.0,300.0,100.0,300.0,0.0,1.518543,module=UavAuthNetwork.uav[3]; config=NoiseSweep
1954,NoiseSweep-45-20260810-15:01:40-741652,NoiseSweep,45,0,0,sha3,10,0.07,bch255-131-18\,,4,static,275.0,300.0,275.0,300.0,0.0,0.0,module=UavAuthNetwork.uav[4]; config=NoiseSweep
1955,NoiseSweep-45-20260810-15:01:40-741652,NoiseSweep,45,0,0,sha3,10,0.07,bch255-131-18\,,5,static,450.0,300.0,450.0,300.0,0.0,0.0,module=UavAuthNetwork.uav[5]; config=NoiseSweep
1956,NoiseSweep-45-20260810-15:01:40-741652,NoiseSweep,45,0,0,sha3,10,0.07,bch255-131-18\,,6,static,50.0,120.0,50.0,120.0,0.0,0.0,module=UavAuthNetwork.uav[6]; config=NoiseSweep
1957,NoiseSweep-45-20260810-15:01:40-741652,NoiseSweep,45,0,0,sha3,10,0.07,bch255-131-18\,,7,static,50.0,230.0,50.0,230.0,0.0,0.0,module=UavAuthNetwork.uav[7]; config=NoiseSweep
1958,NoiseSweep-45-20260810-15:01:40-741652,NoiseSweep,45,0,0,sha3,10,0.07,bch255-131-18\,,8,static,500.0,120.0,500.0,120.0,0.0,0.0,module=UavAuthNetwork.uav[8]; config=NoiseSweep
1959,NoiseSweep-45-20260810-15:01:40-741652,NoiseSweep,45,0,0,sha3,10,0.07,bch255-131-18\,,9,static,500.0,230.0,500.0,230.0,0.0,0.0,module=UavAuthNetwork.uav[9]; config=NoiseSweep
1960,NoiseSweep-46-20260810-15:01:40-741652,NoiseSweep,46,1,1,sha3,10,0.07,bch255-131-18\,,0,static,100.0,50.0,100.0,50.0,0.0,1.483483,module=UavAuthNetwork.uav[0]; config=NoiseSweep
1961,NoiseSweep-46-20260810-15:01:40-741652,NoiseSweep,46,1,1,sha3,10,0.07,bch255-131-18\,,1,static,275.0,50.0,275.0,50.0,0.0,0.0,module=UavAuthNetwork.uav[1]; config=NoiseSweep
1962,NoiseSweep-46-20260810-15:01:40-741652,NoiseSweep,46,1,1,sha3,10,0.07,bch255-131-18\,,2,static,450.0,50.0,450.0,50.0,0.0,0.0,module=UavAuthNetwork.uav[2]; config=NoiseSweep
1963,NoiseSweep-46-20260810-15:01:40-741652,NoiseSweep,46,1,1,sha3,10,0.07,bch255-131-18\,,3,static,100.0,300.0,100.0,300.0,0.0,1.497516,module=UavAuthNetwork.uav[3]; config=NoiseSweep
1964,NoiseSweep-46-20260810-15:01:40-741652,NoiseSweep,46,1,1,sha3,10,0.07,bch255-131-18\,,4,static,275.0,300.0,275.0,300.0,0.0,0.0,module=UavAuthNetwork.uav[4]; config=NoiseSweep
1965,NoiseSweep-46-20260810-15:01:40-741652,NoiseSweep,46,1,1,sha3,10,0.07,bch255-131-18\,,5,static,450.0,300.0,450.0,300.0,0.0,0.0,module=UavAuthNetwork.uav[5]; config=NoiseSweep
1966,NoiseSweep-46-20260810-15:01:40-741652,NoiseSweep,46,1,1,sha3,10,0.07,bch255-131-18\,,6,static,50.0,120.0,50.0,120.0,0.0,0.0,module=UavAuthNetwork.uav[6]; config=NoiseSweep
1967,NoiseSweep-46-20260810-15:01:40-741652,NoiseSweep,46,1,1,sha3,10,0.07,bch255-131-18\,,7,static,50.0,230.0,50.0,230.0,0.0,0.0,module=UavAuthNetwork.uav[7]; config=NoiseSweep
1968,NoiseSweep-46-20260810-15:01:40-741652,NoiseSweep,46,1,1,sha3,10,0.07,bch255-131-18\,,8,static,500.0,120.0,500.0,120.0,0.0,1.511611,module=UavAuthNetwork.uav[8]; config=NoiseSweep
1969,NoiseSweep-46-20260810-15:01:40-741652,NoiseSweep,46,1,1,sha3,10,0.07,bch255-131-18\,,9,static,500.0,230.0,500.0,230.0,0.0,0.0,module=UavAuthNetwork.uav[9]; config=NoiseSweep
1970,NoiseSweep-47-20260810-15:01:41-741652,NoiseSweep,47,2,2,sha3,10,0.07,bch255-131-18\,,0,static,100.0,50.0,100.0,50.0,0.0,1.513523,module=UavAuthNetwork.uav[0]; config=NoiseSweep
1971,NoiseSweep-47-20260810-15:01:41-741652,NoiseSweep,47,2,2,sha3,10,0.07,bch255-131-18\,,1,static,275.0,50.0,275.0,50.0,0.0,0.0,module=UavAuthNetwork.uav[1]; config=NoiseSweep
1972,NoiseSweep-47-20260810-15:01:41-741652,NoiseSweep,47,2,2,sha3,10,0.07,bch255-131-18\,,2,static,450.0,50.0,450.0,50.0,0.0,0.0,module=UavAuthNetwork.uav[2]; config=NoiseSweep
1973,NoiseSweep-47-20260810-15:01:41-741652,NoiseSweep,47,2,2,sha3,10,0.07,bch255-131-18\,,3,static,100.0,300.0,100.0,300.0,0.0,1.504179,module=UavAuthNetwork.uav[3]; config=NoiseSweep
1974,NoiseSweep-47-20260810-15:01:41-741652,NoiseSweep,47,2,2,sha3,10,0.07,bch255-131-18\,,4,static,275.0,300.0,275.0,300.0,0.0,0.0,module=UavAuthNetwork.uav[4]; config=NoiseSweep
1975,NoiseSweep-47-20260810-15:01:41-741652,NoiseSweep,47,2,2,sha3,10,0.07,bch255-131-18\,,5,static,450.0,300.0,450.0,300.0,0.0,0.0,module=UavAuthNetwork.uav[5]; config=NoiseSweep
1976,NoiseSweep-47-20260810-15:01:41-741652,NoiseSweep,47,2,2,sha3,10,0.07,bch255-131-18\,,6,static,50.0,120.0,50.0,120.0,0.0,0.0,module=UavAuthNetwork.uav[6]; config=NoiseSweep
1977,NoiseSweep-47-20260810-15:01:41-741652,NoiseSweep,47,2,2,sha3,10,0.07,bch255-131-18\,,7,static,50.0,230.0,50.0,230.0,0.0,0.0,module=UavAuthNetwork.uav[7]; config=NoiseSweep
1978,NoiseSweep-47-20260810-15:01:41-741652,NoiseSweep,47,2,2,sha3,10,0.07,bch255-131-18\,,8,static,500.0,120.0,500.0,120.0,0.0,0.0,module=UavAuthNetwork.uav[8]; config=NoiseSweep
1979,NoiseSweep-47-20260810-15:01:41-741652,NoiseSweep,47,2,2,sha3,10,0.07,bch255-131-18\,,9,static,500.0,230.0,500.0,230.0,0.0,0.0,module=UavAuthNetwork.uav[9]; config=NoiseSweep
1980,NoiseSweep-48-20260810-15:01:42-741652,NoiseSweep,48,0,0,sha3,10,0.07,bch255-91-25\,,0,static,100.0,50.0,100.0,50.0,0.0,1.518543,module=UavAuthNetwork.uav[0]; config=NoiseSweep
1981,NoiseSweep-48-20260810-15:01:42-741652,NoiseSweep,48,0,0,sha3,10,0.07,bch255-91-25\,,1,static,275.0,50.0,275.0,50.0,0.0,1.499136,module=UavAuthNetwork.uav[1]; config=NoiseSweep
1982,NoiseSweep-48-20260810-15:01:42-741652,NoiseSweep,48,0,0,sha3,10,0.07,bch255-91-25\,,2,static,450.0,50.0,450.0,50.0,0.0,1.472252,module=UavAuthNetwork.uav[2]; config=NoiseSweep
1983,NoiseSweep-48-20260810-15:01:42-741652,NoiseSweep,48,0,0,sha3,10,0.07,bch255-91-25\,,3,static,100.0,300.0,100.0,300.0,0.0,1.493821,module=UavAuthNetwork.uav[3]; config=NoiseSweep
1984,NoiseSweep-48-20260810-15:01:42-741652,NoiseSweep,48,0,0,sha3,10,0.07,bch255-91-25\,,4,static,275.0,300.0,275.0,300.0,0.0,1.53788,module=UavAuthNetwork.uav[4]; config=NoiseSweep
1985,NoiseSweep-48-20260810-15:01:42-741652,NoiseSweep,48,0,0,sha3,10,0.07,bch255-91-25\,,5,static,450.0,300.0,450.0,300.0,0.0,1.485893,module=UavAuthNetwork.uav[5]; config=NoiseSweep
1986,NoiseSweep-48-20260810-15:01:42-741652,NoiseSweep,48,0,0,sha3,10,0.07,bch255-91-25\,,6,static,50.0,120.0,50.0,120.0,0.0,0.0,module=UavAuthNetwork.uav[6]; config=NoiseSweep
1987,NoiseSweep-48-20260810-15:01:42-741652,NoiseSweep,48,0,0,sha3,10,0.07,bch255-91-25\,,7,static,50.0,230.0,50.0,230.0,0.0,1.508843,module=UavAuthNetwork.uav[7]; config=NoiseSweep
1988,NoiseSweep-48-20260810-15:01:42-741652,NoiseSweep,48,0,0,sha3,10,0.07,bch255-91-25\,,8,static,500.0,120.0,500.0,120.0,0.0,1.481733,module=UavAuthNetwork.uav[8]; config=NoiseSweep
1989,NoiseSweep-48-20260810-15:01:42-741652,NoiseSweep,48,0,0,sha3,10,0.07,bch255-91-25\,,9,static,500.0,230.0,500.0,230.0,0.0,1.541131,module=UavAuthNetwork.uav[9]; config=NoiseSweep
1990,NoiseSweep-49-20260810-15:01:43-741652,NoiseSweep,49,1,1,sha3,10,0.07,bch255-91-25\,,0,static,100.0,50.0,100.0,50.0,0.0,1.483483,module=UavAuthNetwork.uav[0]; config=NoiseSweep
1991,NoiseSweep-49-20260810-15:01:43-741652,NoiseSweep,49,1,1,sha3,10,0.07,bch255-91-25\,,1,static,275.0,50.0,275.0,50.0,0.0,1.496314,module=UavAuthNetwork.uav[1]; config=NoiseSweep
1992,NoiseSweep-49-20260810-15:01:43-741652,NoiseSweep,49,1,1,sha3,10,0.07,bch255-91-25\,,2,static,450.0,50.0,450.0,50.0,0.0,1.51139,module=UavAuthNetwork.uav[2]; config=NoiseSweep
1993,NoiseSweep-49-20260810-15:01:43-741652,NoiseSweep,49,1,1,sha3,10,0.07,bch255-91-25\,,3,static,100.0,300.0,100.0,300.0,0.0,1.492483,module=UavAuthNetwork.uav[3]; config=NoiseSweep
1994,NoiseSweep-49-20260810-15:01:43-741652,NoiseSweep,49,1,1,sha3,10,0.07,bch255-91-25\,,4,static,275.0,300.0,275.0,300.0,0.0,1.51278,module=UavAuthNetwork.uav[4]; config=NoiseSweep
1995,NoiseSweep-49-20260810-15:01:43-741652,NoiseSweep,49,1,1,sha3,10,0.07,bch255-91-25\,,5,static,450.0,300.0,450.0,300.0,0.0,1.483981,module=UavAuthNetwork.uav[5]; config=NoiseSweep
1996,NoiseSweep-49-20260810-15:01:43-741652,NoiseSweep,49,1,1,sha3,10,0.07,bch255-91-25\,,6,static,50.0,120.0,50.0,120.0,0.0,0.0,module=UavAuthNetwork.uav[6]; config=NoiseSweep
1997,NoiseSweep-49-20260810-15:01:43-741652,NoiseSweep,49,1,1,sha3,10,0.07,bch255-91-25\,,7,static,50.0,230.0,50.0,230.0,0.0,1.560162,module=UavAuthNetwork.uav[7]; config=NoiseSweep
1998,NoiseSweep-49-20260810-15:01:43-741652,NoiseSweep,49,1,1,sha3,10,0.07,bch255-91-25\,,8,static,500.0,120.0,500.0,120.0,0.0,1.507122,module=UavAuthNetwork.uav[8]; config=NoiseSweep
1999,NoiseSweep-49-20260810-15:01:43-741652,NoiseSweep,49,1,1,sha3,10,0.07,bch255-91-25\,,9,static,500.0,230.0,500.0,230.0,0.0,1.55149,module=UavAuthNetwork.uav[9]; config=NoiseSweep
2000,NoiseSweep-5-20260810-15:01:18-741652,NoiseSweep,5,2,2,sha3,10,0.0,bch255-91-25\,,0,static,100.0,50.0,100.0,50.0,0.0,1.513523,module=UavAuthNetwork.uav[0]; config=NoiseSweep
2001,NoiseSweep-5-20260810-15:01:18-741652,NoiseSweep,5,2,2,sha3,10,0.0,bch255-91-25\,,1,static,275.0,50.0,275.0,50.0,0.0,1.502978,module=UavAuthNetwork.uav[1]; config=NoiseSweep
2002,NoiseSweep-5-20260810-15:01:18-741652,NoiseSweep,5,2,2,sha3,10,0.0,bch255-91-25\,,2,static,450.0,50.0,450.0,50.0,0.0,1.502133,module=UavAuthNetwork.uav[2]; config=NoiseSweep
2003,NoiseSweep-5-20260810-15:01:18-741652,NoiseSweep,5,2,2,sha3,10,0.0,bch255-91-25\,,3,static,100.0,300.0,100.0,300.0,0.0,1.493998,module=UavAuthNetwork.uav[3]; config=NoiseSweep
2004,NoiseSweep-5-20260810-15:01:18-741652,NoiseSweep,5,2,2,sha3,10,0.0,bch255-91-25\,,4,static,275.0,300.0,275.0,300.0,0.0,1.495697,module=UavAuthNetwork.uav[4]; config=NoiseSweep
2005,NoiseSweep-5-20260810-15:01:18-741652,NoiseSweep,5,2,2,sha3,10,0.0,bch255-91-25\,,5,static,450.0,300.0,450.0,300.0,0.0,1.533486,module=UavAuthNetwork.uav[5]; config=NoiseSweep
2006,NoiseSweep-5-20260810-15:01:18-741652,NoiseSweep,5,2,2,sha3,10,0.0,bch255-91-25\,,6,static,50.0,120.0,50.0,120.0,0.0,1.484019,module=UavAuthNetwork.uav[6]; config=NoiseSweep
2007,NoiseSweep-5-20260810-15:01:18-741652,NoiseSweep,5,2,2,sha3,10,0.0,bch255-91-25\,,7,static,50.0,230.0,50.0,230.0,0.0,1.519149,module=UavAuthNetwork.uav[7]; config=NoiseSweep
2008,NoiseSweep-5-20260810-15:01:18-741652,NoiseSweep,5,2,2,sha3,10,0.0,bch255-91-25\,,8,static,500.0,120.0,500.0,120.0,0.0,1.533456,module=UavAuthNetwork.uav[8]; config=NoiseSweep
2009,NoiseSweep-5-20260810-15:01:18-741652,NoiseSweep,5,2,2,sha3,10,0.0,bch255-91-25\,,9,static,500.0,230.0,500.0,230.0,0.0,1.482275,module=UavAuthNetwork.uav[9]; config=NoiseSweep
2010,NoiseSweep-50-20260810-15:01:43-741652,NoiseSweep,50,2,2,sha3,10,0.07,bch255-91-25\,,0,static,100.0,50.0,100.0,50.0,0.0,1.513523,module=UavAuthNetwork.uav[0]; config=NoiseSweep
2011,NoiseSweep-50-20260810-15:01:43-741652,NoiseSweep,50,2,2,sha3,10,0.07,bch255-91-25\,,1,static,275.0,50.0,275.0,50.0,0.0,1.502978,module=UavAuthNetwork.uav[1]; config=NoiseSweep
2012,NoiseSweep-50-20260810-15:01:43-741652,NoiseSweep,50,2,2,sha3,10,0.07,bch255-91-25\,,2,static,450.0,50.0,450.0,50.0,0.0,0.0,module=UavAuthNetwork.uav[2]; config=NoiseSweep
2013,NoiseSweep-50-20260810-15:01:43-741652,NoiseSweep,50,2,2,sha3,10,0.07,bch255-91-25\,,3,static,100.0,300.0,100.0,300.0,0.0,1.502133,module=UavAuthNetwork.uav[3]; config=NoiseSweep
2014,NoiseSweep-50-20260810-15:01:43-741652,NoiseSweep,50,2,2,sha3,10,0.07,bch255-91-25\,,4,static,275.0,300.0,275.0,300.0,0.0,0.0,module=UavAuthNetwork.uav[4]; config=NoiseSweep
2015,NoiseSweep-50-20260810-15:01:43-741652,NoiseSweep,50,2,2,sha3,10,0.07,bch255-91-25\,,5,static,450.0,300.0,450.0,300.0,0.0,1.493998,module=UavAuthNetwork.uav[5]; config=NoiseSweep
2016,NoiseSweep-50-20260810-15:01:43-741652,NoiseSweep,50,2,2,sha3,10,0.07,bch255-91-25\,,6,static,50.0,120.0,50.0,120.0,0.0,1.49712,module=UavAuthNetwork.uav[6]; config=NoiseSweep
2017,NoiseSweep-50-20260810-15:01:43-741652,NoiseSweep,50,2,2,sha3,10,0.07,bch255-91-25\,,7,static,50.0,230.0,50.0,230.0,0.0,1.533707,module=UavAuthNetwork.uav[7]; config=NoiseSweep
2018,NoiseSweep-50-20260810-15:01:43-741652,NoiseSweep,50,2,2,sha3,10,0.07,bch255-91-25\,,8,static,500.0,120.0,500.0,120.0,0.0,1.484019,module=UavAuthNetwork.uav[8]; config=NoiseSweep
2019,NoiseSweep-50-20260810-15:01:43-741652,NoiseSweep,50,2,2,sha3,10,0.07,bch255-91-25\,,9,static,500.0,230.0,500.0,230.0,0.0,1.519149,module=UavAuthNetwork.uav[9]; config=NoiseSweep
2020,NoiseSweep-51-20260810-15:01:44-741652,NoiseSweep,51,0,0,sha3,10,0.07,rep3-bch255-131-18\,,0,static,100.0,50.0,100.0,50.0,0.0,1.518543,module=UavAuthNetwork.uav[0]; config=NoiseSweep
2021,NoiseSweep-51-20260810-15:01:44-741652,NoiseSweep,51,0,0,sha3,10,0.07,rep3-bch255-131-18\,,1,static,275.0,50.0,275.0,50.0,0.0,1.499136,module=UavAuthNetwork.uav[1]; config=NoiseSweep
2022,NoiseSweep-51-20260810-15:01:44-741652,NoiseSweep,51,0,0,sha3,10,0.07,rep3-bch255-131-18\,,2,static,450.0,50.0,450.0,50.0,0.0,1.472252,module=UavAuthNetwork.uav[2]; config=NoiseSweep
2023,NoiseSweep-51-20260810-15:01:44-741652,NoiseSweep,51,0,0,sha3,10,0.07,rep3-bch255-131-18\,,3,static,100.0,300.0,100.0,300.0,0.0,1.493821,module=UavAuthNetwork.uav[3]; config=NoiseSweep
2024,NoiseSweep-51-20260810-15:01:44-741652,NoiseSweep,51,0,0,sha3,10,0.07,rep3-bch255-131-18\,,4,static,275.0,300.0,275.0,300.0,0.0,1.53788,module=UavAuthNetwork.uav[4]; config=NoiseSweep
2025,NoiseSweep-51-20260810-15:01:44-741652,NoiseSweep,51,0,0,sha3,10,0.07,rep3-bch255-131-18\,,5,static,450.0,300.0,450.0,300.0,0.0,1.485893,module=UavAuthNetwork.uav[5]; config=NoiseSweep
2026,NoiseSweep-51-20260810-15:01:44-741652,NoiseSweep,51,0,0,sha3,10,0.07,rep3-bch255-131-18\,,6,static,50.0,120.0,50.0,120.0,0.0,1.508843,module=UavAuthNetwork.uav[6]; config=NoiseSweep
2027,NoiseSweep-51-20260810-15:01:44-741652,NoiseSweep,51,0,0,sha3,10,0.07,rep3-bch255-131-18\,,7,static,50.0,230.0,50.0,230.0,0.0,1.481733,module=UavAuthNetwork.uav[7]; config=NoiseSweep
2028,NoiseSweep-51-20260810-15:01:44-741652,NoiseSweep,51,0,0,sha3,10,0.07,rep3-bch255-131-18\,,8,static,500.0,120.0,500.0,120.0,0.0,1.541131,module=UavAuthNetwork.uav[8]; config=NoiseSweep
2029,NoiseSweep-51-20260810-15:01:44-741652,NoiseSweep,51,0,0,sha3,10,0.07,rep3-bch255-131-18\,,9,static,500.0,230.0,500.0,230.0,0.0,1.499146,module=UavAuthNetwork.uav[9]; config=NoiseSweep
2030,NoiseSweep-52-20260810-15:01:45-741652,NoiseSweep,52,1,1,sha3,10,0.07,rep3-bch255-131-18\,,0,static,100.0,50.0,100.0,50.0,0.0,1.483483,module=UavAuthNetwork.uav[0]; config=NoiseSweep
2031,NoiseSweep-52-20260810-15:01:45-741652,NoiseSweep,52,1,1,sha3,10,0.07,rep3-bch255-131-18\,,1,static,275.0,50.0,275.0,50.0,0.0,1.496314,module=UavAuthNetwork.uav[1]; config=NoiseSweep
2032,NoiseSweep-52-20260810-15:01:45-741652,NoiseSweep,52,1,1,sha3,10,0.07,rep3-bch255-131-18\,,2,static,450.0,50.0,450.0,50.0,0.0,1.51139,module=UavAuthNetwork.uav[2]; config=NoiseSweep
2033,NoiseSweep-52-20260810-15:01:45-741652,NoiseSweep,52,1,1,sha3,10,0.07,rep3-bch255-131-18\,,3,static,100.0,300.0,100.0,300.0,0.0,1.492483,module=UavAuthNetwork.uav[3]; config=NoiseSweep
2034,NoiseSweep-52-20260810-15:01:45-741652,NoiseSweep,52,1,1,sha3,10,0.07,rep3-bch255-131-18\,,4,static,275.0,300.0,275.0,300.0,0.0,1.51278,module=UavAuthNetwork.uav[4]; config=NoiseSweep
2035,NoiseSweep-52-20260810-15:01:45-741652,NoiseSweep,52,1,1,sha3,10,0.07,rep3-bch255-131-18\,,5,static,450.0,300.0,450.0,300.0,0.0,1.483981,module=UavAuthNetwork.uav[5]; config=NoiseSweep
2036,NoiseSweep-52-20260810-15:01:45-741652,NoiseSweep,52,1,1,sha3,10,0.07,rep3-bch255-131-18\,,6,static,50.0,120.0,50.0,120.0,0.0,1.560162,module=UavAuthNetwork.uav[6]; config=NoiseSweep
2037,NoiseSweep-52-20260810-15:01:45-741652,NoiseSweep,52,1,1,sha3,10,0.07,rep3-bch255-131-18\,,7,static,50.0,230.0,50.0,230.0,0.0,1.507122,module=UavAuthNetwork.uav[7]; config=NoiseSweep
2038,NoiseSweep-52-20260810-15:01:45-741652,NoiseSweep,52,1,1,sha3,10,0.07,rep3-bch255-131-18\,,8,static,500.0,120.0,500.0,120.0,0.0,1.55149,module=UavAuthNetwork.uav[8]; config=NoiseSweep
2039,NoiseSweep-52-20260810-15:01:45-741652,NoiseSweep,52,1,1,sha3,10,0.07,rep3-bch255-131-18\,,9,static,500.0,230.0,500.0,230.0,0.0,1.483228,module=UavAuthNetwork.uav[9]; config=NoiseSweep
2040,NoiseSweep-53-20260810-15:01:46-741652,NoiseSweep,53,2,2,sha3,10,0.07,rep3-bch255-131-18\,,0,static,100.0,50.0,100.0,50.0,0.0,1.513523,module=UavAuthNetwork.uav[0]; config=NoiseSweep
2041,NoiseSweep-53-20260810-15:01:46-741652,NoiseSweep,53,2,2,sha3,10,0.07,rep3-bch255-131-18\,,1,static,275.0,50.0,275.0,50.0,0.0,1.502978,module=UavAuthNetwork.uav[1]; config=NoiseSweep
2042,NoiseSweep-53-20260810-15:01:46-741652,NoiseSweep,53,2,2,sha3,10,0.07,rep3-bch255-131-18\,,2,static,450.0,50.0,450.0,50.0,0.0,1.502133,module=UavAuthNetwork.uav[2]; config=NoiseSweep
2043,NoiseSweep-53-20260810-15:01:46-741652,NoiseSweep,53,2,2,sha3,10,0.07,rep3-bch255-131-18\,,3,static,100.0,300.0,100.0,300.0,0.0,1.493998,module=UavAuthNetwork.uav[3]; config=NoiseSweep
2044,NoiseSweep-53-20260810-15:01:46-741652,NoiseSweep,53,2,2,sha3,10,0.07,rep3-bch255-131-18\,,4,static,275.0,300.0,275.0,300.0,0.0,1.495697,module=UavAuthNetwork.uav[4]; config=NoiseSweep
2045,NoiseSweep-53-20260810-15:01:46-741652,NoiseSweep,53,2,2,sha3,10,0.07,rep3-bch255-131-18\,,5,static,450.0,300.0,450.0,300.0,0.0,1.533486,module=UavAuthNetwork.uav[5]; config=NoiseSweep
2046,NoiseSweep-53-20260810-15:01:46-741652,NoiseSweep,53,2,2,sha3,10,0.07,rep3-bch255-131-18\,,6,static,50.0,120.0,50.0,120.0,0.0,1.484019,module=UavAuthNetwork.uav[6]; config=NoiseSweep
2047,NoiseSweep-53-20260810-15:01:46-741652,NoiseSweep,53,2,2,sha3,10,0.07,rep3-bch255-131-18\,,7,static,50.0,230.0,50.0,230.0,0.0,1.519149,module=UavAuthNetwork.uav[7]; config=NoiseSweep
2048,NoiseSweep-53-20260810-15:01:46-741652,NoiseSweep,53,2,2,sha3,10,0.07,rep3-bch255-131-18\,,8,static,500.0,120.0,500.0,120.0,0.0,1.533456,module=UavAuthNetwork.uav[8]; config=NoiseSweep
2049,NoiseSweep-53-20260810-15:01:46-741652,NoiseSweep,53,2,2,sha3,10,0.07,rep3-bch255-131-18\,,9,static,500.0,230.0,500.0,230.0,0.0,1.482275,module=UavAuthNetwork.uav[9]; config=NoiseSweep
2050,NoiseSweep-54-20260810-15:01:47-741652,NoiseSweep,54,0,0,sha3,10,0.10,bch255-131-18\,,0,static,100.0,50.0,100.0,50.0,0.0,0.0,module=UavAuthNetwork.uav[0]; config=NoiseSweep
2051,NoiseSweep-54-20260810-15:01:47-741652,NoiseSweep,54,0,0,sha3,10,0.10,bch255-131-18\,,1,static,275.0,50.0,275.0,50.0,0.0,0.0,module=UavAuthNetwork.uav[1]; config=NoiseSweep
2052,NoiseSweep-54-20260810-15:01:47-741652,NoiseSweep,54,0,0,sha3,10,0.10,bch255-131-18\,,2,static,450.0,50.0,450.0,50.0,0.0,0.0,module=UavAuthNetwork.uav[2]; config=NoiseSweep
2053,NoiseSweep-54-20260810-15:01:47-741652,NoiseSweep,54,0,0,sha3,10,0.10,bch255-131-18\,,3,static,100.0,300.0,100.0,300.0,0.0,0.0,module=UavAuthNetwork.uav[3]; config=NoiseSweep
2054,NoiseSweep-54-20260810-15:01:47-741652,NoiseSweep,54,0,0,sha3,10,0.10,bch255-131-18\,,4,static,275.0,300.0,275.0,300.0,0.0,0.0,module=UavAuthNetwork.uav[4]; config=NoiseSweep
2055,NoiseSweep-54-20260810-15:01:47-741652,NoiseSweep,54,0,0,sha3,10,0.10,bch255-131-18\,,5,static,450.0,300.0,450.0,300.0,0.0,0.0,module=UavAuthNetwork.uav[5]; config=NoiseSweep
2056,NoiseSweep-54-20260810-15:01:47-741652,NoiseSweep,54,0,0,sha3,10,0.10,bch255-131-18\,,6,static,50.0,120.0,50.0,120.0,0.0,0.0,module=UavAuthNetwork.uav[6]; config=NoiseSweep
2057,NoiseSweep-54-20260810-15:01:47-741652,NoiseSweep,54,0,0,sha3,10,0.10,bch255-131-18\,,7,static,50.0,230.0,50.0,230.0,0.0,0.0,module=UavAuthNetwork.uav[7]; config=NoiseSweep
2058,NoiseSweep-54-20260810-15:01:47-741652,NoiseSweep,54,0,0,sha3,10,0.10,bch255-131-18\,,8,static,500.0,120.0,500.0,120.0,0.0,0.0,module=UavAuthNetwork.uav[8]; config=NoiseSweep
2059,NoiseSweep-54-20260810-15:01:47-741652,NoiseSweep,54,0,0,sha3,10,0.10,bch255-131-18\,,9,static,500.0,230.0,500.0,230.0,0.0,0.0,module=UavAuthNetwork.uav[9]; config=NoiseSweep
2060,NoiseSweep-55-20260810-15:01:47-741652,NoiseSweep,55,1,1,sha3,10,0.10,bch255-131-18\,,0,static,100.0,50.0,100.0,50.0,0.0,0.0,module=UavAuthNetwork.uav[0]; config=NoiseSweep
2061,NoiseSweep-55-20260810-15:01:47-741652,NoiseSweep,55,1,1,sha3,10,0.10,bch255-131-18\,,1,static,275.0,50.0,275.0,50.0,0.0,0.0,module=UavAuthNetwork.uav[1]; config=NoiseSweep
2062,NoiseSweep-55-20260810-15:01:47-741652,NoiseSweep,55,1,1,sha3,10,0.10,bch255-131-18\,,2,static,450.0,50.0,450.0,50.0,0.0,0.0,module=UavAuthNetwork.uav[2]; config=NoiseSweep
2063,NoiseSweep-55-20260810-15:01:47-741652,NoiseSweep,55,1,1,sha3,10,0.10,bch255-131-18\,,3,static,100.0,300.0,100.0,300.0,0.0,0.0,module=UavAuthNetwork.uav[3]; config=NoiseSweep
2064,NoiseSweep-55-20260810-15:01:47-741652,NoiseSweep,55,1,1,sha3,10,0.10,bch255-131-18\,,4,static,275.0,300.0,275.0,300.0,0.0,0.0,module=UavAuthNetwork.uav[4]; config=NoiseSweep
2065,NoiseSweep-55-20260810-15:01:47-741652,NoiseSweep,55,1,1,sha3,10,0.10,bch255-131-18\,,5,static,450.0,300.0,450.0,300.0,0.0,0.0,module=UavAuthNetwork.uav[5]; config=NoiseSweep
2066,NoiseSweep-55-20260810-15:01:47-741652,NoiseSweep,55,1,1,sha3,10,0.10,bch255-131-18\,,6,static,50.0,120.0,50.0,120.0,0.0,0.0,module=UavAuthNetwork.uav[6]; config=NoiseSweep
2067,NoiseSweep-55-20260810-15:01:47-741652,NoiseSweep,55,1,1,sha3,10,0.10,bch255-131-18\,,7,static,50.0,230.0,50.0,230.0,0.0,0.0,module=UavAuthNetwork.uav[7]; config=NoiseSweep
2068,NoiseSweep-55-20260810-15:01:47-741652,NoiseSweep,55,1,1,sha3,10,0.10,bch255-131-18\,,8,static,500.0,120.0,500.0,120.0,0.0,0.0,module=UavAuthNetwork.uav[8]; config=NoiseSweep
2069,NoiseSweep-55-20260810-15:01:47-741652,NoiseSweep,55,1,1,sha3,10,0.10,bch255-131-18\,,9,static,500.0,230.0,500.0,230.0,0.0,0.0,module=UavAuthNetwork.uav[9]; config=NoiseSweep
2070,NoiseSweep-56-20260810-15:01:48-741652,NoiseSweep,56,2,2,sha3,10,0.10,bch255-131-18\,,0,static,100.0,50.0,100.0,50.0,0.0,0.0,module=UavAuthNetwork.uav[0]; config=NoiseSweep
2071,NoiseSweep-56-20260810-15:01:48-741652,NoiseSweep,56,2,2,sha3,10,0.10,bch255-131-18\,,1,static,275.0,50.0,275.0,50.0,0.0,0.0,module=UavAuthNetwork.uav[1]; config=NoiseSweep
2072,NoiseSweep-56-20260810-15:01:48-741652,NoiseSweep,56,2,2,sha3,10,0.10,bch255-131-18\,,2,static,450.0,50.0,450.0,50.0,0.0,0.0,module=UavAuthNetwork.uav[2]; config=NoiseSweep
2073,NoiseSweep-56-20260810-15:01:48-741652,NoiseSweep,56,2,2,sha3,10,0.10,bch255-131-18\,,3,static,100.0,300.0,100.0,300.0,0.0,0.0,module=UavAuthNetwork.uav[3]; config=NoiseSweep
2074,NoiseSweep-56-20260810-15:01:48-741652,NoiseSweep,56,2,2,sha3,10,0.10,bch255-131-18\,,4,static,275.0,300.0,275.0,300.0,0.0,0.0,module=UavAuthNetwork.uav[4]; config=NoiseSweep
2075,NoiseSweep-56-20260810-15:01:48-741652,NoiseSweep,56,2,2,sha3,10,0.10,bch255-131-18\,,5,static,450.0,300.0,450.0,300.0,0.0,0.0,module=UavAuthNetwork.uav[5]; config=NoiseSweep
2076,NoiseSweep-56-20260810-15:01:48-741652,NoiseSweep,56,2,2,sha3,10,0.10,bch255-131-18\,,6,static,50.0,120.0,50.0,120.0,0.0,0.0,module=UavAuthNetwork.uav[6]; config=NoiseSweep
2077,NoiseSweep-56-20260810-15:01:48-741652,NoiseSweep,56,2,2,sha3,10,0.10,bch255-131-18\,,7,static,50.0,230.0,50.0,230.0,0.0,0.0,module=UavAuthNetwork.uav[7]; config=NoiseSweep
2078,NoiseSweep-56-20260810-15:01:48-741652,NoiseSweep,56,2,2,sha3,10,0.10,bch255-131-18\,,8,static,500.0,120.0,500.0,120.0,0.0,0.0,module=UavAuthNetwork.uav[8]; config=NoiseSweep
2079,NoiseSweep-56-20260810-15:01:48-741652,NoiseSweep,56,2,2,sha3,10,0.10,bch255-131-18\,,9,static,500.0,230.0,500.0,230.0,0.0,0.0,module=UavAuthNetwork.uav[9]; config=NoiseSweep
2080,NoiseSweep-57-20260810-15:01:49-741652,NoiseSweep,57,0,0,sha3,10,0.10,bch255-91-25\,,0,static,100.0,50.0,100.0,50.0,0.0,0.0,module=UavAuthNetwork.uav[0]; config=NoiseSweep
2081,NoiseSweep-57-20260810-15:01:49-741652,NoiseSweep,57,0,0,sha3,10,0.10,bch255-91-25\,,1,static,275.0,50.0,275.0,50.0,0.0,0.0,module=UavAuthNetwork.uav[1]; config=NoiseSweep
2082,NoiseSweep-57-20260810-15:01:49-741652,NoiseSweep,57,0,0,sha3,10,0.10,bch255-91-25\,,2,static,450.0,50.0,450.0,50.0,0.0,0.0,module=UavAuthNetwork.uav[2]; config=NoiseSweep
2083,NoiseSweep-57-20260810-15:01:49-741652,NoiseSweep,57,0,0,sha3,10,0.10,bch255-91-25\,,3,static,100.0,300.0,100.0,300.0,0.0,0.0,module=UavAuthNetwork.uav[3]; config=NoiseSweep
2084,NoiseSweep-57-20260810-15:01:49-741652,NoiseSweep,57,0,0,sha3,10,0.10,bch255-91-25\,,4,static,275.0,300.0,275.0,300.0,0.0,0.0,module=UavAuthNetwork.uav[4]; config=NoiseSweep
2085,NoiseSweep-57-20260810-15:01:49-741652,NoiseSweep,57,0,0,sha3,10,0.10,bch255-91-25\,,5,static,450.0,300.0,450.0,300.0,0.0,0.0,module=UavAuthNetwork.uav[5]; config=NoiseSweep
2086,NoiseSweep-57-20260810-15:01:49-741652,NoiseSweep,57,0,0,sha3,10,0.10,bch255-91-25\,,6,static,50.0,120.0,50.0,120.0,0.0,0.0,module=UavAuthNetwork.uav[6]; config=NoiseSweep
2087,NoiseSweep-57-20260810-15:01:49-741652,NoiseSweep,57,0,0,sha3,10,0.10,bch255-91-25\,,7,static,50.0,230.0,50.0,230.0,0.0,0.0,module=UavAuthNetwork.uav[7]; config=NoiseSweep
2088,NoiseSweep-57-20260810-15:01:49-741652,NoiseSweep,57,0,0,sha3,10,0.10,bch255-91-25\,,8,static,500.0,120.0,500.0,120.0,0.0,0.0,module=UavAuthNetwork.uav[8]; config=NoiseSweep
2089,NoiseSweep-57-20260810-15:01:49-741652,NoiseSweep,57,0,0,sha3,10,0.10,bch255-91-25\,,9,static,500.0,230.0,500.0,230.0,0.0,0.0,module=UavAuthNetwork.uav[9]; config=NoiseSweep
2090,NoiseSweep-58-20260810-15:01:49-741652,NoiseSweep,58,1,1,sha3,10,0.10,bch255-91-25\,,0,static,100.0,50.0,100.0,50.0,0.0,0.0,module=UavAuthNetwork.uav[0]; config=NoiseSweep
2091,NoiseSweep-58-20260810-15:01:49-741652,NoiseSweep,58,1,1,sha3,10,0.10,bch255-91-25\,,1,static,275.0,50.0,275.0,50.0,0.0,0.0,module=UavAuthNetwork.uav[1]; config=NoiseSweep
2092,NoiseSweep-58-20260810-15:01:49-741652,NoiseSweep,58,1,1,sha3,10,0.10,bch255-91-25\,,2,static,450.0,50.0,450.0,50.0,0.0,0.0,module=UavAuthNetwork.uav[2]; config=NoiseSweep
2093,NoiseSweep-58-20260810-15:01:49-741652,NoiseSweep,58,1,1,sha3,10,0.10,bch255-91-25\,,3,static,100.0,300.0,100.0,300.0,0.0,0.0,module=UavAuthNetwork.uav[3]; config=NoiseSweep
2094,NoiseSweep-58-20260810-15:01:49-741652,NoiseSweep,58,1,1,sha3,10,0.10,bch255-91-25\,,4,static,275.0,300.0,275.0,300.0,0.0,0.0,module=UavAuthNetwork.uav[4]; config=NoiseSweep
2095,NoiseSweep-58-20260810-15:01:49-741652,NoiseSweep,58,1,1,sha3,10,0.10,bch255-91-25\,,5,static,450.0,300.0,450.0,300.0,0.0,0.0,module=UavAuthNetwork.uav[5]; config=NoiseSweep
2096,NoiseSweep-58-20260810-15:01:49-741652,NoiseSweep,58,1,1,sha3,10,0.10,bch255-91-25\,,6,static,50.0,120.0,50.0,120.0,0.0,0.0,module=UavAuthNetwork.uav[6]; config=NoiseSweep
2097,NoiseSweep-58-20260810-15:01:49-741652,NoiseSweep,58,1,1,sha3,10,0.10,bch255-91-25\,,7,static,50.0,230.0,50.0,230.0,0.0,0.0,module=UavAuthNetwork.uav[7]; config=NoiseSweep
2098,NoiseSweep-58-20260810-15:01:49-741652,NoiseSweep,58,1,1,sha3,10,0.10,bch255-91-25\,,8,static,500.0,120.0,500.0,120.0,0.0,0.0,module=UavAuthNetwork.uav[8]; config=NoiseSweep
2099,NoiseSweep-58-20260810-15:01:49-741652,NoiseSweep,58,1,1,sha3,10,0.10,bch255-91-25\,,9,static,500.0,230.0,500.0,230.0,0.0,0.0,module=UavAuthNetwork.uav[9]; config=NoiseSweep
2100,NoiseSweep-59-20260810-15:01:50-741652,NoiseSweep,59,2,2,sha3,10,0.10,bch255-91-25\,,0,static,100.0,50.0,100.0,50.0,0.0,0.0,module=UavAuthNetwork.uav[0]; config=NoiseSweep
2101,NoiseSweep-59-20260810-15:01:50-741652,NoiseSweep,59,2,2,sha3,10,0.10,bch255-91-25\,,1,static,275.0,50.0,275.0,50.0,0.0,0.0,module=UavAuthNetwork.uav[1]; config=NoiseSweep
2102,NoiseSweep-59-20260810-15:01:50-741652,NoiseSweep,59,2,2,sha3,10,0.10,bch255-91-25\,,2,static,450.0,50.0,450.0,50.0,0.0,0.0,module=UavAuthNetwork.uav[2]; config=NoiseSweep
2103,NoiseSweep-59-20260810-15:01:50-741652,NoiseSweep,59,2,2,sha3,10,0.10,bch255-91-25\,,3,static,100.0,300.0,100.0,300.0,0.0,0.0,module=UavAuthNetwork.uav[3]; config=NoiseSweep
2104,NoiseSweep-59-20260810-15:01:50-741652,NoiseSweep,59,2,2,sha3,10,0.10,bch255-91-25\,,4,static,275.0,300.0,275.0,300.0,0.0,0.0,module=UavAuthNetwork.uav[4]; config=NoiseSweep
2105,NoiseSweep-59-20260810-15:01:50-741652,NoiseSweep,59,2,2,sha3,10,0.10,bch255-91-25\,,5,static,450.0,300.0,450.0,300.0,0.0,0.0,module=UavAuthNetwork.uav[5]; config=NoiseSweep
2106,NoiseSweep-59-20260810-15:01:50-741652,NoiseSweep,59,2,2,sha3,10,0.10,bch255-91-25\,,6,static,50.0,120.0,50.0,120.0,0.0,0.0,module=UavAuthNetwork.uav[6]; config=NoiseSweep
2107,NoiseSweep-59-20260810-15:01:50-741652,NoiseSweep,59,2,2,sha3,10,0.10,bch255-91-25\,,7,static,50.0,230.0,50.0,230.0,0.0,0.0,module=UavAuthNetwork.uav[7]; config=NoiseSweep
2108,NoiseSweep-59-20260810-15:01:50-741652,NoiseSweep,59,2,2,sha3,10,0.10,bch255-91-25\,,8,static,500.0,120.0,500.0,120.0,0.0,0.0,module=UavAuthNetwork.uav[8]; config=NoiseSweep
2109,NoiseSweep-59-20260810-15:01:50-741652,NoiseSweep,59,2,2,sha3,10,0.10,bch255-91-25\,,9,static,500.0,230.0,500.0,230.0,0.0,0.0,module=UavAuthNetwork.uav[9]; config=NoiseSweep
2110,NoiseSweep-6-20260810-15:01:18-741652,NoiseSweep,6,0,0,sha3,10,0.0,rep3-bch255-131-18\,,0,static,100.0,50.0,100.0,50.0,0.0,1.518543,module=UavAuthNetwork.uav[0]; config=NoiseSweep
2111,NoiseSweep-6-20260810-15:01:18-741652,NoiseSweep,6,0,0,sha3,10,0.0,rep3-bch255-131-18\,,1,static,275.0,50.0,275.0,50.0,0.0,1.499136,module=UavAuthNetwork.uav[1]; config=NoiseSweep
2112,NoiseSweep-6-20260810-15:01:18-741652,NoiseSweep,6,0,0,sha3,10,0.0,rep3-bch255-131-18\,,2,static,450.0,50.0,450.0,50.0,0.0,1.472252,module=UavAuthNetwork.uav[2]; config=NoiseSweep
2113,NoiseSweep-6-20260810-15:01:18-741652,NoiseSweep,6,0,0,sha3,10,0.0,rep3-bch255-131-18\,,3,static,100.0,300.0,100.0,300.0,0.0,1.493821,module=UavAuthNetwork.uav[3]; config=NoiseSweep
2114,NoiseSweep-6-20260810-15:01:18-741652,NoiseSweep,6,0,0,sha3,10,0.0,rep3-bch255-131-18\,,4,static,275.0,300.0,275.0,300.0,0.0,1.53788,module=UavAuthNetwork.uav[4]; config=NoiseSweep
2115,NoiseSweep-6-20260810-15:01:18-741652,NoiseSweep,6,0,0,sha3,10,0.0,rep3-bch255-131-18\,,5,static,450.0,300.0,450.0,300.0,0.0,1.485893,module=UavAuthNetwork.uav[5]; config=NoiseSweep
2116,NoiseSweep-6-20260810-15:01:18-741652,NoiseSweep,6,0,0,sha3,10,0.0,rep3-bch255-131-18\,,6,static,50.0,120.0,50.0,120.0,0.0,1.508843,module=UavAuthNetwork.uav[6]; config=NoiseSweep
2117,NoiseSweep-6-20260810-15:01:18-741652,NoiseSweep,6,0,0,sha3,10,0.0,rep3-bch255-131-18\,,7,static,50.0,230.0,50.0,230.0,0.0,1.481733,module=UavAuthNetwork.uav[7]; config=NoiseSweep
2118,NoiseSweep-6-20260810-15:01:18-741652,NoiseSweep,6,0,0,sha3,10,0.0,rep3-bch255-131-18\,,8,static,500.0,120.0,500.0,120.0,0.0,1.541131,module=UavAuthNetwork.uav[8]; config=NoiseSweep
2119,NoiseSweep-6-20260810-15:01:18-741652,NoiseSweep,6,0,0,sha3,10,0.0,rep3-bch255-131-18\,,9,static,500.0,230.0,500.0,230.0,0.0,1.499146,module=UavAuthNetwork.uav[9]; config=NoiseSweep
2120,NoiseSweep-60-20260810-15:01:51-741652,NoiseSweep,60,0,0,sha3,10,0.10,rep3-bch255-131-18\,,0,static,100.0,50.0,100.0,50.0,0.0,1.518543,module=UavAuthNetwork.uav[0]; config=NoiseSweep
2121,NoiseSweep-60-20260810-15:01:51-741652,NoiseSweep,60,0,0,sha3,10,0.10,rep3-bch255-131-18\,,1,static,275.0,50.0,275.0,50.0,0.0,1.499136,module=UavAuthNetwork.uav[1]; config=NoiseSweep
2122,NoiseSweep-60-20260810-15:01:51-741652,NoiseSweep,60,0,0,sha3,10,0.10,rep3-bch255-131-18\,,2,static,450.0,50.0,450.0,50.0,0.0,1.472252,module=UavAuthNetwork.uav[2]; config=NoiseSweep
2123,NoiseSweep-60-20260810-15:01:51-741652,NoiseSweep,60,0,0,sha3,10,0.10,rep3-bch255-131-18\,,3,static,100.0,300.0,100.0,300.0,0.0,1.493821,module=UavAuthNetwork.uav[3]; config=NoiseSweep
2124,NoiseSweep-60-20260810-15:01:51-741652,NoiseSweep,60,0,0,sha3,10,0.10,rep3-bch255-131-18\,,4,static,275.0,300.0,275.0,300.0,0.0,1.53788,module=UavAuthNetwork.uav[4]; config=NoiseSweep
2125,NoiseSweep-60-20260810-15:01:51-741652,NoiseSweep,60,0,0,sha3,10,0.10,rep3-bch255-131-18\,,5,static,450.0,300.0,450.0,300.0,0.0,1.485893,module=UavAuthNetwork.uav[5]; config=NoiseSweep
2126,NoiseSweep-60-20260810-15:01:51-741652,NoiseSweep,60,0,0,sha3,10,0.10,rep3-bch255-131-18\,,6,static,50.0,120.0,50.0,120.0,0.0,1.508843,module=UavAuthNetwork.uav[6]; config=NoiseSweep
2127,NoiseSweep-60-20260810-15:01:51-741652,NoiseSweep,60,0,0,sha3,10,0.10,rep3-bch255-131-18\,,7,static,50.0,230.0,50.0,230.0,0.0,1.481733,module=UavAuthNetwork.uav[7]; config=NoiseSweep
2128,NoiseSweep-60-20260810-15:01:51-741652,NoiseSweep,60,0,0,sha3,10,0.10,rep3-bch255-131-18\,,8,static,500.0,120.0,500.0,120.0,0.0,1.541131,module=UavAuthNetwork.uav[8]; config=NoiseSweep
2129,NoiseSweep-60-20260810-15:01:51-741652,NoiseSweep,60,0,0,sha3,10,0.10,rep3-bch255-131-18\,,9,static,500.0,230.0,500.0,230.0,0.0,1.499146,module=UavAuthNetwork.uav[9]; config=NoiseSweep
2130,NoiseSweep-61-20260810-15:01:51-741652,NoiseSweep,61,1,1,sha3,10,0.10,rep3-bch255-131-18\,,0,static,100.0,50.0,100.0,50.0,0.0,1.483483,module=UavAuthNetwork.uav[0]; config=NoiseSweep
2131,NoiseSweep-61-20260810-15:01:51-741652,NoiseSweep,61,1,1,sha3,10,0.10,rep3-bch255-131-18\,,1,static,275.0,50.0,275.0,50.0,0.0,1.496314,module=UavAuthNetwork.uav[1]; config=NoiseSweep
2132,NoiseSweep-61-20260810-15:01:51-741652,NoiseSweep,61,1,1,sha3,10,0.10,rep3-bch255-131-18\,,2,static,450.0,50.0,450.0,50.0,0.0,1.51139,module=UavAuthNetwork.uav[2]; config=NoiseSweep
2133,NoiseSweep-61-20260810-15:01:51-741652,NoiseSweep,61,1,1,sha3,10,0.10,rep3-bch255-131-18\,,3,static,100.0,300.0,100.0,300.0,0.0,1.492483,module=UavAuthNetwork.uav[3]; config=NoiseSweep
2134,NoiseSweep-61-20260810-15:01:51-741652,NoiseSweep,61,1,1,sha3,10,0.10,rep3-bch255-131-18\,,4,static,275.0,300.0,275.0,300.0,0.0,1.51278,module=UavAuthNetwork.uav[4]; config=NoiseSweep
2135,NoiseSweep-61-20260810-15:01:51-741652,NoiseSweep,61,1,1,sha3,10,0.10,rep3-bch255-131-18\,,5,static,450.0,300.0,450.0,300.0,0.0,1.483981,module=UavAuthNetwork.uav[5]; config=NoiseSweep
2136,NoiseSweep-61-20260810-15:01:51-741652,NoiseSweep,61,1,1,sha3,10,0.10,rep3-bch255-131-18\,,6,static,50.0,120.0,50.0,120.0,0.0,1.560162,module=UavAuthNetwork.uav[6]; config=NoiseSweep
2137,NoiseSweep-61-20260810-15:01:51-741652,NoiseSweep,61,1,1,sha3,10,0.10,rep3-bch255-131-18\,,7,static,50.0,230.0,50.0,230.0,0.0,1.507122,module=UavAuthNetwork.uav[7]; config=NoiseSweep
2138,NoiseSweep-61-20260810-15:01:51-741652,NoiseSweep,61,1,1,sha3,10,0.10,rep3-bch255-131-18\,,8,static,500.0,120.0,500.0,120.0,0.0,1.55149,module=UavAuthNetwork.uav[8]; config=NoiseSweep
2139,NoiseSweep-61-20260810-15:01:51-741652,NoiseSweep,61,1,1,sha3,10,0.10,rep3-bch255-131-18\,,9,static,500.0,230.0,500.0,230.0,0.0,1.483228,module=UavAuthNetwork.uav[9]; config=NoiseSweep
2140,NoiseSweep-62-20260810-15:01:52-741652,NoiseSweep,62,2,2,sha3,10,0.10,rep3-bch255-131-18\,,0,static,100.0,50.0,100.0,50.0,0.0,1.513523,module=UavAuthNetwork.uav[0]; config=NoiseSweep
2141,NoiseSweep-62-20260810-15:01:52-741652,NoiseSweep,62,2,2,sha3,10,0.10,rep3-bch255-131-18\,,1,static,275.0,50.0,275.0,50.0,0.0,1.502978,module=UavAuthNetwork.uav[1]; config=NoiseSweep
2142,NoiseSweep-62-20260810-15:01:52-741652,NoiseSweep,62,2,2,sha3,10,0.10,rep3-bch255-131-18\,,2,static,450.0,50.0,450.0,50.0,0.0,1.502133,module=UavAuthNetwork.uav[2]; config=NoiseSweep
2143,NoiseSweep-62-20260810-15:01:52-741652,NoiseSweep,62,2,2,sha3,10,0.10,rep3-bch255-131-18\,,3,static,100.0,300.0,100.0,300.0,0.0,1.493998,module=UavAuthNetwork.uav[3]; config=NoiseSweep
2144,NoiseSweep-62-20260810-15:01:52-741652,NoiseSweep,62,2,2,sha3,10,0.10,rep3-bch255-131-18\,,4,static,275.0,300.0,275.0,300.0,0.0,1.495697,module=UavAuthNetwork.uav[4]; config=NoiseSweep
2145,NoiseSweep-62-20260810-15:01:52-741652,NoiseSweep,62,2,2,sha3,10,0.10,rep3-bch255-131-18\,,5,static,450.0,300.0,450.0,300.0,0.0,1.533486,module=UavAuthNetwork.uav[5]; config=NoiseSweep
2146,NoiseSweep-62-20260810-15:01:52-741652,NoiseSweep,62,2,2,sha3,10,0.10,rep3-bch255-131-18\,,6,static,50.0,120.0,50.0,120.0,0.0,1.484019,module=UavAuthNetwork.uav[6]; config=NoiseSweep
2147,NoiseSweep-62-20260810-15:01:52-741652,NoiseSweep,62,2,2,sha3,10,0.10,rep3-bch255-131-18\,,7,static,50.0,230.0,50.0,230.0,0.0,1.519149,module=UavAuthNetwork.uav[7]; config=NoiseSweep
2148,NoiseSweep-62-20260810-15:01:52-741652,NoiseSweep,62,2,2,sha3,10,0.10,rep3-bch255-131-18\,,8,static,500.0,120.0,500.0,120.0,0.0,1.533456,module=UavAuthNetwork.uav[8]; config=NoiseSweep
2149,NoiseSweep-62-20260810-15:01:52-741652,NoiseSweep,62,2,2,sha3,10,0.10,rep3-bch255-131-18\,,9,static,500.0,230.0,500.0,230.0,0.0,1.482275,module=UavAuthNetwork.uav[9]; config=NoiseSweep
2150,NoiseSweep-7-20260810-15:01:18-741652,NoiseSweep,7,1,1,sha3,10,0.0,rep3-bch255-131-18\,,0,static,100.0,50.0,100.0,50.0,0.0,1.483483,module=UavAuthNetwork.uav[0]; config=NoiseSweep
2151,NoiseSweep-7-20260810-15:01:18-741652,NoiseSweep,7,1,1,sha3,10,0.0,rep3-bch255-131-18\,,1,static,275.0,50.0,275.0,50.0,0.0,1.496314,module=UavAuthNetwork.uav[1]; config=NoiseSweep
2152,NoiseSweep-7-20260810-15:01:18-741652,NoiseSweep,7,1,1,sha3,10,0.0,rep3-bch255-131-18\,,2,static,450.0,50.0,450.0,50.0,0.0,1.51139,module=UavAuthNetwork.uav[2]; config=NoiseSweep
2153,NoiseSweep-7-20260810-15:01:18-741652,NoiseSweep,7,1,1,sha3,10,0.0,rep3-bch255-131-18\,,3,static,100.0,300.0,100.0,300.0,0.0,1.492483,module=UavAuthNetwork.uav[3]; config=NoiseSweep
2154,NoiseSweep-7-20260810-15:01:18-741652,NoiseSweep,7,1,1,sha3,10,0.0,rep3-bch255-131-18\,,4,static,275.0,300.0,275.0,300.0,0.0,1.51278,module=UavAuthNetwork.uav[4]; config=NoiseSweep
2155,NoiseSweep-7-20260810-15:01:18-741652,NoiseSweep,7,1,1,sha3,10,0.0,rep3-bch255-131-18\,,5,static,450.0,300.0,450.0,300.0,0.0,1.483981,module=UavAuthNetwork.uav[5]; config=NoiseSweep
2156,NoiseSweep-7-20260810-15:01:18-741652,NoiseSweep,7,1,1,sha3,10,0.0,rep3-bch255-131-18\,,6,static,50.0,120.0,50.0,120.0,0.0,1.560162,module=UavAuthNetwork.uav[6]; config=NoiseSweep
2157,NoiseSweep-7-20260810-15:01:18-741652,NoiseSweep,7,1,1,sha3,10,0.0,rep3-bch255-131-18\,,7,static,50.0,230.0,50.0,230.0,0.0,1.507122,module=UavAuthNetwork.uav[7]; config=NoiseSweep
2158,NoiseSweep-7-20260810-15:01:18-741652,NoiseSweep,7,1,1,sha3,10,0.0,rep3-bch255-131-18\,,8,static,500.0,120.0,500.0,120.0,0.0,1.55149,module=UavAuthNetwork.uav[8]; config=NoiseSweep
2159,NoiseSweep-7-20260810-15:01:18-741652,NoiseSweep,7,1,1,sha3,10,0.0,rep3-bch255-131-18\,,9,static,500.0,230.0,500.0,230.0,0.0,1.483228,module=UavAuthNetwork.uav[9]; config=NoiseSweep
2160,NoiseSweep-8-20260810-15:01:18-741652,NoiseSweep,8,2,2,sha3,10,0.0,rep3-bch255-131-18\,,0,static,100.0,50.0,100.0,50.0,0.0,1.513523,module=UavAuthNetwork.uav[0]; config=NoiseSweep
2161,NoiseSweep-8-20260810-15:01:18-741652,NoiseSweep,8,2,2,sha3,10,0.0,rep3-bch255-131-18\,,1,static,275.0,50.0,275.0,50.0,0.0,1.502978,module=UavAuthNetwork.uav[1]; config=NoiseSweep
2162,NoiseSweep-8-20260810-15:01:18-741652,NoiseSweep,8,2,2,sha3,10,0.0,rep3-bch255-131-18\,,2,static,450.0,50.0,450.0,50.0,0.0,1.502133,module=UavAuthNetwork.uav[2]; config=NoiseSweep
2163,NoiseSweep-8-20260810-15:01:18-741652,NoiseSweep,8,2,2,sha3,10,0.0,rep3-bch255-131-18\,,3,static,100.0,300.0,100.0,300.0,0.0,1.493998,module=UavAuthNetwork.uav[3]; config=NoiseSweep
2164,NoiseSweep-8-20260810-15:01:18-741652,NoiseSweep,8,2,2,sha3,10,0.0,rep3-bch255-131-18\,,4,static,275.0,300.0,275.0,300.0,0.0,1.495697,module=UavAuthNetwork.uav[4]; config=NoiseSweep
2165,NoiseSweep-8-20260810-15:01:18-741652,NoiseSweep,8,2,2,sha3,10,0.0,rep3-bch255-131-18\,,5,static,450.0,300.0,450.0,300.0,0.0,1.533486,module=UavAuthNetwork.uav[5]; config=NoiseSweep
2166,NoiseSweep-8-20260810-15:01:18-741652,NoiseSweep,8,2,2,sha3,10,0.0,rep3-bch255-131-18\,,6,static,50.0,120.0,50.0,120.0,0.0,1.484019,module=UavAuthNetwork.uav[6]; config=NoiseSweep
2167,NoiseSweep-8-20260810-15:01:18-741652,NoiseSweep,8,2,2,sha3,10,0.0,rep3-bch255-131-18\,,7,static,50.0,230.0,50.0,230.0,0.0,1.519149,module=UavAuthNetwork.uav[7]; config=NoiseSweep
2168,NoiseSweep-8-20260810-15:01:18-741652,NoiseSweep,8,2,2,sha3,10,0.0,rep3-bch255-131-18\,,8,static,500.0,120.0,500.0,120.0,0.0,1.533456,module=UavAuthNetwork.uav[8]; config=NoiseSweep
2169,NoiseSweep-8-20260810-15:01:18-741652,NoiseSweep,8,2,2,sha3,10,0.0,rep3-bch255-131-18\,,9,static,500.0,230.0,500.0,230.0,0.0,1.482275,module=UavAuthNetwork.uav[9]; config=NoiseSweep
2170,NoiseSweep-9-20260810-15:01:18-741652,NoiseSweep,9,0,0,sha3,10,0.01,bch255-131-18\,,0,static,100.0,50.0,100.0,50.0,0.0,1.518543,module=UavAuthNetwork.uav[0]; config=NoiseSweep
2171,NoiseSweep-9-20260810-15:01:18-741652,NoiseSweep,9,0,0,sha3,10,0.01,bch255-131-18\,,1,static,275.0,50.0,275.0,50.0,0.0,1.499136,module=UavAuthNetwork.uav[1]; config=NoiseSweep
2172,NoiseSweep-9-20260810-15:01:18-741652,NoiseSweep,9,0,0,sha3,10,0.01,bch255-131-18\,,2,static,450.0,50.0,450.0,50.0,0.0,1.472252,module=UavAuthNetwork.uav[2]; config=NoiseSweep
2173,NoiseSweep-9-20260810-15:01:18-741652,NoiseSweep,9,0,0,sha3,10,0.01,bch255-131-18\,,3,static,100.0,300.0,100.0,300.0,0.0,1.493821,module=UavAuthNetwork.uav[3]; config=NoiseSweep
2174,NoiseSweep-9-20260810-15:01:18-741652,NoiseSweep,9,0,0,sha3,10,0.01,bch255-131-18\,,4,static,275.0,300.0,275.0,300.0,0.0,1.53788,module=UavAuthNetwork.uav[4]; config=NoiseSweep
2175,NoiseSweep-9-20260810-15:01:18-741652,NoiseSweep,9,0,0,sha3,10,0.01,bch255-131-18\,,5,static,450.0,300.0,450.0,300.0,0.0,1.485893,module=UavAuthNetwork.uav[5]; config=NoiseSweep
2176,NoiseSweep-9-20260810-15:01:18-741652,NoiseSweep,9,0,0,sha3,10,0.01,bch255-131-18\,,6,static,50.0,120.0,50.0,120.0,0.0,1.508843,module=UavAuthNetwork.uav[6]; config=NoiseSweep
2177,NoiseSweep-9-20260810-15:01:18-741652,NoiseSweep,9,0,0,sha3,10,0.01,bch255-131-18\,,7,static,50.0,230.0,50.0,230.0,0.0,1.481733,module=UavAuthNetwork.uav[7]; config=NoiseSweep
2178,NoiseSweep-9-20260810-15:01:18-741652,NoiseSweep,9,0,0,sha3,10,0.01,bch255-131-18\,,8,static,500.0,120.0,500.0,120.0,0.0,1.541131,module=UavAuthNetwork.uav[8]; config=NoiseSweep
2179,NoiseSweep-9-20260810-15:01:18-741652,NoiseSweep,9,0,0,sha3,10,0.01,bch255-131-18\,,9,static,500.0,230.0,500.0,230.0,0.0,1.499146,module=UavAuthNetwork.uav[9]; config=NoiseSweep
2180,StadiumSHA3-0-20260810-16:41:43-784011,StadiumSHA3,0,0,0,sha3,10,,,,0,static,100.0,50.0,100.0,50.0,0.0,1.518543,module=UavAuthNetwork.uav[0]; config=StadiumSHA3
2181,StadiumSHA3-0-20260810-16:41:43-784011,StadiumSHA3,0,0,0,sha3,10,,,,1,static,275.0,50.0,275.0,50.0,0.0,1.499136,module=UavAuthNetwork.uav[1]; config=StadiumSHA3
2182,StadiumSHA3-0-20260810-16:41:43-784011,StadiumSHA3,0,0,0,sha3,10,,,,2,static,450.0,50.0,450.0,50.0,0.0,1.472252,module=UavAuthNetwork.uav[2]; config=StadiumSHA3
2183,StadiumSHA3-0-20260810-16:41:43-784011,StadiumSHA3,0,0,0,sha3,10,,,,3,static,100.0,300.0,100.0,300.0,0.0,1.493821,module=UavAuthNetwork.uav[3]; config=StadiumSHA3
2184,StadiumSHA3-0-20260810-16:41:43-784011,StadiumSHA3,0,0,0,sha3,10,,,,4,static,275.0,300.0,275.0,300.0,0.0,1.53788,module=UavAuthNetwork.uav[4]; config=StadiumSHA3
2185,StadiumSHA3-0-20260810-16:41:43-784011,StadiumSHA3,0,0,0,sha3,10,,,,5,static,450.0,300.0,450.0,300.0,0.0,1.485893,module=UavAuthNetwork.uav[5]; config=StadiumSHA3
2186,StadiumSHA3-0-20260810-16:41:43-784011,StadiumSHA3,0,0,0,sha3,10,,,,6,static,50.0,120.0,50.0,120.0,0.0,1.508843,module=UavAuthNetwork.uav[6]; config=StadiumSHA3
2187,StadiumSHA3-0-20260810-16:41:43-784011,StadiumSHA3,0,0,0,sha3,10,,,,7,static,50.0,230.0,50.0,230.0,0.0,1.481733,module=UavAuthNetwork.uav[7]; config=StadiumSHA3
2188,StadiumSHA3-0-20260810-16:41:43-784011,StadiumSHA3,0,0,0,sha3,10,,,,8,static,500.0,120.0,500.0,120.0,0.0,1.541131,module=UavAuthNetwork.uav[8]; config=StadiumSHA3
2189,StadiumSHA3-0-20260810-16:41:43-784011,StadiumSHA3,0,0,0,sha3,10,,,,9,static,500.0,230.0,500.0,230.0,0.0,1.499146,module=UavAuthNetwork.uav[9]; config=StadiumSHA3
2190,StadiumSHA3-1-20260810-14:59:31-739766,StadiumSHA3,1,1,1,sha3,10,,,,0,static,100.0,50.0,100.0,50.0,0.0,1.483483,module=UavAuthNetwork.uav[0]; config=StadiumSHA3
2191,StadiumSHA3-1-20260810-14:59:31-739766,StadiumSHA3,1,1,1,sha3,10,,,,1,static,275.0,50.0,275.0,50.0,0.0,1.496314,module=UavAuthNetwork.uav[1]; config=StadiumSHA3
2192,StadiumSHA3-1-20260810-14:59:31-739766,StadiumSHA3,1,1,1,sha3,10,,,,2,static,450.0,50.0,450.0,50.0,0.0,1.51139,module=UavAuthNetwork.uav[2]; config=StadiumSHA3
2193,StadiumSHA3-1-20260810-14:59:31-739766,StadiumSHA3,1,1,1,sha3,10,,,,3,static,100.0,300.0,100.0,300.0,0.0,1.492483,module=UavAuthNetwork.uav[3]; config=StadiumSHA3
2194,StadiumSHA3-1-20260810-14:59:31-739766,StadiumSHA3,1,1,1,sha3,10,,,,4,static,275.0,300.0,275.0,300.0,0.0,1.51278,module=UavAuthNetwork.uav[4]; config=StadiumSHA3
2195,StadiumSHA3-1-20260810-14:59:31-739766,StadiumSHA3,1,1,1,sha3,10,,,,5,static,450.0,300.0,450.0,300.0,0.0,1.483981,module=UavAuthNetwork.uav[5]; config=StadiumSHA3
2196,StadiumSHA3-1-20260810-14:59:31-739766,StadiumSHA3,1,1,1,sha3,10,,,,6,static,50.0,120.0,50.0,120.0,0.0,1.560162,module=UavAuthNetwork.uav[6]; config=StadiumSHA3
2197,StadiumSHA3-1-20260810-14:59:31-739766,StadiumSHA3,1,1,1,sha3,10,,,,7,static,50.0,230.0,50.0,230.0,0.0,1.507122,module=UavAuthNetwork.uav[7]; config=StadiumSHA3
2198,StadiumSHA3-1-20260810-14:59:31-739766,StadiumSHA3,1,1,1,sha3,10,,,,8,static,500.0,120.0,500.0,120.0,0.0,1.55149,module=UavAuthNetwork.uav[8]; config=StadiumSHA3
2199,StadiumSHA3-1-20260810-14:59:31-739766,StadiumSHA3,1,1,1,sha3,10,,,,9,static,500.0,230.0,500.0,230.0,0.0,1.483228,module=UavAuthNetwork.uav[9]; config=StadiumSHA3
2200,StadiumSHA3-10-20260810-14:59:31-739766,StadiumSHA3,10,10,10,sha3,10,,,,0,static,100.0,50.0,100.0,50.0,0.0,1.523796,module=UavAuthNetwork.uav[0]; config=StadiumSHA3
2201,StadiumSHA3-10-20260810-14:59:31-739766,StadiumSHA3,10,10,10,sha3,10,,,,1,static,275.0,50.0,275.0,50.0,0.0,1.480055,module=UavAuthNetwork.uav[1]; config=StadiumSHA3
2202,StadiumSHA3-10-20260810-14:59:31-739766,StadiumSHA3,10,10,10,sha3,10,,,,2,static,450.0,50.0,450.0,50.0,0.0,1.525032,module=UavAuthNetwork.uav[2]; config=StadiumSHA3
2203,StadiumSHA3-10-20260810-14:59:31-739766,StadiumSHA3,10,10,10,sha3,10,,,,3,static,100.0,300.0,100.0,300.0,0.0,1.467742,module=UavAuthNetwork.uav[3]; config=StadiumSHA3
2204,StadiumSHA3-10-20260810-14:59:31-739766,StadiumSHA3,10,10,10,sha3,10,,,,4,static,275.0,300.0,275.0,300.0,0.0,1.456487,module=UavAuthNetwork.uav[4]; config=StadiumSHA3
2205,StadiumSHA3-10-20260810-14:59:31-739766,StadiumSHA3,10,10,10,sha3,10,,,,5,static,450.0,300.0,450.0,300.0,0.0,1.518545,module=UavAuthNetwork.uav[5]; config=StadiumSHA3
2206,StadiumSHA3-10-20260810-14:59:31-739766,StadiumSHA3,10,10,10,sha3,10,,,,6,static,50.0,120.0,50.0,120.0,0.0,1.505884,module=UavAuthNetwork.uav[6]; config=StadiumSHA3
2207,StadiumSHA3-10-20260810-14:59:31-739766,StadiumSHA3,10,10,10,sha3,10,,,,7,static,50.0,230.0,50.0,230.0,0.0,1.499033,module=UavAuthNetwork.uav[7]; config=StadiumSHA3
2208,StadiumSHA3-10-20260810-14:59:31-739766,StadiumSHA3,10,10,10,sha3,10,,,,8,static,500.0,120.0,500.0,120.0,0.0,1.529817,module=UavAuthNetwork.uav[8]; config=StadiumSHA3
2209,StadiumSHA3-10-20260810-14:59:31-739766,StadiumSHA3,10,10,10,sha3,10,,,,9,static,500.0,230.0,500.0,230.0,0.0,1.49391,module=UavAuthNetwork.uav[9]; config=StadiumSHA3
2210,StadiumSHA3-11-20260810-14:59:31-739766,StadiumSHA3,11,11,11,sha3,10,,,,0,static,100.0,50.0,100.0,50.0,0.0,1.509746,module=UavAuthNetwork.uav[0]; config=StadiumSHA3
2211,StadiumSHA3-11-20260810-14:59:31-739766,StadiumSHA3,11,11,11,sha3,10,,,,1,static,275.0,50.0,275.0,50.0,0.0,1.493051,module=UavAuthNetwork.uav[1]; config=StadiumSHA3
2212,StadiumSHA3-11-20260810-14:59:31-739766,StadiumSHA3,11,11,11,sha3,10,,,,2,static,450.0,50.0,450.0,50.0,0.0,1.51405,module=UavAuthNetwork.uav[2]; config=StadiumSHA3
2213,StadiumSHA3-11-20260810-14:59:31-739766,StadiumSHA3,11,11,11,sha3,10,,,,3,static,100.0,300.0,100.0,300.0,0.0,1.482247,module=UavAuthNetwork.uav[3]; config=StadiumSHA3
2214,StadiumSHA3-11-20260810-14:59:31-739766,StadiumSHA3,11,11,11,sha3,10,,,,4,static,275.0,300.0,275.0,300.0,0.0,1.513049,module=UavAuthNetwork.uav[4]; config=StadiumSHA3
2215,StadiumSHA3-11-20260810-14:59:31-739766,StadiumSHA3,11,11,11,sha3,10,,,,5,static,450.0,300.0,450.0,300.0,0.0,1.484121,module=UavAuthNetwork.uav[5]; config=StadiumSHA3
2216,StadiumSHA3-11-20260810-14:59:31-739766,StadiumSHA3,11,11,11,sha3,10,,,,6,static,50.0,120.0,50.0,120.0,0.0,1.510069,module=UavAuthNetwork.uav[6]; config=StadiumSHA3
2217,StadiumSHA3-11-20260810-14:59:31-739766,StadiumSHA3,11,11,11,sha3,10,,,,7,static,50.0,230.0,50.0,230.0,0.0,1.538761,module=UavAuthNetwork.uav[7]; config=StadiumSHA3
2218,StadiumSHA3-11-20260810-14:59:31-739766,StadiumSHA3,11,11,11,sha3,10,,,,8,static,500.0,120.0,500.0,120.0,0.0,1.50236,module=UavAuthNetwork.uav[8]; config=StadiumSHA3
2219,StadiumSHA3-11-20260810-14:59:31-739766,StadiumSHA3,11,11,11,sha3,10,,,,9,static,500.0,230.0,500.0,230.0,0.0,1.5235,module=UavAuthNetwork.uav[9]; config=StadiumSHA3
2220,StadiumSHA3-12-20260810-14:59:31-739766,StadiumSHA3,12,12,12,sha3,10,,,,0,static,100.0,50.0,100.0,50.0,0.0,1.530444,module=UavAuthNetwork.uav[0]; config=StadiumSHA3
2221,StadiumSHA3-12-20260810-14:59:31-739766,StadiumSHA3,12,12,12,sha3,10,,,,1,static,275.0,50.0,275.0,50.0,0.0,1.489694,module=UavAuthNetwork.uav[1]; config=StadiumSHA3
2222,StadiumSHA3-12-20260810-14:59:31-739766,StadiumSHA3,12,12,12,sha3,10,,,,2,static,450.0,50.0,450.0,50.0,0.0,1.50253,module=UavAuthNetwork.uav[2]; config=StadiumSHA3
2223,StadiumSHA3-12-20260810-14:59:31-739766,StadiumSHA3,12,12,12,sha3,10,,,,3,static,100.0,300.0,100.0,300.0,0.0,1.514237,module=UavAuthNetwork.uav[3]; config=StadiumSHA3
2224,StadiumSHA3-12-20260810-14:59:31-739766,StadiumSHA3,12,12,12,sha3,10,,,,4,static,275.0,300.0,275.0,300.0,0.0,1.515658,module=UavAuthNetwork.uav[4]; config=StadiumSHA3
2225,StadiumSHA3-12-20260810-14:59:31-739766,StadiumSHA3,12,12,12,sha3,10,,,,5,static,450.0,300.0,450.0,300.0,0.0,1.544292,module=UavAuthNetwork.uav[5]; config=StadiumSHA3
2226,StadiumSHA3-12-20260810-14:59:31-739766,StadiumSHA3,12,12,12,sha3,10,,,,6,static,50.0,120.0,50.0,120.0,0.0,1.515532,module=UavAuthNetwork.uav[6]; config=StadiumSHA3
2227,StadiumSHA3-12-20260810-14:59:31-739766,StadiumSHA3,12,12,12,sha3,10,,,,7,static,50.0,230.0,50.0,230.0,0.0,1.511455,module=UavAuthNetwork.uav[7]; config=StadiumSHA3
2228,StadiumSHA3-12-20260810-14:59:31-739766,StadiumSHA3,12,12,12,sha3,10,,,,8,static,500.0,120.0,500.0,120.0,0.0,1.476198,module=UavAuthNetwork.uav[8]; config=StadiumSHA3
2229,StadiumSHA3-12-20260810-14:59:31-739766,StadiumSHA3,12,12,12,sha3,10,,,,9,static,500.0,230.0,500.0,230.0,0.0,1.47332,module=UavAuthNetwork.uav[9]; config=StadiumSHA3
2230,StadiumSHA3-13-20260810-14:59:31-739766,StadiumSHA3,13,13,13,sha3,10,,,,0,static,100.0,50.0,100.0,50.0,0.0,1.483305,module=UavAuthNetwork.uav[0]; config=StadiumSHA3
2231,StadiumSHA3-13-20260810-14:59:31-739766,StadiumSHA3,13,13,13,sha3,10,,,,1,static,275.0,50.0,275.0,50.0,0.0,1.479212,module=UavAuthNetwork.uav[1]; config=StadiumSHA3
2232,StadiumSHA3-13-20260810-14:59:31-739766,StadiumSHA3,13,13,13,sha3,10,,,,2,static,450.0,50.0,450.0,50.0,0.0,1.491213,module=UavAuthNetwork.uav[2]; config=StadiumSHA3
2233,StadiumSHA3-13-20260810-14:59:31-739766,StadiumSHA3,13,13,13,sha3,10,,,,3,static,100.0,300.0,100.0,300.0,0.0,1.464824,module=UavAuthNetwork.uav[3]; config=StadiumSHA3
2234,StadiumSHA3-13-20260810-14:59:31-739766,StadiumSHA3,13,13,13,sha3,10,,,,4,static,275.0,300.0,275.0,300.0,0.0,1.508734,module=UavAuthNetwork.uav[4]; config=StadiumSHA3
2235,StadiumSHA3-13-20260810-14:59:31-739766,StadiumSHA3,13,13,13,sha3,10,,,,5,static,450.0,300.0,450.0,300.0,0.0,1.473578,module=UavAuthNetwork.uav[5]; config=StadiumSHA3
2236,StadiumSHA3-13-20260810-14:59:31-739766,StadiumSHA3,13,13,13,sha3,10,,,,6,static,50.0,120.0,50.0,120.0,0.0,1.485418,module=UavAuthNetwork.uav[6]; config=StadiumSHA3
2237,StadiumSHA3-13-20260810-14:59:31-739766,StadiumSHA3,13,13,13,sha3,10,,,,7,static,50.0,230.0,50.0,230.0,0.0,1.536962,module=UavAuthNetwork.uav[7]; config=StadiumSHA3
2238,StadiumSHA3-13-20260810-14:59:31-739766,StadiumSHA3,13,13,13,sha3,10,,,,8,static,500.0,120.0,500.0,120.0,0.0,1.531453,module=UavAuthNetwork.uav[8]; config=StadiumSHA3
2239,StadiumSHA3-13-20260810-14:59:31-739766,StadiumSHA3,13,13,13,sha3,10,,,,9,static,500.0,230.0,500.0,230.0,0.0,1.500287,module=UavAuthNetwork.uav[9]; config=StadiumSHA3
2240,StadiumSHA3-14-20260810-14:59:31-739766,StadiumSHA3,14,14,14,sha3,10,,,,0,static,100.0,50.0,100.0,50.0,0.0,1.49821,module=UavAuthNetwork.uav[0]; config=StadiumSHA3
2241,StadiumSHA3-14-20260810-14:59:31-739766,StadiumSHA3,14,14,14,sha3,10,,,,1,static,275.0,50.0,275.0,50.0,0.0,1.494536,module=UavAuthNetwork.uav[1]; config=StadiumSHA3
2242,StadiumSHA3-14-20260810-14:59:31-739766,StadiumSHA3,14,14,14,sha3,10,,,,2,static,450.0,50.0,450.0,50.0,0.0,1.495669,module=UavAuthNetwork.uav[2]; config=StadiumSHA3
2243,StadiumSHA3-14-20260810-14:59:31-739766,StadiumSHA3,14,14,14,sha3,10,,,,3,static,100.0,300.0,100.0,300.0,0.0,1.515133,module=UavAuthNetwork.uav[3]; config=StadiumSHA3
2244,StadiumSHA3-14-20260810-14:59:31-739766,StadiumSHA3,14,14,14,sha3,10,,,,4,static,275.0,300.0,275.0,300.0,0.0,1.487823,module=UavAuthNetwork.uav[4]; config=StadiumSHA3
2245,StadiumSHA3-14-20260810-14:59:31-739766,StadiumSHA3,14,14,14,sha3,10,,,,5,static,450.0,300.0,450.0,300.0,0.0,1.490159,module=UavAuthNetwork.uav[5]; config=StadiumSHA3
2246,StadiumSHA3-14-20260810-14:59:31-739766,StadiumSHA3,14,14,14,sha3,10,,,,6,static,50.0,120.0,50.0,120.0,0.0,1.474565,module=UavAuthNetwork.uav[6]; config=StadiumSHA3
2247,StadiumSHA3-14-20260810-14:59:31-739766,StadiumSHA3,14,14,14,sha3,10,,,,7,static,50.0,230.0,50.0,230.0,0.0,1.48474,module=UavAuthNetwork.uav[7]; config=StadiumSHA3
2248,StadiumSHA3-14-20260810-14:59:31-739766,StadiumSHA3,14,14,14,sha3,10,,,,8,static,500.0,120.0,500.0,120.0,0.0,1.524294,module=UavAuthNetwork.uav[8]; config=StadiumSHA3
2249,StadiumSHA3-14-20260810-14:59:31-739766,StadiumSHA3,14,14,14,sha3,10,,,,9,static,500.0,230.0,500.0,230.0,0.0,1.517968,module=UavAuthNetwork.uav[9]; config=StadiumSHA3
2250,StadiumSHA3-15-20260810-14:59:31-739766,StadiumSHA3,15,15,15,sha3,10,,,,0,static,100.0,50.0,100.0,50.0,0.0,1.530826,module=UavAuthNetwork.uav[0]; config=StadiumSHA3
2251,StadiumSHA3-15-20260810-14:59:31-739766,StadiumSHA3,15,15,15,sha3,10,,,,1,static,275.0,50.0,275.0,50.0,0.0,1.483098,module=UavAuthNetwork.uav[1]; config=StadiumSHA3
2252,StadiumSHA3-15-20260810-14:59:31-739766,StadiumSHA3,15,15,15,sha3,10,,,,2,static,450.0,50.0,450.0,50.0,0.0,1.501122,module=UavAuthNetwork.uav[2]; config=StadiumSHA3
2253,StadiumSHA3-15-20260810-14:59:31-739766,StadiumSHA3,15,15,15,sha3,10,,,,3,static,100.0,300.0,100.0,300.0,0.0,1.493708,module=UavAuthNetwork.uav[3]; config=StadiumSHA3
2254,StadiumSHA3-15-20260810-14:59:31-739766,StadiumSHA3,15,15,15,sha3,10,,,,4,static,275.0,300.0,275.0,300.0,0.0,1.502085,module=UavAuthNetwork.uav[4]; config=StadiumSHA3
2255,StadiumSHA3-15-20260810-14:59:31-739766,StadiumSHA3,15,15,15,sha3,10,,,,5,static,450.0,300.0,450.0,300.0,0.0,1.48012,module=UavAuthNetwork.uav[5]; config=StadiumSHA3
2256,StadiumSHA3-15-20260810-14:59:31-739766,StadiumSHA3,15,15,15,sha3,10,,,,6,static,50.0,120.0,50.0,120.0,0.0,1.515445,module=UavAuthNetwork.uav[6]; config=StadiumSHA3
2257,StadiumSHA3-15-20260810-14:59:31-739766,StadiumSHA3,15,15,15,sha3,10,,,,7,static,50.0,230.0,50.0,230.0,0.0,1.500623,module=UavAuthNetwork.uav[7]; config=StadiumSHA3
2258,StadiumSHA3-15-20260810-14:59:31-739766,StadiumSHA3,15,15,15,sha3,10,,,,8,static,500.0,120.0,500.0,120.0,0.0,1.501895,module=UavAuthNetwork.uav[8]; config=StadiumSHA3
2259,StadiumSHA3-15-20260810-14:59:31-739766,StadiumSHA3,15,15,15,sha3,10,,,,9,static,500.0,230.0,500.0,230.0,0.0,1.496438,module=UavAuthNetwork.uav[9]; config=StadiumSHA3
2260,StadiumSHA3-16-20260810-14:59:31-739766,StadiumSHA3,16,16,16,sha3,10,,,,0,static,100.0,50.0,100.0,50.0,0.0,1.48464,module=UavAuthNetwork.uav[0]; config=StadiumSHA3
2261,StadiumSHA3-16-20260810-14:59:31-739766,StadiumSHA3,16,16,16,sha3,10,,,,1,static,275.0,50.0,275.0,50.0,0.0,1.482025,module=UavAuthNetwork.uav[1]; config=StadiumSHA3
2262,StadiumSHA3-16-20260810-14:59:31-739766,StadiumSHA3,16,16,16,sha3,10,,,,2,static,450.0,50.0,450.0,50.0,0.0,1.471995,module=UavAuthNetwork.uav[2]; config=StadiumSHA3
2263,StadiumSHA3-16-20260810-14:59:31-739766,StadiumSHA3,16,16,16,sha3,10,,,,3,static,100.0,300.0,100.0,300.0,0.0,1.470645,module=UavAuthNetwork.uav[3]; config=StadiumSHA3
2264,StadiumSHA3-16-20260810-14:59:31-739766,StadiumSHA3,16,16,16,sha3,10,,,,4,static,275.0,300.0,275.0,300.0,0.0,1.47872,module=UavAuthNetwork.uav[4]; config=StadiumSHA3
2265,StadiumSHA3-16-20260810-14:59:31-739766,StadiumSHA3,16,16,16,sha3,10,,,,5,static,450.0,300.0,450.0,300.0,0.0,1.534537,module=UavAuthNetwork.uav[5]; config=StadiumSHA3
2266,StadiumSHA3-16-20260810-14:59:31-739766,StadiumSHA3,16,16,16,sha3,10,,,,6,static,50.0,120.0,50.0,120.0,0.0,1.508375,module=UavAuthNetwork.uav[6]; config=StadiumSHA3
2267,StadiumSHA3-16-20260810-14:59:31-739766,StadiumSHA3,16,16,16,sha3,10,,,,7,static,50.0,230.0,50.0,230.0,0.0,1.489232,module=UavAuthNetwork.uav[7]; config=StadiumSHA3
2268,StadiumSHA3-16-20260810-14:59:31-739766,StadiumSHA3,16,16,16,sha3,10,,,,8,static,500.0,120.0,500.0,120.0,0.0,1.483697,module=UavAuthNetwork.uav[8]; config=StadiumSHA3
2269,StadiumSHA3-16-20260810-14:59:31-739766,StadiumSHA3,16,16,16,sha3,10,,,,9,static,500.0,230.0,500.0,230.0,0.0,1.530629,module=UavAuthNetwork.uav[9]; config=StadiumSHA3
2270,StadiumSHA3-17-20260810-14:59:31-739766,StadiumSHA3,17,17,17,sha3,10,,,,0,static,100.0,50.0,100.0,50.0,0.0,1.508817,module=UavAuthNetwork.uav[0]; config=StadiumSHA3
2271,StadiumSHA3-17-20260810-14:59:31-739766,StadiumSHA3,17,17,17,sha3,10,,,,1,static,275.0,50.0,275.0,50.0,0.0,1.484869,module=UavAuthNetwork.uav[1]; config=StadiumSHA3
2272,StadiumSHA3-17-20260810-14:59:31-739766,StadiumSHA3,17,17,17,sha3,10,,,,2,static,450.0,50.0,450.0,50.0,0.0,1.461668,module=UavAuthNetwork.uav[2]; config=StadiumSHA3
2273,StadiumSHA3-17-20260810-14:59:31-739766,StadiumSHA3,17,17,17,sha3,10,,,,3,static,100.0,300.0,100.0,300.0,0.0,1.510323,module=UavAuthNetwork.uav[3]; config=StadiumSHA3
2274,StadiumSHA3-17-20260810-14:59:31-739766,StadiumSHA3,17,17,17,sha3,10,,,,4,static,275.0,300.0,275.0,300.0,0.0,1.514656,module=UavAuthNetwork.uav[4]; config=StadiumSHA3
2275,StadiumSHA3-17-20260810-14:59:31-739766,StadiumSHA3,17,17,17,sha3,10,,,,5,static,450.0,300.0,450.0,300.0,0.0,1.517947,module=UavAuthNetwork.uav[5]; config=StadiumSHA3
2276,StadiumSHA3-17-20260810-14:59:31-739766,StadiumSHA3,17,17,17,sha3,10,,,,6,static,50.0,120.0,50.0,120.0,0.0,1.526435,module=UavAuthNetwork.uav[6]; config=StadiumSHA3
2277,StadiumSHA3-17-20260810-14:59:31-739766,StadiumSHA3,17,17,17,sha3,10,,,,7,static,50.0,230.0,50.0,230.0,0.0,1.555002,module=UavAuthNetwork.uav[7]; config=StadiumSHA3
2278,StadiumSHA3-17-20260810-14:59:31-739766,StadiumSHA3,17,17,17,sha3,10,,,,8,static,500.0,120.0,500.0,120.0,0.0,1.496606,module=UavAuthNetwork.uav[8]; config=StadiumSHA3
2279,StadiumSHA3-17-20260810-14:59:31-739766,StadiumSHA3,17,17,17,sha3,10,,,,9,static,500.0,230.0,500.0,230.0,0.0,1.524455,module=UavAuthNetwork.uav[9]; config=StadiumSHA3
2280,StadiumSHA3-18-20260810-14:59:31-739766,StadiumSHA3,18,18,18,sha3,10,,,,0,static,100.0,50.0,100.0,50.0,0.0,1.54356,module=UavAuthNetwork.uav[0]; config=StadiumSHA3
2281,StadiumSHA3-18-20260810-14:59:31-739766,StadiumSHA3,18,18,18,sha3,10,,,,1,static,275.0,50.0,275.0,50.0,0.0,1.481748,module=UavAuthNetwork.uav[1]; config=StadiumSHA3
2282,StadiumSHA3-18-20260810-14:59:31-739766,StadiumSHA3,18,18,18,sha3,10,,,,2,static,450.0,50.0,450.0,50.0,0.0,1.509128,module=UavAuthNetwork.uav[2]; config=StadiumSHA3
2283,StadiumSHA3-18-20260810-14:59:31-739766,StadiumSHA3,18,18,18,sha3,10,,,,3,static,100.0,300.0,100.0,300.0,0.0,1.540153,module=UavAuthNetwork.uav[3]; config=StadiumSHA3
2284,StadiumSHA3-18-20260810-14:59:31-739766,StadiumSHA3,18,18,18,sha3,10,,,,4,static,275.0,300.0,275.0,300.0,0.0,1.519559,module=UavAuthNetwork.uav[4]; config=StadiumSHA3
2285,StadiumSHA3-18-20260810-14:59:31-739766,StadiumSHA3,18,18,18,sha3,10,,,,5,static,450.0,300.0,450.0,300.0,0.0,1.536621,module=UavAuthNetwork.uav[5]; config=StadiumSHA3
2286,StadiumSHA3-18-20260810-14:59:31-739766,StadiumSHA3,18,18,18,sha3,10,,,,6,static,50.0,120.0,50.0,120.0,0.0,1.52212,module=UavAuthNetwork.uav[6]; config=StadiumSHA3
2287,StadiumSHA3-18-20260810-14:59:31-739766,StadiumSHA3,18,18,18,sha3,10,,,,7,static,50.0,230.0,50.0,230.0,0.0,1.519614,module=UavAuthNetwork.uav[7]; config=StadiumSHA3
2288,StadiumSHA3-18-20260810-14:59:31-739766,StadiumSHA3,18,18,18,sha3,10,,,,8,static,500.0,120.0,500.0,120.0,0.0,1.494294,module=UavAuthNetwork.uav[8]; config=StadiumSHA3
2289,StadiumSHA3-18-20260810-14:59:31-739766,StadiumSHA3,18,18,18,sha3,10,,,,9,static,500.0,230.0,500.0,230.0,0.0,1.513928,module=UavAuthNetwork.uav[9]; config=StadiumSHA3
2290,StadiumSHA3-19-20260810-14:59:31-739766,StadiumSHA3,19,19,19,sha3,10,,,,0,static,100.0,50.0,100.0,50.0,0.0,1.534741,module=UavAuthNetwork.uav[0]; config=StadiumSHA3
2291,StadiumSHA3-19-20260810-14:59:31-739766,StadiumSHA3,19,19,19,sha3,10,,,,1,static,275.0,50.0,275.0,50.0,0.0,1.483569,module=UavAuthNetwork.uav[1]; config=StadiumSHA3
2292,StadiumSHA3-19-20260810-14:59:31-739766,StadiumSHA3,19,19,19,sha3,10,,,,2,static,450.0,50.0,450.0,50.0,0.0,1.506,module=UavAuthNetwork.uav[2]; config=StadiumSHA3
2293,StadiumSHA3-19-20260810-14:59:31-739766,StadiumSHA3,19,19,19,sha3,10,,,,3,static,100.0,300.0,100.0,300.0,0.0,1.465014,module=UavAuthNetwork.uav[3]; config=StadiumSHA3
2294,StadiumSHA3-19-20260810-14:59:31-739766,StadiumSHA3,19,19,19,sha3,10,,,,4,static,275.0,300.0,275.0,300.0,0.0,1.46755,module=UavAuthNetwork.uav[4]; config=StadiumSHA3
2295,StadiumSHA3-19-20260810-14:59:31-739766,StadiumSHA3,19,19,19,sha3,10,,,,5,static,450.0,300.0,450.0,300.0,0.0,1.489083,module=UavAuthNetwork.uav[5]; config=StadiumSHA3
2296,StadiumSHA3-19-20260810-14:59:31-739766,StadiumSHA3,19,19,19,sha3,10,,,,6,static,50.0,120.0,50.0,120.0,0.0,1.463714,module=UavAuthNetwork.uav[6]; config=StadiumSHA3
2297,StadiumSHA3-19-20260810-14:59:31-739766,StadiumSHA3,19,19,19,sha3,10,,,,7,static,50.0,230.0,50.0,230.0,0.0,1.549205,module=UavAuthNetwork.uav[7]; config=StadiumSHA3
2298,StadiumSHA3-19-20260810-14:59:31-739766,StadiumSHA3,19,19,19,sha3,10,,,,8,static,500.0,120.0,500.0,120.0,0.0,1.499199,module=UavAuthNetwork.uav[8]; config=StadiumSHA3
2299,StadiumSHA3-19-20260810-14:59:31-739766,StadiumSHA3,19,19,19,sha3,10,,,,9,static,500.0,230.0,500.0,230.0,0.0,1.47634,module=UavAuthNetwork.uav[9]; config=StadiumSHA3
2300,StadiumSHA3-2-20260810-14:59:31-739766,StadiumSHA3,2,2,2,sha3,10,,,,0,static,100.0,50.0,100.0,50.0,0.0,1.513523,module=UavAuthNetwork.uav[0]; config=StadiumSHA3
2301,StadiumSHA3-2-20260810-14:59:31-739766,StadiumSHA3,2,2,2,sha3,10,,,,1,static,275.0,50.0,275.0,50.0,0.0,1.502978,module=UavAuthNetwork.uav[1]; config=StadiumSHA3
2302,StadiumSHA3-2-20260810-14:59:31-739766,StadiumSHA3,2,2,2,sha3,10,,,,2,static,450.0,50.0,450.0,50.0,0.0,1.502133,module=UavAuthNetwork.uav[2]; config=StadiumSHA3
2303,StadiumSHA3-2-20260810-14:59:31-739766,StadiumSHA3,2,2,2,sha3,10,,,,3,static,100.0,300.0,100.0,300.0,0.0,1.493998,module=UavAuthNetwork.uav[3]; config=StadiumSHA3
2304,StadiumSHA3-2-20260810-14:59:31-739766,StadiumSHA3,2,2,2,sha3,10,,,,4,static,275.0,300.0,275.0,300.0,0.0,1.495697,module=UavAuthNetwork.uav[4]; config=StadiumSHA3
2305,StadiumSHA3-2-20260810-14:59:31-739766,StadiumSHA3,2,2,2,sha3,10,,,,5,static,450.0,300.0,450.0,300.0,0.0,1.533486,module=UavAuthNetwork.uav[5]; config=StadiumSHA3
2306,StadiumSHA3-2-20260810-14:59:31-739766,StadiumSHA3,2,2,2,sha3,10,,,,6,static,50.0,120.0,50.0,120.0,0.0,1.484019,module=UavAuthNetwork.uav[6]; config=StadiumSHA3
2307,StadiumSHA3-2-20260810-14:59:31-739766,StadiumSHA3,2,2,2,sha3,10,,,,7,static,50.0,230.0,50.0,230.0,0.0,1.519149,module=UavAuthNetwork.uav[7]; config=StadiumSHA3
2308,StadiumSHA3-2-20260810-14:59:31-739766,StadiumSHA3,2,2,2,sha3,10,,,,8,static,500.0,120.0,500.0,120.0,0.0,1.533456,module=UavAuthNetwork.uav[8]; config=StadiumSHA3
2309,StadiumSHA3-2-20260810-14:59:31-739766,StadiumSHA3,2,2,2,sha3,10,,,,9,static,500.0,230.0,500.0,230.0,0.0,1.482275,module=UavAuthNetwork.uav[9]; config=StadiumSHA3
2310,StadiumSHA3-20-20260810-14:59:31-739766,StadiumSHA3,20,20,20,sha3,10,,,,0,static,100.0,50.0,100.0,50.0,0.0,1.531538,module=UavAuthNetwork.uav[0]; config=StadiumSHA3
2311,StadiumSHA3-20-20260810-14:59:31-739766,StadiumSHA3,20,20,20,sha3,10,,,,1,static,275.0,50.0,275.0,50.0,0.0,1.504783,module=UavAuthNetwork.uav[1]; config=StadiumSHA3
2312,StadiumSHA3-20-20260810-14:59:31-739766,StadiumSHA3,20,20,20,sha3,10,,,,2,static,450.0,50.0,450.0,50.0,0.0,1.513273,module=UavAuthNetwork.uav[2]; config=StadiumSHA3
2313,StadiumSHA3-20-20260810-14:59:31-739766,StadiumSHA3,20,20,20,sha3,10,,,,3,static,100.0,300.0,100.0,300.0,0.0,1.528369,module=UavAuthNetwork.uav[3]; config=StadiumSHA3
2314,StadiumSHA3-20-20260810-14:59:31-739766,StadiumSHA3,20,20,20,sha3,10,,,,4,static,275.0,300.0,275.0,300.0,0.0,1.49453,module=UavAuthNetwork.uav[4]; config=StadiumSHA3
2315,StadiumSHA3-20-20260810-14:59:31-739766,StadiumSHA3,20,20,20,sha3,10,,,,5,static,450.0,300.0,450.0,300.0,0.0,1.570395,module=UavAuthNetwork.uav[5]; config=StadiumSHA3
2316,StadiumSHA3-20-20260810-14:59:31-739766,StadiumSHA3,20,20,20,sha3,10,,,,6,static,50.0,120.0,50.0,120.0,0.0,1.502751,module=UavAuthNetwork.uav[6]; config=StadiumSHA3
2317,StadiumSHA3-20-20260810-14:59:31-739766,StadiumSHA3,20,20,20,sha3,10,,,,7,static,50.0,230.0,50.0,230.0,0.0,1.490114,module=UavAuthNetwork.uav[7]; config=StadiumSHA3
2318,StadiumSHA3-20-20260810-14:59:31-739766,StadiumSHA3,20,20,20,sha3,10,,,,8,static,500.0,120.0,500.0,120.0,0.0,1.486676,module=UavAuthNetwork.uav[8]; config=StadiumSHA3
2319,StadiumSHA3-20-20260810-14:59:31-739766,StadiumSHA3,20,20,20,sha3,10,,,,9,static,500.0,230.0,500.0,230.0,0.0,1.535026,module=UavAuthNetwork.uav[9]; config=StadiumSHA3
2320,StadiumSHA3-21-20260810-14:59:31-739766,StadiumSHA3,21,21,21,sha3,10,,,,0,static,100.0,50.0,100.0,50.0,0.0,1.507227,module=UavAuthNetwork.uav[0]; config=StadiumSHA3
2321,StadiumSHA3-21-20260810-14:59:31-739766,StadiumSHA3,21,21,21,sha3,10,,,,1,static,275.0,50.0,275.0,50.0,0.0,1.561848,module=UavAuthNetwork.uav[1]; config=StadiumSHA3
2322,StadiumSHA3-21-20260810-14:59:31-739766,StadiumSHA3,21,21,21,sha3,10,,,,2,static,450.0,50.0,450.0,50.0,0.0,1.536257,module=UavAuthNetwork.uav[2]; config=StadiumSHA3
2323,StadiumSHA3-21-20260810-14:59:31-739766,StadiumSHA3,21,21,21,sha3,10,,,,3,static,100.0,300.0,100.0,300.0,0.0,1.457019,module=UavAuthNetwork.uav[3]; config=StadiumSHA3
2324,StadiumSHA3-21-20260810-14:59:31-739766,StadiumSHA3,21,21,21,sha3,10,,,,4,static,275.0,300.0,275.0,300.0,0.0,1.51163,module=UavAuthNetwork.uav[4]; config=StadiumSHA3
2325,StadiumSHA3-21-20260810-14:59:31-739766,StadiumSHA3,21,21,21,sha3,10,,,,5,static,450.0,300.0,450.0,300.0,0.0,1.463772,module=UavAuthNetwork.uav[5]; config=StadiumSHA3
2326,StadiumSHA3-21-20260810-14:59:31-739766,StadiumSHA3,21,21,21,sha3,10,,,,6,static,50.0,120.0,50.0,120.0,0.0,1.486835,module=UavAuthNetwork.uav[6]; config=StadiumSHA3
2327,StadiumSHA3-21-20260810-14:59:31-739766,StadiumSHA3,21,21,21,sha3,10,,,,7,static,50.0,230.0,50.0,230.0,0.0,1.492814,module=UavAuthNetwork.uav[7]; config=StadiumSHA3
2328,StadiumSHA3-21-20260810-14:59:31-739766,StadiumSHA3,21,21,21,sha3,10,,,,8,static,500.0,120.0,500.0,120.0,0.0,1.494507,module=UavAuthNetwork.uav[8]; config=StadiumSHA3
2329,StadiumSHA3-21-20260810-14:59:31-739766,StadiumSHA3,21,21,21,sha3,10,,,,9,static,500.0,230.0,500.0,230.0,0.0,1.469223,module=UavAuthNetwork.uav[9]; config=StadiumSHA3
2330,StadiumSHA3-22-20260810-14:59:31-739766,StadiumSHA3,22,22,22,sha3,10,,,,0,static,100.0,50.0,100.0,50.0,0.0,1.498379,module=UavAuthNetwork.uav[0]; config=StadiumSHA3
2331,StadiumSHA3-22-20260810-14:59:31-739766,StadiumSHA3,22,22,22,sha3,10,,,,1,static,275.0,50.0,275.0,50.0,0.0,1.498476,module=UavAuthNetwork.uav[1]; config=StadiumSHA3
2332,StadiumSHA3-22-20260810-14:59:31-739766,StadiumSHA3,22,22,22,sha3,10,,,,2,static,450.0,50.0,450.0,50.0,0.0,1.504554,module=UavAuthNetwork.uav[2]; config=StadiumSHA3
2333,StadiumSHA3-22-20260810-14:59:31-739766,StadiumSHA3,22,22,22,sha3,10,,,,3,static,100.0,300.0,100.0,300.0,0.0,1.497572,module=UavAuthNetwork.uav[3]; config=StadiumSHA3
2334,StadiumSHA3-22-20260810-14:59:31-739766,StadiumSHA3,22,22,22,sha3,10,,,,4,static,275.0,300.0,275.0,300.0,0.0,1.490533,module=UavAuthNetwork.uav[4]; config=StadiumSHA3
2335,StadiumSHA3-22-20260810-14:59:31-739766,StadiumSHA3,22,22,22,sha3,10,,,,5,static,450.0,300.0,450.0,300.0,0.0,1.482045,module=UavAuthNetwork.uav[5]; config=StadiumSHA3
2336,StadiumSHA3-22-20260810-14:59:31-739766,StadiumSHA3,22,22,22,sha3,10,,,,6,static,50.0,120.0,50.0,120.0,0.0,1.507471,module=UavAuthNetwork.uav[6]; config=StadiumSHA3
2337,StadiumSHA3-22-20260810-14:59:31-739766,StadiumSHA3,22,22,22,sha3,10,,,,7,static,50.0,230.0,50.0,230.0,0.0,1.511434,module=UavAuthNetwork.uav[7]; config=StadiumSHA3
2338,StadiumSHA3-22-20260810-14:59:31-739766,StadiumSHA3,22,22,22,sha3,10,,,,8,static,500.0,120.0,500.0,120.0,0.0,1.493366,module=UavAuthNetwork.uav[8]; config=StadiumSHA3
2339,StadiumSHA3-22-20260810-14:59:31-739766,StadiumSHA3,22,22,22,sha3,10,,,,9,static,500.0,230.0,500.0,230.0,0.0,1.476284,module=UavAuthNetwork.uav[9]; config=StadiumSHA3
2340,StadiumSHA3-23-20260810-14:59:32-739766,StadiumSHA3,23,23,23,sha3,10,,,,0,static,100.0,50.0,100.0,50.0,0.0,1.511742,module=UavAuthNetwork.uav[0]; config=StadiumSHA3
2341,StadiumSHA3-23-20260810-14:59:32-739766,StadiumSHA3,23,23,23,sha3,10,,,,1,static,275.0,50.0,275.0,50.0,0.0,1.514937,module=UavAuthNetwork.uav[1]; config=StadiumSHA3
2342,StadiumSHA3-23-20260810-14:59:32-739766,StadiumSHA3,23,23,23,sha3,10,,,,2,static,450.0,50.0,450.0,50.0,0.0,1.495649,module=UavAuthNetwork.uav[2]; config=StadiumSHA3
2343,StadiumSHA3-23-20260810-14:59:32-739766,StadiumSHA3,23,23,23,sha3,10,,,,3,static,100.0,300.0,100.0,300.0,0.0,1.483483,module=UavAuthNetwork.uav[3]; config=StadiumSHA3
2344,StadiumSHA3-23-20260810-14:59:32-739766,StadiumSHA3,23,23,23,sha3,10,,,,4,static,275.0,300.0,275.0,300.0,0.0,1.553013,module=UavAuthNetwork.uav[4]; config=StadiumSHA3
2345,StadiumSHA3-23-20260810-14:59:32-739766,StadiumSHA3,23,23,23,sha3,10,,,,5,static,450.0,300.0,450.0,300.0,0.0,1.532699,module=UavAuthNetwork.uav[5]; config=StadiumSHA3
2346,StadiumSHA3-23-20260810-14:59:32-739766,StadiumSHA3,23,23,23,sha3,10,,,,6,static,50.0,120.0,50.0,120.0,0.0,1.499658,module=UavAuthNetwork.uav[6]; config=StadiumSHA3
2347,StadiumSHA3-23-20260810-14:59:32-739766,StadiumSHA3,23,23,23,sha3,10,,,,7,static,50.0,230.0,50.0,230.0,0.0,1.454595,module=UavAuthNetwork.uav[7]; config=StadiumSHA3
2348,StadiumSHA3-23-20260810-14:59:32-739766,StadiumSHA3,23,23,23,sha3,10,,,,8,static,500.0,120.0,500.0,120.0,0.0,1.507591,module=UavAuthNetwork.uav[8]; config=StadiumSHA3
2349,StadiumSHA3-23-20260810-14:59:32-739766,StadiumSHA3,23,23,23,sha3,10,,,,9,static,500.0,230.0,500.0,230.0,0.0,1.493882,module=UavAuthNetwork.uav[9]; config=StadiumSHA3
2350,StadiumSHA3-24-20260810-14:59:32-739766,StadiumSHA3,24,24,24,sha3,10,,,,0,static,100.0,50.0,100.0,50.0,0.0,1.478296,module=UavAuthNetwork.uav[0]; config=StadiumSHA3
2351,StadiumSHA3-24-20260810-14:59:32-739766,StadiumSHA3,24,24,24,sha3,10,,,,1,static,275.0,50.0,275.0,50.0,0.0,1.512757,module=UavAuthNetwork.uav[1]; config=StadiumSHA3
2352,StadiumSHA3-24-20260810-14:59:32-739766,StadiumSHA3,24,24,24,sha3,10,,,,2,static,450.0,50.0,450.0,50.0,0.0,1.500504,module=UavAuthNetwork.uav[2]; config=StadiumSHA3
2353,StadiumSHA3-24-20260810-14:59:32-739766,StadiumSHA3,24,24,24,sha3,10,,,,3,static,100.0,300.0,100.0,300.0,0.0,1.501468,module=UavAuthNetwork.uav[3]; config=StadiumSHA3
2354,StadiumSHA3-24-20260810-14:59:32-739766,StadiumSHA3,24,24,24,sha3,10,,,,4,static,275.0,300.0,275.0,300.0,0.0,1.484916,module=UavAuthNetwork.uav[4]; config=StadiumSHA3
2355,StadiumSHA3-24-20260810-14:59:32-739766,StadiumSHA3,24,24,24,sha3,10,,,,5,static,450.0,300.0,450.0,300.0,0.0,1.504936,module=UavAuthNetwork.uav[5]; config=StadiumSHA3
2356,StadiumSHA3-24-20260810-14:59:32-739766,StadiumSHA3,24,24,24,sha3,10,,,,6,static,50.0,120.0,50.0,120.0,0.0,1.493214,module=UavAuthNetwork.uav[6]; config=StadiumSHA3
2357,StadiumSHA3-24-20260810-14:59:32-739766,StadiumSHA3,24,24,24,sha3,10,,,,7,static,50.0,230.0,50.0,230.0,0.0,1.555976,module=UavAuthNetwork.uav[7]; config=StadiumSHA3
2358,StadiumSHA3-24-20260810-14:59:32-739766,StadiumSHA3,24,24,24,sha3,10,,,,8,static,500.0,120.0,500.0,120.0,0.0,1.489801,module=UavAuthNetwork.uav[8]; config=StadiumSHA3
2359,StadiumSHA3-24-20260810-14:59:32-739766,StadiumSHA3,24,24,24,sha3,10,,,,9,static,500.0,230.0,500.0,230.0,0.0,1.486908,module=UavAuthNetwork.uav[9]; config=StadiumSHA3
2360,StadiumSHA3-25-20260810-14:59:32-739766,StadiumSHA3,25,25,25,sha3,10,,,,0,static,100.0,50.0,100.0,50.0,0.0,1.491783,module=UavAuthNetwork.uav[0]; config=StadiumSHA3
2361,StadiumSHA3-25-20260810-14:59:32-739766,StadiumSHA3,25,25,25,sha3,10,,,,1,static,275.0,50.0,275.0,50.0,0.0,1.503265,module=UavAuthNetwork.uav[1]; config=StadiumSHA3
2362,StadiumSHA3-25-20260810-14:59:32-739766,StadiumSHA3,25,25,25,sha3,10,,,,2,static,450.0,50.0,450.0,50.0,0.0,1.581848,module=UavAuthNetwork.uav[2]; config=StadiumSHA3
2363,StadiumSHA3-25-20260810-14:59:32-739766,StadiumSHA3,25,25,25,sha3,10,,,,3,static,100.0,300.0,100.0,300.0,0.0,1.471924,module=UavAuthNetwork.uav[3]; config=StadiumSHA3
2364,StadiumSHA3-25-20260810-14:59:32-739766,StadiumSHA3,25,25,25,sha3,10,,,,4,static,275.0,300.0,275.0,300.0,0.0,1.468517,module=UavAuthNetwork.uav[4]; config=StadiumSHA3
2365,StadiumSHA3-25-20260810-14:59:32-739766,StadiumSHA3,25,25,25,sha3,10,,,,5,static,450.0,300.0,450.0,300.0,0.0,1.508476,module=UavAuthNetwork.uav[5]; config=StadiumSHA3
2366,StadiumSHA3-25-20260810-14:59:32-739766,StadiumSHA3,25,25,25,sha3,10,,,,6,static,50.0,120.0,50.0,120.0,0.0,1.470141,module=UavAuthNetwork.uav[6]; config=StadiumSHA3
2367,StadiumSHA3-25-20260810-14:59:32-739766,StadiumSHA3,25,25,25,sha3,10,,,,7,static,50.0,230.0,50.0,230.0,0.0,1.479496,module=UavAuthNetwork.uav[7]; config=StadiumSHA3
2368,StadiumSHA3-25-20260810-14:59:32-739766,StadiumSHA3,25,25,25,sha3,10,,,,8,static,500.0,120.0,500.0,120.0,0.0,1.516876,module=UavAuthNetwork.uav[8]; config=StadiumSHA3
2369,StadiumSHA3-25-20260810-14:59:32-739766,StadiumSHA3,25,25,25,sha3,10,,,,9,static,500.0,230.0,500.0,230.0,0.0,1.487913,module=UavAuthNetwork.uav[9]; config=StadiumSHA3
2370,StadiumSHA3-26-20260810-14:59:32-739766,StadiumSHA3,26,26,26,sha3,10,,,,0,static,100.0,50.0,100.0,50.0,0.0,1.513297,module=UavAuthNetwork.uav[0]; config=StadiumSHA3
2371,StadiumSHA3-26-20260810-14:59:32-739766,StadiumSHA3,26,26,26,sha3,10,,,,1,static,275.0,50.0,275.0,50.0,0.0,1.526748,module=UavAuthNetwork.uav[1]; config=StadiumSHA3
2372,StadiumSHA3-26-20260810-14:59:32-739766,StadiumSHA3,26,26,26,sha3,10,,,,2,static,450.0,50.0,450.0,50.0,0.0,1.488118,module=UavAuthNetwork.uav[2]; config=StadiumSHA3
2373,StadiumSHA3-26-20260810-14:59:32-739766,StadiumSHA3,26,26,26,sha3,10,,,,3,static,100.0,300.0,100.0,300.0,0.0,1.489085,module=UavAuthNetwork.uav[3]; config=StadiumSHA3
2374,StadiumSHA3-26-20260810-14:59:32-739766,StadiumSHA3,26,26,26,sha3,10,,,,4,static,275.0,300.0,275.0,300.0,0.0,1.504123,module=UavAuthNetwork.uav[4]; config=StadiumSHA3
2375,StadiumSHA3-26-20260810-14:59:32-739766,StadiumSHA3,26,26,26,sha3,10,,,,5,static,450.0,300.0,450.0,300.0,0.0,1.504164,module=UavAuthNetwork.uav[5]; config=StadiumSHA3
2376,StadiumSHA3-26-20260810-14:59:32-739766,StadiumSHA3,26,26,26,sha3,10,,,,6,static,50.0,120.0,50.0,120.0,0.0,1.495349,module=UavAuthNetwork.uav[6]; config=StadiumSHA3
2377,StadiumSHA3-26-20260810-14:59:32-739766,StadiumSHA3,26,26,26,sha3,10,,,,7,static,50.0,230.0,50.0,230.0,0.0,1.496626,module=UavAuthNetwork.uav[7]; config=StadiumSHA3
2378,StadiumSHA3-26-20260810-14:59:32-739766,StadiumSHA3,26,26,26,sha3,10,,,,8,static,500.0,120.0,500.0,120.0,0.0,1.460013,module=UavAuthNetwork.uav[8]; config=StadiumSHA3
2379,StadiumSHA3-26-20260810-14:59:32-739766,StadiumSHA3,26,26,26,sha3,10,,,,9,static,500.0,230.0,500.0,230.0,0.0,1.494305,module=UavAuthNetwork.uav[9]; config=StadiumSHA3
2380,StadiumSHA3-27-20260810-14:59:32-739766,StadiumSHA3,27,27,27,sha3,10,,,,0,static,100.0,50.0,100.0,50.0,0.0,1.488189,module=UavAuthNetwork.uav[0]; config=StadiumSHA3
2381,StadiumSHA3-27-20260810-14:59:32-739766,StadiumSHA3,27,27,27,sha3,10,,,,1,static,275.0,50.0,275.0,50.0,0.0,1.524167,module=UavAuthNetwork.uav[1]; config=StadiumSHA3
2382,StadiumSHA3-27-20260810-14:59:32-739766,StadiumSHA3,27,27,27,sha3,10,,,,2,static,450.0,50.0,450.0,50.0,0.0,1.469331,module=UavAuthNetwork.uav[2]; config=StadiumSHA3
2383,StadiumSHA3-27-20260810-14:59:32-739766,StadiumSHA3,27,27,27,sha3,10,,,,3,static,100.0,300.0,100.0,300.0,0.0,1.531079,module=UavAuthNetwork.uav[3]; config=StadiumSHA3
2384,StadiumSHA3-27-20260810-14:59:32-739766,StadiumSHA3,27,27,27,sha3,10,,,,4,static,275.0,300.0,275.0,300.0,0.0,1.534012,module=UavAuthNetwork.uav[4]; config=StadiumSHA3
2385,StadiumSHA3-27-20260810-14:59:32-739766,StadiumSHA3,27,27,27,sha3,10,,,,5,static,450.0,300.0,450.0,300.0,0.0,1.455455,module=UavAuthNetwork.uav[5]; config=StadiumSHA3
2386,StadiumSHA3-27-20260810-14:59:32-739766,StadiumSHA3,27,27,27,sha3,10,,,,6,static,50.0,120.0,50.0,120.0,0.0,1.530935,module=UavAuthNetwork.uav[6]; config=StadiumSHA3
2387,StadiumSHA3-27-20260810-14:59:32-739766,StadiumSHA3,27,27,27,sha3,10,,,,7,static,50.0,230.0,50.0,230.0,0.0,1.533481,module=UavAuthNetwork.uav[7]; config=StadiumSHA3
2388,StadiumSHA3-27-20260810-14:59:32-739766,StadiumSHA3,27,27,27,sha3,10,,,,8,static,500.0,120.0,500.0,120.0,0.0,1.521367,module=UavAuthNetwork.uav[8]; config=StadiumSHA3
2389,StadiumSHA3-27-20260810-14:59:32-739766,StadiumSHA3,27,27,27,sha3,10,,,,9,static,500.0,230.0,500.0,230.0,0.0,1.479216,module=UavAuthNetwork.uav[9]; config=StadiumSHA3
2390,StadiumSHA3-28-20260810-14:59:32-739766,StadiumSHA3,28,28,28,sha3,10,,,,0,static,100.0,50.0,100.0,50.0,0.0,1.490925,module=UavAuthNetwork.uav[0]; config=StadiumSHA3
2391,StadiumSHA3-28-20260810-14:59:32-739766,StadiumSHA3,28,28,28,sha3,10,,,,1,static,275.0,50.0,275.0,50.0,0.0,1.517746,module=UavAuthNetwork.uav[1]; config=StadiumSHA3
2392,StadiumSHA3-28-20260810-14:59:32-739766,StadiumSHA3,28,28,28,sha3,10,,,,2,static,450.0,50.0,450.0,50.0,0.0,1.523687,module=UavAuthNetwork.uav[2]; config=StadiumSHA3
2393,StadiumSHA3-28-20260810-14:59:32-739766,StadiumSHA3,28,28,28,sha3,10,,,,3,static,100.0,300.0,100.0,300.0,0.0,1.521638,module=UavAuthNetwork.uav[3]; config=StadiumSHA3
2394,StadiumSHA3-28-20260810-14:59:32-739766,StadiumSHA3,28,28,28,sha3,10,,,,4,static,275.0,300.0,275.0,300.0,0.0,1.490692,module=UavAuthNetwork.uav[4]; config=StadiumSHA3
2395,StadiumSHA3-28-20260810-14:59:32-739766,StadiumSHA3,28,28,28,sha3,10,,,,5,static,450.0,300.0,450.0,300.0,0.0,1.515719,module=UavAuthNetwork.uav[5]; config=StadiumSHA3
2396,StadiumSHA3-28-20260810-14:59:32-739766,StadiumSHA3,28,28,28,sha3,10,,,,6,static,50.0,120.0,50.0,120.0,0.0,1.535929,module=UavAuthNetwork.uav[6]; config=StadiumSHA3
2397,StadiumSHA3-28-20260810-14:59:32-739766,StadiumSHA3,28,28,28,sha3,10,,,,7,static,50.0,230.0,50.0,230.0,0.0,1.481309,module=UavAuthNetwork.uav[7]; config=StadiumSHA3
2398,StadiumSHA3-28-20260810-14:59:32-739766,StadiumSHA3,28,28,28,sha3,10,,,,8,static,500.0,120.0,500.0,120.0,0.0,1.517607,module=UavAuthNetwork.uav[8]; config=StadiumSHA3
2399,StadiumSHA3-28-20260810-14:59:32-739766,StadiumSHA3,28,28,28,sha3,10,,,,9,static,500.0,230.0,500.0,230.0,0.0,1.507983,module=UavAuthNetwork.uav[9]; config=StadiumSHA3
2400,StadiumSHA3-29-20260810-14:59:32-739766,StadiumSHA3,29,29,29,sha3,10,,,,0,static,100.0,50.0,100.0,50.0,0.0,1.520221,module=UavAuthNetwork.uav[0]; config=StadiumSHA3
2401,StadiumSHA3-29-20260810-14:59:32-739766,StadiumSHA3,29,29,29,sha3,10,,,,1,static,275.0,50.0,275.0,50.0,0.0,1.491912,module=UavAuthNetwork.uav[1]; config=StadiumSHA3
2402,StadiumSHA3-29-20260810-14:59:32-739766,StadiumSHA3,29,29,29,sha3,10,,,,2,static,450.0,50.0,450.0,50.0,0.0,1.519622,module=UavAuthNetwork.uav[2]; config=StadiumSHA3
2403,StadiumSHA3-29-20260810-14:59:32-739766,StadiumSHA3,29,29,29,sha3,10,,,,3,static,100.0,300.0,100.0,300.0,0.0,1.486029,module=UavAuthNetwork.uav[3]; config=StadiumSHA3
2404,StadiumSHA3-29-20260810-14:59:32-739766,StadiumSHA3,29,29,29,sha3,10,,,,4,static,275.0,300.0,275.0,300.0,0.0,1.495969,module=UavAuthNetwork.uav[4]; config=StadiumSHA3
2405,StadiumSHA3-29-20260810-14:59:32-739766,StadiumSHA3,29,29,29,sha3,10,,,,5,static,450.0,300.0,450.0,300.0,0.0,1.497629,module=UavAuthNetwork.uav[5]; config=StadiumSHA3
2406,StadiumSHA3-29-20260810-14:59:32-739766,StadiumSHA3,29,29,29,sha3,10,,,,6,static,50.0,120.0,50.0,120.0,0.0,1.521227,module=UavAuthNetwork.uav[6]; config=StadiumSHA3
2407,StadiumSHA3-29-20260810-14:59:32-739766,StadiumSHA3,29,29,29,sha3,10,,,,7,static,50.0,230.0,50.0,230.0,0.0,1.539387,module=UavAuthNetwork.uav[7]; config=StadiumSHA3
2408,StadiumSHA3-29-20260810-14:59:32-739766,StadiumSHA3,29,29,29,sha3,10,,,,8,static,500.0,120.0,500.0,120.0,0.0,1.475726,module=UavAuthNetwork.uav[8]; config=StadiumSHA3
2409,StadiumSHA3-29-20260810-14:59:32-739766,StadiumSHA3,29,29,29,sha3,10,,,,9,static,500.0,230.0,500.0,230.0,0.0,1.484641,module=UavAuthNetwork.uav[9]; config=StadiumSHA3
2410,StadiumSHA3-3-20260810-14:59:31-739766,StadiumSHA3,3,3,3,sha3,10,,,,0,static,100.0,50.0,100.0,50.0,0.0,1.507678,module=UavAuthNetwork.uav[0]; config=StadiumSHA3
2411,StadiumSHA3-3-20260810-14:59:31-739766,StadiumSHA3,3,3,3,sha3,10,,,,1,static,275.0,50.0,275.0,50.0,0.0,1.533153,module=UavAuthNetwork.uav[1]; config=StadiumSHA3
2412,StadiumSHA3-3-20260810-14:59:31-739766,StadiumSHA3,3,3,3,sha3,10,,,,2,static,450.0,50.0,450.0,50.0,0.0,1.496897,module=UavAuthNetwork.uav[2]; config=StadiumSHA3
2413,StadiumSHA3-3-20260810-14:59:31-739766,StadiumSHA3,3,3,3,sha3,10,,,,3,static,100.0,300.0,100.0,300.0,0.0,1.497287,module=UavAuthNetwork.uav[3]; config=StadiumSHA3
2414,StadiumSHA3-3-20260810-14:59:31-739766,StadiumSHA3,3,3,3,sha3,10,,,,4,static,275.0,300.0,275.0,300.0,0.0,1.514127,module=UavAuthNetwork.uav[4]; config=StadiumSHA3
2415,StadiumSHA3-3-20260810-14:59:31-739766,StadiumSHA3,3,3,3,sha3,10,,,,5,static,450.0,300.0,450.0,300.0,0.0,1.500516,module=UavAuthNetwork.uav[5]; config=StadiumSHA3
2416,StadiumSHA3-3-20260810-14:59:31-739766,StadiumSHA3,3,3,3,sha3,10,,,,6,static,50.0,120.0,50.0,120.0,0.0,1.469919,module=UavAuthNetwork.uav[6]; config=StadiumSHA3
2417,StadiumSHA3-3-20260810-14:59:31-739766,StadiumSHA3,3,3,3,sha3,10,,,,7,static,50.0,230.0,50.0,230.0,0.0,1.515075,module=UavAuthNetwork.uav[7]; config=StadiumSHA3
2418,StadiumSHA3-3-20260810-14:59:31-739766,StadiumSHA3,3,3,3,sha3,10,,,,8,static,500.0,120.0,500.0,120.0,0.0,1.490195,module=UavAuthNetwork.uav[8]; config=StadiumSHA3
2419,StadiumSHA3-3-20260810-14:59:31-739766,StadiumSHA3,3,3,3,sha3,10,,,,9,static,500.0,230.0,500.0,230.0,0.0,1.503144,module=UavAuthNetwork.uav[9]; config=StadiumSHA3
2420,StadiumSHA3-4-20260810-14:59:31-739766,StadiumSHA3,4,4,4,sha3,10,,,,0,static,100.0,50.0,100.0,50.0,0.0,1.495521,module=UavAuthNetwork.uav[0]; config=StadiumSHA3
2421,StadiumSHA3-4-20260810-14:59:31-739766,StadiumSHA3,4,4,4,sha3,10,,,,1,static,275.0,50.0,275.0,50.0,0.0,1.469146,module=UavAuthNetwork.uav[1]; config=StadiumSHA3
2422,StadiumSHA3-4-20260810-14:59:31-739766,StadiumSHA3,4,4,4,sha3,10,,,,2,static,450.0,50.0,450.0,50.0,0.0,1.510702,module=UavAuthNetwork.uav[2]; config=StadiumSHA3
2423,StadiumSHA3-4-20260810-14:59:31-739766,StadiumSHA3,4,4,4,sha3,10,,,,3,static,100.0,300.0,100.0,300.0,0.0,1.523387,module=UavAuthNetwork.uav[3]; config=StadiumSHA3
2424,StadiumSHA3-4-20260810-14:59:31-739766,StadiumSHA3,4,4,4,sha3,10,,,,4,static,275.0,300.0,275.0,300.0,0.0,1.515832,module=UavAuthNetwork.uav[4]; config=StadiumSHA3
2425,StadiumSHA3-4-20260810-14:59:31-739766,StadiumSHA3,4,4,4,sha3,10,,,,5,static,450.0,300.0,450.0,300.0,0.0,1.504508,module=UavAuthNetwork.uav[5]; config=StadiumSHA3
2426,StadiumSHA3-4-20260810-14:59:31-739766,StadiumSHA3,4,4,4,sha3,10,,,,6,static,50.0,120.0,50.0,120.0,0.0,1.477257,module=UavAuthNetwork.uav[6]; config=StadiumSHA3
2427,StadiumSHA3-4-20260810-14:59:31-739766,StadiumSHA3,4,4,4,sha3,10,,,,7,static,50.0,230.0,50.0,230.0,0.0,1.471995,module=UavAuthNetwork.uav[7]; config=StadiumSHA3
2428,StadiumSHA3-4-20260810-14:59:31-739766,StadiumSHA3,4,4,4,sha3,10,,,,8,static,500.0,120.0,500.0,120.0,0.0,1.487218,module=UavAuthNetwork.uav[8]; config=StadiumSHA3
2429,StadiumSHA3-4-20260810-14:59:31-739766,StadiumSHA3,4,4,4,sha3,10,,,,9,static,500.0,230.0,500.0,230.0,0.0,1.512379,module=UavAuthNetwork.uav[9]; config=StadiumSHA3
2430,StadiumSHA3-5-20260810-14:59:31-739766,StadiumSHA3,5,5,5,sha3,10,,,,0,static,100.0,50.0,100.0,50.0,0.0,1.476895,module=UavAuthNetwork.uav[0]; config=StadiumSHA3
2431,StadiumSHA3-5-20260810-14:59:31-739766,StadiumSHA3,5,5,5,sha3,10,,,,1,static,275.0,50.0,275.0,50.0,0.0,1.474987,module=UavAuthNetwork.uav[1]; config=StadiumSHA3
2432,StadiumSHA3-5-20260810-14:59:31-739766,StadiumSHA3,5,5,5,sha3,10,,,,2,static,450.0,50.0,450.0,50.0,0.0,1.537052,module=UavAuthNetwork.uav[2]; config=StadiumSHA3
2433,StadiumSHA3-5-20260810-14:59:31-739766,StadiumSHA3,5,5,5,sha3,10,,,,3,static,100.0,300.0,100.0,300.0,0.0,1.5288,module=UavAuthNetwork.uav[3]; config=StadiumSHA3
2434,StadiumSHA3-5-20260810-14:59:31-739766,StadiumSHA3,5,5,5,sha3,10,,,,4,static,275.0,300.0,275.0,300.0,0.0,1.519492,module=UavAuthNetwork.uav[4]; config=StadiumSHA3
2435,StadiumSHA3-5-20260810-14:59:31-739766,StadiumSHA3,5,5,5,sha3,10,,,,5,static,450.0,300.0,450.0,300.0,0.0,1.487964,module=UavAuthNetwork.uav[5]; config=StadiumSHA3
2436,StadiumSHA3-5-20260810-14:59:31-739766,StadiumSHA3,5,5,5,sha3,10,,,,6,static,50.0,120.0,50.0,120.0,0.0,1.46426,module=UavAuthNetwork.uav[6]; config=StadiumSHA3
2437,StadiumSHA3-5-20260810-14:59:31-739766,StadiumSHA3,5,5,5,sha3,10,,,,7,static,50.0,230.0,50.0,230.0,0.0,1.521305,module=UavAuthNetwork.uav[7]; config=StadiumSHA3
2438,StadiumSHA3-5-20260810-14:59:31-739766,StadiumSHA3,5,5,5,sha3,10,,,,8,static,500.0,120.0,500.0,120.0,0.0,1.49725,module=UavAuthNetwork.uav[8]; config=StadiumSHA3
2439,StadiumSHA3-5-20260810-14:59:31-739766,StadiumSHA3,5,5,5,sha3,10,,,,9,static,500.0,230.0,500.0,230.0,0.0,1.499409,module=UavAuthNetwork.uav[9]; config=StadiumSHA3
2440,StadiumSHA3-6-20260810-14:59:31-739766,StadiumSHA3,6,6,6,sha3,10,,,,0,static,100.0,50.0,100.0,50.0,0.0,1.520741,module=UavAuthNetwork.uav[0]; config=StadiumSHA3
2441,StadiumSHA3-6-20260810-14:59:31-739766,StadiumSHA3,6,6,6,sha3,10,,,,1,static,275.0,50.0,275.0,50.0,0.0,1.470091,module=UavAuthNetwork.uav[1]; config=StadiumSHA3
2442,StadiumSHA3-6-20260810-14:59:31-739766,StadiumSHA3,6,6,6,sha3,10,,,,2,static,450.0,50.0,450.0,50.0,0.0,1.487075,module=UavAuthNetwork.uav[2]; config=StadiumSHA3
2443,StadiumSHA3-6-20260810-14:59:31-739766,StadiumSHA3,6,6,6,sha3,10,,,,3,static,100.0,300.0,100.0,300.0,0.0,1.468942,module=UavAuthNetwork.uav[3]; config=StadiumSHA3
2444,StadiumSHA3-6-20260810-14:59:31-739766,StadiumSHA3,6,6,6,sha3,10,,,,4,static,275.0,300.0,275.0,300.0,0.0,1.513033,module=UavAuthNetwork.uav[4]; config=StadiumSHA3
2445,StadiumSHA3-6-20260810-14:59:31-739766,StadiumSHA3,6,6,6,sha3,10,,,,5,static,450.0,300.0,450.0,300.0,0.0,1.487752,module=UavAuthNetwork.uav[5]; config=StadiumSHA3
2446,StadiumSHA3-6-20260810-14:59:31-739766,StadiumSHA3,6,6,6,sha3,10,,,,6,static,50.0,120.0,50.0,120.0,0.0,1.539379,module=UavAuthNetwork.uav[6]; config=StadiumSHA3
2447,StadiumSHA3-6-20260810-14:59:31-739766,StadiumSHA3,6,6,6,sha3,10,,,,7,static,50.0,230.0,50.0,230.0,0.0,1.527769,module=UavAuthNetwork.uav[7]; config=StadiumSHA3
2448,StadiumSHA3-6-20260810-14:59:31-739766,StadiumSHA3,6,6,6,sha3,10,,,,8,static,500.0,120.0,500.0,120.0,0.0,1.510834,module=UavAuthNetwork.uav[8]; config=StadiumSHA3
2449,StadiumSHA3-6-20260810-14:59:31-739766,StadiumSHA3,6,6,6,sha3,10,,,,9,static,500.0,230.0,500.0,230.0,0.0,1.52912,module=UavAuthNetwork.uav[9]; config=StadiumSHA3
2450,StadiumSHA3-7-20260810-14:59:31-739766,StadiumSHA3,7,7,7,sha3,10,,,,0,static,100.0,50.0,100.0,50.0,0.0,1.473766,module=UavAuthNetwork.uav[0]; config=StadiumSHA3
2451,StadiumSHA3-7-20260810-14:59:31-739766,StadiumSHA3,7,7,7,sha3,10,,,,1,static,275.0,50.0,275.0,50.0,0.0,1.492391,module=UavAuthNetwork.uav[1]; config=StadiumSHA3
2452,StadiumSHA3-7-20260810-14:59:31-739766,StadiumSHA3,7,7,7,sha3,10,,,,2,static,450.0,50.0,450.0,50.0,0.0,1.487475,module=UavAuthNetwork.uav[2]; config=StadiumSHA3
2453,StadiumSHA3-7-20260810-14:59:31-739766,StadiumSHA3,7,7,7,sha3,10,,,,3,static,100.0,300.0,100.0,300.0,0.0,1.503671,module=UavAuthNetwork.uav[3]; config=StadiumSHA3
2454,StadiumSHA3-7-20260810-14:59:31-739766,StadiumSHA3,7,7,7,sha3,10,,,,4,static,275.0,300.0,275.0,300.0,0.0,1.471282,module=UavAuthNetwork.uav[4]; config=StadiumSHA3
2455,StadiumSHA3-7-20260810-14:59:31-739766,StadiumSHA3,7,7,7,sha3,10,,,,5,static,450.0,300.0,450.0,300.0,0.0,1.54035,module=UavAuthNetwork.uav[5]; config=StadiumSHA3
2456,StadiumSHA3-7-20260810-14:59:31-739766,StadiumSHA3,7,7,7,sha3,10,,,,6,static,50.0,120.0,50.0,120.0,0.0,1.528605,module=UavAuthNetwork.uav[6]; config=StadiumSHA3
2457,StadiumSHA3-7-20260810-14:59:31-739766,StadiumSHA3,7,7,7,sha3,10,,,,7,static,50.0,230.0,50.0,230.0,0.0,1.501254,module=UavAuthNetwork.uav[7]; config=StadiumSHA3
2458,StadiumSHA3-7-20260810-14:59:31-739766,StadiumSHA3,7,7,7,sha3,10,,,,8,static,500.0,120.0,500.0,120.0,0.0,1.534527,module=UavAuthNetwork.uav[8]; config=StadiumSHA3
2459,StadiumSHA3-7-20260810-14:59:31-739766,StadiumSHA3,7,7,7,sha3,10,,,,9,static,500.0,230.0,500.0,230.0,0.0,1.480631,module=UavAuthNetwork.uav[9]; config=StadiumSHA3
2460,StadiumSHA3-8-20260810-14:59:31-739766,StadiumSHA3,8,8,8,sha3,10,,,,0,static,100.0,50.0,100.0,50.0,0.0,1.516773,module=UavAuthNetwork.uav[0]; config=StadiumSHA3
2461,StadiumSHA3-8-20260810-14:59:31-739766,StadiumSHA3,8,8,8,sha3,10,,,,1,static,275.0,50.0,275.0,50.0,0.0,1.514613,module=UavAuthNetwork.uav[1]; config=StadiumSHA3
2462,StadiumSHA3-8-20260810-14:59:31-739766,StadiumSHA3,8,8,8,sha3,10,,,,2,static,450.0,50.0,450.0,50.0,0.0,1.466669,module=UavAuthNetwork.uav[2]; config=StadiumSHA3
2463,StadiumSHA3-8-20260810-14:59:31-739766,StadiumSHA3,8,8,8,sha3,10,,,,3,static,100.0,300.0,100.0,300.0,0.0,1.522571,module=UavAuthNetwork.uav[3]; config=StadiumSHA3
2464,StadiumSHA3-8-20260810-14:59:31-739766,StadiumSHA3,8,8,8,sha3,10,,,,4,static,275.0,300.0,275.0,300.0,0.0,1.488748,module=UavAuthNetwork.uav[4]; config=StadiumSHA3
2465,StadiumSHA3-8-20260810-14:59:31-739766,StadiumSHA3,8,8,8,sha3,10,,,,5,static,450.0,300.0,450.0,300.0,0.0,1.4754,module=UavAuthNetwork.uav[5]; config=StadiumSHA3
2466,StadiumSHA3-8-20260810-14:59:31-739766,StadiumSHA3,8,8,8,sha3,10,,,,6,static,50.0,120.0,50.0,120.0,0.0,1.484144,module=UavAuthNetwork.uav[6]; config=StadiumSHA3
2467,StadiumSHA3-8-20260810-14:59:31-739766,StadiumSHA3,8,8,8,sha3,10,,,,7,static,50.0,230.0,50.0,230.0,0.0,1.498979,module=UavAuthNetwork.uav[7]; config=StadiumSHA3
2468,StadiumSHA3-8-20260810-14:59:31-739766,StadiumSHA3,8,8,8,sha3,10,,,,8,static,500.0,120.0,500.0,120.0,0.0,1.501395,module=UavAuthNetwork.uav[8]; config=StadiumSHA3
2469,StadiumSHA3-8-20260810-14:59:31-739766,StadiumSHA3,8,8,8,sha3,10,,,,9,static,500.0,230.0,500.0,230.0,0.0,1.504386,module=UavAuthNetwork.uav[9]; config=StadiumSHA3
2470,StadiumSHA3-9-20260810-14:59:31-739766,StadiumSHA3,9,9,9,sha3,10,,,,0,static,100.0,50.0,100.0,50.0,0.0,1.518346,module=UavAuthNetwork.uav[0]; config=StadiumSHA3
2471,StadiumSHA3-9-20260810-14:59:31-739766,StadiumSHA3,9,9,9,sha3,10,,,,1,static,275.0,50.0,275.0,50.0,0.0,1.471462,module=UavAuthNetwork.uav[1]; config=StadiumSHA3
2472,StadiumSHA3-9-20260810-14:59:31-739766,StadiumSHA3,9,9,9,sha3,10,,,,2,static,450.0,50.0,450.0,50.0,0.0,1.531942,module=UavAuthNetwork.uav[2]; config=StadiumSHA3
2473,StadiumSHA3-9-20260810-14:59:31-739766,StadiumSHA3,9,9,9,sha3,10,,,,3,static,100.0,300.0,100.0,300.0,0.0,1.530257,module=UavAuthNetwork.uav[3]; config=StadiumSHA3
2474,StadiumSHA3-9-20260810-14:59:31-739766,StadiumSHA3,9,9,9,sha3,10,,,,4,static,275.0,300.0,275.0,300.0,0.0,1.504301,module=UavAuthNetwork.uav[4]; config=StadiumSHA3
2475,StadiumSHA3-9-20260810-14:59:31-739766,StadiumSHA3,9,9,9,sha3,10,,,,5,static,450.0,300.0,450.0,300.0,0.0,1.505667,module=UavAuthNetwork.uav[5]; config=StadiumSHA3
2476,StadiumSHA3-9-20260810-14:59:31-739766,StadiumSHA3,9,9,9,sha3,10,,,,6,static,50.0,120.0,50.0,120.0,0.0,1.507791,module=UavAuthNetwork.uav[6]; config=StadiumSHA3
2477,StadiumSHA3-9-20260810-14:59:31-739766,StadiumSHA3,9,9,9,sha3,10,,,,7,static,50.0,230.0,50.0,230.0,0.0,1.528708,module=UavAuthNetwork.uav[7]; config=StadiumSHA3
2478,StadiumSHA3-9-20260810-14:59:31-739766,StadiumSHA3,9,9,9,sha3,10,,,,8,static,500.0,120.0,500.0,120.0,0.0,1.510108,module=UavAuthNetwork.uav[8]; config=StadiumSHA3
2479,StadiumSHA3-9-20260810-14:59:31-739766,StadiumSHA3,9,9,9,sha3,10,,,,9,static,500.0,230.0,500.0,230.0,0.0,1.46192,module=UavAuthNetwork.uav[9]; config=StadiumSHA3
2480,StadiumSPONGENT-0-20260810-14:59:32-739851,StadiumSPONGENT,0,0,0,spongent,10,,,,0,static,100.0,50.0,100.0,50.0,0.0,1.523876,module=UavAuthNetwork.uav[0]; config=StadiumSPONGENT
2481,StadiumSPONGENT-0-20260810-14:59:32-739851,StadiumSPONGENT,0,0,0,spongent,10,,,,1,static,275.0,50.0,275.0,50.0,0.0,1.50447,module=UavAuthNetwork.uav[1]; config=StadiumSPONGENT
2482,StadiumSPONGENT-0-20260810-14:59:32-739851,StadiumSPONGENT,0,0,0,spongent,10,,,,2,static,450.0,50.0,450.0,50.0,0.0,1.477585,module=UavAuthNetwork.uav[2]; config=StadiumSPONGENT
2483,StadiumSPONGENT-0-20260810-14:59:32-739851,StadiumSPONGENT,0,0,0,spongent,10,,,,3,static,100.0,300.0,100.0,300.0,0.0,1.499154,module=UavAuthNetwork.uav[3]; config=StadiumSPONGENT
2484,StadiumSPONGENT-0-20260810-14:59:32-739851,StadiumSPONGENT,0,0,0,spongent,10,,,,4,static,275.0,300.0,275.0,300.0,0.0,1.543213,module=UavAuthNetwork.uav[4]; config=StadiumSPONGENT
2485,StadiumSPONGENT-0-20260810-14:59:32-739851,StadiumSPONGENT,0,0,0,spongent,10,,,,5,static,450.0,300.0,450.0,300.0,0.0,1.491226,module=UavAuthNetwork.uav[5]; config=StadiumSPONGENT
2486,StadiumSPONGENT-0-20260810-14:59:32-739851,StadiumSPONGENT,0,0,0,spongent,10,,,,6,static,50.0,120.0,50.0,120.0,0.0,1.514177,module=UavAuthNetwork.uav[6]; config=StadiumSPONGENT
2487,StadiumSPONGENT-0-20260810-14:59:32-739851,StadiumSPONGENT,0,0,0,spongent,10,,,,7,static,50.0,230.0,50.0,230.0,0.0,1.487066,module=UavAuthNetwork.uav[7]; config=StadiumSPONGENT
2488,StadiumSPONGENT-0-20260810-14:59:32-739851,StadiumSPONGENT,0,0,0,spongent,10,,,,8,static,500.0,120.0,500.0,120.0,0.0,1.546465,module=UavAuthNetwork.uav[8]; config=StadiumSPONGENT
2489,StadiumSPONGENT-0-20260810-14:59:32-739851,StadiumSPONGENT,0,0,0,spongent,10,,,,9,static,500.0,230.0,500.0,230.0,0.0,1.50448,module=UavAuthNetwork.uav[9]; config=StadiumSPONGENT
2490,StadiumSPONGENT-1-20260810-14:59:32-739851,StadiumSPONGENT,1,1,1,spongent,10,,,,0,static,100.0,50.0,100.0,50.0,0.0,1.488817,module=UavAuthNetwork.uav[0]; config=StadiumSPONGENT
2491,StadiumSPONGENT-1-20260810-14:59:32-739851,StadiumSPONGENT,1,1,1,spongent,10,,,,1,static,275.0,50.0,275.0,50.0,0.0,1.501648,module=UavAuthNetwork.uav[1]; config=StadiumSPONGENT
2492,StadiumSPONGENT-1-20260810-14:59:32-739851,StadiumSPONGENT,1,1,1,spongent,10,,,,2,static,450.0,50.0,450.0,50.0,0.0,1.516723,module=UavAuthNetwork.uav[2]; config=StadiumSPONGENT
2493,StadiumSPONGENT-1-20260810-14:59:32-739851,StadiumSPONGENT,1,1,1,spongent,10,,,,3,static,100.0,300.0,100.0,300.0,0.0,1.497817,module=UavAuthNetwork.uav[3]; config=StadiumSPONGENT
2494,StadiumSPONGENT-1-20260810-14:59:32-739851,StadiumSPONGENT,1,1,1,spongent,10,,,,4,static,275.0,300.0,275.0,300.0,0.0,1.518113,module=UavAuthNetwork.uav[4]; config=StadiumSPONGENT
2495,StadiumSPONGENT-1-20260810-14:59:32-739851,StadiumSPONGENT,1,1,1,spongent,10,,,,5,static,450.0,300.0,450.0,300.0,0.0,1.489314,module=UavAuthNetwork.uav[5]; config=StadiumSPONGENT
2496,StadiumSPONGENT-1-20260810-14:59:32-739851,StadiumSPONGENT,1,1,1,spongent,10,,,,6,static,50.0,120.0,50.0,120.0,0.0,1.565495,module=UavAuthNetwork.uav[6]; config=StadiumSPONGENT
2497,StadiumSPONGENT-1-20260810-14:59:32-739851,StadiumSPONGENT,1,1,1,spongent,10,,,,7,static,50.0,230.0,50.0,230.0,0.0,1.512456,module=UavAuthNetwork.uav[7]; config=StadiumSPONGENT
2498,StadiumSPONGENT-1-20260810-14:59:32-739851,StadiumSPONGENT,1,1,1,spongent,10,,,,8,static,500.0,120.0,500.0,120.0,0.0,1.556823,module=UavAuthNetwork.uav[8]; config=StadiumSPONGENT
2499,StadiumSPONGENT-1-20260810-14:59:32-739851,StadiumSPONGENT,1,1,1,spongent,10,,,,9,static,500.0,230.0,500.0,230.0,0.0,1.488561,module=UavAuthNetwork.uav[9]; config=StadiumSPONGENT
2500,StadiumSPONGENT-10-20260810-14:59:34-739851,StadiumSPONGENT,10,10,10,spongent,10,,,,0,static,100.0,50.0,100.0,50.0,0.0,1.529129,module=UavAuthNetwork.uav[0]; config=StadiumSPONGENT
2501,StadiumSPONGENT-10-20260810-14:59:34-739851,StadiumSPONGENT,10,10,10,spongent,10,,,,1,static,275.0,50.0,275.0,50.0,0.0,1.485388,module=UavAuthNetwork.uav[1]; config=StadiumSPONGENT
2502,StadiumSPONGENT-10-20260810-14:59:34-739851,StadiumSPONGENT,10,10,10,spongent,10,,,,2,static,450.0,50.0,450.0,50.0,0.0,1.530366,module=UavAuthNetwork.uav[2]; config=StadiumSPONGENT
2503,StadiumSPONGENT-10-20260810-14:59:34-739851,StadiumSPONGENT,10,10,10,spongent,10,,,,3,static,100.0,300.0,100.0,300.0,0.0,1.473075,module=UavAuthNetwork.uav[3]; config=StadiumSPONGENT
2504,StadiumSPONGENT-10-20260810-14:59:34-739851,StadiumSPONGENT,10,10,10,spongent,10,,,,4,static,275.0,300.0,275.0,300.0,0.0,1.461821,module=UavAuthNetwork.uav[4]; config=StadiumSPONGENT
2505,StadiumSPONGENT-10-20260810-14:59:34-739851,StadiumSPONGENT,10,10,10,spongent,10,,,,5,static,450.0,300.0,450.0,300.0,0.0,1.523878,module=UavAuthNetwork.uav[5]; config=StadiumSPONGENT
2506,StadiumSPONGENT-10-20260810-14:59:34-739851,StadiumSPONGENT,10,10,10,spongent,10,,,,6,static,50.0,120.0,50.0,120.0,0.0,1.511218,module=UavAuthNetwork.uav[6]; config=StadiumSPONGENT
2507,StadiumSPONGENT-10-20260810-14:59:34-739851,StadiumSPONGENT,10,10,10,spongent,10,,,,7,static,50.0,230.0,50.0,230.0,0.0,1.504367,module=UavAuthNetwork.uav[7]; config=StadiumSPONGENT
2508,StadiumSPONGENT-10-20260810-14:59:34-739851,StadiumSPONGENT,10,10,10,spongent,10,,,,8,static,500.0,120.0,500.0,120.0,0.0,1.53515,module=UavAuthNetwork.uav[8]; config=StadiumSPONGENT
2509,StadiumSPONGENT-10-20260810-14:59:34-739851,StadiumSPONGENT,10,10,10,spongent,10,,,,9,static,500.0,230.0,500.0,230.0,0.0,1.499243,module=UavAuthNetwork.uav[9]; config=StadiumSPONGENT
2510,StadiumSPONGENT-11-20260810-14:59:34-739851,StadiumSPONGENT,11,11,11,spongent,10,,,,0,static,100.0,50.0,100.0,50.0,0.0,1.51508,module=UavAuthNetwork.uav[0]; config=StadiumSPONGENT
2511,StadiumSPONGENT-11-20260810-14:59:34-739851,StadiumSPONGENT,11,11,11,spongent,10,,,,1,static,275.0,50.0,275.0,50.0,0.0,1.498384,module=UavAuthNetwork.uav[1]; config=StadiumSPONGENT
2512,StadiumSPONGENT-11-20260810-14:59:34-739851,StadiumSPONGENT,11,11,11,spongent,10,,,,2,static,450.0,50.0,450.0,50.0,0.0,1.519383,module=UavAuthNetwork.uav[2]; config=StadiumSPONGENT
2513,StadiumSPONGENT-11-20260810-14:59:34-739851,StadiumSPONGENT,11,11,11,spongent,10,,,,3,static,100.0,300.0,100.0,300.0,0.0,1.48758,module=UavAuthNetwork.uav[3]; config=StadiumSPONGENT
2514,StadiumSPONGENT-11-20260810-14:59:34-739851,StadiumSPONGENT,11,11,11,spongent,10,,,,4,static,275.0,300.0,275.0,300.0,0.0,1.518382,module=UavAuthNetwork.uav[4]; config=StadiumSPONGENT
2515,StadiumSPONGENT-11-20260810-14:59:34-739851,StadiumSPONGENT,11,11,11,spongent,10,,,,5,static,450.0,300.0,450.0,300.0,0.0,1.489455,module=UavAuthNetwork.uav[5]; config=StadiumSPONGENT
2516,StadiumSPONGENT-11-20260810-14:59:34-739851,StadiumSPONGENT,11,11,11,spongent,10,,,,6,static,50.0,120.0,50.0,120.0,0.0,1.515402,module=UavAuthNetwork.uav[6]; config=StadiumSPONGENT
2517,StadiumSPONGENT-11-20260810-14:59:34-739851,StadiumSPONGENT,11,11,11,spongent,10,,,,7,static,50.0,230.0,50.0,230.0,0.0,1.544095,module=UavAuthNetwork.uav[7]; config=StadiumSPONGENT
2518,StadiumSPONGENT-11-20260810-14:59:34-739851,StadiumSPONGENT,11,11,11,spongent,10,,,,8,static,500.0,120.0,500.0,120.0,0.0,1.507693,module=UavAuthNetwork.uav[8]; config=StadiumSPONGENT
2519,StadiumSPONGENT-11-20260810-14:59:34-739851,StadiumSPONGENT,11,11,11,spongent,10,,,,9,static,500.0,230.0,500.0,230.0,0.0,1.528833,module=UavAuthNetwork.uav[9]; config=StadiumSPONGENT
2520,StadiumSPONGENT-12-20260810-14:59:34-739851,StadiumSPONGENT,12,12,12,spongent,10,,,,0,static,100.0,50.0,100.0,50.0,0.0,1.535777,module=UavAuthNetwork.uav[0]; config=StadiumSPONGENT
2521,StadiumSPONGENT-12-20260810-14:59:34-739851,StadiumSPONGENT,12,12,12,spongent,10,,,,1,static,275.0,50.0,275.0,50.0,0.0,1.495028,module=UavAuthNetwork.uav[1]; config=StadiumSPONGENT
2522,StadiumSPONGENT-12-20260810-14:59:34-739851,StadiumSPONGENT,12,12,12,spongent,10,,,,2,static,450.0,50.0,450.0,50.0,0.0,1.507864,module=UavAuthNetwork.uav[2]; config=StadiumSPONGENT
2523,StadiumSPONGENT-12-20260810-14:59:34-739851,StadiumSPONGENT,12,12,12,spongent,10,,,,3,static,100.0,300.0,100.0,300.0,0.0,1.51957,module=UavAuthNetwork.uav[3]; config=StadiumSPONGENT
2524,StadiumSPONGENT-12-20260810-14:59:34-739851,StadiumSPONGENT,12,12,12,spongent,10,,,,4,static,275.0,300.0,275.0,300.0,0.0,1.520991,module=UavAuthNetwork.uav[4]; config=StadiumSPONGENT
2525,StadiumSPONGENT-12-20260810-14:59:34-739851,StadiumSPONGENT,12,12,12,spongent,10,,,,5,static,450.0,300.0,450.0,300.0,0.0,1.549625,module=UavAuthNetwork.uav[5]; config=StadiumSPONGENT
2526,StadiumSPONGENT-12-20260810-14:59:34-739851,StadiumSPONGENT,12,12,12,spongent,10,,,,6,static,50.0,120.0,50.0,120.0,0.0,1.520866,module=UavAuthNetwork.uav[6]; config=StadiumSPONGENT
2527,StadiumSPONGENT-12-20260810-14:59:34-739851,StadiumSPONGENT,12,12,12,spongent,10,,,,7,static,50.0,230.0,50.0,230.0,0.0,1.516788,module=UavAuthNetwork.uav[7]; config=StadiumSPONGENT
2528,StadiumSPONGENT-12-20260810-14:59:34-739851,StadiumSPONGENT,12,12,12,spongent,10,,,,8,static,500.0,120.0,500.0,120.0,0.0,1.481531,module=UavAuthNetwork.uav[8]; config=StadiumSPONGENT
2529,StadiumSPONGENT-12-20260810-14:59:34-739851,StadiumSPONGENT,12,12,12,spongent,10,,,,9,static,500.0,230.0,500.0,230.0,0.0,1.478653,module=UavAuthNetwork.uav[9]; config=StadiumSPONGENT
2530,StadiumSPONGENT-13-20260810-14:59:35-739851,StadiumSPONGENT,13,13,13,spongent,10,,,,0,static,100.0,50.0,100.0,50.0,0.0,1.488638,module=UavAuthNetwork.uav[0]; config=StadiumSPONGENT
2531,StadiumSPONGENT-13-20260810-14:59:35-739851,StadiumSPONGENT,13,13,13,spongent,10,,,,1,static,275.0,50.0,275.0,50.0,0.0,1.484546,module=UavAuthNetwork.uav[1]; config=StadiumSPONGENT
2532,StadiumSPONGENT-13-20260810-14:59:35-739851,StadiumSPONGENT,13,13,13,spongent,10,,,,2,static,450.0,50.0,450.0,50.0,0.0,1.496546,module=UavAuthNetwork.uav[2]; config=StadiumSPONGENT
2533,StadiumSPONGENT-13-20260810-14:59:35-739851,StadiumSPONGENT,13,13,13,spongent,10,,,,3,static,100.0,300.0,100.0,300.0,0.0,1.470158,module=UavAuthNetwork.uav[3]; config=StadiumSPONGENT
2534,StadiumSPONGENT-13-20260810-14:59:35-739851,StadiumSPONGENT,13,13,13,spongent,10,,,,4,static,275.0,300.0,275.0,300.0,0.0,1.514067,module=UavAuthNetwork.uav[4]; config=StadiumSPONGENT
2535,StadiumSPONGENT-13-20260810-14:59:35-739851,StadiumSPONGENT,13,13,13,spongent,10,,,,5,static,450.0,300.0,450.0,300.0,0.0,1.478912,module=UavAuthNetwork.uav[5]; config=StadiumSPONGENT
2536,StadiumSPONGENT-13-20260810-14:59:35-739851,StadiumSPONGENT,13,13,13,spongent,10,,,,6,static,50.0,120.0,50.0,120.0,0.0,1.490751,module=UavAuthNetwork.uav[6]; config=StadiumSPONGENT
2537,StadiumSPONGENT-13-20260810-14:59:35-739851,StadiumSPONGENT,13,13,13,spongent,10,,,,7,static,50.0,230.0,50.0,230.0,0.0,1.542295,module=UavAuthNetwork.uav[7]; config=StadiumSPONGENT
2538,StadiumSPONGENT-13-20260810-14:59:35-739851,StadiumSPONGENT,13,13,13,spongent,10,,,,8,static,500.0,120.0,500.0,120.0,0.0,1.536786,module=UavAuthNetwork.uav[8]; config=StadiumSPONGENT
2539,StadiumSPONGENT-13-20260810-14:59:35-739851,StadiumSPONGENT,13,13,13,spongent,10,,,,9,static,500.0,230.0,500.0,230.0,0.0,1.50562,module=UavAuthNetwork.uav[9]; config=StadiumSPONGENT
2540,StadiumSPONGENT-14-20260810-14:59:35-739851,StadiumSPONGENT,14,14,14,spongent,10,,,,0,static,100.0,50.0,100.0,50.0,0.0,1.503543,module=UavAuthNetwork.uav[0]; config=StadiumSPONGENT
2541,StadiumSPONGENT-14-20260810-14:59:35-739851,StadiumSPONGENT,14,14,14,spongent,10,,,,1,static,275.0,50.0,275.0,50.0,0.0,1.499869,module=UavAuthNetwork.uav[1]; config=StadiumSPONGENT
2542,StadiumSPONGENT-14-20260810-14:59:35-739851,StadiumSPONGENT,14,14,14,spongent,10,,,,2,static,450.0,50.0,450.0,50.0,0.0,1.501002,module=UavAuthNetwork.uav[2]; config=StadiumSPONGENT
2543,StadiumSPONGENT-14-20260810-14:59:35-739851,StadiumSPONGENT,14,14,14,spongent,10,,,,3,static,100.0,300.0,100.0,300.0,0.0,1.520466,module=UavAuthNetwork.uav[3]; config=StadiumSPONGENT
2544,StadiumSPONGENT-14-20260810-14:59:35-739851,StadiumSPONGENT,14,14,14,spongent,10,,,,4,static,275.0,300.0,275.0,300.0,0.0,1.493156,module=UavAuthNetwork.uav[4]; config=StadiumSPONGENT
2545,StadiumSPONGENT-14-20260810-14:59:35-739851,StadiumSPONGENT,14,14,14,spongent,10,,,,5,static,450.0,300.0,450.0,300.0,0.0,1.495493,module=UavAuthNetwork.uav[5]; config=StadiumSPONGENT
2546,StadiumSPONGENT-14-20260810-14:59:35-739851,StadiumSPONGENT,14,14,14,spongent,10,,,,6,static,50.0,120.0,50.0,120.0,0.0,1.479898,module=UavAuthNetwork.uav[6]; config=StadiumSPONGENT
2547,StadiumSPONGENT-14-20260810-14:59:35-739851,StadiumSPONGENT,14,14,14,spongent,10,,,,7,static,50.0,230.0,50.0,230.0,0.0,1.490073,module=UavAuthNetwork.uav[7]; config=StadiumSPONGENT
2548,StadiumSPONGENT-14-20260810-14:59:35-739851,StadiumSPONGENT,14,14,14,spongent,10,,,,8,static,500.0,120.0,500.0,120.0,0.0,1.529627,module=UavAuthNetwork.uav[8]; config=StadiumSPONGENT
2549,StadiumSPONGENT-14-20260810-14:59:35-739851,StadiumSPONGENT,14,14,14,spongent,10,,,,9,static,500.0,230.0,500.0,230.0,0.0,1.523301,module=UavAuthNetwork.uav[9]; config=StadiumSPONGENT
2550,StadiumSPONGENT-15-20260810-14:59:35-739851,StadiumSPONGENT,15,15,15,spongent,10,,,,0,static,100.0,50.0,100.0,50.0,0.0,1.536159,module=UavAuthNetwork.uav[0]; config=StadiumSPONGENT
2551,StadiumSPONGENT-15-20260810-14:59:35-739851,StadiumSPONGENT,15,15,15,spongent,10,,,,1,static,275.0,50.0,275.0,50.0,0.0,1.488431,module=UavAuthNetwork.uav[1]; config=StadiumSPONGENT
2552,StadiumSPONGENT-15-20260810-14:59:35-739851,StadiumSPONGENT,15,15,15,spongent,10,,,,2,static,450.0,50.0,450.0,50.0,0.0,1.506456,module=UavAuthNetwork.uav[2]; config=StadiumSPONGENT
2553,StadiumSPONGENT-15-20260810-14:59:35-739851,StadiumSPONGENT,15,15,15,spongent,10,,,,3,static,100.0,300.0,100.0,300.0,0.0,1.499041,module=UavAuthNetwork.uav[3]; config=StadiumSPONGENT
2554,StadiumSPONGENT-15-20260810-14:59:35-739851,StadiumSPONGENT,15,15,15,spongent,10,,,,4,static,275.0,300.0,275.0,300.0,0.0,1.507418,module=UavAuthNetwork.uav[4]; config=StadiumSPONGENT
2555,StadiumSPONGENT-15-20260810-14:59:35-739851,StadiumSPONGENT,15,15,15,spongent,10,,,,5,static,450.0,300.0,450.0,300.0,0.0,1.485453,module=UavAuthNetwork.uav[5]; config=StadiumSPONGENT
2556,StadiumSPONGENT-15-20260810-14:59:35-739851,StadiumSPONGENT,15,15,15,spongent,10,,,,6,static,50.0,120.0,50.0,120.0,0.0,1.520778,module=UavAuthNetwork.uav[6]; config=StadiumSPONGENT
2557,StadiumSPONGENT-15-20260810-14:59:35-739851,StadiumSPONGENT,15,15,15,spongent,10,,,,7,static,50.0,230.0,50.0,230.0,0.0,1.505956,module=UavAuthNetwork.uav[7]; config=StadiumSPONGENT
2558,StadiumSPONGENT-15-20260810-14:59:35-739851,StadiumSPONGENT,15,15,15,spongent,10,,,,8,static,500.0,120.0,500.0,120.0,0.0,1.507228,module=UavAuthNetwork.uav[8]; config=StadiumSPONGENT
2559,StadiumSPONGENT-15-20260810-14:59:35-739851,StadiumSPONGENT,15,15,15,spongent,10,,,,9,static,500.0,230.0,500.0,230.0,0.0,1.501771,module=UavAuthNetwork.uav[9]; config=StadiumSPONGENT
2560,StadiumSPONGENT-16-20260810-14:59:35-739851,StadiumSPONGENT,16,16,16,spongent,10,,,,0,static,100.0,50.0,100.0,50.0,0.0,1.489973,module=UavAuthNetwork.uav[0]; config=StadiumSPONGENT
2561,StadiumSPONGENT-16-20260810-14:59:35-739851,StadiumSPONGENT,16,16,16,spongent,10,,,,1,static,275.0,50.0,275.0,50.0,0.0,1.487358,module=UavAuthNetwork.uav[1]; config=StadiumSPONGENT
2562,StadiumSPONGENT-16-20260810-14:59:35-739851,StadiumSPONGENT,16,16,16,spongent,10,,,,2,static,450.0,50.0,450.0,50.0,0.0,1.477328,module=UavAuthNetwork.uav[2]; config=StadiumSPONGENT
2563,StadiumSPONGENT-16-20260810-14:59:35-739851,StadiumSPONGENT,16,16,16,spongent,10,,,,3,static,100.0,300.0,100.0,300.0,0.0,1.475978,module=UavAuthNetwork.uav[3]; config=StadiumSPONGENT
2564,StadiumSPONGENT-16-20260810-14:59:35-739851,StadiumSPONGENT,16,16,16,spongent,10,,,,4,static,275.0,300.0,275.0,300.0,0.0,1.484053,module=UavAuthNetwork.uav[4]; config=StadiumSPONGENT
2565,StadiumSPONGENT-16-20260810-14:59:35-739851,StadiumSPONGENT,16,16,16,spongent,10,,,,5,static,450.0,300.0,450.0,300.0,0.0,1.53987,module=UavAuthNetwork.uav[5]; config=StadiumSPONGENT
2566,StadiumSPONGENT-16-20260810-14:59:35-739851,StadiumSPONGENT,16,16,16,spongent,10,,,,6,static,50.0,120.0,50.0,120.0,0.0,1.513708,module=UavAuthNetwork.uav[6]; config=StadiumSPONGENT
2567,StadiumSPONGENT-16-20260810-14:59:35-739851,StadiumSPONGENT,16,16,16,spongent,10,,,,7,static,50.0,230.0,50.0,230.0,0.0,1.494566,module=UavAuthNetwork.uav[7]; config=StadiumSPONGENT
2568,StadiumSPONGENT-16-20260810-14:59:35-739851,StadiumSPONGENT,16,16,16,spongent,10,,,,8,static,500.0,120.0,500.0,120.0,0.0,1.48903,module=UavAuthNetwork.uav[8]; config=StadiumSPONGENT
2569,StadiumSPONGENT-16-20260810-14:59:35-739851,StadiumSPONGENT,16,16,16,spongent,10,,,,9,static,500.0,230.0,500.0,230.0,0.0,1.535962,module=UavAuthNetwork.uav[9]; config=StadiumSPONGENT
2570,StadiumSPONGENT-17-20260810-14:59:35-739851,StadiumSPONGENT,17,17,17,spongent,10,,,,0,static,100.0,50.0,100.0,50.0,0.0,1.514151,module=UavAuthNetwork.uav[0]; config=StadiumSPONGENT
2571,StadiumSPONGENT-17-20260810-14:59:35-739851,StadiumSPONGENT,17,17,17,spongent,10,,,,1,static,275.0,50.0,275.0,50.0,0.0,1.490202,module=UavAuthNetwork.uav[1]; config=StadiumSPONGENT
2572,StadiumSPONGENT-17-20260810-14:59:35-739851,StadiumSPONGENT,17,17,17,spongent,10,,,,2,static,450.0,50.0,450.0,50.0,0.0,1.467002,module=UavAuthNetwork.uav[2]; config=StadiumSPONGENT
2573,StadiumSPONGENT-17-20260810-14:59:35-739851,StadiumSPONGENT,17,17,17,spongent,10,,,,3,static,100.0,300.0,100.0,300.0,0.0,1.515656,module=UavAuthNetwork.uav[3]; config=StadiumSPONGENT
2574,StadiumSPONGENT-17-20260810-14:59:35-739851,StadiumSPONGENT,17,17,17,spongent,10,,,,4,static,275.0,300.0,275.0,300.0,0.0,1.519989,module=UavAuthNetwork.uav[4]; config=StadiumSPONGENT
2575,StadiumSPONGENT-17-20260810-14:59:35-739851,StadiumSPONGENT,17,17,17,spongent,10,,,,5,static,450.0,300.0,450.0,300.0,0.0,1.52328,module=UavAuthNetwork.uav[5]; config=StadiumSPONGENT
2576,StadiumSPONGENT-17-20260810-14:59:35-739851,StadiumSPONGENT,17,17,17,spongent,10,,,,6,static,50.0,120.0,50.0,120.0,0.0,1.531768,module=UavAuthNetwork.uav[6]; config=StadiumSPONGENT
2577,StadiumSPONGENT-17-20260810-14:59:35-739851,StadiumSPONGENT,17,17,17,spongent,10,,,,7,static,50.0,230.0,50.0,230.0,0.0,1.560335,module=UavAuthNetwork.uav[7]; config=StadiumSPONGENT
2578,StadiumSPONGENT-17-20260810-14:59:35-739851,StadiumSPONGENT,17,17,17,spongent,10,,,,8,static,500.0,120.0,500.0,120.0,0.0,1.50194,module=UavAuthNetwork.uav[8]; config=StadiumSPONGENT
2579,StadiumSPONGENT-17-20260810-14:59:35-739851,StadiumSPONGENT,17,17,17,spongent,10,,,,9,static,500.0,230.0,500.0,230.0,0.0,1.529789,module=UavAuthNetwork.uav[9]; config=StadiumSPONGENT
2580,StadiumSPONGENT-18-20260810-14:59:36-739851,StadiumSPONGENT,18,18,18,spongent,10,,,,0,static,100.0,50.0,100.0,50.0,0.0,1.548893,module=UavAuthNetwork.uav[0]; config=StadiumSPONGENT
2581,StadiumSPONGENT-18-20260810-14:59:36-739851,StadiumSPONGENT,18,18,18,spongent,10,,,,1,static,275.0,50.0,275.0,50.0,0.0,1.487082,module=UavAuthNetwork.uav[1]; config=StadiumSPONGENT
2582,StadiumSPONGENT-18-20260810-14:59:36-739851,StadiumSPONGENT,18,18,18,spongent,10,,,,2,static,450.0,50.0,450.0,50.0,0.0,1.514461,module=UavAuthNetwork.uav[2]; config=StadiumSPONGENT
2583,StadiumSPONGENT-18-20260810-14:59:36-739851,StadiumSPONGENT,18,18,18,spongent,10,,,,3,static,100.0,300.0,100.0,300.0,0.0,1.545487,module=UavAuthNetwork.uav[3]; config=StadiumSPONGENT
2584,StadiumSPONGENT-18-20260810-14:59:36-739851,StadiumSPONGENT,18,18,18,spongent,10,,,,4,static,275.0,300.0,275.0,300.0,0.0,1.524892,module=UavAuthNetwork.uav[4]; config=StadiumSPONGENT
2585,StadiumSPONGENT-18-20260810-14:59:36-739851,StadiumSPONGENT,18,18,18,spongent,10,,,,5,static,450.0,300.0,450.0,300.0,0.0,1.541954,module=UavAuthNetwork.uav[5]; config=StadiumSPONGENT
2586,StadiumSPONGENT-18-20260810-14:59:36-739851,StadiumSPONGENT,18,18,18,spongent,10,,,,6,static,50.0,120.0,50.0,120.0,0.0,1.527453,module=UavAuthNetwork.uav[6]; config=StadiumSPONGENT
2587,StadiumSPONGENT-18-20260810-14:59:36-739851,StadiumSPONGENT,18,18,18,spongent,10,,,,7,static,50.0,230.0,50.0,230.0,0.0,1.524947,module=UavAuthNetwork.uav[7]; config=StadiumSPONGENT
2588,StadiumSPONGENT-18-20260810-14:59:36-739851,StadiumSPONGENT,18,18,18,spongent,10,,,,8,static,500.0,120.0,500.0,120.0,0.0,1.499627,module=UavAuthNetwork.uav[8]; config=StadiumSPONGENT
2589,StadiumSPONGENT-18-20260810-14:59:36-739851,StadiumSPONGENT,18,18,18,spongent,10,,,,9,static,500.0,230.0,500.0,230.0,0.0,1.519261,module=UavAuthNetwork.uav[9]; config=StadiumSPONGENT
2590,StadiumSPONGENT-19-20260810-14:59:36-739851,StadiumSPONGENT,19,19,19,spongent,10,,,,0,static,100.0,50.0,100.0,50.0,0.0,1.540074,module=UavAuthNetwork.uav[0]; config=StadiumSPONGENT
2591,StadiumSPONGENT-19-20260810-14:59:36-739851,StadiumSPONGENT,19,19,19,spongent,10,,,,1,static,275.0,50.0,275.0,50.0,0.0,1.488903,module=UavAuthNetwork.uav[1]; config=StadiumSPONGENT
2592,StadiumSPONGENT-19-20260810-14:59:36-739851,StadiumSPONGENT,19,19,19,spongent,10,,,,2,static,450.0,50.0,450.0,50.0,0.0,1.511333,module=UavAuthNetwork.uav[2]; config=StadiumSPONGENT
2593,StadiumSPONGENT-19-20260810-14:59:36-739851,StadiumSPONGENT,19,19,19,spongent,10,,,,3,static,100.0,300.0,100.0,300.0,0.0,1.470347,module=UavAuthNetwork.uav[3]; config=StadiumSPONGENT
2594,StadiumSPONGENT-19-20260810-14:59:36-739851,StadiumSPONGENT,19,19,19,spongent,10,,,,4,static,275.0,300.0,275.0,300.0,0.0,1.472883,module=UavAuthNetwork.uav[4]; config=StadiumSPONGENT
2595,StadiumSPONGENT-19-20260810-14:59:36-739851,StadiumSPONGENT,19,19,19,spongent,10,,,,5,static,450.0,300.0,450.0,300.0,0.0,1.494416,module=UavAuthNetwork.uav[5]; config=StadiumSPONGENT
2596,StadiumSPONGENT-19-20260810-14:59:36-739851,StadiumSPONGENT,19,19,19,spongent,10,,,,6,static,50.0,120.0,50.0,120.0,0.0,1.469048,module=UavAuthNetwork.uav[6]; config=StadiumSPONGENT
2597,StadiumSPONGENT-19-20260810-14:59:36-739851,StadiumSPONGENT,19,19,19,spongent,10,,,,7,static,50.0,230.0,50.0,230.0,0.0,1.554539,module=UavAuthNetwork.uav[7]; config=StadiumSPONGENT
2598,StadiumSPONGENT-19-20260810-14:59:36-739851,StadiumSPONGENT,19,19,19,spongent,10,,,,8,static,500.0,120.0,500.0,120.0,0.0,1.504532,module=UavAuthNetwork.uav[8]; config=StadiumSPONGENT
2599,StadiumSPONGENT-19-20260810-14:59:36-739851,StadiumSPONGENT,19,19,19,spongent,10,,,,9,static,500.0,230.0,500.0,230.0,0.0,1.481673,module=UavAuthNetwork.uav[9]; config=StadiumSPONGENT
2600,StadiumSPONGENT-2-20260810-14:59:32-739851,StadiumSPONGENT,2,2,2,spongent,10,,,,0,static,100.0,50.0,100.0,50.0,0.0,1.518856,module=UavAuthNetwork.uav[0]; config=StadiumSPONGENT
2601,StadiumSPONGENT-2-20260810-14:59:32-739851,StadiumSPONGENT,2,2,2,spongent,10,,,,1,static,275.0,50.0,275.0,50.0,0.0,1.508311,module=UavAuthNetwork.uav[1]; config=StadiumSPONGENT
2602,StadiumSPONGENT-2-20260810-14:59:32-739851,StadiumSPONGENT,2,2,2,spongent,10,,,,2,static,450.0,50.0,450.0,50.0,0.0,1.507467,module=UavAuthNetwork.uav[2]; config=StadiumSPONGENT
2603,StadiumSPONGENT-2-20260810-14:59:32-739851,StadiumSPONGENT,2,2,2,spongent,10,,,,3,static,100.0,300.0,100.0,300.0,0.0,1.499331,module=UavAuthNetwork.uav[3]; config=StadiumSPONGENT
2604,StadiumSPONGENT-2-20260810-14:59:32-739851,StadiumSPONGENT,2,2,2,spongent,10,,,,4,static,275.0,300.0,275.0,300.0,0.0,1.501031,module=UavAuthNetwork.uav[4]; config=StadiumSPONGENT
2605,StadiumSPONGENT-2-20260810-14:59:32-739851,StadiumSPONGENT,2,2,2,spongent,10,,,,5,static,450.0,300.0,450.0,300.0,0.0,1.538819,module=UavAuthNetwork.uav[5]; config=StadiumSPONGENT
2606,StadiumSPONGENT-2-20260810-14:59:32-739851,StadiumSPONGENT,2,2,2,spongent,10,,,,6,static,50.0,120.0,50.0,120.0,0.0,1.489352,module=UavAuthNetwork.uav[6]; config=StadiumSPONGENT
2607,StadiumSPONGENT-2-20260810-14:59:32-739851,StadiumSPONGENT,2,2,2,spongent,10,,,,7,static,50.0,230.0,50.0,230.0,0.0,1.524482,module=UavAuthNetwork.uav[7]; config=StadiumSPONGENT
2608,StadiumSPONGENT-2-20260810-14:59:32-739851,StadiumSPONGENT,2,2,2,spongent,10,,,,8,static,500.0,120.0,500.0,120.0,0.0,1.538789,module=UavAuthNetwork.uav[8]; config=StadiumSPONGENT
2609,StadiumSPONGENT-2-20260810-14:59:32-739851,StadiumSPONGENT,2,2,2,spongent,10,,,,9,static,500.0,230.0,500.0,230.0,0.0,1.487609,module=UavAuthNetwork.uav[9]; config=StadiumSPONGENT
2610,StadiumSPONGENT-20-20260810-14:59:36-739851,StadiumSPONGENT,20,20,20,spongent,10,,,,0,static,100.0,50.0,100.0,50.0,0.0,1.536871,module=UavAuthNetwork.uav[0]; config=StadiumSPONGENT
2611,StadiumSPONGENT-20-20260810-14:59:36-739851,StadiumSPONGENT,20,20,20,spongent,10,,,,1,static,275.0,50.0,275.0,50.0,0.0,1.510116,module=UavAuthNetwork.uav[1]; config=StadiumSPONGENT
2612,StadiumSPONGENT-20-20260810-14:59:36-739851,StadiumSPONGENT,20,20,20,spongent,10,,,,2,static,450.0,50.0,450.0,50.0,0.0,1.518606,module=UavAuthNetwork.uav[2]; config=StadiumSPONGENT
2613,StadiumSPONGENT-20-20260810-14:59:36-739851,StadiumSPONGENT,20,20,20,spongent,10,,,,3,static,100.0,300.0,100.0,300.0,0.0,1.533703,module=UavAuthNetwork.uav[3]; config=StadiumSPONGENT
2614,StadiumSPONGENT-20-20260810-14:59:36-739851,StadiumSPONGENT,20,20,20,spongent,10,,,,4,static,275.0,300.0,275.0,300.0,0.0,1.499863,module=UavAuthNetwork.uav[4]; config=StadiumSPONGENT
2615,StadiumSPONGENT-20-20260810-14:59:36-739851,StadiumSPONGENT,20,20,20,spongent,10,,,,5,static,450.0,300.0,450.0,300.0,0.0,1.575728,module=UavAuthNetwork.uav[5]; config=StadiumSPONGENT
2616,StadiumSPONGENT-20-20260810-14:59:36-739851,StadiumSPONGENT,20,20,20,spongent,10,,,,6,static,50.0,120.0,50.0,120.0,0.0,1.508085,module=UavAuthNetwork.uav[6]; config=StadiumSPONGENT
2617,StadiumSPONGENT-20-20260810-14:59:36-739851,StadiumSPONGENT,20,20,20,spongent,10,,,,7,static,50.0,230.0,50.0,230.0,0.0,1.495447,module=UavAuthNetwork.uav[7]; config=StadiumSPONGENT
2618,StadiumSPONGENT-20-20260810-14:59:36-739851,StadiumSPONGENT,20,20,20,spongent,10,,,,8,static,500.0,120.0,500.0,120.0,0.0,1.49201,module=UavAuthNetwork.uav[8]; config=StadiumSPONGENT
2619,StadiumSPONGENT-20-20260810-14:59:36-739851,StadiumSPONGENT,20,20,20,spongent,10,,,,9,static,500.0,230.0,500.0,230.0,0.0,1.540359,module=UavAuthNetwork.uav[9]; config=StadiumSPONGENT
2620,StadiumSPONGENT-21-20260810-14:59:36-739851,StadiumSPONGENT,21,21,21,spongent,10,,,,0,static,100.0,50.0,100.0,50.0,0.0,1.51256,module=UavAuthNetwork.uav[0]; config=StadiumSPONGENT
2621,StadiumSPONGENT-21-20260810-14:59:36-739851,StadiumSPONGENT,21,21,21,spongent,10,,,,1,static,275.0,50.0,275.0,50.0,0.0,1.567181,module=UavAuthNetwork.uav[1]; config=StadiumSPONGENT
2622,StadiumSPONGENT-21-20260810-14:59:36-739851,StadiumSPONGENT,21,21,21,spongent,10,,,,2,static,450.0,50.0,450.0,50.0,0.0,1.54159,module=UavAuthNetwork.uav[2]; config=StadiumSPONGENT
2623,StadiumSPONGENT-21-20260810-14:59:36-739851,StadiumSPONGENT,21,21,21,spongent,10,,,,3,static,100.0,300.0,100.0,300.0,0.0,1.462353,module=UavAuthNetwork.uav[3]; config=StadiumSPONGENT
2624,StadiumSPONGENT-21-20260810-14:59:36-739851,StadiumSPONGENT,21,21,21,spongent,10,,,,4,static,275.0,300.0,275.0,300.0,0.0,1.516963,module=UavAuthNetwork.uav[4]; config=StadiumSPONGENT
2625,StadiumSPONGENT-21-20260810-14:59:36-739851,StadiumSPONGENT,21,21,21,spongent,10,,,,5,static,450.0,300.0,450.0,300.0,0.0,1.469106,module=UavAuthNetwork.uav[5]; config=StadiumSPONGENT
2626,StadiumSPONGENT-21-20260810-14:59:36-739851,StadiumSPONGENT,21,21,21,spongent,10,,,,6,static,50.0,120.0,50.0,120.0,0.0,1.492168,module=UavAuthNetwork.uav[6]; config=StadiumSPONGENT
2627,StadiumSPONGENT-21-20260810-14:59:36-739851,StadiumSPONGENT,21,21,21,spongent,10,,,,7,static,50.0,230.0,50.0,230.0,0.0,1.498147,module=UavAuthNetwork.uav[7]; config=StadiumSPONGENT
2628,StadiumSPONGENT-21-20260810-14:59:36-739851,StadiumSPONGENT,21,21,21,spongent,10,,,,8,static,500.0,120.0,500.0,120.0,0.0,1.49984,module=UavAuthNetwork.uav[8]; config=StadiumSPONGENT
2629,StadiumSPONGENT-21-20260810-14:59:36-739851,StadiumSPONGENT,21,21,21,spongent,10,,,,9,static,500.0,230.0,500.0,230.0,0.0,1.474556,module=UavAuthNetwork.uav[9]; config=StadiumSPONGENT
2630,StadiumSPONGENT-22-20260810-14:59:37-739851,StadiumSPONGENT,22,22,22,spongent,10,,,,0,static,100.0,50.0,100.0,50.0,0.0,1.503713,module=UavAuthNetwork.uav[0]; config=StadiumSPONGENT
2631,StadiumSPONGENT-22-20260810-14:59:37-739851,StadiumSPONGENT,22,22,22,spongent,10,,,,1,static,275.0,50.0,275.0,50.0,0.0,1.503809,module=UavAuthNetwork.uav[1]; config=StadiumSPONGENT
2632,StadiumSPONGENT-22-20260810-14:59:37-739851,StadiumSPONGENT,22,22,22,spongent,10,,,,2,static,450.0,50.0,450.0,50.0,0.0,1.509888,module=UavAuthNetwork.uav[2]; config=StadiumSPONGENT
2633,StadiumSPONGENT-22-20260810-14:59:37-739851,StadiumSPONGENT,22,22,22,spongent,10,,,,3,static,100.0,300.0,100.0,300.0,0.0,1.502905,module=UavAuthNetwork.uav[3]; config=StadiumSPONGENT
2634,StadiumSPONGENT-22-20260810-14:59:37-739851,StadiumSPONGENT,22,22,22,spongent,10,,,,4,static,275.0,300.0,275.0,300.0,0.0,1.495866,module=UavAuthNetwork.uav[4]; config=StadiumSPONGENT
2635,StadiumSPONGENT-22-20260810-14:59:37-739851,StadiumSPONGENT,22,22,22,spongent,10,,,,5,static,450.0,300.0,450.0,300.0,0.0,1.487378,module=UavAuthNetwork.uav[5]; config=StadiumSPONGENT
2636,StadiumSPONGENT-22-20260810-14:59:37-739851,StadiumSPONGENT,22,22,22,spongent,10,,,,6,static,50.0,120.0,50.0,120.0,0.0,1.512804,module=UavAuthNetwork.uav[6]; config=StadiumSPONGENT
2637,StadiumSPONGENT-22-20260810-14:59:37-739851,StadiumSPONGENT,22,22,22,spongent,10,,,,7,static,50.0,230.0,50.0,230.0,0.0,1.516767,module=UavAuthNetwork.uav[7]; config=StadiumSPONGENT
2638,StadiumSPONGENT-22-20260810-14:59:37-739851,StadiumSPONGENT,22,22,22,spongent,10,,,,8,static,500.0,120.0,500.0,120.0,0.0,1.498699,module=UavAuthNetwork.uav[8]; config=StadiumSPONGENT
2639,StadiumSPONGENT-22-20260810-14:59:37-739851,StadiumSPONGENT,22,22,22,spongent,10,,,,9,static,500.0,230.0,500.0,230.0,0.0,1.481617,module=UavAuthNetwork.uav[9]; config=StadiumSPONGENT
2640,StadiumSPONGENT-23-20260810-14:59:37-739851,StadiumSPONGENT,23,23,23,spongent,10,,,,0,static,100.0,50.0,100.0,50.0,0.0,1.517076,module=UavAuthNetwork.uav[0]; config=StadiumSPONGENT
2641,StadiumSPONGENT-23-20260810-14:59:37-739851,StadiumSPONGENT,23,23,23,spongent,10,,,,1,static,275.0,50.0,275.0,50.0,0.0,1.520271,module=UavAuthNetwork.uav[1]; config=StadiumSPONGENT
2642,StadiumSPONGENT-23-20260810-14:59:37-739851,StadiumSPONGENT,23,23,23,spongent,10,,,,2,static,450.0,50.0,450.0,50.0,0.0,1.500982,module=UavAuthNetwork.uav[2]; config=StadiumSPONGENT
2643,StadiumSPONGENT-23-20260810-14:59:37-739851,StadiumSPONGENT,23,23,23,spongent,10,,,,3,static,100.0,300.0,100.0,300.0,0.0,1.488816,module=UavAuthNetwork.uav[3]; config=StadiumSPONGENT
2644,StadiumSPONGENT-23-20260810-14:59:37-739851,StadiumSPONGENT,23,23,23,spongent,10,,,,4,static,275.0,300.0,275.0,300.0,0.0,1.558346,module=UavAuthNetwork.uav[4]; config=StadiumSPONGENT
2645,StadiumSPONGENT-23-20260810-14:59:37-739851,StadiumSPONGENT,23,23,23,spongent,10,,,,5,static,450.0,300.0,450.0,300.0,0.0,1.538033,module=UavAuthNetwork.uav[5]; config=StadiumSPONGENT
2646,StadiumSPONGENT-23-20260810-14:59:37-739851,StadiumSPONGENT,23,23,23,spongent,10,,,,6,static,50.0,120.0,50.0,120.0,0.0,1.504991,module=UavAuthNetwork.uav[6]; config=StadiumSPONGENT
2647,StadiumSPONGENT-23-20260810-14:59:37-739851,StadiumSPONGENT,23,23,23,spongent,10,,,,7,static,50.0,230.0,50.0,230.0,0.0,1.459929,module=UavAuthNetwork.uav[7]; config=StadiumSPONGENT
2648,StadiumSPONGENT-23-20260810-14:59:37-739851,StadiumSPONGENT,23,23,23,spongent,10,,,,8,static,500.0,120.0,500.0,120.0,0.0,1.512925,module=UavAuthNetwork.uav[8]; config=StadiumSPONGENT
2649,StadiumSPONGENT-23-20260810-14:59:37-739851,StadiumSPONGENT,23,23,23,spongent,10,,,,9,static,500.0,230.0,500.0,230.0,0.0,1.499215,module=UavAuthNetwork.uav[9]; config=StadiumSPONGENT
2650,StadiumSPONGENT-24-20260810-14:59:37-739851,StadiumSPONGENT,24,24,24,spongent,10,,,,0,static,100.0,50.0,100.0,50.0,0.0,1.483629,module=UavAuthNetwork.uav[0]; config=StadiumSPONGENT
2651,StadiumSPONGENT-24-20260810-14:59:37-739851,StadiumSPONGENT,24,24,24,spongent,10,,,,1,static,275.0,50.0,275.0,50.0,0.0,1.51809,module=UavAuthNetwork.uav[1]; config=StadiumSPONGENT
2652,StadiumSPONGENT-24-20260810-14:59:37-739851,StadiumSPONGENT,24,24,24,spongent,10,,,,2,static,450.0,50.0,450.0,50.0,0.0,1.505837,module=UavAuthNetwork.uav[2]; config=StadiumSPONGENT
2653,StadiumSPONGENT-24-20260810-14:59:37-739851,StadiumSPONGENT,24,24,24,spongent,10,,,,3,static,100.0,300.0,100.0,300.0,0.0,1.506802,module=UavAuthNetwork.uav[3]; config=StadiumSPONGENT
2654,StadiumSPONGENT-24-20260810-14:59:37-739851,StadiumSPONGENT,24,24,24,spongent,10,,,,4,static,275.0,300.0,275.0,300.0,0.0,1.490249,module=UavAuthNetwork.uav[4]; config=StadiumSPONGENT
2655,StadiumSPONGENT-24-20260810-14:59:37-739851,StadiumSPONGENT,24,24,24,spongent,10,,,,5,static,450.0,300.0,450.0,300.0,0.0,1.510269,module=UavAuthNetwork.uav[5]; config=StadiumSPONGENT
2656,StadiumSPONGENT-24-20260810-14:59:37-739851,StadiumSPONGENT,24,24,24,spongent,10,,,,6,static,50.0,120.0,50.0,120.0,0.0,1.498547,module=UavAuthNetwork.uav[6]; config=StadiumSPONGENT
2657,StadiumSPONGENT-24-20260810-14:59:37-739851,StadiumSPONGENT,24,24,24,spongent,10,,,,7,static,50.0,230.0,50.0,230.0,0.0,1.561309,module=UavAuthNetwork.uav[7]; config=StadiumSPONGENT
2658,StadiumSPONGENT-24-20260810-14:59:37-739851,StadiumSPONGENT,24,24,24,spongent,10,,,,8,static,500.0,120.0,500.0,120.0,0.0,1.495134,module=UavAuthNetwork.uav[8]; config=StadiumSPONGENT
2659,StadiumSPONGENT-24-20260810-14:59:37-739851,StadiumSPONGENT,24,24,24,spongent,10,,,,9,static,500.0,230.0,500.0,230.0,0.0,1.492241,module=UavAuthNetwork.uav[9]; config=StadiumSPONGENT
2660,StadiumSPONGENT-25-20260810-14:59:37-739851,StadiumSPONGENT,25,25,25,spongent,10,,,,0,static,100.0,50.0,100.0,50.0,0.0,1.497116,module=UavAuthNetwork.uav[0]; config=StadiumSPONGENT
2661,StadiumSPONGENT-25-20260810-14:59:37-739851,StadiumSPONGENT,25,25,25,spongent,10,,,,1,static,275.0,50.0,275.0,50.0,0.0,1.508599,module=UavAuthNetwork.uav[1]; config=StadiumSPONGENT
2662,StadiumSPONGENT-25-20260810-14:59:37-739851,StadiumSPONGENT,25,25,25,spongent,10,,,,2,static,450.0,50.0,450.0,50.0,0.0,1.587181,module=UavAuthNetwork.uav[2]; config=StadiumSPONGENT
2663,StadiumSPONGENT-25-20260810-14:59:37-739851,StadiumSPONGENT,25,25,25,spongent,10,,,,3,static,100.0,300.0,100.0,300.0,0.0,1.477258,module=UavAuthNetwork.uav[3]; config=StadiumSPONGENT
2664,StadiumSPONGENT-25-20260810-14:59:37-739851,StadiumSPONGENT,25,25,25,spongent,10,,,,4,static,275.0,300.0,275.0,300.0,0.0,1.47385,module=UavAuthNetwork.uav[4]; config=StadiumSPONGENT
2665,StadiumSPONGENT-25-20260810-14:59:37-739851,StadiumSPONGENT,25,25,25,spongent,10,,,,5,static,450.0,300.0,450.0,300.0,0.0,1.513809,module=UavAuthNetwork.uav[5]; config=StadiumSPONGENT
2666,StadiumSPONGENT-25-20260810-14:59:37-739851,StadiumSPONGENT,25,25,25,spongent,10,,,,6,static,50.0,120.0,50.0,120.0,0.0,1.475475,module=UavAuthNetwork.uav[6]; config=StadiumSPONGENT
2667,StadiumSPONGENT-25-20260810-14:59:37-739851,StadiumSPONGENT,25,25,25,spongent,10,,,,7,static,50.0,230.0,50.0,230.0,0.0,1.484829,module=UavAuthNetwork.uav[7]; config=StadiumSPONGENT
2668,StadiumSPONGENT-25-20260810-14:59:37-739851,StadiumSPONGENT,25,25,25,spongent,10,,,,8,static,500.0,120.0,500.0,120.0,0.0,1.522209,module=UavAuthNetwork.uav[8]; config=StadiumSPONGENT
2669,StadiumSPONGENT-25-20260810-14:59:37-739851,StadiumSPONGENT,25,25,25,spongent,10,,,,9,static,500.0,230.0,500.0,230.0,0.0,1.493246,module=UavAuthNetwork.uav[9]; config=StadiumSPONGENT
2670,StadiumSPONGENT-26-20260810-14:59:37-739851,StadiumSPONGENT,26,26,26,spongent,10,,,,0,static,100.0,50.0,100.0,50.0,0.0,1.51863,module=UavAuthNetwork.uav[0]; config=StadiumSPONGENT
2671,StadiumSPONGENT-26-20260810-14:59:37-739851,StadiumSPONGENT,26,26,26,spongent,10,,,,1,static,275.0,50.0,275.0,50.0,0.0,1.532081,module=UavAuthNetwork.uav[1]; config=StadiumSPONGENT
2672,StadiumSPONGENT-26-20260810-14:59:37-739851,StadiumSPONGENT,26,26,26,spongent,10,,,,2,static,450.0,50.0,450.0,50.0,0.0,1.493452,module=UavAuthNetwork.uav[2]; config=StadiumSPONGENT
2673,StadiumSPONGENT-26-20260810-14:59:37-739851,StadiumSPONGENT,26,26,26,spongent,10,,,,3,static,100.0,300.0,100.0,300.0,0.0,1.494418,module=UavAuthNetwork.uav[3]; config=StadiumSPONGENT
2674,StadiumSPONGENT-26-20260810-14:59:37-739851,StadiumSPONGENT,26,26,26,spongent,10,,,,4,static,275.0,300.0,275.0,300.0,0.0,1.509456,module=UavAuthNetwork.uav[4]; config=StadiumSPONGENT
2675,StadiumSPONGENT-26-20260810-14:59:37-739851,StadiumSPONGENT,26,26,26,spongent,10,,,,5,static,450.0,300.0,450.0,300.0,0.0,1.509497,module=UavAuthNetwork.uav[5]; config=StadiumSPONGENT
2676,StadiumSPONGENT-26-20260810-14:59:37-739851,StadiumSPONGENT,26,26,26,spongent,10,,,,6,static,50.0,120.0,50.0,120.0,0.0,1.500682,module=UavAuthNetwork.uav[6]; config=StadiumSPONGENT
2677,StadiumSPONGENT-26-20260810-14:59:37-739851,StadiumSPONGENT,26,26,26,spongent,10,,,,7,static,50.0,230.0,50.0,230.0,0.0,1.501959,module=UavAuthNetwork.uav[7]; config=StadiumSPONGENT
2678,StadiumSPONGENT-26-20260810-14:59:37-739851,StadiumSPONGENT,26,26,26,spongent,10,,,,8,static,500.0,120.0,500.0,120.0,0.0,1.465347,module=UavAuthNetwork.uav[8]; config=StadiumSPONGENT
2679,StadiumSPONGENT-26-20260810-14:59:37-739851,StadiumSPONGENT,26,26,26,spongent,10,,,,9,static,500.0,230.0,500.0,230.0,0.0,1.499638,module=UavAuthNetwork.uav[9]; config=StadiumSPONGENT
2680,StadiumSPONGENT-27-20260810-14:59:38-739851,StadiumSPONGENT,27,27,27,spongent,10,,,,0,static,100.0,50.0,100.0,50.0,0.0,1.493523,module=UavAuthNetwork.uav[0]; config=StadiumSPONGENT
2681,StadiumSPONGENT-27-20260810-14:59:38-739851,StadiumSPONGENT,27,27,27,spongent,10,,,,1,static,275.0,50.0,275.0,50.0,0.0,1.529501,module=UavAuthNetwork.uav[1]; config=StadiumSPONGENT
2682,StadiumSPONGENT-27-20260810-14:59:38-739851,StadiumSPONGENT,27,27,27,spongent,10,,,,2,static,450.0,50.0,450.0,50.0,0.0,1.474664,module=UavAuthNetwork.uav[2]; config=StadiumSPONGENT
2683,StadiumSPONGENT-27-20260810-14:59:38-739851,StadiumSPONGENT,27,27,27,spongent,10,,,,3,static,100.0,300.0,100.0,300.0,0.0,1.536412,module=UavAuthNetwork.uav[3]; config=StadiumSPONGENT
2684,StadiumSPONGENT-27-20260810-14:59:38-739851,StadiumSPONGENT,27,27,27,spongent,10,,,,4,static,275.0,300.0,275.0,300.0,0.0,1.539345,module=UavAuthNetwork.uav[4]; config=StadiumSPONGENT
2685,StadiumSPONGENT-27-20260810-14:59:38-739851,StadiumSPONGENT,27,27,27,spongent,10,,,,5,static,450.0,300.0,450.0,300.0,0.0,1.460789,module=UavAuthNetwork.uav[5]; config=StadiumSPONGENT
2686,StadiumSPONGENT-27-20260810-14:59:38-739851,StadiumSPONGENT,27,27,27,spongent,10,,,,6,static,50.0,120.0,50.0,120.0,0.0,1.536268,module=UavAuthNetwork.uav[6]; config=StadiumSPONGENT
2687,StadiumSPONGENT-27-20260810-14:59:38-739851,StadiumSPONGENT,27,27,27,spongent,10,,,,7,static,50.0,230.0,50.0,230.0,0.0,1.538815,module=UavAuthNetwork.uav[7]; config=StadiumSPONGENT
2688,StadiumSPONGENT-27-20260810-14:59:38-739851,StadiumSPONGENT,27,27,27,spongent,10,,,,8,static,500.0,120.0,500.0,120.0,0.0,1.526701,module=UavAuthNetwork.uav[8]; config=StadiumSPONGENT
2689,StadiumSPONGENT-27-20260810-14:59:38-739851,StadiumSPONGENT,27,27,27,spongent,10,,,,9,static,500.0,230.0,500.0,230.0,0.0,1.484549,module=UavAuthNetwork.uav[9]; config=StadiumSPONGENT
2690,StadiumSPONGENT-28-20260810-14:59:38-739851,StadiumSPONGENT,28,28,28,spongent,10,,,,0,static,100.0,50.0,100.0,50.0,0.0,1.496258,module=UavAuthNetwork.uav[0]; config=StadiumSPONGENT
2691,StadiumSPONGENT-28-20260810-14:59:38-739851,StadiumSPONGENT,28,28,28,spongent,10,,,,1,static,275.0,50.0,275.0,50.0,0.0,1.52308,module=UavAuthNetwork.uav[1]; config=StadiumSPONGENT
2692,StadiumSPONGENT-28-20260810-14:59:38-739851,StadiumSPONGENT,28,28,28,spongent,10,,,,2,static,450.0,50.0,450.0,50.0,0.0,1.52902,module=UavAuthNetwork.uav[2]; config=StadiumSPONGENT
2693,StadiumSPONGENT-28-20260810-14:59:38-739851,StadiumSPONGENT,28,28,28,spongent,10,,,,3,static,100.0,300.0,100.0,300.0,0.0,1.526972,module=UavAuthNetwork.uav[3]; config=StadiumSPONGENT
2694,StadiumSPONGENT-28-20260810-14:59:38-739851,StadiumSPONGENT,28,28,28,spongent,10,,,,4,static,275.0,300.0,275.0,300.0,0.0,1.496025,module=UavAuthNetwork.uav[4]; config=StadiumSPONGENT
2695,StadiumSPONGENT-28-20260810-14:59:38-739851,StadiumSPONGENT,28,28,28,spongent,10,,,,5,static,450.0,300.0,450.0,300.0,0.0,1.521053,module=UavAuthNetwork.uav[5]; config=StadiumSPONGENT
2696,StadiumSPONGENT-28-20260810-14:59:38-739851,StadiumSPONGENT,28,28,28,spongent,10,,,,6,static,50.0,120.0,50.0,120.0,0.0,1.541262,module=UavAuthNetwork.uav[6]; config=StadiumSPONGENT
2697,StadiumSPONGENT-28-20260810-14:59:38-739851,StadiumSPONGENT,28,28,28,spongent,10,,,,7,static,50.0,230.0,50.0,230.0,0.0,1.486642,module=UavAuthNetwork.uav[7]; config=StadiumSPONGENT
2698,StadiumSPONGENT-28-20260810-14:59:38-739851,StadiumSPONGENT,28,28,28,spongent,10,,,,8,static,500.0,120.0,500.0,120.0,0.0,1.522941,module=UavAuthNetwork.uav[8]; config=StadiumSPONGENT
2699,StadiumSPONGENT-28-20260810-14:59:38-739851,StadiumSPONGENT,28,28,28,spongent,10,,,,9,static,500.0,230.0,500.0,230.0,0.0,1.513316,module=UavAuthNetwork.uav[9]; config=StadiumSPONGENT
2700,StadiumSPONGENT-29-20260810-14:59:38-739851,StadiumSPONGENT,29,29,29,spongent,10,,,,0,static,100.0,50.0,100.0,50.0,0.0,1.525555,module=UavAuthNetwork.uav[0]; config=StadiumSPONGENT
2701,StadiumSPONGENT-29-20260810-14:59:38-739851,StadiumSPONGENT,29,29,29,spongent,10,,,,1,static,275.0,50.0,275.0,50.0,0.0,1.497246,module=UavAuthNetwork.uav[1]; config=StadiumSPONGENT
2702,StadiumSPONGENT-29-20260810-14:59:38-739851,StadiumSPONGENT,29,29,29,spongent,10,,,,2,static,450.0,50.0,450.0,50.0,0.0,1.524955,module=UavAuthNetwork.uav[2]; config=StadiumSPONGENT
2703,StadiumSPONGENT-29-20260810-14:59:38-739851,StadiumSPONGENT,29,29,29,spongent,10,,,,3,static,100.0,300.0,100.0,300.0,0.0,1.491362,module=UavAuthNetwork.uav[3]; config=StadiumSPONGENT
2704,StadiumSPONGENT-29-20260810-14:59:38-739851,StadiumSPONGENT,29,29,29,spongent,10,,,,4,static,275.0,300.0,275.0,300.0,0.0,1.501302,module=UavAuthNetwork.uav[4]; config=StadiumSPONGENT
2705,StadiumSPONGENT-29-20260810-14:59:38-739851,StadiumSPONGENT,29,29,29,spongent,10,,,,5,static,450.0,300.0,450.0,300.0,0.0,1.502962,module=UavAuthNetwork.uav[5]; config=StadiumSPONGENT
2706,StadiumSPONGENT-29-20260810-14:59:38-739851,StadiumSPONGENT,29,29,29,spongent,10,,,,6,static,50.0,120.0,50.0,120.0,0.0,1.52656,module=UavAuthNetwork.uav[6]; config=StadiumSPONGENT
2707,StadiumSPONGENT-29-20260810-14:59:38-739851,StadiumSPONGENT,29,29,29,spongent,10,,,,7,static,50.0,230.0,50.0,230.0,0.0,1.54472,module=UavAuthNetwork.uav[7]; config=StadiumSPONGENT
2708,StadiumSPONGENT-29-20260810-14:59:38-739851,StadiumSPONGENT,29,29,29,spongent,10,,,,8,static,500.0,120.0,500.0,120.0,0.0,1.48106,module=UavAuthNetwork.uav[8]; config=StadiumSPONGENT
2709,StadiumSPONGENT-29-20260810-14:59:38-739851,StadiumSPONGENT,29,29,29,spongent,10,,,,9,static,500.0,230.0,500.0,230.0,0.0,1.489974,module=UavAuthNetwork.uav[9]; config=StadiumSPONGENT
2710,StadiumSPONGENT-3-20260810-14:59:33-739851,StadiumSPONGENT,3,3,3,spongent,10,,,,0,static,100.0,50.0,100.0,50.0,0.0,1.513012,module=UavAuthNetwork.uav[0]; config=StadiumSPONGENT
2711,StadiumSPONGENT-3-20260810-14:59:33-739851,StadiumSPONGENT,3,3,3,spongent,10,,,,1,static,275.0,50.0,275.0,50.0,0.0,1.538486,module=UavAuthNetwork.uav[1]; config=StadiumSPONGENT
2712,StadiumSPONGENT-3-20260810-14:59:33-739851,StadiumSPONGENT,3,3,3,spongent,10,,,,2,static,450.0,50.0,450.0,50.0,0.0,1.50223,module=UavAuthNetwork.uav[2]; config=StadiumSPONGENT
2713,StadiumSPONGENT-3-20260810-14:59:33-739851,StadiumSPONGENT,3,3,3,spongent,10,,,,3,static,100.0,300.0,100.0,300.0,0.0,1.50262,module=UavAuthNetwork.uav[3]; config=StadiumSPONGENT
2714,StadiumSPONGENT-3-20260810-14:59:33-739851,StadiumSPONGENT,3,3,3,spongent,10,,,,4,static,275.0,300.0,275.0,300.0,0.0,1.519461,module=UavAuthNetwork.uav[4]; config=StadiumSPONGENT
2715,StadiumSPONGENT-3-20260810-14:59:33-739851,StadiumSPONGENT,3,3,3,spongent,10,,,,5,static,450.0,300.0,450.0,300.0,0.0,1.505849,module=UavAuthNetwork.uav[5]; config=StadiumSPONGENT
2716,StadiumSPONGENT-3-20260810-14:59:33-739851,StadiumSPONGENT,3,3,3,spongent,10,,,,6,static,50.0,120.0,50.0,120.0,0.0,1.475253,module=UavAuthNetwork.uav[6]; config=StadiumSPONGENT
2717,StadiumSPONGENT-3-20260810-14:59:33-739851,StadiumSPONGENT,3,3,3,spongent,10,,,,7,static,50.0,230.0,50.0,230.0,0.0,1.520408,module=UavAuthNetwork.uav[7]; config=StadiumSPONGENT
2718,StadiumSPONGENT-3-20260810-14:59:33-739851,StadiumSPONGENT,3,3,3,spongent,10,,,,8,static,500.0,120.0,500.0,120.0,0.0,1.495529,module=UavAuthNetwork.uav[8]; config=StadiumSPONGENT
2719,StadiumSPONGENT-3-20260810-14:59:33-739851,StadiumSPONGENT,3,3,3,spongent,10,,,,9,static,500.0,230.0,500.0,230.0,0.0,1.508478,module=UavAuthNetwork.uav[9]; config=StadiumSPONGENT
2720,StadiumSPONGENT-4-20260810-14:59:33-739851,StadiumSPONGENT,4,4,4,spongent,10,,,,0,static,100.0,50.0,100.0,50.0,0.0,1.500855,module=UavAuthNetwork.uav[0]; config=StadiumSPONGENT
2721,StadiumSPONGENT-4-20260810-14:59:33-739851,StadiumSPONGENT,4,4,4,spongent,10,,,,1,static,275.0,50.0,275.0,50.0,0.0,1.47448,module=UavAuthNetwork.uav[1]; config=StadiumSPONGENT
2722,StadiumSPONGENT-4-20260810-14:59:33-739851,StadiumSPONGENT,4,4,4,spongent,10,,,,2,static,450.0,50.0,450.0,50.0,0.0,1.516035,module=UavAuthNetwork.uav[2]; config=StadiumSPONGENT
2723,StadiumSPONGENT-4-20260810-14:59:33-739851,StadiumSPONGENT,4,4,4,spongent,10,,,,3,static,100.0,300.0,100.0,300.0,0.0,1.528721,module=UavAuthNetwork.uav[3]; config=StadiumSPONGENT
2724,StadiumSPONGENT-4-20260810-14:59:33-739851,StadiumSPONGENT,4,4,4,spongent,10,,,,4,static,275.0,300.0,275.0,300.0,0.0,1.521166,module=UavAuthNetwork.uav[4]; config=StadiumSPONGENT
2725,StadiumSPONGENT-4-20260810-14:59:33-739851,StadiumSPONGENT,4,4,4,spongent,10,,,,5,static,450.0,300.0,450.0,300.0,0.0,1.509842,module=UavAuthNetwork.uav[5]; config=StadiumSPONGENT
2726,StadiumSPONGENT-4-20260810-14:59:33-739851,StadiumSPONGENT,4,4,4,spongent,10,,,,6,static,50.0,120.0,50.0,120.0,0.0,1.48259,module=UavAuthNetwork.uav[6]; config=StadiumSPONGENT
2727,StadiumSPONGENT-4-20260810-14:59:33-739851,StadiumSPONGENT,4,4,4,spongent,10,,,,7,static,50.0,230.0,50.0,230.0,0.0,1.477328,module=UavAuthNetwork.uav[7]; config=StadiumSPONGENT
2728,StadiumSPONGENT-4-20260810-14:59:33-739851,StadiumSPONGENT,4,4,4,spongent,10,,,,8,static,500.0,120.0,500.0,120.0,0.0,1.492551,module=UavAuthNetwork.uav[8]; config=StadiumSPONGENT
2729,StadiumSPONGENT-4-20260810-14:59:33-739851,StadiumSPONGENT,4,4,4,spongent,10,,,,9,static,500.0,230.0,500.0,230.0,0.0,1.517712,module=UavAuthNetwork.uav[9]; config=StadiumSPONGENT
2730,StadiumSPONGENT-5-20260810-14:59:33-739851,StadiumSPONGENT,5,5,5,spongent,10,,,,0,static,100.0,50.0,100.0,50.0,0.0,1.482229,module=UavAuthNetwork.uav[0]; config=StadiumSPONGENT
2731,StadiumSPONGENT-5-20260810-14:59:33-739851,StadiumSPONGENT,5,5,5,spongent,10,,,,1,static,275.0,50.0,275.0,50.0,0.0,1.48032,module=UavAuthNetwork.uav[1]; config=StadiumSPONGENT
2732,StadiumSPONGENT-5-20260810-14:59:33-739851,StadiumSPONGENT,5,5,5,spongent,10,,,,2,static,450.0,50.0,450.0,50.0,0.0,1.542386,module=UavAuthNetwork.uav[2]; config=StadiumSPONGENT
2733,StadiumSPONGENT-5-20260810-14:59:33-739851,StadiumSPONGENT,5,5,5,spongent,10,,,,3,static,100.0,300.0,100.0,300.0,0.0,1.534133,module=UavAuthNetwork.uav[3]; config=StadiumSPONGENT
2734,StadiumSPONGENT-5-20260810-14:59:33-739851,StadiumSPONGENT,5,5,5,spongent,10,,,,4,static,275.0,300.0,275.0,300.0,0.0,1.524825,module=UavAuthNetwork.uav[4]; config=StadiumSPONGENT
2735,StadiumSPONGENT-5-20260810-14:59:33-739851,StadiumSPONGENT,5,5,5,spongent,10,,,,5,static,450.0,300.0,450.0,300.0,0.0,1.493297,module=UavAuthNetwork.uav[5]; config=StadiumSPONGENT
2736,StadiumSPONGENT-5-20260810-14:59:33-739851,StadiumSPONGENT,5,5,5,spongent,10,,,,6,static,50.0,120.0,50.0,120.0,0.0,1.469594,module=UavAuthNetwork.uav[6]; config=StadiumSPONGENT
2737,StadiumSPONGENT-5-20260810-14:59:33-739851,StadiumSPONGENT,5,5,5,spongent,10,,,,7,static,50.0,230.0,50.0,230.0,0.0,1.526639,module=UavAuthNetwork.uav[7]; config=StadiumSPONGENT
2738,StadiumSPONGENT-5-20260810-14:59:33-739851,StadiumSPONGENT,5,5,5,spongent,10,,,,8,static,500.0,120.0,500.0,120.0,0.0,1.502583,module=UavAuthNetwork.uav[8]; config=StadiumSPONGENT
2739,StadiumSPONGENT-5-20260810-14:59:33-739851,StadiumSPONGENT,5,5,5,spongent,10,,,,9,static,500.0,230.0,500.0,230.0,0.0,1.504742,module=UavAuthNetwork.uav[9]; config=StadiumSPONGENT
2740,StadiumSPONGENT-6-20260810-14:59:33-739851,StadiumSPONGENT,6,6,6,spongent,10,,,,0,static,100.0,50.0,100.0,50.0,0.0,1.526074,module=UavAuthNetwork.uav[0]; config=StadiumSPONGENT
2741,StadiumSPONGENT-6-20260810-14:59:33-739851,StadiumSPONGENT,6,6,6,spongent,10,,,,1,static,275.0,50.0,275.0,50.0,0.0,1.475425,module=UavAuthNetwork.uav[1]; config=StadiumSPONGENT
2742,StadiumSPONGENT-6-20260810-14:59:33-739851,StadiumSPONGENT,6,6,6,spongent,10,,,,2,static,450.0,50.0,450.0,50.0,0.0,1.492408,module=UavAuthNetwork.uav[2]; config=StadiumSPONGENT
2743,StadiumSPONGENT-6-20260810-14:59:33-739851,StadiumSPONGENT,6,6,6,spongent,10,,,,3,static,100.0,300.0,100.0,300.0,0.0,1.474275,module=UavAuthNetwork.uav[3]; config=StadiumSPONGENT
2744,StadiumSPONGENT-6-20260810-14:59:33-739851,StadiumSPONGENT,6,6,6,spongent,10,,,,4,static,275.0,300.0,275.0,300.0,0.0,1.518366,module=UavAuthNetwork.uav[4]; config=StadiumSPONGENT
2745,StadiumSPONGENT-6-20260810-14:59:33-739851,StadiumSPONGENT,6,6,6,spongent,10,,,,5,static,450.0,300.0,450.0,300.0,0.0,1.493085,module=UavAuthNetwork.uav[5]; config=StadiumSPONGENT
2746,StadiumSPONGENT-6-20260810-14:59:33-739851,StadiumSPONGENT,6,6,6,spongent,10,,,,6,static,50.0,120.0,50.0,120.0,0.0,1.544712,module=UavAuthNetwork.uav[6]; config=StadiumSPONGENT
2747,StadiumSPONGENT-6-20260810-14:59:33-739851,StadiumSPONGENT,6,6,6,spongent,10,,,,7,static,50.0,230.0,50.0,230.0,0.0,1.533103,module=UavAuthNetwork.uav[7]; config=StadiumSPONGENT
2748,StadiumSPONGENT-6-20260810-14:59:33-739851,StadiumSPONGENT,6,6,6,spongent,10,,,,8,static,500.0,120.0,500.0,120.0,0.0,1.516167,module=UavAuthNetwork.uav[8]; config=StadiumSPONGENT
2749,StadiumSPONGENT-6-20260810-14:59:33-739851,StadiumSPONGENT,6,6,6,spongent,10,,,,9,static,500.0,230.0,500.0,230.0,0.0,1.534453,module=UavAuthNetwork.uav[9]; config=StadiumSPONGENT
2750,StadiumSPONGENT-7-20260810-14:59:33-739851,StadiumSPONGENT,7,7,7,spongent,10,,,,0,static,100.0,50.0,100.0,50.0,0.0,1.479099,module=UavAuthNetwork.uav[0]; config=StadiumSPONGENT
2751,StadiumSPONGENT-7-20260810-14:59:33-739851,StadiumSPONGENT,7,7,7,spongent,10,,,,1,static,275.0,50.0,275.0,50.0,0.0,1.497724,module=UavAuthNetwork.uav[1]; config=StadiumSPONGENT
2752,StadiumSPONGENT-7-20260810-14:59:33-739851,StadiumSPONGENT,7,7,7,spongent,10,,,,2,static,450.0,50.0,450.0,50.0,0.0,1.492808,module=UavAuthNetwork.uav[2]; config=StadiumSPONGENT
2753,StadiumSPONGENT-7-20260810-14:59:33-739851,StadiumSPONGENT,7,7,7,spongent,10,,,,3,static,100.0,300.0,100.0,300.0,0.0,1.509004,module=UavAuthNetwork.uav[3]; config=StadiumSPONGENT
2754,StadiumSPONGENT-7-20260810-14:59:33-739851,StadiumSPONGENT,7,7,7,spongent,10,,,,4,static,275.0,300.0,275.0,300.0,0.0,1.476616,module=UavAuthNetwork.uav[4]; config=StadiumSPONGENT
2755,StadiumSPONGENT-7-20260810-14:59:33-739851,StadiumSPONGENT,7,7,7,spongent,10,,,,5,static,450.0,300.0,450.0,300.0,0.0,1.545683,module=UavAuthNetwork.uav[5]; config=StadiumSPONGENT
2756,StadiumSPONGENT-7-20260810-14:59:33-739851,StadiumSPONGENT,7,7,7,spongent,10,,,,6,static,50.0,120.0,50.0,120.0,0.0,1.533938,module=UavAuthNetwork.uav[6]; config=StadiumSPONGENT
2757,StadiumSPONGENT-7-20260810-14:59:33-739851,StadiumSPONGENT,7,7,7,spongent,10,,,,7,static,50.0,230.0,50.0,230.0,0.0,1.506587,module=UavAuthNetwork.uav[7]; config=StadiumSPONGENT
2758,StadiumSPONGENT-7-20260810-14:59:33-739851,StadiumSPONGENT,7,7,7,spongent,10,,,,8,static,500.0,120.0,500.0,120.0,0.0,1.53986,module=UavAuthNetwork.uav[8]; config=StadiumSPONGENT
2759,StadiumSPONGENT-7-20260810-14:59:33-739851,StadiumSPONGENT,7,7,7,spongent,10,,,,9,static,500.0,230.0,500.0,230.0,0.0,1.485965,module=UavAuthNetwork.uav[9]; config=StadiumSPONGENT
2760,StadiumSPONGENT-8-20260810-14:59:34-739851,StadiumSPONGENT,8,8,8,spongent,10,,,,0,static,100.0,50.0,100.0,50.0,0.0,1.522106,module=UavAuthNetwork.uav[0]; config=StadiumSPONGENT
2761,StadiumSPONGENT-8-20260810-14:59:34-739851,StadiumSPONGENT,8,8,8,spongent,10,,,,1,static,275.0,50.0,275.0,50.0,0.0,1.519946,module=UavAuthNetwork.uav[1]; config=StadiumSPONGENT
2762,StadiumSPONGENT-8-20260810-14:59:34-739851,StadiumSPONGENT,8,8,8,spongent,10,,,,2,static,450.0,50.0,450.0,50.0,0.0,1.472002,module=UavAuthNetwork.uav[2]; config=StadiumSPONGENT
2763,StadiumSPONGENT-8-20260810-14:59:34-739851,StadiumSPONGENT,8,8,8,spongent,10,,,,3,static,100.0,300.0,100.0,300.0,0.0,1.527904,module=UavAuthNetwork.uav[3]; config=StadiumSPONGENT
2764,StadiumSPONGENT-8-20260810-14:59:34-739851,StadiumSPONGENT,8,8,8,spongent,10,,,,4,static,275.0,300.0,275.0,300.0,0.0,1.494082,module=UavAuthNetwork.uav[4]; config=StadiumSPONGENT
2765,StadiumSPONGENT-8-20260810-14:59:34-739851,StadiumSPONGENT,8,8,8,spongent,10,,,,5,static,450.0,300.0,450.0,300.0,0.0,1.480734,module=UavAuthNetwork.uav[5]; config=StadiumSPONGENT
2766,StadiumSPONGENT-8-20260810-14:59:34-739851,StadiumSPONGENT,8,8,8,spongent,10,,,,6,static,50.0,120.0,50.0,120.0,0.0,1.489477,module=UavAuthNetwork.uav[6]; config=StadiumSPONGENT
2767,StadiumSPONGENT-8-20260810-14:59:34-739851,StadiumSPONGENT,8,8,8,spongent,10,,,,7,static,50.0,230.0,50.0,230.0,0.0,1.504312,module=UavAuthNetwork.uav[7]; config=StadiumSPONGENT
2768,StadiumSPONGENT-8-20260810-14:59:34-739851,StadiumSPONGENT,8,8,8,spongent,10,,,,8,static,500.0,120.0,500.0,120.0,0.0,1.506729,module=UavAuthNetwork.uav[8]; config=StadiumSPONGENT
2769,StadiumSPONGENT-8-20260810-14:59:34-739851,StadiumSPONGENT,8,8,8,spongent,10,,,,9,static,500.0,230.0,500.0,230.0,0.0,1.509719,module=UavAuthNetwork.uav[9]; config=StadiumSPONGENT
2770,StadiumSPONGENT-9-20260810-14:59:34-739851,StadiumSPONGENT,9,9,9,spongent,10,,,,0,static,100.0,50.0,100.0,50.0,0.0,1.52368,module=UavAuthNetwork.uav[0]; config=StadiumSPONGENT
2771,StadiumSPONGENT-9-20260810-14:59:34-739851,StadiumSPONGENT,9,9,9,spongent,10,,,,1,static,275.0,50.0,275.0,50.0,0.0,1.476796,module=UavAuthNetwork.uav[1]; config=StadiumSPONGENT
2772,StadiumSPONGENT-9-20260810-14:59:34-739851,StadiumSPONGENT,9,9,9,spongent,10,,,,2,static,450.0,50.0,450.0,50.0,0.0,1.537275,module=UavAuthNetwork.uav[2]; config=StadiumSPONGENT
2773,StadiumSPONGENT-9-20260810-14:59:34-739851,StadiumSPONGENT,9,9,9,spongent,10,,,,3,static,100.0,300.0,100.0,300.0,0.0,1.53559,module=UavAuthNetwork.uav[3]; config=StadiumSPONGENT
2774,StadiumSPONGENT-9-20260810-14:59:34-739851,StadiumSPONGENT,9,9,9,spongent,10,,,,4,static,275.0,300.0,275.0,300.0,0.0,1.509635,module=UavAuthNetwork.uav[4]; config=StadiumSPONGENT
2775,StadiumSPONGENT-9-20260810-14:59:34-739851,StadiumSPONGENT,9,9,9,spongent,10,,,,5,static,450.0,300.0,450.0,300.0,0.0,1.511,module=UavAuthNetwork.uav[5]; config=StadiumSPONGENT
2776,StadiumSPONGENT-9-20260810-14:59:34-739851,StadiumSPONGENT,9,9,9,spongent,10,,,,6,static,50.0,120.0,50.0,120.0,0.0,1.513125,module=UavAuthNetwork.uav[6]; config=StadiumSPONGENT
2777,StadiumSPONGENT-9-20260810-14:59:34-739851,StadiumSPONGENT,9,9,9,spongent,10,,,,7,static,50.0,230.0,50.0,230.0,0.0,1.534041,module=UavAuthNetwork.uav[7]; config=StadiumSPONGENT
2778,StadiumSPONGENT-9-20260810-14:59:34-739851,StadiumSPONGENT,9,9,9,spongent,10,,,,8,static,500.0,120.0,500.0,120.0,0.0,1.515441,module=UavAuthNetwork.uav[8]; config=StadiumSPONGENT
2779,StadiumSPONGENT-9-20260810-14:59:34-739851,StadiumSPONGENT,9,9,9,spongent,10,,,,9,static,500.0,230.0,500.0,230.0,0.0,1.467254,module=UavAuthNetwork.uav[9]; config=StadiumSPONGENT
2780,Swarm20-0-20260810-14:59:39-740152,Swarm20,0,0,0,sha3,20,,,,0,static,100.0,50.0,100.0,50.0,0.0,2.222131,module=UavAuthNetwork.uav[0]; config=Swarm20
2781,Swarm20-0-20260810-14:59:39-740152,Swarm20,0,0,0,sha3,20,,,,1,static,275.0,50.0,275.0,50.0,0.0,2.194056,module=UavAuthNetwork.uav[1]; config=Swarm20
2782,Swarm20-0-20260810-14:59:39-740152,Swarm20,0,0,0,sha3,20,,,,2,static,450.0,50.0,450.0,50.0,0.0,2.237529,module=UavAuthNetwork.uav[2]; config=Swarm20
2783,Swarm20-0-20260810-14:59:39-740152,Swarm20,0,0,0,sha3,20,,,,3,static,100.0,300.0,100.0,300.0,0.0,2.234257,module=UavAuthNetwork.uav[3]; config=Swarm20
2784,Swarm20-0-20260810-14:59:39-740152,Swarm20,0,0,0,sha3,20,,,,4,static,275.0,300.0,275.0,300.0,0.0,2.223586,module=UavAuthNetwork.uav[4]; config=Swarm20
2785,Swarm20-0-20260810-14:59:39-740152,Swarm20,0,0,0,sha3,20,,,,5,static,450.0,300.0,450.0,300.0,0.0,2.218221,module=UavAuthNetwork.uav[5]; config=Swarm20
2786,Swarm20-0-20260810-14:59:39-740152,Swarm20,0,0,0,sha3,20,,,,6,static,50.0,120.0,50.0,120.0,0.0,2.245683,module=UavAuthNetwork.uav[6]; config=Swarm20
2787,Swarm20-0-20260810-14:59:39-740152,Swarm20,0,0,0,sha3,20,,,,7,static,50.0,230.0,50.0,230.0,0.0,2.241647,module=UavAuthNetwork.uav[7]; config=Swarm20
2788,Swarm20-0-20260810-14:59:39-740152,Swarm20,0,0,0,sha3,20,,,,8,static,500.0,120.0,500.0,120.0,0.0,2.258927,module=UavAuthNetwork.uav[8]; config=Swarm20
2789,Swarm20-0-20260810-14:59:39-740152,Swarm20,0,0,0,sha3,20,,,,9,static,500.0,230.0,500.0,230.0,0.0,2.208938,module=UavAuthNetwork.uav[9]; config=Swarm20
2790,Swarm20-0-20260810-14:59:39-740152,Swarm20,0,0,0,sha3,20,,,,10,static,275.0,175.0,275.0,175.0,0.0,2.221969,module=UavAuthNetwork.uav[10]; config=Swarm20
2791,Swarm20-0-20260810-14:59:39-740152,Swarm20,0,0,0,sha3,20,,,,11,static,275.0,175.0,275.0,175.0,0.0,2.263642,module=UavAuthNetwork.uav[11]; config=Swarm20
2792,Swarm20-0-20260810-14:59:39-740152,Swarm20,0,0,0,sha3,20,,,,12,static,275.0,175.0,275.0,175.0,0.0,2.261481,module=UavAuthNetwork.uav[12]; config=Swarm20
2793,Swarm20-0-20260810-14:59:39-740152,Swarm20,0,0,0,sha3,20,,,,13,static,275.0,175.0,275.0,175.0,0.0,2.220464,module=UavAuthNetwork.uav[13]; config=Swarm20
2794,Swarm20-0-20260810-14:59:39-740152,Swarm20,0,0,0,sha3,20,,,,14,static,275.0,175.0,275.0,175.0,0.0,2.198779,module=UavAuthNetwork.uav[14]; config=Swarm20
2795,Swarm20-0-20260810-14:59:39-740152,Swarm20,0,0,0,sha3,20,,,,15,static,275.0,175.0,275.0,175.0,0.0,2.198973,module=UavAuthNetwork.uav[15]; config=Swarm20
2796,Swarm20-0-20260810-14:59:39-740152,Swarm20,0,0,0,sha3,20,,,,16,static,275.0,175.0,275.0,175.0,0.0,2.24163,module=UavAuthNetwork.uav[16]; config=Swarm20
2797,Swarm20-0-20260810-14:59:39-740152,Swarm20,0,0,0,sha3,20,,,,17,static,275.0,175.0,275.0,175.0,0.0,2.226857,module=UavAuthNetwork.uav[17]; config=Swarm20
2798,Swarm20-0-20260810-14:59:39-740152,Swarm20,0,0,0,sha3,20,,,,18,static,275.0,175.0,275.0,175.0,0.0,2.191855,module=UavAuthNetwork.uav[18]; config=Swarm20
2799,Swarm20-0-20260810-14:59:39-740152,Swarm20,0,0,0,sha3,20,,,,19,static,275.0,175.0,275.0,175.0,0.0,2.192544,module=UavAuthNetwork.uav[19]; config=Swarm20
2800,Swarm20-1-20260810-14:59:39-740152,Swarm20,1,1,1,sha3,20,,,,0,static,100.0,50.0,100.0,50.0,0.0,2.256197,module=UavAuthNetwork.uav[0]; config=Swarm20
2801,Swarm20-1-20260810-14:59:39-740152,Swarm20,1,1,1,sha3,20,,,,1,static,275.0,50.0,275.0,50.0,0.0,2.244637,module=UavAuthNetwork.uav[1]; config=Swarm20
2802,Swarm20-1-20260810-14:59:39-740152,Swarm20,1,1,1,sha3,20,,,,2,static,450.0,50.0,450.0,50.0,0.0,2.19707,module=UavAuthNetwork.uav[2]; config=Swarm20
2803,Swarm20-1-20260810-14:59:39-740152,Swarm20,1,1,1,sha3,20,,,,3,static,100.0,300.0,100.0,300.0,0.0,2.218029,module=UavAuthNetwork.uav[3]; config=Swarm20
2804,Swarm20-1-20260810-14:59:39-740152,Swarm20,1,1,1,sha3,20,,,,4,static,275.0,300.0,275.0,300.0,0.0,2.182579,module=UavAuthNetwork.uav[4]; config=Swarm20
2805,Swarm20-1-20260810-14:59:39-740152,Swarm20,1,1,1,sha3,20,,,,5,static,450.0,300.0,450.0,300.0,0.0,2.301803,module=UavAuthNetwork.uav[5]; config=Swarm20
2806,Swarm20-1-20260810-14:59:39-740152,Swarm20,1,1,1,sha3,20,,,,6,static,50.0,120.0,50.0,120.0,0.0,2.244498,module=UavAuthNetwork.uav[6]; config=Swarm20
2807,Swarm20-1-20260810-14:59:39-740152,Swarm20,1,1,1,sha3,20,,,,7,static,50.0,230.0,50.0,230.0,0.0,2.297776,module=UavAuthNetwork.uav[7]; config=Swarm20
2808,Swarm20-1-20260810-14:59:39-740152,Swarm20,1,1,1,sha3,20,,,,8,static,500.0,120.0,500.0,120.0,0.0,2.19713,module=UavAuthNetwork.uav[8]; config=Swarm20
2809,Swarm20-1-20260810-14:59:39-740152,Swarm20,1,1,1,sha3,20,,,,9,static,500.0,230.0,500.0,230.0,0.0,2.2031,module=UavAuthNetwork.uav[9]; config=Swarm20
2810,Swarm20-1-20260810-14:59:39-740152,Swarm20,1,1,1,sha3,20,,,,10,static,275.0,175.0,275.0,175.0,0.0,2.237611,module=UavAuthNetwork.uav[10]; config=Swarm20
2811,Swarm20-1-20260810-14:59:39-740152,Swarm20,1,1,1,sha3,20,,,,11,static,275.0,175.0,275.0,175.0,0.0,2.242098,module=UavAuthNetwork.uav[11]; config=Swarm20
2812,Swarm20-1-20260810-14:59:39-740152,Swarm20,1,1,1,sha3,20,,,,12,static,275.0,175.0,275.0,175.0,0.0,2.203817,module=UavAuthNetwork.uav[12]; config=Swarm20
2813,Swarm20-1-20260810-14:59:39-740152,Swarm20,1,1,1,sha3,20,,,,13,static,275.0,175.0,275.0,175.0,0.0,2.198116,module=UavAuthNetwork.uav[13]; config=Swarm20
2814,Swarm20-1-20260810-14:59:39-740152,Swarm20,1,1,1,sha3,20,,,,14,static,275.0,175.0,275.0,175.0,0.0,2.216375,module=UavAuthNetwork.uav[14]; config=Swarm20
2815,Swarm20-1-20260810-14:59:39-740152,Swarm20,1,1,1,sha3,20,,,,15,static,275.0,175.0,275.0,175.0,0.0,2.207796,module=UavAuthNetwork.uav[15]; config=Swarm20
2816,Swarm20-1-20260810-14:59:39-740152,Swarm20,1,1,1,sha3,20,,,,16,static,275.0,175.0,275.0,175.0,0.0,2.187429,module=UavAuthNetwork.uav[16]; config=Swarm20
2817,Swarm20-1-20260810-14:59:39-740152,Swarm20,1,1,1,sha3,20,,,,17,static,275.0,175.0,275.0,175.0,0.0,2.233192,module=UavAuthNetwork.uav[17]; config=Swarm20
2818,Swarm20-1-20260810-14:59:39-740152,Swarm20,1,1,1,sha3,20,,,,18,static,275.0,175.0,275.0,175.0,0.0,2.208619,module=UavAuthNetwork.uav[18]; config=Swarm20
2819,Swarm20-1-20260810-14:59:39-740152,Swarm20,1,1,1,sha3,20,,,,19,static,275.0,175.0,275.0,175.0,0.0,2.231807,module=UavAuthNetwork.uav[19]; config=Swarm20
2820,Swarm20-10-20260810-14:59:40-740152,Swarm20,10,10,10,sha3,20,,,,0,static,100.0,50.0,100.0,50.0,0.0,2.2124,module=UavAuthNetwork.uav[0]; config=Swarm20
2821,Swarm20-10-20260810-14:59:40-740152,Swarm20,10,10,10,sha3,20,,,,1,static,275.0,50.0,275.0,50.0,0.0,2.184118,module=UavAuthNetwork.uav[1]; config=Swarm20
2822,Swarm20-10-20260810-14:59:40-740152,Swarm20,10,10,10,sha3,20,,,,2,static,450.0,50.0,450.0,50.0,0.0,2.210626,module=UavAuthNetwork.uav[2]; config=Swarm20
2823,Swarm20-10-20260810-14:59:40-740152,Swarm20,10,10,10,sha3,20,,,,3,static,100.0,300.0,100.0,300.0,0.0,2.234041,module=UavAuthNetwork.uav[3]; config=Swarm20
2824,Swarm20-10-20260810-14:59:40-740152,Swarm20,10,10,10,sha3,20,,,,4,static,275.0,300.0,275.0,300.0,0.0,2.207324,module=UavAuthNetwork.uav[4]; config=Swarm20
2825,Swarm20-10-20260810-14:59:40-740152,Swarm20,10,10,10,sha3,20,,,,5,static,450.0,300.0,450.0,300.0,0.0,2.250871,module=UavAuthNetwork.uav[5]; config=Swarm20
2826,Swarm20-10-20260810-14:59:40-740152,Swarm20,10,10,10,sha3,20,,,,6,static,50.0,120.0,50.0,120.0,0.0,2.229056,module=UavAuthNetwork.uav[6]; config=Swarm20
2827,Swarm20-10-20260810-14:59:40-740152,Swarm20,10,10,10,sha3,20,,,,7,static,50.0,230.0,50.0,230.0,0.0,2.199118,module=UavAuthNetwork.uav[7]; config=Swarm20
2828,Swarm20-10-20260810-14:59:40-740152,Swarm20,10,10,10,sha3,20,,,,8,static,500.0,120.0,500.0,120.0,0.0,2.216957,module=UavAuthNetwork.uav[8]; config=Swarm20
2829,Swarm20-10-20260810-14:59:40-740152,Swarm20,10,10,10,sha3,20,,,,9,static,500.0,230.0,500.0,230.0,0.0,2.20769,module=UavAuthNetwork.uav[9]; config=Swarm20
2830,Swarm20-10-20260810-14:59:40-740152,Swarm20,10,10,10,sha3,20,,,,10,static,275.0,175.0,275.0,175.0,0.0,2.234416,module=UavAuthNetwork.uav[10]; config=Swarm20
2831,Swarm20-10-20260810-14:59:40-740152,Swarm20,10,10,10,sha3,20,,,,11,static,275.0,175.0,275.0,175.0,0.0,2.226618,module=UavAuthNetwork.uav[11]; config=Swarm20
2832,Swarm20-10-20260810-14:59:40-740152,Swarm20,10,10,10,sha3,20,,,,12,static,275.0,175.0,275.0,175.0,0.0,2.193605,module=UavAuthNetwork.uav[12]; config=Swarm20
2833,Swarm20-10-20260810-14:59:40-740152,Swarm20,10,10,10,sha3,20,,,,13,static,275.0,175.0,275.0,175.0,0.0,2.197552,module=UavAuthNetwork.uav[13]; config=Swarm20
2834,Swarm20-10-20260810-14:59:40-740152,Swarm20,10,10,10,sha3,20,,,,14,static,275.0,175.0,275.0,175.0,0.0,2.209626,module=UavAuthNetwork.uav[14]; config=Swarm20
2835,Swarm20-10-20260810-14:59:40-740152,Swarm20,10,10,10,sha3,20,,,,15,static,275.0,175.0,275.0,175.0,0.0,2.214682,module=UavAuthNetwork.uav[15]; config=Swarm20
2836,Swarm20-10-20260810-14:59:40-740152,Swarm20,10,10,10,sha3,20,,,,16,static,275.0,175.0,275.0,175.0,0.0,2.206715,module=UavAuthNetwork.uav[16]; config=Swarm20
2837,Swarm20-10-20260810-14:59:40-740152,Swarm20,10,10,10,sha3,20,,,,17,static,275.0,175.0,275.0,175.0,0.0,2.202315,module=UavAuthNetwork.uav[17]; config=Swarm20
2838,Swarm20-10-20260810-14:59:40-740152,Swarm20,10,10,10,sha3,20,,,,18,static,275.0,175.0,275.0,175.0,0.0,2.245279,module=UavAuthNetwork.uav[18]; config=Swarm20
2839,Swarm20-10-20260810-14:59:40-740152,Swarm20,10,10,10,sha3,20,,,,19,static,275.0,175.0,275.0,175.0,0.0,2.24309,module=UavAuthNetwork.uav[19]; config=Swarm20
2840,Swarm20-11-20260810-14:59:40-740152,Swarm20,11,11,11,sha3,20,,,,0,static,100.0,50.0,100.0,50.0,0.0,2.241446,module=UavAuthNetwork.uav[0]; config=Swarm20
2841,Swarm20-11-20260810-14:59:40-740152,Swarm20,11,11,11,sha3,20,,,,1,static,275.0,50.0,275.0,50.0,0.0,2.246167,module=UavAuthNetwork.uav[1]; config=Swarm20
2842,Swarm20-11-20260810-14:59:40-740152,Swarm20,11,11,11,sha3,20,,,,2,static,450.0,50.0,450.0,50.0,0.0,2.22039,module=UavAuthNetwork.uav[2]; config=Swarm20
2843,Swarm20-11-20260810-14:59:40-740152,Swarm20,11,11,11,sha3,20,,,,3,static,100.0,300.0,100.0,300.0,0.0,2.225385,module=UavAuthNetwork.uav[3]; config=Swarm20
2844,Swarm20-11-20260810-14:59:40-740152,Swarm20,11,11,11,sha3,20,,,,4,static,275.0,300.0,275.0,300.0,0.0,2.251749,module=UavAuthNetwork.uav[4]; config=Swarm20
2845,Swarm20-11-20260810-14:59:40-740152,Swarm20,11,11,11,sha3,20,,,,5,static,450.0,300.0,450.0,300.0,0.0,2.199855,module=UavAuthNetwork.uav[5]; config=Swarm20
2846,Swarm20-11-20260810-14:59:40-740152,Swarm20,11,11,11,sha3,20,,,,6,static,50.0,120.0,50.0,120.0,0.0,2.245212,module=UavAuthNetwork.uav[6]; config=Swarm20
2847,Swarm20-11-20260810-14:59:40-740152,Swarm20,11,11,11,sha3,20,,,,7,static,50.0,230.0,50.0,230.0,0.0,2.206978,module=UavAuthNetwork.uav[7]; config=Swarm20
2848,Swarm20-11-20260810-14:59:40-740152,Swarm20,11,11,11,sha3,20,,,,8,static,500.0,120.0,500.0,120.0,0.0,2.232346,module=UavAuthNetwork.uav[8]; config=Swarm20
2849,Swarm20-11-20260810-14:59:40-740152,Swarm20,11,11,11,sha3,20,,,,9,static,500.0,230.0,500.0,230.0,0.0,2.204237,module=UavAuthNetwork.uav[9]; config=Swarm20
2850,Swarm20-11-20260810-14:59:40-740152,Swarm20,11,11,11,sha3,20,,,,10,static,275.0,175.0,275.0,175.0,0.0,2.204617,module=UavAuthNetwork.uav[10]; config=Swarm20
2851,Swarm20-11-20260810-14:59:40-740152,Swarm20,11,11,11,sha3,20,,,,11,static,275.0,175.0,275.0,175.0,0.0,2.234888,module=UavAuthNetwork.uav[11]; config=Swarm20
2852,Swarm20-11-20260810-14:59:40-740152,Swarm20,11,11,11,sha3,20,,,,12,static,275.0,175.0,275.0,175.0,0.0,2.195749,module=UavAuthNetwork.uav[12]; config=Swarm20
2853,Swarm20-11-20260810-14:59:40-740152,Swarm20,11,11,11,sha3,20,,,,13,static,275.0,175.0,275.0,175.0,0.0,2.264664,module=UavAuthNetwork.uav[13]; config=Swarm20
2854,Swarm20-11-20260810-14:59:40-740152,Swarm20,11,11,11,sha3,20,,,,14,static,275.0,175.0,275.0,175.0,0.0,2.293606,module=UavAuthNetwork.uav[14]; config=Swarm20
2855,Swarm20-11-20260810-14:59:40-740152,Swarm20,11,11,11,sha3,20,,,,15,static,275.0,175.0,275.0,175.0,0.0,2.193825,module=UavAuthNetwork.uav[15]; config=Swarm20
2856,Swarm20-11-20260810-14:59:40-740152,Swarm20,11,11,11,sha3,20,,,,16,static,275.0,175.0,275.0,175.0,0.0,2.237491,module=UavAuthNetwork.uav[16]; config=Swarm20
2857,Swarm20-11-20260810-14:59:40-740152,Swarm20,11,11,11,sha3,20,,,,17,static,275.0,175.0,275.0,175.0,0.0,2.210901,module=UavAuthNetwork.uav[17]; config=Swarm20
2858,Swarm20-11-20260810-14:59:40-740152,Swarm20,11,11,11,sha3,20,,,,18,static,275.0,175.0,275.0,175.0,0.0,2.23281,module=UavAuthNetwork.uav[18]; config=Swarm20
2859,Swarm20-11-20260810-14:59:40-740152,Swarm20,11,11,11,sha3,20,,,,19,static,275.0,175.0,275.0,175.0,0.0,2.204423,module=UavAuthNetwork.uav[19]; config=Swarm20
2860,Swarm20-12-20260810-14:59:40-740152,Swarm20,12,12,12,sha3,20,,,,0,static,100.0,50.0,100.0,50.0,0.0,2.191479,module=UavAuthNetwork.uav[0]; config=Swarm20
2861,Swarm20-12-20260810-14:59:40-740152,Swarm20,12,12,12,sha3,20,,,,1,static,275.0,50.0,275.0,50.0,0.0,2.214625,module=UavAuthNetwork.uav[1]; config=Swarm20
2862,Swarm20-12-20260810-14:59:40-740152,Swarm20,12,12,12,sha3,20,,,,2,static,450.0,50.0,450.0,50.0,0.0,2.181263,module=UavAuthNetwork.uav[2]; config=Swarm20
2863,Swarm20-12-20260810-14:59:40-740152,Swarm20,12,12,12,sha3,20,,,,3,static,100.0,300.0,100.0,300.0,0.0,2.232111,module=UavAuthNetwork.uav[3]; config=Swarm20
2864,Swarm20-12-20260810-14:59:40-740152,Swarm20,12,12,12,sha3,20,,,,4,static,275.0,300.0,275.0,300.0,0.0,2.312622,module=UavAuthNetwork.uav[4]; config=Swarm20
2865,Swarm20-12-20260810-14:59:40-740152,Swarm20,12,12,12,sha3,20,,,,5,static,450.0,300.0,450.0,300.0,0.0,2.223046,module=UavAuthNetwork.uav[5]; config=Swarm20
2866,Swarm20-12-20260810-14:59:40-740152,Swarm20,12,12,12,sha3,20,,,,6,static,50.0,120.0,50.0,120.0,0.0,2.167063,module=UavAuthNetwork.uav[6]; config=Swarm20
2867,Swarm20-12-20260810-14:59:40-740152,Swarm20,12,12,12,sha3,20,,,,7,static,50.0,230.0,50.0,230.0,0.0,2.23979,module=UavAuthNetwork.uav[7]; config=Swarm20
2868,Swarm20-12-20260810-14:59:40-740152,Swarm20,12,12,12,sha3,20,,,,8,static,500.0,120.0,500.0,120.0,0.0,2.252913,module=UavAuthNetwork.uav[8]; config=Swarm20
2869,Swarm20-12-20260810-14:59:40-740152,Swarm20,12,12,12,sha3,20,,,,9,static,500.0,230.0,500.0,230.0,0.0,2.251202,module=UavAuthNetwork.uav[9]; config=Swarm20
2870,Swarm20-12-20260810-14:59:40-740152,Swarm20,12,12,12,sha3,20,,,,10,static,275.0,175.0,275.0,175.0,0.0,2.193065,module=UavAuthNetwork.uav[10]; config=Swarm20
2871,Swarm20-12-20260810-14:59:40-740152,Swarm20,12,12,12,sha3,20,,,,11,static,275.0,175.0,275.0,175.0,0.0,2.194959,module=UavAuthNetwork.uav[11]; config=Swarm20
2872,Swarm20-12-20260810-14:59:40-740152,Swarm20,12,12,12,sha3,20,,,,12,static,275.0,175.0,275.0,175.0,0.0,2.223916,module=UavAuthNetwork.uav[12]; config=Swarm20
2873,Swarm20-12-20260810-14:59:40-740152,Swarm20,12,12,12,sha3,20,,,,13,static,275.0,175.0,275.0,175.0,0.0,2.192959,module=UavAuthNetwork.uav[13]; config=Swarm20
2874,Swarm20-12-20260810-14:59:40-740152,Swarm20,12,12,12,sha3,20,,,,14,static,275.0,175.0,275.0,175.0,0.0,2.176789,module=UavAuthNetwork.uav[14]; config=Swarm20
2875,Swarm20-12-20260810-14:59:40-740152,Swarm20,12,12,12,sha3,20,,,,15,static,275.0,175.0,275.0,175.0,0.0,2.237187,module=UavAuthNetwork.uav[15]; config=Swarm20
2876,Swarm20-12-20260810-14:59:40-740152,Swarm20,12,12,12,sha3,20,,,,16,static,275.0,175.0,275.0,175.0,0.0,2.201225,module=UavAuthNetwork.uav[16]; config=Swarm20
2877,Swarm20-12-20260810-14:59:40-740152,Swarm20,12,12,12,sha3,20,,,,17,static,275.0,175.0,275.0,175.0,0.0,2.247959,module=UavAuthNetwork.uav[17]; config=Swarm20
2878,Swarm20-12-20260810-14:59:40-740152,Swarm20,12,12,12,sha3,20,,,,18,static,275.0,175.0,275.0,175.0,0.0,2.208879,module=UavAuthNetwork.uav[18]; config=Swarm20
2879,Swarm20-12-20260810-14:59:40-740152,Swarm20,12,12,12,sha3,20,,,,19,static,275.0,175.0,275.0,175.0,0.0,2.236147,module=UavAuthNetwork.uav[19]; config=Swarm20
2880,Swarm20-13-20260810-14:59:40-740152,Swarm20,13,13,13,sha3,20,,,,0,static,100.0,50.0,100.0,50.0,0.0,2.228047,module=UavAuthNetwork.uav[0]; config=Swarm20
2881,Swarm20-13-20260810-14:59:40-740152,Swarm20,13,13,13,sha3,20,,,,1,static,275.0,50.0,275.0,50.0,0.0,2.215151,module=UavAuthNetwork.uav[1]; config=Swarm20
2882,Swarm20-13-20260810-14:59:40-740152,Swarm20,13,13,13,sha3,20,,,,2,static,450.0,50.0,450.0,50.0,0.0,2.212957,module=UavAuthNetwork.uav[2]; config=Swarm20
2883,Swarm20-13-20260810-14:59:40-740152,Swarm20,13,13,13,sha3,20,,,,3,static,100.0,300.0,100.0,300.0,0.0,2.208441,module=UavAuthNetwork.uav[3]; config=Swarm20
2884,Swarm20-13-20260810-14:59:40-740152,Swarm20,13,13,13,sha3,20,,,,4,static,275.0,300.0,275.0,300.0,0.0,2.233959,module=UavAuthNetwork.uav[4]; config=Swarm20
2885,Swarm20-13-20260810-14:59:40-740152,Swarm20,13,13,13,sha3,20,,,,5,static,450.0,300.0,450.0,300.0,0.0,2.222089,module=UavAuthNetwork.uav[5]; config=Swarm20
2886,Swarm20-13-20260810-14:59:40-740152,Swarm20,13,13,13,sha3,20,,,,6,static,50.0,120.0,50.0,120.0,0.0,2.202014,module=UavAuthNetwork.uav[6]; config=Swarm20
2887,Swarm20-13-20260810-14:59:40-740152,Swarm20,13,13,13,sha3,20,,,,7,static,50.0,230.0,50.0,230.0,0.0,2.232637,module=UavAuthNetwork.uav[7]; config=Swarm20
2888,Swarm20-13-20260810-14:59:40-740152,Swarm20,13,13,13,sha3,20,,,,8,static,500.0,120.0,500.0,120.0,0.0,2.205177,module=UavAuthNetwork.uav[8]; config=Swarm20
2889,Swarm20-13-20260810-14:59:40-740152,Swarm20,13,13,13,sha3,20,,,,9,static,500.0,230.0,500.0,230.0,0.0,2.227203,module=UavAuthNetwork.uav[9]; config=Swarm20
2890,Swarm20-13-20260810-14:59:40-740152,Swarm20,13,13,13,sha3,20,,,,10,static,275.0,175.0,275.0,175.0,0.0,2.274862,module=UavAuthNetwork.uav[10]; config=Swarm20
2891,Swarm20-13-20260810-14:59:40-740152,Swarm20,13,13,13,sha3,20,,,,11,static,275.0,175.0,275.0,175.0,0.0,2.225808,module=UavAuthNetwork.uav[11]; config=Swarm20
2892,Swarm20-13-20260810-14:59:40-740152,Swarm20,13,13,13,sha3,20,,,,12,static,275.0,175.0,275.0,175.0,0.0,2.24767,module=UavAuthNetwork.uav[12]; config=Swarm20
2893,Swarm20-13-20260810-14:59:40-740152,Swarm20,13,13,13,sha3,20,,,,13,static,275.0,175.0,275.0,175.0,0.0,2.228099,module=UavAuthNetwork.uav[13]; config=Swarm20
2894,Swarm20-13-20260810-14:59:40-740152,Swarm20,13,13,13,sha3,20,,,,14,static,275.0,175.0,275.0,175.0,0.0,2.246614,module=UavAuthNetwork.uav[14]; config=Swarm20
2895,Swarm20-13-20260810-14:59:40-740152,Swarm20,13,13,13,sha3,20,,,,15,static,275.0,175.0,275.0,175.0,0.0,2.222558,module=UavAuthNetwork.uav[15]; config=Swarm20
2896,Swarm20-13-20260810-14:59:40-740152,Swarm20,13,13,13,sha3,20,,,,16,static,275.0,175.0,275.0,175.0,0.0,2.269422,module=UavAuthNetwork.uav[16]; config=Swarm20
2897,Swarm20-13-20260810-14:59:40-740152,Swarm20,13,13,13,sha3,20,,,,17,static,275.0,175.0,275.0,175.0,0.0,2.221427,module=UavAuthNetwork.uav[17]; config=Swarm20
2898,Swarm20-13-20260810-14:59:40-740152,Swarm20,13,13,13,sha3,20,,,,18,static,275.0,175.0,275.0,175.0,0.0,2.214229,module=UavAuthNetwork.uav[18]; config=Swarm20
2899,Swarm20-13-20260810-14:59:40-740152,Swarm20,13,13,13,sha3,20,,,,19,static,275.0,175.0,275.0,175.0,0.0,2.195864,module=UavAuthNetwork.uav[19]; config=Swarm20
2900,Swarm20-14-20260810-14:59:41-740152,Swarm20,14,14,14,sha3,20,,,,0,static,100.0,50.0,100.0,50.0,0.0,2.22721,module=UavAuthNetwork.uav[0]; config=Swarm20
2901,Swarm20-14-20260810-14:59:41-740152,Swarm20,14,14,14,sha3,20,,,,1,static,275.0,50.0,275.0,50.0,0.0,2.188658,module=UavAuthNetwork.uav[1]; config=Swarm20
2902,Swarm20-14-20260810-14:59:41-740152,Swarm20,14,14,14,sha3,20,,,,2,static,450.0,50.0,450.0,50.0,0.0,2.226892,module=UavAuthNetwork.uav[2]; config=Swarm20
2903,Swarm20-14-20260810-14:59:41-740152,Swarm20,14,14,14,sha3,20,,,,3,static,100.0,300.0,100.0,300.0,0.0,2.232899,module=UavAuthNetwork.uav[3]; config=Swarm20
2904,Swarm20-14-20260810-14:59:41-740152,Swarm20,14,14,14,sha3,20,,,,4,static,275.0,300.0,275.0,300.0,0.0,2.232255,module=UavAuthNetwork.uav[4]; config=Swarm20
2905,Swarm20-14-20260810-14:59:41-740152,Swarm20,14,14,14,sha3,20,,,,5,static,450.0,300.0,450.0,300.0,0.0,2.22886,module=UavAuthNetwork.uav[5]; config=Swarm20
2906,Swarm20-14-20260810-14:59:41-740152,Swarm20,14,14,14,sha3,20,,,,6,static,50.0,120.0,50.0,120.0,0.0,2.2391,module=UavAuthNetwork.uav[6]; config=Swarm20
2907,Swarm20-14-20260810-14:59:41-740152,Swarm20,14,14,14,sha3,20,,,,7,static,50.0,230.0,50.0,230.0,0.0,2.231366,module=UavAuthNetwork.uav[7]; config=Swarm20
2908,Swarm20-14-20260810-14:59:41-740152,Swarm20,14,14,14,sha3,20,,,,8,static,500.0,120.0,500.0,120.0,0.0,2.232005,module=UavAuthNetwork.uav[8]; config=Swarm20
2909,Swarm20-14-20260810-14:59:41-740152,Swarm20,14,14,14,sha3,20,,,,9,static,500.0,230.0,500.0,230.0,0.0,2.283047,module=UavAuthNetwork.uav[9]; config=Swarm20
2910,Swarm20-14-20260810-14:59:41-740152,Swarm20,14,14,14,sha3,20,,,,10,static,275.0,175.0,275.0,175.0,0.0,2.241061,module=UavAuthNetwork.uav[10]; config=Swarm20
2911,Swarm20-14-20260810-14:59:41-740152,Swarm20,14,14,14,sha3,20,,,,11,static,275.0,175.0,275.0,175.0,0.0,2.200795,module=UavAuthNetwork.uav[11]; config=Swarm20
2912,Swarm20-14-20260810-14:59:41-740152,Swarm20,14,14,14,sha3,20,,,,12,static,275.0,175.0,275.0,175.0,0.0,2.229101,module=UavAuthNetwork.uav[12]; config=Swarm20
2913,Swarm20-14-20260810-14:59:41-740152,Swarm20,14,14,14,sha3,20,,,,13,static,275.0,175.0,275.0,175.0,0.0,2.257912,module=UavAuthNetwork.uav[13]; config=Swarm20
2914,Swarm20-14-20260810-14:59:41-740152,Swarm20,14,14,14,sha3,20,,,,14,static,275.0,175.0,275.0,175.0,0.0,2.21231,module=UavAuthNetwork.uav[14]; config=Swarm20
2915,Swarm20-14-20260810-14:59:41-740152,Swarm20,14,14,14,sha3,20,,,,15,static,275.0,175.0,275.0,175.0,0.0,2.272867,module=UavAuthNetwork.uav[15]; config=Swarm20
2916,Swarm20-14-20260810-14:59:41-740152,Swarm20,14,14,14,sha3,20,,,,16,static,275.0,175.0,275.0,175.0,0.0,2.216846,module=UavAuthNetwork.uav[16]; config=Swarm20
2917,Swarm20-14-20260810-14:59:41-740152,Swarm20,14,14,14,sha3,20,,,,17,static,275.0,175.0,275.0,175.0,0.0,2.242554,module=UavAuthNetwork.uav[17]; config=Swarm20
2918,Swarm20-14-20260810-14:59:41-740152,Swarm20,14,14,14,sha3,20,,,,18,static,275.0,175.0,275.0,175.0,0.0,2.246421,module=UavAuthNetwork.uav[18]; config=Swarm20
2919,Swarm20-14-20260810-14:59:41-740152,Swarm20,14,14,14,sha3,20,,,,19,static,275.0,175.0,275.0,175.0,0.0,2.205983,module=UavAuthNetwork.uav[19]; config=Swarm20
2920,Swarm20-15-20260810-14:59:41-740152,Swarm20,15,15,15,sha3,20,,,,0,static,100.0,50.0,100.0,50.0,0.0,2.231635,module=UavAuthNetwork.uav[0]; config=Swarm20
2921,Swarm20-15-20260810-14:59:41-740152,Swarm20,15,15,15,sha3,20,,,,1,static,275.0,50.0,275.0,50.0,0.0,2.229655,module=UavAuthNetwork.uav[1]; config=Swarm20
2922,Swarm20-15-20260810-14:59:41-740152,Swarm20,15,15,15,sha3,20,,,,2,static,450.0,50.0,450.0,50.0,0.0,2.211459,module=UavAuthNetwork.uav[2]; config=Swarm20
2923,Swarm20-15-20260810-14:59:41-740152,Swarm20,15,15,15,sha3,20,,,,3,static,100.0,300.0,100.0,300.0,0.0,2.189194,module=UavAuthNetwork.uav[3]; config=Swarm20
2924,Swarm20-15-20260810-14:59:41-740152,Swarm20,15,15,15,sha3,20,,,,4,static,275.0,300.0,275.0,300.0,0.0,2.21335,module=UavAuthNetwork.uav[4]; config=Swarm20
2925,Swarm20-15-20260810-14:59:41-740152,Swarm20,15,15,15,sha3,20,,,,5,static,450.0,300.0,450.0,300.0,0.0,2.19491,module=UavAuthNetwork.uav[5]; config=Swarm20
2926,Swarm20-15-20260810-14:59:41-740152,Swarm20,15,15,15,sha3,20,,,,6,static,50.0,120.0,50.0,120.0,0.0,2.203805,module=UavAuthNetwork.uav[6]; config=Swarm20
2927,Swarm20-15-20260810-14:59:41-740152,Swarm20,15,15,15,sha3,20,,,,7,static,50.0,230.0,50.0,230.0,0.0,2.26377,module=UavAuthNetwork.uav[7]; config=Swarm20
2928,Swarm20-15-20260810-14:59:41-740152,Swarm20,15,15,15,sha3,20,,,,8,static,500.0,120.0,500.0,120.0,0.0,2.259075,module=UavAuthNetwork.uav[8]; config=Swarm20
2929,Swarm20-15-20260810-14:59:41-740152,Swarm20,15,15,15,sha3,20,,,,9,static,500.0,230.0,500.0,230.0,0.0,2.222943,module=UavAuthNetwork.uav[9]; config=Swarm20
2930,Swarm20-15-20260810-14:59:41-740152,Swarm20,15,15,15,sha3,20,,,,10,static,275.0,175.0,275.0,175.0,0.0,2.198519,module=UavAuthNetwork.uav[10]; config=Swarm20
2931,Swarm20-15-20260810-14:59:41-740152,Swarm20,15,15,15,sha3,20,,,,11,static,275.0,175.0,275.0,175.0,0.0,2.210172,module=UavAuthNetwork.uav[11]; config=Swarm20
2932,Swarm20-15-20260810-14:59:41-740152,Swarm20,15,15,15,sha3,20,,,,12,static,275.0,175.0,275.0,175.0,0.0,2.201944,module=UavAuthNetwork.uav[12]; config=Swarm20
2933,Swarm20-15-20260810-14:59:41-740152,Swarm20,15,15,15,sha3,20,,,,13,static,275.0,175.0,275.0,175.0,0.0,2.208536,module=UavAuthNetwork.uav[13]; config=Swarm20
2934,Swarm20-15-20260810-14:59:41-740152,Swarm20,15,15,15,sha3,20,,,,14,static,275.0,175.0,275.0,175.0,0.0,2.217472,module=UavAuthNetwork.uav[14]; config=Swarm20
2935,Swarm20-15-20260810-14:59:41-740152,Swarm20,15,15,15,sha3,20,,,,15,static,275.0,175.0,275.0,175.0,0.0,2.254439,module=UavAuthNetwork.uav[15]; config=Swarm20
2936,Swarm20-15-20260810-14:59:41-740152,Swarm20,15,15,15,sha3,20,,,,16,static,275.0,175.0,275.0,175.0,0.0,2.223849,module=UavAuthNetwork.uav[16]; config=Swarm20
2937,Swarm20-15-20260810-14:59:41-740152,Swarm20,15,15,15,sha3,20,,,,17,static,275.0,175.0,275.0,175.0,0.0,2.185895,module=UavAuthNetwork.uav[17]; config=Swarm20
2938,Swarm20-15-20260810-14:59:41-740152,Swarm20,15,15,15,sha3,20,,,,18,static,275.0,175.0,275.0,175.0,0.0,2.220119,module=UavAuthNetwork.uav[18]; config=Swarm20
2939,Swarm20-15-20260810-14:59:41-740152,Swarm20,15,15,15,sha3,20,,,,19,static,275.0,175.0,275.0,175.0,0.0,2.186301,module=UavAuthNetwork.uav[19]; config=Swarm20
2940,Swarm20-16-20260810-14:59:41-740152,Swarm20,16,16,16,sha3,20,,,,0,static,100.0,50.0,100.0,50.0,0.0,2.201388,module=UavAuthNetwork.uav[0]; config=Swarm20
2941,Swarm20-16-20260810-14:59:41-740152,Swarm20,16,16,16,sha3,20,,,,1,static,275.0,50.0,275.0,50.0,0.0,2.236839,module=UavAuthNetwork.uav[1]; config=Swarm20
2942,Swarm20-16-20260810-14:59:41-740152,Swarm20,16,16,16,sha3,20,,,,2,static,450.0,50.0,450.0,50.0,0.0,2.194985,module=UavAuthNetwork.uav[2]; config=Swarm20
2943,Swarm20-16-20260810-14:59:41-740152,Swarm20,16,16,16,sha3,20,,,,3,static,100.0,300.0,100.0,300.0,0.0,2.212102,module=UavAuthNetwork.uav[3]; config=Swarm20
2944,Swarm20-16-20260810-14:59:41-740152,Swarm20,16,16,16,sha3,20,,,,4,static,275.0,300.0,275.0,300.0,0.0,2.212845,module=UavAuthNetwork.uav[4]; config=Swarm20
2945,Swarm20-16-20260810-14:59:41-740152,Swarm20,16,16,16,sha3,20,,,,5,static,450.0,300.0,450.0,300.0,0.0,2.226561,module=UavAuthNetwork.uav[5]; config=Swarm20
2946,Swarm20-16-20260810-14:59:41-740152,Swarm20,16,16,16,sha3,20,,,,6,static,50.0,120.0,50.0,120.0,0.0,2.254872,module=UavAuthNetwork.uav[6]; config=Swarm20
2947,Swarm20-16-20260810-14:59:41-740152,Swarm20,16,16,16,sha3,20,,,,7,static,50.0,230.0,50.0,230.0,0.0,2.230886,module=UavAuthNetwork.uav[7]; config=Swarm20
2948,Swarm20-16-20260810-14:59:41-740152,Swarm20,16,16,16,sha3,20,,,,8,static,500.0,120.0,500.0,120.0,0.0,2.214231,module=UavAuthNetwork.uav[8]; config=Swarm20
2949,Swarm20-16-20260810-14:59:41-740152,Swarm20,16,16,16,sha3,20,,,,9,static,500.0,230.0,500.0,230.0,0.0,2.2382,module=UavAuthNetwork.uav[9]; config=Swarm20
2950,Swarm20-16-20260810-14:59:41-740152,Swarm20,16,16,16,sha3,20,,,,10,static,275.0,175.0,275.0,175.0,0.0,2.22132,module=UavAuthNetwork.uav[10]; config=Swarm20
2951,Swarm20-16-20260810-14:59:41-740152,Swarm20,16,16,16,sha3,20,,,,11,static,275.0,175.0,275.0,175.0,0.0,2.185174,module=UavAuthNetwork.uav[11]; config=Swarm20
2952,Swarm20-16-20260810-14:59:41-740152,Swarm20,16,16,16,sha3,20,,,,12,static,275.0,175.0,275.0,175.0,0.0,2.250601,module=UavAuthNetwork.uav[12]; config=Swarm20
2953,Swarm20-16-20260810-14:59:41-740152,Swarm20,16,16,16,sha3,20,,,,13,static,275.0,175.0,275.0,175.0,0.0,2.205401,module=UavAuthNetwork.uav[13]; config=Swarm20
2954,Swarm20-16-20260810-14:59:41-740152,Swarm20,16,16,16,sha3,20,,,,14,static,275.0,175.0,275.0,175.0,0.0,2.200174,module=UavAuthNetwork.uav[14]; config=Swarm20
2955,Swarm20-16-20260810-14:59:41-740152,Swarm20,16,16,16,sha3,20,,,,15,static,275.0,175.0,275.0,175.0,0.0,2.223678,module=UavAuthNetwork.uav[15]; config=Swarm20
2956,Swarm20-16-20260810-14:59:41-740152,Swarm20,16,16,16,sha3,20,,,,16,static,275.0,175.0,275.0,175.0,0.0,2.236686,module=UavAuthNetwork.uav[16]; config=Swarm20
2957,Swarm20-16-20260810-14:59:41-740152,Swarm20,16,16,16,sha3,20,,,,17,static,275.0,175.0,275.0,175.0,0.0,2.209833,module=UavAuthNetwork.uav[17]; config=Swarm20
2958,Swarm20-16-20260810-14:59:41-740152,Swarm20,16,16,16,sha3,20,,,,18,static,275.0,175.0,275.0,175.0,0.0,2.188777,module=UavAuthNetwork.uav[18]; config=Swarm20
2959,Swarm20-16-20260810-14:59:41-740152,Swarm20,16,16,16,sha3,20,,,,19,static,275.0,175.0,275.0,175.0,0.0,2.223452,module=UavAuthNetwork.uav[19]; config=Swarm20
2960,Swarm20-17-20260810-14:59:41-740152,Swarm20,17,17,17,sha3,20,,,,0,static,100.0,50.0,100.0,50.0,0.0,2.212766,module=UavAuthNetwork.uav[0]; config=Swarm20
2961,Swarm20-17-20260810-14:59:41-740152,Swarm20,17,17,17,sha3,20,,,,1,static,275.0,50.0,275.0,50.0,0.0,2.233302,module=UavAuthNetwork.uav[1]; config=Swarm20
2962,Swarm20-17-20260810-14:59:41-740152,Swarm20,17,17,17,sha3,20,,,,2,static,450.0,50.0,450.0,50.0,0.0,2.239691,module=UavAuthNetwork.uav[2]; config=Swarm20
2963,Swarm20-17-20260810-14:59:41-740152,Swarm20,17,17,17,sha3,20,,,,3,static,100.0,300.0,100.0,300.0,0.0,2.261642,module=UavAuthNetwork.uav[3]; config=Swarm20
2964,Swarm20-17-20260810-14:59:41-740152,Swarm20,17,17,17,sha3,20,,,,4,static,275.0,300.0,275.0,300.0,0.0,2.251064,module=UavAuthNetwork.uav[4]; config=Swarm20
2965,Swarm20-17-20260810-14:59:41-740152,Swarm20,17,17,17,sha3,20,,,,5,static,450.0,300.0,450.0,300.0,0.0,2.208326,module=UavAuthNetwork.uav[5]; config=Swarm20
2966,Swarm20-17-20260810-14:59:41-740152,Swarm20,17,17,17,sha3,20,,,,6,static,50.0,120.0,50.0,120.0,0.0,2.208313,module=UavAuthNetwork.uav[6]; config=Swarm20
2967,Swarm20-17-20260810-14:59:41-740152,Swarm20,17,17,17,sha3,20,,,,7,static,50.0,230.0,50.0,230.0,0.0,2.182315,module=UavAuthNetwork.uav[7]; config=Swarm20
2968,Swarm20-17-20260810-14:59:41-740152,Swarm20,17,17,17,sha3,20,,,,8,static,500.0,120.0,500.0,120.0,0.0,2.222467,module=UavAuthNetwork.uav[8]; config=Swarm20
2969,Swarm20-17-20260810-14:59:41-740152,Swarm20,17,17,17,sha3,20,,,,9,static,500.0,230.0,500.0,230.0,0.0,2.22465,module=UavAuthNetwork.uav[9]; config=Swarm20
2970,Swarm20-17-20260810-14:59:41-740152,Swarm20,17,17,17,sha3,20,,,,10,static,275.0,175.0,275.0,175.0,0.0,2.194546,module=UavAuthNetwork.uav[10]; config=Swarm20
2971,Swarm20-17-20260810-14:59:41-740152,Swarm20,17,17,17,sha3,20,,,,11,static,275.0,175.0,275.0,175.0,0.0,2.256389,module=UavAuthNetwork.uav[11]; config=Swarm20
2972,Swarm20-17-20260810-14:59:41-740152,Swarm20,17,17,17,sha3,20,,,,12,static,275.0,175.0,275.0,175.0,0.0,2.267889,module=UavAuthNetwork.uav[12]; config=Swarm20
2973,Swarm20-17-20260810-14:59:41-740152,Swarm20,17,17,17,sha3,20,,,,13,static,275.0,175.0,275.0,175.0,0.0,2.205528,module=UavAuthNetwork.uav[13]; config=Swarm20
2974,Swarm20-17-20260810-14:59:41-740152,Swarm20,17,17,17,sha3,20,,,,14,static,275.0,175.0,275.0,175.0,0.0,2.215143,module=UavAuthNetwork.uav[14]; config=Swarm20
2975,Swarm20-17-20260810-14:59:41-740152,Swarm20,17,17,17,sha3,20,,,,15,static,275.0,175.0,275.0,175.0,0.0,2.208965,module=UavAuthNetwork.uav[15]; config=Swarm20
2976,Swarm20-17-20260810-14:59:41-740152,Swarm20,17,17,17,sha3,20,,,,16,static,275.0,175.0,275.0,175.0,0.0,2.231854,module=UavAuthNetwork.uav[16]; config=Swarm20
2977,Swarm20-17-20260810-14:59:41-740152,Swarm20,17,17,17,sha3,20,,,,17,static,275.0,175.0,275.0,175.0,0.0,2.195859,module=UavAuthNetwork.uav[17]; config=Swarm20
2978,Swarm20-17-20260810-14:59:41-740152,Swarm20,17,17,17,sha3,20,,,,18,static,275.0,175.0,275.0,175.0,0.0,2.254699,module=UavAuthNetwork.uav[18]; config=Swarm20
2979,Swarm20-17-20260810-14:59:41-740152,Swarm20,17,17,17,sha3,20,,,,19,static,275.0,175.0,275.0,175.0,0.0,2.223816,module=UavAuthNetwork.uav[19]; config=Swarm20
2980,Swarm20-18-20260810-14:59:41-740152,Swarm20,18,18,18,sha3,20,,,,0,static,100.0,50.0,100.0,50.0,0.0,2.207562,module=UavAuthNetwork.uav[0]; config=Swarm20
2981,Swarm20-18-20260810-14:59:41-740152,Swarm20,18,18,18,sha3,20,,,,1,static,275.0,50.0,275.0,50.0,0.0,2.233104,module=UavAuthNetwork.uav[1]; config=Swarm20
2982,Swarm20-18-20260810-14:59:41-740152,Swarm20,18,18,18,sha3,20,,,,2,static,450.0,50.0,450.0,50.0,0.0,2.204433,module=UavAuthNetwork.uav[2]; config=Swarm20
2983,Swarm20-18-20260810-14:59:41-740152,Swarm20,18,18,18,sha3,20,,,,3,static,100.0,300.0,100.0,300.0,0.0,2.201499,module=UavAuthNetwork.uav[3]; config=Swarm20
2984,Swarm20-18-20260810-14:59:41-740152,Swarm20,18,18,18,sha3,20,,,,4,static,275.0,300.0,275.0,300.0,0.0,2.243666,module=UavAuthNetwork.uav[4]; config=Swarm20
2985,Swarm20-18-20260810-14:59:41-740152,Swarm20,18,18,18,sha3,20,,,,5,static,450.0,300.0,450.0,300.0,0.0,2.217892,module=UavAuthNetwork.uav[5]; config=Swarm20
2986,Swarm20-18-20260810-14:59:41-740152,Swarm20,18,18,18,sha3,20,,,,6,static,50.0,120.0,50.0,120.0,0.0,2.280242,module=UavAuthNetwork.uav[6]; config=Swarm20
2987,Swarm20-18-20260810-14:59:41-740152,Swarm20,18,18,18,sha3,20,,,,7,static,50.0,230.0,50.0,230.0,0.0,2.171904,module=UavAuthNetwork.uav[7]; config=Swarm20
2988,Swarm20-18-20260810-14:59:41-740152,Swarm20,18,18,18,sha3,20,,,,8,static,500.0,120.0,500.0,120.0,0.0,2.189412,module=UavAuthNetwork.uav[8]; config=Swarm20
2989,Swarm20-18-20260810-14:59:41-740152,Swarm20,18,18,18,sha3,20,,,,9,static,500.0,230.0,500.0,230.0,0.0,2.203577,module=UavAuthNetwork.uav[9]; config=Swarm20
2990,Swarm20-18-20260810-14:59:41-740152,Swarm20,18,18,18,sha3,20,,,,10,static,275.0,175.0,275.0,175.0,0.0,2.271086,module=UavAuthNetwork.uav[10]; config=Swarm20
2991,Swarm20-18-20260810-14:59:41-740152,Swarm20,18,18,18,sha3,20,,,,11,static,275.0,175.0,275.0,175.0,0.0,2.244834,module=UavAuthNetwork.uav[11]; config=Swarm20
2992,Swarm20-18-20260810-14:59:41-740152,Swarm20,18,18,18,sha3,20,,,,12,static,275.0,175.0,275.0,175.0,0.0,2.225444,module=UavAuthNetwork.uav[12]; config=Swarm20
2993,Swarm20-18-20260810-14:59:41-740152,Swarm20,18,18,18,sha3,20,,,,13,static,275.0,175.0,275.0,175.0,0.0,2.1883,module=UavAuthNetwork.uav[13]; config=Swarm20
2994,Swarm20-18-20260810-14:59:41-740152,Swarm20,18,18,18,sha3,20,,,,14,static,275.0,175.0,275.0,175.0,0.0,2.209216,module=UavAuthNetwork.uav[14]; config=Swarm20
2995,Swarm20-18-20260810-14:59:41-740152,Swarm20,18,18,18,sha3,20,,,,15,static,275.0,175.0,275.0,175.0,0.0,2.210639,module=UavAuthNetwork.uav[15]; config=Swarm20
2996,Swarm20-18-20260810-14:59:41-740152,Swarm20,18,18,18,sha3,20,,,,16,static,275.0,175.0,275.0,175.0,0.0,2.214929,module=UavAuthNetwork.uav[16]; config=Swarm20
2997,Swarm20-18-20260810-14:59:41-740152,Swarm20,18,18,18,sha3,20,,,,17,static,275.0,175.0,275.0,175.0,0.0,2.191662,module=UavAuthNetwork.uav[17]; config=Swarm20
2998,Swarm20-18-20260810-14:59:41-740152,Swarm20,18,18,18,sha3,20,,,,18,static,275.0,175.0,275.0,175.0,0.0,2.18823,module=UavAuthNetwork.uav[18]; config=Swarm20
2999,Swarm20-18-20260810-14:59:41-740152,Swarm20,18,18,18,sha3,20,,,,19,static,275.0,175.0,275.0,175.0,0.0,2.20156,module=UavAuthNetwork.uav[19]; config=Swarm20
3000,Swarm20-19-20260810-14:59:41-740152,Swarm20,19,19,19,sha3,20,,,,0,static,100.0,50.0,100.0,50.0,0.0,2.189716,module=UavAuthNetwork.uav[0]; config=Swarm20
3001,Swarm20-19-20260810-14:59:41-740152,Swarm20,19,19,19,sha3,20,,,,1,static,275.0,50.0,275.0,50.0,0.0,2.196265,module=UavAuthNetwork.uav[1]; config=Swarm20
3002,Swarm20-19-20260810-14:59:41-740152,Swarm20,19,19,19,sha3,20,,,,2,static,450.0,50.0,450.0,50.0,0.0,2.261803,module=UavAuthNetwork.uav[2]; config=Swarm20
3003,Swarm20-19-20260810-14:59:41-740152,Swarm20,19,19,19,sha3,20,,,,3,static,100.0,300.0,100.0,300.0,0.0,2.245903,module=UavAuthNetwork.uav[3]; config=Swarm20
3004,Swarm20-19-20260810-14:59:41-740152,Swarm20,19,19,19,sha3,20,,,,4,static,275.0,300.0,275.0,300.0,0.0,2.208144,module=UavAuthNetwork.uav[4]; config=Swarm20
3005,Swarm20-19-20260810-14:59:41-740152,Swarm20,19,19,19,sha3,20,,,,5,static,450.0,300.0,450.0,300.0,0.0,2.205215,module=UavAuthNetwork.uav[5]; config=Swarm20
3006,Swarm20-19-20260810-14:59:41-740152,Swarm20,19,19,19,sha3,20,,,,6,static,50.0,120.0,50.0,120.0,0.0,2.234669,module=UavAuthNetwork.uav[6]; config=Swarm20
3007,Swarm20-19-20260810-14:59:41-740152,Swarm20,19,19,19,sha3,20,,,,7,static,50.0,230.0,50.0,230.0,0.0,2.240565,module=UavAuthNetwork.uav[7]; config=Swarm20
3008,Swarm20-19-20260810-14:59:41-740152,Swarm20,19,19,19,sha3,20,,,,8,static,500.0,120.0,500.0,120.0,0.0,2.221357,module=UavAuthNetwork.uav[8]; config=Swarm20
3009,Swarm20-19-20260810-14:59:41-740152,Swarm20,19,19,19,sha3,20,,,,9,static,500.0,230.0,500.0,230.0,0.0,2.230862,module=UavAuthNetwork.uav[9]; config=Swarm20
3010,Swarm20-19-20260810-14:59:41-740152,Swarm20,19,19,19,sha3,20,,,,10,static,275.0,175.0,275.0,175.0,0.0,2.202469,module=UavAuthNetwork.uav[10]; config=Swarm20
3011,Swarm20-19-20260810-14:59:41-740152,Swarm20,19,19,19,sha3,20,,,,11,static,275.0,175.0,275.0,175.0,0.0,2.195121,module=UavAuthNetwork.uav[11]; config=Swarm20
3012,Swarm20-19-20260810-14:59:41-740152,Swarm20,19,19,19,sha3,20,,,,12,static,275.0,175.0,275.0,175.0,0.0,2.238477,module=UavAuthNetwork.uav[12]; config=Swarm20
3013,Swarm20-19-20260810-14:59:41-740152,Swarm20,19,19,19,sha3,20,,,,13,static,275.0,175.0,275.0,175.0,0.0,2.232827,module=UavAuthNetwork.uav[13]; config=Swarm20
3014,Swarm20-19-20260810-14:59:41-740152,Swarm20,19,19,19,sha3,20,,,,14,static,275.0,175.0,275.0,175.0,0.0,2.249939,module=UavAuthNetwork.uav[14]; config=Swarm20
3015,Swarm20-19-20260810-14:59:41-740152,Swarm20,19,19,19,sha3,20,,,,15,static,275.0,175.0,275.0,175.0,0.0,2.179895,module=UavAuthNetwork.uav[15]; config=Swarm20
3016,Swarm20-19-20260810-14:59:41-740152,Swarm20,19,19,19,sha3,20,,,,16,static,275.0,175.0,275.0,175.0,0.0,2.224403,module=UavAuthNetwork.uav[16]; config=Swarm20
3017,Swarm20-19-20260810-14:59:41-740152,Swarm20,19,19,19,sha3,20,,,,17,static,275.0,175.0,275.0,175.0,0.0,2.238643,module=UavAuthNetwork.uav[17]; config=Swarm20
3018,Swarm20-19-20260810-14:59:41-740152,Swarm20,19,19,19,sha3,20,,,,18,static,275.0,175.0,275.0,175.0,0.0,2.212259,module=UavAuthNetwork.uav[18]; config=Swarm20
3019,Swarm20-19-20260810-14:59:41-740152,Swarm20,19,19,19,sha3,20,,,,19,static,275.0,175.0,275.0,175.0,0.0,2.217797,module=UavAuthNetwork.uav[19]; config=Swarm20
3020,Swarm20-2-20260810-14:59:39-740152,Swarm20,2,2,2,sha3,20,,,,0,static,100.0,50.0,100.0,50.0,0.0,2.206942,module=UavAuthNetwork.uav[0]; config=Swarm20
3021,Swarm20-2-20260810-14:59:39-740152,Swarm20,2,2,2,sha3,20,,,,1,static,275.0,50.0,275.0,50.0,0.0,2.185022,module=UavAuthNetwork.uav[1]; config=Swarm20
3022,Swarm20-2-20260810-14:59:39-740152,Swarm20,2,2,2,sha3,20,,,,2,static,450.0,50.0,450.0,50.0,0.0,2.209397,module=UavAuthNetwork.uav[2]; config=Swarm20
3023,Swarm20-2-20260810-14:59:39-740152,Swarm20,2,2,2,sha3,20,,,,3,static,100.0,300.0,100.0,300.0,0.0,2.226336,module=UavAuthNetwork.uav[3]; config=Swarm20
3024,Swarm20-2-20260810-14:59:39-740152,Swarm20,2,2,2,sha3,20,,,,4,static,275.0,300.0,275.0,300.0,0.0,2.298117,module=UavAuthNetwork.uav[4]; config=Swarm20
3025,Swarm20-2-20260810-14:59:39-740152,Swarm20,2,2,2,sha3,20,,,,5,static,450.0,300.0,450.0,300.0,0.0,2.223479,module=UavAuthNetwork.uav[5]; config=Swarm20
3026,Swarm20-2-20260810-14:59:39-740152,Swarm20,2,2,2,sha3,20,,,,6,static,50.0,120.0,50.0,120.0,0.0,2.224385,module=UavAuthNetwork.uav[6]; config=Swarm20
3027,Swarm20-2-20260810-14:59:39-740152,Swarm20,2,2,2,sha3,20,,,,7,static,50.0,230.0,50.0,230.0,0.0,2.212489,module=UavAuthNetwork.uav[7]; config=Swarm20
3028,Swarm20-2-20260810-14:59:39-740152,Swarm20,2,2,2,sha3,20,,,,8,static,500.0,120.0,500.0,120.0,0.0,2.208675,module=UavAuthNetwork.uav[8]; config=Swarm20
3029,Swarm20-2-20260810-14:59:39-740152,Swarm20,2,2,2,sha3,20,,,,9,static,500.0,230.0,500.0,230.0,0.0,2.187445,module=UavAuthNetwork.uav[9]; config=Swarm20
3030,Swarm20-2-20260810-14:59:39-740152,Swarm20,2,2,2,sha3,20,,,,10,static,275.0,175.0,275.0,175.0,0.0,2.229391,module=UavAuthNetwork.uav[10]; config=Swarm20
3031,Swarm20-2-20260810-14:59:39-740152,Swarm20,2,2,2,sha3,20,,,,11,static,275.0,175.0,275.0,175.0,0.0,2.196747,module=UavAuthNetwork.uav[11]; config=Swarm20
3032,Swarm20-2-20260810-14:59:39-740152,Swarm20,2,2,2,sha3,20,,,,12,static,275.0,175.0,275.0,175.0,0.0,2.178743,module=UavAuthNetwork.uav[12]; config=Swarm20
3033,Swarm20-2-20260810-14:59:39-740152,Swarm20,2,2,2,sha3,20,,,,13,static,275.0,175.0,275.0,175.0,0.0,2.193255,module=UavAuthNetwork.uav[13]; config=Swarm20
3034,Swarm20-2-20260810-14:59:39-740152,Swarm20,2,2,2,sha3,20,,,,14,static,275.0,175.0,275.0,175.0,0.0,2.190961,module=UavAuthNetwork.uav[14]; config=Swarm20
3035,Swarm20-2-20260810-14:59:39-740152,Swarm20,2,2,2,sha3,20,,,,15,static,275.0,175.0,275.0,175.0,0.0,2.215516,module=UavAuthNetwork.uav[15]; config=Swarm20
3036,Swarm20-2-20260810-14:59:39-740152,Swarm20,2,2,2,sha3,20,,,,16,static,275.0,175.0,275.0,175.0,0.0,2.215398,module=UavAuthNetwork.uav[16]; config=Swarm20
3037,Swarm20-2-20260810-14:59:39-740152,Swarm20,2,2,2,sha3,20,,,,17,static,275.0,175.0,275.0,175.0,0.0,2.209706,module=UavAuthNetwork.uav[17]; config=Swarm20
3038,Swarm20-2-20260810-14:59:39-740152,Swarm20,2,2,2,sha3,20,,,,18,static,275.0,175.0,275.0,175.0,0.0,2.208693,module=UavAuthNetwork.uav[18]; config=Swarm20
3039,Swarm20-2-20260810-14:59:39-740152,Swarm20,2,2,2,sha3,20,,,,19,static,275.0,175.0,275.0,175.0,0.0,2.215122,module=UavAuthNetwork.uav[19]; config=Swarm20
3040,Swarm20-20-20260810-14:59:41-740152,Swarm20,20,20,20,sha3,20,,,,0,static,100.0,50.0,100.0,50.0,0.0,2.222678,module=UavAuthNetwork.uav[0]; config=Swarm20
3041,Swarm20-20-20260810-14:59:41-740152,Swarm20,20,20,20,sha3,20,,,,1,static,275.0,50.0,275.0,50.0,0.0,2.203455,module=UavAuthNetwork.uav[1]; config=Swarm20
3042,Swarm20-20-20260810-14:59:41-740152,Swarm20,20,20,20,sha3,20,,,,2,static,450.0,50.0,450.0,50.0,0.0,2.21556,module=UavAuthNetwork.uav[2]; config=Swarm20
3043,Swarm20-20-20260810-14:59:41-740152,Swarm20,20,20,20,sha3,20,,,,3,static,100.0,300.0,100.0,300.0,0.0,2.237038,module=UavAuthNetwork.uav[3]; config=Swarm20
3044,Swarm20-20-20260810-14:59:41-740152,Swarm20,20,20,20,sha3,20,,,,4,static,275.0,300.0,275.0,300.0,0.0,2.224854,module=UavAuthNetwork.uav[4]; config=Swarm20
3045,Swarm20-20-20260810-14:59:41-740152,Swarm20,20,20,20,sha3,20,,,,5,static,450.0,300.0,450.0,300.0,0.0,2.23463,module=UavAuthNetwork.uav[5]; config=Swarm20
3046,Swarm20-20-20260810-14:59:41-740152,Swarm20,20,20,20,sha3,20,,,,6,static,50.0,120.0,50.0,120.0,0.0,2.193523,module=UavAuthNetwork.uav[6]; config=Swarm20
3047,Swarm20-20-20260810-14:59:41-740152,Swarm20,20,20,20,sha3,20,,,,7,static,50.0,230.0,50.0,230.0,0.0,2.232595,module=UavAuthNetwork.uav[7]; config=Swarm20
3048,Swarm20-20-20260810-14:59:41-740152,Swarm20,20,20,20,sha3,20,,,,8,static,500.0,120.0,500.0,120.0,0.0,2.217033,module=UavAuthNetwork.uav[8]; config=Swarm20
3049,Swarm20-20-20260810-14:59:41-740152,Swarm20,20,20,20,sha3,20,,,,9,static,500.0,230.0,500.0,230.0,0.0,2.228413,module=UavAuthNetwork.uav[9]; config=Swarm20
3050,Swarm20-20-20260810-14:59:41-740152,Swarm20,20,20,20,sha3,20,,,,10,static,275.0,175.0,275.0,175.0,0.0,2.215108,module=UavAuthNetwork.uav[10]; config=Swarm20
3051,Swarm20-20-20260810-14:59:41-740152,Swarm20,20,20,20,sha3,20,,,,11,static,275.0,175.0,275.0,175.0,0.0,2.208686,module=UavAuthNetwork.uav[11]; config=Swarm20
3052,Swarm20-20-20260810-14:59:41-740152,Swarm20,20,20,20,sha3,20,,,,12,static,275.0,175.0,275.0,175.0,0.0,2.191165,module=UavAuthNetwork.uav[12]; config=Swarm20
3053,Swarm20-20-20260810-14:59:41-740152,Swarm20,20,20,20,sha3,20,,,,13,static,275.0,175.0,275.0,175.0,0.0,2.277285,module=UavAuthNetwork.uav[13]; config=Swarm20
3054,Swarm20-20-20260810-14:59:41-740152,Swarm20,20,20,20,sha3,20,,,,14,static,275.0,175.0,275.0,175.0,0.0,2.233949,module=UavAuthNetwork.uav[14]; config=Swarm20
3055,Swarm20-20-20260810-14:59:41-740152,Swarm20,20,20,20,sha3,20,,,,15,static,275.0,175.0,275.0,175.0,0.0,2.236524,module=UavAuthNetwork.uav[15]; config=Swarm20
3056,Swarm20-20-20260810-14:59:41-740152,Swarm20,20,20,20,sha3,20,,,,16,static,275.0,175.0,275.0,175.0,0.0,2.267551,module=UavAuthNetwork.uav[16]; config=Swarm20
3057,Swarm20-20-20260810-14:59:41-740152,Swarm20,20,20,20,sha3,20,,,,17,static,275.0,175.0,275.0,175.0,0.0,2.210368,module=UavAuthNetwork.uav[17]; config=Swarm20
3058,Swarm20-20-20260810-14:59:41-740152,Swarm20,20,20,20,sha3,20,,,,18,static,275.0,175.0,275.0,175.0,0.0,2.22482,module=UavAuthNetwork.uav[18]; config=Swarm20
3059,Swarm20-20-20260810-14:59:41-740152,Swarm20,20,20,20,sha3,20,,,,19,static,275.0,175.0,275.0,175.0,0.0,2.204235,module=UavAuthNetwork.uav[19]; config=Swarm20
3060,Swarm20-21-20260810-14:59:41-740152,Swarm20,21,21,21,sha3,20,,,,0,static,100.0,50.0,100.0,50.0,0.0,2.250857,module=UavAuthNetwork.uav[0]; config=Swarm20
3061,Swarm20-21-20260810-14:59:41-740152,Swarm20,21,21,21,sha3,20,,,,1,static,275.0,50.0,275.0,50.0,0.0,2.226877,module=UavAuthNetwork.uav[1]; config=Swarm20
3062,Swarm20-21-20260810-14:59:41-740152,Swarm20,21,21,21,sha3,20,,,,2,static,450.0,50.0,450.0,50.0,0.0,2.210053,module=UavAuthNetwork.uav[2]; config=Swarm20
3063,Swarm20-21-20260810-14:59:41-740152,Swarm20,21,21,21,sha3,20,,,,3,static,100.0,300.0,100.0,300.0,0.0,2.188144,module=UavAuthNetwork.uav[3]; config=Swarm20
3064,Swarm20-21-20260810-14:59:41-740152,Swarm20,21,21,21,sha3,20,,,,4,static,275.0,300.0,275.0,300.0,0.0,2.202475,module=UavAuthNetwork.uav[4]; config=Swarm20
3065,Swarm20-21-20260810-14:59:41-740152,Swarm20,21,21,21,sha3,20,,,,5,static,450.0,300.0,450.0,300.0,0.0,2.231714,module=UavAuthNetwork.uav[5]; config=Swarm20
3066,Swarm20-21-20260810-14:59:41-740152,Swarm20,21,21,21,sha3,20,,,,6,static,50.0,120.0,50.0,120.0,0.0,2.282381,module=UavAuthNetwork.uav[6]; config=Swarm20
3067,Swarm20-21-20260810-14:59:41-740152,Swarm20,21,21,21,sha3,20,,,,7,static,50.0,230.0,50.0,230.0,0.0,2.224173,module=UavAuthNetwork.uav[7]; config=Swarm20
3068,Swarm20-21-20260810-14:59:41-740152,Swarm20,21,21,21,sha3,20,,,,8,static,500.0,120.0,500.0,120.0,0.0,2.205369,module=UavAuthNetwork.uav[8]; config=Swarm20
3069,Swarm20-21-20260810-14:59:41-740152,Swarm20,21,21,21,sha3,20,,,,9,static,500.0,230.0,500.0,230.0,0.0,2.279566,module=UavAuthNetwork.uav[9]; config=Swarm20
3070,Swarm20-21-20260810-14:59:41-740152,Swarm20,21,21,21,sha3,20,,,,10,static,275.0,175.0,275.0,175.0,0.0,2.204927,module=UavAuthNetwork.uav[10]; config=Swarm20
3071,Swarm20-21-20260810-14:59:41-740152,Swarm20,21,21,21,sha3,20,,,,11,static,275.0,175.0,275.0,175.0,0.0,2.220059,module=UavAuthNetwork.uav[11]; config=Swarm20
3072,Swarm20-21-20260810-14:59:41-740152,Swarm20,21,21,21,sha3,20,,,,12,static,275.0,175.0,275.0,175.0,0.0,2.248579,module=UavAuthNetwork.uav[12]; config=Swarm20
3073,Swarm20-21-20260810-14:59:41-740152,Swarm20,21,21,21,sha3,20,,,,13,static,275.0,175.0,275.0,175.0,0.0,2.277341,module=UavAuthNetwork.uav[13]; config=Swarm20
3074,Swarm20-21-20260810-14:59:41-740152,Swarm20,21,21,21,sha3,20,,,,14,static,275.0,175.0,275.0,175.0,0.0,2.277706,module=UavAuthNetwork.uav[14]; config=Swarm20
3075,Swarm20-21-20260810-14:59:41-740152,Swarm20,21,21,21,sha3,20,,,,15,static,275.0,175.0,275.0,175.0,0.0,2.179111,module=UavAuthNetwork.uav[15]; config=Swarm20
3076,Swarm20-21-20260810-14:59:41-740152,Swarm20,21,21,21,sha3,20,,,,16,static,275.0,175.0,275.0,175.0,0.0,2.291296,module=UavAuthNetwork.uav[16]; config=Swarm20
3077,Swarm20-21-20260810-14:59:41-740152,Swarm20,21,21,21,sha3,20,,,,17,static,275.0,175.0,275.0,175.0,0.0,2.221707,module=UavAuthNetwork.uav[17]; config=Swarm20
3078,Swarm20-21-20260810-14:59:41-740152,Swarm20,21,21,21,sha3,20,,,,18,static,275.0,175.0,275.0,175.0,0.0,2.231493,module=UavAuthNetwork.uav[18]; config=Swarm20
3079,Swarm20-21-20260810-14:59:41-740152,Swarm20,21,21,21,sha3,20,,,,19,static,275.0,175.0,275.0,175.0,0.0,2.226784,module=UavAuthNetwork.uav[19]; config=Swarm20
3080,Swarm20-22-20260810-14:59:41-740152,Swarm20,22,22,22,sha3,20,,,,0,static,100.0,50.0,100.0,50.0,0.0,2.267227,module=UavAuthNetwork.uav[0]; config=Swarm20
3081,Swarm20-22-20260810-14:59:41-740152,Swarm20,22,22,22,sha3,20,,,,1,static,275.0,50.0,275.0,50.0,0.0,2.206232,module=UavAuthNetwork.uav[1]; config=Swarm20
3082,Swarm20-22-20260810-14:59:41-740152,Swarm20,22,22,22,sha3,20,,,,2,static,450.0,50.0,450.0,50.0,0.0,2.190172,module=UavAuthNetwork.uav[2]; config=Swarm20
3083,Swarm20-22-20260810-14:59:41-740152,Swarm20,22,22,22,sha3,20,,,,3,static,100.0,300.0,100.0,300.0,0.0,2.230725,module=UavAuthNetwork.uav[3]; config=Swarm20
3084,Swarm20-22-20260810-14:59:41-740152,Swarm20,22,22,22,sha3,20,,,,4,static,275.0,300.0,275.0,300.0,0.0,2.19402,module=UavAuthNetwork.uav[4]; config=Swarm20
3085,Swarm20-22-20260810-14:59:41-740152,Swarm20,22,22,22,sha3,20,,,,5,static,450.0,300.0,450.0,300.0,0.0,2.226773,module=UavAuthNetwork.uav[5]; config=Swarm20
3086,Swarm20-22-20260810-14:59:41-740152,Swarm20,22,22,22,sha3,20,,,,6,static,50.0,120.0,50.0,120.0,0.0,2.225046,module=UavAuthNetwork.uav[6]; config=Swarm20
3087,Swarm20-22-20260810-14:59:41-740152,Swarm20,22,22,22,sha3,20,,,,7,static,50.0,230.0,50.0,230.0,0.0,2.214072,module=UavAuthNetwork.uav[7]; config=Swarm20
3088,Swarm20-22-20260810-14:59:41-740152,Swarm20,22,22,22,sha3,20,,,,8,static,500.0,120.0,500.0,120.0,0.0,2.207261,module=UavAuthNetwork.uav[8]; config=Swarm20
3089,Swarm20-22-20260810-14:59:41-740152,Swarm20,22,22,22,sha3,20,,,,9,static,500.0,230.0,500.0,230.0,0.0,2.266548,module=UavAuthNetwork.uav[9]; config=Swarm20
3090,Swarm20-22-20260810-14:59:41-740152,Swarm20,22,22,22,sha3,20,,,,10,static,275.0,175.0,275.0,175.0,0.0,2.214689,module=UavAuthNetwork.uav[10]; config=Swarm20
3091,Swarm20-22-20260810-14:59:41-740152,Swarm20,22,22,22,sha3,20,,,,11,static,275.0,175.0,275.0,175.0,0.0,2.228616,module=UavAuthNetwork.uav[11]; config=Swarm20
3092,Swarm20-22-20260810-14:59:41-740152,Swarm20,22,22,22,sha3,20,,,,12,static,275.0,175.0,275.0,175.0,0.0,2.237119,module=UavAuthNetwork.uav[12]; config=Swarm20
3093,Swarm20-22-20260810-14:59:41-740152,Swarm20,22,22,22,sha3,20,,,,13,static,275.0,175.0,275.0,175.0,0.0,2.225049,module=UavAuthNetwork.uav[13]; config=Swarm20
3094,Swarm20-22-20260810-14:59:41-740152,Swarm20,22,22,22,sha3,20,,,,14,static,275.0,175.0,275.0,175.0,0.0,2.241756,module=UavAuthNetwork.uav[14]; config=Swarm20
3095,Swarm20-22-20260810-14:59:41-740152,Swarm20,22,22,22,sha3,20,,,,15,static,275.0,175.0,275.0,175.0,0.0,2.266687,module=UavAuthNetwork.uav[15]; config=Swarm20
3096,Swarm20-22-20260810-14:59:41-740152,Swarm20,22,22,22,sha3,20,,,,16,static,275.0,175.0,275.0,175.0,0.0,2.185382,module=UavAuthNetwork.uav[16]; config=Swarm20
3097,Swarm20-22-20260810-14:59:41-740152,Swarm20,22,22,22,sha3,20,,,,17,static,275.0,175.0,275.0,175.0,0.0,2.230957,module=UavAuthNetwork.uav[17]; config=Swarm20
3098,Swarm20-22-20260810-14:59:41-740152,Swarm20,22,22,22,sha3,20,,,,18,static,275.0,175.0,275.0,175.0,0.0,2.202913,module=UavAuthNetwork.uav[18]; config=Swarm20
3099,Swarm20-22-20260810-14:59:41-740152,Swarm20,22,22,22,sha3,20,,,,19,static,275.0,175.0,275.0,175.0,0.0,2.205373,module=UavAuthNetwork.uav[19]; config=Swarm20
3100,Swarm20-23-20260810-14:59:42-740152,Swarm20,23,23,23,sha3,20,,,,0,static,100.0,50.0,100.0,50.0,0.0,2.189793,module=UavAuthNetwork.uav[0]; config=Swarm20
3101,Swarm20-23-20260810-14:59:42-740152,Swarm20,23,23,23,sha3,20,,,,1,static,275.0,50.0,275.0,50.0,0.0,2.216106,module=UavAuthNetwork.uav[1]; config=Swarm20
3102,Swarm20-23-20260810-14:59:42-740152,Swarm20,23,23,23,sha3,20,,,,2,static,450.0,50.0,450.0,50.0,0.0,2.200111,module=UavAuthNetwork.uav[2]; config=Swarm20
3103,Swarm20-23-20260810-14:59:42-740152,Swarm20,23,23,23,sha3,20,,,,3,static,100.0,300.0,100.0,300.0,0.0,2.256693,module=UavAuthNetwork.uav[3]; config=Swarm20
3104,Swarm20-23-20260810-14:59:42-740152,Swarm20,23,23,23,sha3,20,,,,4,static,275.0,300.0,275.0,300.0,0.0,2.225355,module=UavAuthNetwork.uav[4]; config=Swarm20
3105,Swarm20-23-20260810-14:59:42-740152,Swarm20,23,23,23,sha3,20,,,,5,static,450.0,300.0,450.0,300.0,0.0,2.233508,module=UavAuthNetwork.uav[5]; config=Swarm20
3106,Swarm20-23-20260810-14:59:42-740152,Swarm20,23,23,23,sha3,20,,,,6,static,50.0,120.0,50.0,120.0,0.0,2.215037,module=UavAuthNetwork.uav[6]; config=Swarm20
3107,Swarm20-23-20260810-14:59:42-740152,Swarm20,23,23,23,sha3,20,,,,7,static,50.0,230.0,50.0,230.0,0.0,2.195309,module=UavAuthNetwork.uav[7]; config=Swarm20
3108,Swarm20-23-20260810-14:59:42-740152,Swarm20,23,23,23,sha3,20,,,,8,static,500.0,120.0,500.0,120.0,0.0,2.254436,module=UavAuthNetwork.uav[8]; config=Swarm20
3109,Swarm20-23-20260810-14:59:42-740152,Swarm20,23,23,23,sha3,20,,,,9,static,500.0,230.0,500.0,230.0,0.0,2.208679,module=UavAuthNetwork.uav[9]; config=Swarm20
3110,Swarm20-23-20260810-14:59:42-740152,Swarm20,23,23,23,sha3,20,,,,10,static,275.0,175.0,275.0,175.0,0.0,2.174358,module=UavAuthNetwork.uav[10]; config=Swarm20
3111,Swarm20-23-20260810-14:59:42-740152,Swarm20,23,23,23,sha3,20,,,,11,static,275.0,175.0,275.0,175.0,0.0,2.221827,module=UavAuthNetwork.uav[11]; config=Swarm20
3112,Swarm20-23-20260810-14:59:42-740152,Swarm20,23,23,23,sha3,20,,,,12,static,275.0,175.0,275.0,175.0,0.0,2.19508,module=UavAuthNetwork.uav[12]; config=Swarm20
3113,Swarm20-23-20260810-14:59:42-740152,Swarm20,23,23,23,sha3,20,,,,13,static,275.0,175.0,275.0,175.0,0.0,2.224862,module=UavAuthNetwork.uav[13]; config=Swarm20
3114,Swarm20-23-20260810-14:59:42-740152,Swarm20,23,23,23,sha3,20,,,,14,static,275.0,175.0,275.0,175.0,0.0,2.219558,module=UavAuthNetwork.uav[14]; config=Swarm20
3115,Swarm20-23-20260810-14:59:42-740152,Swarm20,23,23,23,sha3,20,,,,15,static,275.0,175.0,275.0,175.0,0.0,2.240656,module=UavAuthNetwork.uav[15]; config=Swarm20
3116,Swarm20-23-20260810-14:59:42-740152,Swarm20,23,23,23,sha3,20,,,,16,static,275.0,175.0,275.0,175.0,0.0,2.221011,module=UavAuthNetwork.uav[16]; config=Swarm20
3117,Swarm20-23-20260810-14:59:42-740152,Swarm20,23,23,23,sha3,20,,,,17,static,275.0,175.0,275.0,175.0,0.0,2.22746,module=UavAuthNetwork.uav[17]; config=Swarm20
3118,Swarm20-23-20260810-14:59:42-740152,Swarm20,23,23,23,sha3,20,,,,18,static,275.0,175.0,275.0,175.0,0.0,2.246005,module=UavAuthNetwork.uav[18]; config=Swarm20
3119,Swarm20-23-20260810-14:59:42-740152,Swarm20,23,23,23,sha3,20,,,,19,static,275.0,175.0,275.0,175.0,0.0,2.213466,module=UavAuthNetwork.uav[19]; config=Swarm20
3120,Swarm20-24-20260810-14:59:42-740152,Swarm20,24,24,24,sha3,20,,,,0,static,100.0,50.0,100.0,50.0,0.0,2.20458,module=UavAuthNetwork.uav[0]; config=Swarm20
3121,Swarm20-24-20260810-14:59:42-740152,Swarm20,24,24,24,sha3,20,,,,1,static,275.0,50.0,275.0,50.0,0.0,2.261739,module=UavAuthNetwork.uav[1]; config=Swarm20
3122,Swarm20-24-20260810-14:59:42-740152,Swarm20,24,24,24,sha3,20,,,,2,static,450.0,50.0,450.0,50.0,0.0,2.224891,module=UavAuthNetwork.uav[2]; config=Swarm20
3123,Swarm20-24-20260810-14:59:42-740152,Swarm20,24,24,24,sha3,20,,,,3,static,100.0,300.0,100.0,300.0,0.0,2.235428,module=UavAuthNetwork.uav[3]; config=Swarm20
3124,Swarm20-24-20260810-14:59:42-740152,Swarm20,24,24,24,sha3,20,,,,4,static,275.0,300.0,275.0,300.0,0.0,2.203092,module=UavAuthNetwork.uav[4]; config=Swarm20
3125,Swarm20-24-20260810-14:59:42-740152,Swarm20,24,24,24,sha3,20,,,,5,static,450.0,300.0,450.0,300.0,0.0,2.246815,module=UavAuthNetwork.uav[5]; config=Swarm20
3126,Swarm20-24-20260810-14:59:42-740152,Swarm20,24,24,24,sha3,20,,,,6,static,50.0,120.0,50.0,120.0,0.0,2.218312,module=UavAuthNetwork.uav[6]; config=Swarm20
3127,Swarm20-24-20260810-14:59:42-740152,Swarm20,24,24,24,sha3,20,,,,7,static,50.0,230.0,50.0,230.0,0.0,2.209172,module=UavAuthNetwork.uav[7]; config=Swarm20
3128,Swarm20-24-20260810-14:59:42-740152,Swarm20,24,24,24,sha3,20,,,,8,static,500.0,120.0,500.0,120.0,0.0,2.204854,module=UavAuthNetwork.uav[8]; config=Swarm20
3129,Swarm20-24-20260810-14:59:42-740152,Swarm20,24,24,24,sha3,20,,,,9,static,500.0,230.0,500.0,230.0,0.0,2.210211,module=UavAuthNetwork.uav[9]; config=Swarm20
3130,Swarm20-24-20260810-14:59:42-740152,Swarm20,24,24,24,sha3,20,,,,10,static,275.0,175.0,275.0,175.0,0.0,2.240756,module=UavAuthNetwork.uav[10]; config=Swarm20
3131,Swarm20-24-20260810-14:59:42-740152,Swarm20,24,24,24,sha3,20,,,,11,static,275.0,175.0,275.0,175.0,0.0,2.191961,module=UavAuthNetwork.uav[11]; config=Swarm20
3132,Swarm20-24-20260810-14:59:42-740152,Swarm20,24,24,24,sha3,20,,,,12,static,275.0,175.0,275.0,175.0,0.0,2.230418,module=UavAuthNetwork.uav[12]; config=Swarm20
3133,Swarm20-24-20260810-14:59:42-740152,Swarm20,24,24,24,sha3,20,,,,13,static,275.0,175.0,275.0,175.0,0.0,2.191594,module=UavAuthNetwork.uav[13]; config=Swarm20
3134,Swarm20-24-20260810-14:59:42-740152,Swarm20,24,24,24,sha3,20,,,,14,static,275.0,175.0,275.0,175.0,0.0,2.268535,module=UavAuthNetwork.uav[14]; config=Swarm20
3135,Swarm20-24-20260810-14:59:42-740152,Swarm20,24,24,24,sha3,20,,,,15,static,275.0,175.0,275.0,175.0,0.0,2.218011,module=UavAuthNetwork.uav[15]; config=Swarm20
3136,Swarm20-24-20260810-14:59:42-740152,Swarm20,24,24,24,sha3,20,,,,16,static,275.0,175.0,275.0,175.0,0.0,2.196977,module=UavAuthNetwork.uav[16]; config=Swarm20
3137,Swarm20-24-20260810-14:59:42-740152,Swarm20,24,24,24,sha3,20,,,,17,static,275.0,175.0,275.0,175.0,0.0,2.219864,module=UavAuthNetwork.uav[17]; config=Swarm20
3138,Swarm20-24-20260810-14:59:42-740152,Swarm20,24,24,24,sha3,20,,,,18,static,275.0,175.0,275.0,175.0,0.0,2.210761,module=UavAuthNetwork.uav[18]; config=Swarm20
3139,Swarm20-24-20260810-14:59:42-740152,Swarm20,24,24,24,sha3,20,,,,19,static,275.0,175.0,275.0,175.0,0.0,2.20203,module=UavAuthNetwork.uav[19]; config=Swarm20
3140,Swarm20-25-20260810-14:59:42-740152,Swarm20,25,25,25,sha3,20,,,,0,static,100.0,50.0,100.0,50.0,0.0,2.22388,module=UavAuthNetwork.uav[0]; config=Swarm20
3141,Swarm20-25-20260810-14:59:42-740152,Swarm20,25,25,25,sha3,20,,,,1,static,275.0,50.0,275.0,50.0,0.0,2.217062,module=UavAuthNetwork.uav[1]; config=Swarm20
3142,Swarm20-25-20260810-14:59:42-740152,Swarm20,25,25,25,sha3,20,,,,2,static,450.0,50.0,450.0,50.0,0.0,2.243047,module=UavAuthNetwork.uav[2]; config=Swarm20
3143,Swarm20-25-20260810-14:59:42-740152,Swarm20,25,25,25,sha3,20,,,,3,static,100.0,300.0,100.0,300.0,0.0,2.232419,module=UavAuthNetwork.uav[3]; config=Swarm20
3144,Swarm20-25-20260810-14:59:42-740152,Swarm20,25,25,25,sha3,20,,,,4,static,275.0,300.0,275.0,300.0,0.0,2.21907,module=UavAuthNetwork.uav[4]; config=Swarm20
3145,Swarm20-25-20260810-14:59:42-740152,Swarm20,25,25,25,sha3,20,,,,5,static,450.0,300.0,450.0,300.0,0.0,2.266802,module=UavAuthNetwork.uav[5]; config=Swarm20
3146,Swarm20-25-20260810-14:59:42-740152,Swarm20,25,25,25,sha3,20,,,,6,static,50.0,120.0,50.0,120.0,0.0,2.230986,module=UavAuthNetwork.uav[6]; config=Swarm20
3147,Swarm20-25-20260810-14:59:42-740152,Swarm20,25,25,25,sha3,20,,,,7,static,50.0,230.0,50.0,230.0,0.0,2.179065,module=UavAuthNetwork.uav[7]; config=Swarm20
3148,Swarm20-25-20260810-14:59:42-740152,Swarm20,25,25,25,sha3,20,,,,8,static,500.0,120.0,500.0,120.0,0.0,2.176762,module=UavAuthNetwork.uav[8]; config=Swarm20
3149,Swarm20-25-20260810-14:59:42-740152,Swarm20,25,25,25,sha3,20,,,,9,static,500.0,230.0,500.0,230.0,0.0,2.246344,module=UavAuthNetwork.uav[9]; config=Swarm20
3150,Swarm20-25-20260810-14:59:42-740152,Swarm20,25,25,25,sha3,20,,,,10,static,275.0,175.0,275.0,175.0,0.0,2.237213,module=UavAuthNetwork.uav[10]; config=Swarm20
3151,Swarm20-25-20260810-14:59:42-740152,Swarm20,25,25,25,sha3,20,,,,11,static,275.0,175.0,275.0,175.0,0.0,2.24993,module=UavAuthNetwork.uav[11]; config=Swarm20
3152,Swarm20-25-20260810-14:59:42-740152,Swarm20,25,25,25,sha3,20,,,,12,static,275.0,175.0,275.0,175.0,0.0,2.193049,module=UavAuthNetwork.uav[12]; config=Swarm20
3153,Swarm20-25-20260810-14:59:42-740152,Swarm20,25,25,25,sha3,20,,,,13,static,275.0,175.0,275.0,175.0,0.0,2.224073,module=UavAuthNetwork.uav[13]; config=Swarm20
3154,Swarm20-25-20260810-14:59:42-740152,Swarm20,25,25,25,sha3,20,,,,14,static,275.0,175.0,275.0,175.0,0.0,2.202057,module=UavAuthNetwork.uav[14]; config=Swarm20
3155,Swarm20-25-20260810-14:59:42-740152,Swarm20,25,25,25,sha3,20,,,,15,static,275.0,175.0,275.0,175.0,0.0,2.242204,module=UavAuthNetwork.uav[15]; config=Swarm20
3156,Swarm20-25-20260810-14:59:42-740152,Swarm20,25,25,25,sha3,20,,,,16,static,275.0,175.0,275.0,175.0,0.0,2.206358,module=UavAuthNetwork.uav[16]; config=Swarm20
3157,Swarm20-25-20260810-14:59:42-740152,Swarm20,25,25,25,sha3,20,,,,17,static,275.0,175.0,275.0,175.0,0.0,2.225002,module=UavAuthNetwork.uav[17]; config=Swarm20
3158,Swarm20-25-20260810-14:59:42-740152,Swarm20,25,25,25,sha3,20,,,,18,static,275.0,175.0,275.0,175.0,0.0,2.231804,module=UavAuthNetwork.uav[18]; config=Swarm20
3159,Swarm20-25-20260810-14:59:42-740152,Swarm20,25,25,25,sha3,20,,,,19,static,275.0,175.0,275.0,175.0,0.0,2.238762,module=UavAuthNetwork.uav[19]; config=Swarm20
3160,Swarm20-26-20260810-14:59:42-740152,Swarm20,26,26,26,sha3,20,,,,0,static,100.0,50.0,100.0,50.0,0.0,2.217701,module=UavAuthNetwork.uav[0]; config=Swarm20
3161,Swarm20-26-20260810-14:59:42-740152,Swarm20,26,26,26,sha3,20,,,,1,static,275.0,50.0,275.0,50.0,0.0,2.214134,module=UavAuthNetwork.uav[1]; config=Swarm20
3162,Swarm20-26-20260810-14:59:42-740152,Swarm20,26,26,26,sha3,20,,,,2,static,450.0,50.0,450.0,50.0,0.0,2.212694,module=UavAuthNetwork.uav[2]; config=Swarm20
3163,Swarm20-26-20260810-14:59:42-740152,Swarm20,26,26,26,sha3,20,,,,3,static,100.0,300.0,100.0,300.0,0.0,2.204047,module=UavAuthNetwork.uav[3]; config=Swarm20
3164,Swarm20-26-20260810-14:59:42-740152,Swarm20,26,26,26,sha3,20,,,,4,static,275.0,300.0,275.0,300.0,0.0,2.211375,module=UavAuthNetwork.uav[4]; config=Swarm20
3165,Swarm20-26-20260810-14:59:42-740152,Swarm20,26,26,26,sha3,20,,,,5,static,450.0,300.0,450.0,300.0,0.0,2.224938,module=UavAuthNetwork.uav[5]; config=Swarm20
3166,Swarm20-26-20260810-14:59:42-740152,Swarm20,26,26,26,sha3,20,,,,6,static,50.0,120.0,50.0,120.0,0.0,2.202597,module=UavAuthNetwork.uav[6]; config=Swarm20
3167,Swarm20-26-20260810-14:59:42-740152,Swarm20,26,26,26,sha3,20,,,,7,static,50.0,230.0,50.0,230.0,0.0,2.190615,module=UavAuthNetwork.uav[7]; config=Swarm20
3168,Swarm20-26-20260810-14:59:42-740152,Swarm20,26,26,26,sha3,20,,,,8,static,500.0,120.0,500.0,120.0,0.0,2.21902,module=UavAuthNetwork.uav[8]; config=Swarm20
3169,Swarm20-26-20260810-14:59:42-740152,Swarm20,26,26,26,sha3,20,,,,9,static,500.0,230.0,500.0,230.0,0.0,2.201573,module=UavAuthNetwork.uav[9]; config=Swarm20
3170,Swarm20-26-20260810-14:59:42-740152,Swarm20,26,26,26,sha3,20,,,,10,static,275.0,175.0,275.0,175.0,0.0,2.211078,module=UavAuthNetwork.uav[10]; config=Swarm20
3171,Swarm20-26-20260810-14:59:42-740152,Swarm20,26,26,26,sha3,20,,,,11,static,275.0,175.0,275.0,175.0,0.0,2.216711,module=UavAuthNetwork.uav[11]; config=Swarm20
3172,Swarm20-26-20260810-14:59:42-740152,Swarm20,26,26,26,sha3,20,,,,12,static,275.0,175.0,275.0,175.0,0.0,2.226684,module=UavAuthNetwork.uav[12]; config=Swarm20
3173,Swarm20-26-20260810-14:59:42-740152,Swarm20,26,26,26,sha3,20,,,,13,static,275.0,175.0,275.0,175.0,0.0,2.194738,module=UavAuthNetwork.uav[13]; config=Swarm20
3174,Swarm20-26-20260810-14:59:42-740152,Swarm20,26,26,26,sha3,20,,,,14,static,275.0,175.0,275.0,175.0,0.0,2.170867,module=UavAuthNetwork.uav[14]; config=Swarm20
3175,Swarm20-26-20260810-14:59:42-740152,Swarm20,26,26,26,sha3,20,,,,15,static,275.0,175.0,275.0,175.0,0.0,2.193104,module=UavAuthNetwork.uav[15]; config=Swarm20
3176,Swarm20-26-20260810-14:59:42-740152,Swarm20,26,26,26,sha3,20,,,,16,static,275.0,175.0,275.0,175.0,0.0,2.199454,module=UavAuthNetwork.uav[16]; config=Swarm20
3177,Swarm20-26-20260810-14:59:42-740152,Swarm20,26,26,26,sha3,20,,,,17,static,275.0,175.0,275.0,175.0,0.0,2.254682,module=UavAuthNetwork.uav[17]; config=Swarm20
3178,Swarm20-26-20260810-14:59:42-740152,Swarm20,26,26,26,sha3,20,,,,18,static,275.0,175.0,275.0,175.0,0.0,2.189699,module=UavAuthNetwork.uav[18]; config=Swarm20
3179,Swarm20-26-20260810-14:59:42-740152,Swarm20,26,26,26,sha3,20,,,,19,static,275.0,175.0,275.0,175.0,0.0,2.213107,module=UavAuthNetwork.uav[19]; config=Swarm20
3180,Swarm20-27-20260810-14:59:42-740152,Swarm20,27,27,27,sha3,20,,,,0,static,100.0,50.0,100.0,50.0,0.0,2.259821,module=UavAuthNetwork.uav[0]; config=Swarm20
3181,Swarm20-27-20260810-14:59:42-740152,Swarm20,27,27,27,sha3,20,,,,1,static,275.0,50.0,275.0,50.0,0.0,2.19536,module=UavAuthNetwork.uav[1]; config=Swarm20
3182,Swarm20-27-20260810-14:59:42-740152,Swarm20,27,27,27,sha3,20,,,,2,static,450.0,50.0,450.0,50.0,0.0,2.215599,module=UavAuthNetwork.uav[2]; config=Swarm20
3183,Swarm20-27-20260810-14:59:42-740152,Swarm20,27,27,27,sha3,20,,,,3,static,100.0,300.0,100.0,300.0,0.0,2.221172,module=UavAuthNetwork.uav[3]; config=Swarm20
3184,Swarm20-27-20260810-14:59:42-740152,Swarm20,27,27,27,sha3,20,,,,4,static,275.0,300.0,275.0,300.0,0.0,2.226182,module=UavAuthNetwork.uav[4]; config=Swarm20
3185,Swarm20-27-20260810-14:59:42-740152,Swarm20,27,27,27,sha3,20,,,,5,static,450.0,300.0,450.0,300.0,0.0,2.216056,module=UavAuthNetwork.uav[5]; config=Swarm20
3186,Swarm20-27-20260810-14:59:42-740152,Swarm20,27,27,27,sha3,20,,,,6,static,50.0,120.0,50.0,120.0,0.0,2.232149,module=UavAuthNetwork.uav[6]; config=Swarm20
3187,Swarm20-27-20260810-14:59:42-740152,Swarm20,27,27,27,sha3,20,,,,7,static,50.0,230.0,50.0,230.0,0.0,2.249441,module=UavAuthNetwork.uav[7]; config=Swarm20
3188,Swarm20-27-20260810-14:59:42-740152,Swarm20,27,27,27,sha3,20,,,,8,static,500.0,120.0,500.0,120.0,0.0,2.195075,module=UavAuthNetwork.uav[8]; config=Swarm20
3189,Swarm20-27-20260810-14:59:42-740152,Swarm20,27,27,27,sha3,20,,,,9,static,500.0,230.0,500.0,230.0,0.0,2.262013,module=UavAuthNetwork.uav[9]; config=Swarm20
3190,Swarm20-27-20260810-14:59:42-740152,Swarm20,27,27,27,sha3,20,,,,10,static,275.0,175.0,275.0,175.0,0.0,2.169911,module=UavAuthNetwork.uav[10]; config=Swarm20
3191,Swarm20-27-20260810-14:59:42-740152,Swarm20,27,27,27,sha3,20,,,,11,static,275.0,175.0,275.0,175.0,0.0,2.24623,module=UavAuthNetwork.uav[11]; config=Swarm20
3192,Swarm20-27-20260810-14:59:42-740152,Swarm20,27,27,27,sha3,20,,,,12,static,275.0,175.0,275.0,175.0,0.0,2.205664,module=UavAuthNetwork.uav[12]; config=Swarm20
3193,Swarm20-27-20260810-14:59:42-740152,Swarm20,27,27,27,sha3,20,,,,13,static,275.0,175.0,275.0,175.0,0.0,2.215109,module=UavAuthNetwork.uav[13]; config=Swarm20
3194,Swarm20-27-20260810-14:59:42-740152,Swarm20,27,27,27,sha3,20,,,,14,static,275.0,175.0,275.0,175.0,0.0,2.19559,module=UavAuthNetwork.uav[14]; config=Swarm20
3195,Swarm20-27-20260810-14:59:42-740152,Swarm20,27,27,27,sha3,20,,,,15,static,275.0,175.0,275.0,175.0,0.0,2.217203,module=UavAuthNetwork.uav[15]; config=Swarm20
3196,Swarm20-27-20260810-14:59:42-740152,Swarm20,27,27,27,sha3,20,,,,16,static,275.0,175.0,275.0,175.0,0.0,2.269064,module=UavAuthNetwork.uav[16]; config=Swarm20
3197,Swarm20-27-20260810-14:59:42-740152,Swarm20,27,27,27,sha3,20,,,,17,static,275.0,175.0,275.0,175.0,0.0,2.187306,module=UavAuthNetwork.uav[17]; config=Swarm20
3198,Swarm20-27-20260810-14:59:42-740152,Swarm20,27,27,27,sha3,20,,,,18,static,275.0,175.0,275.0,175.0,0.0,2.18253,module=UavAuthNetwork.uav[18]; config=Swarm20
3199,Swarm20-27-20260810-14:59:42-740152,Swarm20,27,27,27,sha3,20,,,,19,static,275.0,175.0,275.0,175.0,0.0,2.228129,module=UavAuthNetwork.uav[19]; config=Swarm20
3200,Swarm20-28-20260810-14:59:42-740152,Swarm20,28,28,28,sha3,20,,,,0,static,100.0,50.0,100.0,50.0,0.0,2.201363,module=UavAuthNetwork.uav[0]; config=Swarm20
3201,Swarm20-28-20260810-14:59:42-740152,Swarm20,28,28,28,sha3,20,,,,1,static,275.0,50.0,275.0,50.0,0.0,2.231532,module=UavAuthNetwork.uav[1]; config=Swarm20
3202,Swarm20-28-20260810-14:59:42-740152,Swarm20,28,28,28,sha3,20,,,,2,static,450.0,50.0,450.0,50.0,0.0,2.246548,module=UavAuthNetwork.uav[2]; config=Swarm20
3203,Swarm20-28-20260810-14:59:42-740152,Swarm20,28,28,28,sha3,20,,,,3,static,100.0,300.0,100.0,300.0,0.0,2.184652,module=UavAuthNetwork.uav[3]; config=Swarm20
3204,Swarm20-28-20260810-14:59:42-740152,Swarm20,28,28,28,sha3,20,,,,4,static,275.0,300.0,275.0,300.0,0.0,2.223735,module=UavAuthNetwork.uav[4]; config=Swarm20
3205,Swarm20-28-20260810-14:59:42-740152,Swarm20,28,28,28,sha3,20,,,,5,static,450.0,300.0,450.0,300.0,0.0,2.205022,module=UavAuthNetwork.uav[5]; config=Swarm20
3206,Swarm20-28-20260810-14:59:42-740152,Swarm20,28,28,28,sha3,20,,,,6,static,50.0,120.0,50.0,120.0,0.0,2.21004,module=UavAuthNetwork.uav[6]; config=Swarm20
3207,Swarm20-28-20260810-14:59:42-740152,Swarm20,28,28,28,sha3,20,,,,7,static,50.0,230.0,50.0,230.0,0.0,2.290742,module=UavAuthNetwork.uav[7]; config=Swarm20
3208,Swarm20-28-20260810-14:59:42-740152,Swarm20,28,28,28,sha3,20,,,,8,static,500.0,120.0,500.0,120.0,0.0,2.257348,module=UavAuthNetwork.uav[8]; config=Swarm20
3209,Swarm20-28-20260810-14:59:42-740152,Swarm20,28,28,28,sha3,20,,,,9,static,500.0,230.0,500.0,230.0,0.0,2.232634,module=UavAuthNetwork.uav[9]; config=Swarm20
3210,Swarm20-28-20260810-14:59:42-740152,Swarm20,28,28,28,sha3,20,,,,10,static,275.0,175.0,275.0,175.0,0.0,2.213171,module=UavAuthNetwork.uav[10]; config=Swarm20
3211,Swarm20-28-20260810-14:59:42-740152,Swarm20,28,28,28,sha3,20,,,,11,static,275.0,175.0,275.0,175.0,0.0,2.225433,module=UavAuthNetwork.uav[11]; config=Swarm20
3212,Swarm20-28-20260810-14:59:42-740152,Swarm20,28,28,28,sha3,20,,,,12,static,275.0,175.0,275.0,175.0,0.0,2.188282,module=UavAuthNetwork.uav[12]; config=Swarm20
3213,Swarm20-28-20260810-14:59:42-740152,Swarm20,28,28,28,sha3,20,,,,13,static,275.0,175.0,275.0,175.0,0.0,2.20885,module=UavAuthNetwork.uav[13]; config=Swarm20
3214,Swarm20-28-20260810-14:59:42-740152,Swarm20,28,28,28,sha3,20,,,,14,static,275.0,175.0,275.0,175.0,0.0,2.263831,module=UavAuthNetwork.uav[14]; config=Swarm20
3215,Swarm20-28-20260810-14:59:42-740152,Swarm20,28,28,28,sha3,20,,,,15,static,275.0,175.0,275.0,175.0,0.0,2.204826,module=UavAuthNetwork.uav[15]; config=Swarm20
3216,Swarm20-28-20260810-14:59:42-740152,Swarm20,28,28,28,sha3,20,,,,16,static,275.0,175.0,275.0,175.0,0.0,2.194945,module=UavAuthNetwork.uav[16]; config=Swarm20
3217,Swarm20-28-20260810-14:59:42-740152,Swarm20,28,28,28,sha3,20,,,,17,static,275.0,175.0,275.0,175.0,0.0,2.223837,module=UavAuthNetwork.uav[17]; config=Swarm20
3218,Swarm20-28-20260810-14:59:42-740152,Swarm20,28,28,28,sha3,20,,,,18,static,275.0,175.0,275.0,175.0,0.0,2.171476,module=UavAuthNetwork.uav[18]; config=Swarm20
3219,Swarm20-28-20260810-14:59:42-740152,Swarm20,28,28,28,sha3,20,,,,19,static,275.0,175.0,275.0,175.0,0.0,2.216988,module=UavAuthNetwork.uav[19]; config=Swarm20
3220,Swarm20-29-20260810-14:59:42-740152,Swarm20,29,29,29,sha3,20,,,,0,static,100.0,50.0,100.0,50.0,0.0,2.244571,module=UavAuthNetwork.uav[0]; config=Swarm20
3221,Swarm20-29-20260810-14:59:42-740152,Swarm20,29,29,29,sha3,20,,,,1,static,275.0,50.0,275.0,50.0,0.0,2.210789,module=UavAuthNetwork.uav[1]; config=Swarm20
3222,Swarm20-29-20260810-14:59:42-740152,Swarm20,29,29,29,sha3,20,,,,2,static,450.0,50.0,450.0,50.0,0.0,2.211473,module=UavAuthNetwork.uav[2]; config=Swarm20
3223,Swarm20-29-20260810-14:59:42-740152,Swarm20,29,29,29,sha3,20,,,,3,static,100.0,300.0,100.0,300.0,0.0,2.220332,module=UavAuthNetwork.uav[3]; config=Swarm20
3224,Swarm20-29-20260810-14:59:42-740152,Swarm20,29,29,29,sha3,20,,,,4,static,275.0,300.0,275.0,300.0,0.0,2.202893,module=UavAuthNetwork.uav[4]; config=Swarm20
3225,Swarm20-29-20260810-14:59:42-740152,Swarm20,29,29,29,sha3,20,,,,5,static,450.0,300.0,450.0,300.0,0.0,2.219509,module=UavAuthNetwork.uav[5]; config=Swarm20
3226,Swarm20-29-20260810-14:59:42-740152,Swarm20,29,29,29,sha3,20,,,,6,static,50.0,120.0,50.0,120.0,0.0,2.233441,module=UavAuthNetwork.uav[6]; config=Swarm20
3227,Swarm20-29-20260810-14:59:42-740152,Swarm20,29,29,29,sha3,20,,,,7,static,50.0,230.0,50.0,230.0,0.0,2.212796,module=UavAuthNetwork.uav[7]; config=Swarm20
3228,Swarm20-29-20260810-14:59:42-740152,Swarm20,29,29,29,sha3,20,,,,8,static,500.0,120.0,500.0,120.0,0.0,2.202063,module=UavAuthNetwork.uav[8]; config=Swarm20
3229,Swarm20-29-20260810-14:59:42-740152,Swarm20,29,29,29,sha3,20,,,,9,static,500.0,230.0,500.0,230.0,0.0,2.236749,module=UavAuthNetwork.uav[9]; config=Swarm20
3230,Swarm20-29-20260810-14:59:42-740152,Swarm20,29,29,29,sha3,20,,,,10,static,275.0,175.0,275.0,175.0,0.0,2.231082,module=UavAuthNetwork.uav[10]; config=Swarm20
3231,Swarm20-29-20260810-14:59:42-740152,Swarm20,29,29,29,sha3,20,,,,11,static,275.0,175.0,275.0,175.0,0.0,2.192562,module=UavAuthNetwork.uav[11]; config=Swarm20
3232,Swarm20-29-20260810-14:59:42-740152,Swarm20,29,29,29,sha3,20,,,,12,static,275.0,175.0,275.0,175.0,0.0,2.200066,module=UavAuthNetwork.uav[12]; config=Swarm20
3233,Swarm20-29-20260810-14:59:42-740152,Swarm20,29,29,29,sha3,20,,,,13,static,275.0,175.0,275.0,175.0,0.0,2.212195,module=UavAuthNetwork.uav[13]; config=Swarm20
3234,Swarm20-29-20260810-14:59:42-740152,Swarm20,29,29,29,sha3,20,,,,14,static,275.0,175.0,275.0,175.0,0.0,2.188633,module=UavAuthNetwork.uav[14]; config=Swarm20
3235,Swarm20-29-20260810-14:59:42-740152,Swarm20,29,29,29,sha3,20,,,,15,static,275.0,175.0,275.0,175.0,0.0,2.258174,module=UavAuthNetwork.uav[15]; config=Swarm20
3236,Swarm20-29-20260810-14:59:42-740152,Swarm20,29,29,29,sha3,20,,,,16,static,275.0,175.0,275.0,175.0,0.0,2.248842,module=UavAuthNetwork.uav[16]; config=Swarm20
3237,Swarm20-29-20260810-14:59:42-740152,Swarm20,29,29,29,sha3,20,,,,17,static,275.0,175.0,275.0,175.0,0.0,2.194957,module=UavAuthNetwork.uav[17]; config=Swarm20
3238,Swarm20-29-20260810-14:59:42-740152,Swarm20,29,29,29,sha3,20,,,,18,static,275.0,175.0,275.0,175.0,0.0,2.184691,module=UavAuthNetwork.uav[18]; config=Swarm20
3239,Swarm20-29-20260810-14:59:42-740152,Swarm20,29,29,29,sha3,20,,,,19,static,275.0,175.0,275.0,175.0,0.0,2.212989,module=UavAuthNetwork.uav[19]; config=Swarm20
3240,Swarm20-3-20260810-14:59:39-740152,Swarm20,3,3,3,sha3,20,,,,0,static,100.0,50.0,100.0,50.0,0.0,2.227143,module=UavAuthNetwork.uav[0]; config=Swarm20
3241,Swarm20-3-20260810-14:59:39-740152,Swarm20,3,3,3,sha3,20,,,,1,static,275.0,50.0,275.0,50.0,0.0,2.252084,module=UavAuthNetwork.uav[1]; config=Swarm20
3242,Swarm20-3-20260810-14:59:39-740152,Swarm20,3,3,3,sha3,20,,,,2,static,450.0,50.0,450.0,50.0,0.0,2.254062,module=UavAuthNetwork.uav[2]; config=Swarm20
3243,Swarm20-3-20260810-14:59:39-740152,Swarm20,3,3,3,sha3,20,,,,3,static,100.0,300.0,100.0,300.0,0.0,2.217177,module=UavAuthNetwork.uav[3]; config=Swarm20
3244,Swarm20-3-20260810-14:59:39-740152,Swarm20,3,3,3,sha3,20,,,,4,static,275.0,300.0,275.0,300.0,0.0,2.235119,module=UavAuthNetwork.uav[4]; config=Swarm20
3245,Swarm20-3-20260810-14:59:39-740152,Swarm20,3,3,3,sha3,20,,,,5,static,450.0,300.0,450.0,300.0,0.0,2.274171,module=UavAuthNetwork.uav[5]; config=Swarm20
3246,Swarm20-3-20260810-14:59:39-740152,Swarm20,3,3,3,sha3,20,,,,6,static,50.0,120.0,50.0,120.0,0.0,2.239225,module=UavAuthNetwork.uav[6]; config=Swarm20
3247,Swarm20-3-20260810-14:59:39-740152,Swarm20,3,3,3,sha3,20,,,,7,static,50.0,230.0,50.0,230.0,0.0,2.206282,module=UavAuthNetwork.uav[7]; config=Swarm20
3248,Swarm20-3-20260810-14:59:39-740152,Swarm20,3,3,3,sha3,20,,,,8,static,500.0,120.0,500.0,120.0,0.0,2.215893,module=UavAuthNetwork.uav[8]; config=Swarm20
3249,Swarm20-3-20260810-14:59:39-740152,Swarm20,3,3,3,sha3,20,,,,9,static,500.0,230.0,500.0,230.0,0.0,2.241712,module=UavAuthNetwork.uav[9]; config=Swarm20
3250,Swarm20-3-20260810-14:59:39-740152,Swarm20,3,3,3,sha3,20,,,,10,static,275.0,175.0,275.0,175.0,0.0,2.207677,module=UavAuthNetwork.uav[10]; config=Swarm20
3251,Swarm20-3-20260810-14:59:39-740152,Swarm20,3,3,3,sha3,20,,,,11,static,275.0,175.0,275.0,175.0,0.0,2.214224,module=UavAuthNetwork.uav[11]; config=Swarm20
3252,Swarm20-3-20260810-14:59:39-740152,Swarm20,3,3,3,sha3,20,,,,12,static,275.0,175.0,275.0,175.0,0.0,2.243442,module=UavAuthNetwork.uav[12]; config=Swarm20
3253,Swarm20-3-20260810-14:59:39-740152,Swarm20,3,3,3,sha3,20,,,,13,static,275.0,175.0,275.0,175.0,0.0,2.232768,module=UavAuthNetwork.uav[13]; config=Swarm20
3254,Swarm20-3-20260810-14:59:39-740152,Swarm20,3,3,3,sha3,20,,,,14,static,275.0,175.0,275.0,175.0,0.0,2.205906,module=UavAuthNetwork.uav[14]; config=Swarm20
3255,Swarm20-3-20260810-14:59:39-740152,Swarm20,3,3,3,sha3,20,,,,15,static,275.0,175.0,275.0,175.0,0.0,2.218187,module=UavAuthNetwork.uav[15]; config=Swarm20
3256,Swarm20-3-20260810-14:59:39-740152,Swarm20,3,3,3,sha3,20,,,,16,static,275.0,175.0,275.0,175.0,0.0,2.21319,module=UavAuthNetwork.uav[16]; config=Swarm20
3257,Swarm20-3-20260810-14:59:39-740152,Swarm20,3,3,3,sha3,20,,,,17,static,275.0,175.0,275.0,175.0,0.0,2.240378,module=UavAuthNetwork.uav[17]; config=Swarm20
3258,Swarm20-3-20260810-14:59:39-740152,Swarm20,3,3,3,sha3,20,,,,18,static,275.0,175.0,275.0,175.0,0.0,2.249763,module=UavAuthNetwork.uav[18]; config=Swarm20
3259,Swarm20-3-20260810-14:59:39-740152,Swarm20,3,3,3,sha3,20,,,,19,static,275.0,175.0,275.0,175.0,0.0,2.224642,module=UavAuthNetwork.uav[19]; config=Swarm20
3260,Swarm20-4-20260810-14:59:39-740152,Swarm20,4,4,4,sha3,20,,,,0,static,100.0,50.0,100.0,50.0,0.0,2.193678,module=UavAuthNetwork.uav[0]; config=Swarm20
3261,Swarm20-4-20260810-14:59:39-740152,Swarm20,4,4,4,sha3,20,,,,1,static,275.0,50.0,275.0,50.0,0.0,2.199846,module=UavAuthNetwork.uav[1]; config=Swarm20
3262,Swarm20-4-20260810-14:59:39-740152,Swarm20,4,4,4,sha3,20,,,,2,static,450.0,50.0,450.0,50.0,0.0,2.214124,module=UavAuthNetwork.uav[2]; config=Swarm20
3263,Swarm20-4-20260810-14:59:39-740152,Swarm20,4,4,4,sha3,20,,,,3,static,100.0,300.0,100.0,300.0,0.0,2.202443,module=UavAuthNetwork.uav[3]; config=Swarm20
3264,Swarm20-4-20260810-14:59:39-740152,Swarm20,4,4,4,sha3,20,,,,4,static,275.0,300.0,275.0,300.0,0.0,2.206069,module=UavAuthNetwork.uav[4]; config=Swarm20
3265,Swarm20-4-20260810-14:59:39-740152,Swarm20,4,4,4,sha3,20,,,,5,static,450.0,300.0,450.0,300.0,0.0,2.2344,module=UavAuthNetwork.uav[5]; config=Swarm20
3266,Swarm20-4-20260810-14:59:39-740152,Swarm20,4,4,4,sha3,20,,,,6,static,50.0,120.0,50.0,120.0,0.0,2.225555,module=UavAuthNetwork.uav[6]; config=Swarm20
3267,Swarm20-4-20260810-14:59:39-740152,Swarm20,4,4,4,sha3,20,,,,7,static,50.0,230.0,50.0,230.0,0.0,2.237169,module=UavAuthNetwork.uav[7]; config=Swarm20
3268,Swarm20-4-20260810-14:59:39-740152,Swarm20,4,4,4,sha3,20,,,,8,static,500.0,120.0,500.0,120.0,0.0,2.217172,module=UavAuthNetwork.uav[8]; config=Swarm20
3269,Swarm20-4-20260810-14:59:39-740152,Swarm20,4,4,4,sha3,20,,,,9,static,500.0,230.0,500.0,230.0,0.0,2.260769,module=UavAuthNetwork.uav[9]; config=Swarm20
3270,Swarm20-4-20260810-14:59:39-740152,Swarm20,4,4,4,sha3,20,,,,10,static,275.0,175.0,275.0,175.0,0.0,2.237214,module=UavAuthNetwork.uav[10]; config=Swarm20
3271,Swarm20-4-20260810-14:59:39-740152,Swarm20,4,4,4,sha3,20,,,,11,static,275.0,175.0,275.0,175.0,0.0,2.2181,module=UavAuthNetwork.uav[11]; config=Swarm20
3272,Swarm20-4-20260810-14:59:39-740152,Swarm20,4,4,4,sha3,20,,,,12,static,275.0,175.0,275.0,175.0,0.0,2.183586,module=UavAuthNetwork.uav[12]; config=Swarm20
3273,Swarm20-4-20260810-14:59:39-740152,Swarm20,4,4,4,sha3,20,,,,13,static,275.0,175.0,275.0,175.0,0.0,2.228068,module=UavAuthNetwork.uav[13]; config=Swarm20
3274,Swarm20-4-20260810-14:59:39-740152,Swarm20,4,4,4,sha3,20,,,,14,static,275.0,175.0,275.0,175.0,0.0,2.265286,module=UavAuthNetwork.uav[14]; config=Swarm20
3275,Swarm20-4-20260810-14:59:39-740152,Swarm20,4,4,4,sha3,20,,,,15,static,275.0,175.0,275.0,175.0,0.0,2.233846,module=UavAuthNetwork.uav[15]; config=Swarm20
3276,Swarm20-4-20260810-14:59:39-740152,Swarm20,4,4,4,sha3,20,,,,16,static,275.0,175.0,275.0,175.0,0.0,2.232647,module=UavAuthNetwork.uav[16]; config=Swarm20
3277,Swarm20-4-20260810-14:59:39-740152,Swarm20,4,4,4,sha3,20,,,,17,static,275.0,175.0,275.0,175.0,0.0,2.207965,module=UavAuthNetwork.uav[17]; config=Swarm20
3278,Swarm20-4-20260810-14:59:39-740152,Swarm20,4,4,4,sha3,20,,,,18,static,275.0,175.0,275.0,175.0,0.0,2.231577,module=UavAuthNetwork.uav[18]; config=Swarm20
3279,Swarm20-4-20260810-14:59:39-740152,Swarm20,4,4,4,sha3,20,,,,19,static,275.0,175.0,275.0,175.0,0.0,2.187504,module=UavAuthNetwork.uav[19]; config=Swarm20
3280,Swarm20-5-20260810-14:59:39-740152,Swarm20,5,5,5,sha3,20,,,,0,static,100.0,50.0,100.0,50.0,0.0,2.247611,module=UavAuthNetwork.uav[0]; config=Swarm20
3281,Swarm20-5-20260810-14:59:39-740152,Swarm20,5,5,5,sha3,20,,,,1,static,275.0,50.0,275.0,50.0,0.0,2.220151,module=UavAuthNetwork.uav[1]; config=Swarm20
3282,Swarm20-5-20260810-14:59:39-740152,Swarm20,5,5,5,sha3,20,,,,2,static,450.0,50.0,450.0,50.0,0.0,2.275585,module=UavAuthNetwork.uav[2]; config=Swarm20
3283,Swarm20-5-20260810-14:59:39-740152,Swarm20,5,5,5,sha3,20,,,,3,static,100.0,300.0,100.0,300.0,0.0,2.215495,module=UavAuthNetwork.uav[3]; config=Swarm20
3284,Swarm20-5-20260810-14:59:39-740152,Swarm20,5,5,5,sha3,20,,,,4,static,275.0,300.0,275.0,300.0,0.0,2.208022,module=UavAuthNetwork.uav[4]; config=Swarm20
3285,Swarm20-5-20260810-14:59:39-740152,Swarm20,5,5,5,sha3,20,,,,5,static,450.0,300.0,450.0,300.0,0.0,2.226172,module=UavAuthNetwork.uav[5]; config=Swarm20
3286,Swarm20-5-20260810-14:59:39-740152,Swarm20,5,5,5,sha3,20,,,,6,static,50.0,120.0,50.0,120.0,0.0,2.215921,module=UavAuthNetwork.uav[6]; config=Swarm20
3287,Swarm20-5-20260810-14:59:39-740152,Swarm20,5,5,5,sha3,20,,,,7,static,50.0,230.0,50.0,230.0,0.0,2.206882,module=UavAuthNetwork.uav[7]; config=Swarm20
3288,Swarm20-5-20260810-14:59:39-740152,Swarm20,5,5,5,sha3,20,,,,8,static,500.0,120.0,500.0,120.0,0.0,2.200321,module=UavAuthNetwork.uav[8]; config=Swarm20
3289,Swarm20-5-20260810-14:59:39-740152,Swarm20,5,5,5,sha3,20,,,,9,static,500.0,230.0,500.0,230.0,0.0,2.264364,module=UavAuthNetwork.uav[9]; config=Swarm20
3290,Swarm20-5-20260810-14:59:39-740152,Swarm20,5,5,5,sha3,20,,,,10,static,275.0,175.0,275.0,175.0,0.0,2.25617,module=UavAuthNetwork.uav[10]; config=Swarm20
3291,Swarm20-5-20260810-14:59:39-740152,Swarm20,5,5,5,sha3,20,,,,11,static,275.0,175.0,275.0,175.0,0.0,2.212293,module=UavAuthNetwork.uav[11]; config=Swarm20
3292,Swarm20-5-20260810-14:59:39-740152,Swarm20,5,5,5,sha3,20,,,,12,static,275.0,175.0,275.0,175.0,0.0,2.245242,module=UavAuthNetwork.uav[12]; config=Swarm20
3293,Swarm20-5-20260810-14:59:39-740152,Swarm20,5,5,5,sha3,20,,,,13,static,275.0,175.0,275.0,175.0,0.0,2.18526,module=UavAuthNetwork.uav[13]; config=Swarm20
3294,Swarm20-5-20260810-14:59:39-740152,Swarm20,5,5,5,sha3,20,,,,14,static,275.0,175.0,275.0,175.0,0.0,2.233348,module=UavAuthNetwork.uav[14]; config=Swarm20
3295,Swarm20-5-20260810-14:59:39-740152,Swarm20,5,5,5,sha3,20,,,,15,static,275.0,175.0,275.0,175.0,0.0,2.264782,module=UavAuthNetwork.uav[15]; config=Swarm20
3296,Swarm20-5-20260810-14:59:39-740152,Swarm20,5,5,5,sha3,20,,,,16,static,275.0,175.0,275.0,175.0,0.0,2.23354,module=UavAuthNetwork.uav[16]; config=Swarm20
3297,Swarm20-5-20260810-14:59:39-740152,Swarm20,5,5,5,sha3,20,,,,17,static,275.0,175.0,275.0,175.0,0.0,2.188625,module=UavAuthNetwork.uav[17]; config=Swarm20
3298,Swarm20-5-20260810-14:59:39-740152,Swarm20,5,5,5,sha3,20,,,,18,static,275.0,175.0,275.0,175.0,0.0,2.193781,module=UavAuthNetwork.uav[18]; config=Swarm20
3299,Swarm20-5-20260810-14:59:39-740152,Swarm20,5,5,5,sha3,20,,,,19,static,275.0,175.0,275.0,175.0,0.0,2.239412,module=UavAuthNetwork.uav[19]; config=Swarm20
3300,Swarm20-6-20260810-14:59:40-740152,Swarm20,6,6,6,sha3,20,,,,0,static,100.0,50.0,100.0,50.0,0.0,2.218308,module=UavAuthNetwork.uav[0]; config=Swarm20
3301,Swarm20-6-20260810-14:59:40-740152,Swarm20,6,6,6,sha3,20,,,,1,static,275.0,50.0,275.0,50.0,0.0,2.189434,module=UavAuthNetwork.uav[1]; config=Swarm20
3302,Swarm20-6-20260810-14:59:40-740152,Swarm20,6,6,6,sha3,20,,,,2,static,450.0,50.0,450.0,50.0,0.0,2.202941,module=UavAuthNetwork.uav[2]; config=Swarm20
3303,Swarm20-6-20260810-14:59:40-740152,Swarm20,6,6,6,sha3,20,,,,3,static,100.0,300.0,100.0,300.0,0.0,2.218844,module=UavAuthNetwork.uav[3]; config=Swarm20
3304,Swarm20-6-20260810-14:59:40-740152,Swarm20,6,6,6,sha3,20,,,,4,static,275.0,300.0,275.0,300.0,0.0,2.192433,module=UavAuthNetwork.uav[4]; config=Swarm20
3305,Swarm20-6-20260810-14:59:40-740152,Swarm20,6,6,6,sha3,20,,,,5,static,450.0,300.0,450.0,300.0,0.0,2.222221,module=UavAuthNetwork.uav[5]; config=Swarm20
3306,Swarm20-6-20260810-14:59:40-740152,Swarm20,6,6,6,sha3,20,,,,6,static,50.0,120.0,50.0,120.0,0.0,2.201357,module=UavAuthNetwork.uav[6]; config=Swarm20
3307,Swarm20-6-20260810-14:59:40-740152,Swarm20,6,6,6,sha3,20,,,,7,static,50.0,230.0,50.0,230.0,0.0,2.200315,module=UavAuthNetwork.uav[7]; config=Swarm20
3308,Swarm20-6-20260810-14:59:40-740152,Swarm20,6,6,6,sha3,20,,,,8,static,500.0,120.0,500.0,120.0,0.0,2.283024,module=UavAuthNetwork.uav[8]; config=Swarm20
3309,Swarm20-6-20260810-14:59:40-740152,Swarm20,6,6,6,sha3,20,,,,9,static,500.0,230.0,500.0,230.0,0.0,2.212924,module=UavAuthNetwork.uav[9]; config=Swarm20
3310,Swarm20-6-20260810-14:59:40-740152,Swarm20,6,6,6,sha3,20,,,,10,static,275.0,175.0,275.0,175.0,0.0,2.258007,module=UavAuthNetwork.uav[10]; config=Swarm20
3311,Swarm20-6-20260810-14:59:40-740152,Swarm20,6,6,6,sha3,20,,,,11,static,275.0,175.0,275.0,175.0,0.0,2.190722,module=UavAuthNetwork.uav[11]; config=Swarm20
3312,Swarm20-6-20260810-14:59:40-740152,Swarm20,6,6,6,sha3,20,,,,12,static,275.0,175.0,275.0,175.0,0.0,2.237975,module=UavAuthNetwork.uav[12]; config=Swarm20
3313,Swarm20-6-20260810-14:59:40-740152,Swarm20,6,6,6,sha3,20,,,,13,static,275.0,175.0,275.0,175.0,0.0,2.221502,module=UavAuthNetwork.uav[13]; config=Swarm20
3314,Swarm20-6-20260810-14:59:40-740152,Swarm20,6,6,6,sha3,20,,,,14,static,275.0,175.0,275.0,175.0,0.0,2.207856,module=UavAuthNetwork.uav[14]; config=Swarm20
3315,Swarm20-6-20260810-14:59:40-740152,Swarm20,6,6,6,sha3,20,,,,15,static,275.0,175.0,275.0,175.0,0.0,2.219014,module=UavAuthNetwork.uav[15]; config=Swarm20
3316,Swarm20-6-20260810-14:59:40-740152,Swarm20,6,6,6,sha3,20,,,,16,static,275.0,175.0,275.0,175.0,0.0,2.187574,module=UavAuthNetwork.uav[16]; config=Swarm20
3317,Swarm20-6-20260810-14:59:40-740152,Swarm20,6,6,6,sha3,20,,,,17,static,275.0,175.0,275.0,175.0,0.0,2.210098,module=UavAuthNetwork.uav[17]; config=Swarm20
3318,Swarm20-6-20260810-14:59:40-740152,Swarm20,6,6,6,sha3,20,,,,18,static,275.0,175.0,275.0,175.0,0.0,2.259168,module=UavAuthNetwork.uav[18]; config=Swarm20
3319,Swarm20-6-20260810-14:59:40-740152,Swarm20,6,6,6,sha3,20,,,,19,static,275.0,175.0,275.0,175.0,0.0,2.262512,module=UavAuthNetwork.uav[19]; config=Swarm20
3320,Swarm20-7-20260810-14:59:40-740152,Swarm20,7,7,7,sha3,20,,,,0,static,100.0,50.0,100.0,50.0,0.0,2.194566,module=UavAuthNetwork.uav[0]; config=Swarm20
3321,Swarm20-7-20260810-14:59:40-740152,Swarm20,7,7,7,sha3,20,,,,1,static,275.0,50.0,275.0,50.0,0.0,2.243103,module=UavAuthNetwork.uav[1]; config=Swarm20
3322,Swarm20-7-20260810-14:59:40-740152,Swarm20,7,7,7,sha3,20,,,,2,static,450.0,50.0,450.0,50.0,0.0,2.197964,module=UavAuthNetwork.uav[2]; config=Swarm20
3323,Swarm20-7-20260810-14:59:40-740152,Swarm20,7,7,7,sha3,20,,,,3,static,100.0,300.0,100.0,300.0,0.0,2.228663,module=UavAuthNetwork.uav[3]; config=Swarm20
3324,Swarm20-7-20260810-14:59:40-740152,Swarm20,7,7,7,sha3,20,,,,4,static,275.0,300.0,275.0,300.0,0.0,2.230914,module=UavAuthNetwork.uav[4]; config=Swarm20
3325,Swarm20-7-20260810-14:59:40-740152,Swarm20,7,7,7,sha3,20,,,,5,static,450.0,300.0,450.0,300.0,0.0,2.253235,module=UavAuthNetwork.uav[5]; config=Swarm20
3326,Swarm20-7-20260810-14:59:40-740152,Swarm20,7,7,7,sha3,20,,,,6,static,50.0,120.0,50.0,120.0,0.0,2.247453,module=UavAuthNetwork.uav[6]; config=Swarm20
3327,Swarm20-7-20260810-14:59:40-740152,Swarm20,7,7,7,sha3,20,,,,7,static,50.0,230.0,50.0,230.0,0.0,2.234046,module=UavAuthNetwork.uav[7]; config=Swarm20
3328,Swarm20-7-20260810-14:59:40-740152,Swarm20,7,7,7,sha3,20,,,,8,static,500.0,120.0,500.0,120.0,0.0,2.213071,module=UavAuthNetwork.uav[8]; config=Swarm20
3329,Swarm20-7-20260810-14:59:40-740152,Swarm20,7,7,7,sha3,20,,,,9,static,500.0,230.0,500.0,230.0,0.0,2.204384,module=UavAuthNetwork.uav[9]; config=Swarm20
3330,Swarm20-7-20260810-14:59:40-740152,Swarm20,7,7,7,sha3,20,,,,10,static,275.0,175.0,275.0,175.0,0.0,2.252694,module=UavAuthNetwork.uav[10]; config=Swarm20
3331,Swarm20-7-20260810-14:59:40-740152,Swarm20,7,7,7,sha3,20,,,,11,static,275.0,175.0,275.0,175.0,0.0,2.241871,module=UavAuthNetwork.uav[11]; config=Swarm20
3332,Swarm20-7-20260810-14:59:40-740152,Swarm20,7,7,7,sha3,20,,,,12,static,275.0,175.0,275.0,175.0,0.0,2.253364,module=UavAuthNetwork.uav[12]; config=Swarm20
3333,Swarm20-7-20260810-14:59:40-740152,Swarm20,7,7,7,sha3,20,,,,13,static,275.0,175.0,275.0,175.0,0.0,2.252838,module=UavAuthNetwork.uav[13]; config=Swarm20
3334,Swarm20-7-20260810-14:59:40-740152,Swarm20,7,7,7,sha3,20,,,,14,static,275.0,175.0,275.0,175.0,0.0,2.214676,module=UavAuthNetwork.uav[14]; config=Swarm20
3335,Swarm20-7-20260810-14:59:40-740152,Swarm20,7,7,7,sha3,20,,,,15,static,275.0,175.0,275.0,175.0,0.0,2.236874,module=UavAuthNetwork.uav[15]; config=Swarm20
3336,Swarm20-7-20260810-14:59:40-740152,Swarm20,7,7,7,sha3,20,,,,16,static,275.0,175.0,275.0,175.0,0.0,2.224183,module=UavAuthNetwork.uav[16]; config=Swarm20
3337,Swarm20-7-20260810-14:59:40-740152,Swarm20,7,7,7,sha3,20,,,,17,static,275.0,175.0,275.0,175.0,0.0,2.279254,module=UavAuthNetwork.uav[17]; config=Swarm20
3338,Swarm20-7-20260810-14:59:40-740152,Swarm20,7,7,7,sha3,20,,,,18,static,275.0,175.0,275.0,175.0,0.0,2.231623,module=UavAuthNetwork.uav[18]; config=Swarm20
3339,Swarm20-7-20260810-14:59:40-740152,Swarm20,7,7,7,sha3,20,,,,19,static,275.0,175.0,275.0,175.0,0.0,2.227041,module=UavAuthNetwork.uav[19]; config=Swarm20
3340,Swarm20-8-20260810-14:59:40-740152,Swarm20,8,8,8,sha3,20,,,,0,static,100.0,50.0,100.0,50.0,0.0,2.230244,module=UavAuthNetwork.uav[0]; config=Swarm20
3341,Swarm20-8-20260810-14:59:40-740152,Swarm20,8,8,8,sha3,20,,,,1,static,275.0,50.0,275.0,50.0,0.0,2.229867,module=UavAuthNetwork.uav[1]; config=Swarm20
3342,Swarm20-8-20260810-14:59:40-740152,Swarm20,8,8,8,sha3,20,,,,2,static,450.0,50.0,450.0,50.0,0.0,2.217043,module=UavAuthNetwork.uav[2]; config=Swarm20
3343,Swarm20-8-20260810-14:59:40-740152,Swarm20,8,8,8,sha3,20,,,,3,static,100.0,300.0,100.0,300.0,0.0,2.238321,module=UavAuthNetwork.uav[3]; config=Swarm20
3344,Swarm20-8-20260810-14:59:40-740152,Swarm20,8,8,8,sha3,20,,,,4,static,275.0,300.0,275.0,300.0,0.0,2.244741,module=UavAuthNetwork.uav[4]; config=Swarm20
3345,Swarm20-8-20260810-14:59:40-740152,Swarm20,8,8,8,sha3,20,,,,5,static,450.0,300.0,450.0,300.0,0.0,2.233273,module=UavAuthNetwork.uav[5]; config=Swarm20
3346,Swarm20-8-20260810-14:59:40-740152,Swarm20,8,8,8,sha3,20,,,,6,static,50.0,120.0,50.0,120.0,0.0,2.243284,module=UavAuthNetwork.uav[6]; config=Swarm20
3347,Swarm20-8-20260810-14:59:40-740152,Swarm20,8,8,8,sha3,20,,,,7,static,50.0,230.0,50.0,230.0,0.0,2.231892,module=UavAuthNetwork.uav[7]; config=Swarm20
3348,Swarm20-8-20260810-14:59:40-740152,Swarm20,8,8,8,sha3,20,,,,8,static,500.0,120.0,500.0,120.0,0.0,2.20928,module=UavAuthNetwork.uav[8]; config=Swarm20
3349,Swarm20-8-20260810-14:59:40-740152,Swarm20,8,8,8,sha3,20,,,,9,static,500.0,230.0,500.0,230.0,0.0,2.196869,module=UavAuthNetwork.uav[9]; config=Swarm20
3350,Swarm20-8-20260810-14:59:40-740152,Swarm20,8,8,8,sha3,20,,,,10,static,275.0,175.0,275.0,175.0,0.0,2.219038,module=UavAuthNetwork.uav[10]; config=Swarm20
3351,Swarm20-8-20260810-14:59:40-740152,Swarm20,8,8,8,sha3,20,,,,11,static,275.0,175.0,275.0,175.0,0.0,2.234417,module=UavAuthNetwork.uav[11]; config=Swarm20
3352,Swarm20-8-20260810-14:59:40-740152,Swarm20,8,8,8,sha3,20,,,,12,static,275.0,175.0,275.0,175.0,0.0,2.244043,module=UavAuthNetwork.uav[12]; config=Swarm20
3353,Swarm20-8-20260810-14:59:40-740152,Swarm20,8,8,8,sha3,20,,,,13,static,275.0,175.0,275.0,175.0,0.0,2.219111,module=UavAuthNetwork.uav[13]; config=Swarm20
3354,Swarm20-8-20260810-14:59:40-740152,Swarm20,8,8,8,sha3,20,,,,14,static,275.0,175.0,275.0,175.0,0.0,2.207136,module=UavAuthNetwork.uav[14]; config=Swarm20
3355,Swarm20-8-20260810-14:59:40-740152,Swarm20,8,8,8,sha3,20,,,,15,static,275.0,175.0,275.0,175.0,0.0,2.210345,module=UavAuthNetwork.uav[15]; config=Swarm20
3356,Swarm20-8-20260810-14:59:40-740152,Swarm20,8,8,8,sha3,20,,,,16,static,275.0,175.0,275.0,175.0,0.0,2.198806,module=UavAuthNetwork.uav[16]; config=Swarm20
3357,Swarm20-8-20260810-14:59:40-740152,Swarm20,8,8,8,sha3,20,,,,17,static,275.0,175.0,275.0,175.0,0.0,2.243749,module=UavAuthNetwork.uav[17]; config=Swarm20
3358,Swarm20-8-20260810-14:59:40-740152,Swarm20,8,8,8,sha3,20,,,,18,static,275.0,175.0,275.0,175.0,0.0,2.239503,module=UavAuthNetwork.uav[18]; config=Swarm20
3359,Swarm20-8-20260810-14:59:40-740152,Swarm20,8,8,8,sha3,20,,,,19,static,275.0,175.0,275.0,175.0,0.0,2.221009,module=UavAuthNetwork.uav[19]; config=Swarm20
3360,Swarm20-9-20260810-14:59:40-740152,Swarm20,9,9,9,sha3,20,,,,0,static,100.0,50.0,100.0,50.0,0.0,2.192732,module=UavAuthNetwork.uav[0]; config=Swarm20
3361,Swarm20-9-20260810-14:59:40-740152,Swarm20,9,9,9,sha3,20,,,,1,static,275.0,50.0,275.0,50.0,0.0,2.202924,module=UavAuthNetwork.uav[1]; config=Swarm20
3362,Swarm20-9-20260810-14:59:40-740152,Swarm20,9,9,9,sha3,20,,,,2,static,450.0,50.0,450.0,50.0,0.0,2.220349,module=UavAuthNetwork.uav[2]; config=Swarm20
3363,Swarm20-9-20260810-14:59:40-740152,Swarm20,9,9,9,sha3,20,,,,3,static,100.0,300.0,100.0,300.0,0.0,2.199651,module=UavAuthNetwork.uav[3]; config=Swarm20
3364,Swarm20-9-20260810-14:59:40-740152,Swarm20,9,9,9,sha3,20,,,,4,static,275.0,300.0,275.0,300.0,0.0,2.221048,module=UavAuthNetwork.uav[4]; config=Swarm20
3365,Swarm20-9-20260810-14:59:40-740152,Swarm20,9,9,9,sha3,20,,,,5,static,450.0,300.0,450.0,300.0,0.0,2.237971,module=UavAuthNetwork.uav[5]; config=Swarm20
3366,Swarm20-9-20260810-14:59:40-740152,Swarm20,9,9,9,sha3,20,,,,6,static,50.0,120.0,50.0,120.0,0.0,2.275363,module=UavAuthNetwork.uav[6]; config=Swarm20
3367,Swarm20-9-20260810-14:59:40-740152,Swarm20,9,9,9,sha3,20,,,,7,static,50.0,230.0,50.0,230.0,0.0,2.230855,module=UavAuthNetwork.uav[7]; config=Swarm20
3368,Swarm20-9-20260810-14:59:40-740152,Swarm20,9,9,9,sha3,20,,,,8,static,500.0,120.0,500.0,120.0,0.0,2.180135,module=UavAuthNetwork.uav[8]; config=Swarm20
3369,Swarm20-9-20260810-14:59:40-740152,Swarm20,9,9,9,sha3,20,,,,9,static,500.0,230.0,500.0,230.0,0.0,2.218554,module=UavAuthNetwork.uav[9]; config=Swarm20
3370,Swarm20-9-20260810-14:59:40-740152,Swarm20,9,9,9,sha3,20,,,,10,static,275.0,175.0,275.0,175.0,0.0,2.249615,module=UavAuthNetwork.uav[10]; config=Swarm20
3371,Swarm20-9-20260810-14:59:40-740152,Swarm20,9,9,9,sha3,20,,,,11,static,275.0,175.0,275.0,175.0,0.0,2.214129,module=UavAuthNetwork.uav[11]; config=Swarm20
3372,Swarm20-9-20260810-14:59:40-740152,Swarm20,9,9,9,sha3,20,,,,12,static,275.0,175.0,275.0,175.0,0.0,2.212063,module=UavAuthNetwork.uav[12]; config=Swarm20
3373,Swarm20-9-20260810-14:59:40-740152,Swarm20,9,9,9,sha3,20,,,,13,static,275.0,175.0,275.0,175.0,0.0,2.249028,module=UavAuthNetwork.uav[13]; config=Swarm20
3374,Swarm20-9-20260810-14:59:40-740152,Swarm20,9,9,9,sha3,20,,,,14,static,275.0,175.0,275.0,175.0,0.0,2.219477,module=UavAuthNetwork.uav[14]; config=Swarm20
3375,Swarm20-9-20260810-14:59:40-740152,Swarm20,9,9,9,sha3,20,,,,15,static,275.0,175.0,275.0,175.0,0.0,2.178849,module=UavAuthNetwork.uav[15]; config=Swarm20
3376,Swarm20-9-20260810-14:59:40-740152,Swarm20,9,9,9,sha3,20,,,,16,static,275.0,175.0,275.0,175.0,0.0,2.242361,module=UavAuthNetwork.uav[16]; config=Swarm20
3377,Swarm20-9-20260810-14:59:40-740152,Swarm20,9,9,9,sha3,20,,,,17,static,275.0,175.0,275.0,175.0,0.0,2.233771,module=UavAuthNetwork.uav[17]; config=Swarm20
3378,Swarm20-9-20260810-14:59:40-740152,Swarm20,9,9,9,sha3,20,,,,18,static,275.0,175.0,275.0,175.0,0.0,2.206853,module=UavAuthNetwork.uav[18]; config=Swarm20
3379,Swarm20-9-20260810-14:59:40-740152,Swarm20,9,9,9,sha3,20,,,,19,static,275.0,175.0,275.0,175.0,0.0,2.211385,module=UavAuthNetwork.uav[19]; config=Swarm20
