idx,success,latency_ms,compute_ms,net_ms,overhead_bytes,hash_mode,details,m1_uav_compute_ms,m1_gs_compute_ms,m1_net_ms,m2_uav_verify_ms,m2_net_ms,puf_eval_ms,bch_ms,m3_uav_compute_ms,m3_gs_compute_ms,m3_net_ms,m4_uav_compute_ms,m4_net_ms,config,run_id,uav_id,row_uid,runnumber,repetition,seedset,suite,num_uavs,puf_ber,fe_profile,attack_mode,wall_latency_ms,fe_rep_ms,mac_ms,kdf_ms,dh_ms,aead_ms,gs_mac_ms,gs_kdf_ms,gs_dh_ms,gs_aead_ms,bytes_m1,bytes_m2,bytes_m3,bytes_m4,ephemeral_erased,replay_cache_hits
0,1,2.512476,1.434297,1.078179,777,sha3,OMNeT++; module=UavAuthNetwork.uav[0]; config=ArbiterPuf,1.233504,0.051035,0.256671,0.094245,0.249728,0.828744,0.186706,0.094245,0.142975,0.183693,0.012303,0.828452,ArbiterPuf,ArbiterPuf-0-20260922-20:31:50-1127388,0,ArbiterPuf-0-20260922-20:31:50-1127388|phase2|0,0,0,0,sha3,10,,,,1.518543,0.186706,0.010932,0.01128,0.262515,0.003937,0.008095,0.011051,0.098452,0.017753,104,85,43,545,1,0
1,1,2.367092,1.285039,1.082053,777,sha3,OMNeT++; module=UavAuthNetwork.uav[1]; config=ArbiterPuf,1.119423,0.04856,0.251082,0.076441,0.240244,0.818936,0.23238,0.076441,0.126394,0.166001,0.012734,0.841809,ArbiterPuf,ArbiterPuf-0-20260922-20:31:50-1127388,1,ArbiterPuf-0-20260922-20:31:50-1127388|phase2|1,0,0,0,sha3,10,,,,1.499136,0.23238,0.007223,0.01075,0.100546,0.002905,0.007254,0.010329,0.097591,0.002685,104,85,43,545,1,0
2,1,2.325171,1.271703,1.053468,777,sha3,OMNeT++; module=UavAuthNetwork.uav[2]; config=ArbiterPuf,1.102731,0.047929,0.244435,0.079607,0.225942,0.825008,0.206632,0.079607,0.142925,0.174349,0.009758,0.827526,ArbiterPuf,ArbiterPuf-0-20260922-20:31:50-1127388,2,ArbiterPuf-0-20260922-20:31:50-1127388|phase2|2,0,0,0,sha3,10,,,,1.472252,0.206632,0.007145,0.010429,0.106447,0.001643,0.007153,0.011991,0.111736,0.002695,104,85,43,545,1,0
3,1,2.379082,1.318982,1.0601,777,sha3,OMNeT++; module=UavAuthNetwork.uav[3]; config=ArbiterPuf,1.153035,0.065832,0.270952,0.078325,0.230351,0.868949,0.208366,0.078325,0.128167,0.16277,0.009297,0.829749,ArbiterPuf,ArbiterPuf-0-20260922-20:31:50-1127388,3,ArbiterPuf-0-20260922-20:31:50-1127388|phase2|3,0,0,0,sha3,10,,,,1.493821,0.208366,0.008055,0.01089,0.108902,0.001523,0.009108,0.014707,0.109984,0.002665,104,85,43,545,1,0
4,1,2.452718,1.345509,1.107209,777,sha3,OMNeT++; module=UavAuthNetwork.uav[4]; config=ArbiterPuf,1.171027,0.049462,0.241588,0.082282,0.257305,0.892772,0.207755,0.082282,0.135431,0.189083,0.009918,0.849904,ArbiterPuf,ArbiterPuf-0-20260922-20:31:50-1127388,4,ArbiterPuf-0-20260922-20:31:50-1127388|phase2|4,0,0,0,sha3,10,,,,1.53788,0.207755,0.007404,0.015018,0.10341,0.001813,0.007624,0.011241,0.099054,0.006172,104,85,43,545,1,0
5,1,2.382249,1.306349,1.0759,777,sha3,OMNeT++; module=UavAuthNetwork.uav[5]; config=ArbiterPuf,1.127237,0.049312,0.245457,0.084697,0.227226,0.841398,0.21618,0.084697,0.132114,0.164536,0.009718,0.848674,ArbiterPuf,ArbiterPuf-0-20260922-20:31:50-1127388,5,ArbiterPuf-0-20260922-20:31:50-1127388|phase2|5,0,0,0,sha3,10,,,,1.485893,0.21618,0.007555,0.011461,0.108942,0.001563,0.007575,0.01109,0.100066,0.002524,104,85,43,545,1,0
6,1,2.425537,1.341313,1.084224,777,sha3,OMNeT++; module=UavAuthNetwork.uav[6]; config=ArbiterPuf,1.176919,0.050213,0.252117,0.077343,0.244646,0.899155,0.203747,0.077343,0.128217,0.172502,0.009708,0.839578,ArbiterPuf,ArbiterPuf-0-20260922-20:31:50-1127388,6,ArbiterPuf-0-20260922-20:31:50-1127388|phase2|6,0,0,0,sha3,10,,,,1.508843,0.203747,0.007494,0.011381,0.102309,0.001673,0.007614,0.01127,0.098051,0.003145,104,85,43,545,1,0
7,1,2.310453,1.258892,1.051561,777,sha3,OMNeT++; module=UavAuthNetwork.uav[7]; config=ArbiterPuf,1.087173,0.047919,0.242171,0.081251,0.214395,0.829626,0.191043,0.081251,0.132195,0.188,0.009217,0.837166,ArbiterPuf,ArbiterPuf-0-20260922-20:31:50-1127388,7,ArbiterPuf-0-20260922-20:31:50-1127388|phase2|7,0,0,0,sha3,10,,,,1.481733,0.191043,0.007152,0.01048,0.104413,0.001482,0.007143,0.010479,0.097901,0.002184,104,85,43,545,1,0
8,1,2.320131,1.255756,1.064375,777,sha3,OMNeT++; module=UavAuthNetwork.uav[8]; config=ArbiterPuf,1.093995,0.048089,0.258842,0.076282,0.223481,0.829626,0.193438,0.076282,0.125732,0.217914,0.009197,0.840894,ArbiterPuf,ArbiterPuf-0-20260922-20:31:50-1127388,8,ArbiterPuf-0-20260922-20:31:50-1127388|phase2|8,0,0,0,sha3,10,,,,1.541131,0.193438,0.007243,0.010168,0.104474,0.001503,0.007183,0.010428,0.097701,0.002124,104,85,43,545,1,0
9,1,2.331285,1.254763,1.076522,777,sha3,OMNeT++; module=UavAuthNetwork.uav[9]; config=ArbiterPuf,1.093764,0.047488,0.263986,0.076061,0.224282,0.832842,0.195091,0.076061,0.125322,0.158638,0.008877,0.852241,ArbiterPuf,ArbiterPuf-0-20260922-20:31:50-1127388,9,ArbiterPuf-0-20260922-20:31:50-1127388|phase2|9,0,0,0,sha3,10,,,,1.499146,0.195091,0.007132,0.010299,0.099655,0.001392,0.007114,0.010229,0.0978,0.002094,104,85,43,545,1,0
10,1,2.409427,1.352953,1.056474,777,sha3,OMNeT++; module=UavAuthNetwork.uav[0]; config=ArbiterPuf,1.179844,0.054351,0.268297,0.08137,0.224628,0.880701,0.207363,0.08137,0.142674,0.158713,0.010369,0.831845,ArbiterPuf,ArbiterPuf-1-20260922-20:31:51-1127388,0,ArbiterPuf-1-20260922-20:31:51-1127388|phase2|0,1,1,1,sha3,10,,,,1.483483,0.207363,0.008065,0.011601,0.117708,0.002044,0.007604,0.012563,0.098863,0.01647,104,85,43,545,1,0
11,1,2.311059,1.25428,1.056779,777,sha3,OMNeT++; module=UavAuthNetwork.uav[1]; config=ArbiterPuf,1.081823,0.047999,0.264262,0.08147,0.225093,0.819297,0.194259,0.08147,0.127205,0.175273,0.009517,0.831686,ArbiterPuf,ArbiterPuf-1-20260922-20:31:51-1127388,1,ArbiterPuf-1-20260922-20:31:51-1127388|phase2|1,1,1,1,sha3,10,,,,1.496314,0.194259,0.007325,0.01074,0.105325,0.001513,0.007293,0.010679,0.098252,0.002364,104,85,43,545,1,0
12,1,2.436409,1.347184,1.089225,777,sha3,OMNeT++; module=UavAuthNetwork.uav[2]; config=ArbiterPuf,1.180706,0.049922,0.252213,0.078245,0.236517,0.849212,0.258699,0.078245,0.128858,0.169952,0.009988,0.852708,ArbiterPuf,ArbiterPuf-1-20260922-20:31:51-1127388,2,ArbiterPuf-1-20260922-20:31:51-1127388|phase2|2,1,1,1,sha3,10,,,,1.51139,0.258699,0.007634,0.011752,0.103612,0.001833,0.007725,0.01084,0.098934,0.003296,104,85,43,545,1,0
13,1,2.325223,1.250255,1.074968,777,sha3,OMNeT++; module=UavAuthNetwork.uav[3]; config=ArbiterPuf,1.081302,0.048019,0.252408,0.079848,0.246567,0.828494,0.18411,0.079848,0.125923,0.165107,0.009257,0.828402,ArbiterPuf,ArbiterPuf-1-20260922-20:31:51-1127388,3,ArbiterPuf-1-20260922-20:31:51-1127388|phase2|3,1,1,1,sha3,10,,,,1.492483,0.18411,0.008095,0.010489,0.101308,0.001453,0.007203,0.01055,0.097831,0.002214,104,85,43,545,1,0
14,1,2.304225,1.24268,1.061545,777,sha3,OMNeT++; module=UavAuthNetwork.uav[4]; config=ArbiterPuf,1.08066,0.0483,0.271349,0.076211,0.216598,0.827853,0.186014,0.076211,0.133717,0.179885,0.009598,0.844948,ArbiterPuf,ArbiterPuf-1-20260922-20:31:51-1127388,4,ArbiterPuf-1-20260922-20:31:51-1127388|phase2|4,1,1,1,sha3,10,,,,1.51278,0.186014,0.007244,0.010259,0.099304,0.001543,0.007174,0.010789,0.104794,0.002274,104,85,43,545,1,0
15,1,2.340578,1.258139,1.082439,777,sha3,OMNeT++; module=UavAuthNetwork.uav[5]; config=ArbiterPuf,1.095107,0.053029,0.242388,0.076822,0.216014,0.82125,0.206622,0.076822,0.127847,0.159153,0.009388,0.866426,ArbiterPuf,ArbiterPuf-1-20260922-20:31:51-1127388,5,ArbiterPuf-1-20260922-20:31:51-1127388|phase2|5,1,1,1,sha3,10,,,,1.483981,0.206622,0.007264,0.01056,0.099905,0.001623,0.007305,0.01048,0.102409,0.002094,104,85,43,545,1,0
16,1,2.318541,1.244013,1.074528,777,sha3,OMNeT++; module=UavAuthNetwork.uav[6]; config=ArbiterPuf,1.081622,0.048049,0.283112,0.076652,0.221452,0.818766,0.196083,0.076652,0.126273,0.202522,0.009087,0.853076,ArbiterPuf,ArbiterPuf-1-20260922-20:31:51-1127388,6,ArbiterPuf-1-20260922-20:31:51-1127388|phase2|6,1,1,1,sha3,10,,,,1.560162,0.196083,0.007114,0.010459,0.100225,0.001452,0.007203,0.010439,0.097571,0.002094,104,85,43,545,1,0
17,1,2.332891,1.255726,1.077165,777,sha3,OMNeT++; module=UavAuthNetwork.uav[7]; config=ArbiterPuf,1.083055,0.04856,0.244929,0.081812,0.225607,0.830367,0.187107,0.081812,0.126334,0.185028,0.009047,0.851558,ArbiterPuf,ArbiterPuf-1-20260922-20:31:51-1127388,7,ArbiterPuf-1-20260922-20:31:51-1127388|phase2|7,1,1,1,sha3,10,,,,1.507122,0.187107,0.011932,0.0105,0.099323,0.001392,0.007123,0.010299,0.099004,0.002044,104,85,43,545,1,0
18,1,2.377693,1.255623,1.12207,777,sha3,OMNeT++; module=UavAuthNetwork.uav[8]; config=ArbiterPuf,1.084688,0.047998,0.255804,0.080919,0.244446,0.828995,0.190593,0.080919,0.126153,0.173615,0.009097,0.877624,ArbiterPuf,ArbiterPuf-1-20260922-20:31:51-1127388,8,ArbiterPuf-1-20260922-20:31:51-1127388|phase2|8,1,1,1,sha3,10,,,,1.55149,0.190593,0.007084,0.01018,0.103921,0.001422,0.007133,0.01069,0.097681,0.001934,104,85,43,545,1,0
19,1,2.314963,1.240598,1.074365,777,sha3,OMNeT++; module=UavAuthNetwork.uav[9]; config=ArbiterPuf,1.076733,0.047187,0.246992,0.077474,0.223261,0.824596,0.185854,0.077474,0.125382,0.161871,0.008917,0.851104,ArbiterPuf,ArbiterPuf-1-20260922-20:31:51-1127388,9,ArbiterPuf-1-20260922-20:31:51-1127388|phase2|9,1,1,1,sha3,10,,,,1.483228,0.185854,0.007223,0.0105,0.100466,0.001383,0.007124,0.010299,0.0977,0.001883,104,85,43,545,1,0
20,1,2.362825,1.290969,1.071856,777,sha3,OMNeT++; module=UavAuthNetwork.uav[0]; config=ArbiterPuf,1.116677,0.049983,0.271861,0.081621,0.220613,0.840346,0.192757,0.081621,0.141622,0.180079,0.01105,0.851243,ArbiterPuf,ArbiterPuf-10-20260922-20:31:56-1127388,0,ArbiterPuf-10-20260922-20:31:56-1127388|phase2|0,10,10,10,sha3,10,,,,1.523796,0.192757,0.007876,0.01076,0.117107,0.002033,0.007824,0.01058,0.099294,0.014948,104,85,43,545,1,0
21,1,2.332725,1.259543,1.073182,777,sha3,OMNeT++; module=UavAuthNetwork.uav[1]; config=ArbiterPuf,1.086441,0.047848,0.246353,0.081812,0.244752,0.827923,0.190632,0.081812,0.127456,0.16052,0.009478,0.828429,ArbiterPuf,ArbiterPuf-10-20260922-20:31:56-1127388,1,ArbiterPuf-10-20260922-20:31:56-1127388|phase2|1,10,10,10,sha3,10,,,,1.480055,0.190632,0.007275,0.01048,0.105224,0.001513,0.007384,0.010569,0.098271,0.002124,104,85,43,545,1,0
22,1,2.361226,1.271364,1.089862,777,sha3,OMNeT++; module=UavAuthNetwork.uav[2]; config=ArbiterPuf,1.101289,0.04831,0.257365,0.080469,0.241705,0.829936,0.194701,0.080469,0.125853,0.177806,0.009137,0.848157,ArbiterPuf,ArbiterPuf-10-20260922-20:31:56-1127388,2,ArbiterPuf-10-20260922-20:31:56-1127388|phase2|2,10,10,10,sha3,10,,,,1.525032,0.194701,0.016833,0.010418,0.103813,0.001503,0.007203,0.01065,0.097801,0.001984,104,85,43,545,1,0
23,1,2.336769,1.273097,1.063672,777,sha3,OMNeT++; module=UavAuthNetwork.uav[3]; config=ArbiterPuf,1.08584,0.047098,0.239393,0.088935,0.214147,0.827151,0.191795,0.088935,0.131774,0.164677,0.009387,0.849525,ArbiterPuf,ArbiterPuf-10-20260922-20:31:56-1127388,3,ArbiterPuf-10-20260922-20:31:56-1127388|phase2|3,10,10,10,sha3,10,,,,1.467742,0.191795,0.007222,0.018174,0.104353,0.001482,0.007554,0.010279,0.102841,0.002043,104,85,43,545,1,0
24,1,2.295031,1.252969,1.042062,777,sha3,OMNeT++; module=UavAuthNetwork.uav[4]; config=ArbiterPuf,1.0912,0.047698,0.243489,0.076371,0.214543,0.828835,0.196534,0.076371,0.126083,0.170936,0.009027,0.827519,ArbiterPuf,ArbiterPuf-10-20260922-20:31:56-1127388,4,ArbiterPuf-10-20260922-20:31:56-1127388|phase2|4,10,10,10,sha3,10,,,,1.456487,0.196534,0.007074,0.01036,0.099574,0.001403,0.007153,0.01037,0.097501,0.002014,104,85,43,545,1,0
25,1,2.32043,1.239393,1.081037,777,sha3,OMNeT++; module=UavAuthNetwork.uav[5]; config=ArbiterPuf,1.078406,0.047057,0.263438,0.07585,0.246385,0.828033,0.184812,0.07585,0.126394,0.17407,0.009287,0.834652,ArbiterPuf,ArbiterPuf-10-20260922-20:31:56-1127388,5,ArbiterPuf-10-20260922-20:31:56-1127388|phase2|5,10,10,10,sha3,10,,,,1.518545,0.184812,0.007104,0.010419,0.098703,0.001483,0.007064,0.010309,0.09758,0.001863,104,85,43,545,1,0
26,1,2.310242,1.248722,1.06152,777,sha3,OMNeT++; module=UavAuthNetwork.uav[6]; config=ArbiterPuf,1.085319,0.055804,0.268554,0.077143,0.222836,0.829566,0.189901,0.077143,0.125964,0.175809,0.009117,0.838684,ArbiterPuf,ArbiterPuf-10-20260922-20:31:56-1127388,6,ArbiterPuf-10-20260922-20:31:56-1127388|phase2|6,10,10,10,sha3,10,,,,1.505884,0.189901,0.007093,0.010849,0.099595,0.001473,0.007485,0.01054,0.104734,0.002094,104,85,43,545,1,0
27,1,2.346737,1.260384,1.086353,777,sha3,OMNeT++; module=UavAuthNetwork.uav[7]; config=ArbiterPuf,1.088745,0.047188,0.24798,0.081311,0.228001,0.828674,0.193899,0.081311,0.126204,0.164701,0.009017,0.858351,ArbiterPuf,ArbiterPuf-10-20260922-20:31:56-1127388,7,ArbiterPuf-10-20260922-20:31:56-1127388|phase2|7,10,10,10,sha3,10,,,,1.499033,0.193899,0.007173,0.01043,0.104123,0.001423,0.007123,0.010239,0.09756,0.001933,104,85,43,545,1,0
28,1,2.339371,1.238493,1.100878,777,sha3,OMNeT++; module=UavAuthNetwork.uav[8]; config=ArbiterPuf,1.076272,0.047528,0.257795,0.076532,0.232546,0.820659,0.189751,0.076532,0.126494,0.171144,0.009157,0.868331,ArbiterPuf,ArbiterPuf-10-20260922-20:31:56-1127388,8,ArbiterPuf-10-20260922-20:31:56-1127388|phase2|8,10,10,10,sha3,10,,,,1.529817,0.189751,0.007172,0.010438,0.099324,0.001413,0.007093,0.010349,0.09757,0.001964,104,85,43,545,1,0
29,1,2.320265,1.254423,1.065842,777,sha3,OMNeT++; module=UavAuthNetwork.uav[9]; config=ArbiterPuf,1.091902,0.047829,0.240258,0.076712,0.231153,0.830708,0.195292,0.076712,0.127046,0.18781,0.009097,0.834689,ArbiterPuf,ArbiterPuf-10-20260922-20:31:56-1127388,9,ArbiterPuf-10-20260922-20:31:56-1127388|phase2|9,10,10,10,sha3,10,,,,1.49391,0.195292,0.007222,0.01043,0.099795,0.001402,0.007164,0.010348,0.098403,0.001984,104,85,43,545,1,0
30,1,2.402639,1.314605,1.088034,777,sha3,OMNeT++; module=UavAuthNetwork.uav[0]; config=ArbiterPuf,1.130743,0.050142,0.257676,0.086521,0.224923,0.840335,0.206642,0.086521,0.136273,0.164035,0.01082,0.863111,ArbiterPuf,ArbiterPuf-11-20260922-20:31:57-1127388,0,ArbiterPuf-11-20260922-20:31:57-1127388|phase2|0,11,11,11,sha3,10,,,,1.509746,0.206642,0.008155,0.01105,0.122337,0.002174,0.007584,0.01066,0.099474,0.008807,104,85,43,545,1,0
31,1,2.38326,1.29096,1.0923,777,sha3,OMNeT++; module=UavAuthNetwork.uav[1]; config=ArbiterPuf,1.125914,0.04903,0.240961,0.077534,0.249187,0.83202,0.22145,0.077534,0.128278,0.159789,0.009978,0.843113,ArbiterPuf,ArbiterPuf-11-20260922-20:31:57-1127388,1,ArbiterPuf-11-20260922-20:31:57-1127388|phase2|1,11,11,11,sha3,10,,,,1.493051,0.22145,0.007604,0.011682,0.102369,0.001833,0.007454,0.01086,0.098212,0.003076,104,85,43,545,1,0
32,1,2.371231,1.268888,1.102343,777,sha3,OMNeT++; module=UavAuthNetwork.uav[2]; config=ArbiterPuf,1.094947,0.048651,0.247292,0.082312,0.226219,0.830437,0.196464,0.082312,0.126814,0.164414,0.009317,0.876125,ArbiterPuf,ArbiterPuf-11-20260922-20:31:57-1127388,2,ArbiterPuf-11-20260922-20:31:57-1127388|phase2|2,11,11,11,sha3,10,,,,1.51405,0.196464,0.007242,0.010489,0.105676,0.001473,0.007354,0.01066,0.098032,0.002174,104,85,43,545,1,0
33,1,2.338162,1.27462,1.063542,777,sha3,OMNeT++; module=UavAuthNetwork.uav[3]; config=ArbiterPuf,1.108993,0.049572,0.251043,0.077774,0.228673,0.829896,0.208245,0.077774,0.128578,0.167662,0.010079,0.83487,ArbiterPuf,ArbiterPuf-11-20260922-20:31:57-1127388,3,ArbiterPuf-11-20260922-20:31:57-1127388|phase2|3,11,11,11,sha3,10,,,,1.482247,0.208245,0.007585,0.011321,0.102489,0.001693,0.007353,0.0109,0.099003,0.003016,104,85,43,545,1,0
34,1,2.340614,1.260421,1.080193,777,sha3,OMNeT++; module=UavAuthNetwork.uav[4]; config=ArbiterPuf,1.098022,0.0485,0.265353,0.076591,0.221942,0.834555,0.191745,0.076591,0.126364,0.167503,0.009217,0.858251,ArbiterPuf,ArbiterPuf-11-20260922-20:31:57-1127388,4,ArbiterPuf-11-20260922-20:31:57-1127388|phase2|4,11,11,11,sha3,10,,,,1.513049,0.191745,0.007205,0.01045,0.104223,0.001443,0.007273,0.01052,0.097921,0.002024,104,85,43,545,1,0
35,1,2.337246,1.258077,1.079169,777,sha3,OMNeT++; module=UavAuthNetwork.uav[5]; config=ArbiterPuf,1.095337,0.047628,0.245965,0.076832,0.230898,0.828524,0.195111,0.076832,0.125733,0.158987,0.009076,0.848271,ArbiterPuf,ArbiterPuf-11-20260922-20:31:57-1127388,5,ArbiterPuf-11-20260922-20:31:57-1127388|phase2|5,11,11,11,sha3,10,,,,1.484121,0.195111,0.007253,0.01073,0.104003,0.001443,0.007164,0.01028,0.097661,0.002033,104,85,43,545,1,0
36,1,2.32487,1.245246,1.079624,777,sha3,OMNeT++; module=UavAuthNetwork.uav[6]; config=ArbiterPuf,1.083977,0.047708,0.244245,0.076111,0.22831,0.827853,0.190342,0.076111,0.125512,0.186199,0.009047,0.851314,ArbiterPuf,ArbiterPuf-11-20260922-20:31:57-1127388,6,ArbiterPuf-11-20260922-20:31:57-1127388|phase2|6,11,11,11,sha3,10,,,,1.510069,0.190342,0.007172,0.010279,0.098973,0.001423,0.007113,0.01038,0.097651,0.001913,104,85,43,545,1,0
37,1,2.344542,1.26383,1.080712,777,sha3,OMNeT++; module=UavAuthNetwork.uav[7]; config=ArbiterPuf,1.092522,0.047228,0.266334,0.081161,0.237234,0.829596,0.197215,0.081161,0.132686,0.191715,0.008986,0.843478,ArbiterPuf,ArbiterPuf-11-20260922-20:31:57-1127388,7,ArbiterPuf-11-20260922-20:31:57-1127388|phase2|7,11,11,11,sha3,10,,,,1.538761,0.197215,0.007065,0.010288,0.103902,0.001393,0.007023,0.015609,0.09749,0.002084,104,85,43,545,1,0
38,1,2.39018,1.324741,1.065439,777,sha3,OMNeT++; module=UavAuthNetwork.uav[8]; config=ArbiterPuf,1.162602,0.04828,0.274334,0.076481,0.224642,0.823224,0.272975,0.076481,0.127085,0.162587,0.009177,0.840797,ArbiterPuf,ArbiterPuf-11-20260922-20:31:57-1127388,8,ArbiterPuf-11-20260922-20:31:57-1127388|phase2|8,11,11,11,sha3,10,,,,1.50236,0.272975,0.007195,0.01054,0.099825,0.001443,0.007143,0.0107,0.097712,0.002184,104,85,43,545,1,0
39,1,2.34555,1.253361,1.092189,777,sha3,OMNeT++; module=UavAuthNetwork.uav[9]; config=ArbiterPuf,1.093094,0.047348,0.272615,0.07562,0.227125,0.833754,0.193829,0.07562,0.127195,0.158696,0.009027,0.865065,ArbiterPuf,ArbiterPuf-11-20260922-20:31:57-1127388,9,ArbiterPuf-11-20260922-20:31:57-1127388|phase2|9,11,11,11,sha3,10,,,,1.5235,0.193829,0.007063,0.010339,0.098814,0.001422,0.007103,0.010299,0.097611,0.002063,104,85,43,545,1,0
40,1,2.429645,1.328049,1.101596,777,sha3,OMNeT++; module=UavAuthNetwork.uav[0]; config=ArbiterPuf,1.152183,0.050403,0.25884,0.082403,0.238151,0.833643,0.234624,0.082403,0.136884,0.170008,0.01106,0.863444,ArbiterPuf,ArbiterPuf-12-20260922-20:31:57-1127388,0,ArbiterPuf-12-20260922-20:31:57-1127388|phase2|0,12,12,12,sha3,10,,,,1.530444,0.234624,0.008335,0.012733,0.116506,0.002064,0.008104,0.010851,0.100216,0.008606,104,85,43,545,1,0
41,1,2.393773,1.30712,1.086653,777,sha3,OMNeT++; module=UavAuthNetwork.uav[1]; config=ArbiterPuf,1.11253,0.047829,0.239338,0.092361,0.22682,0.8376,0.193879,0.092361,0.129179,0.163702,0.009868,0.859834,ArbiterPuf,ArbiterPuf-12-20260922-20:31:57-1127388,1,ArbiterPuf-12-20260922-20:31:57-1127388|phase2|1,12,12,12,sha3,10,,,,1.489694,0.193879,0.007294,0.011841,0.126494,0.001643,0.007503,0.0108,0.099203,0.003016,104,85,43,545,1,0
42,1,2.374478,1.278456,1.096022,777,sha3,OMNeT++; module=UavAuthNetwork.uav[2]; config=ArbiterPuf,1.115135,0.049241,0.240244,0.076952,0.23741,0.840666,0.20532,0.076952,0.127285,0.166264,0.009417,0.858612,ArbiterPuf,ArbiterPuf-12-20260922-20:31:57-1127388,2,ArbiterPuf-12-20260922-20:31:57-1127388|phase2|2,12,12,12,sha3,10,,,,1.50253,0.20532,0.007484,0.010469,0.100838,0.001543,0.007334,0.01073,0.098873,0.002404,104,85,43,545,1,0
43,1,2.338656,1.268759,1.069897,777,sha3,OMNeT++; module=UavAuthNetwork.uav[3]; config=ArbiterPuf,1.105988,0.047979,0.252143,0.076692,0.229802,0.834485,0.203997,0.076692,0.133577,0.192197,0.009387,0.840096,ArbiterPuf,ArbiterPuf-12-20260922-20:31:57-1127388,3,ArbiterPuf-12-20260922-20:31:57-1127388|phase2|3,12,12,12,sha3,10,,,,1.514237,0.203997,0.007345,0.01061,0.100005,0.001513,0.007183,0.010619,0.104664,0.002064,104,85,43,545,1,0
44,1,2.333129,1.257868,1.075261,777,sha3,OMNeT++; module=UavAuthNetwork.uav[4]; config=ArbiterPuf,1.096249,0.048079,0.266453,0.076241,0.230433,0.82638,0.202475,0.076241,0.125843,0.173944,0.009137,0.844828,ArbiterPuf,ArbiterPuf-12-20260922-20:31:57-1127388,4,ArbiterPuf-12-20260922-20:31:57-1127388|phase2|4,12,12,12,sha3,10,,,,1.515658,0.202475,0.007514,0.010419,0.099233,0.001432,0.007134,0.010448,0.09766,0.002024,104,85,43,545,1,0
45,1,2.318713,1.244625,1.074088,777,sha3,OMNeT++; module=UavAuthNetwork.uav[5]; config=ArbiterPuf,1.084558,0.047287,0.246278,0.07562,0.245427,0.825959,0.191875,0.07562,0.125582,0.223925,0.008827,0.828661,ArbiterPuf,ArbiterPuf-12-20260922-20:31:57-1127388,5,ArbiterPuf-12-20260922-20:31:57-1127388|phase2|5,12,12,12,sha3,10,,,,1.544292,0.191875,0.007102,0.010339,0.098813,0.001412,0.007122,0.010228,0.097551,0.001863,104,85,43,545,1,0
46,1,2.35246,1.256726,1.095734,777,sha3,OMNeT++; module=UavAuthNetwork.uav[6]; config=ArbiterPuf,1.094155,0.053499,0.251017,0.076722,0.264323,0.828213,0.19964,0.076722,0.126444,0.168781,0.009127,0.831411,ArbiterPuf,ArbiterPuf-12-20260922-20:31:57-1127388,6,ArbiterPuf-12-20260922-20:31:57-1127388|phase2|6,12,12,12,sha3,10,,,,1.515532,0.19964,0.007204,0.01042,0.099384,0.001453,0.007293,0.010279,0.103192,0.002003,104,85,43,545,1,0
47,1,2.36428,1.288555,1.075725,777,sha3,OMNeT++; module=UavAuthNetwork.uav[7]; config=ArbiterPuf,1.121086,0.050333,0.272544,0.078725,0.237451,0.847899,0.201974,0.078725,0.12968,0.163186,0.010019,0.838274,ArbiterPuf,ArbiterPuf-12-20260922-20:31:57-1127388,7,ArbiterPuf-12-20260922-20:31:57-1127388|phase2|7,12,12,12,sha3,10,,,,1.511455,0.201974,0.007886,0.011551,0.103581,0.001794,0.007514,0.01098,0.098984,0.003126,104,85,43,545,1,0
48,1,2.32494,1.271263,1.053677,777,sha3,OMNeT++; module=UavAuthNetwork.uav[8]; config=ArbiterPuf,1.108452,0.04861,0.251088,0.076822,0.223308,0.83736,0.203848,0.076822,0.132866,0.171433,0.009167,0.830369,ArbiterPuf,ArbiterPuf-12-20260922-20:31:57-1127388,8,ArbiterPuf-12-20260922-20:31:57-1127388|phase2|8,12,12,12,sha3,10,,,,1.476198,0.203848,0.007205,0.010549,0.099794,0.001482,0.007224,0.010659,0.09758,0.002245,104,85,43,545,1,0
49,1,2.295493,1.246078,1.049415,777,sha3,OMNeT++; module=UavAuthNetwork.uav[9]; config=ArbiterPuf,1.084087,0.047478,0.260527,0.076482,0.215956,0.822282,0.195402,0.076482,0.126333,0.163377,0.009027,0.833459,ArbiterPuf,ArbiterPuf-12-20260922-20:31:57-1127388,9,ArbiterPuf-12-20260922-20:31:57-1127388|phase2|9,12,12,12,sha3,10,,,,1.47332,0.195402,0.007094,0.01066,0.099173,0.001423,0.007173,0.010339,0.097601,0.002094,104,85,43,545,1,0
50,1,2.369474,1.29028,1.079194,777,sha3,OMNeT++; module=UavAuthNetwork.uav[0]; config=ArbiterPuf,1.117569,0.049862,0.241463,0.081131,0.225225,0.832441,0.203407,0.081131,0.134679,0.162647,0.010449,0.853969,ArbiterPuf,ArbiterPuf-13-20260922-20:31:58-1127388,0,ArbiterPuf-13-20260922-20:31:58-1127388|phase2|0,13,13,13,sha3,10,,,,1.483305,0.203407,0.007855,0.011481,0.115573,0.002084,0.007674,0.01063,0.098652,0.008446,104,85,43,545,1,0
51,1,2.311697,1.257408,1.054289,777,sha3,OMNeT++; module=UavAuthNetwork.uav[1]; config=ArbiterPuf,1.094747,0.047628,0.249729,0.076652,0.224977,0.833112,0.193558,0.076652,0.132044,0.175195,0.009357,0.829312,ArbiterPuf,ArbiterPuf-13-20260922-20:31:58-1127388,1,ArbiterPuf-13-20260922-20:31:58-1127388|phase2|1,13,13,13,sha3,10,,,,1.479212,0.193558,0.007274,0.01067,0.099945,0.001443,0.007363,0.010619,0.10255,0.002284,104,85,43,545,1,0
52,1,2.298018,1.244333,1.053685,777,sha3,OMNeT++; module=UavAuthNetwork.uav[2]; config=ArbiterPuf,1.081102,0.04833,0.248704,0.076982,0.217915,0.813386,0.200471,0.076982,0.127145,0.188824,0.009267,0.83577,ArbiterPuf,ArbiterPuf-13-20260922-20:31:58-1127388,2,ArbiterPuf-13-20260922-20:31:58-1127388|phase2|2,13,13,13,sha3,10,,,,1.491213,0.200471,0.007163,0.010549,0.100656,0.001483,0.007234,0.010589,0.098402,0.002274,104,85,43,545,1,0
53,1,2.321356,1.260952,1.060404,777,sha3,OMNeT++; module=UavAuthNetwork.uav[3]; config=ArbiterPuf,1.097622,0.047878,0.243504,0.077112,0.221175,0.83201,0.198908,0.077112,0.126704,0.160917,0.009106,0.839228,ArbiterPuf,ArbiterPuf-13-20260922-20:31:58-1127388,3,ArbiterPuf-13-20260922-20:31:58-1127388|phase2|3,13,13,13,sha3,10,,,,1.464824,0.198908,0.007184,0.010289,0.100736,0.001413,0.007203,0.01038,0.098573,0.002064,104,85,43,545,1,0
54,1,2.356181,1.267116,1.089065,777,sha3,OMNeT++; module=UavAuthNetwork.uav[4]; config=ArbiterPuf,1.103363,0.053459,0.25342,0.077313,0.244504,0.832832,0.202304,0.077313,0.129009,0.166249,0.009127,0.844561,ArbiterPuf,ArbiterPuf-13-20260922-20:31:58-1127388,4,ArbiterPuf-13-20260922-20:31:58-1127388|phase2|4,13,13,13,sha3,10,,,,1.508734,0.202304,0.007624,0.010448,0.100205,0.001452,0.007423,0.01039,0.104414,0.002034,104,85,43,545,1,0
55,1,2.313331,1.25354,1.059791,777,sha3,OMNeT++; module=UavAuthNetwork.uav[5]; config=ArbiterPuf,1.091671,0.047628,0.239833,0.076351,0.227492,0.83201,0.192346,0.076351,0.127566,0.173954,0.009167,0.832299,ArbiterPuf,ArbiterPuf-13-20260922-20:31:58-1127388,5,ArbiterPuf-13-20260922-20:31:58-1127388|phase2|5,13,13,13,sha3,10,,,,1.473578,0.192346,0.007282,0.010489,0.099444,0.001503,0.007183,0.010529,0.098362,0.001923,104,85,43,545,1,0
56,1,2.2936,1.244776,1.048824,777,sha3,OMNeT++; module=UavAuthNetwork.uav[6]; config=ArbiterPuf,1.082514,0.04876,0.255848,0.076422,0.217823,0.814467,0.197005,0.076422,0.127306,0.180746,0.009418,0.831001,ArbiterPuf,ArbiterPuf-13-20260922-20:31:58-1127388,6,ArbiterPuf-13-20260922-20:31:58-1127388|phase2|6,13,13,13,sha3,10,,,,1.485418,0.197005,0.007133,0.010469,0.103801,0.001393,0.007224,0.01085,0.09746,0.001923,104,85,43,545,1,0
57,1,2.365325,1.251688,1.113637,777,sha3,OMNeT++; module=UavAuthNetwork.uav[7]; config=ArbiterPuf,1.088926,0.047498,0.251186,0.076712,0.254909,0.82675,0.196484,0.076712,0.126424,0.172139,0.009338,0.858728,ArbiterPuf,ArbiterPuf-13-20260922-20:31:58-1127388,7,ArbiterPuf-13-20260922-20:31:58-1127388|phase2|7,13,13,13,sha3,10,,,,1.536962,0.196484,0.007084,0.010459,0.099284,0.001463,0.007063,0.010329,0.097581,0.001924,104,85,43,545,1,0
58,1,2.341057,1.25811,1.082947,777,sha3,OMNeT++; module=UavAuthNetwork.uav[8]; config=ArbiterPuf,1.096209,0.047769,0.280534,0.076362,0.233066,0.830117,0.200451,0.076362,0.126033,0.167972,0.009177,0.849882,ArbiterPuf,ArbiterPuf-13-20260922-20:31:58-1127388,8,ArbiterPuf-13-20260922-20:31:58-1127388|phase2|8,13,13,13,sha3,10,,,,1.531453,0.200451,0.007122,0.010299,0.099254,0.001462,0.007193,0.010479,0.097511,0.001863,104,85,43,545,1,0
59,1,2.349139,1.264621,1.084518,777,sha3,OMNeT++; module=UavAuthNetwork.uav[9]; config=ArbiterPuf,1.092062,0.047438,0.252162,0.081701,0.229412,0.829676,0.196353,0.081701,0.133678,0.163607,0.009157,0.855106,ArbiterPuf,ArbiterPuf-13-20260922-20:31:58-1127388,9,ArbiterPuf-13-20260922-20:31:58-1127388|phase2|9,13,13,13,sha3,10,,,,1.500287,0.196353,0.007233,0.010589,0.104874,0.001413,0.007113,0.01044,0.103511,0.002044,104,85,43,545,1,0
60,1,2.362441,1.29058,1.071861,777,sha3,OMNeT++; module=UavAuthNetwork.uav[0]; config=ArbiterPuf,1.117699,0.050343,0.254192,0.08098,0.226805,0.830277,0.204709,0.08098,0.136242,0.172157,0.010921,0.845056,ArbiterPuf,ArbiterPuf-14-20260922-20:31:58-1127388,0,ArbiterPuf-14-20260922-20:31:58-1127388|phase2|0,14,14,14,sha3,10,,,,1.49821,0.204709,0.008014,0.01119,0.116436,0.002184,0.007704,0.01106,0.099675,0.008676,104,85,43,545,1,0
61,1,2.327595,1.268517,1.059078,777,sha3,OMNeT++; module=UavAuthNetwork.uav[1]; config=ArbiterPuf,1.104244,0.048189,0.264954,0.077363,0.220771,0.836729,0.193899,0.077363,0.128047,0.170504,0.009547,0.838306,ArbiterPuf,ArbiterPuf-14-20260922-20:31:58-1127388,1,ArbiterPuf-14-20260922-20:31:58-1127388|phase2|1,14,14,14,sha3,10,,,,1.494536,0.193899,0.007524,0.010599,0.105916,0.001543,0.007373,0.010789,0.098122,0.002645,104,85,43,545,1,0
62,1,2.333949,1.266154,1.067795,777,sha3,OMNeT++; module=UavAuthNetwork.uav[2]; config=ArbiterPuf,1.103253,0.047988,0.259661,0.076752,0.228966,0.832902,0.195792,0.076752,0.126744,0.168213,0.009397,0.838829,ArbiterPuf,ArbiterPuf-14-20260922-20:31:58-1127388,2,ArbiterPuf-14-20260922-20:31:58-1127388|phase2|2,14,14,14,sha3,10,,,,1.495669,0.195792,0.007343,0.010509,0.106227,0.001482,0.007204,0.010429,0.098613,0.002144,104,85,43,545,1,0
63,1,2.359468,1.267497,1.091971,777,sha3,OMNeT++; module=UavAuthNetwork.uav[3]; config=ArbiterPuf,1.095528,0.052768,0.260087,0.081361,0.235978,0.834334,0.189952,0.081361,0.126895,0.163075,0.009247,0.855993,ArbiterPuf,ArbiterPuf-14-20260922-20:31:58-1127388,3,ArbiterPuf-14-20260922-20:31:58-1127388|phase2|3,14,14,14,sha3,10,,,,1.515133,0.189952,0.007262,0.010268,0.109423,0.001402,0.007243,0.010339,0.103351,0.002024,104,85,43,545,1,0
64,1,2.327276,1.266825,1.060451,777,sha3,OMNeT++; module=UavAuthNetwork.uav[4]; config=ArbiterPuf,1.106548,0.048169,0.258447,0.07559,0.22163,0.833402,0.202135,0.07559,0.132566,0.168925,0.009097,0.838821,ArbiterPuf,ArbiterPuf-14-20260922-20:31:58-1127388,4,ArbiterPuf-14-20260922-20:31:58-1127388|phase2|4,14,14,14,sha3,10,,,,1.487823,0.202135,0.007033,0.010179,0.103803,0.001423,0.007142,0.016199,0.097951,0.001954,104,85,43,545,1,0
65,1,2.305472,1.251746,1.053726,777,sha3,OMNeT++; module=UavAuthNetwork.uav[5]; config=ArbiterPuf,1.089857,0.047387,0.256988,0.076311,0.218868,0.822352,0.201223,0.076311,0.127847,0.179446,0.009267,0.834858,ArbiterPuf,ArbiterPuf-14-20260922-20:31:58-1127388,5,ArbiterPuf-14-20260922-20:31:58-1127388|phase2|5,14,14,14,sha3,10,,,,1.490159,0.201223,0.007023,0.01052,0.099254,0.001472,0.007043,0.01038,0.097751,0.001914,104,85,43,545,1,0
66,1,2.324047,1.255734,1.068313,777,sha3,OMNeT++; module=UavAuthNetwork.uav[6]; config=ArbiterPuf,1.092793,0.04851,0.240226,0.076872,0.225279,0.828304,0.198597,0.076872,0.127476,0.166027,0.009197,0.843034,ArbiterPuf,ArbiterPuf-14-20260922-20:31:58-1127388,6,ArbiterPuf-14-20260922-20:31:58-1127388|phase2|6,14,14,14,sha3,10,,,,1.474565,0.198597,0.007033,0.010659,0.100046,0.001462,0.007133,0.010459,0.098263,0.001893,104,85,43,545,1,0
67,1,2.336505,1.271082,1.065423,777,sha3,OMNeT++; module=UavAuthNetwork.uav[7]; config=ArbiterPuf,1.098233,0.047007,0.242716,0.081871,0.232447,0.830036,0.197545,0.081871,0.126765,0.176601,0.009107,0.832976,ArbiterPuf,ArbiterPuf-14-20260922-20:31:58-1127388,7,ArbiterPuf-14-20260922-20:31:58-1127388|phase2|7,14,14,14,sha3,10,,,,1.48474,0.197545,0.007094,0.0106,0.109253,0.001382,0.007104,0.010209,0.097851,0.002033,104,85,43,545,1,0
68,1,2.317324,1.252761,1.064563,777,sha3,OMNeT++; module=UavAuthNetwork.uav[8]; config=ArbiterPuf,1.09094,0.048149,0.269994,0.076362,0.222687,0.829686,0.195272,0.076362,0.126885,0.189737,0.009097,0.841876,ArbiterPuf,ArbiterPuf-14-20260922-20:31:58-1127388,8,ArbiterPuf-14-20260922-20:31:58-1127388|phase2|8,14,14,14,sha3,10,,,,1.524294,0.195272,0.007284,0.010398,0.099414,0.001383,0.007264,0.01048,0.098352,0.001904,104,85,43,545,1,0
69,1,2.337938,1.261255,1.076683,777,sha3,OMNeT++; module=UavAuthNetwork.uav[9]; config=ArbiterPuf,1.098814,0.047658,0.26383,0.076642,0.234932,0.831839,0.193378,0.076642,0.128398,0.177455,0.009157,0.841751,ArbiterPuf,ArbiterPuf-14-20260922-20:31:58-1127388,9,ArbiterPuf-14-20260922-20:31:58-1127388|phase2|9,14,14,14,sha3,10,,,,1.517968,0.193378,0.007104,0.01053,0.105806,0.001443,0.007154,0.010199,0.099965,0.001953,104,85,43,545,1,0
70,1,2.371347,1.28083,1.090517,777,sha3,OMNeT++; module=UavAuthNetwork.uav[0]; config=ArbiterPuf,1.110075,0.049492,0.275791,0.080128,0.214147,0.834475,0.194089,0.080128,0.13519,0.164518,0.010499,0.876369,ArbiterPuf,ArbiterPuf-15-20260922-20:31:59-1127388,0,ArbiterPuf-15-20260922-20:31:59-1127388|phase2|0,15,15,15,sha3,10,,,,1.530826,0.194089,0.007835,0.01096,0.114633,0.002094,0.007474,0.011382,0.099072,0.008195,104,85,43,545,1,0
71,1,2.308245,1.260002,1.048243,777,sha3,OMNeT++; module=UavAuthNetwork.uav[1]; config=ArbiterPuf,1.096299,0.047778,0.244059,0.076642,0.215688,0.830717,0.193458,0.076642,0.13528,0.190796,0.010419,0.832554,ArbiterPuf,ArbiterPuf-15-20260922-20:31:59-1127388,1,ArbiterPuf-15-20260922-20:31:59-1127388|phase2|1,15,15,15,sha3,10,,,,1.483098,0.193458,0.007265,0.01062,0.104423,0.001603,0.007303,0.011021,0.105836,0.002354,104,85,43,545,1,0
72,1,2.461327,1.401393,1.059934,777,sha3,OMNeT++; module=UavAuthNetwork.uav[2]; config=ArbiterPuf,1.235287,0.050323,0.257445,0.078134,0.229117,0.899054,0.252658,0.078134,0.154967,0.183743,0.009838,0.830817,ArbiterPuf,ArbiterPuf-15-20260922-20:31:59-1127388,2,ArbiterPuf-15-20260922-20:31:59-1127388|phase2|2,15,15,15,sha3,10,,,,1.501122,0.252658,0.007574,0.011712,0.105546,0.001663,0.007454,0.014947,0.104893,0.0057,104,85,43,545,1,0
73,1,2.349487,1.280641,1.068846,777,sha3,OMNeT++; module=UavAuthNetwork.uav[3]; config=ArbiterPuf,1.114934,0.048059,0.254943,0.078135,0.220919,0.841848,0.201193,0.078135,0.135981,0.169919,0.009437,0.847927,ArbiterPuf,ArbiterPuf-15-20260922-20:31:59-1127388,3,ArbiterPuf-15-20260922-20:31:59-1127388|phase2|3,15,15,15,sha3,10,,,,1.493708,0.201193,0.007524,0.010619,0.102882,0.001553,0.007243,0.018183,0.098532,0.002856,104,85,43,545,1,0
74,1,2.322527,1.261867,1.06066,777,sha3,OMNeT++; module=UavAuthNetwork.uav[4]; config=ArbiterPuf,1.099446,0.04857,0.260023,0.076622,0.224851,0.82646,0.20531,0.076622,0.126304,0.181402,0.009177,0.835809,ArbiterPuf,ArbiterPuf-15-20260922-20:31:59-1127388,4,ArbiterPuf-15-20260922-20:31:59-1127388|phase2|4,15,15,15,sha3,10,,,,1.502085,0.20531,0.007493,0.010339,0.100416,0.001453,0.007254,0.0106,0.098201,0.002144,104,85,43,545,1,0
75,1,2.320423,1.251857,1.068566,777,sha3,OMNeT++; module=UavAuthNetwork.uav[5]; config=ArbiterPuf,1.089316,0.047728,0.240556,0.076622,0.231641,0.831369,0.190793,0.076622,0.126704,0.170998,0.009297,0.836925,ArbiterPuf,ArbiterPuf-15-20260922-20:31:59-1127388,5,ArbiterPuf-15-20260922-20:31:59-1127388|phase2|5,15,15,15,sha3,10,,,,1.48012,0.190793,0.007315,0.01048,0.099934,0.001533,0.007273,0.01033,0.098313,0.002074,104,85,43,545,1,0
76,1,2.368384,1.270913,1.097471,777,sha3,OMNeT++; module=UavAuthNetwork.uav[6]; config=ArbiterPuf,1.089838,0.048369,0.249605,0.085939,0.238038,0.833833,0.189331,0.085939,0.126194,0.168368,0.009197,0.859433,ArbiterPuf,ArbiterPuf-15-20260922-20:31:59-1127388,6,ArbiterPuf-15-20260922-20:31:59-1127388|phase2|6,15,15,15,sha3,10,,,,1.515445,0.189331,0.007232,0.010641,0.109011,0.001533,0.007254,0.01073,0.097871,0.002134,104,85,43,545,1,0
77,1,2.354436,1.262839,1.091597,777,sha3,OMNeT++; module=UavAuthNetwork.uav[7]; config=ArbiterPuf,1.098734,0.048329,0.241567,0.077404,0.256664,0.840326,0.191023,0.077404,0.127025,0.167459,0.009297,0.834933,ArbiterPuf,ArbiterPuf-15-20260922-20:31:59-1127388,7,ArbiterPuf-15-20260922-20:31:59-1127388|phase2|7,15,15,15,sha3,10,,,,1.500623,0.191023,0.007254,0.0106,0.101217,0.001512,0.007234,0.010519,0.098392,0.002274,104,85,43,545,1,0
78,1,2.339198,1.256256,1.082942,777,sha3,OMNeT++; module=UavAuthNetwork.uav[8]; config=ArbiterPuf,1.094005,0.047799,0.244962,0.076492,0.252225,0.83174,0.195542,0.076492,0.126104,0.173991,0.009267,0.830717,ArbiterPuf,ArbiterPuf-15-20260922-20:31:59-1127388,8,ArbiterPuf-15-20260922-20:31:59-1127388|phase2|8,15,15,15,sha3,10,,,,1.501895,0.195542,0.007213,0.01033,0.099865,0.001583,0.007203,0.010389,0.097601,0.002014,104,85,43,545,1,0
79,1,2.331682,1.259422,1.07226,777,sha3,OMNeT++; module=UavAuthNetwork.uav[9]; config=ArbiterPuf,1.088375,0.047939,0.252927,0.08101,0.228357,0.828493,0.185334,0.08101,0.125623,0.17125,0.009027,0.843904,ArbiterPuf,ArbiterPuf-15-20260922-20:31:59-1127388,9,ArbiterPuf-15-20260922-20:31:59-1127388|phase2|9,15,15,15,sha3,10,,,,1.496438,0.185334,0.007342,0.010159,0.112669,0.001492,0.007133,0.010559,0.09769,0.002054,104,85,43,545,1,0
80,1,2.442279,1.376488,1.065791,777,sha3,OMNeT++; module=UavAuthNetwork.uav[0]; config=ArbiterPuf,1.192988,0.050404,0.259144,0.08637,0.229162,0.895708,0.205721,0.08637,0.13519,0.159704,0.01076,0.83663,ArbiterPuf,ArbiterPuf-16-20260922-20:31:59-1127388,0,ArbiterPuf-16-20260922-20:31:59-1127388|phase2|0,16,16,16,sha3,10,,,,1.48464,0.205721,0.008016,0.012032,0.121325,0.002174,0.007785,0.01073,0.099424,0.008506,104,85,43,545,1,0
81,1,2.317838,1.266195,1.051643,777,sha3,OMNeT++; module=UavAuthNetwork.uav[1]; config=ArbiterPuf,1.103092,0.047919,0.260563,0.076843,0.216713,0.828594,0.20004,0.076843,0.127065,0.169818,0.009417,0.83493,ArbiterPuf,ArbiterPuf-16-20260922-20:31:59-1127388,1,ArbiterPuf-16-20260922-20:31:59-1127388|phase2|1,16,16,16,sha3,10,,,,1.482025,0.20004,0.007405,0.010379,0.105124,0.001453,0.007293,0.01056,0.098292,0.002244,104,85,43,545,1,0
82,1,2.326825,1.273947,1.052878,777,sha3,OMNeT++; module=UavAuthNetwork.uav[2]; config=ArbiterPuf,1.101378,0.047878,0.253929,0.081751,0.216914,0.833853,0.19989,0.081751,0.126294,0.165188,0.009067,0.835964,ArbiterPuf,ArbiterPuf-16-20260922-20:31:59-1127388,2,ArbiterPuf-16-20260922-20:31:59-1127388|phase2|2,16,16,16,sha3,10,,,,1.471995,0.19989,0.007243,0.01051,0.105055,0.001483,0.007234,0.010399,0.098021,0.001974,104,85,43,545,1,0
83,1,2.318146,1.259833,1.058313,777,sha3,OMNeT++; module=UavAuthNetwork.uav[3]; config=ArbiterPuf,1.098012,0.047238,0.251289,0.076302,0.219522,0.832751,0.198628,0.076302,0.131253,0.161043,0.009217,0.838791,ArbiterPuf,ArbiterPuf-16-20260922-20:31:59-1127388,3,ArbiterPuf-16-20260922-20:31:59-1127388|phase2|3,16,16,16,sha3,10,,,,1.470645,0.198628,0.007234,0.010318,0.099465,0.001553,0.007092,0.010519,0.10291,0.001984,104,85,43,545,1,0
84,1,2.309937,1.260796,1.049141,777,sha3,OMNeT++; module=UavAuthNetwork.uav[4]; config=ArbiterPuf,1.098945,0.047628,0.255723,0.076452,0.215556,0.82668,0.20554,0.076452,0.126014,0.173856,0.008947,0.833585,ArbiterPuf,ArbiterPuf-16-20260922-20:31:59-1127388,4,ArbiterPuf-16-20260922-20:31:59-1127388|phase2|4,16,16,16,sha3,10,,,,1.47872,0.20554,0.007052,0.010409,0.099795,0.001382,0.007104,0.01036,0.097931,0.001954,104,85,43,545,1,0
85,1,2.352022,1.259682,1.09234,777,sha3,OMNeT++; module=UavAuthNetwork.uav[5]; config=ArbiterPuf,1.097251,0.047448,0.240784,0.076632,0.242259,0.830598,0.200942,0.076632,0.126274,0.201413,0.009167,0.850081,ArbiterPuf,ArbiterPuf-16-20260922-20:31:59-1127388,5,ArbiterPuf-16-20260922-20:31:59-1127388|phase2|5,16,16,16,sha3,10,,,,1.534537,0.200942,0.007183,0.01025,0.100135,0.001472,0.007153,0.010339,0.098071,0.001923,104,85,43,545,1,0
86,1,2.326341,1.261755,1.064586,777,sha3,OMNeT++; module=UavAuthNetwork.uav[6]; config=ArbiterPuf,1.08018,0.047468,0.260074,0.086269,0.235544,0.807235,0.201402,0.086269,0.125663,0.183715,0.009037,0.829042,ArbiterPuf,ArbiterPuf-16-20260922-20:31:59-1127388,6,ArbiterPuf-16-20260922-20:31:59-1127388|phase2|6,16,16,16,sha3,10,,,,1.508375,0.201402,0.007112,0.011241,0.113259,0.001443,0.007144,0.010339,0.09744,0.002004,104,85,43,545,1,0
87,1,2.325195,1.250954,1.074241,777,sha3,OMNeT++; module=UavAuthNetwork.uav[7]; config=ArbiterPuf,1.087924,0.047087,0.240421,0.076992,0.228615,0.828454,0.193288,0.076992,0.126353,0.17457,0.009046,0.845626,ArbiterPuf,ArbiterPuf-16-20260922-20:31:59-1127388,7,ArbiterPuf-16-20260922-20:31:59-1127388|phase2|7,16,16,16,sha3,10,,,,1.489232,0.193288,0.007263,0.01058,0.099885,0.001513,0.007094,0.010119,0.098051,0.002004,104,85,43,545,1,0
88,1,2.302923,1.251969,1.050954,777,sha3,OMNeT++; module=UavAuthNetwork.uav[8]; config=ArbiterPuf,1.09087,0.047608,0.270106,0.075981,0.220687,0.827552,0.197406,0.075981,0.126785,0.162636,0.009137,0.830268,ArbiterPuf,ArbiterPuf-16-20260922-20:31:59-1127388,8,ArbiterPuf-16-20260922-20:31:59-1127388|phase2|8,16,16,16,sha3,10,,,,1.483697,0.197406,0.006952,0.010119,0.099394,0.001423,0.007154,0.010388,0.09748,0.002003,104,85,43,545,1,0
89,1,2.341985,1.238213,1.103772,777,sha3,OMNeT++; module=UavAuthNetwork.uav[9]; config=ArbiterPuf,1.076132,0.053089,0.259204,0.076562,0.233478,0.812314,0.197586,0.076562,0.126454,0.167653,0.008957,0.870294,ArbiterPuf,ArbiterPuf-16-20260922-20:31:59-1127388,9,ArbiterPuf-16-20260922-20:31:59-1127388|phase2|9,16,16,16,sha3,10,,,,1.530629,0.197586,0.007102,0.010299,0.100015,0.001402,0.007234,0.015379,0.098452,0.002004,104,85,43,545,1,0
90,1,2.362555,1.296481,1.066074,777,sha3,OMNeT++; module=UavAuthNetwork.uav[0]; config=ArbiterPuf,1.104605,0.051014,0.249716,0.090608,0.229565,0.818035,0.201292,0.090608,0.136222,0.193028,0.01066,0.836509,ArbiterPuf,ArbiterPuf-17-20260922-20:32:00-1127388,0,ArbiterPuf-17-20260922-20:32:00-1127388|phase2|0,17,17,17,sha3,10,,,,1.508817,0.201292,0.008036,0.011542,0.127816,0.002084,0.008234,0.01077,0.099395,0.009397,104,85,43,545,1,0
91,1,2.347648,1.280149,1.067499,777,sha3,OMNeT++; module=UavAuthNetwork.uav[1]; config=ArbiterPuf,1.114263,0.04852,0.251183,0.078124,0.237678,0.834655,0.205341,0.078124,0.128598,0.166187,0.009638,0.829821,ArbiterPuf,ArbiterPuf-17-20260922-20:32:00-1127388,1,ArbiterPuf-17-20260922-20:32:00-1127388|phase2|1,17,17,17,sha3,10,,,,1.484869,0.205341,0.007463,0.01093,0.106066,0.001573,0.007343,0.0108,0.098873,0.002344,104,85,43,545,1,0
92,1,2.340218,1.284897,1.055321,777,sha3,OMNeT++; module=UavAuthNetwork.uav[2]; config=ArbiterPuf,1.106979,0.047828,0.240106,0.08135,0.214138,0.837059,0.200271,0.08135,0.126134,0.166241,0.015218,0.841183,ArbiterPuf,ArbiterPuf-17-20260922-20:32:00-1127388,2,ArbiterPuf-17-20260922-20:32:00-1127388|phase2|2,17,17,17,sha3,10,,,,1.461668,0.200271,0.007224,0.010329,0.105064,0.001553,0.007123,0.010229,0.098192,0.002044,104,85,43,545,1,0
93,1,2.320024,1.255644,1.06438,777,sha3,OMNeT++; module=UavAuthNetwork.uav[3]; config=ArbiterPuf,1.094025,0.047418,0.253213,0.076241,0.223576,0.82648,0.198197,0.076241,0.126323,0.19273,0.009137,0.840803,ArbiterPuf,ArbiterPuf-17-20260922-20:32:00-1127388,3,ArbiterPuf-17-20260922-20:32:00-1127388|phase2|3,17,17,17,sha3,10,,,,1.510323,0.198197,0.007253,0.010599,0.099746,0.001522,0.007114,0.010399,0.098081,0.002054,104,85,43,545,1,0
94,1,2.404146,1.294766,1.10938,777,sha3,OMNeT++; module=UavAuthNetwork.uav[4]; config=ArbiterPuf,1.127628,0.053669,0.245554,0.078675,0.237327,0.845776,0.198327,0.078675,0.12963,0.159722,0.009788,0.872054,ArbiterPuf,ArbiterPuf-17-20260922-20:32:00-1127388,4,ArbiterPuf-17-20260922-20:32:00-1127388|phase2|4,17,17,17,sha3,10,,,,1.514656,0.198327,0.010991,0.011121,0.112648,0.001753,0.007753,0.012503,0.100105,0.003337,104,85,43,545,1,0
95,1,2.3438,1.271413,1.072387,777,sha3,OMNeT++; module=UavAuthNetwork.uav[5]; config=ArbiterPuf,1.09675,0.048069,0.256361,0.082653,0.22045,0.836699,0.192296,0.082653,0.128859,0.189199,0.009357,0.851937,ArbiterPuf,ArbiterPuf-17-20260922-20:32:00-1127388,5,ArbiterPuf-17-20260922-20:32:00-1127388|phase2|5,17,17,17,sha3,10,,,,1.517947,0.192296,0.007363,0.01086,0.105436,0.001593,0.007254,0.01057,0.098402,0.002284,104,85,43,545,1,0
96,1,2.323379,1.251797,1.071582,777,sha3,OMNeT++; module=UavAuthNetwork.uav[6]; config=ArbiterPuf,1.089868,0.04874,0.259226,0.076451,0.24328,0.826851,0.191835,0.076451,0.127215,0.195627,0.009027,0.828301,ArbiterPuf,ArbiterPuf-17-20260922-20:32:00-1127388,6,ArbiterPuf-17-20260922-20:32:00-1127388|phase2|6,17,17,17,sha3,10,,,,1.526435,0.191835,0.007233,0.010339,0.104193,0.001493,0.007384,0.010549,0.098422,0.001954,104,85,43,545,1,0
97,1,2.347624,1.267817,1.079807,777,sha3,OMNeT++; module=UavAuthNetwork.uav[7]; config=ArbiterPuf,1.095858,0.047738,0.271112,0.081461,0.231343,0.833043,0.196113,0.081461,0.127637,0.204082,0.009037,0.848464,ArbiterPuf,ArbiterPuf-17-20260922-20:32:00-1127388,7,ArbiterPuf-17-20260922-20:32:00-1127388|phase2|7,17,17,17,sha3,10,,,,1.555002,0.196113,0.007063,0.010268,0.104393,0.001412,0.007184,0.010319,0.097821,0.001974,104,85,43,545,1,0
98,1,2.346547,1.27015,1.076397,777,sha3,OMNeT++; module=UavAuthNetwork.uav[8]; config=ArbiterPuf,1.099435,0.04836,0.247883,0.080779,0.247839,0.832731,0.196043,0.080779,0.126123,0.172326,0.009157,0.828558,ArbiterPuf,ArbiterPuf-17-20260922-20:32:00-1127388,8,ArbiterPuf-17-20260922-20:32:00-1127388|phase2|8,17,17,17,sha3,10,,,,1.496606,0.196043,0.007294,0.010309,0.10831,0.001443,0.007242,0.010529,0.097761,0.002063,104,85,43,545,1,0
99,1,2.306198,1.251156,1.055042,777,sha3,OMNeT++; module=UavAuthNetwork.uav[9]; config=ArbiterPuf,1.088686,0.047027,0.282504,0.076692,0.223947,0.828113,0.189781,0.076692,0.126243,0.186909,0.009086,0.831095,ArbiterPuf,ArbiterPuf-17-20260922-20:32:00-1127388,9,ArbiterPuf-17-20260922-20:32:00-1127388|phase2|9,17,17,17,sha3,10,,,,1.524455,0.189781,0.007152,0.010399,0.104643,0.001583,0.007073,0.010228,0.098082,0.001904,104,85,43,545,1,0
100,1,2.490933,1.348675,1.142258,777,sha3,OMNeT++; module=UavAuthNetwork.uav[0]; config=ArbiterPuf,1.171869,0.051084,0.243094,0.083113,0.285515,0.84831,0.234324,0.083113,0.136182,0.158208,0.01058,0.856743,ArbiterPuf,ArbiterPuf-18-20260922-20:32:01-1127388,0,ArbiterPuf-18-20260922-20:32:01-1127388|phase2|0,18,18,18,sha3,10,,,,1.54356,0.234324,0.008104,0.011953,0.121665,0.002074,0.007685,0.010951,0.100786,0.008335,104,85,43,545,1,0
101,1,2.32708,1.262968,1.064112,777,sha3,OMNeT++; module=UavAuthNetwork.uav[1]; config=ArbiterPuf,1.099846,0.047969,0.258026,0.076912,0.235171,0.836258,0.194941,0.076912,0.126915,0.159611,0.009298,0.82894,ArbiterPuf,ArbiterPuf-18-20260922-20:32:01-1127388,1,ArbiterPuf-18-20260922-20:32:01-1127388|phase2|1,18,18,18,sha3,10,,,,1.481748,0.194941,0.007162,0.010519,0.100296,0.001603,0.007323,0.0108,0.098152,0.002104,104,85,43,545,1,0
102,1,2.33395,1.264793,1.069157,777,sha3,OMNeT++; module=UavAuthNetwork.uav[2]; config=ArbiterPuf,1.090499,0.047518,0.269876,0.082473,0.23608,0.831188,0.192797,0.082473,0.125663,0.170096,0.009348,0.833077,ArbiterPuf,ArbiterPuf-18-20260922-20:32:01-1127388,2,ArbiterPuf-18-20260922-20:32:01-1127388|phase2|2,18,18,18,sha3,10,,,,1.509128,0.192797,0.007104,0.010549,0.105215,0.001453,0.007173,0.010239,0.097781,0.002054,104,85,43,545,1,0
103,1,2.30949,1.252599,1.056891,777,sha3,OMNeT++; module=UavAuthNetwork.uav[3]; config=ArbiterPuf,1.0909,0.047247,0.303468,0.076221,0.221097,0.83198,0.192096,0.076221,0.126223,0.179794,0.009257,0.835794,ArbiterPuf,ArbiterPuf-18-20260922-20:32:01-1127388,3,ArbiterPuf-18-20260922-20:32:01-1127388|phase2|3,18,18,18,sha3,10,,,,1.540153,0.192096,0.007262,0.010089,0.099705,0.001462,0.007193,0.010188,0.098152,0.001864,104,85,43,545,1,0
104,1,2.348488,1.259782,1.088706,777,sha3,OMNeT++; module=UavAuthNetwork.uav[4]; config=ArbiterPuf,1.098193,0.047928,0.256753,0.076211,0.257957,0.841138,0.191494,0.076211,0.126344,0.1741,0.009167,0.830749,ArbiterPuf,ArbiterPuf-18-20260922-20:32:01-1127388,4,ArbiterPuf-18-20260922-20:32:01-1127388|phase2|4,18,18,18,sha3,10,,,,1.519559,0.191494,0.007084,0.010239,0.099304,0.001462,0.007184,0.010429,0.09762,0.002004,104,85,43,545,1,0
105,1,2.359413,1.254682,1.104731,777,sha3,OMNeT++; module=UavAuthNetwork.uav[5]; config=ArbiterPuf,1.091581,0.047998,0.252267,0.076852,0.229281,0.824686,0.195152,0.076852,0.128287,0.179622,0.009397,0.875451,ArbiterPuf,ArbiterPuf-18-20260922-20:32:01-1127388,5,ArbiterPuf-18-20260922-20:32:01-1127388|phase2|5,18,18,18,sha3,10,,,,1.536621,0.195152,0.007304,0.01047,0.105145,0.001593,0.007203,0.010469,0.098231,0.001964,104,85,43,545,1,0
106,1,2.355233,1.246379,1.108854,777,sha3,OMNeT++; module=UavAuthNetwork.uav[6]; config=ArbiterPuf,1.084838,0.047678,0.240631,0.076262,0.228057,0.829516,0.18906,0.076262,0.126093,0.172635,0.009017,0.880797,ArbiterPuf,ArbiterPuf-18-20260922-20:32:01-1127388,6,ArbiterPuf-18-20260922-20:32:01-1127388|phase2|6,18,18,18,sha3,10,,,,1.52212,0.18906,0.007103,0.010378,0.099323,0.001423,0.007073,0.0103,0.097661,0.001924,104,85,43,545,1,0
107,1,2.381244,1.292974,1.08827,777,sha3,OMNeT++; module=UavAuthNetwork.uav[7]; config=ArbiterPuf,1.119953,0.048189,0.239906,0.081912,0.237026,0.829967,0.222121,0.081912,0.137966,0.191438,0.009197,0.851244,ArbiterPuf,ArbiterPuf-18-20260922-20:32:01-1127388,7,ArbiterPuf-18-20260922-20:32:01-1127388|phase2|7,18,18,18,sha3,10,,,,1.519614,0.222121,0.007382,0.010791,0.105926,0.001493,0.007254,0.017261,0.098612,0.002395,104,85,43,545,1,0
108,1,2.387292,1.294897,1.092395,777,sha3,OMNeT++; module=UavAuthNetwork.uav[8]; config=ArbiterPuf,1.127557,0.060472,0.240524,0.078796,0.2567,0.858339,0.199409,0.078796,0.128598,0.161375,0.009748,0.835695,ArbiterPuf,ArbiterPuf-18-20260922-20:32:01-1127388,8,ArbiterPuf-18-20260922-20:32:01-1127388|phase2|8,18,18,18,sha3,10,,,,1.494294,0.199409,0.007715,0.011461,0.102679,0.001663,0.009388,0.01066,0.107168,0.002925,104,85,43,545,1,0
109,1,2.31412,1.253633,1.060487,777,sha3,OMNeT++; module=UavAuthNetwork.uav[9]; config=ArbiterPuf,1.092663,0.047538,0.247579,0.075841,0.223074,0.833423,0.192096,0.075841,0.125913,0.205862,0.009288,0.837413,ArbiterPuf,ArbiterPuf-18-20260922-20:32:01-1127388,9,ArbiterPuf-18-20260922-20:32:01-1127388|phase2|9,18,18,18,sha3,10,,,,1.513928,0.192096,0.007184,0.010339,0.098984,0.001453,0.007184,0.010389,0.09766,0.001973,104,85,43,545,1,0
110,1,2.380625,1.27978,1.100845,777,sha3,OMNeT++; module=UavAuthNetwork.uav[0]; config=ArbiterPuf,1.106869,0.049531,0.258651,0.081121,0.234717,0.827191,0.196153,0.081121,0.142424,0.175244,0.010669,0.866128,ArbiterPuf,ArbiterPuf-19-20260922-20:32:01-1127388,0,ArbiterPuf-19-20260922-20:32:01-1127388|phase2|0,19,19,19,sha3,10,,,,1.534741,0.196153,0.007804,0.010941,0.117007,0.002124,0.007554,0.01053,0.098602,0.008596,104,85,43,545,1,0
111,1,2.311535,1.257598,1.053937,777,sha3,OMNeT++; module=UavAuthNetwork.uav[1]; config=ArbiterPuf,1.094697,0.047839,0.244723,0.076672,0.214311,0.822012,0.204178,0.076672,0.126715,0.184909,0.009557,0.839627,ArbiterPuf,ArbiterPuf-19-20260922-20:32:01-1127388,1,ArbiterPuf-19-20260922-20:32:01-1127388|phase2|1,19,19,19,sha3,10,,,,1.483569,0.204178,0.007293,0.010579,0.100146,0.001643,0.007324,0.01052,0.09768,0.002214,104,85,43,545,1,0
112,1,2.313544,1.259562,1.053982,777,sha3,OMNeT++; module=UavAuthNetwork.uav[2]; config=ArbiterPuf,1.097382,0.047929,0.254654,0.076542,0.217537,0.833243,0.196394,0.076542,0.126364,0.197364,0.009096,0.836445,ArbiterPuf,ArbiterPuf-19-20260922-20:32:01-1127388,2,ArbiterPuf-19-20260922-20:32:01-1127388|phase2|2,19,19,19,sha3,10,,,,1.506,0.196394,0.007212,0.01028,0.099985,0.001443,0.007233,0.010359,0.098282,0.001944,104,85,43,545,1,0
113,1,2.328538,1.262577,1.065961,777,sha3,OMNeT++; module=UavAuthNetwork.uav[3]; config=ArbiterPuf,1.090368,0.046987,0.24077,0.081551,0.232633,0.830117,0.193739,0.081551,0.127767,0.158283,0.009107,0.833329,ArbiterPuf,ArbiterPuf-19-20260922-20:32:01-1127388,3,ArbiterPuf-19-20260922-20:32:01-1127388|phase2|3,19,19,19,sha3,10,,,,1.465014,0.193739,0.007243,0.01046,0.104353,0.001513,0.007094,0.010509,0.098232,0.001903,104,85,43,545,1,0
114,1,2.309421,1.26417,1.045251,777,sha3,OMNeT++; module=UavAuthNetwork.uav[4]; config=ArbiterPuf,1.092713,0.047899,0.241934,0.08119,0.216822,0.831039,0.195382,0.08119,0.127256,0.180364,0.009077,0.828429,ArbiterPuf,ArbiterPuf-19-20260922-20:32:01-1127388,4,ArbiterPuf-19-20260922-20:32:01-1127388|phase2|4,19,19,19,sha3,10,,,,1.46755,0.195382,0.007124,0.010379,0.104153,0.001443,0.007224,0.01047,0.098312,0.001903,104,85,43,545,1,0
115,1,2.344273,1.259191,1.085082,777,sha3,OMNeT++; module=UavAuthNetwork.uav[5]; config=ArbiterPuf,1.086762,0.047328,0.243423,0.081621,0.238142,0.832942,0.187116,0.081621,0.126434,0.160578,0.009187,0.84694,ArbiterPuf,ArbiterPuf-19-20260922-20:32:01-1127388,5,ArbiterPuf-19-20260922-20:32:01-1127388|phase2|5,19,19,19,sha3,10,,,,1.489083,0.187116,0.007533,0.010579,0.104745,0.001473,0.007143,0.01036,0.098061,0.001874,104,85,43,545,1,0
116,1,2.387685,1.332697,1.054988,777,sha3,OMNeT++; module=UavAuthNetwork.uav[6]; config=ArbiterPuf,1.167251,0.056735,0.239976,0.077994,0.220642,0.83187,0.261334,0.077994,0.128848,0.16875,0.009458,0.834345,ArbiterPuf,ArbiterPuf-19-20260922-20:32:01-1127388,6,ArbiterPuf-19-20260922-20:32:01-1127388|phase2|6,19,19,19,sha3,10,,,,1.463714,0.261334,0.007383,0.014277,0.103031,0.001543,0.007494,0.015008,0.098492,0.002906,104,85,43,545,1,0
117,1,2.38876,1.267576,1.121184,777,sha3,OMNeT++; module=UavAuthNetwork.uav[7]; config=ArbiterPuf,1.093875,0.048009,0.26162,0.082202,0.238253,0.831229,0.194099,0.082202,0.127286,0.166402,0.009297,0.882931,ArbiterPuf,ArbiterPuf-19-20260922-20:32:01-1127388,7,ArbiterPuf-19-20260922-20:32:01-1127388|phase2|7,19,19,19,sha3,10,,,,1.549205,0.194099,0.007203,0.0106,0.105665,0.001362,0.007193,0.01048,0.098093,0.002084,104,85,43,545,1,0
118,1,2.374098,1.282665,1.091433,777,sha3,OMNeT++; module=UavAuthNetwork.uav[8]; config=ArbiterPuf,1.109194,0.04891,0.247189,0.082172,0.250826,0.835086,0.207184,0.082172,0.129821,0.160578,0.009127,0.840606,ArbiterPuf,ArbiterPuf-19-20260922-20:32:01-1127388,8,ArbiterPuf-19-20260922-20:32:01-1127388|phase2|8,19,19,19,sha3,10,,,,1.499199,0.207184,0.007242,0.010911,0.105155,0.001453,0.007232,0.010569,0.100987,0.002224,104,85,43,545,1,0
119,1,2.325579,1.274448,1.051131,777,sha3,OMNeT++; module=UavAuthNetwork.uav[9]; config=ArbiterPuf,1.111327,0.047969,0.243888,0.077042,0.21794,0.854131,0.189852,0.077042,0.127997,0.181321,0.009037,0.83319,ArbiterPuf,ArbiterPuf-19-20260922-20:32:01-1127388,9,ArbiterPuf-19-20260922-20:32:01-1127388|phase2|9,19,19,19,sha3,10,,,,1.47634,0.189852,0.007204,0.01048,0.099925,0.001452,0.007053,0.01042,0.098282,0.001823,104,85,43,545,1,0
120,1,2.36911,1.290951,1.078159,777,sha3,OMNeT++; module=UavAuthNetwork.uav[0]; config=ArbiterPuf,1.118541,0.049491,0.263602,0.08088,0.248624,0.838372,0.197876,0.08088,0.134268,0.171762,0.01065,0.829535,ArbiterPuf,ArbiterPuf-2-20260922-20:31:51-1127388,0,ArbiterPuf-2-20260922-20:31:51-1127388|phase2|0,2,2,2,sha3,10,,,,1.513523,0.197876,0.007875,0.011021,0.116306,0.002204,0.007614,0.01049,0.098543,0.008887,104,85,43,545,1,0
121,1,2.322415,1.248952,1.073463,777,sha3,OMNeT++; module=UavAuthNetwork.uav[1]; config=ArbiterPuf,1.086792,0.047378,0.246729,0.076321,0.223881,0.830517,0.18901,0.076321,0.138947,0.182786,0.009518,0.849582,ArbiterPuf,ArbiterPuf-2-20260922-20:31:51-1127388,1,ArbiterPuf-2-20260922-20:31:51-1127388|phase2|1,2,2,2,sha3,10,,,,1.502978,0.18901,0.007082,0.010619,0.099886,0.001493,0.007344,0.010399,0.097541,0.002595,104,85,43,545,1,0
122,1,2.336353,1.253021,1.083332,777,sha3,OMNeT++; module=UavAuthNetwork.uav[2]; config=ArbiterPuf,1.089487,0.048289,0.258927,0.077093,0.2246,0.824326,0.197706,0.077093,0.126204,0.159875,0.009348,0.858733,ArbiterPuf,ArbiterPuf-2-20260922-20:31:51-1127388,2,ArbiterPuf-2-20260922-20:31:51-1127388|phase2|2,2,2,2,sha3,10,,,,1.502133,0.197706,0.007214,0.01031,0.100886,0.001443,0.007233,0.01052,0.098152,0.002044,104,85,43,545,1,0
123,1,2.33455,1.28535,1.0492,777,sha3,OMNeT++; module=UavAuthNetwork.uav[3]; config=ArbiterPuf,1.121947,0.048089,0.240712,0.077063,0.216164,0.859401,0.194921,0.077063,0.126634,0.204086,0.009277,0.833036,ArbiterPuf,ArbiterPuf-2-20260922-20:31:51-1127388,3,ArbiterPuf-2-20260922-20:31:51-1127388|phase2|3,2,2,2,sha3,10,,,,1.493998,0.194921,0.007284,0.01078,0.100967,0.001613,0.007254,0.01046,0.09792,0.002435,104,85,43,545,1,0
124,1,2.359367,1.288796,1.070571,777,sha3,OMNeT++; module=UavAuthNetwork.uav[4]; config=ArbiterPuf,1.110366,0.048781,0.255178,0.084446,0.229748,0.846187,0.195121,0.084446,0.127636,0.169948,0.009538,0.840823,ArbiterPuf,ArbiterPuf-2-20260922-20:31:51-1127388,4,ArbiterPuf-2-20260922-20:31:51-1127388|phase2|4,2,2,2,sha3,10,,,,1.495697,0.195121,0.014146,0.011,0.101929,0.001583,0.007383,0.01042,0.098162,0.002795,104,85,43,545,1,0
125,1,2.341226,1.276963,1.064263,777,sha3,OMNeT++; module=UavAuthNetwork.uav[5]; config=ArbiterPuf,1.114413,0.048329,0.26957,0.076591,0.217266,0.850284,0.195452,0.076591,0.138556,0.199652,0.009368,0.846997,ArbiterPuf,ArbiterPuf-2-20260922-20:31:51-1127388,5,ArbiterPuf-2-20260922-20:31:51-1127388|phase2|5,2,2,2,sha3,10,,,,1.533486,0.195452,0.007255,0.010829,0.101218,0.001563,0.007232,0.01068,0.105525,0.002675,104,85,43,545,1,0
126,1,2.361187,1.294737,1.06645,777,sha3,OMNeT++; module=UavAuthNetwork.uav[6]; config=ArbiterPuf,1.119973,0.052006,0.256803,0.082703,0.237282,0.846417,0.200141,0.082703,0.136734,0.160766,0.009358,0.829168,ArbiterPuf,ArbiterPuf-2-20260922-20:31:51-1127388,6,ArbiterPuf-2-20260922-20:31:51-1127388|phase2|6,2,2,2,sha3,10,,,,1.484019,0.200141,0.007524,0.01058,0.109212,0.001633,0.007454,0.013245,0.098662,0.002415,104,85,43,545,1,0
127,1,2.382508,1.309864,1.072644,777,sha3,OMNeT++; module=UavAuthNetwork.uav[7]; config=ArbiterPuf,1.130443,0.049061,0.251251,0.084957,0.239077,0.852578,0.208606,0.084957,0.133217,0.195254,0.009507,0.833566,ArbiterPuf,ArbiterPuf-2-20260922-20:31:51-1127388,7,ArbiterPuf-2-20260922-20:31:51-1127388|phase2|7,2,2,2,sha3,10,,,,1.519149,0.208606,0.007292,0.011491,0.108953,0.001633,0.007264,0.01069,0.103652,0.002434,104,85,43,545,1,0
128,1,2.346125,1.255764,1.090361,777,sha3,OMNeT++; module=UavAuthNetwork.uav[8]; config=ArbiterPuf,1.094166,0.04858,0.258522,0.076221,0.230213,0.831259,0.190112,0.076221,0.126313,0.184573,0.009156,0.860147,ArbiterPuf,ArbiterPuf-2-20260922-20:31:51-1127388,8,ArbiterPuf-2-20260922-20:31:51-1127388|phase2|8,2,2,2,sha3,10,,,,1.533456,0.190112,0.007263,0.01049,0.104122,0.001393,0.007204,0.010529,0.098321,0.001984,104,85,43,545,1,0
129,1,2.33633,1.272055,1.064275,777,sha3,OMNeT++; module=UavAuthNetwork.uav[9]; config=ArbiterPuf,1.098904,0.054121,0.248707,0.082052,0.230871,0.840005,0.191925,0.082052,0.125753,0.169293,0.009047,0.833405,ArbiterPuf,ArbiterPuf-2-20260922-20:31:51-1127388,9,ArbiterPuf-2-20260922-20:31:51-1127388|phase2|9,2,2,2,sha3,10,,,,1.482275,0.191925,0.007203,0.0106,0.105155,0.001423,0.007484,0.010349,0.097721,0.002214,104,85,43,545,1,0
130,1,2.391404,1.282333,1.109071,777,sha3,OMNeT++; module=UavAuthNetwork.uav[0]; config=ArbiterPuf,1.109734,0.050934,0.246544,0.080729,0.233015,0.825508,0.200571,0.080729,0.142313,0.175923,0.011141,0.876055,ArbiterPuf,ArbiterPuf-20-20260922-20:32:02-1127388,0,ArbiterPuf-20-20260922-20:32:02-1127388|phase2|0,20,20,20,sha3,10,,,,1.531538,0.200571,0.007895,0.01088,0.116475,0.002113,0.007504,0.01079,0.099754,0.008545,104,85,43,545,1,0
131,1,2.339824,1.250586,1.089238,777,sha3,OMNeT++; module=UavAuthNetwork.uav[1]; config=ArbiterPuf,1.087303,0.047278,0.244762,0.077023,0.227584,0.823524,0.196684,0.077023,0.126484,0.170783,0.009237,0.861654,ArbiterPuf,ArbiterPuf-20-20260922-20:32:02-1127388,1,ArbiterPuf-20-20260922-20:32:02-1127388|phase2|1,20,20,20,sha3,10,,,,1.504783,0.196684,0.007212,0.01058,0.100055,0.001453,0.007162,0.010249,0.097921,0.002104,104,85,43,545,1,0
132,1,2.341137,1.258099,1.083038,777,sha3,OMNeT++; module=UavAuthNetwork.uav[2]; config=ArbiterPuf,1.095538,0.047709,0.26148,0.076592,0.241441,0.832281,0.196493,0.076592,0.126073,0.168755,0.009377,0.841597,ArbiterPuf,ArbiterPuf-20-20260922-20:32:02-1127388,2,ArbiterPuf-20-20260922-20:32:02-1127388|phase2|2,20,20,20,sha3,10,,,,1.513273,0.196493,0.007135,0.010479,0.099925,0.001433,0.007183,0.010248,0.098061,0.001974,104,85,43,545,1,0
133,1,2.320521,1.247449,1.073072,777,sha3,OMNeT++; module=UavAuthNetwork.uav[3]; config=ArbiterPuf,1.07469,0.047287,0.265294,0.081731,0.235479,0.814147,0.19431,0.081731,0.132766,0.190003,0.009297,0.837594,ArbiterPuf,ArbiterPuf-20-20260922-20:32:02-1127388,3,ArbiterPuf-20-20260922-20:32:02-1127388|phase2|3,20,20,20,sha3,10,,,,1.528369,0.19431,0.007264,0.010811,0.104463,0.001593,0.007084,0.01043,0.104052,0.001974,104,85,43,545,1,0
134,1,2.326898,1.25307,1.073828,777,sha3,OMNeT++; module=UavAuthNetwork.uav[4]; config=ArbiterPuf,1.090979,0.052728,0.258158,0.076422,0.2238,0.823735,0.200852,0.076422,0.126164,0.162543,0.009247,0.850028,ArbiterPuf,ArbiterPuf-20-20260922-20:32:02-1127388,4,ArbiterPuf-20-20260922-20:32:02-1127388|phase2|4,20,20,20,sha3,10,,,,1.49453,0.200852,0.007072,0.010278,0.099565,0.001433,0.007183,0.01046,0.102449,0.001884,104,85,43,545,1,0
135,1,2.348716,1.235899,1.112817,777,sha3,OMNeT++; module=UavAuthNetwork.uav[5]; config=ArbiterPuf,1.073728,0.047568,0.271985,0.076392,0.235632,0.817303,0.190022,0.076392,0.126494,0.185593,0.009387,0.877185,ArbiterPuf,ArbiterPuf-20-20260922-20:32:02-1127388,5,ArbiterPuf-20-20260922-20:32:02-1127388|phase2|5,20,20,20,sha3,10,,,,1.570395,0.190022,0.007203,0.010278,0.100206,0.001483,0.007173,0.010298,0.098202,0.002054,104,85,43,545,1,0
136,1,2.334728,1.261797,1.072931,777,sha3,OMNeT++; module=UavAuthNetwork.uav[6]; config=ArbiterPuf,1.098464,0.053589,0.259037,0.077143,0.218529,0.834084,0.197425,0.077143,0.126865,0.170783,0.009047,0.854402,ArbiterPuf,ArbiterPuf-20-20260922-20:32:02-1127388,6,ArbiterPuf-20-20260922-20:32:02-1127388|phase2|6,20,20,20,sha3,10,,,,1.502751,0.197425,0.007184,0.010599,0.100426,0.001443,0.007434,0.010428,0.098422,0.002094,104,85,43,545,1,0
137,1,2.335177,1.255926,1.079251,777,sha3,OMNeT++; module=UavAuthNetwork.uav[7]; config=ArbiterPuf,1.093765,0.047298,0.242794,0.076512,0.221011,0.83203,0.195412,0.076512,0.126214,0.168069,0.009137,0.85824,ArbiterPuf,ArbiterPuf-20-20260922-20:32:02-1127388,7,ArbiterPuf-20-20260922-20:32:02-1127388|phase2|7,20,20,20,sha3,10,,,,1.490114,0.195412,0.007344,0.010239,0.099885,0.001493,0.007143,0.010319,0.098142,0.001924,104,85,43,545,1,0
138,1,2.32434,1.259742,1.064598,777,sha3,OMNeT++; module=UavAuthNetwork.uav[8]; config=ArbiterPuf,1.090248,0.048109,0.240637,0.080249,0.234561,0.831109,0.192887,0.080249,0.125492,0.181441,0.008996,0.830037,ArbiterPuf,ArbiterPuf-20-20260922-20:32:02-1127388,8,ArbiterPuf-20-20260922-20:32:02-1127388|phase2|8,20,20,20,sha3,10,,,,1.486676,0.192887,0.007045,0.010248,0.103943,0.001403,0.007252,0.010469,0.097661,0.002064,104,85,43,545,1,0
139,1,2.340893,1.243663,1.09723,777,sha3,OMNeT++; module=UavAuthNetwork.uav[9]; config=ArbiterPuf,1.079398,0.047858,0.27654,0.077604,0.251097,0.811011,0.200762,0.077604,0.126725,0.161255,0.009057,0.846133,ArbiterPuf,ArbiterPuf-20-20260922-20:32:02-1127388,9,ArbiterPuf-20-20260922-20:32:02-1127388|phase2|9,20,20,20,sha3,10,,,,1.535026,0.200762,0.007243,0.011081,0.100565,0.001403,0.007174,0.01039,0.098131,0.002154,104,85,43,545,1,0
140,1,2.379534,1.281352,1.098182,777,sha3,OMNeT++; module=UavAuthNetwork.uav[0]; config=ArbiterPuf,1.108352,0.049972,0.241218,0.08132,0.259139,0.834405,0.191715,0.08132,0.134209,0.167827,0.01036,0.839043,ArbiterPuf,ArbiterPuf-21-20260922-20:32:02-1127388,0,ArbiterPuf-21-20260922-20:32:02-1127388|phase2|0,21,21,21,sha3,10,,,,1.507227,0.191715,0.007935,0.01127,0.115914,0.002114,0.007655,0.01075,0.098943,0.008225,104,85,43,545,1,0
141,1,2.379661,1.257076,1.122585,777,sha3,OMNeT++; module=UavAuthNetwork.uav[1]; config=ArbiterPuf,1.093394,0.048019,0.272339,0.077062,0.243116,0.831349,0.193839,0.077062,0.127225,0.166924,0.009558,0.879469,ArbiterPuf,ArbiterPuf-21-20260922-20:32:02-1127388,1,ArbiterPuf-21-20260922-20:32:02-1127388|phase2|1,21,21,21,sha3,10,,,,1.561848,0.193839,0.007314,0.01066,0.100396,0.001483,0.007182,0.01062,0.098182,0.002274,104,85,43,545,1,0
142,1,2.395392,1.269741,1.125651,777,sha3,OMNeT++; module=UavAuthNetwork.uav[2]; config=ArbiterPuf,1.098514,0.047969,0.245441,0.08105,0.252579,0.833844,0.193679,0.08105,0.126224,0.165165,0.009127,0.873072,ArbiterPuf,ArbiterPuf-21-20260922-20:32:02-1127388,2,ArbiterPuf-21-20260922-20:32:02-1127388|phase2|2,21,21,21,sha3,10,,,,1.536257,0.193679,0.007273,0.010218,0.108592,0.001443,0.007315,0.010409,0.097891,0.002023,104,85,43,545,1,0
143,1,2.30891,1.254093,1.054817,777,sha3,OMNeT++; module=UavAuthNetwork.uav[3]; config=ArbiterPuf,1.090679,0.047938,0.241444,0.076933,0.216173,0.830678,0.192977,0.076933,0.127126,0.160759,0.009548,0.838644,ArbiterPuf,ArbiterPuf-21-20260922-20:32:02-1127388,3,ArbiterPuf-21-20260922-20:32:02-1127388|phase2|3,21,21,21,sha3,10,,,,1.457019,0.192977,0.007193,0.010439,0.099935,0.001433,0.007224,0.010399,0.098211,0.001994,104,85,43,545,1,0
144,1,2.353134,1.25997,1.093164,777,sha3,OMNeT++; module=UavAuthNetwork.uav[4]; config=ArbiterPuf,1.096149,0.04877,0.257312,0.077202,0.236826,0.836458,0.192977,0.077202,0.13517,0.161154,0.009417,0.856338,ArbiterPuf,ArbiterPuf-21-20260922-20:32:02-1127388,4,ArbiterPuf-21-20260922-20:32:02-1127388|phase2|4,21,21,21,sha3,10,,,,1.51163,0.192977,0.007183,0.010429,0.100436,0.001462,0.007153,0.0109,0.098653,0.002063,104,85,43,545,1,0
145,1,2.318001,1.25849,1.059511,777,sha3,OMNeT++; module=UavAuthNetwork.uav[5]; config=ArbiterPuf,1.095347,0.047628,0.242452,0.076983,0.229399,0.826981,0.197295,0.076983,0.127787,0.16181,0.009177,0.830112,ArbiterPuf,ArbiterPuf-21-20260922-20:32:02-1127388,5,ArbiterPuf-21-20260922-20:32:02-1127388|phase2|5,21,21,21,sha3,10,,,,1.463772,0.197295,0.007243,0.01037,0.104734,0.001553,0.007194,0.01041,0.098302,0.001954,104,85,43,545,1,0
146,1,2.326829,1.262537,1.064292,777,sha3,OMNeT++; module=UavAuthNetwork.uav[6]; config=ArbiterPuf,1.098504,0.047839,0.243325,0.077433,0.233228,0.833883,0.198618,0.077433,0.127907,0.179217,0.009167,0.831064,ArbiterPuf,ArbiterPuf-21-20260922-20:32:02-1127388,6,ArbiterPuf-21-20260922-20:32:02-1127388|phase2|6,21,21,21,sha3,10,,,,1.486835,0.198618,0.007152,0.010539,0.100186,0.001382,0.007133,0.010518,0.098052,0.001964,104,85,43,545,1,0
147,1,2.342478,1.277474,1.065004,777,sha3,OMNeT++; module=UavAuthNetwork.uav[7]; config=ArbiterPuf,1.098273,0.047257,0.264253,0.085097,0.23284,0.834865,0.196925,0.085097,0.126124,0.163557,0.009007,0.832164,ArbiterPuf,ArbiterPuf-21-20260922-20:32:02-1127388,7,ArbiterPuf-21-20260922-20:32:02-1127388|phase2|7,21,21,21,sha3,10,,,,1.492814,0.196925,0.007042,0.010669,0.10762,0.001433,0.007064,0.010359,0.097561,0.002024,104,85,43,545,1,0
148,1,2.325998,1.268308,1.05769,777,sha3,OMNeT++; module=UavAuthNetwork.uav[8]; config=ArbiterPuf,1.095839,0.055553,0.256116,0.081701,0.224557,0.83175,0.197716,0.081701,0.126574,0.180701,0.009067,0.833133,ArbiterPuf,ArbiterPuf-21-20260922-20:32:02-1127388,8,ArbiterPuf-21-20260922-20:32:02-1127388|phase2|8,21,21,21,sha3,10,,,,1.494507,0.197716,0.007064,0.010328,0.104814,0.001383,0.007765,0.013916,0.100466,0.001944,104,85,43,545,1,0
149,1,2.31111,1.250835,1.060275,777,sha3,OMNeT++; module=UavAuthNetwork.uav[9]; config=ArbiterPuf,1.088004,0.047548,0.240453,0.076812,0.215061,0.830317,0.191084,0.076812,0.127145,0.168494,0.009207,0.845214,ArbiterPuf,ArbiterPuf-21-20260922-20:32:02-1127388,9,ArbiterPuf-21-20260922-20:32:02-1127388|phase2|9,21,21,21,sha3,10,,,,1.469223,0.191084,0.007155,0.010548,0.100025,0.001473,0.007154,0.010409,0.098101,0.001924,104,85,43,545,1,0
150,1,2.341405,1.285559,1.055846,777,sha3,OMNeT++; module=UavAuthNetwork.uav[0]; config=ArbiterPuf,1.11278,0.049922,0.268158,0.08113,0.220355,0.835887,0.19417,0.08113,0.13552,0.174375,0.010519,0.835491,ArbiterPuf,ArbiterPuf-22-20260922-20:32:03-1127388,0,ArbiterPuf-22-20260922-20:32:03-1127388|phase2|0,22,22,22,sha3,10,,,,1.498379,0.19417,0.008094,0.01131,0.115843,0.002144,0.007705,0.01064,0.099494,0.008636,104,85,43,545,1,0
151,1,2.335433,1.251038,1.084395,777,sha3,OMNeT++; module=UavAuthNetwork.uav[1]; config=ArbiterPuf,1.087894,0.047789,0.249053,0.076813,0.228323,0.826881,0.193689,0.076813,0.133127,0.165027,0.009518,0.856072,ArbiterPuf,ArbiterPuf-22-20260922-20:32:03-1127388,1,ArbiterPuf-22-20260922-20:32:03-1127388|phase2|1,22,22,22,sha3,10,,,,1.498476,0.193689,0.007225,0.01054,0.099954,0.001533,0.007233,0.01066,0.104023,0.002204,104,85,43,545,1,0
152,1,2.350342,1.259191,1.091151,777,sha3,OMNeT++; module=UavAuthNetwork.uav[2]; config=ArbiterPuf,1.09672,0.047939,0.254313,0.076722,0.235744,0.827071,0.198117,0.076722,0.126514,0.15909,0.009027,0.855407,ArbiterPuf,ArbiterPuf-22-20260922-20:32:03-1127388,2,ArbiterPuf-22-20260922-20:32:03-1127388|phase2|2,22,22,22,sha3,10,,,,1.504554,0.198117,0.007174,0.010178,0.104935,0.001463,0.007193,0.010359,0.098263,0.002033,104,85,43,545,1,0
153,1,2.340421,1.250795,1.089626,777,sha3,OMNeT++; module=UavAuthNetwork.uav[3]; config=ArbiterPuf,1.087704,0.047558,0.247834,0.076912,0.241766,0.829937,0.191344,0.076912,0.126945,0.160112,0.009267,0.84786,ArbiterPuf,ArbiterPuf-22-20260922-20:32:03-1127388,3,ArbiterPuf-22-20260922-20:32:03-1127388|phase2|3,22,22,22,sha3,10,,,,1.497572,0.191344,0.007253,0.01054,0.099874,0.001492,0.007244,0.010499,0.098181,0.002034,104,85,43,545,1,0
154,1,2.312379,1.258248,1.054131,777,sha3,OMNeT++; module=UavAuthNetwork.uav[4]; config=ArbiterPuf,1.095358,0.054241,0.272206,0.076912,0.224962,0.83222,0.196464,0.076912,0.126634,0.164195,0.009066,0.829169,ArbiterPuf,ArbiterPuf-22-20260922-20:32:03-1127388,4,ArbiterPuf-22-20260922-20:32:03-1127388|phase2|4,22,22,22,sha3,10,,,,1.490533,0.196464,0.007093,0.0104,0.100245,0.001433,0.007403,0.01076,0.104083,0.002023,104,85,43,545,1,0
155,1,2.339251,1.277917,1.061334,777,sha3,OMNeT++; module=UavAuthNetwork.uav[5]; config=ArbiterPuf,1.110436,0.050514,0.258564,0.078736,0.216973,0.844714,0.193127,0.078736,0.12957,0.162148,0.010009,0.844361,ArbiterPuf,ArbiterPuf-22-20260922-20:32:03-1127388,5,ArbiterPuf-22-20260922-20:32:03-1127388|phase2|5,22,22,22,sha3,10,,,,1.482045,0.193127,0.007704,0.011792,0.104253,0.001774,0.007684,0.01101,0.098783,0.003276,104,85,43,545,1,0
156,1,2.406229,1.306049,1.10018,777,sha3,OMNeT++; module=UavAuthNetwork.uav[6]; config=ArbiterPuf,1.138828,0.050403,0.239976,0.078616,0.248817,0.849102,0.206302,0.078616,0.142574,0.167315,0.009989,0.851362,ArbiterPuf,ArbiterPuf-22-20260922-20:32:03-1127388,6,ArbiterPuf-22-20260922-20:32:03-1127388|phase2|6,22,22,22,sha3,10,,,,1.507471,0.206302,0.007664,0.01105,0.105244,0.001713,0.007504,0.011681,0.109122,0.004588,104,85,43,545,1,0
157,1,2.362392,1.295068,1.067324,777,sha3,OMNeT++; module=UavAuthNetwork.uav[7]; config=ArbiterPuf,1.10201,0.04859,0.270404,0.09178,0.224578,0.826881,0.20568,0.09178,0.128868,0.173705,0.009498,0.842746,ArbiterPuf,ArbiterPuf-22-20260922-20:32:03-1127388,7,ArbiterPuf-22-20260922-20:32:03-1127388|phase2|7,22,22,22,sha3,10,,,,1.511434,0.20568,0.01105,0.011591,0.110054,0.001613,0.007374,0.0108,0.098383,0.002736,104,85,43,545,1,0
158,1,2.35314,1.267185,1.085955,777,sha3,OMNeT++; module=UavAuthNetwork.uav[8]; config=ArbiterPuf,1.103472,0.04863,0.248542,0.077223,0.217598,0.836098,0.199178,0.077223,0.127646,0.15887,0.009267,0.868357,ArbiterPuf,ArbiterPuf-22-20260922-20:32:03-1127388,8,ArbiterPuf-22-20260922-20:32:03-1127388|phase2|8,22,22,22,sha3,10,,,,1.493366,0.199178,0.007314,0.01046,0.100996,0.001413,0.007182,0.010468,0.098162,0.002294,104,85,43,545,1,0
159,1,2.302175,1.246678,1.055497,777,sha3,OMNeT++; module=UavAuthNetwork.uav[9]; config=ArbiterPuf,1.085981,0.051435,0.254548,0.07583,0.22663,0.83187,0.187017,0.07583,0.126234,0.166239,0.009037,0.828867,ArbiterPuf,ArbiterPuf-22-20260922-20:32:03-1127388,9,ArbiterPuf-22-20260922-20:32:03-1127388|phase2|9,22,22,22,sha3,10,,,,1.476284,0.187017,0.007114,0.010329,0.098742,0.001373,0.007183,0.010359,0.101639,0.001993,104,85,43,545,1,0
160,1,2.386652,1.299445,1.087207,777,sha3,OMNeT++; module=UavAuthNetwork.uav[0]; config=ArbiterPuf,1.126355,0.049762,0.263621,0.08117,0.248724,0.834254,0.209168,0.08117,0.147212,0.160914,0.01075,0.838483,ArbiterPuf,ArbiterPuf-23-20260922-20:32:04-1127388,0,ArbiterPuf-23-20260922-20:32:04-1127388|phase2|0,23,23,23,sha3,10,,,,1.511742,0.209168,0.008166,0.011171,0.116566,0.002094,0.007573,0.01073,0.099054,0.020819,104,85,43,545,1,0
161,1,2.347807,1.266063,1.081744,777,sha3,OMNeT++; module=UavAuthNetwork.uav[1]; config=ArbiterPuf,1.101599,0.048069,0.247925,0.077323,0.221451,0.843662,0.189491,0.077323,0.127796,0.185268,0.009818,0.860294,ArbiterPuf,ArbiterPuf-23-20260922-20:32:04-1127388,1,ArbiterPuf-23-20260922-20:32:04-1127388|phase2|1,23,23,23,sha3,10,,,,1.514937,0.189491,0.007644,0.01073,0.100597,0.001613,0.007364,0.01066,0.098443,0.002365,104,85,43,545,1,0
162,1,2.31911,1.248851,1.070259,777,sha3,OMNeT++; module=UavAuthNetwork.uav[2]; config=ArbiterPuf,1.072996,0.04825,0.249688,0.083204,0.223874,0.812684,0.193198,0.083204,0.127265,0.175701,0.009447,0.846386,ArbiterPuf,ArbiterPuf-23-20260922-20:32:04-1127388,2,ArbiterPuf-23-20260922-20:32:04-1127388|phase2|2,23,23,23,sha3,10,,,,1.495649,0.193198,0.007203,0.010559,0.106067,0.001523,0.007305,0.010588,0.098241,0.002103,104,85,43,545,1,0
163,1,2.323212,1.249775,1.073437,777,sha3,OMNeT++; module=UavAuthNetwork.uav[3]; config=ArbiterPuf,1.089136,0.047347,0.247174,0.075781,0.222214,0.831169,0.191745,0.075781,0.125993,0.162872,0.009077,0.851223,ArbiterPuf,ArbiterPuf-23-20260922-20:32:04-1127388,3,ArbiterPuf-23-20260922-20:32:04-1127388|phase2|3,23,23,23,sha3,10,,,,1.483483,0.191745,0.007244,0.010299,0.098944,0.001392,0.007063,0.010308,0.097641,0.001993,104,85,43,545,1,0
164,1,2.343,1.259142,1.083858,777,sha3,OMNeT++; module=UavAuthNetwork.uav[4]; config=ArbiterPuf,1.087884,0.04851,0.264637,0.08094,0.239555,0.835897,0.186455,0.08094,0.127156,0.204518,0.009378,0.844303,ArbiterPuf,ArbiterPuf-23-20260922-20:32:04-1127388,4,ArbiterPuf-23-20260922-20:32:04-1127388|phase2|4,23,23,23,sha3,10,,,,1.553013,0.186455,0.007222,0.010489,0.103622,0.001423,0.007364,0.010479,0.09787,0.001934,104,85,43,545,1,0
165,1,2.322622,1.263748,1.058874,777,sha3,OMNeT++; module=UavAuthNetwork.uav[5]; config=ArbiterPuf,1.101629,0.048019,0.299485,0.076271,0.221398,0.832301,0.197515,0.076271,0.128608,0.17434,0.009577,0.837476,ArbiterPuf,ArbiterPuf-23-20260922-20:32:04-1127388,5,ArbiterPuf-23-20260922-20:32:04-1127388|phase2|5,23,23,23,sha3,10,,,,1.532699,0.197515,0.007643,0.01076,0.104302,0.001563,0.007352,0.010329,0.098282,0.001963,104,85,43,545,1,0
166,1,2.344803,1.259163,1.08564,777,sha3,OMNeT++; module=UavAuthNetwork.uav[6]; config=ArbiterPuf,1.09631,0.0486,0.246923,0.076863,0.229501,0.833423,0.190964,0.076863,0.127075,0.167094,0.009127,0.85614,ArbiterPuf,ArbiterPuf-23-20260922-20:32:04-1127388,6,ArbiterPuf-23-20260922-20:32:04-1127388|phase2|6,23,23,23,sha3,10,,,,1.499658,0.190964,0.007182,0.010389,0.104874,0.001493,0.007212,0.01057,0.098012,0.001964,104,85,43,545,1,0
167,1,2.296962,1.246659,1.050303,777,sha3,OMNeT++; module=UavAuthNetwork.uav[7]; config=ArbiterPuf,1.083326,0.047849,0.243709,0.077033,0.221437,0.831469,0.185173,0.077033,0.132506,0.160584,0.009267,0.828865,ArbiterPuf,ArbiterPuf-23-20260922-20:32:04-1127388,7,ArbiterPuf-23-20260922-20:32:04-1127388|phase2|7,23,23,23,sha3,10,,,,1.454595,0.185173,0.007113,0.01042,0.100205,0.001443,0.007073,0.010399,0.098151,0.001954,104,85,43,545,1,0
168,1,2.306003,1.25361,1.052393,777,sha3,OMNeT++; module=UavAuthNetwork.uav[8]; config=ArbiterPuf,1.090509,0.04834,0.269158,0.076922,0.217318,0.827241,0.196904,0.076922,0.127156,0.186041,0.009257,0.835074,ArbiterPuf,ArbiterPuf-23-20260922-20:32:04-1127388,8,ArbiterPuf-23-20260922-20:32:04-1127388|phase2|8,23,23,23,sha3,10,,,,1.507591,0.196904,0.007094,0.0104,0.100226,0.001512,0.007112,0.010479,0.098441,0.001913,104,85,43,545,1,0
169,1,2.325068,1.252178,1.07289,777,sha3,OMNeT++; module=UavAuthNetwork.uav[9]; config=ArbiterPuf,1.089928,0.04849,0.24409,0.076622,0.226851,0.834665,0.189701,0.076622,0.127405,0.176902,0.009006,0.846039,ArbiterPuf,ArbiterPuf-23-20260922-20:32:04-1127388,9,ArbiterPuf-23-20260922-20:32:04-1127388|phase2|9,23,23,23,sha3,10,,,,1.493882,0.189701,0.007043,0.010459,0.099745,0.001413,0.007083,0.010398,0.099335,0.001974,104,85,43,545,1,0
170,1,2.370395,1.295937,1.074458,777,sha3,OMNeT++; module=UavAuthNetwork.uav[0]; config=ArbiterPuf,1.11264,0.050033,0.241464,0.086329,0.236295,0.835086,0.19439,0.086329,0.135801,0.162374,0.010639,0.838163,ArbiterPuf,ArbiterPuf-24-20260922-20:32:04-1127388,0,ArbiterPuf-24-20260922-20:32:04-1127388|phase2|0,24,24,24,sha3,10,,,,1.478296,0.19439,0.007975,0.011071,0.121906,0.002104,0.007905,0.01058,0.099224,0.008747,104,85,43,545,1,0
171,1,2.35772,1.269449,1.088271,777,sha3,OMNeT++; module=UavAuthNetwork.uav[1]; config=ArbiterPuf,1.098383,0.047748,0.258103,0.080769,0.239147,0.833093,0.197535,0.080769,0.127686,0.166383,0.009528,0.849124,ArbiterPuf,ArbiterPuf-24-20260922-20:32:04-1127388,1,ArbiterPuf-24-20260922-20:32:04-1127388|phase2|1,24,24,24,sha3,10,,,,1.512757,0.197535,0.007202,0.0106,0.104033,0.001573,0.007263,0.01049,0.098202,0.002334,104,85,43,545,1,0
172,1,2.321419,1.263889,1.05753,777,sha3,OMNeT++; module=UavAuthNetwork.uav[2]; config=ArbiterPuf,1.090779,0.047919,0.253089,0.081901,0.224941,0.832822,0.191053,0.081901,0.127115,0.189884,0.009308,0.832589,ArbiterPuf,ArbiterPuf-24-20260922-20:32:04-1127388,2,ArbiterPuf-24-20260922-20:32:04-1127388|phase2|2,24,24,24,sha3,10,,,,1.500504,0.191053,0.007293,0.01051,0.104914,0.001433,0.007224,0.010309,0.098241,0.002134,104,85,43,545,1,0
173,1,2.313699,1.24799,1.065709,777,sha3,OMNeT++; module=UavAuthNetwork.uav[3]; config=ArbiterPuf,1.086562,0.046686,0.265423,0.076181,0.231786,0.828664,0.191525,0.076181,0.132134,0.170336,0.009066,0.833923,ArbiterPuf,ArbiterPuf-24-20260922-20:32:04-1127388,3,ArbiterPuf-24-20260922-20:32:04-1127388|phase2|3,24,24,24,sha3,10,,,,1.501468,0.191525,0.007282,0.0103,0.099554,0.001443,0.007003,0.01044,0.103311,0.002073,104,85,43,545,1,0
174,1,2.323805,1.250534,1.073271,777,sha3,OMNeT++; module=UavAuthNetwork.uav[4]; config=ArbiterPuf,1.087073,0.048811,0.248682,0.076972,0.216109,0.822032,0.199049,0.076972,0.127907,0.162962,0.009517,0.857162,ArbiterPuf,ArbiterPuf-24-20260922-20:32:04-1127388,4,ArbiterPuf-24-20260922-20:32:04-1127388|phase2|4,24,24,24,sha3,10,,,,1.484916,0.199049,0.007243,0.01033,0.100135,0.001483,0.007374,0.01068,0.098513,0.001904,104,85,43,545,1,0
175,1,2.321642,1.254273,1.067369,777,sha3,OMNeT++; module=UavAuthNetwork.uav[5]; config=ArbiterPuf,1.091591,0.047448,0.247386,0.076572,0.222842,0.834325,0.190503,0.076572,0.126885,0.190181,0.009538,0.844527,ArbiterPuf,ArbiterPuf-24-20260922-20:32:04-1127388,5,ArbiterPuf-24-20260922-20:32:04-1127388|phase2|5,24,24,24,sha3,10,,,,1.504936,0.190503,0.007273,0.0105,0.099484,0.001733,0.007144,0.010249,0.097571,0.002034,104,85,43,545,1,0
176,1,2.332347,1.248803,1.083544,777,sha3,OMNeT++; module=UavAuthNetwork.uav[6]; config=ArbiterPuf,1.074098,0.048159,0.247141,0.082814,0.254303,0.810811,0.196895,0.082814,0.128708,0.162529,0.009077,0.82924,ArbiterPuf,ArbiterPuf-24-20260922-20:32:04-1127388,6,ArbiterPuf-24-20260922-20:32:04-1127388|phase2|6,24,24,24,sha3,10,,,,1.493214,0.196895,0.007253,0.01077,0.105856,0.001402,0.007203,0.010408,0.098501,0.001973,104,85,43,545,1,0
177,1,2.353579,1.270391,1.083188,777,sha3,OMNeT++; module=UavAuthNetwork.uav[7]; config=ArbiterPuf,1.108682,0.047348,0.256919,0.076311,0.219183,0.833774,0.207393,0.076311,0.126815,0.215868,0.009087,0.864005,ArbiterPuf,ArbiterPuf-24-20260922-20:32:04-1127388,7,ArbiterPuf-24-20260922-20:32:04-1127388|phase2|7,24,24,24,sha3,10,,,,1.555976,0.207393,0.007144,0.01052,0.099744,0.001362,0.007102,0.010289,0.098072,0.001984,104,85,43,545,1,0
178,1,2.327799,1.270121,1.057678,777,sha3,OMNeT++; module=UavAuthNetwork.uav[8]; config=ArbiterPuf,1.106538,0.0486,0.26249,0.077243,0.217906,0.830418,0.208596,0.077243,0.127476,0.169632,0.009097,0.839773,ArbiterPuf,ArbiterPuf-24-20260922-20:32:04-1127388,8,ArbiterPuf-24-20260922-20:32:04-1127388|phase2|8,24,24,24,sha3,10,,,,1.489801,0.208596,0.007142,0.01044,0.100557,0.001422,0.007332,0.01056,0.098483,0.002054,104,85,43,545,1,0
179,1,2.349498,1.299165,1.050333,777,sha3,OMNeT++; module=UavAuthNetwork.uav[9]; config=ArbiterPuf,1.128219,0.0486,0.247482,0.0809,0.216666,0.84287,0.218555,0.0809,0.127446,0.189092,0.009146,0.833667,ArbiterPuf,ArbiterPuf-24-20260922-20:32:04-1127388,9,ArbiterPuf-24-20260922-20:32:04-1127388|phase2|9,24,24,24,sha3,10,,,,1.486908,0.218555,0.007154,0.010319,0.104334,0.001393,0.007174,0.010399,0.099214,0.002024,104,85,43,545,1,0
180,1,2.349542,1.292293,1.057249,777,sha3,OMNeT++; module=UavAuthNetwork.uav[0]; config=ArbiterPuf,1.117599,0.050614,0.255726,0.081922,0.214169,0.838632,0.193388,0.081922,0.137254,0.178807,0.01085,0.84308,ArbiterPuf,ArbiterPuf-25-20260922-20:32:05-1127388,0,ArbiterPuf-25-20260922-20:32:05-1127388|phase2|0,25,25,25,sha3,10,,,,1.491783,0.193388,0.008105,0.0114,0.117848,0.002134,0.007834,0.010639,0.098983,0.009107,104,85,43,545,1,0
181,1,2.368358,1.271024,1.097334,777,sha3,OMNeT++; module=UavAuthNetwork.uav[1]; config=ArbiterPuf,1.106298,0.048519,0.247978,0.077494,0.230871,0.839184,0.193298,0.077494,0.127646,0.157953,0.009738,0.866464,ArbiterPuf,ArbiterPuf-25-20260922-20:32:05-1127388,1,ArbiterPuf-25-20260922-20:32:05-1127388|phase2|1,25,25,25,sha3,10,,,,1.503265,0.193298,0.007444,0.015279,0.100766,0.001613,0.007423,0.010609,0.098463,0.002254,104,85,43,545,1,0
182,1,2.393214,1.252749,1.140465,777,sha3,OMNeT++; module=UavAuthNetwork.uav[2]; config=ArbiterPuf,1.090138,0.048249,0.271245,0.076692,0.262361,0.831099,0.191344,0.076692,0.127305,0.170137,0.009227,0.878104,ArbiterPuf,ArbiterPuf-25-20260922-20:32:05-1127388,2,ArbiterPuf-25-20260922-20:32:05-1127388|phase2|2,25,25,25,sha3,10,,,,1.581848,0.191344,0.007274,0.010289,0.100165,0.001462,0.007224,0.010549,0.098141,0.001994,104,85,43,545,1,0
183,1,2.319142,1.256988,1.062154,777,sha3,OMNeT++; module=UavAuthNetwork.uav[3]; config=ArbiterPuf,1.093364,0.047288,0.249491,0.077053,0.228683,0.830137,0.196223,0.077053,0.135511,0.16028,0.009518,0.833471,ArbiterPuf,ArbiterPuf-25-20260922-20:32:05-1127388,3,ArbiterPuf-25-20260922-20:32:05-1127388|phase2|3,25,25,25,sha3,10,,,,1.471924,0.196223,0.007313,0.0106,0.100326,0.001603,0.007144,0.010299,0.098281,0.002084,104,85,43,545,1,0
184,1,2.320735,1.265865,1.05487,777,sha3,OMNeT++; module=UavAuthNetwork.uav[4]; config=ArbiterPuf,1.092803,0.048701,0.245058,0.081802,0.223187,0.827823,0.192827,0.081802,0.127896,0.168589,0.009458,0.831682,ArbiterPuf,ArbiterPuf-25-20260922-20:32:05-1127388,4,ArbiterPuf-25-20260922-20:32:05-1127388|phase2|4,25,25,25,sha3,10,,,,1.468517,0.192827,0.007304,0.010288,0.109823,0.001493,0.007344,0.010508,0.098502,0.001964,104,85,43,545,1,0
185,1,2.321152,1.254804,1.066348,777,sha3,OMNeT++; module=UavAuthNetwork.uav[5]; config=ArbiterPuf,1.091941,0.047548,0.271153,0.076793,0.225287,0.833483,0.191805,0.076793,0.127516,0.170974,0.009277,0.841062,ArbiterPuf,ArbiterPuf-25-20260922-20:32:05-1127388,5,ArbiterPuf-25-20260922-20:32:05-1127388|phase2|5,25,25,25,sha3,10,,,,1.508476,0.191805,0.007364,0.010469,0.100105,0.001563,0.007182,0.010359,0.098262,0.001993,104,85,43,545,1,0
186,1,2.340568,1.280511,1.060057,777,sha3,OMNeT++; module=UavAuthNetwork.uav[6]; config=ArbiterPuf,1.106208,0.047939,0.243164,0.082493,0.223883,0.833263,0.201813,0.082493,0.127546,0.16692,0.009317,0.836174,ArbiterPuf,ArbiterPuf-25-20260922-20:32:05-1127388,6,ArbiterPuf-25-20260922-20:32:05-1127388|phase2|6,25,25,25,sha3,10,,,,1.470141,0.201813,0.007162,0.010619,0.110034,0.001492,0.007174,0.010499,0.098262,0.001973,104,85,43,545,1,0
187,1,2.284154,1.234385,1.049769,777,sha3,OMNeT++; module=UavAuthNetwork.uav[7]; config=ArbiterPuf,1.072736,0.047307,0.251867,0.076261,0.219595,0.824125,0.182949,0.076261,0.127787,0.17786,0.009127,0.830174,ArbiterPuf,ArbiterPuf-25-20260922-20:32:05-1127388,7,ArbiterPuf-25-20260922-20:32:05-1127388|phase2|7,25,25,25,sha3,10,,,,1.479496,0.182949,0.007125,0.01034,0.098953,0.001412,0.007074,0.010269,0.097691,0.001853,104,85,43,545,1,0
188,1,2.31358,1.241789,1.071791,777,sha3,OMNeT++; module=UavAuthNetwork.uav[8]; config=ArbiterPuf,1.079899,0.04826,0.243003,0.076121,0.222807,0.823574,0.190633,0.076121,0.137164,0.202082,0.009648,0.848983,ArbiterPuf,ArbiterPuf-25-20260922-20:32:05-1127388,8,ArbiterPuf-25-20260922-20:32:05-1127388|phase2|8,25,25,25,sha3,10,,,,1.516876,0.190633,0.007084,0.010369,0.099414,0.001553,0.007223,0.014437,0.10241,0.002515,104,85,43,545,1,0
189,1,2.322143,1.264811,1.057332,777,sha3,OMNeT++; module=UavAuthNetwork.uav[9]; config=ArbiterPuf,1.101278,0.048159,0.272332,0.077133,0.219885,0.834445,0.195051,0.077133,0.127225,0.158248,0.009267,0.837447,ArbiterPuf,ArbiterPuf-25-20260922-20:32:05-1127388,9,ArbiterPuf-25-20260922-20:32:05-1127388|phase2|9,25,25,25,sha3,10,,,,1.487913,0.195051,0.007454,0.010429,0.105295,0.001583,0.007173,0.010469,0.098332,0.002004,104,85,43,545,1,0
190,1,2.366726,1.295488,1.071238,777,sha3,OMNeT++; module=UavAuthNetwork.uav[0]; config=ArbiterPuf,1.121806,0.051104,0.267217,0.08103,0.242605,0.832491,0.202745,0.08103,0.163623,0.174841,0.011622,0.828633,ArbiterPuf,ArbiterPuf-26-20260922-20:32:05-1127388,0,ArbiterPuf-26-20260922-20:32:05-1127388|phase2|0,26,26,26,sha3,10,,,,1.513297,0.202745,0.008014,0.011101,0.118449,0.002605,0.007523,0.013166,0.099154,0.011231,104,85,43,545,1,0
191,1,2.397495,1.301009,1.096486,777,sha3,OMNeT++; module=UavAuthNetwork.uav[1]; config=ArbiterPuf,1.13475,0.049061,0.259917,0.078165,0.254423,0.866143,0.194961,0.078165,0.130051,0.170345,0.009929,0.842063,ArbiterPuf,ArbiterPuf-26-20260922-20:32:05-1127388,1,ArbiterPuf-26-20260922-20:32:05-1127388|phase2|1,26,26,26,sha3,10,,,,1.526748,0.194961,0.007494,0.0111,0.10331,0.001683,0.007494,0.01078,0.098252,0.003597,104,85,43,545,1,0
192,1,2.328503,1.264832,1.063671,777,sha3,OMNeT++; module=UavAuthNetwork.uav[2]; config=ArbiterPuf,1.101509,0.04885,0.255405,0.076953,0.220464,0.828734,0.196103,0.076953,0.127376,0.169042,0.009417,0.843206,ArbiterPuf,ArbiterPuf-26-20260922-20:32:05-1127388,2,ArbiterPuf-26-20260922-20:32:05-1127388|phase2|2,26,26,26,sha3,10,,,,1.488118,0.196103,0.007234,0.010589,0.100976,0.001523,0.007324,0.01076,0.098372,0.002384,104,85,43,545,1,0
193,1,2.33118,1.269088,1.062092,777,sha3,OMNeT++; module=UavAuthNetwork.uav[3]; config=ArbiterPuf,1.105667,0.047598,0.263253,0.077132,0.224353,0.835456,0.19424,0.077132,0.126975,0.16374,0.009157,0.837739,ArbiterPuf,ArbiterPuf-26-20260922-20:32:05-1127388,3,ArbiterPuf-26-20260922-20:32:05-1127388|phase2|3,26,26,26,sha3,10,,,,1.489085,0.19424,0.007363,0.012984,0.105315,0.001482,0.007203,0.01045,0.098243,0.002003,104,85,43,545,1,0
194,1,2.339284,1.25369,1.085594,777,sha3,OMNeT++; module=UavAuthNetwork.uav[4]; config=ArbiterPuf,1.090789,0.047849,0.250786,0.076762,0.243085,0.83161,0.192075,0.076762,0.13516,0.167743,0.009377,0.842509,ArbiterPuf,ArbiterPuf-26-20260922-20:32:05-1127388,4,ArbiterPuf-26-20260922-20:32:05-1127388|phase2|4,26,26,26,sha3,10,,,,1.504123,0.192075,0.007304,0.01068,0.099744,0.001533,0.007134,0.010519,0.105326,0.002204,104,85,43,545,1,0
195,1,2.350145,1.272706,1.077439,777,sha3,OMNeT++; module=UavAuthNetwork.uav[5]; config=ArbiterPuf,1.099005,0.048129,0.25802,0.082092,0.249294,0.827652,0.203327,0.082092,0.127737,0.168706,0.009517,0.828145,ArbiterPuf,ArbiterPuf-26-20260922-20:32:05-1127388,5,ArbiterPuf-26-20260922-20:32:05-1127388|phase2|5,26,26,26,sha3,10,,,,1.504164,0.203327,0.007263,0.0106,0.105224,0.001553,0.007304,0.01054,0.098121,0.002184,104,85,43,545,1,0
196,1,2.332693,1.262798,1.069895,777,sha3,OMNeT++; module=UavAuthNetwork.uav[6]; config=ArbiterPuf,1.097251,0.047839,0.248288,0.078205,0.23818,0.835026,0.195322,0.078205,0.127646,0.177166,0.009137,0.831715,ArbiterPuf,ArbiterPuf-26-20260922-20:32:05-1127388,6,ArbiterPuf-26-20260922-20:32:05-1127388|phase2|6,26,26,26,sha3,10,,,,1.495349,0.195322,0.007103,0.0104,0.101759,0.001443,0.007122,0.010509,0.098062,0.001883,104,85,43,545,1,0
197,1,2.33868,1.248622,1.090058,777,sha3,OMNeT++; module=UavAuthNetwork.uav[7]; config=ArbiterPuf,1.086722,0.055903,0.243559,0.076341,0.244024,0.824737,0.195291,0.076341,0.127215,0.163009,0.009218,0.846034,ArbiterPuf,ArbiterPuf-26-20260922-20:32:05-1127388,7,ArbiterPuf-26-20260922-20:32:05-1127388|phase2|7,26,26,26,sha3,10,,,,1.496626,0.195291,0.007343,0.0102,0.099584,0.001513,0.007203,0.010178,0.106929,0.001953,104,85,43,545,1,0
198,1,2.311949,1.263169,1.04878,777,sha3,OMNeT++; module=UavAuthNetwork.uav[8]; config=ArbiterPuf,1.101198,0.048109,0.245983,0.076412,0.215462,0.834946,0.195272,0.076412,0.126564,0.165251,0.009147,0.833317,ArbiterPuf,ArbiterPuf-26-20260922-20:32:05-1127388,8,ArbiterPuf-26-20260922-20:32:05-1127388|phase2|8,26,26,26,sha3,10,,,,1.460013,0.195272,0.007233,0.010239,0.104434,0.001372,0.007193,0.010429,0.098051,0.001944,104,85,43,545,1,0
199,1,2.305065,1.259811,1.045254,777,sha3,OMNeT++; module=UavAuthNetwork.uav[9]; config=ArbiterPuf,1.074118,0.051455,0.259269,0.076912,0.21524,0.814087,0.192316,0.076912,0.126655,0.189781,0.031869,0.830014,ArbiterPuf,ArbiterPuf-26-20260922-20:32:05-1127388,9,ArbiterPuf-26-20260922-20:32:05-1127388|phase2|9,26,26,26,sha3,10,,,,1.494305,0.192316,0.008006,0.01044,0.100085,0.001412,0.008306,0.010218,0.100235,0.001963,104,85,43,545,1,0
200,1,2.353514,1.290547,1.062967,777,sha3,OMNeT++; module=UavAuthNetwork.uav[0]; config=ArbiterPuf,1.117208,0.049912,0.262672,0.08142,0.226344,0.837861,0.197636,0.08142,0.13547,0.16255,0.010499,0.836623,ArbiterPuf,ArbiterPuf-27-20260922-20:32:06-1127388,0,ArbiterPuf-27-20260922-20:32:06-1127388|phase2|0,27,27,27,sha3,10,,,,1.488189,0.197636,0.007985,0.011171,0.115995,0.002114,0.007606,0.010519,0.099334,0.008336,104,85,43,545,1,0
201,1,2.348579,1.271724,1.076855,777,sha3,OMNeT++; module=UavAuthNetwork.uav[1]; config=ArbiterPuf,1.103834,0.047928,0.2613,0.078896,0.22699,0.837821,0.197215,0.078896,0.177579,0.186012,0.010098,0.849865,ArbiterPuf,ArbiterPuf-27-20260922-20:32:06-1127388,1,ArbiterPuf-27-20260922-20:32:06-1127388|phase2|1,27,27,27,sha3,10,,,,1.524167,0.197215,0.007383,0.01071,0.103041,0.001763,0.007314,0.024034,0.122195,0.003116,104,85,43,545,1,0
202,1,2.344063,1.294465,1.049598,777,sha3,OMNeT++; module=UavAuthNetwork.uav[2]; config=ArbiterPuf,1.129691,0.049422,0.252264,0.077543,0.21972,0.863007,0.195392,0.077543,0.128969,0.167469,0.009688,0.829879,ArbiterPuf,ArbiterPuf-27-20260922-20:32:06-1127388,2,ArbiterPuf-27-20260922-20:32:06-1127388|phase2|2,27,27,27,sha3,10,,,,1.469331,0.195392,0.007474,0.01086,0.10262,0.001613,0.007383,0.0108,0.098423,0.003617,104,85,43,545,1,0
203,1,2.330745,1.26445,1.066295,777,sha3,OMNeT++; module=UavAuthNetwork.uav[3]; config=ArbiterPuf,1.099495,0.047879,0.284681,0.077744,0.23338,0.833833,0.193248,0.077744,0.127606,0.180103,0.009467,0.832915,ArbiterPuf,ArbiterPuf-27-20260922-20:32:06-1127388,3,ArbiterPuf-27-20260922-20:32:06-1127388|phase2|3,27,27,27,sha3,10,,,,1.531079,0.193248,0.007325,0.010869,0.105625,0.001583,0.007234,0.010498,0.098432,0.002174,104,85,43,545,1,0
204,1,2.347248,1.267958,1.07929,777,sha3,OMNeT++; module=UavAuthNetwork.uav[4]; config=ArbiterPuf,1.102882,0.048971,0.268102,0.077744,0.245071,0.836528,0.19942,0.077744,0.128557,0.186619,0.009588,0.834219,ArbiterPuf,ArbiterPuf-27-20260922-20:32:06-1127388,4,ArbiterPuf-27-20260922-20:32:06-1127388|phase2|4,27,27,27,sha3,10,,,,1.534012,0.19942,0.007262,0.010871,0.100867,0.001393,0.007174,0.010588,0.098773,0.002144,104,85,43,545,1,0
205,1,2.321384,1.273177,1.048207,777,sha3,OMNeT++; module=UavAuthNetwork.uav[5]; config=ArbiterPuf,1.100086,0.047919,0.241417,0.081912,0.220603,0.835196,0.197977,0.081912,0.127987,0.165831,0.009267,0.827604,ArbiterPuf,ArbiterPuf-27-20260922-20:32:06-1127388,5,ArbiterPuf-27-20260922-20:32:06-1127388|phase2|5,27,27,27,sha3,10,,,,1.455455,0.197977,0.007394,0.01062,0.105195,0.001563,0.007263,0.010549,0.098023,0.002204,104,85,43,545,1,0
206,1,2.335262,1.237633,1.097629,777,sha3,OMNeT++; module=UavAuthNetwork.uav[6]; config=ArbiterPuf,1.07483,0.04831,0.252042,0.076773,0.254423,0.818195,0.189862,0.076773,0.136583,0.181264,0.009257,0.843206,ArbiterPuf,ArbiterPuf-27-20260922-20:32:06-1127388,6,ArbiterPuf-27-20260922-20:32:06-1127388|phase2|6,27,27,27,sha3,10,,,,1.530935,0.189862,0.007164,0.010389,0.100084,0.001472,0.007222,0.01124,0.105976,0.002154,104,85,43,545,1,0
207,1,2.322217,1.255686,1.066531,777,sha3,OMNeT++; module=UavAuthNetwork.uav[7]; config=ArbiterPuf,1.092393,0.047508,0.288037,0.077093,0.22202,0.82652,0.198697,0.077093,0.127015,0.178913,0.009107,0.844511,ArbiterPuf,ArbiterPuf-27-20260922-20:32:06-1127388,7,ArbiterPuf-27-20260922-20:32:06-1127388|phase2|7,27,27,27,sha3,10,,,,1.533481,0.198697,0.007233,0.010449,0.100496,0.001452,0.007074,0.010509,0.098061,0.002024,104,85,43,545,1,0
208,1,2.326079,1.266165,1.059914,777,sha3,OMNeT++; module=UavAuthNetwork.uav[8]; config=ArbiterPuf,1.094126,0.048339,0.261631,0.081351,0.229166,0.835176,0.191845,0.081351,0.128178,0.199822,0.009337,0.830748,ArbiterPuf,ArbiterPuf-27-20260922-20:32:06-1127388,8,ArbiterPuf-27-20260922-20:32:06-1127388|phase2|8,27,27,27,sha3,10,,,,1.521367,0.191845,0.007293,0.010539,0.104623,0.001493,0.007174,0.01054,0.098322,0.002064,104,85,43,545,1,0
209,1,2.344641,1.278047,1.066594,777,sha3,OMNeT++; module=UavAuthNetwork.uav[9]; config=ArbiterPuf,1.092953,0.047358,0.249342,0.087933,0.237281,0.837871,0.188358,0.087933,0.127827,0.16328,0.009228,0.829313,ArbiterPuf,ArbiterPuf-27-20260922-20:32:06-1127388,9,ArbiterPuf-27-20260922-20:32:06-1127388|phase2|9,27,27,27,sha3,10,,,,1.479216,0.188358,0.007192,0.010969,0.110786,0.001483,0.007274,0.010439,0.098173,0.002124,104,85,43,545,1,0
210,1,2.378612,1.30741,1.071202,777,sha3,OMNeT++; module=UavAuthNetwork.uav[0]; config=ArbiterPuf,1.125534,0.050393,0.243232,0.085488,0.232465,0.838983,0.19976,0.085488,0.135661,0.176491,0.0109,0.838737,ArbiterPuf,ArbiterPuf-28-20260922-20:32:06-1127388,0,ArbiterPuf-28-20260922-20:32:06-1127388|phase2|0,28,28,28,sha3,10,,,,1.490925,0.19976,0.007866,0.013134,0.120543,0.002094,0.007794,0.01057,0.099314,0.008335,104,85,43,545,1,0
211,1,2.491222,1.397187,1.094035,777,sha3,OMNeT++; module=UavAuthNetwork.uav[1]; config=ArbiterPuf,1.211292,0.049141,0.261302,0.087793,0.238462,0.903633,0.234003,0.087793,0.165266,0.162409,0.010309,0.855574,ArbiterPuf,ArbiterPuf-28-20260922-20:32:06-1127388,1,ArbiterPuf-28-20260922-20:32:06-1127388|phase2|1,28,28,28,sha3,10,,,,1.517746,0.234003,0.007494,0.015509,0.109643,0.001794,0.009237,0.011601,0.106637,0.004368,104,85,43,545,1,0
212,1,2.362399,1.289248,1.073151,777,sha3,OMNeT++; module=UavAuthNetwork.uav[2]; config=ArbiterPuf,1.124582,0.049141,0.254589,0.077524,0.23726,0.848661,0.203627,0.077524,0.128268,0.195947,0.009618,0.835892,ArbiterPuf,ArbiterPuf-28-20260922-20:32:06-1127388,2,ArbiterPuf-28-20260922-20:32:06-1127388|phase2|2,28,28,28,sha3,10,,,,1.523687,0.203627,0.007403,0.01085,0.10278,0.001603,0.007304,0.01065,0.098582,0.003016,104,85,43,545,1,0
213,1,2.348209,1.270651,1.077558,777,sha3,OMNeT++; module=UavAuthNetwork.uav[3]; config=ArbiterPuf,1.097611,0.047468,0.25589,0.081781,0.225638,0.832331,0.195803,0.081781,0.126945,0.18819,0.009478,0.85192,ArbiterPuf,ArbiterPuf-28-20260922-20:32:06-1127388,3,ArbiterPuf-28-20260922-20:32:06-1127388|phase2|3,28,28,28,sha3,10,,,,1.521638,0.195803,0.007274,0.01049,0.105185,0.001583,0.007153,0.010448,0.098041,0.002134,104,85,43,545,1,0
214,1,2.348931,1.274659,1.074272,777,sha3,OMNeT++; module=UavAuthNetwork.uav[4]; config=ArbiterPuf,1.101479,0.048851,0.254427,0.081881,0.218447,0.836188,0.196995,0.081881,0.137905,0.161993,0.009418,0.855825,ArbiterPuf,ArbiterPuf-28-20260922-20:32:06-1127388,4,ArbiterPuf-28-20260922-20:32:06-1127388|phase2|4,28,28,28,sha3,10,,,,1.490692,0.196995,0.007193,0.010689,0.105276,0.001563,0.007344,0.010911,0.107698,0.002414,104,85,43,545,1,0
215,1,2.33004,1.25782,1.07222,777,sha3,OMNeT++; module=UavAuthNetwork.uav[5]; config=ArbiterPuf,1.094767,0.047098,0.269759,0.076933,0.230227,0.825247,0.202034,0.076933,0.127206,0.17374,0.009187,0.841994,ArbiterPuf,ArbiterPuf-28-20260922-20:32:06-1127388,5,ArbiterPuf-28-20260922-20:32:06-1127388|phase2|5,28,28,28,sha3,10,,,,1.515719,0.202034,0.007244,0.010509,0.100236,0.001503,0.007113,0.010169,0.097961,0.002164,104,85,43,545,1,0
216,1,2.379124,1.271494,1.10763,777,sha3,OMNeT++; module=UavAuthNetwork.uav[6]; config=ArbiterPuf,1.098825,0.048339,0.264095,0.081691,0.255511,0.836519,0.189931,0.081691,0.127426,0.164204,0.009287,0.852119,ArbiterPuf,ArbiterPuf-28-20260922-20:32:06-1127388,6,ArbiterPuf-28-20260922-20:32:06-1127388|phase2|6,28,28,28,sha3,10,,,,1.535929,0.189931,0.007222,0.01048,0.110014,0.001503,0.007153,0.01053,0.097992,0.002194,104,85,43,545,1,0
217,1,2.310773,1.250475,1.060298,777,sha3,OMNeT++; module=UavAuthNetwork.uav[7]; config=ArbiterPuf,1.088324,0.052517,0.249159,0.076412,0.219984,0.833443,0.188208,0.076412,0.126444,0.171852,0.009327,0.840314,ArbiterPuf,ArbiterPuf-28-20260922-20:32:06-1127388,7,ArbiterPuf-28-20260922-20:32:06-1127388|phase2|7,28,28,28,sha3,10,,,,1.481309,0.188208,0.007225,0.010379,0.099745,0.001473,0.007254,0.010279,0.102851,0.002034,104,85,43,545,1,0
218,1,2.342661,1.266094,1.076567,777,sha3,OMNeT++; module=UavAuthNetwork.uav[8]; config=ArbiterPuf,1.103142,0.04837,0.264301,0.076842,0.226241,0.832612,0.197044,0.076842,0.127687,0.176739,0.009268,0.850326,ArbiterPuf,ArbiterPuf-28-20260922-20:32:06-1127388,8,ArbiterPuf-28-20260922-20:32:06-1127388|phase2|8,28,28,28,sha3,10,,,,1.517607,0.197044,0.007153,0.01033,0.104894,0.001513,0.007313,0.010479,0.098222,0.002054,104,85,43,545,1,0
219,1,2.327247,1.257368,1.069879,777,sha3,OMNeT++; module=UavAuthNetwork.uav[9]; config=ArbiterPuf,1.081883,0.047318,0.244292,0.080489,0.237087,0.825198,0.189741,0.080489,0.127767,0.193811,0.014507,0.832793,ArbiterPuf,ArbiterPuf-28-20260922-20:32:06-1127388,9,ArbiterPuf-28-20260922-20:32:06-1127388|phase2|9,28,28,28,sha3,10,,,,1.507983,0.189741,0.007192,0.013404,0.100526,0.001603,0.007084,0.010259,0.097992,0.001974,104,85,43,545,1,0
220,1,2.396527,1.289577,1.10695,777,sha3,OMNeT++; module=UavAuthNetwork.uav[0]; config=ArbiterPuf,1.115415,0.049903,0.243412,0.081641,0.251718,0.838582,0.193759,0.081641,0.135782,0.16986,0.01088,0.855232,ArbiterPuf,ArbiterPuf-29-20260922-20:32:07-1127388,0,ArbiterPuf-29-20260922-20:32:07-1127388|phase2|0,29,29,29,sha3,10,,,,1.520221,0.193759,0.007963,0.010959,0.116396,0.002134,0.007695,0.01063,0.099053,0.008265,104,85,43,545,1,0
221,1,2.318598,1.257788,1.06081,777,sha3,OMNeT++; module=UavAuthNetwork.uav[1]; config=ArbiterPuf,1.093154,0.047628,0.267147,0.077423,0.224109,0.835256,0.188309,0.077423,0.133397,0.163955,0.009788,0.8367,ArbiterPuf,ArbiterPuf-29-20260922-20:32:07-1127388,1,ArbiterPuf-29-20260922-20:32:07-1127388|phase2|1,29,29,29,sha3,10,,,,1.491912,0.188309,0.007434,0.01083,0.100667,0.001643,0.007234,0.01045,0.098031,0.002284,104,85,43,545,1,0
222,1,2.307384,1.247471,1.059913,777,sha3,OMNeT++; module=UavAuthNetwork.uav[2]; config=ArbiterPuf,1.085089,0.047718,0.257203,0.076522,0.220608,0.822873,0.19416,0.076522,0.126124,0.202506,0.009338,0.839305,ArbiterPuf,ArbiterPuf-29-20260922-20:32:07-1127388,2,ArbiterPuf-29-20260922-20:32:07-1127388|phase2|2,29,29,29,sha3,10,,,,1.519622,0.19416,0.007194,0.0104,0.099755,0.001433,0.007144,0.01043,0.097801,0.001913,104,85,43,545,1,0
223,1,2.324247,1.257719,1.066528,777,sha3,OMNeT++; module=UavAuthNetwork.uav[3]; config=ArbiterPuf,1.094296,0.047979,0.256923,0.077113,0.226039,0.832101,0.18944,0.077113,0.127707,0.162577,0.009197,0.84049,ArbiterPuf,ArbiterPuf-29-20260922-20:32:07-1127388,3,ArbiterPuf-29-20260922-20:32:07-1127388|phase2|3,29,29,29,sha3,10,,,,1.486029,0.18944,0.007323,0.01072,0.105325,0.001523,0.007254,0.010559,0.098232,0.002244,104,85,43,545,1,0
224,1,2.315161,1.264121,1.05104,777,sha3,OMNeT++; module=UavAuthNetwork.uav[4]; config=ArbiterPuf,1.090649,0.048189,0.279026,0.082002,0.216079,0.824827,0.198768,0.082002,0.128588,0.165903,0.009468,0.834961,ArbiterPuf,ArbiterPuf-29-20260922-20:32:07-1127388,4,ArbiterPuf-29-20260922-20:32:07-1127388|phase2|4,29,29,29,sha3,10,,,,1.495969,0.198768,0.007283,0.01072,0.104825,0.001423,0.007234,0.010429,0.098652,0.002034,104,85,43,545,1,0
225,1,2.383079,1.303563,1.079516,777,sha3,OMNeT++; module=UavAuthNetwork.uav[5]; config=ArbiterPuf,1.129521,0.0486,0.251752,0.082322,0.229072,0.867226,0.193408,0.082322,0.128007,0.166361,0.009398,0.850444,ArbiterPuf,ArbiterPuf-29-20260922-20:32:07-1127388,5,ArbiterPuf-29-20260922-20:32:07-1127388|phase2|5,29,29,29,sha3,10,,,,1.497629,0.193408,0.007333,0.01102,0.106046,0.001493,0.007422,0.01048,0.098352,0.002414,104,85,43,545,1,0
226,1,2.359804,1.254733,1.105071,777,sha3,OMNeT++; module=UavAuthNetwork.uav[6]; config=ArbiterPuf,1.091581,0.047878,0.254546,0.077083,0.263424,0.833644,0.191194,0.077083,0.128177,0.16161,0.008986,0.841646,ArbiterPuf,ArbiterPuf-29-20260922-20:32:07-1127388,6,ArbiterPuf-29-20260922-20:32:07-1127388|phase2|6,29,29,29,sha3,10,,,,1.521227,0.191194,0.007222,0.01057,0.100075,0.001383,0.007123,0.010378,0.098111,0.001893,104,85,43,545,1,0
227,1,2.351656,1.262057,1.089599,777,sha3,OMNeT++; module=UavAuthNetwork.uav[7]; config=ArbiterPuf,1.099866,0.046997,0.260157,0.076131,0.256603,0.834626,0.199048,0.076131,0.152913,0.189631,0.009929,0.832995,ArbiterPuf,ArbiterPuf-29-20260922-20:32:07-1127388,7,ArbiterPuf-29-20260922-20:32:07-1127388|phase2|7,29,29,29,sha3,10,,,,1.539387,0.199048,0.007152,0.010338,0.099124,0.001573,0.007153,0.012905,0.098673,0.002394,104,85,43,545,1,0
228,1,2.342452,1.281881,1.060571,777,sha3,OMNeT++; module=UavAuthNetwork.uav[8]; config=ArbiterPuf,1.11856,0.04842,0.246848,0.076972,0.219677,0.824967,0.219136,0.076972,0.128708,0.168307,0.009377,0.840895,ArbiterPuf,ArbiterPuf-29-20260922-20:32:07-1127388,8,ArbiterPuf-29-20260922-20:32:07-1127388|phase2|8,29,29,29,sha3,10,,,,1.475726,0.219136,0.007414,0.01079,0.101188,0.001583,0.007263,0.010399,0.098693,0.002414,104,85,43,545,1,0
229,1,2.394764,1.327979,1.066785,777,sha3,OMNeT++; module=UavAuthNetwork.uav[9]; config=ArbiterPuf,1.141764,0.048249,0.249396,0.088344,0.230064,0.858108,0.206523,0.088344,0.137345,0.16846,0.009527,0.836721,ArbiterPuf,ArbiterPuf-29-20260922-20:32:07-1127388,9,ArbiterPuf-29-20260922-20:32:07-1127388|phase2|9,29,29,29,sha3,10,,,,1.484641,0.206523,0.007585,0.013205,0.109492,0.001553,0.008906,0.01107,0.104424,0.002675,104,85,43,545,1,0
230,1,2.359496,1.288515,1.070981,777,sha3,OMNeT++; module=UavAuthNetwork.uav[0]; config=ArbiterPuf,1.116066,0.050043,0.249726,0.08104,0.232185,0.83749,0.196714,0.08104,0.137053,0.186971,0.010369,0.838797,ArbiterPuf,ArbiterPuf-3-20260922-20:31:52-1127388,0,ArbiterPuf-3-20260922-20:31:52-1127388|phase2|0,3,3,3,sha3,10,,,,1.507678,0.196714,0.007906,0.01121,0.115773,0.002084,0.007805,0.01061,0.098943,0.008866,104,85,43,545,1,0
231,1,2.381498,1.311267,1.070231,777,sha3,OMNeT++; module=UavAuthNetwork.uav[1]; config=ArbiterPuf,1.115244,0.04865,0.287174,0.090928,0.234064,0.836438,0.208395,0.090928,0.145068,0.175748,0.014167,0.836167,ArbiterPuf,ArbiterPuf-3-20260922-20:31:52-1127388,1,ArbiterPuf-3-20260922-20:31:52-1127388|phase2|1,3,3,3,sha3,10,,,,1.533153,0.208395,0.011001,0.011271,0.103552,0.002485,0.007403,0.010719,0.098703,0.003717,104,85,43,545,1,0
232,1,2.370029,1.302843,1.067186,777,sha3,OMNeT++; module=UavAuthNetwork.uav[2]; config=ArbiterPuf,1.134861,0.050273,0.265616,0.079157,0.238633,0.836148,0.223524,0.079157,0.131093,0.164095,0.009668,0.828553,ArbiterPuf,ArbiterPuf-3-20260922-20:31:52-1127388,2,ArbiterPuf-3-20260922-20:31:52-1127388|phase2|2,3,3,3,sha3,10,,,,1.496897,0.223524,0.007544,0.011091,0.10795,0.001473,0.007524,0.010961,0.100506,0.002554,104,85,43,545,1,0
233,1,2.407886,1.35143,1.056456,777,sha3,OMNeT++; module=UavAuthNetwork.uav[3]; config=ArbiterPuf,1.165317,0.06491,0.259868,0.087962,0.217535,0.846067,0.225788,0.087962,0.130121,0.180963,0.010189,0.838921,ArbiterPuf,ArbiterPuf-3-20260922-20:31:52-1127388,3,ArbiterPuf-3-20260922-20:31:52-1127388|phase2|3,3,3,3,sha3,10,,,,1.497287,0.225788,0.009267,0.015319,0.126054,0.001813,0.008777,0.013355,0.109913,0.003716,104,85,43,545,1,0
234,1,2.354306,1.294897,1.059409,777,sha3,OMNeT++; module=UavAuthNetwork.uav[4]; config=ArbiterPuf,1.129871,0.049692,0.294036,0.077794,0.229769,0.852498,0.206151,0.077794,0.128598,0.160682,0.009438,0.82964,ArbiterPuf,ArbiterPuf-3-20260922-20:31:52-1127388,4,ArbiterPuf-3-20260922-20:31:52-1127388|phase2|4,3,3,3,sha3,10,,,,1.514127,0.206151,0.007674,0.01103,0.10306,0.001643,0.007454,0.01087,0.098542,0.003076,104,85,43,545,1,0
235,1,2.30137,1.24782,1.05355,777,sha3,OMNeT++; module=UavAuthNetwork.uav[5]; config=ArbiterPuf,1.078446,0.056244,0.257923,0.079908,0.21866,0.821541,0.188428,0.079908,0.128207,0.189043,0.009558,0.834889,ArbiterPuf,ArbiterPuf-3-20260922-20:31:52-1127388,5,ArbiterPuf-3-20260922-20:31:52-1127388|phase2|5,3,3,3,sha3,10,,,,1.500516,0.188428,0.008055,0.010941,0.101788,0.001683,0.009528,0.010569,0.103963,0.002584,104,85,43,545,1,0
236,1,2.338412,1.289446,1.048966,777,sha3,OMNeT++; module=UavAuthNetwork.uav[6]; config=ArbiterPuf,1.113751,0.048941,0.241023,0.083184,0.215949,0.841758,0.203156,0.083184,0.1294,0.17993,0.009327,0.833017,ArbiterPuf,ArbiterPuf-3-20260922-20:31:52-1127388,6,ArbiterPuf-3-20260922-20:31:52-1127388|phase2|6,3,3,3,sha3,10,,,,1.469919,0.203156,0.007323,0.011601,0.106277,0.001533,0.007333,0.01076,0.099415,0.002464,104,85,43,545,1,0
237,1,2.349103,1.261746,1.087357,777,sha3,OMNeT++; module=UavAuthNetwork.uav[7]; config=ArbiterPuf,1.098684,0.047879,0.252172,0.076862,0.233682,0.840896,0.189742,0.076862,0.126915,0.175546,0.009338,0.853675,ArbiterPuf,ArbiterPuf-3-20260922-20:31:52-1127388,7,ArbiterPuf-3-20260922-20:31:52-1127388|phase2|7,3,3,3,sha3,10,,,,1.515075,0.189742,0.007213,0.01068,0.100707,0.001463,0.007273,0.01039,0.097631,0.002375,104,85,43,545,1,0
238,1,2.332633,1.269751,1.062882,777,sha3,OMNeT++; module=UavAuthNetwork.uav[8]; config=ArbiterPuf,1.097903,0.048039,0.24693,0.08116,0.232634,0.831559,0.19998,0.08116,0.133377,0.180383,0.009528,0.830248,ArbiterPuf,ArbiterPuf-3-20260922-20:31:52-1127388,8,ArbiterPuf-3-20260922-20:31:52-1127388|phase2|8,3,3,3,sha3,10,,,,1.490195,0.19998,0.007274,0.010498,0.104513,0.001713,0.007203,0.010639,0.103502,0.002064,104,85,43,545,1,0
239,1,2.346803,1.261255,1.085548,777,sha3,OMNeT++; module=UavAuthNetwork.uav[9]; config=ArbiterPuf,1.090158,0.047518,0.251319,0.08107,0.244157,0.82102,0.198617,0.08107,0.126303,0.166278,0.008957,0.841391,ArbiterPuf,ArbiterPuf-3-20260922-20:31:52-1127388,9,ArbiterPuf-3-20260922-20:31:52-1127388|phase2|9,3,3,3,sha3,10,,,,1.503144,0.198617,0.007133,0.010168,0.108932,0.001412,0.007092,0.01028,0.097781,0.002034,104,85,43,545,1,0
240,1,2.352026,1.283356,1.06867,777,sha3,OMNeT++; module=UavAuthNetwork.uav[0]; config=ArbiterPuf,1.110686,0.049271,0.253513,0.08094,0.227468,0.841157,0.187717,0.08094,0.136112,0.173339,0.01079,0.841202,ArbiterPuf,ArbiterPuf-4-20260922-20:31:52-1127388,0,ArbiterPuf-4-20260922-20:31:52-1127388|phase2|0,4,4,4,sha3,10,,,,1.495521,0.187717,0.007803,0.01108,0.115684,0.002094,0.007574,0.01047,0.100106,0.008586,104,85,43,545,1,0
241,1,2.341276,1.278969,1.062307,777,sha3,OMNeT++; module=UavAuthNetwork.uav[1]; config=ArbiterPuf,1.104695,0.049081,0.247422,0.082383,0.215673,0.834866,0.192857,0.082383,0.128188,0.159418,0.009508,0.846634,ArbiterPuf,ArbiterPuf-4-20260922-20:31:52-1127388,1,ArbiterPuf-4-20260922-20:31:52-1127388|phase2|1,4,4,4,sha3,10,,,,1.469146,0.192857,0.008575,0.01072,0.112999,0.001593,0.007294,0.01101,0.099202,0.002525,104,85,43,545,1,0
242,1,2.359647,1.278365,1.081282,777,sha3,OMNeT++; module=UavAuthNetwork.uav[2]; config=ArbiterPuf,1.108361,0.04878,0.251234,0.080338,0.232516,0.83184,0.209678,0.080338,0.126504,0.178186,0.009328,0.848766,ArbiterPuf,ArbiterPuf-4-20260922-20:31:52-1127388,2,ArbiterPuf-4-20260922-20:31:52-1127388|phase2|2,4,4,4,sha3,10,,,,1.510702,0.209678,0.007154,0.012894,0.101057,0.001503,0.007273,0.010529,0.098273,0.002003,104,85,43,545,1,0
243,1,2.338537,1.264892,1.073645,777,sha3,OMNeT++; module=UavAuthNetwork.uav[3]; config=ArbiterPuf,1.102411,0.047007,0.254426,0.076662,0.245948,0.835426,0.195993,0.076662,0.132957,0.195317,0.009157,0.827697,ArbiterPuf,ArbiterPuf-4-20260922-20:31:52-1127388,3,ArbiterPuf-4-20260922-20:31:52-1127388|phase2|3,4,4,4,sha3,10,,,,1.523387,0.195993,0.007253,0.010399,0.104835,0.001482,0.007084,0.010409,0.104334,0.002014,104,85,43,545,1,0
244,1,2.346212,1.271835,1.074377,777,sha3,OMNeT++; module=UavAuthNetwork.uav[4]; config=ArbiterPuf,1.108582,0.048349,0.276796,0.076963,0.223333,0.82651,0.210019,0.076963,0.127336,0.164659,0.009327,0.851044,ArbiterPuf,ArbiterPuf-4-20260922-20:31:52-1127388,4,ArbiterPuf-4-20260922-20:31:52-1127388|phase2|4,4,4,4,sha3,10,,,,1.515832,0.210019,0.007232,0.010348,0.105597,0.001493,0.007293,0.01042,0.098163,0.002234,104,85,43,545,1,0
245,1,2.308513,1.251427,1.057086,777,sha3,OMNeT++; module=UavAuthNetwork.uav[5]; config=ArbiterPuf,1.087934,0.047308,0.256425,0.077133,0.217876,0.830006,0.191845,0.077133,0.126485,0.190998,0.009227,0.83921,ArbiterPuf,ArbiterPuf-4-20260922-20:31:52-1127388,5,ArbiterPuf-4-20260922-20:31:52-1127388|phase2|5,4,4,4,sha3,10,,,,1.504508,0.191845,0.007142,0.010821,0.100155,0.001503,0.007184,0.010238,0.098503,0.001924,104,85,43,545,1,0
246,1,2.321633,1.260933,1.0607,777,sha3,OMNeT++; module=UavAuthNetwork.uav[6]; config=ArbiterPuf,1.088084,0.04837,0.253378,0.081881,0.215548,0.832642,0.189591,0.081881,0.126064,0.16318,0.009087,0.845152,ArbiterPuf,ArbiterPuf-4-20260922-20:31:52-1127388,6,ArbiterPuf-4-20260922-20:31:52-1127388|phase2|6,4,4,4,sha3,10,,,,1.477257,0.189591,0.007124,0.01059,0.105204,0.001442,0.007204,0.010459,0.097981,0.001984,104,85,43,545,1,0
247,1,2.315881,1.25933,1.056551,777,sha3,OMNeT++; module=UavAuthNetwork.uav[7]; config=ArbiterPuf,1.096901,0.047999,0.257241,0.076581,0.214669,0.832882,0.197125,0.076581,0.126434,0.158203,0.009267,0.841882,ArbiterPuf,ArbiterPuf-4-20260922-20:31:52-1127388,7,ArbiterPuf-4-20260922-20:31:52-1127388|phase2|7,4,4,4,sha3,10,,,,1.471995,0.197125,0.007283,0.01052,0.100105,0.001463,0.007153,0.01041,0.098051,0.002264,104,85,43,545,1,0
248,1,2.304339,1.240426,1.063913,777,sha3,OMNeT++; module=UavAuthNetwork.uav[8]; config=ArbiterPuf,1.078026,0.048029,0.251906,0.076722,0.220797,0.818946,0.193348,0.076722,0.126404,0.171399,0.008956,0.843115,ArbiterPuf,ArbiterPuf-4-20260922-20:31:52-1127388,8,ArbiterPuf-4-20260922-20:31:52-1127388|phase2|8,4,4,4,sha3,10,,,,1.487218,0.193348,0.007053,0.010148,0.100146,0.001403,0.007193,0.01054,0.097962,0.001974,104,85,43,545,1,0
249,1,2.307676,1.259353,1.048323,777,sha3,OMNeT++; module=UavAuthNetwork.uav[9]; config=ArbiterPuf,1.098654,0.047337,0.286069,0.075791,0.21554,0.835186,0.193788,0.075791,0.125692,0.177986,0.009117,0.832784,ArbiterPuf,ArbiterPuf-4-20260922-20:31:52-1127388,9,ArbiterPuf-4-20260922-20:31:52-1127388|phase2|9,4,4,4,sha3,10,,,,1.512379,0.193788,0.007283,0.010179,0.10293,0.001373,0.007133,0.01038,0.097731,0.001933,104,85,43,545,1,0
250,1,2.334476,1.278916,1.05556,777,sha3,OMNeT++; module=UavAuthNetwork.uav[0]; config=ArbiterPuf,1.107049,0.049322,0.24115,0.080689,0.215422,0.829035,0.197124,0.080689,0.13497,0.180186,0.010489,0.840138,ArbiterPuf,ArbiterPuf-5-20260922-20:31:53-1127388,0,ArbiterPuf-5-20260922-20:31:53-1127388|phase2|0,5,5,5,sha3,10,,,,1.476895,0.197124,0.007914,0.011061,0.115103,0.002113,0.007614,0.010409,0.098542,0.009177,104,85,43,545,1,0
251,1,2.318801,1.250877,1.067924,777,sha3,OMNeT++; module=UavAuthNetwork.uav[1]; config=ArbiterPuf,1.087523,0.047698,0.240961,0.077003,0.223502,0.830247,0.189441,0.077003,0.127045,0.166102,0.009348,0.844421,ArbiterPuf,ArbiterPuf-5-20260922-20:31:53-1127388,1,ArbiterPuf-5-20260922-20:31:53-1127388|phase2|1,5,5,5,sha3,10,,,,1.474987,0.189441,0.007413,0.01056,0.100917,0.001473,0.007204,0.010329,0.098372,0.002204,104,85,43,545,1,0
252,1,2.332845,1.267966,1.064879,777,sha3,OMNeT++; module=UavAuthNetwork.uav[2]; config=ArbiterPuf,1.091981,0.0486,0.252816,0.083384,0.222889,0.832051,0.192626,0.083384,0.127075,0.219358,0.009217,0.841989,ArbiterPuf,ArbiterPuf-5-20260922-20:31:53-1127388,2,ArbiterPuf-5-20260922-20:31:53-1127388|phase2|2,5,5,5,sha3,10,,,,1.537052,0.192626,0.007225,0.01071,0.106577,0.001493,0.007354,0.01067,0.098843,0.002154,104,85,43,545,1,0
253,1,2.329595,1.25283,1.076765,777,sha3,OMNeT++; module=UavAuthNetwork.uav[3]; config=ArbiterPuf,1.090449,0.047688,0.264103,0.076552,0.232537,0.833543,0.190112,0.076552,0.126374,0.187932,0.009277,0.844228,ArbiterPuf,ArbiterPuf-5-20260922-20:31:53-1127388,3,ArbiterPuf-5-20260922-20:31:53-1127388|phase2|3,5,5,5,sha3,10,,,,1.5288,0.190112,0.007272,0.01037,0.099775,0.001553,0.007163,0.01041,0.098263,0.002034,104,85,43,545,1,0
254,1,2.323539,1.234945,1.088594,777,sha3,OMNeT++; module=UavAuthNetwork.uav[4]; config=ArbiterPuf,1.073898,0.047578,0.254947,0.07593,0.234407,0.81545,0.192075,0.07593,0.126223,0.175951,0.009187,0.854187,ArbiterPuf,ArbiterPuf-5-20260922-20:31:53-1127388,4,ArbiterPuf-5-20260922-20:31:53-1127388|phase2|4,5,5,5,sha3,10,,,,1.519492,0.192075,0.007244,0.010118,0.099335,0.001433,0.007122,0.010198,0.09745,0.002014,104,85,43,545,1,0
255,1,2.321313,1.256998,1.064315,777,sha3,OMNeT++; module=UavAuthNetwork.uav[5]; config=ArbiterPuf,1.094927,0.052938,0.251345,0.076492,0.229386,0.833053,0.191825,0.076492,0.126835,0.172304,0.009087,0.834928,ArbiterPuf,ArbiterPuf-5-20260922-20:31:53-1127388,5,ArbiterPuf-5-20260922-20:31:53-1127388|phase2|5,5,5,5,sha3,10,,,,1.487964,0.191825,0.007162,0.01048,0.103772,0.001433,0.007062,0.015448,0.098262,0.001984,104,85,43,545,1,0
256,1,2.290562,1.242169,1.048393,777,sha3,OMNeT++; module=UavAuthNetwork.uav[6]; config=ArbiterPuf,1.079188,0.047879,0.249698,0.076952,0.215077,0.82678,0.187197,0.076952,0.128087,0.166169,0.009077,0.833316,ArbiterPuf,ArbiterPuf-5-20260922-20:31:53-1127388,6,ArbiterPuf-5-20260922-20:31:53-1127388|phase2|6,5,5,5,sha3,10,,,,1.46426,0.187197,0.007092,0.01079,0.099254,0.001392,0.007123,0.01051,0.097531,0.001973,104,85,43,545,1,0
257,1,2.346348,1.25778,1.088568,777,sha3,OMNeT++; module=UavAuthNetwork.uav[7]; config=ArbiterPuf,1.085911,0.047087,0.255405,0.081431,0.226767,0.825899,0.194821,0.081431,0.127627,0.177332,0.009007,0.861802,ArbiterPuf,ArbiterPuf-5-20260922-20:31:53-1127388,7,ArbiterPuf-5-20260922-20:31:53-1127388|phase2|7,5,5,5,sha3,10,,,,1.521305,0.194821,0.007033,0.010279,0.104162,0.001382,0.007014,0.01033,0.097601,0.001883,104,85,43,545,1,0
258,1,2.312292,1.246447,1.065845,777,sha3,OMNeT++; module=UavAuthNetwork.uav[8]; config=ArbiterPuf,1.083957,0.047939,0.257236,0.076762,0.224603,0.824306,0.193648,0.076762,0.126645,0.174168,0.008966,0.841243,ArbiterPuf,ArbiterPuf-5-20260922-20:31:53-1127388,8,ArbiterPuf-5-20260922-20:31:53-1127388|phase2|8,5,5,5,sha3,10,,,,1.49725,0.193648,0.007034,0.01047,0.099775,0.001433,0.007153,0.010429,0.09769,0.001984,104,85,43,545,1,0
259,1,2.318666,1.250526,1.06814,777,sha3,OMNeT++; module=UavAuthNetwork.uav[9]; config=ArbiterPuf,1.088635,0.047097,0.256879,0.076442,0.236927,0.829766,0.192747,0.076442,0.126635,0.174389,0.009007,0.831214,ArbiterPuf,ArbiterPuf-5-20260922-20:31:53-1127388,9,ArbiterPuf-5-20260922-20:31:53-1127388|phase2|9,5,5,5,sha3,10,,,,1.499409,0.192747,0.007172,0.010498,0.099504,0.001452,0.007074,0.010269,0.09749,0.002004,104,85,43,545,1,0
260,1,2.514246,1.421774,1.092472,777,sha3,OMNeT++; module=UavAuthNetwork.uav[0]; config=ArbiterPuf,1.242821,0.056755,0.246599,0.083956,0.251098,0.938777,0.212223,0.083956,0.141071,0.181669,0.011041,0.841374,ArbiterPuf,ArbiterPuf-6-20260922-20:31:54-1127388,0,ArbiterPuf-6-20260922-20:31:54-1127388|phase2|0,6,6,6,sha3,10,,,,1.520741,0.212223,0.008265,0.01147,0.121324,0.002234,0.008134,0.01101,0.108431,0.008816,104,85,43,545,1,0
261,1,2.367715,1.322831,1.044884,777,sha3,OMNeT++; module=UavAuthNetwork.uav[1]; config=ArbiterPuf,1.150761,0.051145,0.254137,0.08067,0.21526,0.870301,0.207544,0.08067,0.133928,0.17107,0.01073,0.829623,ArbiterPuf,ArbiterPuf-6-20260922-20:31:54-1127388,1,ArbiterPuf-6-20260922-20:31:54-1127388|phase2|1,6,6,6,sha3,10,,,,1.470091,0.207544,0.007695,0.01114,0.106146,0.001693,0.007995,0.011071,0.10262,0.002836,104,85,43,545,1,0
262,1,2.469199,1.403959,1.06524,777,sha3,OMNeT++; module=UavAuthNetwork.uav[2]; config=ArbiterPuf,1.232561,0.051064,0.260794,0.0807,0.229266,0.945641,0.213315,0.0807,0.133608,0.161041,0.009998,0.835973,ArbiterPuf,ArbiterPuf-6-20260922-20:31:54-1127388,2,ArbiterPuf-6-20260922-20:31:54-1127388|phase2|2,6,6,6,sha3,10,,,,1.487075,0.213315,0.007635,0.01106,0.106066,0.001663,0.007735,0.01112,0.103572,0.002655,104,85,43,545,1,0
263,1,2.405914,1.338499,1.067415,777,sha3,OMNeT++; module=UavAuthNetwork.uav[3]; config=ArbiterPuf,1.162612,0.051345,0.243022,0.082924,0.220278,0.885519,0.20551,0.082924,0.137464,0.158505,0.010039,0.847137,ArbiterPuf,ArbiterPuf-6-20260922-20:31:54-1127388,3,ArbiterPuf-6-20260922-20:31:54-1127388|phase2|3,6,6,6,sha3,10,,,,1.468942,0.20551,0.007844,0.011341,0.108381,0.001673,0.007705,0.011271,0.106476,0.002645,104,85,43,545,1,0
264,1,2.39903,1.314816,1.084214,777,sha3,OMNeT++; module=UavAuthNetwork.uav[4]; config=ArbiterPuf,1.147455,0.050784,0.259656,0.078897,0.214398,0.861625,0.202646,0.078897,0.12945,0.169163,0.009567,0.869817,ArbiterPuf,ArbiterPuf-6-20260922-20:31:54-1127388,4,ArbiterPuf-6-20260922-20:31:54-1127388|phase2|4,6,6,6,sha3,10,,,,1.513033,0.202646,0.007694,0.01048,0.116045,0.001532,0.007384,0.01114,0.100485,0.002695,104,85,43,545,1,0
265,1,2.437921,1.355909,1.082012,777,sha3,OMNeT++; module=UavAuthNetwork.uav[5]; config=ArbiterPuf,1.174514,0.053469,0.241087,0.085528,0.241551,0.88066,0.21631,0.085528,0.141752,0.164653,0.010339,0.84046,ArbiterPuf,ArbiterPuf-6-20260922-20:31:54-1127388,5,ArbiterPuf-6-20260922-20:31:54-1127388|phase2|5,6,6,6,sha3,10,,,,1.487752,0.21631,0.007935,0.011682,0.116817,0.001582,0.008084,0.011592,0.109523,0.002254,104,85,43,545,1,0
266,1,2.421212,1.337316,1.083896,777,sha3,OMNeT++; module=UavAuthNetwork.uav[6]; config=ArbiterPuf,1.160719,0.05942,0.26326,0.083244,0.248712,0.886401,0.201584,0.083244,0.137956,0.192223,0.010109,0.835184,ArbiterPuf,ArbiterPuf-6-20260922-20:31:54-1127388,6,ArbiterPuf-6-20260922-20:31:54-1127388|phase2|6,6,6,6,sha3,10,,,,1.539379,0.201584,0.007715,0.011201,0.108862,0.001643,0.007874,0.011642,0.112649,0.002304,104,85,43,545,1,0
267,1,2.489395,1.384312,1.105083,777,sha3,OMNeT++; module=UavAuthNetwork.uav[7]; config=ArbiterPuf,1.206073,0.052898,0.24913,0.083955,0.244822,0.913532,0.217953,0.083955,0.138246,0.173556,0.010329,0.860261,ArbiterPuf,ArbiterPuf-6-20260922-20:31:54-1127388,7,ArbiterPuf-6-20260922-20:31:54-1127388|phase2|7,6,6,6,sha3,10,,,,1.527769,0.217953,0.007734,0.011602,0.109944,0.001653,0.007735,0.011471,0.106787,0.002585,104,85,43,545,1,0
268,1,2.64194,1.585404,1.056536,777,sha3,OMNeT++; module=UavAuthNetwork.uav[8]; config=ArbiterPuf,1.391636,0.080649,0.262523,0.091058,0.222476,0.980475,0.322437,0.091058,0.148936,0.191774,0.011652,0.83406,ArbiterPuf,ArbiterPuf-6-20260922-20:31:54-1127388,8,ArbiterPuf-6-20260922-20:31:54-1127388|phase2|8,6,6,6,sha3,10,,,,1.510834,0.322437,0.01101,0.014347,0.123017,0.002254,0.011031,0.01656,0.126273,0.00533,104,85,43,545,1,0
269,1,2.495057,1.418346,1.076711,777,sha3,OMNeT++; module=UavAuthNetwork.uav[9]; config=ArbiterPuf,1.23694,0.055212,0.28727,0.085318,0.218636,0.942244,0.21613,0.085318,0.167751,0.165138,0.01077,0.858075,ArbiterPuf,ArbiterPuf-6-20260922-20:31:54-1127388,9,ArbiterPuf-6-20260922-20:31:54-1127388|phase2|9,6,6,6,sha3,10,,,,1.52912,0.21613,0.008155,0.011841,0.111696,0.001834,0.008064,0.012052,0.112919,0.004007,104,85,43,545,1,0
270,1,2.351203,1.295127,1.056076,777,sha3,OMNeT++; module=UavAuthNetwork.uav[0]; config=ArbiterPuf,1.111257,0.049542,0.247163,0.08658,0.220975,0.833934,0.195162,0.08658,0.134609,0.170527,0.01071,0.835101,ArbiterPuf,ArbiterPuf-7-20260922-20:31:54-1127388,0,ArbiterPuf-7-20260922-20:31:54-1127388|phase2|0,7,7,7,sha3,10,,,,1.473766,0.195162,0.007885,0.01117,0.121174,0.002425,0.007493,0.01072,0.098972,0.008616,104,85,43,545,1,0
271,1,2.309887,1.241037,1.06885,777,sha3,OMNeT++; module=UavAuthNetwork.uav[1]; config=ArbiterPuf,1.078436,0.047087,0.253573,0.076662,0.231183,0.82686,0.184362,0.076662,0.126134,0.169969,0.009277,0.837666,ArbiterPuf,ArbiterPuf-7-20260922-20:31:54-1127388,1,ArbiterPuf-7-20260922-20:31:54-1127388|phase2|1,7,7,7,sha3,10,,,,1.492391,0.184362,0.007244,0.010438,0.099634,0.001503,0.007194,0.010229,0.09768,0.002194,104,85,43,545,1,0
272,1,2.321965,1.252419,1.069546,777,sha3,OMNeT++; module=UavAuthNetwork.uav[2]; config=ArbiterPuf,1.090268,0.047678,0.241033,0.076492,0.228696,0.830127,0.19433,0.076492,0.125663,0.176896,0.009167,0.84085,ArbiterPuf,ArbiterPuf-7-20260922-20:31:54-1127388,2,ArbiterPuf-7-20260922-20:31:54-1127388|phase2|2,7,7,7,sha3,10,,,,1.487475,0.19433,0.007134,0.010289,0.099534,0.001443,0.007134,0.01036,0.09757,0.002094,104,85,43,545,1,0
273,1,2.319883,1.228013,1.09187,777,sha3,OMNeT++; module=UavAuthNetwork.uav[3]; config=ArbiterPuf,1.064842,0.053079,0.251376,0.077012,0.251157,0.808526,0.190533,0.077012,0.125352,0.160425,0.009147,0.840714,ArbiterPuf,ArbiterPuf-7-20260922-20:31:54-1127388,3,ArbiterPuf-7-20260922-20:31:54-1127388|phase2|3,7,7,7,sha3,10,,,,1.503671,0.190533,0.007163,0.010769,0.099575,0.001413,0.007333,0.01021,0.103432,0.002014,104,85,43,545,1,0
274,1,2.29892,1.246218,1.052702,777,sha3,OMNeT++; module=UavAuthNetwork.uav[4]; config=ArbiterPuf,1.076513,0.047418,0.245854,0.080329,0.215478,0.821,0.190363,0.080329,0.125593,0.172727,0.009047,0.837224,ArbiterPuf,ArbiterPuf-7-20260922-20:31:54-1127388,4,ArbiterPuf-7-20260922-20:31:54-1127388|phase2|4,7,7,7,sha3,10,,,,1.471282,0.190363,0.006983,0.01024,0.103491,0.001392,0.007084,0.01029,0.09744,0.001883,104,85,43,545,1,0
275,1,2.378616,1.291411,1.087205,777,sha3,OMNeT++; module=UavAuthNetwork.uav[5]; config=ArbiterPuf,1.126385,0.057517,0.282257,0.077634,0.233688,0.836618,0.202796,0.077634,0.136001,0.170889,0.009758,0.853517,ArbiterPuf,ArbiterPuf-7-20260922-20:31:54-1127388,5,ArbiterPuf-7-20260922-20:31:54-1127388|phase2|5,7,7,7,sha3,10,,,,1.54035,0.202796,0.008947,0.013945,0.115223,0.001703,0.008996,0.014638,0.100355,0.003487,104,85,43,545,1,0
276,1,2.380385,1.283396,1.096989,777,sha3,OMNeT++; module=UavAuthNetwork.uav[6]; config=ArbiterPuf,1.102851,0.04857,0.271887,0.082483,0.221222,0.828544,0.206552,0.082483,0.182638,0.159728,0.015579,0.875767,ArbiterPuf,ArbiterPuf-7-20260922-20:31:54-1127388,6,ArbiterPuf-7-20260922-20:31:54-1127388|phase2|6,7,7,7,sha3,10,,,,1.528605,0.206552,0.007204,0.014656,0.100897,0.002524,0.008235,0.014647,0.113711,0.003727,104,85,43,545,1,0
277,1,2.387616,1.306489,1.081127,777,sha3,OMNeT++; module=UavAuthNetwork.uav[7]; config=ArbiterPuf,1.140701,0.049271,0.240931,0.077985,0.229761,0.859491,0.200972,0.077985,0.128789,0.179195,0.009818,0.851367,ArbiterPuf,ArbiterPuf-7-20260922-20:31:54-1127388,7,ArbiterPuf-7-20260922-20:31:54-1127388|phase2|7,7,7,7,sha3,10,,,,1.501254,0.200972,0.007435,0.011171,0.104223,0.001743,0.007715,0.0107,0.098894,0.003006,104,85,43,545,1,0
278,1,2.322129,1.266836,1.055293,777,sha3,OMNeT++; module=UavAuthNetwork.uav[8]; config=ArbiterPuf,1.104054,0.04875,0.268665,0.076732,0.220921,0.834294,0.197496,0.076732,0.126034,0.210569,0.009318,0.834373,ArbiterPuf,ArbiterPuf-7-20260922-20:31:54-1127388,8,ArbiterPuf-7-20260922-20:31:54-1127388|phase2|8,7,7,7,sha3,10,,,,1.534527,0.197496,0.007364,0.01052,0.105275,0.001513,0.007144,0.010669,0.098021,0.002124,104,85,43,545,1,0
279,1,2.325107,1.247079,1.078028,777,sha3,OMNeT++; module=UavAuthNetwork.uav[9]; config=ArbiterPuf,1.08557,0.047739,0.241105,0.076191,0.234868,0.823995,0.195372,0.076191,0.127255,0.161498,0.009127,0.843161,ArbiterPuf,ArbiterPuf-7-20260922-20:31:54-1127388,9,ArbiterPuf-7-20260922-20:31:54-1127388|phase2|9,7,7,7,sha3,10,,,,1.480631,0.195372,0.007213,0.01034,0.099002,0.001452,0.007153,0.010469,0.098332,0.001984,104,85,43,545,1,0
280,1,2.384816,1.297453,1.087363,777,sha3,OMNeT++; module=UavAuthNetwork.uav[0]; config=ArbiterPuf,1.114774,0.049461,0.258743,0.08616,0.221341,0.838983,0.19443,0.08616,0.134059,0.170668,0.010359,0.866022,ArbiterPuf,ArbiterPuf-8-20260922-20:31:55-1127388,0,ArbiterPuf-8-20260922-20:31:55-1127388|phase2|0,8,8,8,sha3,10,,,,1.516773,0.19443,0.007835,0.01115,0.120563,0.002094,0.007483,0.01044,0.098643,0.008476,104,85,43,545,1,0
281,1,2.333011,1.26464,1.068371,777,sha3,OMNeT++; module=UavAuthNetwork.uav[1]; config=ArbiterPuf,1.093975,0.048229,0.260491,0.080619,0.221713,0.829285,0.193377,0.080619,0.126354,0.185751,0.009427,0.846658,ArbiterPuf,ArbiterPuf-8-20260922-20:31:55-1127388,1,ArbiterPuf-8-20260922-20:31:55-1127388|phase2|1,8,8,8,sha3,10,,,,1.514613,0.193377,0.011032,0.01041,0.104062,0.001463,0.007314,0.01053,0.098201,0.002185,104,85,43,545,1,0
282,1,2.287997,1.245386,1.042611,777,sha3,OMNeT++; module=UavAuthNetwork.uav[2]; config=ArbiterPuf,1.083105,0.049061,0.253323,0.076552,0.214739,0.826801,0.189721,0.076552,0.126835,0.170735,0.009177,0.827872,ArbiterPuf,ArbiterPuf-8-20260922-20:31:55-1127388,2,ArbiterPuf-8-20260922-20:31:55-1127388|phase2|2,8,8,8,sha3,10,,,,1.466669,0.189721,0.007244,0.01049,0.099684,0.001473,0.007283,0.010961,0.098572,0.002104,104,85,43,545,1,0
283,1,2.355841,1.255573,1.100268,777,sha3,OMNeT++; module=UavAuthNetwork.uav[3]; config=ArbiterPuf,1.086441,0.047568,0.258087,0.076932,0.2317,0.818796,0.200481,0.076932,0.126765,0.164216,0.015268,0.868568,ArbiterPuf,ArbiterPuf-8-20260922-20:31:55-1127388,3,ArbiterPuf-8-20260922-20:31:55-1127388|phase2|3,8,8,8,sha3,10,,,,1.522571,0.200481,0.007252,0.010349,0.100306,0.001703,0.007232,0.010209,0.098333,0.002004,104,85,43,545,1,0
284,1,2.391007,1.321298,1.069709,777,sha3,OMNeT++; module=UavAuthNetwork.uav[4]; config=ArbiterPuf,1.155019,0.049221,0.251143,0.078085,0.221574,0.832962,0.250584,0.078085,0.12969,0.167897,0.010109,0.848134,ArbiterPuf,ArbiterPuf-8-20260922-20:31:55-1127388,4,ArbiterPuf-8-20260922-20:31:55-1127388|phase2|4,8,8,8,sha3,10,,,,1.488748,0.250584,0.007374,0.011792,0.103171,0.001713,0.007344,0.010559,0.098863,0.003296,104,85,43,545,1,0
285,1,2.398174,1.333408,1.064766,777,sha3,OMNeT++; module=UavAuthNetwork.uav[5]; config=ArbiterPuf,1.089767,0.053058,0.252052,0.112929,0.224103,0.830457,0.191304,0.112929,0.195181,0.158582,0.017783,0.840664,ArbiterPuf,ArbiterPuf-8-20260922-20:31:55-1127388,5,ArbiterPuf-8-20260922-20:31:55-1127388|phase2|5,8,8,8,sha3,10,,,,1.4754,0.191304,0.009649,0.024536,0.11899,0.001973,0.009878,0.01605,0.119652,0.004489,104,85,43,545,1,0
286,1,2.326435,1.273449,1.052986,777,sha3,OMNeT++; module=UavAuthNetwork.uav[6]; config=ArbiterPuf,1.108022,0.049261,0.257716,0.078005,0.223212,0.834064,0.203116,0.078005,0.128318,0.173442,0.009417,0.829774,ArbiterPuf,ArbiterPuf-8-20260922-20:31:55-1127388,6,ArbiterPuf-8-20260922-20:31:55-1127388|phase2|6,8,8,8,sha3,10,,,,1.484144,0.203116,0.007304,0.010679,0.102841,0.001543,0.007183,0.01064,0.098703,0.002194,104,85,43,545,1,0
287,1,2.31185,1.255092,1.056758,777,sha3,OMNeT++; module=UavAuthNetwork.uav[7]; config=ArbiterPuf,1.092011,0.047699,0.280253,0.076882,0.227502,0.834074,0.191154,0.076882,0.126834,0.161967,0.009317,0.829256,ArbiterPuf,ArbiterPuf-8-20260922-20:31:55-1127388,7,ArbiterPuf-8-20260922-20:31:55-1127388|phase2|7,8,8,8,sha3,10,,,,1.498979,0.191154,0.007254,0.01039,0.100085,0.001442,0.007212,0.010438,0.098161,0.002054,104,85,43,545,1,0
288,1,2.335148,1.255794,1.079354,777,sha3,OMNeT++; module=UavAuthNetwork.uav[8]; config=ArbiterPuf,1.095057,0.047929,0.250905,0.07585,0.2287,0.832521,0.191765,0.07585,0.131523,0.171136,0.009037,0.850655,ArbiterPuf,ArbiterPuf-8-20260922-20:31:55-1127388,8,ArbiterPuf-8-20260922-20:31:55-1127388|phase2|8,8,8,8,sha3,10,,,,1.501395,0.191765,0.007123,0.010369,0.103632,0.001453,0.007053,0.010679,0.103231,0.002063,104,85,43,545,1,0
289,1,2.315871,1.248641,1.06723,777,sha3,OMNeT++; module=UavAuthNetwork.uav[9]; config=ArbiterPuf,1.0858,0.047929,0.274864,0.076782,0.232092,0.82123,0.198618,0.076782,0.126434,0.162292,0.009277,0.835138,ArbiterPuf,ArbiterPuf-8-20260922-20:31:55-1127388,9,ArbiterPuf-8-20260922-20:31:55-1127388|phase2|9,8,8,8,sha3,10,,,,1.504386,0.198618,0.007134,0.010439,0.100016,0.001603,0.007043,0.01076,0.097891,0.002114,104,85,43,545,1,0
290,1,2.37797,1.2914,1.08657,777,sha3,OMNeT++; module=UavAuthNetwork.uav[0]; config=ArbiterPuf,1.118721,0.049552,0.251317,0.08104,0.253051,0.833913,0.202084,0.08104,0.134349,0.18046,0.010599,0.833519,ArbiterPuf,ArbiterPuf-9-20260922-20:31:55-1127388,0,ArbiterPuf-9-20260922-20:31:55-1127388|phase2|0,9,9,9,sha3,10,,,,1.518346,0.202084,0.007895,0.011342,0.115984,0.002073,0.007483,0.010438,0.098853,0.008466,104,85,43,545,1,0
291,1,2.295365,1.244014,1.051351,777,sha3,OMNeT++; module=UavAuthNetwork.uav[1]; config=ArbiterPuf,1.080591,0.047507,0.244709,0.077063,0.217526,0.81551,0.191795,0.077063,0.126504,0.175403,0.009297,0.833824,ArbiterPuf,ArbiterPuf-9-20260922-20:31:55-1127388,1,ArbiterPuf-9-20260922-20:31:55-1127388|phase2|1,9,9,9,sha3,10,,,,1.471462,0.191795,0.007282,0.010849,0.099786,0.001503,0.007254,0.010398,0.097651,0.002194,104,85,43,545,1,0
292,1,2.320291,1.24766,1.072631,777,sha3,OMNeT++; module=UavAuthNetwork.uav[2]; config=ArbiterPuf,1.086111,0.047438,0.281084,0.076171,0.235103,0.829215,0.190893,0.076171,0.125262,0.178227,0.009207,0.837528,ArbiterPuf,ArbiterPuf-9-20260922-20:31:55-1127388,2,ArbiterPuf-9-20260922-20:31:55-1127388|phase2|2,9,9,9,sha3,10,,,,1.531942,0.190893,0.007143,0.010129,0.099384,0.001412,0.007133,0.010109,0.097501,0.002023,104,85,43,545,1,0
293,1,2.331108,1.243653,1.087455,777,sha3,OMNeT++; module=UavAuthNetwork.uav[3]; config=ArbiterPuf,1.082454,0.047107,0.275446,0.076031,0.237928,0.825548,0.191234,0.076031,0.130822,0.167356,0.009137,0.849527,ArbiterPuf,ArbiterPuf-9-20260922-20:31:55-1127388,3,ArbiterPuf-9-20260922-20:31:55-1127388|phase2|3,9,9,9,sha3,10,,,,1.530257,0.191234,0.007172,0.010209,0.099284,0.001402,0.007062,0.015128,0.097841,0.001963,104,85,43,545,1,0
294,1,2.321204,1.256596,1.064608,777,sha3,OMNeT++; module=UavAuthNetwork.uav[4]; config=ArbiterPuf,1.086261,0.047778,0.269603,0.080689,0.232205,0.82136,0.198878,0.080689,0.125743,0.17009,0.008957,0.832403,ArbiterPuf,ArbiterPuf-9-20260922-20:31:55-1127388,4,ArbiterPuf-9-20260922-20:31:55-1127388|phase2|4,9,9,9,sha3,10,,,,1.504301,0.198878,0.007113,0.009979,0.104123,0.001413,0.007113,0.010229,0.097501,0.001984,104,85,43,545,1,0
295,1,2.342872,1.244966,1.097906,777,sha3,OMNeT++; module=UavAuthNetwork.uav[5]; config=ArbiterPuf,1.084007,0.047367,0.247849,0.075981,0.257755,0.827673,0.190552,0.075981,0.125552,0.159912,0.008997,0.840151,ArbiterPuf,ArbiterPuf-9-20260922-20:31:55-1127388,5,ArbiterPuf-9-20260922-20:31:55-1127388|phase2|5,9,9,9,sha3,10,,,,1.505667,0.190552,0.007135,0.010248,0.099404,0.001412,0.007113,0.010268,0.097521,0.001954,104,85,43,545,1,0
296,1,2.346946,1.261927,1.085019,777,sha3,OMNeT++; module=UavAuthNetwork.uav[6]; config=ArbiterPuf,1.083576,0.047578,0.249374,0.084607,0.219852,0.819657,0.198698,0.084607,0.126023,0.173399,0.009137,0.865167,ArbiterPuf,ArbiterPuf-9-20260922-20:31:55-1127388,6,ArbiterPuf-9-20260922-20:31:55-1127388|phase2|6,9,9,9,sha3,10,,,,1.507791,0.198698,0.006992,0.01061,0.107509,0.001443,0.007103,0.01038,0.098101,0.001994,104,85,43,545,1,0
297,1,2.361163,1.257336,1.103827,777,sha3,OMNeT++; module=UavAuthNetwork.uav[7]; config=ArbiterPuf,1.095438,0.047027,0.252318,0.076431,0.256932,0.826179,0.198999,0.076431,0.126415,0.172562,0.009036,0.846895,ArbiterPuf,ArbiterPuf-9-20260922-20:31:55-1127388,7,ArbiterPuf-9-20260922-20:31:55-1127388|phase2|7,9,9,9,sha3,10,,,,1.528708,0.198999,0.006993,0.01031,0.104152,0.001373,0.007013,0.010239,0.097841,0.001914,104,85,43,545,1,0
298,1,2.33198,1.242631,1.089349,777,sha3,OMNeT++; module=UavAuthNetwork.uav[8]; config=ArbiterPuf,1.08021,0.0486,0.240652,0.076612,0.250698,0.818455,0.194951,0.076612,0.126504,0.180107,0.009197,0.838651,ArbiterPuf,ArbiterPuf-9-20260922-20:31:55-1127388,8,ArbiterPuf-9-20260922-20:31:55-1127388|phase2|8,9,9,9,sha3,10,,,,1.510108,0.194951,0.007214,0.010209,0.100226,0.001403,0.007053,0.01056,0.098542,0.002074,104,85,43,545,1,0
299,1,2.313626,1.267496,1.04613,777,sha3,OMNeT++; module=UavAuthNetwork.uav[9]; config=ArbiterPuf,1.101819,0.060061,0.253479,0.078175,0.216097,0.840385,0.193639,0.078175,0.126544,0.162312,0.009327,0.830032,ArbiterPuf,ArbiterPuf-9-20260922-20:31:55-1127388,9,ArbiterPuf-9-20260922-20:31:55-1127388|phase2|9,9,9,9,sha3,10,,,,1.46192,0.193639,0.007244,0.01059,0.101869,0.001553,0.007434,0.017191,0.103541,0.002214,104,85,43,545,1,0
300,1,2.588474,1.510295,1.078179,777,sha3,OMNeT++; module=UavAuthNetwork.uav[0]; config=HighNoise,1.288585,0.052808,0.256671,0.104754,0.249728,0.840536,0.209187,0.104754,0.138787,0.183693,0.012202,0.828452,HighNoise,HighNoise-0-20260922-20:32:08-1127566,0,HighNoise-0-20260922-20:32:08-1127566|phase2|0,0,0,0,sha3,10,,,,1.518543,0.209187,0.011641,0.011522,0.29159,0.003917,0.008386,0.011461,0.100025,0.011381,104,85,43,545,1,0
301,0,0.0,0.0,0.0,0,sha3,OMNeT++; module=UavAuthNetwork.uav[1]; config=HighNoise,0.0,0.0,0.0,0.0,0.0,0.836127,0.182608,0.0,0.0,0.0,0.0,0.0,HighNoise,HighNoise-0-20260922-20:32:08-1127566,1,HighNoise-0-20260922-20:32:08-1127566|phase2|1,0,0,0,sha3,10,,,,0.0,0.182608,0.0,0.0,0.0,0.0,0.0,0.0,0.0,0.0,0,0,0,0,0,0
302,1,2.355581,1.272927,1.082654,777,sha3,OMNeT++; module=UavAuthNetwork.uav[2]; config=HighNoise,1.109404,0.04895,0.251383,0.077013,0.240544,0.833974,0.206983,0.077013,0.126124,0.166302,0.009497,0.842109,HighNoise,HighNoise-0-20260922-20:32:08-1127566,2,HighNoise-0-20260922-20:32:08-1127566|phase2|2,0,0,0,sha3,10,,,,1.500338,0.206983,0.007433,0.010538,0.101198,0.001573,0.007354,0.01049,0.098202,0.002504,104,85,43,545,1,0
303,1,2.320453,1.266985,1.053468,777,sha3,OMNeT++; module=UavAuthNetwork.uav[3]; config=HighNoise,1.102912,0.055052,0.244435,0.077373,0.225942,0.830127,0.206242,0.077373,0.130081,0.174349,0.009327,0.827526,HighNoise,HighNoise-0-20260922-20:32:08-1127566,3,HighNoise-0-20260922-20:32:08-1127566|phase2|3,0,0,0,sha3,10,,,,1.472252,0.206242,0.007332,0.01083,0.100557,0.001502,0.007403,0.010549,0.106177,0.002214,104,85,43,545,1,0
304,1,2.33028,1.270781,1.059499,777,sha3,OMNeT++; module=UavAuthNetwork.uav[4]; config=HighNoise,1.108492,0.047608,0.270651,0.076621,0.23005,0.834645,0.207735,0.076621,0.125602,0.162469,0.009047,0.829448,HighNoise,HighNoise-0-20260922-20:32:08-1127566,4,HighNoise-0-20260922-20:32:08-1127566|phase2|4,0,0,0,sha3,10,,,,1.492619,0.207735,0.007135,0.010449,0.100145,0.001473,0.007143,0.0104,0.098322,0.002204,104,85,43,545,1,0
305,1,2.423223,1.315414,1.107809,777,sha3,OMNeT++; module=UavAuthNetwork.uav[5]; config=HighNoise,1.149608,0.050283,0.241889,0.077924,0.257605,0.838232,0.240075,0.077924,0.137405,0.189383,0.009958,0.850204,HighNoise,HighNoise-0-20260922-20:32:08-1127566,5,HighNoise-0-20260922-20:32:08-1127566|phase2|5,0,0,0,sha3,10,,,,1.539081,0.240075,0.007835,0.011772,0.103151,0.001793,0.007614,0.011451,0.107029,0.003155,104,85,43,545,1,0
306,0,0.0,0.0,0.0,0,sha3,OMNeT++; module=UavAuthNetwork.uav[6]; config=HighNoise,0.0,0.0,0.0,0.0,0.0,0.827281,0.195663,0.0,0.0,0.0,0.0,0.0,HighNoise,HighNoise-0-20260922-20:32:08-1127566,6,HighNoise-0-20260922-20:32:08-1127566|phase2|6,0,0,0,sha3,10,,,,0.0,0.195663,0.0,0.0,0.0,0.0,0.0,0.0,0.0,0.0,0,0,0,0,0,0
307,1,2.550348,1.474338,1.07601,777,sha3,OMNeT++; module=UavAuthNetwork.uav[7]; config=HighNoise,1.306549,0.050945,0.245512,0.078715,0.227281,0.944949,0.27056,0.078715,0.130212,0.164592,0.010359,0.848729,HighNoise,HighNoise-0-20260922-20:32:08-1127566,7,HighNoise-0-20260922-20:32:08-1127566|phase2|7,0,0,0,sha3,10,,,,1.486114,0.27056,0.007884,0.014757,0.113489,0.001863,0.007514,0.011311,0.099214,0.004068,104,85,43,545,1,0
308,1,2.539178,1.454954,1.084224,777,sha3,OMNeT++; module=UavAuthNetwork.uav[8]; config=HighNoise,1.288425,0.052087,0.252117,0.078285,0.244646,0.857818,0.339749,0.078285,0.129029,0.172502,0.009959,0.839578,HighNoise,HighNoise-0-20260922-20:32:08-1127566,8,HighNoise-0-20260922-20:32:08-1127566|phase2|8,0,0,0,sha3,10,,,,1.508843,0.339749,0.008145,0.014026,0.118278,0.001844,0.007663,0.011982,0.099164,0.003576,104,85,43,545,1,0
309,1,2.323796,1.272235,1.051561,777,sha3,OMNeT++; module=UavAuthNetwork.uav[9]; config=HighNoise,1.109414,0.048279,0.242171,0.076722,0.214395,0.833633,0.208005,0.076722,0.126705,0.188,0.009377,0.837166,HighNoise,HighNoise-0-20260922-20:32:08-1127566,9,HighNoise-0-20260922-20:32:08-1127566|phase2|9,0,0,0,sha3,10,,,,1.481733,0.208005,0.007394,0.010459,0.100125,0.001542,0.007304,0.010579,0.098312,0.002254,104,85,43,545,1,0
310,1,2.36716,1.310686,1.056474,777,sha3,OMNeT++; module=UavAuthNetwork.uav[0]; config=HighNoise,1.135953,0.050263,0.268297,0.082102,0.224628,0.841387,0.210019,0.082102,0.134369,0.158713,0.010529,0.831845,HighNoise,HighNoise-1-20260922-20:32:08-1127566,0,HighNoise-1-20260922-20:32:08-1127566|phase2|0,1,1,1,sha3,10,,,,1.483483,0.210019,0.008165,0.011712,0.118008,0.002084,0.007704,0.01071,0.099134,0.008225,104,85,43,545,1,0
311,1,2.322652,1.265873,1.056779,777,sha3,OMNeT++; module=UavAuthNetwork.uav[1]; config=HighNoise,1.103022,0.048089,0.264262,0.076812,0.225093,0.833123,0.202094,0.076812,0.126424,0.175273,0.009227,0.831686,HighNoise,HighNoise-1-20260922-20:32:08-1127566,1,HighNoise-1-20260922-20:32:08-1127566|phase2|1,1,1,1,sha3,10,,,,1.496314,0.202094,0.007314,0.010319,0.100035,0.001483,0.007324,0.01058,0.098462,0.002214,104,85,43,545,1,0
312,1,2.350981,1.261756,1.089225,777,sha3,OMNeT++; module=UavAuthNetwork.uav[2]; config=HighNoise,1.099455,0.047958,0.252213,0.076542,0.236517,0.830477,0.202725,0.076542,0.125763,0.169952,0.009217,0.852708,HighNoise,HighNoise-1-20260922-20:32:08-1127566,2,HighNoise-1-20260922-20:32:08-1127566|phase2|2,1,1,1,sha3,10,,,,1.51139,0.202725,0.007273,0.010319,0.099685,0.001463,0.007334,0.010389,0.098293,0.002104,104,85,43,545,1,0
313,1,2.330802,1.255834,1.074968,777,sha3,OMNeT++; module=UavAuthNetwork.uav[3]; config=HighNoise,1.094576,0.047337,0.252408,0.076191,0.246567,0.826971,0.201763,0.076191,0.125232,0.165107,0.008876,0.828402,HighNoise,HighNoise-1-20260922-20:32:08-1127566,3,HighNoise-1-20260922-20:32:08-1127566|phase2|3,1,1,1,sha3,10,,,,1.492483,0.201763,0.007242,0.010439,0.099254,0.001402,0.007244,0.010368,0.097721,0.002054,104,85,43,545,1,0
314,1,2.316157,1.254612,1.061545,777,sha3,OMNeT++; module=UavAuthNetwork.uav[4]; config=HighNoise,1.093504,0.047378,0.271349,0.076141,0.216598,0.828253,0.199019,0.076141,0.125513,0.179885,0.008826,0.844948,HighNoise,HighNoise-1-20260922-20:32:08-1127566,4,HighNoise-1-20260922-20:32:08-1127566|phase2|4,1,1,1,sha3,10,,,,1.51278,0.199019,0.007213,0.01018,0.098993,0.001403,0.007224,0.010269,0.09767,0.002004,104,85,43,545,1,0
315,1,2.350838,1.268399,1.082439,777,sha3,OMNeT++; module=UavAuthNetwork.uav[5]; config=HighNoise,1.104304,0.047278,0.242388,0.077514,0.216014,0.832611,0.206232,0.077514,0.132886,0.159153,0.009067,0.866426,HighNoise,HighNoise-1-20260922-20:32:08-1127566,5,HighNoise-1-20260922-20:32:08-1127566|phase2|5,1,1,1,sha3,10,,,,1.483981,0.206232,0.007334,0.010941,0.099545,0.001392,0.007244,0.010521,0.104213,0.002104,104,85,43,545,1,0
316,1,2.331285,1.256757,1.074528,777,sha3,OMNeT++; module=UavAuthNetwork.uav[6]; config=HighNoise,1.095558,0.047568,0.283112,0.076101,0.221452,0.82155,0.208617,0.076101,0.126835,0.202522,0.008997,0.853076,HighNoise,HighNoise-1-20260922-20:32:08-1127566,6,HighNoise-1-20260922-20:32:08-1127566|phase2|6,1,1,1,sha3,10,,,,1.560162,0.208617,0.007193,0.01025,0.099263,0.001382,0.007294,0.010249,0.097511,0.002074,104,85,43,545,1,0
317,1,2.311237,1.234072,1.077165,777,sha3,OMNeT++; module=UavAuthNetwork.uav[7]; config=HighNoise,1.071954,0.047327,0.244929,0.076631,0.225607,0.808968,0.197625,0.076631,0.125963,0.185028,0.008856,0.851558,HighNoise,HighNoise-1-20260922-20:32:08-1127566,7,HighNoise-1-20260922-20:32:08-1127566|phase2|7,1,1,1,sha3,10,,,,1.507122,0.197625,0.007204,0.010248,0.099484,0.001363,0.007122,0.010509,0.098332,0.002013,104,85,43,545,1,0
318,1,2.401538,1.279468,1.12207,777,sha3,OMNeT++; module=UavAuthNetwork.uav[8]; config=HighNoise,1.115475,0.05435,0.255804,0.077483,0.244446,0.83698,0.205951,0.077483,0.126775,0.173615,0.009027,0.877624,HighNoise,HighNoise-1-20260922-20:32:08-1127566,8,HighNoise-1-20260922-20:32:08-1127566|phase2|8,1,1,1,sha3,10,,,,1.55149,0.205951,0.008606,0.010539,0.103732,0.001452,0.007334,0.010519,0.104252,0.002134,104,85,43,545,1,0
319,1,2.338244,1.263879,1.074365,777,sha3,OMNeT++; module=UavAuthNetwork.uav[9]; config=HighNoise,1.101299,0.047868,0.246992,0.076872,0.223261,0.832912,0.201002,0.076872,0.126464,0.161871,0.008836,0.851104,HighNoise,HighNoise-1-20260922-20:32:08-1127566,9,HighNoise-1-20260922-20:32:08-1127566|phase2|9,1,1,1,sha3,10,,,,1.483228,0.201002,0.007494,0.01055,0.100407,0.001342,0.007233,0.01041,0.098453,0.002164,104,85,43,545,1,0
320,1,2.39231,1.320454,1.071856,777,sha3,OMNeT++; module=UavAuthNetwork.uav[0]; config=HighNoise,1.14499,0.050934,0.271861,0.082392,0.220613,0.845576,0.215068,0.082392,0.136562,0.180079,0.01068,0.851243,HighNoise,HighNoise-10-20260922-20:32:14-1127566,0,HighNoise-10-20260922-20:32:14-1127566|phase2|0,10,10,10,sha3,10,,,,1.523796,0.215068,0.008115,0.011331,0.11839,0.002144,0.007874,0.01064,0.100596,0.008465,104,85,43,545,1,0
321,1,2.346799,1.273617,1.073182,777,sha3,OMNeT++; module=UavAuthNetwork.uav[1]; config=HighNoise,1.109424,0.048379,0.246353,0.077403,0.244752,0.841718,0.199038,0.077403,0.127937,0.16052,0.009387,0.828429,HighNoise,HighNoise-10-20260922-20:32:14-1127566,1,HighNoise-10-20260922-20:32:14-1127566|phase2|1,10,10,10,sha3,10,,,,1.480055,0.199038,0.007323,0.01053,0.101357,0.001462,0.007403,0.010499,0.099545,0.002244,104,85,43,545,1,0
322,1,2.372446,1.282584,1.089862,777,sha3,OMNeT++; module=UavAuthNetwork.uav[2]; config=HighNoise,1.118871,0.049351,0.257365,0.077163,0.241705,0.84231,0.208766,0.077163,0.127376,0.177806,0.009387,0.848157,HighNoise,HighNoise-10-20260922-20:32:14-1127566,2,HighNoise-10-20260922-20:32:14-1127566|phase2|2,10,10,10,sha3,10,,,,1.525032,0.208766,0.007413,0.010269,0.101117,0.001452,0.007484,0.010729,0.099705,0.002134,104,85,43,545,1,0
323,1,2.36402,1.300348,1.063672,777,sha3,OMNeT++; module=UavAuthNetwork.uav[3]; config=HighNoise,1.13462,0.04889,0.239393,0.078095,0.214147,0.849593,0.211542,0.078095,0.128508,0.164677,0.009538,0.849525,HighNoise,HighNoise-10-20260922-20:32:14-1127566,3,HighNoise-10-20260922-20:32:14-1127566|phase2|3,10,10,10,sha3,10,,,,1.467742,0.211542,0.007645,0.01082,0.106968,0.001603,0.007464,0.01071,0.099575,0.002515,104,85,43,545,1,0
324,1,2.554541,1.512479,1.042062,777,sha3,OMNeT++; module=UavAuthNetwork.uav[4]; config=HighNoise,1.289527,0.052777,0.243489,0.105976,0.214543,0.890498,0.32416,0.105976,0.150399,0.170936,0.011,0.827519,HighNoise,HighNoise-10-20260922-20:32:14-1127566,4,HighNoise-10-20260922-20:32:14-1127566|phase2|4,10,10,10,sha3,10,,,,1.456487,0.32416,0.007834,0.018604,0.126444,0.002154,0.009056,0.012634,0.113892,0.0051,104,85,43,545,1,0
325,1,2.36805,1.287013,1.081037,777,sha3,OMNeT++; module=UavAuthNetwork.uav[5]; config=HighNoise,1.119553,0.051034,0.263438,0.078956,0.246385,0.847228,0.19945,0.078956,0.131303,0.17407,0.009548,0.834652,HighNoise,HighNoise-10-20260922-20:32:14-1127566,5,HighNoise-10-20260922-20:32:14-1127566|phase2|5,10,10,10,sha3,10,,,,1.518545,0.19945,0.007735,0.011031,0.103561,0.001603,0.007574,0.01071,0.099935,0.002575,104,85,43,545,1,0
326,1,2.365063,1.303543,1.06152,777,sha3,OMNeT++; module=UavAuthNetwork.uav[6]; config=HighNoise,1.136073,0.058438,0.268554,0.078906,0.222836,0.851987,0.213165,0.078906,0.130261,0.175809,0.009658,0.838684,HighNoise,HighNoise-10-20260922-20:32:14-1127566,6,HighNoise-10-20260922-20:32:14-1127566|phase2|6,10,10,10,sha3,10,,,,1.505884,0.213165,0.007573,0.01108,0.103473,0.001633,0.007764,0.011261,0.107298,0.002675,104,85,43,545,1,0
327,0,0.0,0.0,0.0,0,sha3,OMNeT++; module=UavAuthNetwork.uav[7]; config=HighNoise,0.0,0.0,0.0,0.0,0.0,0.843211,0.188118,0.0,0.0,0.0,0.0,0.0,HighNoise,HighNoise-10-20260922-20:32:14-1127566,7,HighNoise-10-20260922-20:32:14-1127566|phase2|7,10,10,10,sha3,10,,,,0.0,0.188118,0.0,0.0,0.0,0.0,0.0,0.0,0.0,0.0,0,0,0,0,0,0
328,1,2.365021,1.278668,1.086353,777,sha3,OMNeT++; module=UavAuthNetwork.uav[8]; config=HighNoise,1.114183,0.04845,0.24798,0.077614,0.228001,0.840356,0.20538,0.077614,0.128488,0.164701,0.009257,0.858351,HighNoise,HighNoise-10-20260922-20:32:14-1127566,8,HighNoise-10-20260922-20:32:14-1127566|phase2|8,10,10,10,sha3,10,,,,1.499033,0.20538,0.007513,0.01074,0.101158,0.001513,0.007282,0.010459,0.099514,0.002214,104,85,43,545,1,0
329,1,2.384573,1.283695,1.100878,777,sha3,OMNeT++; module=UavAuthNetwork.uav[9]; config=HighNoise,1.118791,0.049201,0.257795,0.077683,0.232546,0.844323,0.207133,0.077683,0.133577,0.171144,0.009538,0.868331,HighNoise,HighNoise-10-20260922-20:32:14-1127566,9,HighNoise-10-20260922-20:32:14-1127566|phase2|9,10,10,10,sha3,10,,,,1.529817,0.207133,0.007463,0.01048,0.100767,0.001593,0.007332,0.01107,0.104823,0.002174,104,85,43,545,1,0
330,1,2.428045,1.340011,1.088034,777,sha3,OMNeT++; module=UavAuthNetwork.uav[0]; config=HighNoise,1.163925,0.050804,0.257676,0.082653,0.224923,0.853469,0.223794,0.082653,0.141582,0.164035,0.01078,0.863111,HighNoise,HighNoise-11-20260922-20:32:15-1127566,0,HighNoise-11-20260922-20:32:15-1127566|phase2|0,11,11,11,sha3,10,,,,1.509746,0.223794,0.008145,0.011962,0.119732,0.002123,0.007894,0.01061,0.100435,0.013094,104,85,43,545,1,0
331,1,2.403678,1.311378,1.0923,777,sha3,OMNeT++; module=UavAuthNetwork.uav[1]; config=HighNoise,1.144509,0.04891,0.240961,0.078315,0.249187,0.844333,0.229495,0.078315,0.137605,0.159789,0.010239,0.843113,HighNoise,HighNoise-11-20260922-20:32:15-1127566,1,HighNoise-11-20260922-20:32:15-1127566|phase2|1,11,11,11,sha3,10,,,,1.493051,0.229495,0.007715,0.01094,0.10286,0.001663,0.007584,0.01083,0.099745,0.002685,104,85,43,545,1,0
332,1,2.393421,1.291078,1.102343,777,sha3,OMNeT++; module=UavAuthNetwork.uav[2]; config=HighNoise,1.126295,0.048931,0.247292,0.077653,0.226219,0.840496,0.217282,0.077653,0.127917,0.164414,0.009477,0.876125,HighNoise,HighNoise-11-20260922-20:32:15-1127566,2,HighNoise-11-20260922-20:32:15-1127566|phase2|2,11,11,11,sha3,10,,,,1.51405,0.217282,0.007534,0.010499,0.101398,0.001573,0.007463,0.010599,0.099544,0.002244,104,85,43,545,1,0
333,0,0.0,0.0,0.0,0,sha3,OMNeT++; module=UavAuthNetwork.uav[3]; config=HighNoise,0.0,0.0,0.0,0.0,0.0,0.99383,0.331474,0.0,0.0,0.0,0.0,0.0,HighNoise,HighNoise-11-20260922-20:32:15-1127566,3,HighNoise-11-20260922-20:32:15-1127566|phase2|3,11,11,11,sha3,10,,,,0.0,0.331474,0.0,0.0,0.0,0.0,0.0,0.0,0.0,0.0,0,0,0,0,0,0
334,1,3.019162,1.956221,1.062941,777,sha3,OMNeT++; module=UavAuthNetwork.uav[4]; config=HighNoise,1.65836,0.08633,0.250742,0.14066,0.228372,1.160248,0.368382,0.14066,0.223634,0.167361,0.016541,0.834569,HighNoise,HighNoise-11-20260922-20:32:15-1127566,4,HighNoise-11-20260922-20:32:15-1127566|phase2|4,11,11,11,sha3,10,,,,1.481045,0.368382,0.015287,0.022431,0.189361,0.002865,0.014427,0.020107,0.160087,0.009198,104,85,43,545,1,0
335,1,3.236635,2.155841,1.080794,777,sha3,OMNeT++; module=UavAuthNetwork.uav[5]; config=HighNoise,1.861116,0.09692,0.265653,0.138556,0.222242,1.273678,0.456856,0.138556,0.229936,0.167803,0.017613,0.858552,HighNoise,HighNoise-11-20260922-20:32:15-1127566,5,HighNoise-11-20260922-20:32:15-1127566|phase2|5,11,11,11,sha3,10,,,,1.51425,0.456856,0.013856,0.022562,0.180114,0.002494,0.025637,0.021419,0.160577,0.008856,104,85,43,545,1,0
336,1,2.769788,1.690508,1.07928,777,sha3,OMNeT++; module=UavAuthNetwork.uav[6]; config=HighNoise,1.484107,0.055673,0.24602,0.094855,0.230953,1.143386,0.241077,0.094855,0.167841,0.159042,0.016691,0.848326,HighNoise,HighNoise-11-20260922-20:32:15-1127566,6,HighNoise-11-20260922-20:32:15-1127566|phase2|6,11,11,11,sha3,10,,,,1.484342,0.241077,0.008436,0.013946,0.125783,0.002685,0.008194,0.012333,0.111667,0.009107,104,85,43,545,1,0
337,0,0.0,0.0,0.0,0,sha3,OMNeT++; module=UavAuthNetwork.uav[7]; config=HighNoise,0.0,0.0,0.0,0.0,0.0,1.245495,0.412593,0.0,0.0,0.0,0.0,0.0,HighNoise,HighNoise-11-20260922-20:32:15-1127566,7,HighNoise-11-20260922-20:32:15-1127566|phase2|7,11,11,11,sha3,10,,,,0.0,0.412593,0.0,0.0,0.0,0.0,0.0,0.0,0.0,0.0,0,0,0,0,0,0
338,1,3.350888,2.271264,1.079624,777,sha3,OMNeT++; module=UavAuthNetwork.uav[8]; config=HighNoise,1.993832,0.116486,0.244245,0.128367,0.22831,1.341233,0.445554,0.128367,0.254612,0.186199,0.020698,0.851314,HighNoise,HighNoise-11-20260922-20:32:15-1127566,8,HighNoise-11-20260922-20:32:15-1127566|phase2|8,11,11,11,sha3,10,,,,1.510069,0.445554,0.016752,0.026419,0.227621,0.003596,0.0166,0.024346,0.18384,0.016381,104,85,43,545,1,0
339,1,3.241182,2.16047,1.080712,777,sha3,OMNeT++; module=UavAuthNetwork.uav[9]; config=HighNoise,1.865663,0.092821,0.266334,0.137505,0.237234,1.283706,0.43762,0.137505,0.219106,0.191715,0.019797,0.843478,HighNoise,HighNoise-11-20260922-20:32:15-1127566,9,HighNoise-11-20260922-20:32:15-1127566|phase2|9,11,11,11,sha3,10,,,,1.538761,0.43762,0.016711,0.022091,0.190522,0.003356,0.013134,0.021439,0.154045,0.007915,104,85,43,545,1,0
340,1,2.396393,1.294797,1.101596,777,sha3,OMNeT++; module=UavAuthNetwork.uav[0]; config=HighNoise,1.120995,0.050814,0.25884,0.081381,0.238151,0.832812,0.206382,0.081381,0.13523,0.170008,0.01104,0.863444,HighNoise,HighNoise-12-20260922-20:32:16-1127566,0,HighNoise-12-20260922-20:32:16-1127566|phase2|0,12,12,12,sha3,10,,,,1.530444,0.206382,0.008015,0.011491,0.115685,0.002204,0.007664,0.010809,0.099614,0.008105,104,85,43,545,1,0
341,1,2.352627,1.265974,1.086653,777,sha3,OMNeT++; module=UavAuthNetwork.uav[1]; config=HighNoise,1.10216,0.047589,0.239338,0.077143,0.22682,0.834124,0.200992,0.077143,0.127165,0.163702,0.009528,0.859834,HighNoise,HighNoise-12-20260922-20:32:16-1127566,1,HighNoise-12-20260922-20:32:16-1127566|phase2|1,12,12,12,sha3,10,,,,1.489694,0.200992,0.007503,0.010459,0.099946,0.001573,0.007363,0.010349,0.098283,0.002284,104,85,43,545,1,0
342,1,2.374789,1.278767,1.096022,777,sha3,OMNeT++; module=UavAuthNetwork.uav[2]; config=HighNoise,1.115064,0.053539,0.240244,0.077123,0.23741,0.846166,0.202084,0.077123,0.126244,0.166264,0.009457,0.858612,HighNoise,HighNoise-12-20260922-20:32:16-1127566,2,HighNoise-12-20260922-20:32:16-1127566|phase2|2,12,12,12,sha3,10,,,,1.50253,0.202084,0.007364,0.010839,0.100266,0.001543,0.007455,0.010428,0.103521,0.002244,104,85,43,545,1,0
343,0,0.0,0.0,0.0,0,sha3,OMNeT++; module=UavAuthNetwork.uav[3]; config=HighNoise,0.0,0.0,0.0,0.0,0.0,0.827713,0.187236,0.0,0.0,0.0,0.0,0.0,HighNoise,HighNoise-12-20260922-20:32:16-1127566,3,HighNoise-12-20260922-20:32:16-1127566|phase2|3,12,12,12,sha3,10,,,,0.0,0.187236,0.0,0.0,0.0,0.0,0.0,0.0,0.0,0.0,0,0,0,0,0,0
344,1,2.331874,1.262578,1.069296,777,sha3,OMNeT++; module=UavAuthNetwork.uav[4]; config=HighNoise,1.099015,0.049211,0.251843,0.077163,0.229501,0.834104,0.198177,0.077163,0.128568,0.191897,0.009237,0.839795,HighNoise,HighNoise-12-20260922-20:32:16-1127566,4,HighNoise-12-20260922-20:32:16-1127566|phase2|4,12,12,12,sha3,10,,,,1.513036,0.198177,0.007324,0.010781,0.099954,0.001483,0.007985,0.010329,0.100646,0.002084,104,85,43,545,1,0
345,1,2.343137,1.267275,1.075862,777,sha3,OMNeT++; module=UavAuthNetwork.uav[5]; config=HighNoise,1.103212,0.04877,0.266753,0.077313,0.230734,0.831369,0.203586,0.077313,0.134509,0.174244,0.009437,0.845128,HighNoise,HighNoise-12-20260922-20:32:16-1127566,5,HighNoise-12-20260922-20:32:16-1127566|phase2|5,12,12,12,sha3,10,,,,1.516859,0.203586,0.007383,0.010469,0.101288,0.001442,0.007394,0.010509,0.098311,0.002494,104,85,43,545,1,0
346,0,0.0,0.0,0.0,0,sha3,OMNeT++; module=UavAuthNetwork.uav[6]; config=HighNoise,0.0,0.0,0.0,0.0,0.0,0.83197,0.195612,0.0,0.0,0.0,0.0,0.0,HighNoise,HighNoise-12-20260922-20:32:16-1127566,6,HighNoise-12-20260922-20:32:16-1127566|phase2|6,12,12,12,sha3,10,,,,0.0,0.195612,0.0,0.0,0.0,0.0,0.0,0.0,0.0,0.0,0,0,0,0,0,0
347,1,2.346163,1.271964,1.074199,777,sha3,OMNeT++; module=UavAuthNetwork.uav[7]; config=HighNoise,1.106629,0.049161,0.246334,0.078054,0.245482,0.829306,0.207023,0.078054,0.127686,0.22398,0.009227,0.828717,HighNoise,HighNoise-12-20260922-20:32:16-1127566,7,HighNoise-12-20260922-20:32:16-1127566|phase2|7,12,12,12,sha3,10,,,,1.544513,0.207023,0.007675,0.010929,0.10275,0.001332,0.007374,0.01044,0.098843,0.002365,104,85,43,545,1,0
348,0,0.0,0.0,0.0,0,sha3,OMNeT++; module=UavAuthNetwork.uav[8]; config=HighNoise,0.0,0.0,0.0,0.0,0.0,0.838723,0.17276,0.0,0.0,0.0,0.0,0.0,HighNoise,HighNoise-12-20260922-20:32:16-1127566,8,HighNoise-12-20260922-20:32:16-1127566|phase2|8,12,12,12,sha3,10,,,,0.0,0.17276,0.0,0.0,0.0,0.0,0.0,0.0,0.0,0.0,0,0,0,0,0,0
349,1,2.366356,1.270622,1.095734,777,sha3,OMNeT++; module=UavAuthNetwork.uav[9]; config=HighNoise,1.107109,0.048469,0.251017,0.077183,0.264323,0.835707,0.204929,0.077183,0.127226,0.168781,0.009147,0.831411,HighNoise,HighNoise-12-20260922-20:32:16-1127566,9,HighNoise-12-20260922-20:32:16-1127566|phase2|9,12,12,12,sha3,10,,,,1.515532,0.204929,0.007343,0.010459,0.100366,0.001383,0.007294,0.01053,0.098803,0.002104,104,85,43,545,1,0
350,0,0.0,0.0,0.0,0,sha3,OMNeT++; module=UavAuthNetwork.uav[0]; config=HighNoise,0.0,0.0,0.0,0.0,0.0,0.849132,0.178701,0.0,0.0,0.0,0.0,0.0,HighNoise,HighNoise-13-20260922-20:32:16-1127566,0,HighNoise-13-20260922-20:32:16-1127566|phase2|0,13,13,13,sha3,10,,,,0.0,0.178701,0.0,0.0,0.0,0.0,0.0,0.0,0.0,0.0,0,0,0,0,0,0
351,1,2.382159,1.303565,1.078594,777,sha3,OMNeT++; module=UavAuthNetwork.uav[1]; config=HighNoise,1.12382,0.052136,0.241163,0.084367,0.224925,0.817093,0.211011,0.084367,0.139939,0.162347,0.011011,0.853669,HighNoise,HighNoise-13-20260922-20:32:16-1127566,1,HighNoise-13-20260922-20:32:16-1127566|phase2|1,13,13,13,sha3,10,,,,1.482103,0.211011,0.008396,0.011702,0.130712,0.002114,0.007735,0.01101,0.100405,0.011141,104,85,43,545,1,0
352,1,2.33598,1.28109,1.05489,777,sha3,OMNeT++; module=UavAuthNetwork.uav[2]; config=HighNoise,1.115244,0.04869,0.250029,0.078124,0.225277,0.841909,0.202845,0.078124,0.128498,0.175495,0.009598,0.829612,HighNoise,HighNoise-13-20260922-20:32:16-1127566,2,HighNoise-13-20260922-20:32:16-1127566|phase2|2,13,13,13,sha3,10,,,,1.480414,0.202845,0.007594,0.0108,0.101969,0.001503,0.007503,0.01072,0.099625,0.002274,104,85,43,545,1,0
353,1,2.3474,1.293715,1.053685,777,sha3,OMNeT++; module=UavAuthNetwork.uav[3]; config=HighNoise,1.128038,0.049101,0.248704,0.077904,0.217915,0.841347,0.217864,0.077904,0.127666,0.188824,0.009869,0.83577,HighNoise,HighNoise-13-20260922-20:32:16-1127566,3,HighNoise-13-20260922-20:32:16-1127566|phase2|3,13,13,13,sha3,10,,,,1.491213,0.217864,0.007533,0.01075,0.101679,0.001433,0.007403,0.01071,0.099464,0.002245,104,85,43,545,1,0
354,1,2.350503,1.2907,1.059803,777,sha3,OMNeT++; module=UavAuthNetwork.uav[4]; config=HighNoise,1.12399,0.048931,0.243203,0.078636,0.220875,0.84781,0.207364,0.078636,0.129731,0.160617,0.009438,0.838928,HighNoise,HighNoise-13-20260922-20:32:16-1127566,4,HighNoise-13-20260922-20:32:16-1127566|phase2|4,13,13,13,sha3,10,,,,1.463623,0.207364,0.007864,0.01069,0.102259,0.001413,0.007444,0.010749,0.100797,0.002044,104,85,43,545,1,0
355,1,2.361401,1.271735,1.089666,777,sha3,OMNeT++; module=UavAuthNetwork.uav[5]; config=HighNoise,1.105908,0.049161,0.253721,0.078225,0.244804,0.834836,0.203216,0.078225,0.135871,0.166549,0.009377,0.844862,HighNoise,HighNoise-13-20260922-20:32:16-1127566,5,HighNoise-13-20260922-20:32:16-1127566|phase2|5,13,13,13,sha3,10,,,,1.509936,0.203216,0.007393,0.010568,0.101808,0.001433,0.007233,0.01102,0.105295,0.002224,104,85,43,545,1,0
356,1,2.348408,1.288507,1.059901,777,sha3,OMNeT++; module=UavAuthNetwork.uav[6]; config=HighNoise,1.123681,0.048009,0.239888,0.077704,0.227547,0.845465,0.211432,0.077704,0.12924,0.17401,0.009418,0.832354,HighNoise,HighNoise-13-20260922-20:32:16-1127566,6,HighNoise-13-20260922-20:32:16-1127566|phase2|6,13,13,13,sha3,10,,,,1.473799,0.211432,0.007394,0.01045,0.101207,0.001473,0.007224,0.01047,0.099515,0.002084,104,85,43,545,1,0
357,1,2.318914,1.27009,1.048824,777,sha3,OMNeT++; module=UavAuthNetwork.uav[7]; config=HighNoise,1.106408,0.04828,0.255848,0.077443,0.217823,0.839273,0.201283,0.077443,0.127085,0.180746,0.008796,0.831001,HighNoise,HighNoise-13-20260922-20:32:16-1127566,7,HighNoise-13-20260922-20:32:16-1127566|phase2|7,13,13,13,sha3,10,,,,1.485418,0.201283,0.007222,0.010259,0.100406,0.001342,0.007214,0.010479,0.098903,0.002004,104,85,43,545,1,0
358,0,0.0,0.0,0.0,0,sha3,OMNeT++; module=UavAuthNetwork.uav[8]; config=HighNoise,0.0,0.0,0.0,0.0,0.0,0.840095,0.185253,0.0,0.0,0.0,0.0,0.0,HighNoise,HighNoise-13-20260922-20:32:16-1127566,8,HighNoise-13-20260922-20:32:16-1127566|phase2|8,13,13,13,sha3,10,,,,0.0,0.185253,0.0,0.0,0.0,0.0,0.0,0.0,0.0,0.0,0,0,0,0,0,0
359,1,2.436647,1.32301,1.113637,777,sha3,OMNeT++; module=UavAuthNetwork.uav[9]; config=HighNoise,1.15572,0.048981,0.251186,0.078756,0.254909,0.836138,0.245484,0.078756,0.13,0.172139,0.009778,0.858728,HighNoise,HighNoise-13-20260922-20:32:16-1127566,9,HighNoise-13-20260922-20:32:16-1127566|phase2|9,13,13,13,sha3,10,,,,1.536962,0.245484,0.007734,0.011201,0.104202,0.001693,0.007304,0.0104,0.099745,0.003095,104,85,43,545,1,0
360,1,2.389169,1.317308,1.071861,777,sha3,OMNeT++; module=UavAuthNetwork.uav[0]; config=HighNoise,1.142184,0.050704,0.254192,0.082042,0.226805,0.844464,0.210008,0.082042,0.13508,0.172157,0.01104,0.845056,HighNoise,HighNoise-14-20260922-20:32:17-1127566,0,HighNoise-14-20260922-20:32:17-1127566|phase2|0,14,14,14,sha3,10,,,,1.49821,0.210008,0.008094,0.011431,0.121876,0.002064,0.007555,0.0108,0.099604,0.007995,104,85,43,545,1,0
361,1,2.341513,1.282435,1.059078,777,sha3,OMNeT++; module=UavAuthNetwork.uav[1]; config=HighNoise,1.104645,0.050464,0.264954,0.083946,0.220771,0.836349,0.19992,0.083946,0.128238,0.170504,0.009898,0.838306,HighNoise,HighNoise-14-20260922-20:32:17-1127566,1,HighNoise-14-20260922-20:32:17-1127566|phase2|1,14,14,14,sha3,10,,,,1.494536,0.19992,0.011361,0.011191,0.101968,0.001673,0.009247,0.01031,0.098543,0.003166,104,85,43,545,1,0
362,1,2.335953,1.268158,1.067795,777,sha3,OMNeT++; module=UavAuthNetwork.uav[2]; config=HighNoise,1.104886,0.049211,0.259661,0.076892,0.228966,0.83224,0.204058,0.076892,0.135421,0.168213,0.009488,0.838829,HighNoise,HighNoise-14-20260922-20:32:17-1127566,2,HighNoise-14-20260922-20:32:17-1127566|phase2|2,14,14,14,sha3,10,,,,1.495669,0.204058,0.007282,0.010309,0.101137,0.001583,0.007453,0.01089,0.106007,0.003006,104,85,43,545,1,0
363,1,2.362953,1.270982,1.091971,777,sha3,OMNeT++; module=UavAuthNetwork.uav[3]; config=HighNoise,1.107089,0.048229,0.260087,0.077253,0.235978,0.828765,0.21062,0.077253,0.127867,0.163075,0.009387,0.855993,HighNoise,HighNoise-14-20260922-20:32:17-1127566,3,HighNoise-14-20260922-20:32:17-1127566|phase2|3,14,14,14,sha3,10,,,,1.515133,0.21062,0.007323,0.010439,0.100716,0.001442,0.007374,0.010589,0.098843,0.002174,104,85,43,545,1,0
364,0,0.0,0.0,0.0,0,sha3,OMNeT++; module=UavAuthNetwork.uav[4]; config=HighNoise,0.0,0.0,0.0,0.0,0.0,0.835737,0.186535,0.0,0.0,0.0,0.0,0.0,HighNoise,HighNoise-14-20260922-20:32:17-1127566,4,HighNoise-14-20260922-20:32:17-1127566|phase2|4,14,14,14,sha3,10,,,,0.0,0.186535,0.0,0.0,0.0,0.0,0.0,0.0,0.0,0.0,0,0,0,0,0,0
365,1,2.331605,1.270553,1.061052,777,sha3,OMNeT++; module=UavAuthNetwork.uav[5]; config=HighNoise,1.107911,0.048149,0.258748,0.076843,0.22193,0.833192,0.207304,0.076843,0.126384,0.169225,0.008956,0.839122,HighNoise,HighNoise-14-20260922-20:32:17-1127566,5,HighNoise-14-20260922-20:32:17-1127566|phase2|5,14,14,14,sha3,10,,,,1.489025,0.207304,0.007293,0.010429,0.100286,0.001393,0.007193,0.0105,0.098301,0.002153,104,85,43,545,1,0
366,1,2.327376,1.273539,1.053837,777,sha3,OMNeT++; module=UavAuthNetwork.uav[6]; config=HighNoise,1.110646,0.048169,0.257043,0.076853,0.218923,0.832091,0.212012,0.076853,0.126334,0.179501,0.009187,0.834914,HighNoise,HighNoise-14-20260922-20:32:17-1127566,6,HighNoise-14-20260922-20:32:17-1127566|phase2|6,14,14,14,sha3,10,,,,1.49038,0.212012,0.007155,0.01054,0.099674,0.001473,0.007333,0.01062,0.098313,0.002034,104,85,43,545,1,0
367,1,2.360413,1.2921,1.068313,777,sha3,OMNeT++; module=UavAuthNetwork.uav[7]; config=HighNoise,1.127627,0.04884,0.240226,0.077563,0.225279,0.834575,0.224886,0.077563,0.127647,0.166027,0.009347,0.843034,HighNoise,HighNoise-14-20260922-20:32:17-1127566,7,HighNoise-14-20260922-20:32:17-1127566|phase2|7,14,14,14,sha3,10,,,,1.474565,0.224886,0.007505,0.01098,0.101167,0.001452,0.007354,0.01087,0.098391,0.002375,104,85,43,545,1,0
368,1,2.336075,1.270652,1.065423,777,sha3,OMNeT++; module=UavAuthNetwork.uav[8]; config=HighNoise,1.108051,0.047478,0.242716,0.076742,0.232447,0.836328,0.204098,0.076742,0.132365,0.176601,0.009117,0.832976,HighNoise,HighNoise-14-20260922-20:32:17-1127566,8,HighNoise-14-20260922-20:32:17-1127566|phase2|8,14,14,14,sha3,10,,,,1.48474,0.204098,0.007543,0.010418,0.099995,0.001402,0.007192,0.01056,0.104073,0.002124,104,85,43,545,1,0
369,0,0.0,0.0,0.0,0,sha3,OMNeT++; module=UavAuthNetwork.uav[9]; config=HighNoise,0.0,0.0,0.0,0.0,0.0,0.835437,0.188849,0.0,0.0,0.0,0.0,0.0,HighNoise,HighNoise-14-20260922-20:32:17-1127566,9,HighNoise-14-20260922-20:32:17-1127566|phase2|9,14,14,14,sha3,10,,,,0.0,0.188849,0.0,0.0,0.0,0.0,0.0,0.0,0.0,0.0,0,0,0,0,0,0
370,1,2.416873,1.326356,1.090517,777,sha3,OMNeT++; module=UavAuthNetwork.uav[0]; config=HighNoise,1.140001,0.0596,0.275791,0.087793,0.214147,0.845265,0.20544,0.087793,0.135741,0.164518,0.010769,0.876369,HighNoise,HighNoise-15-20260922-20:32:18-1127566,0,HighNoise-15-20260922-20:32:18-1127566|phase2|0,15,15,15,sha3,10,,,,1.530826,0.20544,0.008205,0.016571,0.123759,0.002164,0.007794,0.01075,0.109012,0.008796,104,85,43,545,1,0
371,1,2.323084,1.274841,1.048243,777,sha3,OMNeT++; module=UavAuthNetwork.uav[1]; config=HighNoise,1.111898,0.047678,0.244059,0.076863,0.215688,0.833673,0.209308,0.076863,0.128238,0.190796,0.009217,0.832554,HighNoise,HighNoise-15-20260922-20:32:18-1127566,1,HighNoise-15-20260922-20:32:18-1127566|phase2|1,15,15,15,sha3,10,,,,1.483098,0.209308,0.007425,0.010589,0.100265,0.001442,0.007304,0.01041,0.099915,0.002294,104,85,43,545,1,0
372,1,2.357697,1.297763,1.059934,777,sha3,OMNeT++; module=UavAuthNetwork.uav[2]; config=HighNoise,1.120033,0.049271,0.257445,0.083876,0.229117,0.833192,0.218384,0.083876,0.127105,0.183743,0.009978,0.830817,HighNoise,HighNoise-15-20260922-20:32:18-1127566,2,HighNoise-15-20260922-20:32:18-1127566|phase2|2,15,15,15,sha3,10,,,,1.501122,0.218384,0.007545,0.01098,0.107499,0.001653,0.007504,0.01077,0.098753,0.002475,104,85,43,545,1,0
373,0,0.0,0.0,0.0,0,sha3,OMNeT++; module=UavAuthNetwork.uav[3]; config=HighNoise,0.0,0.0,0.0,0.0,0.0,0.834124,0.175876,0.0,0.0,0.0,0.0,0.0,HighNoise,HighNoise-15-20260922-20:32:18-1127566,3,HighNoise-15-20260922-20:32:18-1127566|phase2|3,15,15,15,sha3,10,,,,0.0,0.175876,0.0,0.0,0.0,0.0,0.0,0.0,0.0,0.0,0,0,0,0,0,0
374,1,2.336643,1.268398,1.068245,777,sha3,OMNeT++; module=UavAuthNetwork.uav[4]; config=HighNoise,1.105426,0.047458,0.254643,0.076812,0.220618,0.830598,0.207784,0.076812,0.126585,0.169618,0.009348,0.847627,HighNoise,HighNoise-15-20260922-20:32:18-1127566,4,HighNoise-15-20260922-20:32:18-1127566|phase2|4,15,15,15,sha3,10,,,,1.492506,0.207784,0.007454,0.01048,0.100206,0.001523,0.007273,0.010249,0.098181,0.002124,104,85,43,545,1,0
375,1,2.31908,1.257819,1.061261,777,sha3,OMNeT++; module=UavAuthNetwork.uav[5]; config=HighNoise,1.095448,0.049421,0.260323,0.076612,0.225151,0.827341,0.201052,0.076612,0.126324,0.181702,0.009147,0.83611,HighNoise,HighNoise-15-20260922-20:32:18-1127566,5,HighNoise-15-20260922-20:32:18-1127566|phase2|5,15,15,15,sha3,10,,,,1.503287,0.201052,0.007345,0.010419,0.099674,0.001403,0.007364,0.01082,0.098383,0.002063,104,85,43,545,1,0
376,1,2.335472,1.266796,1.068676,777,sha3,OMNeT++; module=UavAuthNetwork.uav[6]; config=HighNoise,1.104435,0.047928,0.240611,0.076572,0.231696,0.82667,0.20547,0.076572,0.126113,0.171053,0.009217,0.83698,HighNoise,HighNoise-15-20260922-20:32:18-1127566,6,HighNoise-15-20260922-20:32:18-1127566|phase2|6,15,15,15,sha3,10,,,,1.480341,0.20547,0.007263,0.010339,0.099755,0.001382,0.007303,0.010419,0.098412,0.002054,104,85,43,545,1,0
377,1,2.361802,1.264331,1.097471,777,sha3,OMNeT++; module=UavAuthNetwork.uav[7]; config=HighNoise,1.101178,0.048039,0.249605,0.077023,0.238038,0.833122,0.201844,0.077023,0.126845,0.168368,0.009107,0.859433,HighNoise,HighNoise-15-20260922-20:32:18-1127566,7,HighNoise-15-20260922-20:32:18-1127566|phase2|7,15,15,15,sha3,10,,,,1.515445,0.201844,0.007283,0.010559,0.099694,0.001413,0.007294,0.010318,0.098382,0.002064,104,85,43,545,1,0
378,1,2.360005,1.268408,1.091597,777,sha3,OMNeT++; module=UavAuthNetwork.uav[8]; config=HighNoise,1.105677,0.047578,0.241567,0.076782,0.256664,0.83154,0.208325,0.076782,0.133217,0.167459,0.009167,0.834933,HighNoise,HighNoise-15-20260922-20:32:18-1127566,8,HighNoise-15-20260922-20:32:18-1127566|phase2|8,15,15,15,sha3,10,,,,1.500623,0.208325,0.007434,0.01037,0.099433,0.001503,0.007263,0.01046,0.104374,0.002063,104,85,43,545,1,0
379,1,2.468386,1.385444,1.082942,777,sha3,OMNeT++; module=UavAuthNetwork.uav[9]; config=HighNoise,1.218145,0.049923,0.244962,0.078545,0.252225,0.892012,0.246806,0.078545,0.132105,0.173991,0.010209,0.830717,HighNoise,HighNoise-15-20260922-20:32:18-1127566,9,HighNoise-15-20260922-20:32:18-1127566|phase2|9,15,15,15,sha3,10,,,,1.501895,0.246806,0.009479,0.012573,0.106937,0.001764,0.007333,0.01081,0.098944,0.00547,104,85,43,545,1,0
380,0,0.0,0.0,0.0,0,sha3,OMNeT++; module=UavAuthNetwork.uav[0]; config=HighNoise,0.0,0.0,0.0,0.0,0.0,0.84301,0.194841,0.0,0.0,0.0,0.0,0.0,HighNoise,HighNoise-16-20260922-20:32:19-1127566,0,HighNoise-16-20260922-20:32:19-1127566|phase2|0,16,16,16,sha3,10,,,,0.0,0.194841,0.0,0.0,0.0,0.0,0.0,0.0,0.0,0.0,0,0,0,0,0,0
381,1,2.342757,1.277566,1.065191,777,sha3,OMNeT++; module=UavAuthNetwork.uav[1]; config=HighNoise,1.103954,0.051035,0.258844,0.081401,0.228861,0.807705,0.212684,0.081401,0.13489,0.159404,0.01081,0.836329,HighNoise,HighNoise-16-20260922-20:32:19-1127566,1,HighNoise-16-20260922-20:32:19-1127566|phase2|1,16,16,16,sha3,10,,,,1.483438,0.212684,0.008045,0.01106,0.116626,0.002164,0.007725,0.01075,0.099194,0.008536,104,85,43,545,1,0
382,0,0.0,0.0,0.0,0,sha3,OMNeT++; module=UavAuthNetwork.uav[2]; config=HighNoise,0.0,0.0,0.0,0.0,0.0,0.836849,0.182357,0.0,0.0,0.0,0.0,0.0,HighNoise,HighNoise-16-20260922-20:32:19-1127566,2,HighNoise-16-20260922-20:32:19-1127566|phase2|2,16,16,16,sha3,10,,,,0.0,0.182357,0.0,0.0,0.0,0.0,0.0,0.0,0.0,0.0,0,0,0,0,0,0
383,0,0.0,0.0,0.0,0,sha3,OMNeT++; module=UavAuthNetwork.uav[3]; config=HighNoise,0.0,0.0,0.0,0.0,0.0,0.824596,0.180935,0.0,0.0,0.0,0.0,0.0,HighNoise,HighNoise-16-20260922-20:32:19-1127566,3,HighNoise-16-20260922-20:32:19-1127566|phase2|3,16,16,16,sha3,10,,,,0.0,0.180935,0.0,0.0,0.0,0.0,0.0,0.0,0.0,0.0,0,0,0,0,0,0
384,1,2.32025,1.268607,1.051643,777,sha3,OMNeT++; module=UavAuthNetwork.uav[4]; config=HighNoise,1.10217,0.04854,0.260563,0.078475,0.216713,0.828043,0.204849,0.078475,0.127646,0.169818,0.009487,0.83493,HighNoise,HighNoise-16-20260922-20:32:19-1127566,4,HighNoise-16-20260922-20:32:19-1127566|phase2|4,16,16,16,sha3,10,,,,1.482025,0.204849,0.007415,0.011241,0.10316,0.001463,0.007344,0.01074,0.098612,0.002785,104,85,43,545,1,0
385,1,2.324452,1.271574,1.052878,777,sha3,OMNeT++; module=UavAuthNetwork.uav[5]; config=HighNoise,1.108933,0.053288,0.253929,0.076622,0.216914,0.835227,0.206933,0.076622,0.125823,0.165188,0.009397,0.835964,HighNoise,HighNoise-16-20260922-20:32:19-1127566,5,HighNoise-16-20260922-20:32:19-1127566|phase2|5,16,16,16,sha3,10,,,,1.471995,0.206933,0.007324,0.01029,0.099934,0.001472,0.012303,0.010458,0.098532,0.002244,104,85,43,545,1,0
386,1,2.331241,1.272817,1.058424,777,sha3,OMNeT++; module=UavAuthNetwork.uav[6]; config=HighNoise,1.110987,0.047538,0.251344,0.076422,0.219577,0.83739,0.206552,0.076422,0.125472,0.161098,0.008986,0.838847,HighNoise,HighNoise-16-20260922-20:32:19-1127566,6,HighNoise-16-20260922-20:32:19-1127566|phase2|6,16,16,16,sha3,10,,,,1.470866,0.206552,0.007303,0.010129,0.099574,0.001433,0.007244,0.010379,0.098391,0.002084,104,85,43,545,1,0
387,1,2.315974,1.266122,1.049852,777,sha3,OMNeT++; module=UavAuthNetwork.uav[7]; config=HighNoise,1.103803,0.04847,0.256078,0.076541,0.215912,0.835808,0.202014,0.076541,0.132415,0.174211,0.009237,0.83394,HighNoise,HighNoise-16-20260922-20:32:19-1127566,7,HighNoise-16-20260922-20:32:19-1127566|phase2|7,16,16,16,sha3,10,,,,1.480142,0.202014,0.007215,0.0103,0.099624,0.001393,0.007373,0.010861,0.098133,0.002104,104,85,43,545,1,0
388,1,2.36069,1.268239,1.092451,777,sha3,OMNeT++; module=UavAuthNetwork.uav[8]; config=HighNoise,1.106448,0.047838,0.240839,0.076382,0.242314,0.826389,0.213406,0.076382,0.126294,0.201468,0.009027,0.850137,HighNoise,HighNoise-16-20260922-20:32:19-1127566,8,HighNoise-16-20260922-20:32:19-1127566|phase2|8,16,16,16,sha3,10,,,,1.534758,0.213406,0.007192,0.010249,0.099816,0.001362,0.007274,0.01031,0.098311,0.002054,104,85,43,545,1,0
389,1,2.330178,1.265592,1.064586,777,sha3,OMNeT++; module=UavAuthNetwork.uav[9]; config=HighNoise,1.102771,0.048359,0.260074,0.076962,0.235544,0.83189,0.204378,0.076962,0.125783,0.183715,0.008897,0.829042,HighNoise,HighNoise-16-20260922-20:32:19-1127566,9,HighNoise-16-20260922-20:32:19-1127566|phase2|9,16,16,16,sha3,10,,,,1.508375,0.204378,0.007384,0.010449,0.100086,0.001333,0.007294,0.01044,0.098352,0.001994,104,85,43,545,1,0
390,1,2.398359,1.332285,1.066074,777,sha3,OMNeT++; module=UavAuthNetwork.uav[0]; config=HighNoise,1.158785,0.050844,0.249716,0.08141,0.229565,0.856545,0.217944,0.08141,0.145679,0.193028,0.01068,0.836509,HighNoise,HighNoise-17-20260922-20:32:19-1127566,0,HighNoise-17-20260922-20:32:19-1127566|phase2|0,17,17,17,sha3,10,,,,1.508817,0.217944,0.007995,0.011633,0.117067,0.002144,0.007795,0.012112,0.108471,0.008335,104,85,43,545,1,0
391,1,2.358821,1.291322,1.067499,777,sha3,OMNeT++; module=UavAuthNetwork.uav[1]; config=HighNoise,1.113471,0.049081,0.251183,0.083996,0.237678,0.830487,0.212674,0.083996,0.1297,0.166187,0.009859,0.829821,HighNoise,HighNoise-17-20260922-20:32:19-1127566,1,HighNoise-17-20260922-20:32:19-1127566|phase2|1,17,17,17,sha3,10,,,,1.484869,0.212674,0.007554,0.012603,0.105997,0.001613,0.007584,0.011041,0.100195,0.002505,104,85,43,545,1,0
392,1,2.317778,1.262457,1.055321,777,sha3,OMNeT++; module=UavAuthNetwork.uav[2]; config=HighNoise,1.099886,0.048209,0.240106,0.076732,0.214138,0.823805,0.207725,0.076732,0.126585,0.166241,0.009107,0.841183,HighNoise,HighNoise-17-20260922-20:32:19-1127566,2,HighNoise-17-20260922-20:32:19-1127566|phase2|2,17,17,17,sha3,10,,,,1.461668,0.207725,0.007453,0.01038,0.099996,0.001383,0.007354,0.010299,0.098232,0.002284,104,85,43,545,1,0
393,0,0.0,0.0,0.0,0,sha3,OMNeT++; module=UavAuthNetwork.uav[3]; config=HighNoise,0.0,0.0,0.0,0.0,0.0,0.836769,0.1832,0.0,0.0,0.0,0.0,0.0,HighNoise,HighNoise-17-20260922-20:32:19-1127566,3,HighNoise-17-20260922-20:32:19-1127566|phase2|3,17,17,17,sha3,10,,,,0.0,0.1832,0.0,0.0,0.0,0.0,0.0,0.0,0.0,0.0,0,0,0,0,0,0
394,1,2.338972,1.275193,1.063779,777,sha3,OMNeT++; module=UavAuthNetwork.uav[4]; config=HighNoise,1.11237,0.047478,0.252913,0.076753,0.223276,0.831349,0.209588,0.076753,0.126083,0.19243,0.009317,0.840503,HighNoise,HighNoise-17-20260922-20:32:19-1127566,4,HighNoise-17-20260922-20:32:19-1127566|phase2|4,17,17,17,sha3,10,,,,1.509121,0.209588,0.007443,0.014907,0.100086,0.001442,0.007153,0.010229,0.098293,0.002244,104,85,43,545,1,0
395,1,2.377688,1.267707,1.109981,777,sha3,OMNeT++; module=UavAuthNetwork.uav[5]; config=HighNoise,1.098584,0.04858,0.245854,0.079958,0.237627,0.832832,0.198668,0.079958,0.126635,0.160022,0.009207,0.872354,HighNoise,HighNoise-17-20260922-20:32:19-1127566,5,HighNoise-17-20260922-20:32:19-1127566|phase2|5,17,17,17,sha3,10,,,,1.515858,0.198668,0.007353,0.012574,0.100707,0.001372,0.007334,0.010559,0.098402,0.002154,104,85,43,545,1,0
396,1,2.335495,1.262998,1.072497,777,sha3,OMNeT++; module=UavAuthNetwork.uav[6]; config=HighNoise,1.100647,0.047368,0.256416,0.076612,0.220505,0.830187,0.203978,0.076612,0.133377,0.189255,0.009127,0.851992,HighNoise,HighNoise-17-20260922-20:32:19-1127566,6,HighNoise-17-20260922-20:32:19-1127566|phase2|6,17,17,17,sha3,10,,,,1.518168,0.203978,0.007344,0.01029,0.099734,0.001442,0.007273,0.010469,0.104352,0.002124,104,85,43,545,1,0
397,1,2.338706,1.267124,1.071582,777,sha3,OMNeT++; module=UavAuthNetwork.uav[7]; config=HighNoise,1.104174,0.048239,0.259226,0.076902,0.24328,0.827191,0.211091,0.076902,0.125923,0.195627,0.009146,0.828301,HighNoise,HighNoise-17-20260922-20:32:19-1127566,7,HighNoise-17-20260922-20:32:19-1127566|phase2|7,17,17,17,sha3,10,,,,1.526435,0.211091,0.007233,0.010741,0.099694,0.001353,0.007284,0.01043,0.098121,0.002004,104,85,43,545,1,0
398,0,0.0,0.0,0.0,0,sha3,OMNeT++; module=UavAuthNetwork.uav[8]; config=HighNoise,0.0,0.0,0.0,0.0,0.0,0.831659,0.185063,0.0,0.0,0.0,0.0,0.0,HighNoise,HighNoise-17-20260922-20:32:19-1127566,8,HighNoise-17-20260922-20:32:19-1127566|phase2|8,17,17,17,sha3,10,,,,0.0,0.185063,0.0,0.0,0.0,0.0,0.0,0.0,0.0,0.0,0,0,0,0,0,0
399,1,2.380205,1.300398,1.079807,777,sha3,OMNeT++; module=UavAuthNetwork.uav[9]; config=HighNoise,1.137245,0.047708,0.271112,0.076933,0.231343,0.83191,0.238431,0.076933,0.127035,0.204082,0.009287,0.848464,HighNoise,HighNoise-17-20260922-20:32:19-1127566,9,HighNoise-17-20260922-20:32:19-1127566|phase2|9,17,17,17,sha3,10,,,,1.555002,0.238431,0.007345,0.010649,0.100386,0.001503,0.007274,0.010349,0.098251,0.002275,104,85,43,545,1,0
400,1,2.450128,1.30787,1.142258,777,sha3,OMNeT++; module=UavAuthNetwork.uav[0]; config=HighNoise,1.133828,0.050273,0.243094,0.081671,0.285515,0.83719,0.206552,0.081671,0.135601,0.158208,0.0107,0.856743,HighNoise,HighNoise-18-20260922-20:32:20-1127566,0,HighNoise-18-20260922-20:32:20-1127566|phase2|0,18,18,18,sha3,10,,,,1.54356,0.206552,0.008084,0.01111,0.1245,0.002094,0.007725,0.01091,0.099002,0.008867,104,85,43,545,1,0
401,0,0.0,0.0,0.0,0,sha3,OMNeT++; module=UavAuthNetwork.uav[1]; config=HighNoise,0.0,0.0,0.0,0.0,0.0,0.833603,0.179963,0.0,0.0,0.0,0.0,0.0,HighNoise,HighNoise-18-20260922-20:32:20-1127566,1,HighNoise-18-20260922-20:32:20-1127566|phase2|1,18,18,18,sha3,10,,,,0.0,0.179963,0.0,0.0,0.0,0.0,0.0,0.0,0.0,0.0,0,0,0,0,0,0
402,1,2.332699,1.267986,1.064713,777,sha3,OMNeT++; module=UavAuthNetwork.uav[2]; config=HighNoise,1.103813,0.047358,0.258326,0.077353,0.235472,0.83182,0.20498,0.077353,0.126785,0.159911,0.009467,0.829241,HighNoise,HighNoise-18-20260922-20:32:20-1127566,2,HighNoise-18-20260922-20:32:20-1127566|phase2|2,18,18,18,sha3,10,,,,1.48295,0.20498,0.007434,0.010691,0.100455,0.001452,0.007264,0.010119,0.098181,0.002395,104,85,43,545,1,0
403,1,2.33972,1.270563,1.069157,777,sha3,OMNeT++; module=UavAuthNetwork.uav[3]; config=HighNoise,1.098975,0.048299,0.269876,0.0811,0.23608,0.826109,0.205751,0.0811,0.126534,0.170096,0.009388,0.833077,HighNoise,HighNoise-18-20260922-20:32:20-1127566,3,HighNoise-18-20260922-20:32:20-1127566|phase2|3,18,18,18,sha3,10,,,,1.509128,0.205751,0.007302,0.015047,0.099866,0.001433,0.007414,0.01062,0.098502,0.002244,104,85,43,545,1,0
404,1,2.321863,1.265572,1.056291,777,sha3,OMNeT++; module=UavAuthNetwork.uav[4]; config=HighNoise,1.10216,0.048069,0.303167,0.077133,0.220797,0.824707,0.21077,0.077133,0.127055,0.179494,0.009146,0.835494,HighNoise,HighNoise-18-20260922-20:32:20-1127566,4,HighNoise-18-20260922-20:32:20-1127566|phase2|4,18,18,18,sha3,10,,,,1.538952,0.21077,0.007273,0.01056,0.100436,0.001493,0.007333,0.010358,0.098894,0.002134,104,85,43,545,1,0
405,1,2.357556,1.268249,1.089307,777,sha3,OMNeT++; module=UavAuthNetwork.uav[5]; config=HighNoise,1.105928,0.047979,0.257053,0.076702,0.258258,0.834455,0.20505,0.076702,0.126464,0.1744,0.008917,0.831049,HighNoise,HighNoise-18-20260922-20:32:20-1127566,5,HighNoise-18-20260922-20:32:20-1127566|phase2|5,18,18,18,sha3,10,,,,1.520761,0.20505,0.007334,0.010349,0.099934,0.001362,0.007343,0.010329,0.098252,0.002114,104,85,43,545,1,0
406,1,2.456995,1.352153,1.104842,777,sha3,OMNeT++; module=UavAuthNetwork.uav[6]; config=HighNoise,1.109774,0.04833,0.252322,0.116546,0.229336,0.834786,0.205169,0.116546,0.12934,0.179678,0.009287,0.875506,HighNoise,HighNoise-18-20260922-20:32:20-1127566,6,HighNoise-18-20260922-20:32:20-1127566|phase2|6,18,18,18,sha3,10,,,,1.536842,0.205169,0.007324,0.010839,0.142846,0.001483,0.007414,0.01052,0.099325,0.002294,104,85,43,545,1,0
407,0,0.0,0.0,0.0,0,sha3,OMNeT++; module=UavAuthNetwork.uav[7]; config=HighNoise,0.0,0.0,0.0,0.0,0.0,0.877975,0.18911,0.0,0.0,0.0,0.0,0.0,HighNoise,HighNoise-18-20260922-20:32:20-1127566,7,HighNoise-18-20260922-20:32:20-1127566|phase2|7,18,18,18,sha3,10,,,,0.0,0.18911,0.0,0.0,0.0,0.0,0.0,0.0,0.0,0.0,0,0,0,0,0,0
408,1,2.448694,1.33984,1.108854,777,sha3,OMNeT++; module=UavAuthNetwork.uav[8]; config=HighNoise,1.148656,0.051575,0.240631,0.090688,0.228057,0.865012,0.20536,0.090688,0.140199,0.172635,0.009808,0.880797,HighNoise,HighNoise-18-20260922-20:32:20-1127566,8,HighNoise-18-20260922-20:32:20-1127566|phase2|8,18,18,18,sha3,10,,,,1.52212,0.20536,0.007655,0.016199,0.116486,0.001653,0.009587,0.011491,0.10263,0.00566,104,85,43,545,1,0
409,1,2.391713,1.303443,1.08827,777,sha3,OMNeT++; module=UavAuthNetwork.uav[9]; config=HighNoise,1.138157,0.048951,0.239906,0.077894,0.237026,0.844774,0.222362,0.077894,0.133096,0.191438,0.009498,0.851244,HighNoise,HighNoise-18-20260922-20:32:20-1127566,9,HighNoise-18-20260922-20:32:20-1127566|phase2|9,18,18,18,sha3,10,,,,1.519614,0.222362,0.007534,0.01092,0.101678,0.001513,0.007384,0.01086,0.102991,0.002375,104,85,43,545,1,0
410,0,0.0,0.0,0.0,0,sha3,OMNeT++; module=UavAuthNetwork.uav[0]; config=HighNoise,0.0,0.0,0.0,0.0,0.0,0.842971,0.186725,0.0,0.0,0.0,0.0,0.0,HighNoise,HighNoise-19-20260922-20:32:21-1127566,0,HighNoise-19-20260922-20:32:21-1127566|phase2|0,19,19,19,sha3,10,,,,0.0,0.186725,0.0,0.0,0.0,0.0,0.0,0.0,0.0,0.0,0,0,0,0,0,0
411,0,0.0,0.0,0.0,0,sha3,OMNeT++; module=UavAuthNetwork.uav[1]; config=HighNoise,0.0,0.0,0.0,0.0,0.0,0.839354,0.179643,0.0,0.0,0.0,0.0,0.0,HighNoise,HighNoise-19-20260922-20:32:21-1127566,1,HighNoise-19-20260922-20:32:21-1127566|phase2|1,19,19,19,sha3,10,,,,0.0,0.179643,0.0,0.0,0.0,0.0,0.0,0.0,0.0,0.0,0,0,0,0,0,0
412,1,2.379001,1.278156,1.100845,777,sha3,OMNeT++; module=UavAuthNetwork.uav[2]; config=HighNoise,1.102681,0.050975,0.258651,0.082162,0.234717,0.814267,0.207033,0.082162,0.135772,0.175244,0.011151,0.866128,HighNoise,HighNoise-19-20260922-20:32:21-1127566,2,HighNoise-19-20260922-20:32:21-1127566|phase2|2,19,19,19,sha3,10,,,,1.534741,0.207033,0.007995,0.01129,0.116336,0.002094,0.007625,0.01099,0.099032,0.008115,104,85,43,545,1,0
413,0,0.0,0.0,0.0,0,sha3,OMNeT++; module=UavAuthNetwork.uav[3]; config=HighNoise,0.0,0.0,0.0,0.0,0.0,0.831189,0.187407,0.0,0.0,0.0,0.0,0.0,HighNoise,HighNoise-19-20260922-20:32:21-1127566,3,HighNoise-19-20260922-20:32:21-1127566|phase2|3,19,19,19,sha3,10,,,,0.0,0.187407,0.0,0.0,0.0,0.0,0.0,0.0,0.0,0.0,0,0,0,0,0,0
414,1,2.356308,1.302371,1.053937,777,sha3,OMNeT++; module=UavAuthNetwork.uav[4]; config=HighNoise,1.137275,0.04836,0.244723,0.077684,0.214311,0.83161,0.220828,0.077684,0.127356,0.184909,0.009728,0.839627,HighNoise,HighNoise-19-20260922-20:32:21-1127566,4,HighNoise-19-20260922-20:32:21-1127566|phase2|4,19,19,19,sha3,10,,,,1.483569,0.220828,0.007555,0.01066,0.118389,0.001723,0.007354,0.01055,0.098722,0.002574,104,85,43,545,1,0
415,1,2.393791,1.339809,1.053982,777,sha3,OMNeT++; module=UavAuthNetwork.uav[5]; config=HighNoise,1.157753,0.062876,0.254654,0.086029,0.217537,0.859481,0.219186,0.086029,0.130371,0.197364,0.009998,0.836445,HighNoise,HighNoise-19-20260922-20:32:21-1127566,5,HighNoise-19-20260922-20:32:21-1127566|phase2|5,19,19,19,sha3,10,,,,1.506,0.219186,0.011942,0.011562,0.11341,0.001723,0.009848,0.012734,0.107699,0.003567,104,85,43,545,1,0
416,1,2.376948,1.310876,1.066072,777,sha3,OMNeT++; module=UavAuthNetwork.uav[6]; config=HighNoise,1.143868,0.061294,0.240825,0.078655,0.232688,0.84851,0.222322,0.078655,0.12942,0.158338,0.009698,0.833384,HighNoise,HighNoise-19-20260922-20:32:21-1127566,6,HighNoise-19-20260922-20:32:21-1127566|phase2|6,19,19,19,sha3,10,,,,1.465235,0.222322,0.009397,0.01088,0.10277,0.001543,0.007574,0.011381,0.110885,0.002615,104,85,43,545,1,0
417,1,2.379191,1.333228,1.045963,777,sha3,OMNeT++; module=UavAuthNetwork.uav[7]; config=HighNoise,1.165688,0.051805,0.24229,0.078766,0.217178,0.877715,0.215198,0.078766,0.136733,0.18072,0.010008,0.828785,HighNoise,HighNoise-19-20260922-20:32:21-1127566,7,HighNoise-19-20260922-20:32:21-1127566|phase2|7,19,19,19,sha3,10,,,,1.468972,0.215198,0.007675,0.011731,0.103411,0.001763,0.007694,0.012132,0.104884,0.003296,104,85,43,545,1,0
418,1,2.365002,1.27981,1.085192,777,sha3,OMNeT++; module=UavAuthNetwork.uav[8]; config=HighNoise,1.115245,0.04828,0.243479,0.077624,0.238197,0.838793,0.206693,0.077624,0.135762,0.160633,0.009317,0.846995,HighNoise,HighNoise-19-20260922-20:32:21-1127566,8,HighNoise-19-20260922-20:32:21-1127566|phase2|8,19,19,19,sha3,10,,,,1.489304,0.206693,0.007584,0.01074,0.101248,0.001423,0.007274,0.01057,0.105896,0.002284,104,85,43,545,1,0
419,1,2.329398,1.27441,1.054988,777,sha3,OMNeT++; module=UavAuthNetwork.uav[9]; config=HighNoise,1.110747,0.04854,0.239976,0.077233,0.220642,0.833032,0.21051,0.077233,0.128247,0.16875,0.009197,0.834345,HighNoise,HighNoise-19-20260922-20:32:21-1127566,9,HighNoise-19-20260922-20:32:21-1127566|phase2|9,19,19,19,sha3,10,,,,1.463714,0.21051,0.007413,0.01049,0.100195,0.001422,0.007193,0.010841,0.098242,0.002123,104,85,43,545,1,0
420,1,2.40692,1.328761,1.078159,777,sha3,OMNeT++; module=UavAuthNetwork.uav[0]; config=HighNoise,1.137416,0.050463,0.263602,0.089977,0.248624,0.842089,0.211031,0.089977,0.13535,0.171762,0.011391,0.829535,HighNoise,HighNoise-2-20260922-20:32:09-1127566,0,HighNoise-2-20260922-20:32:09-1127566|phase2|0,2,2,2,sha3,10,,,,1.513523,0.211031,0.008435,0.011561,0.118038,0.002204,0.007614,0.010379,0.099705,0.008516,104,85,43,545,1,0
421,1,2.342954,1.269491,1.073463,777,sha3,OMNeT++; module=UavAuthNetwork.uav[1]; config=HighNoise,1.106629,0.047759,0.246729,0.076762,0.223881,0.834344,0.205069,0.076762,0.126595,0.182786,0.009338,0.849582,HighNoise,HighNoise-2-20260922-20:32:09-1127566,1,HighNoise-2-20260922-20:32:09-1127566|phase2|1,2,2,2,sha3,10,,,,1.502978,0.205069,0.007453,0.010509,0.099856,0.001443,0.007374,0.01047,0.098282,0.002244,104,85,43,545,1,0
422,1,2.351138,1.267806,1.083332,777,sha3,OMNeT++; module=UavAuthNetwork.uav[2]; config=HighNoise,1.103332,0.048389,0.258927,0.076952,0.2246,0.833253,0.203156,0.076952,0.126093,0.159875,0.01057,0.858733,HighNoise,HighNoise-2-20260922-20:32:09-1127566,2,HighNoise-2-20260922-20:32:09-1127566|phase2|2,2,2,2,sha3,10,,,,1.502133,0.203156,0.007314,0.01055,0.100146,0.001713,0.007403,0.010619,0.098183,0.002184,104,85,43,545,1,0
423,0,0.0,0.0,0.0,0,sha3,OMNeT++; module=UavAuthNetwork.uav[3]; config=HighNoise,0.0,0.0,0.0,0.0,0.0,0.829616,0.184401,0.0,0.0,0.0,0.0,0.0,HighNoise,HighNoise-2-20260922-20:32:09-1127566,3,HighNoise-2-20260922-20:32:09-1127566|phase2|3,2,2,2,sha3,10,,,,0.0,0.184401,0.0,0.0,0.0,0.0,0.0,0.0,0.0,0.0,0,0,0,0,0,0
424,1,2.308341,1.259742,1.048599,777,sha3,OMNeT++; module=UavAuthNetwork.uav[4]; config=HighNoise,1.096039,0.048029,0.240412,0.077233,0.215864,0.818666,0.210549,0.077233,0.126283,0.203786,0.009237,0.832736,HighNoise,HighNoise-2-20260922-20:32:09-1127566,4,HighNoise-2-20260922-20:32:09-1127566|phase2|4,2,2,2,sha3,10,,,,1.492796,0.210549,0.007404,0.01074,0.100477,0.001413,0.007354,0.010689,0.098282,0.002174,104,85,43,545,1,0
425,1,2.344619,1.273447,1.071172,777,sha3,OMNeT++; module=UavAuthNetwork.uav[5]; config=HighNoise,1.109714,0.048329,0.255479,0.077243,0.230049,0.836108,0.207223,0.077243,0.128758,0.170248,0.009247,0.841123,HighNoise,HighNoise-2-20260922-20:32:09-1127566,5,HighNoise-2-20260922-20:32:09-1127566|phase2|5,2,2,2,sha3,10,,,,1.496899,0.207223,0.007364,0.010639,0.099955,0.001463,0.007303,0.010399,0.099876,0.002154,104,85,43,545,1,0
426,1,2.351285,1.286912,1.064373,777,sha3,OMNeT++; module=UavAuthNetwork.uav[6]; config=HighNoise,1.107861,0.048009,0.269626,0.084867,0.217321,0.835186,0.206202,0.084867,0.127817,0.199708,0.009317,0.847052,HighNoise,HighNoise-2-20260922-20:32:09-1127566,6,HighNoise-2-20260922-20:32:09-1127566|phase2|6,2,2,2,sha3,10,,,,1.533707,0.206202,0.007294,0.010769,0.1076,0.001402,0.007352,0.01053,0.098312,0.002254,104,85,43,545,1,0
427,1,2.34085,1.2744,1.06645,777,sha3,OMNeT++; module=UavAuthNetwork.uav[7]; config=HighNoise,1.110827,0.048018,0.256803,0.077163,0.237282,0.835376,0.208697,0.077163,0.127506,0.160766,0.009247,0.829168,HighNoise,HighNoise-2-20260922-20:32:09-1127566,7,HighNoise-2-20260922-20:32:09-1127566|phase2|7,2,2,2,sha3,10,,,,1.484019,0.208697,0.007413,0.010359,0.100416,0.001433,0.007283,0.010369,0.098282,0.002144,104,85,43,545,1,0
428,1,2.338337,1.265693,1.072644,777,sha3,OMNeT++; module=UavAuthNetwork.uav[8]; config=HighNoise,1.102862,0.047788,0.251251,0.076892,0.239077,0.834174,0.202835,0.076892,0.126644,0.195254,0.009047,0.833566,HighNoise,HighNoise-2-20260922-20:32:09-1127566,8,HighNoise-2-20260922-20:32:09-1127566|phase2|8,2,2,2,sha3,10,,,,1.519149,0.202835,0.007333,0.010409,0.099955,0.001392,0.007222,0.01049,0.098312,0.002093,104,85,43,545,1,0
429,0,0.0,0.0,0.0,0,sha3,OMNeT++; module=UavAuthNetwork.uav[9]; config=HighNoise,0.0,0.0,0.0,0.0,0.0,0.827672,0.187608,0.0,0.0,0.0,0.0,0.0,HighNoise,HighNoise-2-20260922-20:32:09-1127566,9,HighNoise-2-20260922-20:32:09-1127566|phase2|9,2,2,2,sha3,10,,,,0.0,0.187608,0.0,0.0,0.0,0.0,0.0,0.0,0.0,0.0,0,0,0,0,0,0
430,0,0.0,0.0,0.0,0,sha3,OMNeT++; module=UavAuthNetwork.uav[0]; config=HighNoise,0.0,0.0,0.0,0.0,0.0,0.877635,0.192987,0.0,0.0,0.0,0.0,0.0,HighNoise,HighNoise-20-20260922-20:32:21-1127566,0,HighNoise-20-20260922-20:32:21-1127566|phase2|0,20,20,20,sha3,10,,,,0.0,0.192987,0.0,0.0,0.0,0.0,0.0,0.0,0.0,0.0,0,0,0,0,0,0
431,0,0.0,0.0,0.0,0,sha3,OMNeT++; module=UavAuthNetwork.uav[1]; config=HighNoise,0.0,0.0,0.0,0.0,0.0,0.84222,0.180464,0.0,0.0,0.0,0.0,0.0,HighNoise,HighNoise-20-20260922-20:32:21-1127566,1,HighNoise-20-20260922-20:32:21-1127566|phase2|1,20,20,20,sha3,10,,,,0.0,0.180464,0.0,0.0,0.0,0.0,0.0,0.0,0.0,0.0,0,0,0,0,0,0
432,1,2.412424,1.303353,1.109071,777,sha3,OMNeT++; module=UavAuthNetwork.uav[2]; config=HighNoise,1.127998,0.050583,0.246544,0.082052,0.233015,0.832852,0.2106,0.082052,0.142844,0.175923,0.011251,0.876055,HighNoise,HighNoise-20-20260922-20:32:21-1127566,2,HighNoise-20-20260922-20:32:21-1127566|phase2|2,20,20,20,sha3,10,,,,1.531538,0.2106,0.008024,0.011812,0.117969,0.002144,0.007625,0.01084,0.106678,0.008365,104,85,43,545,1,0
433,1,2.395085,1.305247,1.089838,777,sha3,OMNeT++; module=UavAuthNetwork.uav[3]; config=HighNoise,1.141653,0.048831,0.245063,0.077033,0.227885,0.863408,0.208917,0.077033,0.127116,0.171083,0.009528,0.861954,HighNoise,HighNoise-20-20260922-20:32:21-1127566,3,HighNoise-20-20260922-20:32:21-1127566|phase2|3,20,20,20,sha3,10,,,,1.505984,0.208917,0.007513,0.0108,0.100987,0.001543,0.007434,0.010719,0.098682,0.002445,104,85,43,545,1,0
434,0,0.0,0.0,0.0,0,sha3,OMNeT++; module=UavAuthNetwork.uav[4]; config=HighNoise,0.0,0.0,0.0,0.0,0.0,0.857697,0.182228,0.0,0.0,0.0,0.0,0.0,HighNoise,HighNoise-20-20260922-20:32:21-1127566,4,HighNoise-20-20260922-20:32:21-1127566|phase2|4,20,20,20,sha3,10,,,,0.0,0.182228,0.0,0.0,0.0,0.0,0.0,0.0,0.0,0.0,0,0,0,0,0,0
435,1,2.341679,1.258641,1.083038,777,sha3,OMNeT++; module=UavAuthNetwork.uav[5]; config=HighNoise,1.095268,0.04831,0.26148,0.077043,0.241441,0.827201,0.199379,0.077043,0.126875,0.168755,0.009287,0.841597,HighNoise,HighNoise-20-20260922-20:32:21-1127566,5,HighNoise-20-20260922-20:32:21-1127566|phase2|5,20,20,20,sha3,10,,,,1.513273,0.199379,0.007485,0.01066,0.101528,0.001553,0.007294,0.010309,0.098262,0.002524,104,85,43,545,1,0
436,1,2.350627,1.277444,1.073183,777,sha3,OMNeT++; module=UavAuthNetwork.uav[6]; config=HighNoise,1.115735,0.047809,0.265349,0.076281,0.235534,0.826019,0.216791,0.076281,0.126985,0.190058,0.009147,0.837649,HighNoise,HighNoise-20-20260922-20:32:21-1127566,6,HighNoise-20-20260922-20:32:21-1127566|phase2|6,20,20,20,sha3,10,,,,1.52859,0.216791,0.007204,0.010188,0.099774,0.001463,0.007224,0.01048,0.099353,0.002134,104,85,43,545,1,0
437,1,2.348067,1.273527,1.07454,777,sha3,OMNeT++; module=UavAuthNetwork.uav[7]; config=HighNoise,1.111608,0.047979,0.258514,0.076451,0.224156,0.835246,0.209768,0.076451,0.126555,0.162899,0.009017,0.850384,HighNoise,HighNoise-20-20260922-20:32:21-1127566,7,HighNoise-20-20260922-20:32:21-1127566|phase2|7,20,20,20,sha3,10,,,,1.495952,0.209768,0.007264,0.010349,0.099704,0.001393,0.007284,0.010178,0.098261,0.002094,104,85,43,545,1,0
438,1,2.439003,1.326076,1.112927,777,sha3,OMNeT++; module=UavAuthNetwork.uav[8]; config=HighNoise,1.135532,0.059601,0.27204,0.090498,0.235688,0.840807,0.226369,0.090498,0.14539,0.185648,0.009548,0.87724,HighNoise,HighNoise-20-20260922-20:32:21-1127566,8,HighNoise-20-20260922-20:32:21-1127566|phase2|8,20,20,20,sha3,10,,,,1.570616,0.226369,0.007443,0.013364,0.112047,0.001613,0.009587,0.014236,0.104294,0.002766,104,85,43,545,1,0
439,1,2.435614,1.362683,1.072931,777,sha3,OMNeT++; module=UavAuthNetwork.uav[9]; config=HighNoise,1.178121,0.068257,0.259037,0.084276,0.218529,0.887823,0.219497,0.084276,0.138506,0.170783,0.01601,0.854402,HighNoise,HighNoise-20-20260922-20:32:21-1127566,9,HighNoise-20-20260922-20:32:21-1127566|phase2|9,20,20,20,sha3,10,,,,1.502751,0.219497,0.007584,0.013074,0.106999,0.002685,0.009688,0.017271,0.111325,0.002965,104,85,43,545,1,0
440,1,2.421151,1.322969,1.098182,777,sha3,OMNeT++; module=UavAuthNetwork.uav[0]; config=HighNoise,1.149397,0.049832,0.241218,0.081301,0.259139,0.846287,0.219466,0.081301,0.142804,0.167827,0.01097,0.839043,HighNoise,HighNoise-21-20260922-20:32:22-1127566,0,HighNoise-21-20260922-20:32:22-1127566|phase2|0,21,21,21,sha3,10,,,,1.507227,0.219466,0.008004,0.011391,0.116656,0.002114,0.007604,0.010931,0.106687,0.008005,104,85,43,545,1,0
441,1,2.422861,1.300276,1.122585,777,sha3,OMNeT++; module=UavAuthNetwork.uav[1]; config=HighNoise,1.13465,0.049041,0.272339,0.077894,0.243116,0.85352,0.210219,0.077894,0.128828,0.166924,0.009838,0.879469,HighNoise,HighNoise-21-20260922-20:32:22-1127566,1,HighNoise-21-20260922-20:32:22-1127566|phase2|1,21,21,21,sha3,10,,,,1.561848,0.210219,0.007644,0.011,0.102169,0.001683,0.007543,0.01077,0.099304,0.002765,104,85,43,545,1,0
442,1,2.423022,1.297371,1.125651,777,sha3,OMNeT++; module=UavAuthNetwork.uav[2]; config=HighNoise,1.13402,0.048149,0.245441,0.076902,0.252579,0.841308,0.223674,0.076902,0.126895,0.165165,0.009547,0.873072,HighNoise,HighNoise-21-20260922-20:32:22-1127566,2,HighNoise-21-20260922-20:32:22-1127566|phase2|2,21,21,21,sha3,10,,,,1.536257,0.223674,0.007474,0.01052,0.100856,0.001482,0.007294,0.010248,0.098352,0.002574,104,85,43,545,1,0
443,1,2.356436,1.301619,1.054817,777,sha3,OMNeT++; module=UavAuthNetwork.uav[3]; config=HighNoise,1.119873,0.047738,0.241444,0.086049,0.216173,0.83707,0.214767,0.086049,0.128879,0.160759,0.009648,0.838644,HighNoise,HighNoise-21-20260922-20:32:22-1127566,3,HighNoise-21-20260922-20:32:22-1127566|phase2|3,21,21,21,sha3,10,,,,1.457019,0.214767,0.007403,0.011532,0.10837,0.001522,0.007434,0.010548,0.098632,0.002495,104,85,43,545,1,0
444,1,2.575047,1.481883,1.093164,777,sha3,OMNeT++; module=UavAuthNetwork.uav[4]; config=HighNoise,1.246888,0.07565,0.257312,0.110244,0.236826,0.895728,0.272795,0.110244,0.16202,0.161154,0.014507,0.856338,HighNoise,HighNoise-21-20260922-20:32:22-1127566,4,HighNoise-21-20260922-20:32:22-1127566|phase2|4,21,21,21,sha3,10,,,,1.51163,0.272795,0.01087,0.014607,0.13501,0.002044,0.013154,0.023173,0.125082,0.00523,104,85,43,545,1,0
445,1,2.38744,1.327929,1.059511,777,sha3,OMNeT++; module=UavAuthNetwork.uav[5]; config=HighNoise,1.159396,0.049983,0.242452,0.078796,0.229399,0.873497,0.211802,0.078796,0.139098,0.16181,0.010941,0.830112,HighNoise,HighNoise-21-20260922-20:32:22-1127566,5,HighNoise-21-20260922-20:32:22-1127566|phase2|5,21,21,21,sha3,10,,,,1.463772,0.211802,0.007694,0.01116,0.103702,0.001774,0.007624,0.012082,0.104624,0.004799,104,85,43,545,1,0
446,1,2.383264,1.318972,1.064292,777,sha3,OMNeT++; module=UavAuthNetwork.uav[6]; config=HighNoise,1.135512,0.050113,0.243325,0.086761,0.233228,0.850164,0.212183,0.086761,0.130231,0.179217,0.009938,0.831064,HighNoise,HighNoise-21-20260922-20:32:22-1127566,6,HighNoise-21-20260922-20:32:22-1127566|phase2|6,21,21,21,sha3,10,,,,1.486835,0.212183,0.007595,0.011912,0.109713,0.001754,0.007724,0.011171,0.099655,0.002625,104,85,43,545,1,0
447,1,2.389346,1.324342,1.065004,777,sha3,OMNeT++; module=UavAuthNetwork.uav[7]; config=HighNoise,1.138598,0.049031,0.264253,0.088083,0.23284,0.851847,0.217112,0.088083,0.130431,0.163557,0.009578,0.832164,HighNoise,HighNoise-21-20260922-20:32:22-1127566,7,HighNoise-21-20260922-20:32:22-1127566|phase2|7,21,21,21,sha3,10,,,,1.492814,0.217112,0.007705,0.011742,0.110775,0.001563,0.007544,0.010619,0.099345,0.002605,104,85,43,545,1,0
448,0,0.0,0.0,0.0,0,sha3,OMNeT++; module=UavAuthNetwork.uav[8]; config=HighNoise,0.0,0.0,0.0,0.0,0.0,0.83714,0.196644,0.0,0.0,0.0,0.0,0.0,HighNoise,HighNoise-21-20260922-20:32:22-1127566,8,HighNoise-21-20260922-20:32:22-1127566|phase2|8,21,21,21,sha3,10,,,,0.0,0.196644,0.0,0.0,0.0,0.0,0.0,0.0,0.0,0.0,0,0,0,0,0,0
449,1,2.32226,1.26457,1.05769,777,sha3,OMNeT++; module=UavAuthNetwork.uav[9]; config=HighNoise,1.093765,0.04866,0.256116,0.080659,0.224557,0.820178,0.20486,0.080659,0.135912,0.180701,0.009487,0.833133,HighNoise,HighNoise-21-20260922-20:32:22-1127566,9,HighNoise-21-20260922-20:32:22-1127566|phase2|9,21,21,21,sha3,10,,,,1.494507,0.20486,0.007524,0.013485,0.101848,0.001573,0.008806,0.011071,0.103162,0.002645,104,85,43,545,1,0
450,1,2.375119,1.319273,1.055846,777,sha3,OMNeT++; module=UavAuthNetwork.uav[0]; config=HighNoise,1.145039,0.050614,0.268158,0.081662,0.220355,0.850565,0.206853,0.081662,0.135431,0.174375,0.01091,0.835491,HighNoise,HighNoise-22-20260922-20:32:23-1127566,0,HighNoise-22-20260922-20:32:23-1127566|phase2|0,22,22,22,sha3,10,,,,1.498379,0.206853,0.008485,0.011181,0.117458,0.002154,0.007704,0.0108,0.099665,0.008436,104,85,43,545,1,0
451,1,2.368071,1.283676,1.084395,777,sha3,OMNeT++; module=UavAuthNetwork.uav[1]; config=HighNoise,1.106058,0.048159,0.249053,0.084035,0.228323,0.832962,0.204829,0.084035,0.127666,0.165027,0.009548,0.856072,HighNoise,HighNoise-22-20260922-20:32:23-1127566,1,HighNoise-22-20260922-20:32:23-1127566|phase2|1,22,22,22,sha3,10,,,,1.498476,0.204829,0.007323,0.010639,0.107049,0.001492,0.007384,0.01046,0.099294,0.002394,104,85,43,545,1,0
452,1,2.362614,1.271463,1.091151,777,sha3,OMNeT++; module=UavAuthNetwork.uav[2]; config=HighNoise,1.109364,0.04851,0.254313,0.076471,0.235744,0.843291,0.199079,0.076471,0.126474,0.15909,0.009157,0.855407,HighNoise,HighNoise-22-20260922-20:32:23-1127566,2,HighNoise-22-20260922-20:32:23-1127566|phase2|2,22,22,22,sha3,10,,,,1.504554,0.199079,0.007303,0.010269,0.099824,0.001383,0.007274,0.01078,0.098281,0.002184,104,85,43,545,1,0
453,1,2.358094,1.268468,1.089626,777,sha3,OMNeT++; module=UavAuthNetwork.uav[3]; config=HighNoise,1.104905,0.047438,0.247834,0.077153,0.241766,0.833843,0.204208,0.077153,0.126594,0.160112,0.009257,0.84786,HighNoise,HighNoise-22-20260922-20:32:23-1127566,3,HighNoise-22-20260922-20:32:23-1127566|phase2|3,22,22,22,sha3,10,,,,1.497572,0.204208,0.007264,0.01069,0.100105,0.001413,0.007253,0.010359,0.098202,0.002134,104,85,43,545,1,0
454,1,2.330263,1.276132,1.054131,777,sha3,OMNeT++; module=UavAuthNetwork.uav[4]; config=HighNoise,1.113281,0.0484,0.272206,0.076872,0.224962,0.833603,0.208706,0.076872,0.127486,0.164195,0.009107,0.829169,HighNoise,HighNoise-22-20260922-20:32:23-1127566,4,HighNoise-22-20260922-20:32:23-1127566|phase2|4,22,22,22,sha3,10,,,,1.490533,0.208706,0.007254,0.010539,0.099985,0.001383,0.007264,0.01066,0.098342,0.002144,104,85,43,545,1,0
455,1,2.318549,1.257215,1.061334,777,sha3,OMNeT++; module=UavAuthNetwork.uav[5]; config=HighNoise,1.094315,0.047037,0.258564,0.076942,0.216973,0.83205,0.195953,0.076942,0.126454,0.162148,0.009016,0.844361,HighNoise,HighNoise-22-20260922-20:32:23-1127566,5,HighNoise-22-20260922-20:32:23-1127566|phase2|5,22,22,22,sha3,10,,,,1.482045,0.195953,0.007233,0.01035,0.100235,0.001413,0.007164,0.010039,0.098282,0.002174,104,85,43,545,1,0
456,1,2.370404,1.270224,1.10018,777,sha3,OMNeT++; module=UavAuthNetwork.uav[6]; config=HighNoise,1.107591,0.048179,0.239976,0.076783,0.248817,0.830096,0.211422,0.076783,0.132816,0.167315,0.009067,0.851362,HighNoise,HighNoise-22-20260922-20:32:23-1127566,6,HighNoise-22-20260922-20:32:23-1127566|phase2|6,22,22,22,sha3,10,,,,1.507471,0.211422,0.007244,0.01068,0.099704,0.001383,0.007253,0.010781,0.104274,0.002164,104,85,43,545,1,0
457,1,2.330092,1.262768,1.067324,777,sha3,OMNeT++; module=UavAuthNetwork.uav[7]; config=HighNoise,1.100848,0.047698,0.270404,0.076482,0.224578,0.82623,0.208366,0.076482,0.126514,0.173705,0.008956,0.842746,HighNoise,HighNoise-22-20260922-20:32:23-1127566,7,HighNoise-22-20260922-20:32:23-1127566|phase2|7,22,22,22,sha3,10,,,,1.511434,0.208366,0.007223,0.01034,0.099664,0.001363,0.007214,0.010299,0.098322,0.002114,104,85,43,545,1,0
458,1,2.353139,1.267184,1.085955,777,sha3,OMNeT++; module=UavAuthNetwork.uav[8]; config=HighNoise,1.105216,0.048249,0.248542,0.076491,0.217598,0.831839,0.207264,0.076491,0.126323,0.15887,0.008986,0.868357,HighNoise,HighNoise-22-20260922-20:32:23-1127566,8,HighNoise-22-20260922-20:32:23-1127566|phase2|8,22,22,22,sha3,10,,,,1.493366,0.207264,0.007324,0.010399,0.099754,0.001363,0.007354,0.01056,0.098633,0.002124,104,85,43,545,1,0
459,1,2.390969,1.335472,1.055497,777,sha3,OMNeT++; module=UavAuthNetwork.uav[9]; config=HighNoise,1.14501,0.055613,0.254548,0.090297,0.22663,0.871494,0.204719,0.090297,0.138437,0.166239,0.009868,0.828867,HighNoise,HighNoise-22-20260922-20:32:23-1127566,9,HighNoise-22-20260922-20:32:23-1127566|phase2|9,22,22,22,sha3,10,,,,1.476284,0.204719,0.007504,0.012383,0.112949,0.001703,0.007774,0.011651,0.113009,0.002896,104,85,43,545,1,0
460,0,0.0,0.0,0.0,0,sha3,OMNeT++; module=UavAuthNetwork.uav[0]; config=HighNoise,0.0,0.0,0.0,0.0,0.0,0.846527,0.188689,0.0,0.0,0.0,0.0,0.0,HighNoise,HighNoise-23-20260922-20:32:23-1127566,0,HighNoise-23-20260922-20:32:23-1127566|phase2|0,23,23,23,sha3,10,,,,0.0,0.188689,0.0,0.0,0.0,0.0,0.0,0.0,0.0,0.0,0,0,0,0,0,0
461,1,2.387986,1.30138,1.086606,777,sha3,OMNeT++; module=UavAuthNetwork.uav[1]; config=HighNoise,1.126956,0.049953,0.263321,0.081902,0.248423,0.837821,0.201523,0.081902,0.13518,0.160614,0.01062,0.838182,HighNoise,HighNoise-23-20260922-20:32:23-1127566,1,HighNoise-23-20260922-20:32:23-1127566|phase2|1,23,23,23,sha3,10,,,,1.510541,0.201523,0.008105,0.011672,0.121074,0.002064,0.007514,0.01071,0.099124,0.008436,104,85,43,545,1,0
462,1,2.349141,1.266796,1.082345,777,sha3,OMNeT++; module=UavAuthNetwork.uav[2]; config=HighNoise,1.103422,0.047799,0.248225,0.076993,0.221751,0.8321,0.202685,0.076993,0.126525,0.185569,0.009388,0.860594,HighNoise,HighNoise-23-20260922-20:32:23-1127566,2,HighNoise-23-20260922-20:32:23-1127566|phase2|2,23,23,23,sha3,10,,,,1.516139,0.202685,0.007434,0.01053,0.099945,0.001533,0.007394,0.01045,0.098241,0.002294,104,85,43,545,1,0
463,0,0.0,0.0,0.0,0,sha3,OMNeT++; module=UavAuthNetwork.uav[3]; config=HighNoise,0.0,0.0,0.0,0.0,0.0,0.837971,0.178751,0.0,0.0,0.0,0.0,0.0,HighNoise,HighNoise-23-20260922-20:32:23-1127566,3,HighNoise-23-20260922-20:32:23-1127566|phase2|3,23,23,23,sha3,10,,,,0.0,0.178751,0.0,0.0,0.0,0.0,0.0,0.0,0.0,0.0,0,0,0,0,0,0
464,1,2.370537,1.300878,1.069659,777,sha3,OMNeT++; module=UavAuthNetwork.uav[4]; config=HighNoise,1.100928,0.04827,0.249388,0.095066,0.223574,0.83744,0.195833,0.095066,0.127666,0.175401,0.009818,0.846085,HighNoise,HighNoise-23-20260922-20:32:23-1127566,4,HighNoise-23-20260922-20:32:23-1127566|phase2|4,23,23,23,sha3,10,,,,1.494447,0.195833,0.007403,0.014447,0.115123,0.001693,0.007324,0.010409,0.098743,0.002504,104,85,43,545,1,0
465,1,2.344542,1.271105,1.073437,777,sha3,OMNeT++; module=UavAuthNetwork.uav[5]; config=HighNoise,1.106939,0.047949,0.247174,0.077434,0.222214,0.836668,0.203637,0.077434,0.128288,0.162872,0.009298,0.851223,HighNoise,HighNoise-23-20260922-20:32:23-1127566,5,HighNoise-23-20260922-20:32:23-1127566|phase2|5,23,23,23,sha3,10,,,,1.483483,0.203637,0.007344,0.01083,0.100045,0.001473,0.007315,0.01047,0.098592,0.002174,104,85,43,545,1,0
466,1,2.428707,1.344138,1.084569,777,sha3,OMNeT++; module=UavAuthNetwork.uav[6]; config=HighNoise,1.158715,0.048911,0.264993,0.084396,0.239911,0.879859,0.208396,0.084396,0.128117,0.204873,0.016631,0.844659,HighNoise,HighNoise-23-20260922-20:32:23-1127566,6,HighNoise-23-20260922-20:32:23-1127566|phase2|6,23,23,23,sha3,10,,,,1.554435,0.208396,0.007473,0.01075,0.110945,0.002915,0.007284,0.010569,0.098593,0.002664,104,85,43,545,1,0
467,1,2.351156,1.292172,1.058984,777,sha3,OMNeT++; module=UavAuthNetwork.uav[7]; config=HighNoise,1.126515,0.04862,0.299541,0.078265,0.221453,0.854863,0.202876,0.078265,0.127265,0.174396,0.009127,0.837532,HighNoise,HighNoise-23-20260922-20:32:23-1127566,7,HighNoise-23-20260922-20:32:23-1127566|phase2|7,23,23,23,sha3,10,,,,1.53292,0.202876,0.007344,0.01086,0.102048,0.001413,0.007273,0.010719,0.098753,0.002345,104,85,43,545,1,0
468,1,2.380727,1.295087,1.08564,777,sha3,OMNeT++; module=UavAuthNetwork.uav[8]; config=HighNoise,1.130683,0.049471,0.246923,0.077533,0.229501,0.857718,0.203006,0.077533,0.128317,0.167094,0.009338,0.85614,HighNoise,HighNoise-23-20260922-20:32:23-1127566,8,HighNoise-23-20260922-20:32:23-1127566|phase2|8,23,23,23,sha3,10,,,,1.499658,0.203006,0.007444,0.010931,0.10243,0.001623,0.007374,0.0107,0.098923,0.002806,104,85,43,545,1,0
469,1,2.345911,1.295608,1.050303,777,sha3,OMNeT++; module=UavAuthNetwork.uav[9]; config=HighNoise,1.129511,0.062225,0.243709,0.078305,0.221437,0.85324,0.207694,0.078305,0.126844,0.160584,0.009487,0.828865,HighNoise,HighNoise-23-20260922-20:32:23-1127566,9,HighNoise-23-20260922-20:32:23-1127566|phase2|9,23,23,23,sha3,10,,,,1.454595,0.207694,0.007323,0.010729,0.101789,0.001593,0.007904,0.01026,0.111857,0.002424,104,85,43,545,1,0
470,0,0.0,0.0,0.0,0,sha3,OMNeT++; module=UavAuthNetwork.uav[0]; config=HighNoise,0.0,0.0,0.0,0.0,0.0,0.847589,0.198157,0.0,0.0,0.0,0.0,0.0,HighNoise,HighNoise-24-20260922-20:32:24-1127566,0,HighNoise-24-20260922-20:32:24-1127566|phase2|0,24,24,24,sha3,10,,,,0.0,0.198157,0.0,0.0,0.0,0.0,0.0,0.0,0.0,0.0,0,0,0,0,0,0
471,1,2.394842,1.320985,1.073857,777,sha3,OMNeT++; module=UavAuthNetwork.uav[1]; config=HighNoise,1.137055,0.054541,0.241164,0.08656,0.235994,0.839253,0.214888,0.08656,0.134459,0.162074,0.01081,0.837862,HighNoise,HighNoise-24-20260922-20:32:24-1127566,1,HighNoise-24-20260922-20:32:24-1127566|phase2|1,24,24,24,sha3,10,,,,1.477094,0.214888,0.01079,0.011831,0.117267,0.002104,0.009597,0.010469,0.101037,0.008305,104,85,43,545,1,0
472,1,2.411359,1.322487,1.088872,777,sha3,OMNeT++; module=UavAuthNetwork.uav[2]; config=HighNoise,1.136293,0.04823,0.258404,0.088253,0.239447,0.854211,0.206121,0.088253,0.12959,0.166683,0.009688,0.849424,HighNoise,HighNoise-24-20260922-20:32:24-1127566,2,HighNoise-24-20260922-20:32:24-1127566|phase2|2,24,24,24,sha3,10,,,,1.513958,0.206121,0.007634,0.011712,0.117588,0.001533,0.007474,0.010499,0.100337,0.002745,104,85,43,545,1,0
473,1,2.344433,1.286903,1.05753,777,sha3,OMNeT++; module=UavAuthNetwork.uav[3]; config=HighNoise,1.122818,0.04856,0.253089,0.077083,0.224941,0.846898,0.206593,0.077083,0.143746,0.189884,0.009919,0.832589,HighNoise,HighNoise-24-20260922-20:32:24-1127566,3,HighNoise-24-20260922-20:32:24-1127566|phase2|3,24,24,24,sha3,10,,,,1.500504,0.206593,0.007274,0.01055,0.101548,0.001653,0.008917,0.01135,0.109513,0.002555,104,85,43,545,1,0
474,0,0.0,0.0,0.0,0,sha3,OMNeT++; module=UavAuthNetwork.uav[4]; config=HighNoise,0.0,0.0,0.0,0.0,0.0,0.884036,0.181476,0.0,0.0,0.0,0.0,0.0,HighNoise,HighNoise-24-20260922-20:32:24-1127566,4,HighNoise-24-20260922-20:32:24-1127566|phase2|4,24,24,24,sha3,10,,,,0.0,0.181476,0.0,0.0,0.0,0.0,0.0,0.0,0.0,0.0,0,0,0,0,0,0
475,1,2.490234,1.424525,1.065709,777,sha3,OMNeT++; module=UavAuthNetwork.uav[5]; config=HighNoise,1.22131,0.064109,0.265423,0.096458,0.231786,0.909925,0.213545,0.096458,0.133266,0.170336,0.010299,0.833923,HighNoise,HighNoise-24-20260922-20:32:24-1127566,5,HighNoise-24-20260922-20:32:24-1127566|phase2|5,24,24,24,sha3,10,,,,1.501468,0.213545,0.020819,0.012944,0.131675,0.001783,0.009519,0.011742,0.108771,0.005079,104,85,43,545,1,0
476,1,2.383638,1.309655,1.073983,777,sha3,OMNeT++; module=UavAuthNetwork.uav[6]; config=HighNoise,1.143417,0.049982,0.249038,0.078315,0.216464,0.848481,0.22128,0.078315,0.129771,0.163318,0.009608,0.857518,HighNoise,HighNoise-24-20260922-20:32:24-1127566,6,HighNoise-24-20260922-20:32:24-1127566|phase2|6,24,24,24,sha3,10,,,,1.486339,0.22128,0.007475,0.01083,0.103261,0.001613,0.007543,0.01087,0.099104,0.002505,104,85,43,545,1,0
477,0,0.0,0.0,0.0,0,sha3,OMNeT++; module=UavAuthNetwork.uav[7]; config=HighNoise,0.0,0.0,0.0,0.0,0.0,0.844203,0.182237,0.0,0.0,0.0,0.0,0.0,HighNoise,HighNoise-24-20260922-20:32:24-1127566,7,HighNoise-24-20260922-20:32:24-1127566|phase2|7,24,24,24,sha3,10,,,,0.0,0.182237,0.0,0.0,0.0,0.0,0.0,0.0,0.0,0.0,0,0,0,0,0,0
478,1,2.351006,1.283526,1.06748,777,sha3,OMNeT++; module=UavAuthNetwork.uav[8]; config=HighNoise,1.119883,0.04862,0.247441,0.077133,0.222897,0.845284,0.206944,0.077133,0.132436,0.190236,0.009377,0.844582,HighNoise,HighNoise-24-20260922-20:32:24-1127566,8,HighNoise-24-20260922-20:32:24-1127566|phase2|8,24,24,24,sha3,10,,,,1.505157,0.206944,0.007383,0.010489,0.100907,0.001533,0.007264,0.010589,0.098702,0.002345,104,85,43,545,1,0
479,1,2.357302,1.273758,1.083544,777,sha3,OMNeT++; module=UavAuthNetwork.uav[9]; config=HighNoise,1.109133,0.0487,0.247141,0.077734,0.254303,0.831469,0.209949,0.077734,0.127737,0.162529,0.009157,0.82924,HighNoise,HighNoise-24-20260922-20:32:24-1127566,9,HighNoise-24-20260922-20:32:24-1127566|phase2|9,24,24,24,sha3,10,,,,1.493214,0.209949,0.007444,0.010809,0.100857,0.001452,0.007324,0.01062,0.098673,0.002234,104,85,43,545,1,0
480,1,2.448915,1.391666,1.057249,777,sha3,OMNeT++; module=UavAuthNetwork.uav[0]; config=HighNoise,1.204259,0.080018,0.255726,0.087893,0.214169,0.861845,0.248611,0.087893,0.141482,0.178807,0.011621,0.84308,HighNoise,HighNoise-25-20260922-20:32:25-1127566,0,HighNoise-25-20260922-20:32:25-1127566|phase2|0,25,25,25,sha3,10,,,,1.491783,0.248611,0.010118,0.012683,0.128719,0.002094,0.012013,0.013024,0.122768,0.009778,104,85,43,545,1,0
481,1,2.422255,1.324921,1.097334,777,sha3,OMNeT++; module=UavAuthNetwork.uav[1]; config=HighNoise,1.15628,0.050464,0.247978,0.079096,0.230871,0.866153,0.217904,0.079096,0.135421,0.157953,0.010449,0.866464,HighNoise,HighNoise-25-20260922-20:32:25-1127566,1,HighNoise-25-20260922-20:32:25-1127566|phase2|1,25,25,25,sha3,10,,,,1.503265,0.217904,0.007423,0.011793,0.103111,0.001733,0.007786,0.013314,0.101137,0.00522,104,85,43,545,1,0
482,1,2.418872,1.278407,1.140465,777,sha3,OMNeT++; module=UavAuthNetwork.uav[2]; config=HighNoise,1.114253,0.04865,0.271245,0.077223,0.262361,0.844804,0.198658,0.077223,0.136112,0.170137,0.009708,0.878104,HighNoise,HighNoise-25-20260922-20:32:25-1127566,2,HighNoise-25-20260922-20:32:25-1127566|phase2|2,25,25,25,sha3,10,,,,1.581848,0.198658,0.007374,0.01056,0.100616,0.001543,0.007363,0.0109,0.106888,0.002384,104,85,43,545,1,0
483,0,0.0,0.0,0.0,0,sha3,OMNeT++; module=UavAuthNetwork.uav[3]; config=HighNoise,0.0,0.0,0.0,0.0,0.0,0.87506,0.185784,0.0,0.0,0.0,0.0,0.0,HighNoise,HighNoise-25-20260922-20:32:25-1127566,3,HighNoise-25-20260922-20:32:25-1127566|phase2|3,25,25,25,sha3,10,,,,0.0,0.185784,0.0,0.0,0.0,0.0,0.0,0.0,0.0,0.0,0,0,0,0,0,0
484,1,2.337998,1.276445,1.061553,777,sha3,OMNeT++; module=UavAuthNetwork.uav[4]; config=HighNoise,1.110857,0.048169,0.24919,0.077955,0.228382,0.83189,0.20527,0.077955,0.128087,0.159979,0.009678,0.833171,HighNoise,HighNoise-25-20260922-20:32:25-1127566,4,HighNoise-25-20260922-20:32:25-1127566|phase2|4,25,25,25,sha3,10,,,,1.470723,0.20527,0.007574,0.01108,0.106437,0.001663,0.007263,0.010179,0.098963,0.002765,104,85,43,545,1,0
485,1,2.477511,1.422041,1.05547,777,sha3,OMNeT++; module=UavAuthNetwork.uav[5]; config=HighNoise,1.105937,0.04851,0.245358,0.153173,0.223488,0.835938,0.201743,0.153173,0.137495,0.16889,0.009758,0.831983,HighNoise,HighNoise-25-20260922-20:32:25-1127566,5,HighNoise-25-20260922-20:32:25-1127566|phase2|5,25,25,25,sha3,10,,,,1.469718,0.201743,0.007434,0.012183,0.174723,0.001663,0.007564,0.01102,0.106297,0.002695,104,85,43,545,1,0
486,0,0.0,0.0,0.0,0,sha3,OMNeT++; module=UavAuthNetwork.uav[6]; config=HighNoise,0.0,0.0,0.0,0.0,0.0,0.85336,0.21094,0.0,0.0,0.0,0.0,0.0,HighNoise,HighNoise-25-20260922-20:32:25-1127566,6,HighNoise-25-20260922-20:32:25-1127566|phase2|6,25,25,25,sha3,10,,,,0.0,0.21094,0.0,0.0,0.0,0.0,0.0,0.0,0.0,0.0,0,0,0,0,0,0
487,0,0.0,0.0,0.0,0,sha3,OMNeT++; module=UavAuthNetwork.uav[7]; config=HighNoise,0.0,0.0,0.0,0.0,0.0,0.850214,0.173171,0.0,0.0,0.0,0.0,0.0,HighNoise,HighNoise-25-20260922-20:32:25-1127566,7,HighNoise-25-20260922-20:32:25-1127566|phase2|7,25,25,25,sha3,10,,,,0.0,0.173171,0.0,0.0,0.0,0.0,0.0,0.0,0.0,0.0,0,0,0,0,0,0
488,1,2.359641,1.293182,1.066459,777,sha3,OMNeT++; module=UavAuthNetwork.uav[8]; config=HighNoise,1.127978,0.04861,0.271208,0.077703,0.225342,0.843752,0.206272,0.077703,0.127737,0.17103,0.009798,0.841117,HighNoise,HighNoise-25-20260922-20:32:25-1127566,8,HighNoise-25-20260922-20:32:25-1127566|phase2|8,25,25,25,sha3,10,,,,1.508697,0.206272,0.007503,0.011141,0.10275,0.001703,0.007254,0.010149,0.098582,0.003046,104,85,43,545,1,0
489,1,2.338172,1.278115,1.060057,777,sha3,OMNeT++; module=UavAuthNetwork.uav[9]; config=HighNoise,1.113471,0.049121,0.243164,0.077553,0.223883,0.842098,0.202906,0.077553,0.135822,0.16692,0.009538,0.836174,HighNoise,HighNoise-25-20260922-20:32:25-1127566,9,HighNoise-25-20260922-20:32:25-1127566|phase2|9,25,25,25,sha3,10,,,,1.470141,0.202906,0.007473,0.010569,0.101058,0.001653,0.007233,0.010731,0.099004,0.002404,104,85,43,545,1,0
490,1,2.373318,1.30208,1.071238,777,sha3,OMNeT++; module=UavAuthNetwork.uav[0]; config=HighNoise,1.128028,0.049902,0.267217,0.081641,0.242605,0.839173,0.206522,0.081641,0.135471,0.174841,0.01077,0.828633,HighNoise,HighNoise-26-20260922-20:32:25-1127566,0,HighNoise-26-20260922-20:32:25-1127566|phase2|0,26,26,26,sha3,10,,,,1.513297,0.206522,0.007996,0.010961,0.117166,0.002074,0.007533,0.01054,0.099134,0.008316,104,85,43,545,1,0
491,1,2.375013,1.278527,1.096486,777,sha3,OMNeT++; module=UavAuthNetwork.uav[1]; config=HighNoise,1.114323,0.04886,0.259917,0.077353,0.254423,0.833683,0.206743,0.077353,0.127196,0.170345,0.009498,0.842063,HighNoise,HighNoise-26-20260922-20:32:25-1127566,1,HighNoise-26-20260922-20:32:25-1127566|phase2|1,26,26,26,sha3,10,,,,1.526748,0.206743,0.012872,0.010851,0.100286,0.001523,0.007403,0.01098,0.098743,0.002314,104,85,43,545,1,0
492,1,2.32228,1.258609,1.063671,777,sha3,OMNeT++; module=UavAuthNetwork.uav[2]; config=HighNoise,1.09669,0.047849,0.255405,0.076331,0.220464,0.829165,0.200241,0.076331,0.126333,0.169042,0.009257,0.843206,HighNoise,HighNoise-26-20260922-20:32:25-1127566,2,HighNoise-26-20260922-20:32:25-1127566|phase2|2,26,26,26,sha3,10,,,,1.488118,0.200241,0.007252,0.010219,0.099915,0.001402,0.007144,0.01031,0.098262,0.002234,104,85,43,545,1,0
493,0,0.0,0.0,0.0,0,sha3,OMNeT++; module=UavAuthNetwork.uav[3]; config=HighNoise,0.0,0.0,0.0,0.0,0.0,0.836178,0.184752,0.0,0.0,0.0,0.0,0.0,HighNoise,HighNoise-26-20260922-20:32:25-1127566,3,HighNoise-26-20260922-20:32:25-1127566|phase2|3,26,26,26,sha3,10,,,,0.0,0.184752,0.0,0.0,0.0,0.0,0.0,0.0,0.0,0.0,0,0,0,0,0,0
494,1,2.304773,1.243282,1.061491,777,sha3,OMNeT++; module=UavAuthNetwork.uav[4]; config=HighNoise,1.079759,0.047609,0.262953,0.077123,0.224053,0.809779,0.203567,0.077123,0.132455,0.16344,0.009277,0.837439,HighNoise,HighNoise-26-20260922-20:32:25-1127566,4,HighNoise-26-20260922-20:32:25-1127566|phase2|4,26,26,26,sha3,10,,,,1.487884,0.203567,0.007355,0.01044,0.100336,0.001463,0.007263,0.010308,0.098562,0.002224,104,85,43,545,1,0
495,1,2.349162,1.262967,1.086195,777,sha3,OMNeT++; module=UavAuthNetwork.uav[5]; config=HighNoise,1.101048,0.048269,0.251087,0.076321,0.243385,0.825518,0.208296,0.076321,0.126144,0.168043,0.009277,0.842809,HighNoise,HighNoise-26-20260922-20:32:25-1127566,5,HighNoise-26-20260922-20:32:25-1127566|phase2|5,26,26,26,sha3,10,,,,1.505324,0.208296,0.007265,0.01029,0.100395,0.001383,0.007354,0.01035,0.098262,0.002234,104,85,43,545,1,0
496,0,0.0,0.0,0.0,0,sha3,OMNeT++; module=UavAuthNetwork.uav[6]; config=HighNoise,0.0,0.0,0.0,0.0,0.0,0.846286,0.180495,0.0,0.0,0.0,0.0,0.0,HighNoise,HighNoise-26-20260922-20:32:25-1127566,6,HighNoise-26-20260922-20:32:25-1127566|phase2|6,26,26,26,sha3,10,,,,0.0,0.180495,0.0,0.0,0.0,0.0,0.0,0.0,0.0,0.0,0,0,0,0,0,0
497,1,2.375491,1.297942,1.077549,777,sha3,OMNeT++; module=UavAuthNetwork.uav[7]; config=HighNoise,1.121836,0.04843,0.258075,0.083164,0.249349,0.836498,0.2161,0.083164,0.144186,0.168761,0.009778,0.8282,HighNoise,HighNoise-26-20260922-20:32:25-1127566,7,HighNoise-26-20260922-20:32:25-1127566|phase2|7,26,26,26,sha3,10,,,,1.504385,0.2161,0.007604,0.015109,0.103211,0.001733,0.007654,0.011532,0.110485,0.003115,104,85,43,545,1,0
498,1,2.805868,1.735973,1.069895,777,sha3,OMNeT++; module=UavAuthNetwork.uav[8]; config=HighNoise,1.446959,0.079828,0.248288,0.136432,0.23818,0.951842,0.371739,0.136432,0.192777,0.177166,0.01615,0.831715,HighNoise,HighNoise-26-20260922-20:32:25-1127566,8,HighNoise-26-20260922-20:32:25-1127566|phase2|8,26,26,26,sha3,10,,,,1.495349,0.371739,0.037098,0.021379,0.169906,0.002615,0.012845,0.020707,0.138015,0.00557,104,85,43,545,1,0
499,1,2.83057,1.740512,1.090058,777,sha3,OMNeT++; module=UavAuthNetwork.uav[9]; config=HighNoise,1.574334,0.049361,0.243559,0.078155,0.244024,1.271554,0.213164,0.078155,0.129249,0.163009,0.009868,0.846034,HighNoise,HighNoise-26-20260922-20:32:25-1127566,9,HighNoise-26-20260922-20:32:25-1127566|phase2|9,26,26,26,sha3,10,,,,1.496626,0.213164,0.007535,0.011031,0.102189,0.001633,0.007463,0.01079,0.099174,0.002685,104,85,43,545,1,0
500,1,2.383362,1.320395,1.062967,777,sha3,OMNeT++; module=UavAuthNetwork.uav[0]; config=HighNoise,1.146563,0.049952,0.262672,0.081441,0.226344,0.847319,0.216691,0.081441,0.137936,0.16255,0.01095,0.836623,HighNoise,HighNoise-27-20260922-20:32:26-1127566,0,HighNoise-27-20260922-20:32:26-1127566|phase2|0,27,27,27,sha3,10,,,,1.488189,0.216691,0.007875,0.011801,0.116405,0.002134,0.007644,0.01067,0.099304,0.011251,104,85,43,545,1,0
501,0,0.0,0.0,0.0,0,sha3,OMNeT++; module=UavAuthNetwork.uav[1]; config=HighNoise,0.0,0.0,0.0,0.0,0.0,1.014278,0.286641,0.0,0.0,0.0,0.0,0.0,HighNoise,HighNoise-27-20260922-20:32:26-1127566,1,HighNoise-27-20260922-20:32:26-1127566|phase2|1,27,27,27,sha3,10,,,,0.0,0.286641,0.0,0.0,0.0,0.0,0.0,0.0,0.0,0.0,0,0,0,0,0,0
502,0,0.0,0.0,0.0,0,sha3,OMNeT++; module=UavAuthNetwork.uav[2]; config=HighNoise,0.0,0.0,0.0,0.0,0.0,1.079799,0.194891,0.0,0.0,0.0,0.0,0.0,HighNoise,HighNoise-27-20260922-20:32:26-1127566,2,HighNoise-27-20260922-20:32:26-1127566|phase2|2,27,27,27,sha3,10,,,,0.0,0.194891,0.0,0.0,0.0,0.0,0.0,0.0,0.0,0.0,0,0,0,0,0,0
503,1,2.809603,1.732147,1.077456,777,sha3,OMNeT++; module=UavAuthNetwork.uav[3]; config=HighNoise,1.558335,0.052157,0.2616,0.081501,0.22729,1.243912,0.215088,0.081501,0.142754,0.186313,0.01081,0.850166,HighNoise,HighNoise-27-20260922-20:32:26-1127566,3,HighNoise-27-20260922-20:32:26-1127566|phase2|3,27,27,27,sha3,10,,,,1.525369,0.215088,0.008636,0.013104,0.114082,0.002074,0.007734,0.019076,0.099615,0.007253,104,85,43,545,1,0
504,1,2.312165,1.263168,1.048997,777,sha3,OMNeT++; module=UavAuthNetwork.uav[4]; config=HighNoise,1.100497,0.049001,0.251963,0.076642,0.219419,0.824647,0.205891,0.076642,0.126164,0.167169,0.009387,0.829578,HighNoise,HighNoise-27-20260922-20:32:26-1127566,4,HighNoise-27-20260922-20:32:26-1127566|phase2|4,27,27,27,sha3,10,,,,1.468129,0.205891,0.007424,0.010468,0.099995,0.001563,0.007333,0.01075,0.09807,0.002234,104,85,43,545,1,0
505,1,2.356003,1.289708,1.066295,777,sha3,OMNeT++; module=UavAuthNetwork.uav[5]; config=HighNoise,1.126856,0.048229,0.284681,0.076692,0.23338,0.850585,0.207684,0.076692,0.126564,0.180103,0.009468,0.832915,HighNoise,HighNoise-27-20260922-20:32:26-1127566,5,HighNoise-27-20260922-20:32:26-1127566|phase2|5,27,27,27,sha3,10,,,,1.531079,0.207684,0.007474,0.01066,0.099845,0.001503,0.007323,0.01051,0.098052,0.002354,104,85,43,545,1,0
506,1,2.516791,1.43679,1.080001,777,sha3,OMNeT++; module=UavAuthNetwork.uav[6]; config=HighNoise,1.196856,0.048379,0.268458,0.115043,0.245426,0.920964,0.206603,0.115043,0.129079,0.186975,0.009848,0.834575,HighNoise,HighNoise-27-20260922-20:32:26-1127566,6,HighNoise-27-20260922-20:32:26-1127566|phase2|6,27,27,27,sha3,10,,,,1.535434,0.206603,0.007423,0.012403,0.137484,0.001663,0.007514,0.01054,0.098692,0.002755,104,85,43,545,1,0
507,1,2.445675,1.397357,1.048318,777,sha3,OMNeT++; module=UavAuthNetwork.uav[7]; config=HighNoise,1.173853,0.048299,0.241473,0.107028,0.220659,0.889066,0.211331,0.107028,0.128137,0.165886,0.009448,0.827659,HighNoise,HighNoise-27-20260922-20:32:26-1127566,7,HighNoise-27-20260922-20:32:26-1127566|phase2|7,27,27,27,sha3,10,,,,1.455676,0.211331,0.007393,0.011801,0.134409,0.001573,0.007484,0.010649,0.098823,0.002614,104,85,43,545,1,0
508,1,2.441005,1.343376,1.097629,777,sha3,OMNeT++; module=UavAuthNetwork.uav[8]; config=HighNoise,1.178181,0.048941,0.252042,0.077924,0.254423,0.860744,0.244021,0.077924,0.128468,0.181264,0.009347,0.843206,HighNoise,HighNoise-27-20260922-20:32:26-1127566,8,HighNoise-27-20260922-20:32:26-1127566|phase2|8,27,27,27,sha3,10,,,,1.530935,0.244021,0.007504,0.01116,0.106125,0.001482,0.007353,0.01065,0.098452,0.002454,104,85,43,545,1,0
509,1,2.376545,1.310014,1.066531,777,sha3,OMNeT++; module=UavAuthNetwork.uav[9]; config=HighNoise,1.147013,0.048049,0.288037,0.076962,0.22202,0.85886,0.220428,0.076962,0.126895,0.178913,0.009077,0.844511,HighNoise,HighNoise-27-20260922-20:32:26-1127566,9,HighNoise-27-20260922-20:32:26-1127566|phase2|9,27,27,27,sha3,10,,,,1.533481,0.220428,0.007313,0.01063,0.100576,0.001452,0.007243,0.01046,0.098353,0.002425,104,85,43,545,1,0
510,1,2.447158,1.375956,1.071202,777,sha3,OMNeT++; module=UavAuthNetwork.uav[0]; config=HighNoise,1.201414,0.05413,0.243232,0.081751,0.232465,0.877024,0.240916,0.081751,0.139538,0.176491,0.01104,0.838737,HighNoise,HighNoise-28-20260922-20:32:27-1127566,0,HighNoise-28-20260922-20:32:27-1127566|phase2|0,28,28,28,sha3,10,,,,1.490925,0.240916,0.008085,0.011632,0.116756,0.002214,0.011431,0.01082,0.1025,0.009157,104,85,43,545,1,0
511,1,2.443534,1.349499,1.094035,777,sha3,OMNeT++; module=UavAuthNetwork.uav[1]; config=HighNoise,1.181487,0.049371,0.261302,0.078686,0.238462,0.888986,0.218525,0.078686,0.137154,0.162409,0.01064,0.855574,HighNoise,HighNoise-28-20260922-20:32:27-1127566,1,HighNoise-28-20260922-20:32:27-1127566|phase2|1,28,28,28,sha3,10,,,,1.517746,0.218525,0.007515,0.011101,0.104734,0.001683,0.007556,0.01089,0.099314,0.003687,104,85,43,545,1,0
512,1,2.351918,1.278767,1.073151,777,sha3,OMNeT++; module=UavAuthNetwork.uav[2]; config=HighNoise,1.114483,0.04866,0.254589,0.077403,0.23726,0.834315,0.21088,0.077403,0.127055,0.195947,0.009478,0.835892,HighNoise,HighNoise-28-20260922-20:32:27-1127566,2,HighNoise-28-20260922-20:32:27-1127566|phase2|2,28,28,28,sha3,10,,,,1.523687,0.21088,0.007553,0.010569,0.100887,0.001413,0.007404,0.01066,0.098773,0.002114,104,85,43,545,1,0
513,1,2.350516,1.272958,1.077558,777,sha3,OMNeT++; module=UavAuthNetwork.uav[3]; config=HighNoise,1.110707,0.047167,0.25589,0.076552,0.225638,0.833463,0.209808,0.076552,0.126204,0.18819,0.009147,0.85192,HighNoise,HighNoise-28-20260922-20:32:27-1127566,3,HighNoise-28-20260922-20:32:27-1127566|phase2|3,28,28,28,sha3,10,,,,1.521638,0.209808,0.007252,0.01042,0.099894,0.001412,0.007274,0.010179,0.098201,0.002184,104,85,43,545,1,0
514,1,2.353018,1.278746,1.074272,777,sha3,OMNeT++; module=UavAuthNetwork.uav[4]; config=HighNoise,1.112729,0.048791,0.254427,0.078295,0.218447,0.830487,0.213646,0.078295,0.127085,0.161993,0.009427,0.855825,HighNoise,HighNoise-28-20260922-20:32:27-1127566,4,HighNoise-28-20260922-20:32:27-1127566|phase2|4,28,28,28,sha3,10,,,,1.490692,0.213646,0.007725,0.0108,0.101087,0.001543,0.007413,0.01063,0.098413,0.002384,104,85,43,545,1,0
515,1,2.358541,1.286321,1.07222,777,sha3,OMNeT++; module=UavAuthNetwork.uav[5]; config=HighNoise,1.120955,0.04887,0.269759,0.077994,0.230227,0.845054,0.206903,0.077994,0.127556,0.17374,0.009378,0.841994,HighNoise,HighNoise-28-20260922-20:32:27-1127566,5,HighNoise-28-20260922-20:32:27-1127566|phase2|5,28,28,28,sha3,10,,,,1.515719,0.206903,0.007434,0.01091,0.102029,0.001483,0.007423,0.01052,0.098782,0.002414,104,85,43,545,1,0
516,0,0.0,0.0,0.0,0,sha3,OMNeT++; module=UavAuthNetwork.uav[6]; config=HighNoise,0.0,0.0,0.0,0.0,0.0,0.826149,0.17275,0.0,0.0,0.0,0.0,0.0,HighNoise,HighNoise-28-20260922-20:32:27-1127566,6,HighNoise-28-20260922-20:32:27-1127566|phase2|6,28,28,28,sha3,10,,,,0.0,0.17275,0.0,0.0,0.0,0.0,0.0,0.0,0.0,0.0,0,0,0,0,0,0
517,1,2.365669,1.258039,1.10763,777,sha3,OMNeT++; module=UavAuthNetwork.uav[7]; config=HighNoise,1.094176,0.048219,0.264095,0.077133,0.255511,0.825548,0.201633,0.077133,0.145078,0.164204,0.009597,0.852119,HighNoise,HighNoise-28-20260922-20:32:27-1127566,7,HighNoise-28-20260922-20:32:27-1127566|phase2|7,28,28,28,sha3,10,,,,1.535929,0.201633,0.007313,0.010329,0.100556,0.001512,0.007194,0.01125,0.10785,0.002434,104,85,43,545,1,0
518,0,0.0,0.0,0.0,0,sha3,OMNeT++; module=UavAuthNetwork.uav[8]; config=HighNoise,0.0,0.0,0.0,0.0,0.0,0.831439,0.186685,0.0,0.0,0.0,0.0,0.0,HighNoise,HighNoise-28-20260922-20:32:27-1127566,8,HighNoise-28-20260922-20:32:27-1127566|phase2|8,28,28,28,sha3,10,,,,0.0,0.186685,0.0,0.0,0.0,0.0,0.0,0.0,0.0,0.0,0,0,0,0,0,0
519,1,2.326972,1.266674,1.060298,777,sha3,OMNeT++; module=UavAuthNetwork.uav[9]; config=HighNoise,1.104053,0.047668,0.249159,0.076722,0.219984,0.826029,0.21045,0.076722,0.127126,0.171852,0.009177,0.840314,HighNoise,HighNoise-28-20260922-20:32:27-1127566,9,HighNoise-28-20260922-20:32:27-1127566|phase2|9,28,28,28,sha3,10,,,,1.481309,0.21045,0.007393,0.0103,0.100757,0.001382,0.007133,0.010229,0.099134,0.002124,104,85,43,545,1,0
520,1,2.460917,1.353967,1.10695,777,sha3,OMNeT++; module=UavAuthNetwork.uav[0]; config=HighNoise,1.148506,0.051666,0.243412,0.0972,0.251718,0.843802,0.221279,0.0972,0.144668,0.16986,0.011061,0.855232,HighNoise,HighNoise-29-20260922-20:32:27-1127566,0,HighNoise-29-20260922-20:32:27-1127566|phase2|0,29,29,29,sha3,10,,,,1.520221,0.221279,0.009968,0.012533,0.128779,0.002164,0.008405,0.01098,0.100276,0.008496,104,85,43,545,1,0
521,1,2.338345,1.277535,1.06081,777,sha3,OMNeT++; module=UavAuthNetwork.uav[1]; config=HighNoise,1.113632,0.04873,0.267147,0.077173,0.224109,0.841738,0.201493,0.077173,0.127546,0.163955,0.009557,0.8367,HighNoise,HighNoise-29-20260922-20:32:27-1127566,1,HighNoise-29-20260922-20:32:27-1127566|phase2|1,29,29,29,sha3,10,,,,1.491912,0.201493,0.007745,0.01075,0.101308,0.001593,0.007364,0.01066,0.098703,0.002495,104,85,43,545,1,0
522,1,2.343178,1.283265,1.059913,777,sha3,OMNeT++; module=UavAuthNetwork.uav[2]; config=HighNoise,1.108412,0.04869,0.257203,0.082823,0.220608,0.840867,0.20002,0.082823,0.126925,0.202506,0.009207,0.839305,HighNoise,HighNoise-29-20260922-20:32:27-1127566,2,HighNoise-29-20260922-20:32:27-1127566|phase2|2,29,29,29,sha3,10,,,,1.519622,0.20002,0.007675,0.01054,0.100346,0.001513,0.007464,0.01062,0.098522,0.002264,104,85,43,545,1,0
523,1,2.332421,1.265893,1.066528,777,sha3,OMNeT++; module=UavAuthNetwork.uav[3]; config=HighNoise,1.103012,0.047989,0.256923,0.076852,0.226039,0.835387,0.199369,0.076852,0.126554,0.162577,0.009177,0.84049,HighNoise,HighNoise-29-20260922-20:32:27-1127566,3,HighNoise-29-20260922-20:32:27-1127566|phase2|3,29,29,29,sha3,10,,,,1.486029,0.199369,0.007434,0.010539,0.100807,0.001533,0.007143,0.010429,0.098492,0.002274,104,85,43,545,1,0
524,0,0.0,0.0,0.0,0,sha3,OMNeT++; module=UavAuthNetwork.uav[4]; config=HighNoise,0.0,0.0,0.0,0.0,0.0,0.833884,0.188649,0.0,0.0,0.0,0.0,0.0,HighNoise,HighNoise-29-20260922-20:32:27-1127566,4,HighNoise-29-20260922-20:32:27-1127566|phase2|4,29,29,29,sha3,10,,,,0.0,0.188649,0.0,0.0,0.0,0.0,0.0,0.0,0.0,0.0,0,0,0,0,0,0
525,1,2.317533,1.265893,1.05164,777,sha3,OMNeT++; module=UavAuthNetwork.uav[5]; config=HighNoise,1.099645,0.047918,0.279327,0.078435,0.216379,0.830177,0.202736,0.078435,0.132956,0.166203,0.009378,0.835261,HighNoise,HighNoise-29-20260922-20:32:27-1127566,5,HighNoise-29-20260922-20:32:27-1127566|phase2|5,29,29,29,sha3,10,,,,1.49717,0.202736,0.007354,0.01076,0.101458,0.001553,0.007263,0.010189,0.098433,0.002264,104,85,43,545,1,0
526,1,2.353875,1.274249,1.079626,777,sha3,OMNeT++; module=UavAuthNetwork.uav[6]; config=HighNoise,1.110195,0.047738,0.251807,0.077263,0.229127,0.826069,0.216681,0.077263,0.127566,0.166416,0.009528,0.850499,HighNoise,HighNoise-29-20260922-20:32:27-1127566,6,HighNoise-29-20260922-20:32:27-1127566|phase2|6,29,29,29,sha3,10,,,,1.49785,0.216681,0.007284,0.01044,0.101167,0.001513,0.007184,0.01016,0.098843,0.002234,104,85,43,545,1,0
527,1,2.375292,1.270221,1.105071,777,sha3,OMNeT++; module=UavAuthNetwork.uav[7]; config=HighNoise,1.10775,0.048069,0.254546,0.076652,0.263424,0.838292,0.203587,0.076652,0.126214,0.16161,0.009167,0.841646,HighNoise,HighNoise-29-20260922-20:32:27-1127566,7,HighNoise-29-20260922-20:32:27-1127566|phase2|7,29,29,29,sha3,10,,,,1.521227,0.203587,0.007133,0.01053,0.099424,0.001443,0.007174,0.0105,0.098201,0.002104,104,85,43,545,1,0
528,0,0.0,0.0,0.0,0,sha3,OMNeT++; module=UavAuthNetwork.uav[8]; config=HighNoise,0.0,0.0,0.0,0.0,0.0,0.811893,0.179752,0.0,0.0,0.0,0.0,0.0,HighNoise,HighNoise-29-20260922-20:32:27-1127566,8,HighNoise-29-20260922-20:32:27-1127566|phase2|8,29,29,29,sha3,10,,,,0.0,0.179752,0.0,0.0,0.0,0.0,0.0,0.0,0.0,0.0,0,0,0,0,0,0
529,1,2.397841,1.308242,1.089599,777,sha3,OMNeT++; module=UavAuthNetwork.uav[9]; config=HighNoise,1.135161,0.057506,0.260157,0.078826,0.256603,0.860162,0.20511,0.078826,0.135832,0.189631,0.015429,0.832995,HighNoise,HighNoise-29-20260922-20:32:27-1127566,9,HighNoise-29-20260922-20:32:27-1127566|phase2|9,29,29,29,sha3,10,,,,1.539387,0.20511,0.009919,0.010829,0.102591,0.002424,0.007804,0.010329,0.10789,0.003156,104,85,43,545,1,0
530,0,0.0,0.0,0.0,0,sha3,OMNeT++; module=UavAuthNetwork.uav[0]; config=HighNoise,0.0,0.0,0.0,0.0,0.0,0.875852,0.179432,0.0,0.0,0.0,0.0,0.0,HighNoise,HighNoise-3-20260922-20:32:10-1127566,0,HighNoise-3-20260922-20:32:10-1127566|phase2|0,3,3,3,sha3,10,,,,0.0,0.179432,0.0,0.0,0.0,0.0,0.0,0.0,0.0,0.0,0,0,0,0,0,0
531,1,2.414777,1.344397,1.07038,777,sha3,OMNeT++; module=UavAuthNetwork.uav[1]; config=HighNoise,1.167731,0.06498,0.249425,0.082933,0.231884,0.860824,0.220287,0.082933,0.137315,0.186671,0.0108,0.838496,HighNoise,HighNoise-3-20260922-20:32:10-1127566,1,HighNoise-3-20260922-20:32:10-1127566|phase2|1,3,3,3,sha3,10,,,,1.506477,0.220287,0.008215,0.012604,0.117708,0.002124,0.009929,0.014747,0.106537,0.009597,104,85,43,545,1,0
532,0,0.0,0.0,0.0,0,sha3,OMNeT++; module=UavAuthNetwork.uav[2]; config=HighNoise,0.0,0.0,0.0,0.0,0.0,0.835046,0.189852,0.0,0.0,0.0,0.0,0.0,HighNoise,HighNoise-3-20260922-20:32:10-1127566,2,HighNoise-3-20260922-20:32:10-1127566|phase2|2,3,3,3,sha3,10,,,,0.0,0.189852,0.0,0.0,0.0,0.0,0.0,0.0,0.0,0.0,0,0,0,0,0,0
533,1,2.342635,1.271803,1.070832,777,sha3,OMNeT++; module=UavAuthNetwork.uav[3]; config=HighNoise,1.10767,0.048269,0.287475,0.077253,0.234364,0.83172,0.201713,0.077253,0.127466,0.176048,0.009627,0.836467,HighNoise,HighNoise-3-20260922-20:32:10-1127566,3,HighNoise-3-20260922-20:32:10-1127566|phase2|3,3,3,3,sha3,10,,,,1.534355,0.201713,0.007633,0.01072,0.106477,0.001573,0.007263,0.01077,0.098613,0.002485,104,85,43,545,1,0
534,1,2.339611,1.273026,1.066585,777,sha3,OMNeT++; module=UavAuthNetwork.uav[4]; config=HighNoise,1.108882,0.04858,0.265316,0.077223,0.238333,0.835877,0.204319,0.077223,0.127095,0.163795,0.009698,0.828252,HighNoise,HighNoise-3-20260922-20:32:10-1127566,4,HighNoise-3-20260922-20:32:10-1127566|phase2|4,3,3,3,sha3,10,,,,1.495695,0.204319,0.007495,0.01059,0.101097,0.001573,0.007393,0.010599,0.098402,0.002384,104,85,43,545,1,0
535,1,2.302413,1.245957,1.056456,777,sha3,OMNeT++; module=UavAuthNetwork.uav[5]; config=HighNoise,1.082354,0.048039,0.259868,0.077123,0.217535,0.817243,0.198067,0.077123,0.134749,0.180963,0.009357,0.838921,HighNoise,HighNoise-3-20260922-20:32:10-1127566,5,HighNoise-3-20260922-20:32:10-1127566|phase2|5,3,3,3,sha3,10,,,,1.497287,0.198067,0.007474,0.01066,0.100086,0.001462,0.007323,0.010529,0.098252,0.002184,104,85,43,545,1,0
536,1,2.32432,1.2642,1.06012,777,sha3,OMNeT++; module=UavAuthNetwork.uav[6]; config=HighNoise,1.101529,0.048249,0.294392,0.076722,0.230125,0.825919,0.208876,0.076722,0.126404,0.161038,0.009227,0.829996,HighNoise,HighNoise-3-20260922-20:32:10-1127566,6,HighNoise-3-20260922-20:32:10-1127566|phase2|6,3,3,3,sha3,10,,,,1.51555,0.208876,0.007333,0.010399,0.100026,0.001523,0.007314,0.010418,0.098361,0.002134,104,85,43,545,1,0
537,1,2.320805,1.267145,1.05366,777,sha3,OMNeT++; module=UavAuthNetwork.uav[7]; config=HighNoise,1.103322,0.048059,0.257979,0.077253,0.218715,0.837089,0.1997,0.077253,0.127005,0.189098,0.009317,0.834945,HighNoise,HighNoise-3-20260922-20:32:10-1127566,7,HighNoise-3-20260922-20:32:10-1127566|phase2|7,3,3,3,sha3,10,,,,1.500737,0.1997,0.007364,0.010469,0.100546,0.001502,0.007343,0.010409,0.098613,0.002194,104,85,43,545,1,0
538,0,0.0,0.0,0.0,0,sha3,OMNeT++; module=UavAuthNetwork.uav[8]; config=HighNoise,0.0,0.0,0.0,0.0,0.0,0.83722,0.169373,0.0,0.0,0.0,0.0,0.0,HighNoise,HighNoise-3-20260922-20:32:10-1127566,8,HighNoise-3-20260922-20:32:10-1127566|phase2|8,3,3,3,sha3,10,,,,0.0,0.169373,0.0,0.0,0.0,0.0,0.0,0.0,0.0,0.0,0,0,0,0,0,0
539,1,2.327121,1.278155,1.048966,777,sha3,OMNeT++; module=UavAuthNetwork.uav[9]; config=HighNoise,1.113912,0.054872,0.241023,0.077513,0.215949,0.83178,0.212924,0.077513,0.127015,0.17993,0.009217,0.833017,HighNoise,HighNoise-3-20260922-20:32:10-1127566,9,HighNoise-3-20260922-20:32:10-1127566|phase2|9,3,3,3,sha3,10,,,,1.469919,0.212924,0.007455,0.012133,0.100666,0.001513,0.007454,0.010399,0.104633,0.002334,104,85,43,545,1,0
540,1,2.378546,1.309876,1.06867,777,sha3,OMNeT++; module=UavAuthNetwork.uav[0]; config=HighNoise,1.137606,0.050022,0.253513,0.0807,0.227468,0.849482,0.205481,0.0807,0.133487,0.173339,0.01087,0.841202,HighNoise,HighNoise-4-20260922-20:32:10-1127566,0,HighNoise-4-20260922-20:32:10-1127566|phase2|0,4,4,4,sha3,10,,,,1.495521,0.205481,0.008035,0.011391,0.116005,0.002074,0.007645,0.010449,0.098872,0.007674,104,85,43,545,1,0
541,1,2.563466,1.501159,1.062307,777,sha3,OMNeT++; module=UavAuthNetwork.uav[1]; config=HighNoise,1.246988,0.057136,0.247422,0.11876,0.215673,0.844253,0.328458,0.11876,0.164845,0.159418,0.016651,0.846634,HighNoise,HighNoise-4-20260922-20:32:10-1127566,1,HighNoise-4-20260922-20:32:10-1127566|phase2|1,4,4,4,sha3,10,,,,1.469146,0.328458,0.01055,0.016941,0.136342,0.002805,0.01087,0.012061,0.118309,0.004378,104,85,43,545,1,0
542,1,2.374785,1.293503,1.081282,777,sha3,OMNeT++; module=UavAuthNetwork.uav[2]; config=HighNoise,1.128218,0.049452,0.251234,0.077653,0.232516,0.845635,0.209809,0.077653,0.127907,0.178186,0.009979,0.848766,HighNoise,HighNoise-4-20260922-20:32:10-1127566,2,HighNoise-4-20260922-20:32:10-1127566|phase2|2,4,4,4,sha3,10,,,,1.510702,0.209809,0.007564,0.010761,0.102961,0.001693,0.007295,0.01093,0.098422,0.003206,104,85,43,545,1,0
543,0,0.0,0.0,0.0,0,sha3,OMNeT++; module=UavAuthNetwork.uav[3]; config=HighNoise,0.0,0.0,0.0,0.0,0.0,0.834354,0.178179,0.0,0.0,0.0,0.0,0.0,HighNoise,HighNoise-4-20260922-20:32:10-1127566,3,HighNoise-4-20260922-20:32:10-1127566|phase2|3,4,4,4,sha3,10,,,,0.0,0.178179,0.0,0.0,0.0,0.0,0.0,0.0,0.0,0.0,0,0,0,0,0,0
544,1,2.334398,1.261354,1.073044,777,sha3,OMNeT++; module=UavAuthNetwork.uav[4]; config=HighNoise,1.098162,0.047798,0.254126,0.076832,0.245647,0.82643,0.203767,0.076832,0.134379,0.195016,0.009528,0.827396,HighNoise,HighNoise-4-20260922-20:32:10-1127566,4,HighNoise-4-20260922-20:32:10-1127566|phase2|4,4,4,4,sha3,10,,,,1.522186,0.203767,0.007362,0.01065,0.100457,0.001553,0.007243,0.01045,0.098383,0.002374,104,85,43,545,1,0
545,1,2.342214,1.267236,1.074978,777,sha3,OMNeT++; module=UavAuthNetwork.uav[5]; config=HighNoise,1.104835,0.04892,0.277096,0.076612,0.223633,0.828253,0.208596,0.076612,0.126354,0.16496,0.009177,0.851345,HighNoise,HighNoise-4-20260922-20:32:10-1127566,5,HighNoise-4-20260922-20:32:10-1127566|phase2|5,4,4,4,sha3,10,,,,1.517034,0.208596,0.007404,0.010559,0.100385,0.001433,0.007274,0.01072,0.098342,0.002154,104,85,43,545,1,0
546,1,2.319884,1.262688,1.057196,777,sha3,OMNeT++; module=UavAuthNetwork.uav[6]; config=HighNoise,1.099525,0.048309,0.25648,0.077043,0.217931,0.834304,0.198478,0.077043,0.127476,0.191053,0.009077,0.839265,HighNoise,HighNoise-4-20260922-20:32:10-1127566,6,HighNoise-4-20260922-20:32:10-1127566|phase2|6,4,4,4,sha3,10,,,,1.504729,0.198478,0.007344,0.01062,0.100116,0.001432,0.007413,0.01049,0.098393,0.002124,104,85,43,545,1,0
547,1,2.346641,1.285941,1.0607,777,sha3,OMNeT++; module=UavAuthNetwork.uav[7]; config=HighNoise,1.109023,0.048039,0.253378,0.083795,0.215548,0.834716,0.207925,0.083795,0.127395,0.16318,0.009328,0.845152,HighNoise,HighNoise-4-20260922-20:32:10-1127566,7,HighNoise-4-20260922-20:32:10-1127566|phase2|7,4,4,4,sha3,10,,,,1.477257,0.207925,0.007263,0.010971,0.106157,0.001403,0.007313,0.010489,0.098543,0.002184,104,85,43,545,1,0
548,1,2.326652,1.270101,1.056551,777,sha3,OMNeT++; module=UavAuthNetwork.uav[8]; config=HighNoise,1.107751,0.047458,0.257241,0.076762,0.214669,0.833032,0.208616,0.076762,0.126855,0.158203,0.008826,0.841882,HighNoise,HighNoise-4-20260922-20:32:10-1127566,8,HighNoise-4-20260922-20:32:10-1127566|phase2|8,4,4,4,sha3,10,,,,1.471995,0.208616,0.007204,0.010349,0.099755,0.001392,0.007204,0.010279,0.098211,0.002144,104,85,43,545,1,0
549,1,2.363017,1.299104,1.063913,777,sha3,OMNeT++; module=UavAuthNetwork.uav[9]; config=HighNoise,1.131895,0.050394,0.251906,0.078395,0.220797,0.848341,0.213595,0.078395,0.137695,0.171399,0.010419,0.843115,HighNoise,HighNoise-4-20260922-20:32:10-1127566,9,HighNoise-4-20260922-20:32:10-1127566|phase2|9,4,4,4,sha3,10,,,,1.487218,0.213595,0.007774,0.011731,0.102821,0.001743,0.007584,0.010971,0.099033,0.003156,104,85,43,545,1,0
550,1,2.35209,1.29653,1.05556,777,sha3,OMNeT++; module=UavAuthNetwork.uav[0]; config=HighNoise,1.123359,0.049632,0.24115,0.081341,0.215422,0.838853,0.202655,0.081341,0.134119,0.180186,0.010489,0.840138,HighNoise,HighNoise-5-20260922-20:32:11-1127566,0,HighNoise-5-20260922-20:32:11-1127566|phase2|0,5,5,5,sha3,10,,,,1.476895,0.202655,0.008094,0.011031,0.115834,0.002044,0.007664,0.010509,0.099143,0.008105,104,85,43,545,1,0
551,1,2.356511,1.288587,1.067924,777,sha3,OMNeT++; module=UavAuthNetwork.uav[1]; config=HighNoise,1.103002,0.04814,0.240961,0.085569,0.223502,0.834054,0.201643,0.085569,0.147794,0.166102,0.014447,0.844421,HighNoise,HighNoise-5-20260922-20:32:11-1127566,1,HighNoise-5-20260922-20:32:11-1127566|phase2|1,5,5,5,sha3,10,,,,1.474987,0.201643,0.007444,0.01076,0.10833,0.002214,0.007524,0.010549,0.098403,0.002926,104,85,43,545,1,0
552,0,0.0,0.0,0.0,0,sha3,OMNeT++; module=UavAuthNetwork.uav[2]; config=HighNoise,0.0,0.0,0.0,0.0,0.0,0.936483,0.187267,0.0,0.0,0.0,0.0,0.0,HighNoise,HighNoise-5-20260922-20:32:11-1127566,2,HighNoise-5-20260922-20:32:11-1127566|phase2|2,5,5,5,sha3,10,,,,0.0,0.187267,0.0,0.0,0.0,0.0,0.0,0.0,0.0,0.0,0,0,0,0,0,0
553,0,0.0,0.0,0.0,0,sha3,OMNeT++; module=UavAuthNetwork.uav[3]; config=HighNoise,0.0,0.0,0.0,0.0,0.0,0.83203,0.191484,0.0,0.0,0.0,0.0,0.0,HighNoise,HighNoise-5-20260922-20:32:11-1127566,3,HighNoise-5-20260922-20:32:11-1127566|phase2|3,5,5,5,sha3,10,,,,0.0,0.191484,0.0,0.0,0.0,0.0,0.0,0.0,0.0,0.0,0,0,0,0,0,0
554,1,2.363813,1.299535,1.064278,777,sha3,OMNeT++; module=UavAuthNetwork.uav[4]; config=HighNoise,1.12941,0.051335,0.252516,0.079988,0.222589,0.824175,0.211322,0.079988,0.132946,0.219057,0.010149,0.841689,HighNoise,HighNoise-5-20260922-20:32:11-1127566,4,HighNoise-5-20260922-20:32:11-1127566|phase2|4,5,5,5,sha3,10,,,,1.535851,0.211322,0.007885,0.012193,0.119341,0.001944,0.007484,0.01071,0.098843,0.006993,104,85,43,545,1,0
555,1,2.364109,1.287344,1.076765,777,sha3,OMNeT++; module=UavAuthNetwork.uav[5]; config=HighNoise,1.103553,0.056936,0.264103,0.087202,0.232537,0.834094,0.201463,0.087202,0.126985,0.187932,0.009387,0.844228,HighNoise,HighNoise-5-20260922-20:32:11-1127566,5,HighNoise-5-20260922-20:32:11-1127566|phase2|5,5,5,5,sha3,10,,,,1.5288,0.201463,0.007554,0.010899,0.109963,0.001473,0.012784,0.010539,0.101488,0.002344,104,85,43,545,1,0
556,0,0.0,0.0,0.0,0,sha3,OMNeT++; module=UavAuthNetwork.uav[6]; config=HighNoise,0.0,0.0,0.0,0.0,0.0,0.8317,0.182758,0.0,0.0,0.0,0.0,0.0,HighNoise,HighNoise-5-20260922-20:32:11-1127566,6,HighNoise-5-20260922-20:32:11-1127566|phase2|6,5,5,5,sha3,10,,,,0.0,0.182758,0.0,0.0,0.0,0.0,0.0,0.0,0.0,0.0,0,0,0,0,0,0
557,1,2.354627,1.265322,1.089305,777,sha3,OMNeT++; module=UavAuthNetwork.uav[7]; config=HighNoise,1.101819,0.048129,0.255303,0.077133,0.234763,0.825247,0.209839,0.077133,0.126835,0.176306,0.009237,0.854543,HighNoise,HighNoise-5-20260922-20:32:11-1127566,7,HighNoise-5-20260922-20:32:11-1127566|phase2|7,5,5,5,sha3,10,,,,1.520914,0.209839,0.007355,0.010619,0.099865,0.001502,0.007254,0.010409,0.098502,0.002174,104,85,43,545,1,0
558,1,2.329648,1.265223,1.064425,777,sha3,OMNeT++; module=UavAuthNetwork.uav[8]; config=HighNoise,1.10192,0.047388,0.251401,0.077133,0.229441,0.834826,0.200962,0.077133,0.132145,0.172359,0.009037,0.834984,HighNoise,HighNoise-5-20260922-20:32:11-1127566,8,HighNoise-5-20260922-20:32:11-1127566|phase2|8,5,5,5,sha3,10,,,,1.488185,0.200962,0.007214,0.010841,0.099745,0.001392,0.007154,0.010459,0.104183,0.002014,104,85,43,545,1,0
559,1,2.303628,1.255235,1.048393,777,sha3,OMNeT++; module=UavAuthNetwork.uav[9]; config=HighNoise,1.093414,0.0483,0.249698,0.076452,0.215077,0.814187,0.213305,0.076452,0.126154,0.166169,0.008917,0.833316,HighNoise,HighNoise-5-20260922-20:32:11-1127566,9,HighNoise-5-20260922-20:32:11-1127566|phase2|9,5,5,5,sha3,10,,,,1.46426,0.213305,0.007355,0.010449,0.099715,0.001352,0.007274,0.010619,0.098221,0.002074,104,85,43,545,1,0
560,1,2.393011,1.300539,1.092472,777,sha3,OMNeT++; module=UavAuthNetwork.uav[0]; config=HighNoise,1.126034,0.049672,0.246599,0.081702,0.251098,0.832742,0.208936,0.081702,0.135331,0.181669,0.011101,0.841374,HighNoise,HighNoise-6-20260922-20:32:12-1127566,0,HighNoise-6-20260922-20:32:12-1127566|phase2|0,6,6,6,sha3,10,,,,1.520741,0.208936,0.007944,0.011461,0.116736,0.002084,0.007513,0.0106,0.099003,0.008696,104,85,43,545,1,0
561,0,0.0,0.0,0.0,0,sha3,OMNeT++; module=UavAuthNetwork.uav[1]; config=HighNoise,0.0,0.0,0.0,0.0,0.0,0.839495,0.168021,0.0,0.0,0.0,0.0,0.0,HighNoise,HighNoise-6-20260922-20:32:12-1127566,1,HighNoise-6-20260922-20:32:12-1127566|phase2|1,6,6,6,sha3,10,,,,0.0,0.168021,0.0,0.0,0.0,0.0,0.0,0.0,0.0,0.0,0,0,0,0,0,0
562,1,2.320585,1.275101,1.045484,777,sha3,OMNeT++; module=UavAuthNetwork.uav[2]; config=HighNoise,1.110045,0.04833,0.254438,0.077744,0.215561,0.833733,0.207735,0.077744,0.127496,0.171371,0.009568,0.829924,HighNoise,HighNoise-6-20260922-20:32:12-1127566,2,HighNoise-6-20260922-20:32:12-1127566|phase2|2,6,6,6,sha3,10,,,,1.471293,0.207735,0.007524,0.010951,0.101848,0.001603,0.007395,0.010519,0.098833,0.002344,104,85,43,545,1,0
563,1,2.328179,1.262939,1.06524,777,sha3,OMNeT++; module=UavAuthNetwork.uav[3]; config=HighNoise,1.100938,0.053469,0.260794,0.076462,0.229266,0.830968,0.202786,0.076462,0.125833,0.161041,0.009077,0.835973,HighNoise,HighNoise-6-20260922-20:32:12-1127566,3,HighNoise-6-20260922-20:32:12-1127566|phase2|3,6,6,6,sha3,10,,,,1.487075,0.202786,0.007365,0.0103,0.099915,0.001483,0.007393,0.010339,0.103402,0.002254,104,85,43,545,1,0
564,1,2.336053,1.269239,1.066814,777,sha3,OMNeT++; module=UavAuthNetwork.uav[4]; config=HighNoise,1.106568,0.047397,0.242722,0.076712,0.219977,0.833493,0.206552,0.076712,0.125923,0.158204,0.009247,0.846837,HighNoise,HighNoise-6-20260922-20:32:12-1127566,4,HighNoise-6-20260922-20:32:12-1127566|phase2|4,6,6,6,sha3,10,,,,1.46774,0.206552,0.007233,0.01034,0.099665,0.001483,0.007283,0.010248,0.098172,0.002064,104,85,43,545,1,0
565,1,2.35157,1.266755,1.084815,777,sha3,OMNeT++; module=UavAuthNetwork.uav[5]; config=HighNoise,1.104585,0.0486,0.259956,0.076381,0.214698,0.831469,0.206673,0.076381,0.132245,0.169463,0.009408,0.870117,HighNoise,HighNoise-6-20260922-20:32:12-1127566,5,HighNoise-6-20260922-20:32:12-1127566|phase2|5,6,6,6,sha3,10,,,,1.514235,0.206673,0.007363,0.0103,0.099614,0.001403,0.007314,0.010478,0.098542,0.002214,104,85,43,545,1,0
566,0,0.0,0.0,0.0,0,sha3,OMNeT++; module=UavAuthNetwork.uav[6]; config=HighNoise,0.0,0.0,0.0,0.0,0.0,0.825558,0.183851,0.0,0.0,0.0,0.0,0.0,HighNoise,HighNoise-6-20260922-20:32:12-1127566,6,HighNoise-6-20260922-20:32:12-1127566|phase2|6,6,6,6,sha3,10,,,,0.0,0.183851,0.0,0.0,0.0,0.0,0.0,0.0,0.0,0.0,0,0,0,0,0,0
567,0,0.0,0.0,0.0,0,sha3,OMNeT++; module=UavAuthNetwork.uav[7]; config=HighNoise,0.0,0.0,0.0,0.0,0.0,0.803568,0.188499,0.0,0.0,0.0,0.0,0.0,HighNoise,HighNoise-6-20260922-20:32:12-1127566,7,HighNoise-6-20260922-20:32:12-1127566|phase2|7,6,6,6,sha3,10,,,,0.0,0.188499,0.0,0.0,0.0,0.0,0.0,0.0,0.0,0.0,0,0,0,0,0,0
568,1,2.338097,1.255975,1.082122,777,sha3,OMNeT++; module=UavAuthNetwork.uav[8]; config=HighNoise,1.089086,0.047368,0.241143,0.076842,0.241607,0.812244,0.21063,0.076842,0.128017,0.164708,0.013205,0.840516,HighNoise,HighNoise-6-20260922-20:32:12-1127566,8,HighNoise-6-20260922-20:32:12-1127566|phase2|8,6,6,6,sha3,10,,,,1.487973,0.21063,0.007255,0.010359,0.100415,0.001974,0.007154,0.010249,0.098342,0.002996,104,85,43,545,1,0
569,1,2.376348,1.292452,1.083896,777,sha3,OMNeT++; module=UavAuthNetwork.uav[9]; config=HighNoise,1.128128,0.050263,0.26326,0.077233,0.248712,0.838893,0.209838,0.077233,0.127536,0.192223,0.009858,0.835184,HighNoise,HighNoise-6-20260922-20:32:12-1127566,9,HighNoise-6-20260922-20:32:12-1127566|phase2|9,6,6,6,sha3,10,,,,1.539379,0.209838,0.007544,0.01072,0.105565,0.001933,0.007264,0.0109,0.099664,0.002585,104,85,43,545,1,0
570,1,2.399112,1.343036,1.056076,777,sha3,OMNeT++; module=UavAuthNetwork.uav[0]; config=HighNoise,1.170086,0.051495,0.247163,0.08096,0.220975,0.865482,0.212614,0.08096,0.136272,0.170527,0.01103,0.835101,HighNoise,HighNoise-7-20260922-20:32:12-1127566,0,HighNoise-7-20260922-20:32:12-1127566|phase2|0,7,7,7,sha3,10,,,,1.473766,0.212614,0.008236,0.019546,0.116455,0.002124,0.007784,0.01112,0.099545,0.008646,104,85,43,545,1,0
571,1,2.347357,1.278507,1.06885,777,sha3,OMNeT++; module=UavAuthNetwork.uav[1]; config=HighNoise,1.113321,0.049141,0.253573,0.077794,0.231183,0.841497,0.198799,0.077794,0.128939,0.169969,0.009598,0.837666,HighNoise,HighNoise-7-20260922-20:32:12-1127566,1,HighNoise-7-20260922-20:32:12-1127566|phase2|1,7,7,7,sha3,10,,,,1.492391,0.198799,0.007483,0.011141,0.103501,0.001613,0.007433,0.01095,0.098783,0.002715,104,85,43,545,1,0
572,1,2.355306,1.28576,1.069546,777,sha3,OMNeT++; module=UavAuthNetwork.uav[2]; config=HighNoise,1.111027,0.048239,0.241033,0.082653,0.228696,0.838211,0.20507,0.082653,0.126504,0.176896,0.009427,0.84085,HighNoise,HighNoise-7-20260922-20:32:12-1127566,2,HighNoise-7-20260922-20:32:12-1127566|phase2|2,7,7,7,sha3,10,,,,1.487475,0.20507,0.007242,0.01068,0.105917,0.001493,0.007333,0.01067,0.098583,0.002244,104,85,43,545,1,0
573,1,2.354426,1.262556,1.09187,777,sha3,OMNeT++; module=UavAuthNetwork.uav[3]; config=HighNoise,1.099465,0.047448,0.251376,0.077022,0.251157,0.830918,0.201573,0.077022,0.126324,0.160425,0.009047,0.840714,HighNoise,HighNoise-7-20260922-20:32:12-1127566,3,HighNoise-7-20260922-20:32:12-1127566|phase2|3,7,7,7,sha3,10,,,,1.503671,0.201573,0.007305,0.010379,0.100185,0.001402,0.007222,0.010489,0.098182,0.002034,104,85,43,545,1,0
574,1,2.317113,1.264411,1.052702,777,sha3,OMNeT++; module=UavAuthNetwork.uav[4]; config=HighNoise,1.102281,0.048399,0.245854,0.076552,0.215478,0.833283,0.202735,0.076552,0.127436,0.172727,0.009026,0.837224,HighNoise,HighNoise-7-20260922-20:32:12-1127566,4,HighNoise-7-20260922-20:32:12-1127566|phase2|4,7,7,7,sha3,10,,,,1.471282,0.202735,0.007363,0.010349,0.099745,0.001413,0.007284,0.010579,0.098572,0.002033,104,85,43,545,1,0
575,1,2.349231,1.262026,1.087205,777,sha3,OMNeT++; module=UavAuthNetwork.uav[5]; config=HighNoise,1.099555,0.048029,0.282257,0.076642,0.233688,0.830898,0.197155,0.076642,0.126524,0.170889,0.009187,0.853517,HighNoise,HighNoise-7-20260922-20:32:12-1127566,5,HighNoise-7-20260922-20:32:12-1127566|phase2|5,7,7,7,sha3,10,,,,1.54035,0.197155,0.007384,0.010318,0.104294,0.001392,0.007203,0.01051,0.098343,0.002114,104,85,43,545,1,0
576,1,2.370278,1.273289,1.096989,777,sha3,OMNeT++; module=UavAuthNetwork.uav[6]; config=HighNoise,1.110596,0.053319,0.271887,0.076933,0.221222,0.830367,0.213896,0.076933,0.128478,0.159728,0.008827,0.875767,HighNoise,HighNoise-7-20260922-20:32:12-1127566,6,HighNoise-7-20260922-20:32:12-1127566|phase2|6,7,7,7,sha3,10,,,,1.528605,0.213896,0.007343,0.010539,0.099794,0.001362,0.007323,0.010479,0.103171,0.002004,104,85,43,545,1,0
577,1,2.347812,1.266685,1.081127,777,sha3,OMNeT++; module=UavAuthNetwork.uav[7]; config=HighNoise,1.104074,0.047107,0.240931,0.076662,0.229761,0.832001,0.206091,0.076662,0.133147,0.179195,0.009287,0.851367,HighNoise,HighNoise-7-20260922-20:32:12-1127566,7,HighNoise-7-20260922-20:32:12-1127566|phase2|7,7,7,7,sha3,10,,,,1.501254,0.206091,0.007233,0.010258,0.099746,0.001443,0.007073,0.010379,0.103141,0.002064,104,85,43,545,1,0
578,0,0.0,0.0,0.0,0,sha3,OMNeT++; module=UavAuthNetwork.uav[8]; config=HighNoise,0.0,0.0,0.0,0.0,0.0,0.818515,0.192526,0.0,0.0,0.0,0.0,0.0,HighNoise,HighNoise-7-20260922-20:32:12-1127566,8,HighNoise-7-20260922-20:32:12-1127566|phase2|8,7,7,7,sha3,10,,,,0.0,0.192526,0.0,0.0,0.0,0.0,0.0,0.0,0.0,0.0,0,0,0,0,0,0
579,1,2.305116,1.249823,1.055293,777,sha3,OMNeT++; module=UavAuthNetwork.uav[9]; config=HighNoise,1.086161,0.047919,0.268665,0.077263,0.220921,0.808667,0.211481,0.077263,0.126765,0.210569,0.009136,0.834373,HighNoise,HighNoise-7-20260922-20:32:12-1127566,9,HighNoise-7-20260922-20:32:12-1127566|phase2|9,7,7,7,sha3,10,,,,1.534527,0.211481,0.007223,0.010729,0.100015,0.001403,0.007194,0.010268,0.098642,0.002084,104,85,43,545,1,0
580,1,2.436059,1.348696,1.087363,777,sha3,OMNeT++; module=UavAuthNetwork.uav[0]; config=HighNoise,1.164616,0.050583,0.258743,0.08665,0.221341,0.842871,0.237399,0.08665,0.136392,0.170668,0.01078,0.866022,HighNoise,HighNoise-8-20260922-20:32:13-1127566,0,HighNoise-8-20260922-20:32:13-1127566|phase2|0,8,8,8,sha3,10,,,,1.516773,0.237399,0.008195,0.011983,0.122096,0.002074,0.007694,0.01072,0.099244,0.009718,104,85,43,545,1,0
581,1,2.350705,1.282334,1.068371,777,sha3,OMNeT++; module=UavAuthNetwork.uav[1]; config=HighNoise,1.11799,0.048279,0.260491,0.077353,0.221713,0.837571,0.207795,0.077353,0.127546,0.185751,0.009638,0.846658,HighNoise,HighNoise-8-20260922-20:32:13-1127566,1,HighNoise-8-20260922-20:32:13-1127566|phase2|1,8,8,8,sha3,10,,,,1.514613,0.207795,0.007474,0.01065,0.103281,0.001452,0.007415,0.01053,0.098592,0.002725,104,85,43,545,1,0
582,1,2.317342,1.274731,1.042611,777,sha3,OMNeT++; module=UavAuthNetwork.uav[2]; config=HighNoise,1.111538,0.048399,0.253323,0.076913,0.214739,0.826009,0.207284,0.076913,0.126595,0.170735,0.009367,0.827872,HighNoise,HighNoise-8-20260922-20:32:13-1127566,2,HighNoise-8-20260922-20:32:13-1127566|phase2|2,8,8,8,sha3,10,,,,1.466669,0.207284,0.007252,0.010518,0.100667,0.001453,0.007384,0.010279,0.098452,0.002324,104,85,43,545,1,0
583,0,0.0,0.0,0.0,0,sha3,OMNeT++; module=UavAuthNetwork.uav[3]; config=HighNoise,0.0,0.0,0.0,0.0,0.0,0.83716,0.185483,0.0,0.0,0.0,0.0,0.0,HighNoise,HighNoise-8-20260922-20:32:13-1127566,3,HighNoise-8-20260922-20:32:13-1127566|phase2|3,8,8,8,sha3,10,,,,0.0,0.185483,0.0,0.0,0.0,0.0,0.0,0.0,0.0,0.0,0,0,0,0,0,0
584,1,2.356093,1.256426,1.099667,777,sha3,OMNeT++; module=UavAuthNetwork.uav[4]; config=HighNoise,1.093815,0.047367,0.257786,0.076682,0.231399,0.827081,0.199639,0.076682,0.125923,0.163916,0.009247,0.868268,HighNoise,HighNoise-8-20260922-20:32:13-1127566,4,HighNoise-8-20260922-20:32:13-1127566|phase2|4,8,8,8,sha3,10,,,,1.521369,0.199639,0.007293,0.01048,0.100255,0.001473,0.007222,0.010199,0.098312,0.002224,104,85,43,545,1,0
585,1,2.353293,1.282984,1.070309,777,sha3,OMNeT++; module=UavAuthNetwork.uav[5]; config=HighNoise,1.103272,0.047999,0.251443,0.085207,0.221875,0.834214,0.202545,0.085207,0.128678,0.168198,0.009298,0.848435,HighNoise,HighNoise-8-20260922-20:32:13-1127566,5,HighNoise-8-20260922-20:32:13-1127566|phase2|5,8,8,8,sha3,10,,,,1.48995,0.202545,0.007664,0.01118,0.10752,0.001433,0.007324,0.010508,0.098803,0.002305,104,85,43,545,1,0
586,1,2.335349,1.270472,1.064877,777,sha3,OMNeT++; module=UavAuthNetwork.uav[6]; config=HighNoise,1.108252,0.047879,0.252108,0.076532,0.224158,0.833724,0.208255,0.076532,0.126694,0.158637,0.009156,0.840719,HighNoise,HighNoise-8-20260922-20:32:13-1127566,6,HighNoise-8-20260922-20:32:13-1127566|phase2|6,8,8,8,sha3,10,,,,1.475621,0.208255,0.007193,0.01027,0.100015,0.001523,0.007162,0.010399,0.098272,0.002124,104,85,43,545,1,0
587,0,0.0,0.0,0.0,0,sha3,OMNeT++; module=UavAuthNetwork.uav[7]; config=HighNoise,0.0,0.0,0.0,0.0,0.0,0.825558,0.181236,0.0,0.0,0.0,0.0,0.0,HighNoise,HighNoise-8-20260922-20:32:13-1127566,7,HighNoise-8-20260922-20:32:13-1127566|phase2|7,8,8,8,sha3,10,,,,0.0,0.181236,0.0,0.0,0.0,0.0,0.0,0.0,0.0,0.0,0,0,0,0,0,0
588,1,2.327116,1.27413,1.052986,777,sha3,OMNeT++; module=UavAuthNetwork.uav[8]; config=HighNoise,1.111147,0.047898,0.257716,0.076953,0.223212,0.839314,0.204278,0.076953,0.127256,0.173442,0.009077,0.829774,HighNoise,HighNoise-8-20260922-20:32:13-1127566,8,HighNoise-8-20260922-20:32:13-1127566|phase2|8,8,8,8,sha3,10,,,,1.484144,0.204278,0.007355,0.010399,0.100646,0.001453,0.007124,0.0104,0.098191,0.002264,104,85,43,545,1,0
589,1,2.331126,1.274368,1.056758,777,sha3,OMNeT++; module=UavAuthNetwork.uav[9]; config=HighNoise,1.111037,0.048029,0.280253,0.077142,0.227502,0.825918,0.209639,0.077142,0.127256,0.161967,0.009047,0.829256,HighNoise,HighNoise-8-20260922-20:32:13-1127566,9,HighNoise-8-20260922-20:32:13-1127566|phase2|9,8,8,8,sha3,10,,,,1.498979,0.209639,0.007383,0.01052,0.100415,0.001352,0.007384,0.010468,0.098373,0.002184,104,85,43,545,1,0
590,0,0.0,0.0,0.0,0,sha3,OMNeT++; module=UavAuthNetwork.uav[0]; config=HighNoise,0.0,0.0,0.0,0.0,0.0,0.887593,0.191765,0.0,0.0,0.0,0.0,0.0,HighNoise,HighNoise-9-20260922-20:32:14-1127566,0,HighNoise-9-20260922-20:32:14-1127566|phase2|0,9,9,9,sha3,10,,,,0.0,0.191765,0.0,0.0,0.0,0.0,0.0,0.0,0.0,0.0,0,0,0,0,0,0
591,1,2.727888,1.641919,1.085969,777,sha3,OMNeT++; module=UavAuthNetwork.uav[1]; config=HighNoise,1.386767,0.087982,0.251017,0.118419,0.25275,0.90238,0.363894,0.118419,0.184662,0.180159,0.018314,0.833219,HighNoise,HighNoise-9-20260922-20:32:14-1127566,1,HighNoise-9-20260922-20:32:14-1127566|phase2|1,9,9,9,sha3,10,,,,1.517145,0.363894,0.014437,0.023054,0.164484,0.003697,0.020968,0.018354,0.118389,0.013665,104,85,43,545,1,0
592,1,2.756118,1.704166,1.051952,777,sha3,OMNeT++; module=UavAuthNetwork.uav[2]; config=HighNoise,1.470472,0.059921,0.245009,0.110395,0.217827,1.099726,0.257967,0.110395,0.146972,0.175703,0.012904,0.834125,HighNoise,HighNoise-9-20260922-20:32:14-1127566,2,HighNoise-9-20260922-20:32:14-1127566|phase2|2,9,9,9,sha3,10,,,,1.472664,0.257967,0.010228,0.017643,0.150307,0.002415,0.008976,0.013355,0.10801,0.009898,104,85,43,545,1,0
593,1,2.66597,1.593339,1.072631,777,sha3,OMNeT++; module=UavAuthNetwork.uav[3]; config=HighNoise,1.403398,0.060391,0.281084,0.089385,0.235103,1.006684,0.306407,0.089385,0.157491,0.178227,0.011171,0.837528,HighNoise,HighNoise-9-20260922-20:32:14-1127566,3,HighNoise-9-20260922-20:32:14-1127566|phase2|3,9,9,9,sha3,10,,,,1.531942,0.306407,0.008776,0.013616,0.119762,0.001953,0.008765,0.014927,0.109904,0.00512,104,85,43,545,1,0
594,1,2.687838,1.600984,1.086854,777,sha3,OMNeT++; module=UavAuthNetwork.uav[4]; config=HighNoise,1.423395,0.066674,0.275146,0.083174,0.237628,0.935703,0.3785,0.083174,0.136393,0.167056,0.011241,0.849226,HighNoise,HighNoise-9-20260922-20:32:14-1127566,4,HighNoise-9-20260922-20:32:14-1127566|phase2|4,9,9,9,sha3,10,,,,1.529055,0.3785,0.01052,0.016491,0.130922,0.002034,0.010589,0.016041,0.10825,0.00508,104,85,43,545,1,0
595,1,2.431968,1.366759,1.065209,777,sha3,OMNeT++; module=UavAuthNetwork.uav[5]; config=HighNoise,1.184743,0.056926,0.269904,0.085618,0.232505,0.881031,0.216761,0.085618,0.141963,0.17039,0.01078,0.832704,HighNoise,HighNoise-9-20260922-20:32:14-1127566,5,HighNoise-9-20260922-20:32:14-1127566|phase2|5,9,9,9,sha3,10,,,,1.505503,0.216761,0.009418,0.011671,0.111756,0.001723,0.008585,0.012233,0.108811,0.003086,104,85,43,545,1,0
596,0,0.0,0.0,0.0,0,sha3,OMNeT++; module=UavAuthNetwork.uav[6]; config=HighNoise,0.0,0.0,0.0,0.0,0.0,0.921987,0.200361,0.0,0.0,0.0,0.0,0.0,HighNoise,HighNoise-9-20260922-20:32:14-1127566,6,HighNoise-9-20260922-20:32:14-1127566|phase2|6,9,9,9,sha3,10,,,,0.0,0.200361,0.0,0.0,0.0,0.0,0.0,0.0,0.0,0.0,0,0,0,0,0,0
597,0,0.0,0.0,0.0,0,sha3,OMNeT++; module=UavAuthNetwork.uav[7]; config=HighNoise,0.0,0.0,0.0,0.0,0.0,0.86947,0.188198,0.0,0.0,0.0,0.0,0.0,HighNoise,HighNoise-9-20260922-20:32:14-1127566,7,HighNoise-9-20260922-20:32:14-1127566|phase2|7,9,9,9,sha3,10,,,,0.0,0.188198,0.0,0.0,0.0,0.0,0.0,0.0,0.0,0.0,0,0,0,0,0,0
598,1,3.054048,1.956031,1.098017,777,sha3,OMNeT++; module=UavAuthNetwork.uav[8]; config=HighNoise,1.680681,0.08632,0.247904,0.128508,0.25781,1.121275,0.433964,0.128508,0.229325,0.159967,0.018334,0.840207,HighNoise,HighNoise-9-20260922-20:32:14-1127566,8,HighNoise-9-20260922-20:32:14-1127566|phase2|8,9,9,9,sha3,10,,,,1.505888,0.433964,0.014568,0.024696,0.180724,0.003346,0.014425,0.022282,0.150247,0.013986,104,85,43,545,1,0
599,1,3.021796,1.936777,1.085019,777,sha3,OMNeT++; module=UavAuthNetwork.uav[9]; config=HighNoise,1.685751,0.084046,0.249374,0.117047,0.219852,1.196775,0.370897,0.117047,0.214026,0.173399,0.016932,0.865167,HighNoise,HighNoise-9-20260922-20:32:14-1127566,9,HighNoise-9-20260922-20:32:14-1127566|phase2|9,9,9,9,sha3,10,,,,1.507791,0.370897,0.013615,0.020127,0.158524,0.002845,0.013104,0.020758,0.147904,0.008797,104,85,43,545,1,0
600,1,2.479472,1.401293,1.078179,777,sha3,OMNeT++; module=UavAuthNetwork.uav[0]; config=NoiseSweep,1.189913,0.052878,0.256671,0.099323,0.249728,0.856105,0.092942,0.099323,0.143746,0.183693,0.012734,0.828452,NoiseSweep,NoiseSweep-0-20260922-20:32:28-1127766,0,NoiseSweep-0-20260922-20:32:28-1127766|phase2|0,0,0,0,sha3,10,0.0,bch255-131-18\,,1.518543,0.092942,0.011783,0.011871,0.284215,0.004378,0.008396,0.011461,0.100466,0.013615,104,85,43,545,1,0
601,1,2.266897,1.184844,1.082053,777,sha3,OMNeT++; module=UavAuthNetwork.uav[1]; config=NoiseSweep,1.018445,0.048841,0.251082,0.078265,0.240244,0.844674,0.094414,0.078265,0.142534,0.166001,0.009869,0.841809,NoiseSweep,NoiseSweep-0-20260922-20:32:28-1127766,1,NoiseSweep-0-20260922-20:32:28-1127766|phase2|1,0,0,0,sha3,10,0.0,bch255-131-18\,,1.499136,0.094414,0.007234,0.01053,0.102199,0.001633,0.007253,0.010479,0.098303,0.018184,104,85,43,545,1,0
602,1,2.215,1.161532,1.053468,777,sha3,OMNeT++; module=UavAuthNetwork.uav[2]; config=NoiseSweep,0.998649,0.04848,0.244435,0.076803,0.225942,0.830207,0.09171,0.076803,0.126505,0.174349,0.009277,0.827526,NoiseSweep,NoiseSweep-0-20260922-20:32:28-1127766,2,NoiseSweep-0-20260922-20:32:28-1127766|phase2|2,0,0,0,sha3,10,0.0,bch255-131-18\,,1.472252,0.09171,0.007294,0.010298,0.109433,0.001463,0.007424,0.010409,0.098232,0.002234,104,85,43,545,1,0
603,1,2.222192,1.162092,1.0601,777,sha3,OMNeT++; module=UavAuthNetwork.uav[3]; config=NoiseSweep,0.999491,0.047819,0.270952,0.076682,0.230351,0.839454,0.09176,0.076682,0.126444,0.16277,0.009237,0.829749,NoiseSweep,NoiseSweep-0-20260922-20:32:28-1127766,3,NoiseSweep-0-20260922-20:32:28-1127766|phase2|3,0,0,0,sha3,10,0.0,bch255-131-18\,,1.493821,0.09176,0.007213,0.010318,0.100657,0.001473,0.007213,0.010339,0.098232,0.002374,104,85,43,545,1,0
604,1,2.263869,1.15666,1.107209,777,sha3,OMNeT++; module=UavAuthNetwork.uav[4]; config=NoiseSweep,0.994521,0.049441,0.241588,0.076481,0.257305,0.836058,0.091369,0.076481,0.126644,0.189083,0.009177,0.849904,NoiseSweep,NoiseSweep-0-20260922-20:32:28-1127766,4,NoiseSweep-0-20260922-20:32:28-1127766|phase2|4,0,0,0,sha3,10,0.0,bch255-131-18\,,1.53788,0.091369,0.007154,0.010389,0.099895,0.001442,0.007164,0.010399,0.099735,0.002264,104,85,43,545,1,0
605,1,2.211764,1.135864,1.0759,777,sha3,OMNeT++; module=UavAuthNetwork.uav[5]; config=NoiseSweep,0.973783,0.048059,0.245457,0.076432,0.227226,0.816883,0.089475,0.076432,0.131343,0.164536,0.009217,0.848674,NoiseSweep,NoiseSweep-0-20260922-20:32:28-1127766,5,NoiseSweep-0-20260922-20:32:28-1127766|phase2|5,0,0,0,sha3,10,0.0,bch255-131-18\,,1.485893,0.089475,0.007242,0.010308,0.100046,0.001453,0.007273,0.0107,0.103252,0.002194,104,85,43,545,1,0
606,1,2.236759,1.152535,1.084224,777,sha3,OMNeT++; module=UavAuthNetwork.uav[6]; config=NoiseSweep,0.990694,0.048209,0.252117,0.076422,0.244646,0.82666,0.09694,0.076422,0.125953,0.172502,0.008997,0.839578,NoiseSweep,NoiseSweep-0-20260922-20:32:28-1127766,6,NoiseSweep-0-20260922-20:32:28-1127766|phase2|6,0,0,0,sha3,10,0.0,bch255-131-18\,,1.508843,0.09694,0.007152,0.010239,0.100045,0.001382,0.007273,0.010409,0.098112,0.002184,104,85,43,545,1,0
607,1,2.207331,1.15577,1.051561,777,sha3,OMNeT++; module=UavAuthNetwork.uav[7]; config=NoiseSweep,0.993589,0.047949,0.242171,0.076562,0.214395,0.835526,0.091089,0.076562,0.126624,0.188,0.009057,0.837166,NoiseSweep,NoiseSweep-0-20260922-20:32:28-1127766,7,NoiseSweep-0-20260922-20:32:28-1127766|phase2|7,0,0,0,sha3,10,0.0,bch255-131-18\,,1.481733,0.091089,0.007133,0.010369,0.099785,0.001453,0.007254,0.01038,0.098313,0.002174,104,85,43,545,1,0
608,1,2.219275,1.1549,1.064375,777,sha3,OMNeT++; module=UavAuthNetwork.uav[8]; config=NoiseSweep,0.993069,0.048379,0.258842,0.076382,0.223481,0.835496,0.090979,0.076382,0.126073,0.217914,0.009067,0.840894,NoiseSweep,NoiseSweep-0-20260922-20:32:28-1127766,8,NoiseSweep-0-20260922-20:32:28-1127766|phase2|8,0,0,0,sha3,10,0.0,bch255-131-18\,,1.541131,0.090979,0.007183,0.01022,0.099854,0.001403,0.007353,0.01033,0.098342,0.002225,104,85,43,545,1,0
609,1,2.335692,1.25917,1.076522,777,sha3,OMNeT++; module=UavAuthNetwork.uav[9]; config=NoiseSweep,1.08047,0.060622,0.263986,0.084586,0.224282,0.878907,0.12429,0.084586,0.128188,0.158638,0.009528,0.852241,NoiseSweep,NoiseSweep-0-20260922-20:32:28-1127766,9,NoiseSweep-0-20260922-20:32:28-1127766|phase2|9,0,0,0,sha3,10,0.0,bch255-131-18\,,1.499146,0.12429,0.007494,0.011381,0.116346,0.001603,0.007623,0.019927,0.100026,0.003516,104,85,43,545,1,0
610,1,2.387947,1.331473,1.056474,777,sha3,OMNeT++; module=UavAuthNetwork.uav[0]; config=NoiseSweep,1.158956,0.050113,0.268297,0.080909,0.224628,0.969254,0.0973,0.080909,0.133798,0.158713,0.010699,0.831845,NoiseSweep,NoiseSweep-1-20260922-20:32:28-1127766,0,NoiseSweep-1-20260922-20:32:28-1127766|phase2|0,1,1,1,sha3,10,0.0,bch255-131-18\,,1.483483,0.0973,0.008135,0.012143,0.115654,0.002154,0.007543,0.01057,0.099154,0.007815,104,85,43,545,1,0
611,1,2.278852,1.222073,1.056779,777,sha3,OMNeT++; module=UavAuthNetwork.uav[1]; config=NoiseSweep,1.056245,0.05428,0.264262,0.077975,0.225093,0.860082,0.095246,0.077975,0.127956,0.175273,0.009878,0.831686,NoiseSweep,NoiseSweep-1-20260922-20:32:28-1127766,1,NoiseSweep-1-20260922-20:32:28-1127766|phase2|1,1,1,1,sha3,10,0.0,bch255-131-18\,,1.496314,0.095246,0.008134,0.01121,0.130502,0.001703,0.007464,0.011191,0.103531,0.002715,104,85,43,545,1,0
612,1,2.272988,1.183763,1.089225,777,sha3,OMNeT++; module=UavAuthNetwork.uav[2]; config=NoiseSweep,1.020379,0.04872,0.252213,0.076793,0.236517,0.856606,0.093302,0.076793,0.155438,0.169952,0.009798,0.852708,NoiseSweep,NoiseSweep-1-20260922-20:32:28-1127766,2,NoiseSweep-1-20260922-20:32:28-1127766|phase2|2,1,1,1,sha3,10,0.0,bch255-131-18\,,1.51139,0.093302,0.007315,0.010649,0.100906,0.001724,0.007333,0.011632,0.1246,0.002535,104,85,43,545,1,0
613,1,2.228294,1.153326,1.074968,777,sha3,OMNeT++; module=UavAuthNetwork.uav[3]; config=NoiseSweep,0.990574,0.047538,0.252408,0.076712,0.246567,0.831379,0.090668,0.076712,0.126424,0.165107,0.009328,0.828402,NoiseSweep,NoiseSweep-1-20260922-20:32:28-1127766,3,NoiseSweep-1-20260922-20:32:28-1127766|phase2|3,1,1,1,sha3,10,0.0,bch255-131-18\,,1.492483,0.090668,0.007303,0.010238,0.100617,0.001443,0.007233,0.010138,0.098302,0.002174,104,85,43,545,1,0
614,1,2.190846,1.129301,1.061545,777,sha3,OMNeT++; module=UavAuthNetwork.uav[4]; config=NoiseSweep,0.96725,0.047618,0.271349,0.076362,0.216598,0.81006,0.089716,0.076362,0.127476,0.179885,0.009327,0.844948,NoiseSweep,NoiseSweep-1-20260922-20:32:28-1127766,4,NoiseSweep-1-20260922-20:32:28-1127766|phase2|4,1,1,1,sha3,10,0.0,bch255-131-18\,,1.51278,0.089716,0.007285,0.010099,0.099635,0.001452,0.007393,0.010359,0.098333,0.002174,104,85,43,545,1,0
615,1,2.27127,1.188831,1.082439,777,sha3,OMNeT++; module=UavAuthNetwork.uav[5]; config=NoiseSweep,1.024777,0.048269,0.242388,0.077243,0.216014,0.862126,0.093503,0.077243,0.135922,0.159153,0.009568,0.866426,NoiseSweep,NoiseSweep-1-20260922-20:32:28-1127766,5,NoiseSweep-1-20260922-20:32:28-1127766|phase2|5,1,1,1,sha3,10,0.0,bch255-131-18\,,1.483981,0.093503,0.007214,0.01086,0.101207,0.001573,0.007223,0.012794,0.099573,0.002555,104,85,43,545,1,0
616,1,2.34507,1.270542,1.074528,777,sha3,OMNeT++; module=UavAuthNetwork.uav[6]; config=NoiseSweep,1.054342,0.049913,0.283112,0.103151,0.221452,0.884557,0.099194,0.103151,0.13481,0.202522,0.009898,0.853076,NoiseSweep,NoiseSweep-1-20260922-20:32:28-1127766,6,NoiseSweep-1-20260922-20:32:28-1127766|phase2|6,1,1,1,sha3,10,0.0,bch255-131-18\,,1.560162,0.099194,0.02695,0.011032,0.107959,0.001653,0.007415,0.010879,0.103542,0.003176,104,85,43,545,1,0
617,1,2.263041,1.185876,1.077165,777,sha3,OMNeT++; module=UavAuthNetwork.uav[7]; config=NoiseSweep,1.018977,0.049561,0.244929,0.078826,0.225607,0.843662,0.104713,0.078826,0.136102,0.185028,0.009247,0.851558,NoiseSweep,NoiseSweep-1-20260922-20:32:28-1127766,7,NoiseSweep-1-20260922-20:32:28-1127766|phase2|7,1,1,1,sha3,10,0.0,bch255-131-18\,,1.507122,0.104713,0.007413,0.01091,0.103051,0.001503,0.007474,0.011031,0.107299,0.002264,104,85,43,545,1,0
618,1,2.282629,1.160559,1.12207,777,sha3,OMNeT++; module=UavAuthNetwork.uav[8]; config=NoiseSweep,0.996104,0.04863,0.255804,0.077594,0.244446,0.836799,0.091579,0.077594,0.127366,0.173615,0.009267,0.877624,NoiseSweep,NoiseSweep-1-20260922-20:32:28-1127766,8,NoiseSweep-1-20260922-20:32:28-1127766|phase2|8,1,1,1,sha3,10,0.0,bch255-131-18\,,1.55149,0.091579,0.007314,0.010408,0.100486,0.001483,0.007191,0.01076,0.098953,0.002134,104,85,43,545,1,0
619,1,2.217051,1.142686,1.074365,777,sha3,OMNeT++; module=UavAuthNetwork.uav[9]; config=NoiseSweep,0.980265,0.04873,0.246992,0.076582,0.223261,0.8212,0.0915,0.076582,0.126404,0.161871,0.009257,0.851104,NoiseSweep,NoiseSweep-1-20260922-20:32:28-1127766,9,NoiseSweep-1-20260922-20:32:28-1127766|phase2|9,1,1,1,sha3,10,0.0,bch255-131-18\,,1.483228,0.0915,0.007333,0.010229,0.100236,0.001573,0.006933,0.010259,0.099413,0.002174,104,85,43,545,1,0
620,1,2.320496,1.264022,1.056474,777,sha3,OMNeT++; module=UavAuthNetwork.uav[0]; config=NoiseSweep,1.09133,0.050614,0.268297,0.081081,0.224628,0.843512,0.163623,0.081081,0.15096,0.158713,0.01053,0.831845,NoiseSweep,NoiseSweep-10-20260922-20:32:29-1127766,0,NoiseSweep-10-20260922-20:32:29-1127766|phase2|0,10,1,1,sha3,10,0.01,bch255-131-18\,,1.483483,0.163623,0.007944,0.011111,0.116576,0.001964,0.007654,0.01081,0.099754,0.015188,104,85,43,545,1,0
621,1,2.344412,1.287633,1.056779,777,sha3,OMNeT++; module=UavAuthNetwork.uav[1]; config=NoiseSweep,1.119853,0.062125,0.264262,0.078886,0.225093,0.81054,0.219516,0.078886,0.128297,0.175273,0.010008,0.831686,NoiseSweep,NoiseSweep-10-20260922-20:32:29-1127766,1,NoiseSweep-10-20260922-20:32:29-1127766|phase2|1,10,1,1,sha3,10,0.01,bch255-131-18\,,1.496314,0.219516,0.009157,0.014136,0.115434,0.001723,0.009138,0.013405,0.107419,0.002845,104,85,43,545,1,0
622,1,2.339248,1.250023,1.089225,777,sha3,OMNeT++; module=UavAuthNetwork.uav[2]; config=NoiseSweep,1.086241,0.04853,0.252213,0.077112,0.236517,0.835376,0.182107,0.077112,0.127686,0.169952,0.009558,0.852708,NoiseSweep,NoiseSweep-10-20260922-20:32:29-1127766,2,NoiseSweep-10-20260922-20:32:29-1127766|phase2|2,10,1,1,sha3,10,0.01,bch255-131-18\,,1.51139,0.182107,0.007294,0.01045,0.100796,0.001543,0.007264,0.01066,0.098873,0.002314,104,85,43,545,1,0
623,1,2.307952,1.232984,1.074968,777,sha3,OMNeT++; module=UavAuthNetwork.uav[3]; config=NoiseSweep,1.060052,0.047639,0.252408,0.081732,0.246567,0.83731,0.153775,0.081732,0.127336,0.165107,0.009468,0.828402,NoiseSweep,NoiseSweep-10-20260922-20:32:29-1127766,3,NoiseSweep-10-20260922-20:32:29-1127766|phase2|3,10,1,1,sha3,10,0.01,bch255-131-18\,,1.492483,0.153775,0.007192,0.01049,0.105325,0.001503,0.007204,0.010239,0.098743,0.002174,104,85,43,545,1,0
624,1,2.287715,1.22617,1.061545,777,sha3,OMNeT++; module=UavAuthNetwork.uav[4]; config=NoiseSweep,1.058089,0.048911,0.271349,0.076832,0.216598,0.834615,0.156239,0.076832,0.128518,0.179885,0.014417,0.844948,NoiseSweep,NoiseSweep-10-20260922-20:32:29-1127766,4,NoiseSweep-10-20260922-20:32:29-1127766|phase2|4,10,1,1,sha3,10,0.01,bch255-131-18\,,1.51278,0.156239,0.007234,0.010179,0.100255,0.001924,0.007434,0.010419,0.098984,0.003176,104,85,43,545,1,0
625,1,2.338334,1.255895,1.082439,777,sha3,OMNeT++; module=UavAuthNetwork.uav[5]; config=NoiseSweep,1.091261,0.0482,0.242388,0.077603,0.216014,0.849643,0.160908,0.077603,0.128077,0.159153,0.009428,0.866426,NoiseSweep,NoiseSweep-10-20260922-20:32:29-1127766,5,NoiseSweep-10-20260922-20:32:29-1127766|phase2|5,10,1,1,sha3,10,0.01,bch255-131-18\,,1.483981,0.160908,0.007414,0.01074,0.106867,0.001483,0.007313,0.010309,0.098913,0.002514,104,85,43,545,1,0
626,1,2.331936,1.257408,1.074528,777,sha3,OMNeT++; module=UavAuthNetwork.uav[6]; config=NoiseSweep,1.092242,0.049411,0.283112,0.077944,0.221452,0.839494,0.180314,0.077944,0.129199,0.202522,0.009278,0.853076,NoiseSweep,NoiseSweep-10-20260922-20:32:29-1127766,6,NoiseSweep-10-20260922-20:32:29-1127766|phase2|6,10,1,1,sha3,10,0.01,bch255-131-18\,,1.560162,0.180314,0.007344,0.01061,0.105646,0.001493,0.007244,0.01084,0.099465,0.002194,104,85,43,545,1,0
627,1,2.33836,1.261195,1.077165,777,sha3,OMNeT++; module=UavAuthNetwork.uav[7]; config=NoiseSweep,1.097612,0.048089,0.244929,0.077263,0.225607,0.833904,0.193949,0.077263,0.127806,0.185028,0.009057,0.851558,NoiseSweep,NoiseSweep-10-20260922-20:32:29-1127766,7,NoiseSweep-10-20260922-20:32:29-1127766|phase2|7,10,1,1,sha3,10,0.01,bch255-131-18\,,1.507122,0.193949,0.007253,0.010269,0.101097,0.001413,0.007223,0.01039,0.099174,0.002114,104,85,43,545,1,0
628,1,2.367565,1.245495,1.12207,777,sha3,OMNeT++; module=UavAuthNetwork.uav[8]; config=NoiseSweep,1.081272,0.04864,0.255804,0.077443,0.244446,0.833513,0.179943,0.077443,0.134129,0.173615,0.009337,0.877624,NoiseSweep,NoiseSweep-10-20260922-20:32:29-1127766,8,NoiseSweep-10-20260922-20:32:29-1127766|phase2|8,10,1,1,sha3,10,0.01,bch255-131-18\,,1.55149,0.179943,0.007535,0.010379,0.100385,0.001473,0.007294,0.01077,0.098933,0.002164,104,85,43,545,1,0
629,1,2.31881,1.244445,1.074365,777,sha3,OMNeT++; module=UavAuthNetwork.uav[9]; config=NoiseSweep,1.08018,0.04842,0.246992,0.077484,0.223261,0.828203,0.184151,0.077484,0.128518,0.161871,0.009297,0.851104,NoiseSweep,NoiseSweep-10-20260922-20:32:29-1127766,9,NoiseSweep-10-20260922-20:32:29-1127766|phase2|9,10,1,1,sha3,10,0.01,bch255-131-18\,,1.483228,0.184151,0.007294,0.010319,0.100717,0.001563,0.007213,0.010478,0.098692,0.002164,104,85,43,545,1,0
630,1,2.378505,1.300346,1.078159,777,sha3,OMNeT++; module=UavAuthNetwork.uav[0]; config=NoiseSweep,1.124612,0.050734,0.263602,0.082412,0.248624,0.852628,0.185624,0.082412,0.137504,0.171762,0.01091,0.829535,NoiseSweep,NoiseSweep-11-20260922-20:32:29-1127766,0,NoiseSweep-11-20260922-20:32:29-1127766|phase2|0,11,2,2,sha3,10,0.01,bch255-131-18\,,1.513523,0.185624,0.008435,0.011011,0.119321,0.001964,0.007603,0.0108,0.100947,0.008987,104,85,43,545,1,0
631,1,2.299101,1.225638,1.073463,777,sha3,OMNeT++; module=UavAuthNetwork.uav[1]; config=NoiseSweep,1.060403,0.048169,0.246729,0.077854,0.223881,0.822352,0.16225,0.077854,0.128648,0.182786,0.009527,0.849582,NoiseSweep,NoiseSweep-11-20260922-20:32:29-1127766,1,NoiseSweep-11-20260922-20:32:29-1127766|phase2|1,11,2,2,sha3,10,0.01,bch255-131-18\,,1.502978,0.16225,0.007554,0.01069,0.105806,0.001623,0.007293,0.010529,0.099374,0.002285,104,85,43,545,1,0
632,1,2.311788,1.228456,1.083332,777,sha3,OMNeT++; module=UavAuthNetwork.uav[2]; config=NoiseSweep,1.062858,0.0489,0.258927,0.078055,0.2246,0.835386,0.158353,0.078055,0.128508,0.159875,0.009488,0.858733,NoiseSweep,NoiseSweep-11-20260922-20:32:29-1127766,2,NoiseSweep-11-20260922-20:32:29-1127766|phase2|2,11,2,2,sha3,10,0.01,bch255-131-18\,,1.502133,0.158353,0.007414,0.01047,0.101658,0.001563,0.007424,0.010509,0.100066,0.002074,104,85,43,545,1,0
633,1,2.297311,1.248111,1.0492,777,sha3,OMNeT++; module=UavAuthNetwork.uav[3]; config=NoiseSweep,1.080791,0.048089,0.240712,0.078856,0.216164,0.83168,0.179913,0.078856,0.132947,0.204086,0.009608,0.833036,NoiseSweep,NoiseSweep-11-20260922-20:32:29-1127766,3,NoiseSweep-11-20260922-20:32:29-1127766|phase2|3,11,2,2,sha3,10,0.01,bch255-131-18\,,1.493998,0.179913,0.007614,0.01042,0.10225,0.001443,0.007243,0.010589,0.099384,0.007063,104,85,43,545,1,0
634,1,2.33894,1.268369,1.070571,777,sha3,OMNeT++; module=UavAuthNetwork.uav[4]; config=NoiseSweep,1.100467,0.050063,0.255178,0.079097,0.229748,0.858299,0.171076,0.079097,0.129781,0.169948,0.009708,0.840823,NoiseSweep,NoiseSweep-11-20260922-20:32:29-1127766,4,NoiseSweep-11-20260922-20:32:29-1127766|phase2|4,11,2,2,sha3,10,0.01,bch255-131-18\,,1.495697,0.171076,0.007504,0.01102,0.103522,0.001573,0.007564,0.01103,0.100156,0.002575,104,85,43,545,1,0
635,1,2.33231,1.268047,1.064263,777,sha3,OMNeT++; module=UavAuthNetwork.uav[5]; config=NoiseSweep,1.102491,0.04877,0.26957,0.077824,0.217266,0.848691,0.184291,0.077824,0.14547,0.199652,0.009908,0.846997,NoiseSweep,NoiseSweep-11-20260922-20:32:29-1127766,5,NoiseSweep-11-20260922-20:32:29-1127766|phase2|5,11,2,2,sha3,10,0.01,bch255-131-18\,,1.533486,0.184291,0.007403,0.01072,0.101127,0.001583,0.007454,0.014958,0.108,0.002545,104,85,43,545,1,0
636,1,2.3424,1.27595,1.06645,777,sha3,OMNeT++; module=UavAuthNetwork.uav[6]; config=NoiseSweep,1.097291,0.050794,0.256803,0.084576,0.237282,0.842861,0.185583,0.084576,0.129219,0.160766,0.009507,0.829168,NoiseSweep,NoiseSweep-11-20260922-20:32:29-1127766,6,NoiseSweep-11-20260922-20:32:29-1127766|phase2|6,11,2,2,sha3,10,0.01,bch255-131-18\,,1.484019,0.185583,0.007434,0.010589,0.10824,0.001482,0.007524,0.01065,0.100687,0.002124,104,85,43,545,1,0
637,1,2.322127,1.249483,1.072644,777,sha3,OMNeT++; module=UavAuthNetwork.uav[7]; config=NoiseSweep,1.087082,0.047498,0.251251,0.076562,0.239077,0.836097,0.18391,0.076562,0.126765,0.195254,0.009277,0.833566,NoiseSweep,NoiseSweep-11-20260922-20:32:29-1127766,7,NoiseSweep-11-20260922-20:32:29-1127766|phase2|7,11,2,2,sha3,10,0.01,bch255-131-18\,,1.519149,0.18391,0.007284,0.010329,0.099394,0.001503,0.007273,0.010189,0.098133,0.002024,104,85,43,545,1,0
638,1,2.324915,1.234554,1.090361,777,sha3,OMNeT++; module=UavAuthNetwork.uav[8]; config=NoiseSweep,1.070101,0.04882,0.258522,0.077513,0.230213,0.820759,0.181586,0.077513,0.128137,0.184573,0.009427,0.860147,NoiseSweep,NoiseSweep-11-20260922-20:32:29-1127766,8,NoiseSweep-11-20260922-20:32:29-1127766|phase2|8,11,2,2,sha3,10,0.01,bch255-131-18\,,1.533456,0.181586,0.007413,0.010359,0.100857,0.001403,0.007313,0.010599,0.099504,0.002124,104,85,43,545,1,0
639,1,2.327362,1.263087,1.064275,777,sha3,OMNeT++; module=UavAuthNetwork.uav[9]; config=NoiseSweep,1.09695,0.050684,0.248707,0.078395,0.230871,0.839935,0.182037,0.078395,0.12947,0.169293,0.009347,0.833405,NoiseSweep,NoiseSweep-11-20260922-20:32:29-1127766,9,NoiseSweep-11-20260922-20:32:29-1127766|phase2|9,11,2,2,sha3,10,0.01,bch255-131-18\,,1.482275,0.182037,0.007514,0.010689,0.107579,0.001482,0.007335,0.01066,0.101538,0.002154,104,85,43,545,1,0
640,1,2.71033,1.632151,1.078179,777,sha3,OMNeT++; module=UavAuthNetwork.uav[0]; config=NoiseSweep,1.45858,0.050754,0.256671,0.081501,0.249728,1.052308,0.309012,0.081501,0.136373,0.183693,0.010569,0.828452,NoiseSweep,NoiseSweep-12-20260922-20:32:30-1127766,0,NoiseSweep-12-20260922-20:32:30-1127766|phase2|0,12,0,0,sha3,10,0.01,bch255-91-25\,,1.518543,0.309012,0.008156,0.01095,0.118119,0.002024,0.007544,0.01088,0.099765,0.008476,104,85,43,545,1,0
641,1,2.653773,1.57172,1.082053,777,sha3,OMNeT++; module=UavAuthNetwork.uav[1]; config=NoiseSweep,1.395914,0.04823,0.251082,0.083034,0.240244,1.043922,0.272174,0.083034,0.128488,0.166001,0.009738,0.841809,NoiseSweep,NoiseSweep-12-20260922-20:32:30-1127766,1,NoiseSweep-12-20260922-20:32:30-1127766|phase2|1,12,0,0,sha3,10,0.01,bch255-91-25\,,1.499136,0.272174,0.007383,0.010799,0.105987,0.001573,0.007413,0.010619,0.099334,0.002374,104,85,43,545,1,0
642,1,2.637972,1.584504,1.053468,777,sha3,OMNeT++; module=UavAuthNetwork.uav[2]; config=NoiseSweep,1.42108,0.04875,0.244435,0.076913,0.225942,1.038603,0.303031,0.076913,0.127436,0.174349,0.009598,0.827526,NoiseSweep,NoiseSweep-12-20260922-20:32:30-1127766,2,NoiseSweep-12-20260922-20:32:30-1127766|phase2|2,12,0,0,sha3,10,0.01,bch255-91-25\,,1.472252,0.303031,0.007253,0.010239,0.100547,0.001513,0.007443,0.01061,0.098984,0.002194,104,85,43,545,1,0
643,1,2.640394,1.580294,1.0601,777,sha3,OMNeT++; module=UavAuthNetwork.uav[3]; config=NoiseSweep,1.408538,0.047758,0.270952,0.077122,0.230351,1.020178,0.308702,0.077122,0.127265,0.16277,0.017512,0.829749,NoiseSweep,NoiseSweep-12-20260922-20:32:30-1127766,3,NoiseSweep-12-20260922-20:32:30-1127766|phase2|3,12,0,0,sha3,10,0.01,bch255-91-25\,,1.493821,0.308702,0.007334,0.01042,0.100596,0.00535,0.007213,0.010489,0.098693,0.002194,104,85,43,545,1,0
644,1,2.707171,1.599962,1.107209,777,sha3,OMNeT++; module=UavAuthNetwork.uav[4]; config=NoiseSweep,1.425438,0.062756,0.241588,0.082403,0.257305,1.044133,0.30254,0.082403,0.129039,0.189083,0.009718,0.849904,NoiseSweep,NoiseSweep-12-20260922-20:32:30-1127766,4,NoiseSweep-12-20260922-20:32:30-1127766|phase2|4,12,0,0,sha3,10,0.01,bch255-91-25\,,1.53788,0.30254,0.009949,0.010949,0.101639,0.001593,0.013125,0.01051,0.106858,0.002635,104,85,43,545,1,0
645,1,2.655623,1.579723,1.0759,777,sha3,OMNeT++; module=UavAuthNetwork.uav[5]; config=NoiseSweep,1.416362,0.047869,0.245457,0.077012,0.227226,1.039354,0.297942,0.077012,0.128157,0.164536,0.009337,0.848674,NoiseSweep,NoiseSweep-12-20260922-20:32:30-1127766,5,NoiseSweep-12-20260922-20:32:30-1127766|phase2|5,12,0,0,sha3,10,0.01,bch255-91-25\,,1.485893,0.297942,0.007333,0.010299,0.100586,0.001502,0.007183,0.010448,0.098893,0.002064,104,85,43,545,1,0
646,1,2.685259,1.601035,1.084224,777,sha3,OMNeT++; module=UavAuthNetwork.uav[6]; config=NoiseSweep,1.437251,0.048159,0.252117,0.077193,0.244646,1.041969,0.309674,0.077193,0.127907,0.172502,0.009398,0.839578,NoiseSweep,NoiseSweep-12-20260922-20:32:30-1127766,6,NoiseSweep-12-20260922-20:32:30-1127766|phase2|6,12,0,0,sha3,10,0.01,bch255-91-25\,,1.508843,0.309674,0.007353,0.010449,0.100466,0.001433,0.007134,0.01025,0.098932,0.002104,104,85,43,545,1,0
647,1,2.643919,1.592358,1.051561,777,sha3,OMNeT++; module=UavAuthNetwork.uav[7]; config=NoiseSweep,1.428945,0.047929,0.242171,0.077053,0.214395,1.046577,0.303633,0.077053,0.127416,0.188,0.009307,0.837166,NoiseSweep,NoiseSweep-12-20260922-20:32:30-1127766,7,NoiseSweep-12-20260922-20:32:30-1127766|phase2|7,12,0,0,sha3,10,0.01,bch255-91-25\,,1.481733,0.303633,0.007364,0.010168,0.100888,0.001473,0.007273,0.010319,0.098732,0.002404,104,85,43,545,1,0
648,1,2.658014,1.593639,1.064375,777,sha3,OMNeT++; module=UavAuthNetwork.uav[8]; config=NoiseSweep,1.428875,0.04891,0.258842,0.077493,0.223481,1.046156,0.303272,0.077493,0.135551,0.217914,0.009778,0.840894,NoiseSweep,NoiseSweep-12-20260922-20:32:30-1127766,8,NoiseSweep-12-20260922-20:32:30-1127766|phase2|8,12,0,0,sha3,10,0.01,bch255-91-25\,,1.541131,0.303272,0.007313,0.01058,0.101638,0.001593,0.007333,0.010849,0.106336,0.002314,104,85,43,545,1,0
649,1,2.641539,1.565017,1.076522,777,sha3,OMNeT++; module=UavAuthNetwork.uav[9]; config=NoiseSweep,1.400924,0.049242,0.263986,0.077463,0.224282,1.045836,0.271433,0.077463,0.127506,0.158638,0.009167,0.852241,NoiseSweep,NoiseSweep-12-20260922-20:32:30-1127766,9,NoiseSweep-12-20260922-20:32:30-1127766|phase2|9,12,0,0,sha3,10,0.01,bch255-91-25\,,1.499146,0.271433,0.007272,0.01068,0.101758,0.001413,0.007213,0.010608,0.098963,0.002505,104,85,43,545,1,0
650,1,2.664051,1.607577,1.056474,777,sha3,OMNeT++; module=UavAuthNetwork.uav[0]; config=NoiseSweep,1.434025,0.057296,0.268297,0.081521,0.224628,1.049713,0.288925,0.081521,0.135782,0.158713,0.01051,0.831845,NoiseSweep,NoiseSweep-13-20260922-20:32:30-1127766,0,NoiseSweep-13-20260922-20:32:30-1127766|phase2|0,13,1,1,sha3,10,0.01,bch255-91-25\,,1.483483,0.288925,0.008165,0.011321,0.117287,0.001973,0.008255,0.010699,0.103921,0.008566,104,85,43,545,1,0
651,1,2.674834,1.618055,1.056779,777,sha3,OMNeT++; module=UavAuthNetwork.uav[1]; config=NoiseSweep,1.450305,0.060212,0.264262,0.078906,0.225093,1.047349,0.31345,0.078906,0.132225,0.175273,0.009938,0.831686,NoiseSweep,NoiseSweep-13-20260922-20:32:30-1127766,1,NoiseSweep-13-20260922-20:32:30-1127766|phase2|1,13,1,1,sha3,10,0.01,bch255-91-25\,,1.496314,0.31345,0.009207,0.0109,0.107959,0.001663,0.008715,0.013144,0.106186,0.002895,104,85,43,545,1,0
652,1,2.680059,1.590834,1.089225,777,sha3,OMNeT++; module=UavAuthNetwork.uav[2]; config=NoiseSweep,1.42655,0.049782,0.252213,0.077323,0.236517,1.03718,0.309252,0.077323,0.13475,0.169952,0.009638,0.852708,NoiseSweep,NoiseSweep-13-20260922-20:32:30-1127766,2,NoiseSweep-13-20260922-20:32:30-1127766|phase2|2,13,1,1,sha3,10,0.01,bch255-91-25\,,1.51139,0.309252,0.007444,0.010549,0.100566,0.001483,0.007263,0.01057,0.100016,0.002324,104,85,43,545,1,0
653,1,2.628795,1.553827,1.074968,777,sha3,OMNeT++; module=UavAuthNetwork.uav[3]; config=NoiseSweep,1.389362,0.047809,0.252408,0.077524,0.246567,1.036669,0.273256,0.077524,0.127746,0.165107,0.009417,0.828402,NoiseSweep,NoiseSweep-13-20260922-20:32:30-1127766,3,NoiseSweep-13-20260922-20:32:30-1127766|phase2|3,13,1,1,sha3,10,0.01,bch255-91-25\,,1.492483,0.273256,0.007404,0.010439,0.100746,0.001513,0.007193,0.01056,0.098883,0.002094,104,85,43,545,1,0
654,1,2.634108,1.572563,1.061545,777,sha3,OMNeT++; module=UavAuthNetwork.uav[4]; config=NoiseSweep,1.408217,0.049501,0.271349,0.077444,0.216598,1.050184,0.278265,0.077444,0.128238,0.179885,0.009458,0.844948,NoiseSweep,NoiseSweep-13-20260922-20:32:30-1127766,4,NoiseSweep-13-20260922-20:32:30-1127766|phase2|4,13,1,1,sha3,10,0.01,bch255-91-25\,,1.51278,0.278265,0.007374,0.010568,0.100897,0.001513,0.007494,0.0107,0.098913,0.002364,104,85,43,545,1,0
655,1,2.642095,1.559656,1.082439,777,sha3,OMNeT++; module=UavAuthNetwork.uav[5]; config=NoiseSweep,1.394601,0.048219,0.242388,0.077794,0.216014,1.033463,0.281531,0.077794,0.135921,0.159153,0.009467,0.866426,NoiseSweep,NoiseSweep-13-20260922-20:32:30-1127766,5,NoiseSweep-13-20260922-20:32:30-1127766|phase2|5,13,1,1,sha3,10,0.01,bch255-91-25\,,1.483981,0.281531,0.007395,0.010549,0.101016,0.001482,0.007403,0.01041,0.099194,0.002214,104,85,43,545,1,0
656,1,2.67442,1.599892,1.074528,777,sha3,OMNeT++; module=UavAuthNetwork.uav[6]; config=NoiseSweep,1.435207,0.04902,0.283112,0.077704,0.221452,1.044764,0.305676,0.077704,0.127345,0.202522,0.009277,0.853076,NoiseSweep,NoiseSweep-13-20260922-20:32:30-1127766,6,NoiseSweep-13-20260922-20:32:30-1127766|phase2|6,13,1,1,sha3,10,0.01,bch255-91-25\,,1.560162,0.305676,0.007293,0.010299,0.10282,0.001433,0.007364,0.010319,0.099064,0.002044,104,85,43,545,1,0
657,1,2.710188,1.633023,1.077165,777,sha3,OMNeT++; module=UavAuthNetwork.uav[7]; config=NoiseSweep,1.467627,0.048781,0.244929,0.077974,0.225607,1.046838,0.33486,0.077974,0.128909,0.185028,0.009448,0.851558,NoiseSweep,NoiseSweep-13-20260922-20:32:30-1127766,7,NoiseSweep-13-20260922-20:32:30-1127766|phase2|7,13,1,1,sha3,10,0.01,bch255-91-25\,,1.507122,0.33486,0.007474,0.0111,0.106867,0.001523,0.007364,0.01068,0.098984,0.002585,104,85,43,545,1,0
658,1,2.714329,1.592259,1.12207,777,sha3,OMNeT++; module=UavAuthNetwork.uav[8]; config=NoiseSweep,1.427643,0.054601,0.255804,0.077564,0.244446,1.045376,0.303441,0.077564,0.128218,0.173615,0.009488,0.877624,NoiseSweep,NoiseSweep-13-20260922-20:32:30-1127766,8,NoiseSweep-13-20260922-20:32:30-1127766|phase2|8,13,1,1,sha3,10,0.01,bch255-91-25\,,1.55149,0.303441,0.007333,0.010529,0.100416,0.001523,0.007544,0.01082,0.104433,0.002254,104,85,43,545,1,0
659,1,2.667323,1.592958,1.074365,777,sha3,OMNeT++; module=UavAuthNetwork.uav[9]; config=NoiseSweep,1.429877,0.049201,0.246992,0.076862,0.223261,1.045506,0.305095,0.076862,0.127486,0.161871,0.009357,0.851104,NoiseSweep,NoiseSweep-13-20260922-20:32:30-1127766,9,NoiseSweep-13-20260922-20:32:30-1127766|phase2|9,13,1,1,sha3,10,0.01,bch255-91-25\,,1.483228,0.305095,0.007393,0.01032,0.100135,0.001493,0.007334,0.010219,0.099855,0.002104,104,85,43,545,1,0
660,1,2.732732,1.654573,1.078159,777,sha3,OMNeT++; module=UavAuthNetwork.uav[0]; config=NoiseSweep,1.481312,0.050503,0.263602,0.081321,0.248624,1.06976,0.314693,0.081321,0.135611,0.171762,0.010619,0.829535,NoiseSweep,NoiseSweep-14-20260922-20:32:31-1127766,0,NoiseSweep-14-20260922-20:32:31-1127766|phase2|0,14,2,2,sha3,10,0.01,bch255-91-25\,,1.513523,0.314693,0.008164,0.01132,0.117107,0.002014,0.007646,0.01088,0.099594,0.008175,104,85,43,545,1,0
661,1,2.662826,1.589363,1.073463,777,sha3,OMNeT++; module=UavAuthNetwork.uav[1]; config=NoiseSweep,1.425269,0.048039,0.246729,0.077163,0.223881,1.065562,0.278716,0.077163,0.127566,0.182786,0.009768,0.849582,NoiseSweep,NoiseSweep-14-20260922-20:32:31-1127766,1,NoiseSweep-14-20260922-20:32:31-1127766|phase2|1,14,2,2,sha3,10,0.01,bch255-91-25\,,1.502978,0.278716,0.007414,0.01045,0.101167,0.001573,0.007324,0.010339,0.098924,0.002535,104,85,43,545,1,0
662,1,2.640514,1.557182,1.083332,777,sha3,OMNeT++; module=UavAuthNetwork.uav[2]; config=NoiseSweep,1.392998,0.04835,0.258927,0.077193,0.2246,1.044473,0.268427,0.077193,0.133898,0.159875,0.009798,0.858733,NoiseSweep,NoiseSweep-14-20260922-20:32:31-1127766,2,NoiseSweep-14-20260922-20:32:31-1127766|phase2|2,14,2,2,sha3,10,0.01,bch255-91-25\,,1.502133,0.268427,0.007434,0.010429,0.100636,0.001583,0.007233,0.010459,0.098813,0.002244,104,85,43,545,1,0
663,1,2.613706,1.564506,1.0492,777,sha3,OMNeT++; module=UavAuthNetwork.uav[3]; config=NoiseSweep,1.400392,0.048159,0.240712,0.077183,0.216164,1.022352,0.298122,0.077183,0.127797,0.204086,0.009748,0.833036,NoiseSweep,NoiseSweep-14-20260922-20:32:31-1127766,3,NoiseSweep-14-20260922-20:32:31-1127766|phase2|3,14,2,2,sha3,10,0.01,bch255-91-25\,,1.493998,0.298122,0.007393,0.010279,0.100887,0.001543,0.007233,0.010359,0.099313,0.002134,104,85,43,545,1,0
664,1,2.719582,1.649011,1.070571,777,sha3,OMNeT++; module=UavAuthNetwork.uav[4]; config=NoiseSweep,1.479138,0.052427,0.255178,0.079757,0.229748,1.095638,0.290758,0.079757,0.132906,0.169948,0.010359,0.840823,NoiseSweep,NoiseSweep-14-20260922-20:32:31-1127766,4,NoiseSweep-14-20260922-20:32:31-1127766|phase2|4,14,2,2,sha3,10,0.01,bch255-91-25\,,1.495697,0.290758,0.007604,0.011471,0.109614,0.001924,0.007725,0.011311,0.099534,0.0052,104,85,43,545,1,0
665,1,2.680616,1.616353,1.064263,777,sha3,OMNeT++; module=UavAuthNetwork.uav[5]; config=NoiseSweep,1.446939,0.06517,0.26957,0.079938,0.217266,1.052068,0.310064,0.079938,0.12964,0.199652,0.009538,0.846997,NoiseSweep,NoiseSweep-14-20260922-20:32:31-1127766,5,NoiseSweep-14-20260922-20:32:31-1127766|phase2|5,14,2,2,sha3,10,0.01,bch255-91-25\,,1.533486,0.310064,0.007625,0.011131,0.102659,0.001533,0.008144,0.010529,0.114693,0.002565,104,85,43,545,1,0
666,1,2.647858,1.581408,1.06645,777,sha3,OMNeT++; module=UavAuthNetwork.uav[6]; config=NoiseSweep,1.417494,0.04888,0.256803,0.077143,0.237282,1.032862,0.303282,0.077143,0.127887,0.160766,0.009628,0.829168,NoiseSweep,NoiseSweep-14-20260922-20:32:31-1127766,6,NoiseSweep-14-20260922-20:32:31-1127766|phase2|6,14,2,2,sha3,10,0.01,bch255-91-25\,,1.484019,0.303282,0.007314,0.010429,0.100737,0.001633,0.007314,0.01045,0.098863,0.002364,104,85,43,545,1,0
667,1,2.670962,1.598318,1.072644,777,sha3,OMNeT++; module=UavAuthNetwork.uav[7]; config=NoiseSweep,1.435036,0.047939,0.251251,0.077012,0.239077,1.041638,0.30794,0.077012,0.127356,0.195254,0.009258,0.833566,NoiseSweep,NoiseSweep-14-20260922-20:32:31-1127766,7,NoiseSweep-14-20260922-20:32:31-1127766|phase2|7,14,2,2,sha3,10,0.01,bch255-91-25\,,1.519149,0.30794,0.007315,0.01036,0.100525,0.001473,0.007204,0.01029,0.099023,0.002124,104,85,43,545,1,0
668,1,2.683109,1.592748,1.090361,777,sha3,OMNeT++; module=UavAuthNetwork.uav[8]; config=NoiseSweep,1.429837,0.04887,0.258522,0.076842,0.230213,1.044934,0.306177,0.076842,0.127215,0.184573,0.009227,0.860147,NoiseSweep,NoiseSweep-14-20260922-20:32:31-1127766,8,NoiseSweep-14-20260922-20:32:31-1127766|phase2|8,14,2,2,sha3,10,0.01,bch255-91-25\,,1.533456,0.306177,0.007383,0.010269,0.100536,0.001523,0.007352,0.01076,0.098833,0.002104,104,85,43,545,1,0
669,1,2.653256,1.588981,1.064275,777,sha3,OMNeT++; module=UavAuthNetwork.uav[9]; config=NoiseSweep,1.42599,0.047868,0.248707,0.076852,0.230871,1.045095,0.30257,0.076852,0.132716,0.169293,0.009287,0.833405,NoiseSweep,NoiseSweep-14-20260922-20:32:31-1127766,9,NoiseSweep-14-20260922-20:32:31-1127766|phase2|9,14,2,2,sha3,10,0.01,bch255-91-25\,,1.482275,0.30257,0.007364,0.010359,0.100276,0.001443,0.007304,0.01049,0.104053,0.002084,104,85,43,545,1,0
670,1,4.618572,3.540393,1.078179,777,sha3,OMNeT++; module=UavAuthNetwork.uav[0]; config=NoiseSweep,3.364358,0.052407,0.256671,0.082452,0.249728,3.136757,0.12971,0.082452,0.137956,0.183693,0.011131,0.828452,NoiseSweep,NoiseSweep-15-20260922-20:32:31-1127766,0,NoiseSweep-15-20260922-20:32:31-1127766|phase2|0,15,0,0,sha3,10,0.01,rep3-bch255-131-18\,,1.518543,0.12971,0.008276,0.011672,0.12955,0.002013,0.007673,0.011151,0.100696,0.008636,104,85,43,545,1,0
671,1,4.598043,3.51599,1.082053,777,sha3,OMNeT++; module=UavAuthNetwork.uav[1]; config=NoiseSweep,3.34899,0.049763,0.251082,0.078626,0.240244,3.14416,0.12955,0.078626,0.129961,0.166001,0.009748,0.841809,NoiseSweep,NoiseSweep-15-20260922-20:32:31-1127766,1,NoiseSweep-15-20260922-20:32:31-1127766|phase2|1,15,0,0,sha3,10,0.01,rep3-bch255-131-18\,,1.499136,0.12955,0.007563,0.0107,0.103923,0.001613,0.007523,0.01075,0.099154,0.003156,104,85,43,545,1,0
672,1,4.564259,3.510791,1.053468,777,sha3,OMNeT++; module=UavAuthNetwork.uav[2]; config=NoiseSweep,3.347157,0.048951,0.244435,0.077113,0.225942,3.121809,0.148775,0.077113,0.127686,0.174349,0.009408,0.827526,NoiseSweep,NoiseSweep-15-20260922-20:32:31-1127766,2,NoiseSweep-15-20260922-20:32:31-1127766|phase2|2,15,0,0,sha3,10,0.01,rep3-bch255-131-18\,,1.472252,0.148775,0.007404,0.01037,0.101187,0.001533,0.007545,0.01062,0.098893,0.002424,104,85,43,545,1,0
673,1,4.567964,3.507864,1.0601,777,sha3,OMNeT++; module=UavAuthNetwork.uav[3]; config=NoiseSweep,3.343089,0.053339,0.270952,0.077664,0.230351,3.125546,0.148755,0.077664,0.127947,0.16277,0.009447,0.829749,NoiseSweep,NoiseSweep-15-20260922-20:32:31-1127766,3,NoiseSweep-15-20260922-20:32:31-1127766|phase2|3,15,0,0,sha3,10,0.01,rep3-bch255-131-18\,,1.493821,0.148755,0.007534,0.01046,0.101217,0.001523,0.007424,0.01057,0.104182,0.002304,104,85,43,545,1,0
674,1,4.602409,3.4952,1.107209,777,sha3,OMNeT++; module=UavAuthNetwork.uav[4]; config=NoiseSweep,3.323232,0.04854,0.241588,0.077293,0.257305,3.108184,0.147082,0.077293,0.127887,0.189083,0.017382,0.849904,NoiseSweep,NoiseSweep-15-20260922-20:32:31-1127766,4,NoiseSweep-15-20260922-20:32:31-1127766|phase2|4,15,0,0,sha3,10,0.01,rep3-bch255-131-18\,,1.53788,0.147082,0.007364,0.010569,0.100517,0.005059,0.007334,0.01048,0.098962,0.002194,104,85,43,545,1,0
675,1,4.618357,3.542457,1.0759,777,sha3,OMNeT++; module=UavAuthNetwork.uav[5]; config=NoiseSweep,3.373434,0.050754,0.245457,0.079567,0.227226,3.146996,0.152843,0.079567,0.129961,0.164536,0.009889,0.848674,NoiseSweep,NoiseSweep-15-20260922-20:32:31-1127766,5,NoiseSweep-15-20260922-20:32:31-1127766|phase2|5,15,0,0,sha3,10,0.01,rep3-bch255-131-18\,,1.485893,0.152843,0.007644,0.011051,0.106738,0.001673,0.007394,0.0107,0.099975,0.002946,104,85,43,545,1,0
676,1,4.610282,3.526058,1.084224,777,sha3,OMNeT++; module=UavAuthNetwork.uav[6]; config=NoiseSweep,3.350202,0.049622,0.252117,0.083154,0.244646,3.131637,0.147904,0.083154,0.128348,0.172502,0.009548,0.839578,NoiseSweep,NoiseSweep-15-20260922-20:32:31-1127766,6,NoiseSweep-15-20260922-20:32:31-1127766|phase2|6,15,0,0,sha3,10,0.01,rep3-bch255-131-18\,,1.508843,0.147904,0.007415,0.01075,0.106968,0.001483,0.007514,0.01065,0.099173,0.002334,104,85,43,545,1,0
677,1,4.533137,3.481576,1.051561,777,sha3,OMNeT++; module=UavAuthNetwork.uav[7]; config=NoiseSweep,3.316119,0.04839,0.242171,0.078025,0.214395,3.122471,0.125442,0.078025,0.127235,0.188,0.009407,0.837166,NoiseSweep,NoiseSweep-15-20260922-20:32:31-1127766,7,NoiseSweep-15-20260922-20:32:31-1127766|phase2|7,15,0,0,sha3,10,0.01,rep3-bch255-131-18\,,1.481733,0.125442,0.007263,0.010279,0.101859,0.001502,0.007233,0.01091,0.098642,0.002124,104,85,43,545,1,0
678,1,4.547193,3.482818,1.064375,777,sha3,OMNeT++; module=UavAuthNetwork.uav[8]; config=NoiseSweep,3.318764,0.049041,0.258842,0.077223,0.223481,3.118883,0.131083,0.077223,0.127666,0.217914,0.009608,0.840894,NoiseSweep,NoiseSweep-15-20260922-20:32:31-1127766,8,NoiseSweep-15-20260922-20:32:31-1127766|phase2|8,15,0,0,sha3,10,0.01,rep3-bch255-131-18\,,1.541131,0.131083,0.007695,0.010439,0.100836,0.001563,0.007423,0.010961,0.098763,0.002164,104,85,43,545,1,0
679,1,4.56978,3.493258,1.076522,777,sha3,OMNeT++; module=UavAuthNetwork.uav[9]; config=NoiseSweep,3.329003,0.04857,0.263986,0.077394,0.224282,3.133691,0.126885,0.077394,0.128328,0.158638,0.009467,0.852241,NoiseSweep,NoiseSweep-15-20260922-20:32:31-1127766,9,NoiseSweep-15-20260922-20:32:31-1127766|phase2|9,15,0,0,sha3,10,0.01,rep3-bch255-131-18\,,1.499146,0.126885,0.007473,0.010438,0.101197,0.001482,0.007314,0.01052,0.099443,0.002114,104,85,43,545,1,0
680,1,4.571811,3.515337,1.056474,777,sha3,OMNeT++; module=UavAuthNetwork.uav[0]; config=NoiseSweep,3.341195,0.051416,0.268297,0.081711,0.224628,3.120878,0.130341,0.081711,0.135731,0.158713,0.01072,0.831845,NoiseSweep,NoiseSweep-16-20260922-20:32:31-1127766,0,NoiseSweep-16-20260922-20:32:31-1127766|phase2|0,16,1,1,sha3,10,0.01,rep3-bch255-131-18\,,1.483483,0.130341,0.008234,0.011973,0.117708,0.001984,0.007765,0.01086,0.099274,0.008666,104,85,43,545,1,0
681,1,4.51963,3.462851,1.056779,777,sha3,OMNeT++; module=UavAuthNetwork.uav[1]; config=NoiseSweep,3.299088,0.047799,0.264262,0.077113,0.225093,3.096432,0.132605,0.077113,0.132595,0.175273,0.009537,0.831686,NoiseSweep,NoiseSweep-16-20260922-20:32:31-1127766,1,NoiseSweep-16-20260922-20:32:31-1127766|phase2|1,16,1,1,sha3,10,0.01,rep3-bch255-131-18\,,1.496314,0.132605,0.007373,0.0106,0.100135,0.001563,0.007314,0.010419,0.103601,0.002404,104,85,43,545,1,0
682,1,4.555241,3.466016,1.089225,777,sha3,OMNeT++; module=UavAuthNetwork.uav[2]; config=NoiseSweep,3.300169,0.047729,0.252213,0.076742,0.236517,3.107202,0.125262,0.076742,0.132165,0.169952,0.012363,0.852708,NoiseSweep,NoiseSweep-16-20260922-20:32:31-1127766,2,NoiseSweep-16-20260922-20:32:31-1127766|phase2|2,16,1,1,sha3,10,0.01,rep3-bch255-131-18\,,1.51139,0.125262,0.007274,0.010259,0.099955,0.001533,0.007183,0.010319,0.098162,0.002294,104,85,43,545,1,0
683,1,4.545083,3.470115,1.074968,777,sha3,OMNeT++; module=UavAuthNetwork.uav[3]; config=NoiseSweep,3.307733,0.048229,0.252408,0.076472,0.246567,3.116409,0.123689,0.076472,0.126865,0.165107,0.009438,0.828402,NoiseSweep,NoiseSweep-16-20260922-20:32:31-1127766,3,NoiseSweep-16-20260922-20:32:31-1127766|phase2|3,16,1,1,sha3,10,0.01,rep3-bch255-131-18\,,1.492483,0.123689,0.007284,0.01051,0.099886,0.001463,0.007344,0.01057,0.098211,0.002244,104,85,43,545,1,0
684,1,4.568108,3.506563,1.061545,777,sha3,OMNeT++; module=UavAuthNetwork.uav[4]; config=NoiseSweep,3.339893,0.055382,0.271349,0.078456,0.216598,3.119374,0.148896,0.078456,0.12983,0.179885,0.009758,0.844948,NoiseSweep,NoiseSweep-16-20260922-20:32:31-1127766,4,NoiseSweep-16-20260922-20:32:31-1127766|phase2|4,16,1,1,sha3,10,0.01,rep3-bch255-131-18\,,1.51278,0.148896,0.007323,0.010839,0.104123,0.001583,0.007545,0.01074,0.104333,0.003306,104,85,43,545,1,0
685,1,4.563602,3.481163,1.082439,777,sha3,OMNeT++; module=UavAuthNetwork.uav[5]; config=NoiseSweep,3.31698,0.047988,0.242388,0.077373,0.216014,3.120156,0.126144,0.077373,0.128468,0.159153,0.009437,0.866426,NoiseSweep,NoiseSweep-16-20260922-20:32:31-1127766,5,NoiseSweep-16-20260922-20:32:31-1127766|phase2|5,16,1,1,sha3,10,0.01,rep3-bch255-131-18\,,1.483981,0.126144,0.007234,0.01062,0.100717,0.001442,0.007153,0.01055,0.098763,0.002114,104,85,43,545,1,0
686,1,4.517051,3.442523,1.074528,777,sha3,OMNeT++; module=UavAuthNetwork.uav[6]; config=NoiseSweep,3.27877,0.047999,0.283112,0.077243,0.221452,3.081444,0.128949,0.077243,0.127395,0.202522,0.009267,0.853076,NoiseSweep,NoiseSweep-16-20260922-20:32:31-1127766,6,NoiseSweep-16-20260922-20:32:31-1127766|phase2|6,16,1,1,sha3,10,0.01,rep3-bch255-131-18\,,1.560162,0.128949,0.007492,0.010669,0.100326,0.001502,0.007134,0.010409,0.098172,0.002134,104,85,43,545,1,0
687,1,4.525968,3.448803,1.077165,777,sha3,OMNeT++; module=UavAuthNetwork.uav[7]; config=NoiseSweep,3.283508,0.047669,0.244929,0.078084,0.225607,3.090751,0.12388,0.078084,0.127235,0.185028,0.009127,0.851558,NoiseSweep,NoiseSweep-16-20260922-20:32:31-1127766,7,NoiseSweep-16-20260922-20:32:31-1127766|phase2|7,16,1,1,sha3,10,0.01,rep3-bch255-131-18\,,1.507122,0.12388,0.007223,0.01045,0.103181,0.001432,0.007063,0.010378,0.098252,0.002084,104,85,43,545,1,0
688,1,4.598989,3.476919,1.12207,777,sha3,OMNeT++; module=UavAuthNetwork.uav[8]; config=NoiseSweep,3.312553,0.04854,0.255804,0.077344,0.244446,3.118903,0.126515,0.077344,0.128778,0.173615,0.009678,0.877624,NoiseSweep,NoiseSweep-16-20260922-20:32:31-1127766,8,NoiseSweep-16-20260922-20:32:31-1127766|phase2|8,16,1,1,sha3,10,0.01,rep3-bch255-131-18\,,1.55149,0.126515,0.007403,0.01043,0.100726,0.001473,0.007123,0.0107,0.098953,0.002164,104,85,43,545,1,0
689,1,4.594232,3.519867,1.074365,777,sha3,OMNeT++; module=UavAuthNetwork.uav[9]; config=NoiseSweep,3.339953,0.051094,0.246992,0.085098,0.223261,3.13266,0.131393,0.085098,0.131864,0.161871,0.009718,0.851104,NoiseSweep,NoiseSweep-16-20260922-20:32:31-1127766,9,NoiseSweep-16-20260922-20:32:31-1127766|phase2|9,16,1,1,sha3,10,0.01,rep3-bch255-131-18\,,1.483228,0.131393,0.007795,0.011532,0.114011,0.001703,0.007746,0.01097,0.099545,0.004038,104,85,43,545,1,0
690,1,4.604887,3.526728,1.078159,777,sha3,OMNeT++; module=UavAuthNetwork.uav[0]; config=NoiseSweep,3.352566,0.050885,0.263602,0.081701,0.248624,3.137418,0.12957,0.081701,0.136092,0.171762,0.01076,0.829535,NoiseSweep,NoiseSweep-17-20260922-20:32:32-1127766,0,NoiseSweep-17-20260922-20:32:32-1127766|phase2|0,17,2,2,sha3,10,0.01,rep3-bch255-131-18\,,1.513523,0.12957,0.008085,0.011391,0.117548,0.001994,0.007675,0.01075,0.099875,0.008576,104,85,43,545,1,0
691,1,4.526675,3.453212,1.073463,777,sha3,OMNeT++; module=UavAuthNetwork.uav[1]; config=NoiseSweep,3.288828,0.048049,0.246729,0.077313,0.223881,3.084299,0.133998,0.077313,0.128067,0.182786,0.009758,0.849582,NoiseSweep,NoiseSweep-17-20260922-20:32:32-1127766,1,NoiseSweep-17-20260922-20:32:32-1127766|phase2|1,17,2,2,sha3,10,0.01,rep3-bch255-131-18\,,1.502978,0.133998,0.007424,0.010439,0.101287,0.001583,0.007273,0.010499,0.098943,0.002495,104,85,43,545,1,0
692,1,4.567983,3.484651,1.083332,777,sha3,OMNeT++; module=UavAuthNetwork.uav[2]; config=NoiseSweep,3.320687,0.04869,0.258927,0.077153,0.2246,3.126337,0.126254,0.077153,0.127706,0.159875,0.009658,0.858733,NoiseSweep,NoiseSweep-17-20260922-20:32:32-1127766,2,NoiseSweep-17-20260922-20:32:32-1127766|phase2|2,17,2,2,sha3,10,0.01,rep3-bch255-131-18\,,1.502133,0.126254,0.007305,0.010519,0.100485,0.001503,0.007454,0.010498,0.099053,0.002214,104,85,43,545,1,0
693,1,4.59857,3.54937,1.0492,777,sha3,OMNeT++; module=UavAuthNetwork.uav[3]; config=NoiseSweep,3.380267,0.050563,0.240712,0.079597,0.216164,3.131708,0.170926,0.079597,0.131985,0.204086,0.009909,0.833036,NoiseSweep,NoiseSweep-17-20260922-20:32:32-1127766,3,NoiseSweep-17-20260922-20:32:32-1127766|phase2|3,17,2,2,sha3,10,0.01,rep3-bch255-131-18\,,1.493998,0.170926,0.007724,0.01081,0.109714,0.001593,0.007725,0.01073,0.100295,0.003226,104,85,43,545,1,0
694,1,4.640259,3.569688,1.070571,777,sha3,OMNeT++; module=UavAuthNetwork.uav[4]; config=NoiseSweep,3.404392,0.049912,0.255178,0.077834,0.229748,3.156513,0.170376,0.077834,0.128678,0.169948,0.009628,0.840823,NoiseSweep,NoiseSweep-17-20260922-20:32:32-1127766,4,NoiseSweep-17-20260922-20:32:32-1127766|phase2|4,17,2,2,sha3,10,0.01,rep3-bch255-131-18\,,1.495697,0.170376,0.007413,0.01064,0.106378,0.001513,0.007384,0.01088,0.099043,0.002575,104,85,43,545,1,0
695,1,4.510882,3.446619,1.064263,777,sha3,OMNeT++; module=UavAuthNetwork.uav[5]; config=NoiseSweep,3.282366,0.047768,0.26957,0.077393,0.217266,3.087716,0.125943,0.077393,0.128337,0.199652,0.009467,0.846997,NoiseSweep,NoiseSweep-17-20260922-20:32:32-1127766,5,NoiseSweep-17-20260922-20:32:32-1127766|phase2|5,17,2,2,sha3,10,0.01,rep3-bch255-131-18\,,1.533486,0.125943,0.007434,0.01059,0.100706,0.001463,0.007133,0.010278,0.098923,0.002265,104,85,43,545,1,0
696,1,4.570777,3.504327,1.06645,777,sha3,OMNeT++; module=UavAuthNetwork.uav[6]; config=NoiseSweep,3.339783,0.04875,0.256803,0.077543,0.237282,3.123362,0.147393,0.077543,0.129069,0.160766,0.009458,0.829168,NoiseSweep,NoiseSweep-17-20260922-20:32:32-1127766,6,NoiseSweep-17-20260922-20:32:32-1127766|phase2|6,17,2,2,sha3,10,0.01,rep3-bch255-131-18\,,1.484019,0.147393,0.007373,0.01067,0.100998,0.001432,0.007303,0.01048,0.098843,0.002254,104,85,43,545,1,0
697,1,4.620463,3.547819,1.072644,777,sha3,OMNeT++; module=UavAuthNetwork.uav[7]; config=NoiseSweep,3.371611,0.048279,0.251251,0.083325,0.239077,3.136106,0.16728,0.083325,0.12961,0.195254,0.009558,0.833566,NoiseSweep,NoiseSweep-17-20260922-20:32:32-1127766,7,NoiseSweep-17-20260922-20:32:32-1127766|phase2|7,17,2,2,sha3,10,0.01,rep3-bch255-131-18\,,1.519149,0.16728,0.007434,0.01046,0.101377,0.001563,0.007283,0.01069,0.099735,0.002234,104,85,43,545,1,0
698,1,4.612963,3.522602,1.090361,777,sha3,OMNeT++; module=UavAuthNetwork.uav[8]; config=NoiseSweep,3.354019,0.051816,0.258522,0.079257,0.230213,3.127369,0.15099,0.079257,0.132546,0.184573,0.010069,0.860147,NoiseSweep,NoiseSweep-17-20260922-20:32:32-1127766,8,NoiseSweep-17-20260922-20:32:32-1127766|phase2|8,17,2,2,sha3,10,0.01,rep3-bch255-131-18\,,1.533456,0.15099,0.007854,0.01121,0.107879,0.001764,0.007636,0.012122,0.099905,0.003346,104,85,43,545,1,0
699,1,4.553074,3.488799,1.064275,777,sha3,OMNeT++; module=UavAuthNetwork.uav[9]; config=NoiseSweep,3.325016,0.048409,0.248707,0.077243,0.230871,3.124795,0.130641,0.077243,0.127837,0.169293,0.009297,0.833405,NoiseSweep,NoiseSweep-17-20260922-20:32:32-1127766,9,NoiseSweep-17-20260922-20:32:32-1127766|phase2|9,17,2,2,sha3,10,0.01,rep3-bch255-131-18\,,1.482275,0.130641,0.007423,0.01066,0.100968,0.001443,0.007203,0.010419,0.098803,0.002184,104,85,43,545,1,0
700,1,2.375121,1.296942,1.078179,777,sha3,OMNeT++; module=UavAuthNetwork.uav[0]; config=NoiseSweep,1.124452,0.050914,0.256671,0.08093,0.249728,0.847078,0.188619,0.08093,0.135681,0.183693,0.01063,0.828452,NoiseSweep,NoiseSweep-18-20260922-20:32:32-1127766,0,NoiseSweep-18-20260922-20:32:32-1127766|phase2|0,18,0,0,sha3,10,0.02,bch255-131-18\,,1.518543,0.188619,0.013244,0.011031,0.115735,0.002023,0.007725,0.01081,0.099985,0.008706,104,85,43,545,1,0
701,1,2.337748,1.255695,1.082053,777,sha3,OMNeT++; module=UavAuthNetwork.uav[1]; config=NoiseSweep,1.090649,0.04846,0.251082,0.077694,0.240244,0.833052,0.187287,0.077694,0.128899,0.166001,0.009658,0.841809,NoiseSweep,NoiseSweep-18-20260922-20:32:32-1127766,1,NoiseSweep-18-20260922-20:32:32-1127766|phase2|1,18,0,0,sha3,10,0.02,bch255-131-18\,,1.499136,0.187287,0.007504,0.01052,0.101167,0.001633,0.007363,0.01107,0.098753,0.002695,104,85,43,545,1,0
702,1,2.306666,1.253198,1.053468,777,sha3,OMNeT++; module=UavAuthNetwork.uav[2]; config=NoiseSweep,1.088194,0.04901,0.244435,0.077713,0.225942,0.829886,0.188229,0.077713,0.133607,0.174349,0.009578,0.827526,NoiseSweep,NoiseSweep-18-20260922-20:32:32-1127766,2,NoiseSweep-18-20260922-20:32:32-1127766|phase2|2,18,0,0,sha3,10,0.02,bch255-131-18\,,1.472252,0.188229,0.007244,0.01079,0.100797,0.001493,0.007524,0.010659,0.098834,0.002274,104,85,43,545,1,0
703,1,2.310644,1.250544,1.0601,777,sha3,OMNeT++; module=UavAuthNetwork.uav[3]; config=NoiseSweep,1.086551,0.048059,0.270952,0.077363,0.230351,0.821892,0.195191,0.077363,0.127927,0.16277,0.009267,0.829749,NoiseSweep,NoiseSweep-18-20260922-20:32:32-1127766,3,NoiseSweep-18-20260922-20:32:32-1127766|phase2|3,18,0,0,sha3,10,0.02,bch255-131-18\,,1.493821,0.195191,0.007434,0.010589,0.100676,0.001503,0.007304,0.01049,0.098932,0.002074,104,85,43,545,1,0
704,1,2.363885,1.256676,1.107209,777,sha3,OMNeT++; module=UavAuthNetwork.uav[4]; config=NoiseSweep,1.093103,0.047588,0.241588,0.077083,0.257305,0.836829,0.187167,0.077083,0.127987,0.189083,0.009407,0.849904,NoiseSweep,NoiseSweep-18-20260922-20:32:32-1127766,4,NoiseSweep-18-20260922-20:32:32-1127766|phase2|4,18,0,0,sha3,10,0.02,bch255-131-18\,,1.53788,0.187167,0.007324,0.010319,0.100597,0.001432,0.007082,0.010149,0.098632,0.002073,104,85,43,545,1,0
705,1,2.333639,1.257739,1.0759,777,sha3,OMNeT++; module=UavAuthNetwork.uav[5]; config=NoiseSweep,1.083626,0.048259,0.245457,0.082333,0.227226,0.829646,0.185924,0.082333,0.128538,0.164536,0.009447,0.848674,NoiseSweep,NoiseSweep-18-20260922-20:32:32-1127766,5,NoiseSweep-18-20260922-20:32:32-1127766|phase2|5,18,0,0,sha3,10,0.02,bch255-131-18\,,1.485893,0.185924,0.007245,0.010439,0.105356,0.001482,0.007343,0.0106,0.099124,0.002114,104,85,43,545,1,0
706,1,2.341812,1.257588,1.084224,777,sha3,OMNeT++; module=UavAuthNetwork.uav[6]; config=NoiseSweep,1.094877,0.049732,0.252117,0.076712,0.244646,0.836909,0.190213,0.076712,0.126564,0.172502,0.009287,0.839578,NoiseSweep,NoiseSweep-18-20260922-20:32:32-1127766,6,NoiseSweep-18-20260922-20:32:32-1127766|phase2|6,18,0,0,sha3,10,0.02,bch255-131-18\,,1.508843,0.190213,0.007214,0.010439,0.099865,0.001433,0.007243,0.010529,0.099183,0.002024,104,85,43,545,1,0
707,1,2.287159,1.235598,1.051561,777,sha3,OMNeT++; module=UavAuthNetwork.uav[7]; config=NoiseSweep,1.073116,0.047468,0.242171,0.076592,0.214395,0.818345,0.187187,0.076592,0.126594,0.188,0.009298,0.837166,NoiseSweep,NoiseSweep-18-20260922-20:32:32-1127766,7,NoiseSweep-18-20260922-20:32:32-1127766|phase2|7,18,0,0,sha3,10,0.02,bch255-131-18\,,1.481733,0.187187,0.007354,0.01038,0.099834,0.001433,0.007293,0.01028,0.098092,0.001953,104,85,43,545,1,0
708,1,2.320961,1.256586,1.064375,777,sha3,OMNeT++; module=UavAuthNetwork.uav[8]; config=NoiseSweep,1.091801,0.054621,0.258842,0.077754,0.223481,0.838022,0.185974,0.077754,0.127586,0.217914,0.009277,0.840894,NoiseSweep,NoiseSweep-18-20260922-20:32:32-1127766,8,NoiseSweep-18-20260922-20:32:32-1127766|phase2|8,18,0,0,sha3,10,0.02,bch255-131-18\,,1.541131,0.185974,0.007413,0.01036,0.100927,0.001422,0.007585,0.01041,0.104494,0.002084,104,85,43,545,1,0
709,1,2.329311,1.252789,1.076522,777,sha3,OMNeT++; module=UavAuthNetwork.uav[9]; config=NoiseSweep,1.090328,0.049131,0.263986,0.076702,0.224282,0.833633,0.189521,0.076702,0.127076,0.158638,0.009057,0.852241,NoiseSweep,NoiseSweep-18-20260922-20:32:32-1127766,9,NoiseSweep-18-20260922-20:32:32-1127766|phase2|9,18,0,0,sha3,10,0.02,bch255-131-18\,,1.499146,0.189521,0.007182,0.010299,0.099705,0.001412,0.007143,0.010369,0.099845,0.001934,104,85,43,545,1,0
710,1,2.342966,1.286492,1.056474,777,sha3,OMNeT++; module=UavAuthNetwork.uav[0]; config=NoiseSweep,1.11282,0.050333,0.268297,0.081351,0.224628,0.836449,0.191965,0.081351,0.13544,0.158713,0.01097,0.831845,NoiseSweep,NoiseSweep-19-20260922-20:32:33-1127766,0,NoiseSweep-19-20260922-20:32:33-1127766|phase2|0,19,1,1,sha3,10,0.02,bch255-131-18\,,1.483483,0.191965,0.008095,0.01106,0.116275,0.002024,0.007584,0.010629,0.099163,0.008806,104,85,43,545,1,0
711,1,2.31004,1.253261,1.056779,777,sha3,OMNeT++; module=UavAuthNetwork.uav[1]; config=NoiseSweep,1.088285,0.047658,0.264262,0.077744,0.225093,0.826459,0.187687,0.077744,0.126925,0.175273,0.009488,0.831686,NoiseSweep,NoiseSweep-19-20260922-20:32:33-1127766,1,NoiseSweep-19-20260922-20:32:33-1127766|phase2|1,19,1,1,sha3,10,0.02,bch255-131-18\,,1.496314,0.187687,0.007393,0.011131,0.105576,0.001573,0.007163,0.010348,0.098423,0.002364,104,85,43,545,1,0
712,1,2.337757,1.248532,1.089225,777,sha3,OMNeT++; module=UavAuthNetwork.uav[2]; config=NoiseSweep,1.086241,0.04827,0.252213,0.076462,0.236517,0.830187,0.188359,0.076462,0.126754,0.169952,0.009367,0.852708,NoiseSweep,NoiseSweep-19-20260922-20:32:33-1127766,2,NoiseSweep-19-20260922-20:32:33-1127766|phase2|2,19,1,1,sha3,10,0.02,bch255-131-18\,,1.51139,0.188359,0.007352,0.010108,0.099815,0.001512,0.007253,0.010439,0.098231,0.002184,104,85,43,545,1,0
713,1,2.317719,1.242751,1.074968,777,sha3,OMNeT++; module=UavAuthNetwork.uav[3]; config=NoiseSweep,1.079538,0.047227,0.252408,0.076823,0.246567,0.832761,0.178851,0.076823,0.13514,0.165107,0.009567,0.828402,NoiseSweep,NoiseSweep-19-20260922-20:32:33-1127766,3,NoiseSweep-19-20260922-20:32:33-1127766|phase2|3,19,1,1,sha3,10,0.02,bch255-131-18\,,1.492483,0.178851,0.007505,0.010208,0.100056,0.001482,0.007182,0.010218,0.098162,0.002224,104,85,43,545,1,0
714,1,2.286784,1.225239,1.061545,777,sha3,OMNeT++; module=UavAuthNetwork.uav[4]; config=NoiseSweep,1.062377,0.048771,0.271349,0.076712,0.216598,0.806974,0.187547,0.076712,0.127336,0.179885,0.009438,0.844948,NoiseSweep,NoiseSweep-19-20260922-20:32:33-1127766,4,NoiseSweep-19-20260922-20:32:33-1127766|phase2|4,19,1,1,sha3,10,0.02,bch255-131-18\,,1.51278,0.187547,0.007363,0.010178,0.100516,0.001463,0.007463,0.010379,0.098783,0.002084,104,85,43,545,1,0
715,1,2.329617,1.247178,1.082439,777,sha3,OMNeT++; module=UavAuthNetwork.uav[5]; config=NoiseSweep,1.084066,0.047618,0.242388,0.076942,0.216014,0.828434,0.187377,0.076942,0.126734,0.159153,0.009228,0.866426,NoiseSweep,NoiseSweep-19-20260922-20:32:33-1127766,5,NoiseSweep-19-20260922-20:32:33-1127766|phase2|5,19,1,1,sha3,10,0.02,bch255-131-18\,,1.483981,0.187377,0.007344,0.010339,0.100186,0.001453,0.007123,0.010268,0.098232,0.002084,104,85,43,545,1,0
716,1,2.330702,1.256174,1.074528,777,sha3,OMNeT++; module=UavAuthNetwork.uav[6]; config=NoiseSweep,1.091751,0.048339,0.283112,0.077473,0.221452,0.836469,0.187807,0.077473,0.13539,0.202522,0.009477,0.853076,NoiseSweep,NoiseSweep-19-20260922-20:32:33-1127766,6,NoiseSweep-19-20260922-20:32:33-1127766|phase2|6,19,1,1,sha3,10,0.02,bch255-131-18\,,1.560162,0.187807,0.007283,0.010399,0.100607,0.001533,0.007223,0.010791,0.106257,0.002124,104,85,43,545,1,0
717,1,2.341334,1.264169,1.077165,777,sha3,OMNeT++; module=UavAuthNetwork.uav[7]; config=NoiseSweep,1.094476,0.047718,0.244929,0.080218,0.225607,0.836168,0.190523,0.080218,0.127536,0.185028,0.009257,0.851558,NoiseSweep,NoiseSweep-19-20260922-20:32:33-1127766,7,NoiseSweep-19-20260922-20:32:33-1127766|phase2|7,19,1,1,sha3,10,0.02,bch255-131-18\,,1.507122,0.190523,0.007234,0.01029,0.103552,0.001442,0.007255,0.010279,0.098723,0.002134,104,85,43,545,1,0
718,1,2.369911,1.247841,1.12207,777,sha3,OMNeT++; module=UavAuthNetwork.uav[8]; config=NoiseSweep,1.084267,0.048339,0.255804,0.077103,0.244446,0.826861,0.189951,0.077103,0.127456,0.173615,0.009368,0.877624,NoiseSweep,NoiseSweep-19-20260922-20:32:33-1127766,8,NoiseSweep-19-20260922-20:32:33-1127766|phase2|8,19,1,1,sha3,10,0.02,bch255-131-18\,,1.55149,0.189951,0.007224,0.010328,0.100226,0.001453,0.007184,0.0106,0.098833,0.002123,104,85,43,545,1,0
719,1,2.319681,1.245316,1.074365,777,sha3,OMNeT++; module=UavAuthNetwork.uav[9]; config=NoiseSweep,1.065853,0.047969,0.246992,0.085068,0.223261,0.814698,0.18384,0.085068,0.128337,0.161871,0.009327,0.851104,NoiseSweep,NoiseSweep-19-20260922-20:32:33-1127766,9,NoiseSweep-19-20260922-20:32:33-1127766|phase2|9,19,1,1,sha3,10,0.02,bch255-131-18\,,1.483228,0.18384,0.007243,0.010559,0.10803,0.001442,0.007434,0.01042,0.099112,0.002224,104,85,43,545,1,0
720,1,2.30018,1.222021,1.078159,777,sha3,OMNeT++; module=UavAuthNetwork.uav[0]; config=NoiseSweep,1.052668,0.049882,0.263602,0.079447,0.248624,0.874979,0.095096,0.079447,0.140561,0.171762,0.010459,0.829535,NoiseSweep,NoiseSweep-2-20260922-20:32:28-1127766,0,NoiseSweep-2-20260922-20:32:28-1127766|phase2|0,2,2,2,sha3,10,0.0,bch255-131-18\,,1.513523,0.095096,0.007905,0.011051,0.111967,0.002094,0.007565,0.01076,0.105715,0.007654,104,85,43,545,1,0
721,1,2.248178,1.174715,1.073463,777,sha3,OMNeT++; module=UavAuthNetwork.uav[1]; config=NoiseSweep,0.996995,0.04825,0.246729,0.084016,0.223881,0.834114,0.093734,0.084016,0.128508,0.182786,0.009688,0.849582,NoiseSweep,NoiseSweep-2-20260922-20:32:28-1127766,1,NoiseSweep-2-20260922-20:32:28-1127766|phase2|1,2,2,2,sha3,10,0.0,bch255-131-18\,,1.502978,0.093734,0.007354,0.013495,0.104523,0.001613,0.007592,0.0106,0.098512,0.002625,104,85,43,545,1,0
722,1,2.344688,1.261356,1.083332,777,sha3,OMNeT++; module=UavAuthNetwork.uav[2]; config=NoiseSweep,1.068438,0.062636,0.258927,0.091119,0.2246,0.896389,0.095758,0.091119,0.13499,0.159875,0.01068,0.858733,NoiseSweep,NoiseSweep-2-20260922-20:32:28-1127766,2,NoiseSweep-2-20260922-20:32:28-1127766|phase2|2,2,2,2,sha3,10,0.0,bch255-131-18\,,1.502133,0.095758,0.008506,0.013366,0.117787,0.001733,0.009167,0.017922,0.106828,0.003597,104,85,43,545,1,0
723,1,2.227502,1.178302,1.0492,777,sha3,OMNeT++; module=UavAuthNetwork.uav[3]; config=NoiseSweep,1.012424,0.049021,0.240712,0.078075,0.216164,0.845014,0.094766,0.078075,0.135842,0.204086,0.009728,0.833036,NoiseSweep,NoiseSweep-2-20260922-20:32:28-1127766,3,NoiseSweep-2-20260922-20:32:28-1127766|phase2|3,2,2,2,sha3,10,0.0,bch255-131-18\,,1.493998,0.094766,0.007384,0.010759,0.10312,0.001603,0.007284,0.010739,0.106878,0.002515,104,85,43,545,1,0
724,1,2.230207,1.159636,1.070571,777,sha3,OMNeT++; module=UavAuthNetwork.uav[4]; config=NoiseSweep,0.997015,0.048319,0.255178,0.076672,0.229748,0.830508,0.09752,0.076672,0.126825,0.169948,0.009277,0.840823,NoiseSweep,NoiseSweep-2-20260922-20:32:28-1127766,4,NoiseSweep-2-20260922-20:32:28-1127766|phase2|4,2,2,2,sha3,10,0.0,bch255-131-18\,,1.495697,0.09752,0.007304,0.010388,0.099886,0.001473,0.007353,0.01054,0.098283,0.002114,104,85,43,545,1,0
725,1,2.241602,1.177339,1.064263,777,sha3,OMNeT++; module=UavAuthNetwork.uav[5]; config=NoiseSweep,1.014859,0.048731,0.26957,0.076561,0.217266,0.855213,0.090808,0.076561,0.126654,0.199652,0.009358,0.846997,NoiseSweep,NoiseSweep-2-20260922-20:32:28-1127766,5,NoiseSweep-2-20260922-20:32:28-1127766|phase2|5,2,2,2,sha3,10,0.0,bch255-131-18\,,1.533486,0.090808,0.007243,0.010398,0.100627,0.001543,0.007243,0.010078,0.099425,0.002405,104,85,43,545,1,0
726,1,2.220798,1.154348,1.06645,777,sha3,OMNeT++; module=UavAuthNetwork.uav[6]; config=NoiseSweep,0.991075,0.048399,0.256803,0.076993,0.237282,0.830367,0.092011,0.076993,0.127536,0.160766,0.009287,0.829168,NoiseSweep,NoiseSweep-2-20260922-20:32:28-1127766,6,NoiseSweep-2-20260922-20:32:28-1127766|phase2|6,2,2,2,sha3,10,0.0,bch255-131-18\,,1.484019,0.092011,0.007253,0.01048,0.100987,0.001503,0.007193,0.01047,0.098483,0.002324,104,85,43,545,1,0
727,1,2.226379,1.153735,1.072644,777,sha3,OMNeT++; module=UavAuthNetwork.uav[7]; config=NoiseSweep,0.989662,0.054961,0.251251,0.077423,0.239077,0.823004,0.091459,0.077423,0.126835,0.195254,0.009227,0.833566,NoiseSweep,NoiseSweep-2-20260922-20:32:28-1127766,7,NoiseSweep-2-20260922-20:32:28-1127766|phase2|7,2,2,2,sha3,10,0.0,bch255-131-18\,,1.519149,0.091459,0.007383,0.010639,0.100476,0.001422,0.007414,0.01037,0.105215,0.002184,104,85,43,545,1,0
728,1,2.320329,1.229968,1.090361,777,sha3,OMNeT++; module=UavAuthNetwork.uav[8]; config=NoiseSweep,1.064841,0.049492,0.258522,0.077955,0.230213,0.889056,0.107248,0.077955,0.126564,0.184573,0.009217,0.860147,NoiseSweep,NoiseSweep-2-20260922-20:32:28-1127766,8,NoiseSweep-2-20260922-20:32:28-1127766|phase2|8,2,2,2,sha3,10,0.0,bch255-131-18\,,1.533456,0.107248,0.007152,0.010428,0.101758,0.001463,0.007083,0.010419,0.099504,0.002305,104,85,43,545,1,0
729,1,2.215886,1.151611,1.064275,777,sha3,OMNeT++; module=UavAuthNetwork.uav[9]; config=NoiseSweep,0.989121,0.047779,0.248707,0.076682,0.230871,0.832331,0.089416,0.076682,0.125883,0.169293,0.009126,0.833405,NoiseSweep,NoiseSweep-2-20260922-20:32:28-1127766,9,NoiseSweep-2-20260922-20:32:28-1127766|phase2|9,2,2,2,sha3,10,0.0,bch255-131-18\,,1.482275,0.089416,0.007222,0.01031,0.100075,0.001333,0.007314,0.010239,0.098241,0.002004,104,85,43,545,1,0
730,1,2.365984,1.287825,1.078159,777,sha3,OMNeT++; module=UavAuthNetwork.uav[0]; config=NoiseSweep,1.114673,0.049772,0.263602,0.081161,0.248624,0.837611,0.193208,0.081161,0.13483,0.171762,0.01083,0.829535,NoiseSweep,NoiseSweep-20-20260922-20:32:33-1127766,0,NoiseSweep-20-20260922-20:32:33-1127766|phase2|0,20,2,2,sha3,10,0.02,bch255-131-18\,,1.513523,0.193208,0.008075,0.01092,0.116185,0.001964,0.007553,0.010489,0.099033,0.008215,104,85,43,545,1,0
731,1,2.323668,1.250205,1.073463,777,sha3,OMNeT++; module=UavAuthNetwork.uav[1]; config=NoiseSweep,1.086281,0.047719,0.246729,0.077103,0.223881,0.8319,0.184702,0.077103,0.13504,0.182786,0.009718,0.849582,NoiseSweep,NoiseSweep-20-20260922-20:32:33-1127766,1,NoiseSweep-20-20260922-20:32:33-1127766|phase2|1,20,2,2,sha3,10,0.02,bch255-131-18\,,1.502978,0.184702,0.007315,0.010389,0.100596,0.001593,0.007354,0.010639,0.105625,0.002315,104,85,43,545,1,0
732,1,2.316926,1.233594,1.083332,777,sha3,OMNeT++; module=UavAuthNetwork.uav[2]; config=NoiseSweep,1.071254,0.04861,0.258927,0.076371,0.2246,0.809238,0.193057,0.076371,0.126514,0.159875,0.009598,0.858733,NoiseSweep,NoiseSweep-20-20260922-20:32:33-1127766,2,NoiseSweep-20-20260922-20:32:33-1127766|phase2|2,20,2,2,sha3,10,0.02,bch255-131-18\,,1.502133,0.193057,0.007333,0.010138,0.100086,0.001623,0.007354,0.010659,0.098312,0.002104,104,85,43,545,1,0
733,1,2.301118,1.251918,1.0492,777,sha3,OMNeT++; module=UavAuthNetwork.uav[3]; config=NoiseSweep,1.087814,0.047589,0.240712,0.077323,0.216164,0.832931,0.186916,0.077323,0.127526,0.204086,0.009458,0.833036,NoiseSweep,NoiseSweep-20-20260922-20:32:33-1127766,3,NoiseSweep-20-20260922-20:32:33-1127766|phase2|3,20,2,2,sha3,10,0.02,bch255-131-18\,,1.493998,0.186916,0.007323,0.010309,0.100646,0.001473,0.007313,0.01032,0.099074,0.002084,104,85,43,545,1,0
734,1,2.329412,1.258841,1.070571,777,sha3,OMNeT++; module=UavAuthNetwork.uav[4]; config=NoiseSweep,1.083666,0.048289,0.255178,0.082884,0.229748,0.829525,0.186977,0.082884,0.127927,0.169948,0.009407,0.840823,NoiseSweep,NoiseSweep-20-20260922-20:32:33-1127766,4,NoiseSweep-20-20260922-20:32:33-1127766|phase2|4,20,2,2,sha3,10,0.02,bch255-131-18\,,1.495697,0.186977,0.007325,0.010408,0.105685,0.001452,0.007374,0.01041,0.098272,0.002124,104,85,43,545,1,0
735,1,2.319516,1.255253,1.064263,777,sha3,OMNeT++; module=UavAuthNetwork.uav[5]; config=NoiseSweep,1.09137,0.04867,0.26957,0.077293,0.217266,0.833523,0.189801,0.077293,0.12959,0.199652,0.009297,0.846997,NoiseSweep,NoiseSweep-20-20260922-20:32:33-1127766,5,NoiseSweep-20-20260922-20:32:33-1127766|phase2|5,20,2,2,sha3,10,0.02,bch255-131-18\,,1.533486,0.189801,0.007334,0.010409,0.100615,0.001452,0.007515,0.01045,0.098833,0.002084,104,85,43,545,1,0
736,1,2.326241,1.259791,1.06645,777,sha3,OMNeT++; module=UavAuthNetwork.uav[6]; config=NoiseSweep,1.095618,0.04873,0.256803,0.077443,0.237282,0.837951,0.189792,0.077443,0.129209,0.160766,0.009287,0.829168,NoiseSweep,NoiseSweep-20-20260922-20:32:33-1127766,6,NoiseSweep-20-20260922-20:32:33-1127766|phase2|6,20,2,2,sha3,10,0.02,bch255-131-18\,,1.484019,0.189792,0.007424,0.010539,0.100446,0.001443,0.007142,0.01072,0.098782,0.002094,104,85,43,545,1,0
737,1,2.339098,1.266454,1.072644,777,sha3,OMNeT++; module=UavAuthNetwork.uav[7]; config=NoiseSweep,1.102711,0.048239,0.251251,0.077253,0.239077,0.83735,0.196153,0.077253,0.129389,0.195254,0.009237,0.833566,NoiseSweep,NoiseSweep-20-20260922-20:32:33-1127766,7,NoiseSweep-20-20260922-20:32:33-1127766|phase2|7,20,2,2,sha3,10,0.02,bch255-131-18\,,1.519149,0.196153,0.007484,0.011161,0.100527,0.001422,0.007344,0.010498,0.098843,0.002124,104,85,43,545,1,0
738,1,2.334705,1.244344,1.090361,777,sha3,OMNeT++; module=UavAuthNetwork.uav[8]; config=NoiseSweep,1.08069,0.04864,0.258522,0.077133,0.230213,0.829266,0.18368,0.077133,0.128208,0.184573,0.009388,0.860147,NoiseSweep,NoiseSweep-20-20260922-20:32:33-1127766,8,NoiseSweep-20-20260922-20:32:33-1127766|phase2|8,20,2,2,sha3,10,0.02,bch255-131-18\,,1.533456,0.18368,0.007303,0.010319,0.100336,0.001473,0.007344,0.01067,0.099003,0.002114,104,85,43,545,1,0
739,1,2.317294,1.253019,1.064275,777,sha3,OMNeT++; module=UavAuthNetwork.uav[9]; config=NoiseSweep,1.090188,0.047338,0.248707,0.076772,0.230871,0.838613,0.183369,0.076772,0.131663,0.169293,0.009287,0.833405,NoiseSweep,NoiseSweep-20-20260922-20:32:33-1127766,9,NoiseSweep-20-20260922-20:32:33-1127766|phase2|9,20,2,2,sha3,10,0.02,bch255-131-18\,,1.482275,0.183369,0.007293,0.010299,0.099775,0.001442,0.007033,0.014917,0.098352,0.002093,104,85,43,545,1,0
740,1,2.79676,1.718581,1.078179,777,sha3,OMNeT++; module=UavAuthNetwork.uav[0]; config=NoiseSweep,1.54534,0.051004,0.256671,0.08118,0.249728,1.117769,0.317779,0.08118,0.136182,0.183693,0.010881,0.828452,NoiseSweep,NoiseSweep-21-20260922-20:32:34-1127766,0,NoiseSweep-21-20260922-20:32:34-1127766|phase2|0,21,0,0,sha3,10,0.02,bch255-91-25\,,1.518543,0.317779,0.008226,0.011962,0.116376,0.002154,0.007694,0.01085,0.099755,0.008165,104,85,43,545,1,0
741,1,2.688558,1.606505,1.082053,777,sha3,OMNeT++; module=UavAuthNetwork.uav[1]; config=NoiseSweep,1.443021,0.047729,0.251082,0.076943,0.240244,1.046668,0.314081,0.076943,0.128928,0.166001,0.009598,0.841809,NoiseSweep,NoiseSweep-21-20260922-20:32:34-1127766,1,NoiseSweep-21-20260922-20:32:34-1127766|phase2|1,21,0,0,sha3,10,0.02,bch255-91-25\,,1.499136,0.314081,0.007414,0.01044,0.100586,0.001563,0.007294,0.010199,0.098372,0.002464,104,85,43,545,1,0
742,1,2.656315,1.602847,1.053468,777,sha3,OMNeT++; module=UavAuthNetwork.uav[2]; config=NoiseSweep,1.429837,0.04894,0.244435,0.081631,0.225942,1.041849,0.30813,0.081631,0.127757,0.174349,0.009748,0.827526,NoiseSweep,NoiseSweep-21-20260922-20:32:34-1127766,2,NoiseSweep-21-20260922-20:32:34-1127766|phase2|2,21,0,0,sha3,10,0.02,bch255-91-25\,,1.472252,0.30813,0.007393,0.01049,0.105025,0.001613,0.007273,0.01065,0.098974,0.002275,104,85,43,545,1,0
743,1,2.636409,1.576309,1.0601,777,sha3,OMNeT++; module=UavAuthNetwork.uav[3]; config=NoiseSweep,1.414278,0.047488,0.270952,0.076372,0.230351,1.024667,0.310475,0.076372,0.125873,0.16277,0.009287,0.829749,NoiseSweep,NoiseSweep-21-20260922-20:32:34-1127766,3,NoiseSweep-21-20260922-20:32:34-1127766|phase2|3,21,0,0,sha3,10,0.02,bch255-91-25\,,1.493821,0.310475,0.007284,0.010168,0.099784,0.001523,0.007233,0.010419,0.098082,0.002154,104,85,43,545,1,0
744,1,2.718932,1.611723,1.107209,777,sha3,OMNeT++; module=UavAuthNetwork.uav[4]; config=NoiseSweep,1.447289,0.048409,0.241588,0.077453,0.257305,1.050816,0.316826,0.077453,0.127987,0.189083,0.009528,0.849904,NoiseSweep,NoiseSweep-21-20260922-20:32:34-1127766,4,NoiseSweep-21-20260922-20:32:34-1127766|phase2|4,21,0,0,sha3,10,0.02,bch255-91-25\,,1.53788,0.316826,0.007354,0.010459,0.100765,0.001523,0.007213,0.010328,0.098954,0.002284,104,85,43,545,1,0
745,1,2.654071,1.578171,1.0759,777,sha3,OMNeT++; module=UavAuthNetwork.uav[5]; config=NoiseSweep,1.412875,0.052167,0.245457,0.077934,0.227226,1.027562,0.305685,0.077934,0.128217,0.164536,0.009428,0.848674,NoiseSweep,NoiseSweep-21-20260922-20:32:34-1127766,5,NoiseSweep-21-20260922-20:32:34-1127766|phase2|5,21,0,0,sha3,10,0.02,bch255-91-25\,,1.485893,0.305685,0.007634,0.01059,0.100816,0.001503,0.007314,0.014297,0.099084,0.002174,104,85,43,545,1,0
746,1,2.691329,1.607105,1.084224,777,sha3,OMNeT++; module=UavAuthNetwork.uav[6]; config=NoiseSweep,1.443452,0.048379,0.252117,0.077143,0.244646,1.045876,0.31856,0.077143,0.127556,0.172502,0.009367,0.839578,NoiseSweep,NoiseSweep-21-20260922-20:32:34-1127766,6,NoiseSweep-21-20260922-20:32:34-1127766|phase2|6,21,0,0,sha3,10,0.02,bch255-91-25\,,1.508843,0.31856,0.007353,0.010429,0.100466,0.001522,0.007193,0.01046,0.098723,0.002134,104,85,43,545,1,0
747,1,2.648876,1.597315,1.051561,777,sha3,OMNeT++; module=UavAuthNetwork.uav[7]; config=NoiseSweep,1.433954,0.047468,0.242171,0.077032,0.214395,1.042409,0.305927,0.077032,0.127175,0.188,0.009297,0.837166,NoiseSweep,NoiseSweep-21-20260922-20:32:34-1127766,7,NoiseSweep-21-20260922-20:32:34-1127766|phase2|7,21,0,0,sha3,10,0.02,bch255-91-25\,,1.481733,0.305927,0.007254,0.01043,0.099975,0.001442,0.007203,0.010299,0.098442,0.002154,104,85,43,545,1,0
748,1,2.965655,1.90128,1.064375,777,sha3,OMNeT++; module=UavAuthNetwork.uav[8]; config=NoiseSweep,1.729602,0.051866,0.258842,0.080579,0.223481,1.130783,0.511597,0.080579,0.132555,0.217914,0.01052,0.840894,NoiseSweep,NoiseSweep-21-20260922-20:32:34-1127766,8,NoiseSweep-21-20260922-20:32:34-1127766|phase2|8,21,0,0,sha3,10,0.02,bch255-91-25\,,1.541131,0.511597,0.007824,0.011972,0.107669,0.002004,0.007664,0.011352,0.099594,0.004458,104,85,43,545,1,0
749,1,2.695739,1.619217,1.076522,777,sha3,OMNeT++; module=UavAuthNetwork.uav[9]; config=NoiseSweep,1.451787,0.049111,0.263986,0.078956,0.224282,1.050775,0.317949,0.078956,0.128899,0.158638,0.009518,0.852241,NoiseSweep,NoiseSweep-21-20260922-20:32:34-1127766,9,NoiseSweep-21-20260922-20:32:34-1127766|phase2|9,21,0,0,sha3,10,0.02,bch255-91-25\,,1.499146,0.317949,0.007514,0.01064,0.10259,0.001543,0.007174,0.01059,0.099184,0.002555,104,85,43,545,1,0
750,1,2.692552,1.636078,1.056474,777,sha3,OMNeT++; module=UavAuthNetwork.uav[0]; config=NoiseSweep,1.462207,0.056445,0.268297,0.081731,0.224628,1.049633,0.315704,0.081731,0.135842,0.158713,0.010409,0.831845,NoiseSweep,NoiseSweep-22-20260922-20:32:34-1127766,0,NoiseSweep-22-20260922-20:32:34-1127766|phase2|0,22,1,1,sha3,10,0.02,bch255-91-25\,,1.483483,0.315704,0.008155,0.01149,0.117628,0.001974,0.007765,0.01061,0.104863,0.008806,104,85,43,545,1,0
751,1,2.627165,1.570386,1.056779,777,sha3,OMNeT++; module=UavAuthNetwork.uav[1]; config=NoiseSweep,1.406313,0.048329,0.264262,0.077233,0.225093,1.015059,0.310755,0.077233,0.127736,0.175273,0.009607,0.831686,NoiseSweep,NoiseSweep-22-20260922-20:32:34-1127766,1,NoiseSweep-22-20260922-20:32:34-1127766|phase2|1,22,1,1,sha3,10,0.02,bch255-91-25\,,1.496314,0.310755,0.007424,0.010358,0.100777,0.001603,0.007413,0.01054,0.098843,0.002315,104,85,43,545,1,0
752,1,2.665563,1.576338,1.089225,777,sha3,OMNeT++; module=UavAuthNetwork.uav[2]; config=NoiseSweep,1.410922,0.048329,0.252213,0.078024,0.236517,1.014208,0.309913,0.078024,0.126754,0.169952,0.009368,0.852708,NoiseSweep,NoiseSweep-22-20260922-20:32:34-1127766,2,NoiseSweep-22-20260922-20:32:34-1127766|phase2|2,22,1,1,sha3,10,0.02,bch255-91-25\,,1.51139,0.309913,0.007184,0.010559,0.101398,0.001533,0.007294,0.010629,0.098393,0.002325,104,85,43,545,1,0
753,1,2.751771,1.676803,1.074968,777,sha3,OMNeT++; module=UavAuthNetwork.uav[3]; config=NoiseSweep,1.504014,0.052417,0.252408,0.08148,0.246567,1.101449,0.322116,0.08148,0.128218,0.165107,0.009829,0.828402,NoiseSweep,NoiseSweep-22-20260922-20:32:34-1127766,3,NoiseSweep-22-20260922-20:32:34-1127766|phase2|3,22,1,1,sha3,10,0.02,bch255-91-25\,,1.492483,0.322116,0.007664,0.01079,0.104975,0.001563,0.007414,0.010499,0.102609,0.002334,104,85,43,545,1,0
754,1,2.738529,1.676984,1.061545,777,sha3,OMNeT++; module=UavAuthNetwork.uav[4]; config=NoiseSweep,1.508993,0.058097,0.271349,0.078846,0.216598,1.08023,0.34567,0.078846,0.130372,0.179885,0.010299,0.844948,NoiseSweep,NoiseSweep-22-20260922-20:32:34-1127766,4,NoiseSweep-22-20260922-20:32:34-1127766|phase2|4,22,1,1,sha3,10,0.02,bch255-91-25\,,1.51278,0.34567,0.007554,0.011762,0.103772,0.001723,0.007645,0.010871,0.106878,0.003447,104,85,43,545,1,0
755,1,2.694936,1.612497,1.082439,777,sha3,OMNeT++; module=UavAuthNetwork.uav[5]; config=NoiseSweep,1.443633,0.055563,0.242388,0.079648,0.216014,1.049012,0.314302,0.079648,0.130411,0.159153,0.009568,0.866426,NoiseSweep,NoiseSweep-22-20260922-20:32:34-1127766,5,NoiseSweep-22-20260922-20:32:34-1127766|phase2|5,22,1,1,sha3,10,0.02,bch255-91-25\,,1.483981,0.314302,0.007504,0.010619,0.102681,0.001523,0.007554,0.016651,0.099344,0.002325,104,85,43,545,1,0
756,1,2.713722,1.639194,1.074528,777,sha3,OMNeT++; module=UavAuthNetwork.uav[6]; config=NoiseSweep,1.473518,0.049612,0.283112,0.077994,0.221452,1.06452,0.318048,0.077994,0.128798,0.202522,0.009688,0.853076,NoiseSweep,NoiseSweep-22-20260922-20:32:34-1127766,6,NoiseSweep-22-20260922-20:32:34-1127766|phase2|6,22,1,1,sha3,10,0.02,bch255-91-25\,,1.560162,0.318048,0.007503,0.01093,0.101568,0.001683,0.007493,0.010609,0.099083,0.002424,104,85,43,545,1,0
757,1,2.675976,1.598811,1.077165,777,sha3,OMNeT++; module=UavAuthNetwork.uav[7]; config=NoiseSweep,1.435678,0.048479,0.244929,0.076903,0.225607,1.045044,0.311056,0.076903,0.127767,0.185028,0.009327,0.851558,NoiseSweep,NoiseSweep-22-20260922-20:32:34-1127766,7,NoiseSweep-22-20260922-20:32:34-1127766|phase2|7,22,1,1,sha3,10,0.02,bch255-91-25\,,1.507122,0.311056,0.007373,0.010519,0.099905,0.001503,0.007264,0.01045,0.098392,0.002254,104,85,43,545,1,0
758,1,2.731641,1.609571,1.12207,777,sha3,OMNeT++; module=UavAuthNetwork.uav[8]; config=NoiseSweep,1.432051,0.04876,0.255804,0.083976,0.244446,1.041579,0.310665,0.083976,0.131523,0.173615,0.009568,0.877624,NoiseSweep,NoiseSweep-22-20260922-20:32:34-1127766,8,NoiseSweep-22-20260922-20:32:34-1127766|phase2|8,22,1,1,sha3,10,0.02,bch255-91-25\,,1.55149,0.310665,0.007385,0.01106,0.106537,0.001483,0.008847,0.01048,0.099384,0.002214,104,85,43,545,1,0
759,1,2.664509,1.590144,1.074365,777,sha3,OMNeT++; module=UavAuthNetwork.uav[9]; config=NoiseSweep,1.426691,0.047829,0.246992,0.077083,0.223261,1.042119,0.305566,0.077083,0.127577,0.161871,0.009287,0.851104,NoiseSweep,NoiseSweep-22-20260922-20:32:34-1127766,9,NoiseSweep-22-20260922-20:32:34-1127766|phase2|9,22,1,1,sha3,10,0.02,bch255-91-25\,,1.483228,0.305566,0.007243,0.01051,0.100065,0.001462,0.007194,0.010389,0.098743,0.002064,104,85,43,545,1,0
760,1,2.75911,1.680951,1.078159,777,sha3,OMNeT++; module=UavAuthNetwork.uav[0]; config=NoiseSweep,1.50177,0.049832,0.263602,0.081691,0.248624,1.055314,0.350008,0.081691,0.135331,0.171762,0.015799,0.829535,NoiseSweep,NoiseSweep-23-20260922-20:32:35-1127766,0,NoiseSweep-23-20260922-20:32:35-1127766|phase2|0,23,2,2,sha3,10,0.02,bch255-91-25\,,1.513523,0.350008,0.008025,0.011331,0.117517,0.003457,0.007604,0.010409,0.099295,0.008686,104,85,43,545,1,0
761,1,2.690504,1.617041,1.073463,777,sha3,OMNeT++; module=UavAuthNetwork.uav[1]; config=NoiseSweep,1.451907,0.04852,0.246729,0.077633,0.223881,1.051346,0.309533,0.077633,0.128297,0.182786,0.009868,0.849582,NoiseSweep,NoiseSweep-23-20260922-20:32:35-1127766,1,NoiseSweep-23-20260922-20:32:35-1127766|phase2|1,23,2,2,sha3,10,0.02,bch255-91-25\,,1.502978,0.309533,0.007434,0.01092,0.10228,0.001603,0.007493,0.010499,0.099063,0.002725,104,85,43,545,1,0
762,1,2.790372,1.70704,1.083332,777,sha3,OMNeT++; module=UavAuthNetwork.uav[2]; config=NoiseSweep,1.529932,0.050664,0.258927,0.083384,0.2246,1.090218,0.357292,0.083384,0.153825,0.159875,0.01034,0.858733,NoiseSweep,NoiseSweep-23-20260922-20:32:35-1127766,2,NoiseSweep-23-20260922-20:32:35-1127766|phase2|2,23,2,2,sha3,10,0.02,bch255-91-25\,,1.502133,0.357292,0.007464,0.011471,0.106948,0.001793,0.009266,0.012293,0.11286,0.003145,104,85,43,545,1,0
763,1,2.783952,1.734752,1.0492,777,sha3,OMNeT++; module=UavAuthNetwork.uav[3]; config=NoiseSweep,1.512229,0.071372,0.240712,0.106207,0.216164,1.051176,0.323619,0.106207,0.132546,0.204086,0.010109,0.833036,NoiseSweep,NoiseSweep-23-20260922-20:32:35-1127766,3,NoiseSweep-23-20260922-20:32:35-1127766|phase2|3,23,2,2,sha3,10,0.02,bch255-91-25\,,1.493998,0.323619,0.014047,0.016391,0.172229,0.001713,0.010439,0.015318,0.113179,0.003767,104,85,43,545,1,0
764,1,2.704706,1.634135,1.070571,777,sha3,OMNeT++; module=UavAuthNetwork.uav[4]; config=NoiseSweep,1.446398,0.049702,0.255178,0.088814,0.229748,1.053641,0.310164,0.088814,0.129981,0.169948,0.010109,0.840823,NoiseSweep,NoiseSweep-23-20260922-20:32:35-1127766,4,NoiseSweep-23-20260922-20:32:35-1127766|phase2|4,23,2,2,sha3,10,0.02,bch255-91-25\,,1.495697,0.310164,0.007545,0.011561,0.112077,0.001824,0.007534,0.01085,0.099514,0.002815,104,85,43,545,1,0
765,1,2.677018,1.612755,1.064263,777,sha3,OMNeT++; module=UavAuthNetwork.uav[5]; config=NoiseSweep,1.445446,0.04841,0.26957,0.078916,0.217266,1.048541,0.315333,0.078916,0.127947,0.199652,0.009477,0.846997,NoiseSweep,NoiseSweep-23-20260922-20:32:35-1127766,5,NoiseSweep-23-20260922-20:32:35-1127766|phase2|5,23,2,2,sha3,10,0.02,bch255-91-25\,,1.533486,0.315333,0.007795,0.010599,0.102318,0.001472,0.007284,0.010509,0.098773,0.002315,104,85,43,545,1,0
766,1,2.674286,1.607836,1.06645,777,sha3,OMNeT++; module=UavAuthNetwork.uav[6]; config=NoiseSweep,1.441919,0.04894,0.256803,0.078215,0.237282,1.048441,0.31336,0.078215,0.127126,0.160766,0.009487,0.829168,NoiseSweep,NoiseSweep-23-20260922-20:32:35-1127766,6,NoiseSweep-23-20260922-20:32:35-1127766|phase2|6,23,2,2,sha3,10,0.02,bch255-91-25\,,1.484019,0.31336,0.007433,0.010469,0.101629,0.001663,0.007413,0.0104,0.098152,0.002274,104,85,43,545,1,0
767,1,2.704916,1.632272,1.072644,777,sha3,OMNeT++; module=UavAuthNetwork.uav[7]; config=NoiseSweep,1.466224,0.049471,0.251251,0.078175,0.239077,1.051506,0.325533,0.078175,0.129249,0.195254,0.009698,0.833566,NoiseSweep,NoiseSweep-23-20260922-20:32:35-1127766,7,NoiseSweep-23-20260922-20:32:35-1127766|phase2|7,23,2,2,sha3,10,0.02,bch255-91-25\,,1.519149,0.325533,0.007754,0.01102,0.109403,0.001753,0.007283,0.010911,0.099974,0.002585,104,85,43,545,1,0
768,1,2.700002,1.609641,1.090361,777,sha3,OMNeT++; module=UavAuthNetwork.uav[8]; config=NoiseSweep,1.442871,0.04879,0.258522,0.078596,0.230213,1.051727,0.309753,0.078596,0.134209,0.184573,0.009578,0.860147,NoiseSweep,NoiseSweep-23-20260922-20:32:35-1127766,8,NoiseSweep-23-20260922-20:32:35-1127766|phase2|8,23,2,2,sha3,10,0.02,bch255-91-25\,,1.533456,0.309753,0.007364,0.01054,0.10265,0.001643,0.007284,0.010629,0.105175,0.002354,104,85,43,545,1,0
769,1,2.660609,1.596334,1.064275,777,sha3,OMNeT++; module=UavAuthNetwork.uav[9]; config=NoiseSweep,1.432863,0.049101,0.248707,0.077072,0.230871,1.046177,0.30802,0.077072,0.127106,0.169293,0.009327,0.833405,NoiseSweep,NoiseSweep-23-20260922-20:32:35-1127766,9,NoiseSweep-23-20260922-20:32:35-1127766|phase2|9,23,2,2,sha3,10,0.02,bch255-91-25\,,1.482275,0.30802,0.007313,0.010289,0.100516,0.001532,0.007173,0.010409,0.099885,0.002154,104,85,43,545,1,0
770,1,4.695375,3.617196,1.078179,777,sha3,OMNeT++; module=UavAuthNetwork.uav[0]; config=NoiseSweep,3.433596,0.052827,0.256671,0.08635,0.249728,3.192109,0.151801,0.08635,0.135912,0.183693,0.0109,0.828452,NoiseSweep,NoiseSweep-24-20260922-20:32:35-1127766,0,NoiseSweep-24-20260922-20:32:35-1127766|phase2|0,24,0,0,sha3,10,0.02,rep3-bch255-131-18\,,1.518543,0.151801,0.008225,0.012433,0.12432,0.002013,0.007874,0.010941,0.099895,0.008376,104,85,43,545,1,0
771,1,4.616125,3.534072,1.082053,777,sha3,OMNeT++; module=UavAuthNetwork.uav[1]; config=NoiseSweep,3.367874,0.049081,0.251082,0.078185,0.240244,3.119695,0.174103,0.078185,0.12975,0.166001,0.009828,0.841809,NoiseSweep,NoiseSweep-24-20260922-20:32:35-1127766,1,NoiseSweep-24-20260922-20:32:35-1127766|phase2|1,24,0,0,sha3,10,0.02,rep3-bch255-131-18\,,1.499136,0.174103,0.007514,0.01058,0.104223,0.001633,0.007554,0.01066,0.099384,0.003356,104,85,43,545,1,0
772,1,4.563467,3.509999,1.053468,777,sha3,OMNeT++; module=UavAuthNetwork.uav[2]; config=NoiseSweep,3.343149,0.04886,0.244435,0.078556,0.225942,3.102494,0.170115,0.078556,0.132796,0.174349,0.009738,0.827526,NoiseSweep,NoiseSweep-24-20260922-20:32:35-1127766,2,NoiseSweep-24-20260922-20:32:35-1127766|phase2|2,24,0,0,sha3,10,0.02,rep3-bch255-131-18\,,1.472252,0.170115,0.007384,0.01091,0.10246,0.001713,0.007274,0.01648,0.098292,0.002345,104,85,43,545,1,0
773,1,4.580418,3.520318,1.0601,777,sha3,OMNeT++; module=UavAuthNetwork.uav[3]; config=NoiseSweep,3.356073,0.048099,0.270952,0.077444,0.230351,3.116118,0.170616,0.077444,0.127386,0.16277,0.009357,0.829749,NoiseSweep,NoiseSweep-24-20260922-20:32:35-1127766,3,NoiseSweep-24-20260922-20:32:35-1127766|phase2|3,24,0,0,sha3,10,0.02,rep3-bch255-131-18\,,1.493821,0.170616,0.007375,0.01073,0.100816,0.001473,0.007325,0.010449,0.098893,0.002154,104,85,43,545,1,0
774,1,4.658421,3.551212,1.107209,777,sha3,OMNeT++; module=UavAuthNetwork.uav[4]; config=NoiseSweep,3.380077,0.067034,0.241588,0.080749,0.257305,3.159589,0.15159,0.080749,0.137364,0.189083,0.009637,0.849904,NoiseSweep,NoiseSweep-24-20260922-20:32:35-1127766,4,NoiseSweep-24-20260922-20:32:35-1127766|phase2|4,24,0,0,sha3,10,0.02,rep3-bch255-131-18\,,1.53788,0.15159,0.007343,0.01071,0.104334,0.001553,0.009196,0.010619,0.117477,0.002334,104,85,43,545,1,0
775,1,4.616366,3.540466,1.0759,777,sha3,OMNeT++; module=UavAuthNetwork.uav[5]; config=NoiseSweep,3.37094,0.052417,0.245457,0.079448,0.227226,3.158767,0.133157,0.079448,0.139949,0.164536,0.01063,0.848674,NoiseSweep,NoiseSweep-24-20260922-20:32:35-1127766,5,NoiseSweep-24-20260922-20:32:35-1127766|phase2|5,24,0,0,sha3,10,0.02,rep3-bch255-131-18\,,1.485893,0.133157,0.007734,0.011692,0.109554,0.002285,0.008026,0.011151,0.105175,0.00536,104,85,43,545,1,0
776,1,4.616903,3.532679,1.084224,777,sha3,OMNeT++; module=UavAuthNetwork.uav[6]; config=NoiseSweep,3.368395,0.049381,0.252117,0.077313,0.244646,3.121258,0.169193,0.077313,0.128648,0.172502,0.009658,0.839578,NoiseSweep,NoiseSweep-24-20260922-20:32:35-1127766,6,NoiseSweep-24-20260922-20:32:35-1127766|phase2|6,24,0,0,sha3,10,0.02,rep3-bch255-131-18\,,1.508843,0.169193,0.007313,0.01089,0.105796,0.001694,0.007473,0.010569,0.098351,0.002384,104,85,43,545,1,0
777,1,4.560848,3.509287,1.051561,777,sha3,OMNeT++; module=UavAuthNetwork.uav[7]; config=NoiseSweep,3.342627,0.049101,0.242171,0.078606,0.214395,3.141105,0.131643,0.078606,0.128618,0.188,0.009448,0.837166,NoiseSweep,NoiseSweep-24-20260922-20:32:35-1127766,7,NoiseSweep-24-20260922-20:32:35-1127766|phase2|7,24,0,0,sha3,10,0.02,rep3-bch255-131-18\,,1.481733,0.131643,0.007444,0.011682,0.101818,0.001523,0.007394,0.01063,0.098943,0.002335,104,85,43,545,1,0
778,1,4.555188,3.490813,1.064375,777,sha3,OMNeT++; module=UavAuthNetwork.uav[8]; config=NoiseSweep,3.323943,0.04884,0.258842,0.078696,0.223481,3.110017,0.145079,0.078696,0.130762,0.217914,0.009478,0.840894,NoiseSweep,NoiseSweep-24-20260922-20:32:35-1127766,8,NoiseSweep-24-20260922-20:32:35-1127766|phase2|8,24,0,0,sha3,10,0.02,rep3-bch255-131-18\,,1.541131,0.145079,0.007314,0.010719,0.101968,0.001573,0.007124,0.01088,0.099825,0.002214,104,85,43,545,1,0
779,1,4.653443,3.576921,1.076522,777,sha3,OMNeT++; module=UavAuthNetwork.uav[9]; config=NoiseSweep,3.411305,0.04898,0.263986,0.077994,0.224282,3.204542,0.130141,0.077994,0.12976,0.158638,0.009628,0.852241,NoiseSweep,NoiseSweep-24-20260922-20:32:35-1127766,9,NoiseSweep-24-20260922-20:32:35-1127766|phase2|9,24,0,0,sha3,10,0.02,rep3-bch255-131-18\,,1.499146,0.130141,0.007543,0.01131,0.10268,0.001583,0.007093,0.01092,0.098953,0.002885,104,85,43,545,1,0
780,1,4.630007,3.573533,1.056474,777,sha3,OMNeT++; module=UavAuthNetwork.uav[0]; config=NoiseSweep,3.399673,0.051586,0.268297,0.08155,0.224628,3.155361,0.153163,0.08155,0.135882,0.158713,0.01076,0.831845,NoiseSweep,NoiseSweep-25-20260922-20:32:36-1127766,0,NoiseSweep-25-20260922-20:32:36-1127766|phase2|0,25,1,1,sha3,10,0.02,rep3-bch255-131-18\,,1.483483,0.153163,0.008325,0.011752,0.118029,0.001954,0.007703,0.011271,0.099473,0.008917,104,85,43,545,1,0
781,1,4.500725,3.443946,1.056779,777,sha3,OMNeT++; module=UavAuthNetwork.uav[1]; config=NoiseSweep,3.279902,0.053259,0.264262,0.077263,0.225093,3.081996,0.127626,0.077263,0.127065,0.175273,0.009518,0.831686,NoiseSweep,NoiseSweep-25-20260922-20:32:36-1127766,1,NoiseSweep-25-20260922-20:32:36-1127766|phase2|1,25,1,1,sha3,10,0.02,rep3-bch255-131-18\,,1.496314,0.127626,0.007584,0.01074,0.100416,0.001583,0.007405,0.01066,0.103201,0.002464,104,85,43,545,1,0
782,1,4.658523,3.569298,1.089225,777,sha3,OMNeT++; module=UavAuthNetwork.uav[2]; config=NoiseSweep,3.402929,0.055703,0.252213,0.078075,0.236517,3.176881,0.155148,0.078075,0.128127,0.169952,0.010219,0.852708,NoiseSweep,NoiseSweep-25-20260922-20:32:36-1127766,2,NoiseSweep-25-20260922-20:32:36-1127766|phase2|2,25,1,1,sha3,10,0.02,rep3-bch255-131-18\,,1.51139,0.155148,0.007474,0.01092,0.102189,0.001653,0.007504,0.01059,0.105385,0.002945,104,85,43,545,1,0
783,1,4.713734,3.638766,1.074968,777,sha3,OMNeT++; module=UavAuthNetwork.uav[3]; config=NoiseSweep,3.465736,0.053018,0.252408,0.08109,0.246567,3.24129,0.139459,0.08109,0.133928,0.165107,0.01085,0.828402,NoiseSweep,NoiseSweep-25-20260922-20:32:36-1127766,3,NoiseSweep-25-20260922-20:32:36-1127766|phase2|3,25,1,1,sha3,10,0.02,rep3-bch255-131-18\,,1.492483,0.139459,0.008144,0.012163,0.111507,0.001934,0.007894,0.011241,0.099775,0.006212,104,85,43,545,1,0
784,1,4.653213,3.591668,1.061545,777,sha3,OMNeT++; module=UavAuthNetwork.uav[4]; config=NoiseSweep,3.426002,0.049732,0.271349,0.077854,0.216598,3.15475,0.198107,0.077854,0.129059,0.179885,0.009958,0.844948,NoiseSweep,NoiseSweep-25-20260922-20:32:36-1127766,4,NoiseSweep-25-20260922-20:32:36-1127766|phase2|4,25,1,1,sha3,10,0.02,rep3-bch255-131-18\,,1.51278,0.198107,0.007544,0.01082,0.101428,0.001613,0.007435,0.010871,0.099344,0.002485,104,85,43,545,1,0
785,1,4.57157,3.489131,1.082439,777,sha3,OMNeT++; module=UavAuthNetwork.uav[5]; config=NoiseSweep,3.32238,0.049441,0.242388,0.078406,0.216014,3.124363,0.127616,0.078406,0.140791,0.159153,0.009939,0.866426,NoiseSweep,NoiseSweep-25-20260922-20:32:36-1127766,5,NoiseSweep-25-20260922-20:32:36-1127766|phase2|5,25,1,1,sha3,10,0.02,rep3-bch255-131-18\,,1.483981,0.127616,0.007414,0.01109,0.102069,0.001693,0.007554,0.01078,0.099225,0.002645,104,85,43,545,1,0
786,1,4.59773,3.523202,1.074528,777,sha3,OMNeT++; module=UavAuthNetwork.uav[6]; config=NoiseSweep,3.359258,0.049071,0.283112,0.077193,0.221452,3.121939,0.168191,0.077193,0.128909,0.202522,0.009558,0.853076,NoiseSweep,NoiseSweep-25-20260922-20:32:36-1127766,6,NoiseSweep-25-20260922-20:32:36-1127766|phase2|6,25,1,1,sha3,10,0.02,rep3-bch255-131-18\,,1.560162,0.168191,0.007324,0.01059,0.100586,0.001583,0.007464,0.01036,0.098342,0.002284,104,85,43,545,1,0
787,1,4.764141,3.686976,1.077165,777,sha3,OMNeT++; module=UavAuthNetwork.uav[7]; config=NoiseSweep,3.510609,0.050874,0.244929,0.083154,0.225607,3.274231,0.155929,0.083154,0.137264,0.185028,0.010059,0.851558,NoiseSweep,NoiseSweep-25-20260922-20:32:36-1127766,7,NoiseSweep-25-20260922-20:32:36-1127766|phase2|7,25,1,1,sha3,10,0.02,rep3-bch255-131-18\,,1.507122,0.155929,0.007594,0.011752,0.115604,0.001674,0.007634,0.011041,0.099393,0.004889,104,85,43,545,1,0
788,1,4.818603,3.696533,1.12207,777,sha3,OMNeT++; module=UavAuthNetwork.uav[8]; config=NoiseSweep,3.521739,0.058909,0.255804,0.082152,0.244446,3.277006,0.157301,0.082152,0.133217,0.173615,0.01049,0.877624,NoiseSweep,NoiseSweep-25-20260922-20:32:36-1127766,8,NoiseSweep-25-20260922-20:32:36-1127766|phase2|8,25,1,1,sha3,10,0.02,rep3-bch255-131-18\,,1.55149,0.157301,0.008475,0.018374,0.111797,0.001903,0.008966,0.011922,0.103302,0.004258,104,85,43,545,1,0
789,1,4.623545,3.54918,1.074365,777,sha3,OMNeT++; module=UavAuthNetwork.uav[9]; config=NoiseSweep,3.382732,0.049151,0.246992,0.078235,0.223261,3.13881,0.170877,0.078235,0.137474,0.161871,0.009978,0.851104,NoiseSweep,NoiseSweep-25-20260922-20:32:36-1127766,9,NoiseSweep-25-20260922-20:32:36-1127766|phase2|9,25,1,1,sha3,10,0.02,rep3-bch255-131-18\,,1.483228,0.170877,0.007544,0.011191,0.102099,0.001733,0.007324,0.010709,0.099044,0.002535,104,85,43,545,1,0
790,1,4.648609,3.57045,1.078159,777,sha3,OMNeT++; module=UavAuthNetwork.uav[0]; config=NoiseSweep,3.394103,0.051966,0.263602,0.082613,0.248624,3.163987,0.137555,0.082613,0.138357,0.171762,0.011121,0.829535,NoiseSweep,NoiseSweep-26-20260922-20:32:36-1127766,0,NoiseSweep-26-20260922-20:32:36-1127766|phase2|0,26,2,2,sha3,10,0.02,rep3-bch255-131-18\,,1.513523,0.137555,0.008226,0.011962,0.118239,0.002405,0.007985,0.011181,0.100596,0.009358,104,85,43,545,1,0
791,1,4.595124,3.521661,1.073463,777,sha3,OMNeT++; module=UavAuthNetwork.uav[1]; config=NoiseSweep,3.35463,0.050333,0.246729,0.078566,0.223881,3.146264,0.133237,0.078566,0.159646,0.182786,0.009899,0.849582,NoiseSweep,NoiseSweep-26-20260922-20:32:36-1127766,1,NoiseSweep-26-20260922-20:32:36-1127766|phase2|1,26,2,2,sha3,10,0.02,rep3-bch255-131-18\,,1.502978,0.133237,0.007595,0.011321,0.104563,0.001703,0.007575,0.010891,0.099855,0.002935,104,85,43,545,1,0
792,1,4.674761,3.591429,1.083332,777,sha3,OMNeT++; module=UavAuthNetwork.uav[2]; config=NoiseSweep,3.393623,0.050364,0.258927,0.093924,0.2246,3.145503,0.174563,0.093924,0.132475,0.159875,0.009958,0.858733,NoiseSweep,NoiseSweep-26-20260922-20:32:36-1127766,2,NoiseSweep-26-20260922-20:32:36-1127766|phase2|2,26,2,2,sha3,10,0.02,rep3-bch255-131-18\,,1.502133,0.174563,0.007534,0.014867,0.115464,0.001643,0.007875,0.011371,0.101558,0.003145,104,85,43,545,1,0
793,1,4.704327,3.655127,1.0492,777,sha3,OMNeT++; module=UavAuthNetwork.uav[3]; config=NoiseSweep,3.480473,0.0541,0.240712,0.081411,0.216164,3.213128,0.182568,0.081411,0.158073,0.204086,0.011832,0.833036,NoiseSweep,NoiseSweep-26-20260922-20:32:36-1127766,3,NoiseSweep-26-20260922-20:32:36-1127766|phase2|3,26,2,2,sha3,10,0.02,rep3-bch255-131-18\,,1.493998,0.182568,0.008185,0.012452,0.114632,0.002344,0.008326,0.017834,0.106968,0.006232,104,85,43,545,1,0
794,1,4.759139,3.688568,1.070571,777,sha3,OMNeT++; module=UavAuthNetwork.uav[4]; config=NoiseSweep,3.513955,0.054331,0.255178,0.082012,0.229748,3.240418,0.184963,0.082012,0.137695,0.169948,0.010589,0.840823,NoiseSweep,NoiseSweep-26-20260922-20:32:36-1127766,4,NoiseSweep-26-20260922-20:32:36-1127766|phase2|4,26,2,2,sha3,10,0.02,rep3-bch255-131-18\,,1.495697,0.184963,0.007975,0.012584,0.115744,0.002024,0.008094,0.011542,0.100967,0.007704,104,85,43,545,1,0
795,1,4.680948,3.616685,1.064263,777,sha3,OMNeT++; module=UavAuthNetwork.uav[5]; config=NoiseSweep,3.440819,0.050093,0.26957,0.083034,0.217266,3.189534,0.173631,0.083034,0.131854,0.199652,0.009798,0.846997,NoiseSweep,NoiseSweep-26-20260922-20:32:36-1127766,5,NoiseSweep-26-20260922-20:32:36-1127766|phase2|5,26,2,2,sha3,10,0.02,rep3-bch255-131-18\,,1.533486,0.173631,0.007614,0.014096,0.105756,0.001623,0.007614,0.01086,0.100114,0.003747,104,85,43,545,1,0
796,1,4.632522,3.566072,1.06645,777,sha3,OMNeT++; module=UavAuthNetwork.uav[6]; config=NoiseSweep,3.399253,0.050454,0.256803,0.078325,0.237282,3.168987,0.153103,0.078325,0.13003,0.160766,0.010169,0.829168,NoiseSweep,NoiseSweep-26-20260922-20:32:36-1127766,6,NoiseSweep-26-20260922-20:32:36-1127766|phase2|6,26,2,2,sha3,10,0.02,rep3-bch255-131-18\,,1.484019,0.153103,0.011872,0.01075,0.103381,0.001603,0.007703,0.010809,0.100236,0.002815,104,85,43,545,1,0
797,1,4.669713,3.597069,1.072644,777,sha3,OMNeT++; module=UavAuthNetwork.uav[7]; config=NoiseSweep,3.428688,0.049792,0.251251,0.078936,0.239077,3.179145,0.174153,0.078936,0.130923,0.195254,0.010509,0.833566,NoiseSweep,NoiseSweep-26-20260922-20:32:36-1127766,7,NoiseSweep-26-20260922-20:32:36-1127766|phase2|7,26,2,2,sha3,10,0.02,rep3-bch255-131-18\,,1.519149,0.174153,0.007503,0.01097,0.105726,0.001723,0.007294,0.010608,0.100305,0.003446,104,85,43,545,1,0
798,1,4.77889,3.688529,1.090361,777,sha3,OMNeT++; module=UavAuthNetwork.uav[8]; config=NoiseSweep,3.51108,0.056424,0.258522,0.083074,0.230213,3.240298,0.184532,0.083074,0.137104,0.184573,0.011301,0.860147,NoiseSweep,NoiseSweep-26-20260922-20:32:36-1127766,8,NoiseSweep-26-20260922-20:32:36-1127766|phase2|8,26,2,2,sha3,10,0.02,rep3-bch255-131-18\,,1.533456,0.184532,0.008045,0.013205,0.117618,0.001954,0.007974,0.012343,0.100997,0.007664,104,85,43,545,1,0
799,1,4.649222,3.584947,1.064275,777,sha3,OMNeT++; module=UavAuthNetwork.uav[9]; config=NoiseSweep,3.417857,0.051495,0.248707,0.078696,0.230871,3.211435,0.129059,0.078696,0.132906,0.169293,0.009698,0.833405,NoiseSweep,NoiseSweep-26-20260922-20:32:36-1127766,9,NoiseSweep-26-20260922-20:32:36-1127766|phase2|9,26,2,2,sha3,10,0.02,rep3-bch255-131-18\,,1.482275,0.129059,0.007555,0.01112,0.104644,0.001593,0.007494,0.011751,0.101698,0.003166,104,85,43,545,1,0
800,1,2.586241,1.508062,1.078179,777,sha3,OMNeT++; module=UavAuthNetwork.uav[0]; config=NoiseSweep,1.30718,0.058358,0.256671,0.094074,0.249728,0.983601,0.226079,0.094074,0.158814,0.183693,0.012734,0.828452,NoiseSweep,NoiseSweep-27-20260922-20:32:37-1127766,0,NoiseSweep-27-20260922-20:32:37-1127766|phase2|0,27,0,0,sha3,10,0.03,bch255-131-18\,,1.518543,0.226079,0.009458,0.013165,0.133959,0.002425,0.008916,0.012383,0.116145,0.010279,104,85,43,545,1,0
801,1,2.592789,1.510736,1.082053,777,sha3,OMNeT++; module=UavAuthNetwork.uav[1]; config=NoiseSweep,1.301259,0.057326,0.251082,0.098652,0.240244,0.985785,0.231609,0.098652,0.150709,0.166001,0.012173,0.841809,NoiseSweep,NoiseSweep-27-20260922-20:32:37-1127766,1,NoiseSweep-27-20260922-20:32:37-1127766|phase2|1,27,0,0,sha3,10,0.03,bch255-131-18\,,1.499136,0.231609,0.008857,0.013005,0.126163,0.001904,0.008956,0.012694,0.115784,0.003006,104,85,43,545,1,0
802,1,2.539838,1.48637,1.053468,777,sha3,OMNeT++; module=UavAuthNetwork.uav[2]; config=NoiseSweep,1.293995,0.057727,0.244435,0.090517,0.225942,0.974955,0.233262,0.090517,0.148825,0.174349,0.011341,0.827526,NoiseSweep,NoiseSweep-27-20260922-20:32:37-1127766,2,NoiseSweep-27-20260922-20:32:37-1127766|phase2|2,27,0,0,sha3,10,0.03,bch255-131-18\,,1.472252,0.233262,0.008676,0.01661,0.118019,0.001913,0.008667,0.012603,0.115423,0.002765,104,85,43,545,1,0
803,1,2.681791,1.621691,1.0601,777,sha3,OMNeT++; module=UavAuthNetwork.uav[3]; config=NoiseSweep,1.398408,0.05921,0.270952,0.105585,0.230351,1.041328,0.270561,0.105585,0.164564,0.16277,0.012113,0.829749,NoiseSweep,NoiseSweep-27-20260922-20:32:37-1127766,3,NoiseSweep-27-20260922-20:32:37-1127766|phase2|3,27,0,0,sha3,10,0.03,bch255-131-18\,,1.493821,0.270561,0.009227,0.019577,0.126605,0.002214,0.008977,0.013345,0.120352,0.003827,104,85,43,545,1,0
804,1,2.680821,1.573612,1.107209,777,sha3,OMNeT++; module=UavAuthNetwork.uav[4]; config=NoiseSweep,1.316437,0.072735,0.241588,0.122526,0.257305,1.005632,0.227872,0.122526,0.192327,0.189083,0.012123,0.849904,NoiseSweep,NoiseSweep-27-20260922-20:32:37-1127766,4,NoiseSweep-27-20260922-20:32:37-1127766|phase2|4,27,0,0,sha3,10,0.03,bch255-131-18\,,1.53788,0.227872,0.012051,0.020238,0.137515,0.002164,0.011571,0.017211,0.136381,0.003867,104,85,43,545,1,0
805,1,2.981449,1.905549,1.0759,777,sha3,OMNeT++; module=UavAuthNetwork.uav[5]; config=NoiseSweep,1.697002,0.084296,0.245457,0.09711,0.227226,1.164826,0.381677,0.09711,0.175235,0.164536,0.014327,0.848674,NoiseSweep,NoiseSweep-27-20260922-20:32:37-1127766,5,NoiseSweep-27-20260922-20:32:37-1127766|phase2|5,27,0,0,sha3,10,0.03,bch255-131-18\,,1.485893,0.381677,0.012994,0.020498,0.174152,0.002885,0.01097,0.022872,0.139439,0.008526,104,85,43,545,1,0
806,1,2.784741,1.700517,1.084224,777,sha3,OMNeT++; module=UavAuthNetwork.uav[6]; config=NoiseSweep,1.452138,0.097641,0.252117,0.117848,0.244646,1.002265,0.333277,0.117848,0.16226,0.172502,0.012683,0.839578,NoiseSweep,NoiseSweep-27-20260922-20:32:37-1127766,6,NoiseSweep-27-20260922-20:32:37-1127766|phase2|6,27,0,0,sha3,10,0.03,bch255-131-18\,,1.508843,0.333277,0.011461,0.022111,0.155419,0.002414,0.017021,0.017231,0.145339,0.00529,104,85,43,545,1,0
807,1,2.543844,1.492283,1.051561,777,sha3,OMNeT++; module=UavAuthNetwork.uav[7]; config=NoiseSweep,1.298624,0.057527,0.242171,0.091149,0.214395,0.983911,0.228603,0.091149,0.150819,0.188,0.011361,0.837166,NoiseSweep,NoiseSweep-27-20260922-20:32:37-1127766,7,NoiseSweep-27-20260922-20:32:37-1127766|phase2|7,27,0,0,sha3,10,0.03,bch255-131-18\,,1.481733,0.228603,0.008907,0.012413,0.119371,0.001884,0.008666,0.012222,0.115273,0.003015,104,85,43,545,1,0
808,1,2.554323,1.489948,1.064375,777,sha3,OMNeT++; module=UavAuthNetwork.uav[8]; config=NoiseSweep,1.289106,0.059911,0.258842,0.090838,0.223481,0.96148,0.236739,0.090838,0.21614,0.217914,0.019166,0.840894,NoiseSweep,NoiseSweep-27-20260922-20:32:37-1127766,8,NoiseSweep-27-20260922-20:32:37-1127766|phase2|8,27,0,0,sha3,10,0.03,bch255-131-18\,,1.541131,0.236739,0.008836,0.012282,0.118259,0.002956,0.008676,0.02105,0.125331,0.004718,104,85,43,545,1,0
809,1,3.129372,2.05285,1.076522,777,sha3,OMNeT++; module=UavAuthNetwork.uav[9]; config=NoiseSweep,1.802126,0.093803,0.263986,0.119451,0.224282,1.249463,0.419036,0.119451,0.155298,0.158638,0.011822,0.852241,NoiseSweep,NoiseSweep-27-20260922-20:32:37-1127766,9,NoiseSweep-27-20260922-20:32:37-1127766|phase2|9,27,0,0,sha3,10,0.03,bch255-131-18\,,1.499146,0.419036,0.014306,0.017804,0.170726,0.002044,0.013065,0.018124,0.138817,0.00548,104,85,43,545,1,0
810,1,2.657338,1.600864,1.056474,777,sha3,OMNeT++; module=UavAuthNetwork.uav[0]; config=NoiseSweep,1.393379,0.059791,0.268297,0.095437,0.224628,1.026941,0.260543,0.095437,0.157461,0.158713,0.016611,0.831845,NoiseSweep,NoiseSweep-28-20260922-20:32:38-1127766,0,NoiseSweep-28-20260922-20:32:38-1127766|phase2|0,28,1,1,sha3,10,0.03,bch255-131-18\,,1.483483,0.260543,0.009779,0.013435,0.143075,0.003026,0.009037,0.012743,0.117367,0.009137,104,85,43,545,1,0
811,1,2.588374,1.531595,1.056779,777,sha3,OMNeT++; module=UavAuthNetwork.uav[1]; config=NoiseSweep,1.338638,0.056654,0.264262,0.090748,0.225093,0.991465,0.252207,0.090748,0.149877,0.175273,0.011461,0.831686,NoiseSweep,NoiseSweep-28-20260922-20:32:38-1127766,1,NoiseSweep-28-20260922-20:32:38-1127766|phase2|1,28,1,1,sha3,10,0.03,bch255-131-18\,,1.496314,0.252207,0.008847,0.012553,0.128068,0.001943,0.008396,0.012513,0.115554,0.002885,104,85,43,545,1,0
812,1,2.59968,1.510455,1.089225,777,sha3,OMNeT++; module=UavAuthNetwork.uav[2]; config=NoiseSweep,1.309784,0.058057,0.252213,0.090367,0.236517,0.985064,0.225898,0.090367,0.158413,0.169952,0.019937,0.852708,NoiseSweep,NoiseSweep-28-20260922-20:32:38-1127766,2,NoiseSweep-28-20260922-20:32:38-1127766|phase2|2,28,1,1,sha3,10,0.03,bch255-131-18\,,1.51139,0.225898,0.008906,0.012533,0.127396,0.002474,0.008626,0.012714,0.115734,0.002905,104,85,43,545,1,0
813,1,2.647186,1.572218,1.074968,777,sha3,OMNeT++; module=UavAuthNetwork.uav[3]; config=NoiseSweep,1.378541,0.069158,0.252408,0.091028,0.246567,1.041157,0.236488,0.091028,0.167059,0.165107,0.011621,0.828402,NoiseSweep,NoiseSweep-28-20260922-20:32:38-1127766,3,NoiseSweep-28-20260922-20:32:38-1127766|phase2|3,28,1,1,sha3,10,0.03,bch255-131-18\,,1.492483,0.236488,0.008776,0.013224,0.130282,0.002014,0.008666,0.024736,0.123378,0.002925,104,85,43,545,1,0
814,1,2.564206,1.502661,1.061545,777,sha3,OMNeT++; module=UavAuthNetwork.uav[4]; config=NoiseSweep,1.310876,0.057206,0.271349,0.090187,0.216598,0.992758,0.235926,0.090187,0.159755,0.179885,0.011411,0.844948,NoiseSweep,NoiseSweep-28-20260922-20:32:38-1127766,4,NoiseSweep-28-20260922-20:32:38-1127766|phase2|4,28,1,1,sha3,10,0.03,bch255-131-18\,,1.51278,0.235926,0.008616,0.012573,0.11859,0.001984,0.008435,0.012543,0.121085,0.003095,104,85,43,545,1,0
815,1,2.67152,1.589081,1.082439,777,sha3,OMNeT++; module=UavAuthNetwork.uav[5]; config=NoiseSweep,1.38847,0.061814,0.242388,0.094084,0.216014,1.012364,0.274027,0.094084,0.1675,0.159153,0.012443,0.866426,NoiseSweep,NoiseSweep-28-20260922-20:32:38-1127766,5,NoiseSweep-28-20260922-20:32:38-1127766|phase2|5,28,1,1,sha3,10,0.03,bch255-131-18\,,1.483981,0.274027,0.011341,0.013946,0.128438,0.002134,0.009027,0.013857,0.126634,0.005961,104,85,43,545,1,0
816,1,2.588639,1.514111,1.074528,777,sha3,OMNeT++; module=UavAuthNetwork.uav[6]; config=NoiseSweep,1.317158,0.072244,0.283112,0.09227,0.221452,0.993539,0.233312,0.09227,0.172719,0.202522,0.012413,0.853076,NoiseSweep,NoiseSweep-28-20260922-20:32:38-1127766,6,NoiseSweep-28-20260922-20:32:38-1127766|phase2|6,28,1,1,sha3,10,0.03,bch255-131-18\,,1.560162,0.233312,0.008985,0.015448,0.122066,0.002264,0.010669,0.02129,0.131424,0.003917,104,85,43,545,1,0
817,1,2.612356,1.535191,1.077165,777,sha3,OMNeT++; module=UavAuthNetwork.uav[7]; config=NoiseSweep,1.340652,0.058818,0.244929,0.091569,0.225607,1.011002,0.232741,0.091569,0.15101,0.185028,0.011401,0.851558,NoiseSweep,NoiseSweep-28-20260922-20:32:38-1127766,7,NoiseSweep-28-20260922-20:32:38-1127766|phase2|7,28,1,1,sha3,10,0.03,bch255-131-18\,,1.507122,0.232741,0.009046,0.014958,0.129159,0.001873,0.008717,0.012923,0.115743,0.002896,104,85,43,545,1,0
818,1,2.641313,1.519243,1.12207,777,sha3,OMNeT++; module=UavAuthNetwork.uav[8]; config=NoiseSweep,1.30201,0.062666,0.255804,0.102981,0.244446,0.993118,0.227371,0.102981,0.152552,0.173615,0.011271,0.877624,NoiseSweep,NoiseSweep-28-20260922-20:32:38-1127766,8,NoiseSweep-28-20260922-20:32:38-1127766|phase2|8,28,1,1,sha3,10,0.03,bch255-131-18\,,1.55149,0.227371,0.008886,0.013274,0.12943,0.001953,0.009789,0.013004,0.11925,0.002746,104,85,43,545,1,0
819,1,2.570435,1.49607,1.074365,777,sha3,OMNeT++; module=UavAuthNetwork.uav[9]; config=NoiseSweep,1.303062,0.056515,0.246992,0.090698,0.223261,0.990914,0.230918,0.090698,0.157111,0.161871,0.011612,0.851104,NoiseSweep,NoiseSweep-28-20260922-20:32:38-1127766,9,NoiseSweep-28-20260922-20:32:38-1127766|phase2|9,28,1,1,sha3,10,0.03,bch255-131-18\,,1.483228,0.230918,0.008647,0.012504,0.118339,0.001954,0.008485,0.012694,0.119882,0.002715,104,85,43,545,1,0
820,1,2.589548,1.511389,1.078159,777,sha3,OMNeT++; module=UavAuthNetwork.uav[0]; config=NoiseSweep,1.310186,0.057978,0.263602,0.094465,0.248624,0.982099,0.231989,0.094465,0.15699,0.171762,0.012273,0.829535,NoiseSweep,NoiseSweep-29-20260922-20:32:38-1127766,0,NoiseSweep-29-20260922-20:32:38-1127766|phase2|0,29,2,2,sha3,10,0.03,bch255-131-18\,,1.513523,0.231989,0.009427,0.013345,0.133547,0.002224,0.008717,0.012182,0.116396,0.008946,104,85,43,545,1,0
821,1,2.52493,1.451467,1.073463,777,sha3,OMNeT++; module=UavAuthNetwork.uav[1]; config=NoiseSweep,1.260022,0.056064,0.246729,0.090137,0.223881,0.951451,0.222341,0.090137,0.149306,0.182786,0.011171,0.849582,NoiseSweep,NoiseSweep-29-20260922-20:32:38-1127766,1,NoiseSweep-29-20260922-20:32:38-1127766|phase2|1,29,2,2,sha3,10,0.03,bch255-131-18\,,1.502978,0.222341,0.008736,0.012202,0.122538,0.001824,0.008585,0.012443,0.115264,0.002966,104,85,43,545,1,0
822,1,2.55237,1.469038,1.083332,777,sha3,OMNeT++; module=UavAuthNetwork.uav[2]; config=NoiseSweep,1.278096,0.056986,0.258927,0.089986,0.2246,0.973943,0.223614,0.089986,0.148415,0.159875,0.01097,0.858733,NoiseSweep,NoiseSweep-29-20260922-20:32:38-1127766,2,NoiseSweep-29-20260922-20:32:38-1127766|phase2|2,29,2,2,sha3,10,0.03,bch255-131-18\,,1.502133,0.223614,0.008555,0.012062,0.117727,0.001784,0.008557,0.012253,0.115272,0.002715,104,85,43,545,1,0
823,1,2.51883,1.46963,1.0492,777,sha3,OMNeT++; module=UavAuthNetwork.uav[3]; config=NoiseSweep,1.278837,0.055332,0.240712,0.089966,0.216164,0.958495,0.231799,0.089966,0.151601,0.204086,0.010861,0.833036,NoiseSweep,NoiseSweep-29-20260922-20:32:38-1127766,3,NoiseSweep-29-20260922-20:32:38-1127766|phase2|3,29,2,2,sha3,10,0.03,bch255-131-18\,,1.493998,0.231799,0.008575,0.012163,0.117287,0.001713,0.008557,0.011932,0.115043,0.005109,104,85,43,545,1,0
824,1,2.577432,1.506861,1.070571,777,sha3,OMNeT++; module=UavAuthNetwork.uav[4]; config=NoiseSweep,1.280952,0.056345,0.255178,0.107429,0.229748,0.975706,0.225528,0.107429,0.151981,0.169948,0.011051,0.840823,NoiseSweep,NoiseSweep-29-20260922-20:32:38-1127766,4,NoiseSweep-29-20260922-20:32:38-1127766|phase2|4,29,2,2,sha3,10,0.03,bch255-131-18\,,1.495697,0.225528,0.008506,0.013485,0.133187,0.001783,0.008805,0.012322,0.116185,0.002865,104,85,43,545,1,0
825,1,2.532411,1.468148,1.064263,777,sha3,OMNeT++; module=UavAuthNetwork.uav[5]; config=NoiseSweep,1.276082,0.055883,0.26957,0.090648,0.217266,0.969415,0.226609,0.090648,0.149306,0.199652,0.01077,0.846997,NoiseSweep,NoiseSweep-29-20260922-20:32:38-1127766,5,NoiseSweep-29-20260922-20:32:38-1127766|phase2|5,29,2,2,sha3,10,0.03,bch255-131-18\,,1.533486,0.226609,0.008515,0.012362,0.117426,0.001633,0.008506,0.012073,0.115074,0.002365,104,85,43,545,1,0
826,1,2.54662,1.48017,1.06645,777,sha3,OMNeT++; module=UavAuthNetwork.uav[6]; config=NoiseSweep,1.288906,0.056464,0.256803,0.090207,0.237282,0.977599,0.23192,0.090207,0.149237,0.160766,0.01085,0.829168,NoiseSweep,NoiseSweep-29-20260922-20:32:38-1127766,6,NoiseSweep-29-20260922-20:32:38-1127766|phase2|6,29,2,2,sha3,10,0.03,bch255-131-18\,,1.484019,0.23192,0.008555,0.012223,0.117287,0.001703,0.008516,0.012234,0.114883,0.002485,104,85,43,545,1,0
827,1,2.530784,1.45814,1.072644,777,sha3,OMNeT++; module=UavAuthNetwork.uav[7]; config=NoiseSweep,1.260494,0.055362,0.251251,0.090097,0.239077,0.949718,0.232029,0.090097,0.148756,0.195254,0.017452,0.833566,NoiseSweep,NoiseSweep-29-20260922-20:32:38-1127766,7,NoiseSweep-29-20260922-20:32:38-1127766|phase2|7,29,2,2,sha3,10,0.03,bch255-131-18\,,1.519149,0.232029,0.008506,0.012073,0.116586,0.001754,0.008467,0.011853,0.114832,0.002425,104,85,43,545,1,0
828,1,2.554482,1.464121,1.090361,777,sha3,OMNeT++; module=UavAuthNetwork.uav[8]; config=NoiseSweep,1.273007,0.056384,0.258522,0.090177,0.230213,0.973672,0.220117,0.090177,0.149497,0.184573,0.01076,0.860147,NoiseSweep,NoiseSweep-29-20260922-20:32:38-1127766,8,NoiseSweep-29-20260922-20:32:38-1127766|phase2|8,29,2,2,sha3,10,0.03,bch255-131-18\,,1.533456,0.220117,0.008535,0.012042,0.117287,0.001613,0.008407,0.012203,0.114983,0.002364,104,85,43,545,1,0
829,1,2.559593,1.495318,1.064275,777,sha3,OMNeT++; module=UavAuthNetwork.uav[9]; config=NoiseSweep,1.28047,0.055303,0.248707,0.102009,0.230871,0.976578,0.225778,0.102009,0.149036,0.169293,0.01083,0.833405,NoiseSweep,NoiseSweep-29-20260922-20:32:38-1127766,9,NoiseSweep-29-20260922-20:32:38-1127766|phase2|9,29,2,2,sha3,10,0.03,bch255-131-18\,,1.482275,0.225778,0.008455,0.017362,0.123549,0.001654,0.008225,0.012163,0.115063,0.002535,104,85,43,545,1,0
830,1,2.569169,1.49099,1.078179,777,sha3,OMNeT++; module=UavAuthNetwork.uav[0]; config=NoiseSweep,1.318711,0.049852,0.256671,0.08082,0.249728,1.054612,0.155438,0.08082,0.13489,0.183693,0.010639,0.828452,NoiseSweep,NoiseSweep-3-20260922-20:32:28-1127766,0,NoiseSweep-3-20260922-20:32:28-1127766|phase2|0,3,0,0,sha3,10,0.0,bch255-91-25\,,1.518543,0.155438,0.008346,0.011161,0.11866,0.002114,0.007583,0.010569,0.099205,0.008316,104,85,43,545,1,0
831,1,2.530413,1.44836,1.082053,777,sha3,OMNeT++; module=UavAuthNetwork.uav[1]; config=NoiseSweep,1.283566,0.048389,0.251082,0.077533,0.240244,1.043842,0.153124,0.077533,0.128457,0.166001,0.009728,0.841809,NoiseSweep,NoiseSweep-3-20260922-20:32:28-1127766,1,NoiseSweep-3-20260922-20:32:28-1127766|phase2|1,3,0,0,sha3,10,0.0,bch255-91-25\,,1.499136,0.153124,0.007494,0.01067,0.106758,0.001553,0.007204,0.01053,0.098983,0.002635,104,85,43,545,1,0
832,1,2.465192,1.411724,1.053468,777,sha3,OMNeT++; module=UavAuthNetwork.uav[2]; config=NoiseSweep,1.248682,0.048409,0.244435,0.076652,0.225942,1.018075,0.15154,0.076652,0.126835,0.174349,0.009738,0.827526,NoiseSweep,NoiseSweep-3-20260922-20:32:28-1127766,2,NoiseSweep-3-20260922-20:32:28-1127766|phase2|2,3,0,0,sha3,10,0.0,bch255-91-25\,,1.472252,0.15154,0.007333,0.010359,0.099855,0.001633,0.007314,0.010479,0.098212,0.002194,104,85,43,545,1,0
833,1,2.482723,1.422623,1.0601,777,sha3,OMNeT++; module=UavAuthNetwork.uav[3]; config=NoiseSweep,1.259692,0.047608,0.270952,0.076802,0.230351,1.025248,0.155829,0.076802,0.126414,0.16277,0.009327,0.829749,NoiseSweep,NoiseSweep-3-20260922-20:32:28-1127766,3,NoiseSweep-3-20260922-20:32:28-1127766|phase2|3,3,0,0,sha3,10,0.0,bch255-91-25\,,1.493821,0.155829,0.007403,0.010379,0.100136,0.001492,0.007193,0.010139,0.098241,0.002325,104,85,43,545,1,0
834,1,2.606965,1.499756,1.107209,777,sha3,OMNeT++; module=UavAuthNetwork.uav[4]; config=NoiseSweep,1.26905,0.048199,0.241588,0.110524,0.257305,1.039976,0.150568,0.110524,0.128928,0.189083,0.009658,0.849904,NoiseSweep,NoiseSweep-3-20260922-20:32:28-1127766,4,NoiseSweep-3-20260922-20:32:28-1127766|phase2|4,3,0,0,sha3,10,0.0,bch255-91-25\,,1.53788,0.150568,0.007253,0.011542,0.132275,0.001532,0.007434,0.01046,0.098463,0.002554,104,85,43,545,1,0
835,1,2.511808,1.435908,1.0759,777,sha3,OMNeT++; module=UavAuthNetwork.uav[5]; config=NoiseSweep,1.273036,0.048269,0.245457,0.076702,0.227226,1.043792,0.150108,0.076702,0.126835,0.164536,0.009468,0.848674,NoiseSweep,NoiseSweep-3-20260922-20:32:28-1127766,5,NoiseSweep-3-20260922-20:32:28-1127766|phase2|5,3,0,0,sha3,10,0.0,bch255-91-25\,,1.485893,0.150108,0.007394,0.010249,0.099956,0.001443,0.007424,0.010268,0.098132,0.002134,104,85,43,545,1,0
836,1,2.516846,1.432622,1.084224,777,sha3,OMNeT++; module=UavAuthNetwork.uav[6]; config=NoiseSweep,1.265933,0.047438,0.252117,0.076522,0.244646,1.036549,0.151139,0.076522,0.189491,0.172502,0.013645,0.839578,NoiseSweep,NoiseSweep-3-20260922-20:32:28-1127766,6,NoiseSweep-3-20260922-20:32:28-1127766|phase2|6,3,0,0,sha3,10,0.0,bch255-91-25\,,1.508843,0.151139,0.007242,0.010468,0.099745,0.002625,0.007062,0.010229,0.097911,0.004368,104,85,43,545,1,0
837,1,2.695414,1.643853,1.051561,777,sha3,OMNeT++; module=UavAuthNetwork.uav[7]; config=NoiseSweep,1.47477,0.04847,0.242171,0.077203,0.214395,1.229997,0.153153,0.077203,0.14566,0.188,0.014677,0.837166,NoiseSweep,NoiseSweep-3-20260922-20:32:28-1127766,7,NoiseSweep-3-20260922-20:32:28-1127766|phase2|7,3,0,0,sha3,10,0.0,bch255-91-25\,,1.481733,0.153153,0.007374,0.010659,0.102059,0.002345,0.007345,0.01082,0.100656,0.003346,104,85,43,545,1,0
838,1,2.568159,1.503784,1.064375,777,sha3,OMNeT++; module=UavAuthNetwork.uav[8]; config=NoiseSweep,1.32927,0.051716,0.258842,0.081381,0.223481,1.078596,0.165938,0.081381,0.139248,0.217914,0.011752,0.840894,NoiseSweep,NoiseSweep-3-20260922-20:32:28-1127766,8,NoiseSweep-3-20260922-20:32:28-1127766|phase2|8,3,0,0,sha3,10,0.0,bch255-91-25\,,1.541131,0.165938,0.007694,0.011842,0.107569,0.002224,0.007684,0.011241,0.099575,0.004057,104,85,43,545,1,0
839,1,2.578003,1.501481,1.076522,777,sha3,OMNeT++; module=UavAuthNetwork.uav[9]; config=NoiseSweep,1.322789,0.050203,0.263986,0.084557,0.224282,1.054061,0.155879,0.084557,0.131754,0.158638,0.009578,0.852241,NoiseSweep,NoiseSweep-3-20260922-20:32:28-1127766,9,NoiseSweep-3-20260922-20:32:28-1127766|phase2|9,3,0,0,sha3,10,0.0,bch255-91-25\,,1.499146,0.155879,0.007553,0.010879,0.136803,0.001573,0.007895,0.0109,0.101418,0.003136,104,85,43,545,1,0
840,1,3.065247,1.987068,1.078179,777,sha3,OMNeT++; module=UavAuthNetwork.uav[0]; config=NoiseSweep,1.769936,0.060131,0.256671,0.102149,0.249728,1.259932,0.395242,0.102149,0.176667,0.183693,0.012834,0.828452,NoiseSweep,NoiseSweep-30-20260922-20:32:39-1127766,0,NoiseSweep-30-20260922-20:32:39-1127766|phase2|0,30,0,0,sha3,10,0.03,bch255-91-25\,,1.518543,0.395242,0.009739,0.013896,0.142253,0.002434,0.009056,0.014006,0.132776,0.009387,104,85,43,545,1,0
841,1,3.109476,2.027423,1.082053,777,sha3,OMNeT++; module=UavAuthNetwork.uav[1]; config=NoiseSweep,1.764517,0.077563,0.251082,0.11901,0.240244,1.222002,0.425357,0.11901,0.158333,0.166001,0.024886,0.841809,NoiseSweep,NoiseSweep-30-20260922-20:32:39-1127766,1,NoiseSweep-30-20260922-20:32:39-1127766|phase2|1,30,0,0,sha3,10,0.03,bch255-91-25\,,1.499136,0.425357,0.014427,0.019506,0.15149,0.003897,0.015429,0.01649,0.125222,0.005641,104,85,43,545,1,0
842,1,3.006863,1.953395,1.053468,777,sha3,OMNeT++; module=UavAuthNetwork.uav[2]; config=NoiseSweep,1.756461,0.059801,0.244435,0.092391,0.225942,1.257437,0.376497,0.092391,0.154697,0.174349,0.012152,0.827526,NoiseSweep,NoiseSweep-30-20260922-20:32:39-1127766,2,NoiseSweep-30-20260922-20:32:39-1127766|phase2|2,30,0,0,sha3,10,0.03,bch255-91-25\,,1.472252,0.376497,0.009137,0.013505,0.124921,0.002264,0.008847,0.012995,0.115864,0.00553,104,85,43,545,1,0
843,1,2.953855,1.893755,1.0601,777,sha3,OMNeT++; module=UavAuthNetwork.uav[3]; config=NoiseSweep,1.70148,0.056614,0.270952,0.090407,0.230351,1.228314,0.375415,0.090407,0.149858,0.16277,0.011461,0.829749,NoiseSweep,NoiseSweep-30-20260922-20:32:39-1127766,3,NoiseSweep-30-20260922-20:32:39-1127766|phase2|3,30,0,0,sha3,10,0.03,bch255-91-25\,,1.493821,0.375415,0.008645,0.012283,0.117879,0.001904,0.008407,0.012503,0.115364,0.002845,104,85,43,545,1,0
844,1,3.000846,1.893637,1.107209,777,sha3,OMNeT++; module=UavAuthNetwork.uav[4]; config=NoiseSweep,1.70176,0.057296,0.241588,0.090328,0.257305,1.232171,0.373932,0.090328,0.150228,0.189083,0.011221,0.849904,NoiseSweep,NoiseSweep-30-20260922-20:32:39-1127766,4,NoiseSweep-30-20260922-20:32:39-1127766|phase2|4,30,0,0,sha3,10,0.03,bch255-91-25\,,1.53788,0.373932,0.008697,0.012463,0.117858,0.001793,0.008706,0.012372,0.115224,0.003146,104,85,43,545,1,0
845,1,2.957422,1.881522,1.0759,777,sha3,OMNeT++; module=UavAuthNetwork.uav[5]; config=NoiseSweep,1.689167,0.057166,0.245457,0.090627,0.227226,1.228845,0.365166,0.090627,0.153124,0.164536,0.011101,0.848674,NoiseSweep,NoiseSweep-30-20260922-20:32:39-1127766,5,NoiseSweep-30-20260922-20:32:39-1127766|phase2|5,30,0,0,sha3,10,0.03,bch255-91-25\,,1.485893,0.365166,0.008757,0.012333,0.117507,0.001764,0.008846,0.012483,0.115334,0.002665,104,85,43,545,1,0
846,1,2.997045,1.912821,1.084224,777,sha3,OMNeT++; module=UavAuthNetwork.uav[6]; config=NoiseSweep,1.70692,0.056905,0.252117,0.09728,0.244646,1.227863,0.385153,0.09728,0.166699,0.172502,0.011341,0.839578,NoiseSweep,NoiseSweep-30-20260922-20:32:39-1127766,6,NoiseSweep-30-20260922-20:32:39-1127766|phase2|6,30,0,0,sha3,10,0.03,bch255-91-25\,,1.508843,0.385153,0.008556,0.015508,0.121235,0.001904,0.010048,0.012624,0.128688,0.002815,104,85,43,545,1,0
847,1,2.944164,1.892603,1.051561,777,sha3,OMNeT++; module=UavAuthNetwork.uav[7]; config=NoiseSweep,1.686482,0.056976,0.242171,0.090728,0.214395,1.213035,0.366789,0.090728,0.148615,0.188,0.024665,0.837166,NoiseSweep,NoiseSweep-30-20260922-20:32:39-1127766,7,NoiseSweep-30-20260922-20:32:39-1127766|phase2|7,30,0,0,sha3,10,0.03,bch255-91-25\,,1.481733,0.366789,0.008656,0.012763,0.117969,0.002575,0.008556,0.012454,0.115323,0.002635,104,85,43,545,1,0
848,1,2.964542,1.900167,1.064375,777,sha3,OMNeT++; module=UavAuthNetwork.uav[8]; config=NoiseSweep,1.70694,0.057908,0.258842,0.090988,0.223481,1.228033,0.372961,0.090988,0.158874,0.217914,0.011251,0.840894,NoiseSweep,NoiseSweep-30-20260922-20:32:39-1127766,8,NoiseSweep-30-20260922-20:32:39-1127766|phase2|8,30,0,0,sha3,10,0.03,bch255-91-25\,,1.541131,0.372961,0.008726,0.012813,0.119652,0.001913,0.008637,0.012644,0.115524,0.003677,104,85,43,545,1,0
849,1,3.232294,2.155772,1.076522,777,sha3,OMNeT++; module=UavAuthNetwork.uav[9]; config=NoiseSweep,1.948617,0.0863,0.263986,0.096369,0.224282,1.30761,0.519211,0.096369,0.186004,0.158638,0.014417,0.852241,NoiseSweep,NoiseSweep-30-20260922-20:32:39-1127766,9,NoiseSweep-30-20260922-20:32:39-1127766|phase2|9,30,0,0,sha3,10,0.03,bch255-91-25\,,1.499146,0.519211,0.013114,0.015428,0.140942,0.002936,0.012384,0.017513,0.132185,0.007674,104,85,43,545,1,0
850,1,2.980204,1.92373,1.056474,777,sha3,OMNeT++; module=UavAuthNetwork.uav[0]; config=NoiseSweep,1.721677,0.059009,0.268297,0.094775,0.224628,1.223374,0.382218,0.094775,0.158072,0.158713,0.012503,0.831845,NoiseSweep,NoiseSweep-31-20260922-20:32:40-1127766,0,NoiseSweep-31-20260922-20:32:40-1127766|phase2|0,31,1,1,sha3,10,0.03,bch255-91-25\,,1.483483,0.382218,0.009547,0.013074,0.140931,0.002304,0.008958,0.012514,0.116275,0.009137,104,85,43,545,1,0
851,1,2.950494,1.893715,1.056779,777,sha3,OMNeT++; module=UavAuthNetwork.uav[1]; config=NoiseSweep,1.702322,0.056034,0.264262,0.090066,0.225093,1.218676,0.379412,0.090066,0.149637,0.175273,0.011261,0.831686,NoiseSweep,NoiseSweep-31-20260922-20:32:40-1127766,1,NoiseSweep-31-20260922-20:32:40-1127766|phase2|1,31,1,1,sha3,10,0.03,bch255-91-25\,,1.496314,0.379412,0.008736,0.012232,0.117667,0.001984,0.008526,0.012132,0.115835,0.002745,104,85,43,545,1,0
852,1,2.973933,1.884708,1.089225,777,sha3,OMNeT++; module=UavAuthNetwork.uav[2]; config=NoiseSweep,1.693635,0.057086,0.252213,0.089936,0.236517,1.213858,0.387397,0.089936,0.148615,0.169952,0.011201,0.852708,NoiseSweep,NoiseSweep-31-20260922-20:32:40-1127766,2,NoiseSweep-31-20260922-20:32:40-1127766|phase2|2,31,1,1,sha3,10,0.03,bch255-91-25\,,1.51139,0.387397,0.008566,0.012103,0.117227,0.001763,0.008626,0.012393,0.115344,0.002564,104,85,43,545,1,0
853,1,2.938858,1.86389,1.074968,777,sha3,OMNeT++; module=UavAuthNetwork.uav[3]; config=NoiseSweep,1.673878,0.056124,0.252408,0.089536,0.246567,1.218516,0.362601,0.089536,0.148134,0.165107,0.01094,0.828402,NoiseSweep,NoiseSweep-31-20260922-20:32:40-1127766,3,NoiseSweep-31-20260922-20:32:40-1127766|phase2|3,31,1,1,sha3,10,0.03,bch255-91-25\,,1.492483,0.362601,0.008667,0.011922,0.117036,0.001764,0.008585,0.012203,0.115174,0.002535,104,85,43,545,1,0
854,1,2.969868,1.908323,1.061545,777,sha3,OMNeT++; module=UavAuthNetwork.uav[4]; config=NoiseSweep,1.713973,0.058388,0.271349,0.091309,0.216598,1.245005,0.372209,0.091309,0.152081,0.179885,0.011732,0.844948,NoiseSweep,NoiseSweep-31-20260922-20:32:40-1127766,4,NoiseSweep-31-20260922-20:32:40-1127766|phase2|4,31,1,1,sha3,10,0.03,bch255-91-25\,,1.51278,0.372209,0.008977,0.013275,0.120534,0.002034,0.008886,0.012463,0.116606,0.003586,104,85,43,545,1,0
855,1,2.969923,1.887484,1.082439,777,sha3,OMNeT++; module=UavAuthNetwork.uav[5]; config=NoiseSweep,1.694897,0.056635,0.242388,0.090708,0.216014,1.217183,0.383961,0.090708,0.149456,0.159153,0.011171,0.866426,NoiseSweep,NoiseSweep-31-20260922-20:32:40-1127766,5,NoiseSweep-31-20260922-20:32:40-1127766|phase2|5,31,1,1,sha3,10,0.03,bch255-91-25\,,1.483981,0.383961,0.008837,0.012284,0.117758,0.001753,0.008474,0.012222,0.115404,0.002575,104,85,43,545,1,0
856,1,2.955948,1.88142,1.074528,777,sha3,OMNeT++; module=UavAuthNetwork.uav[6]; config=NoiseSweep,1.690098,0.056885,0.283112,0.090206,0.221452,1.213597,0.383951,0.090206,0.148615,0.202522,0.01091,0.853076,NoiseSweep,NoiseSweep-31-20260922-20:32:40-1127766,6,NoiseSweep-31-20260922-20:32:40-1127766|phase2|6,31,1,1,sha3,10,0.03,bch255-91-25\,,1.560162,0.383951,0.008646,0.012223,0.117587,0.001754,0.008686,0.012103,0.115163,0.002454,104,85,43,545,1,0
857,1,2.94898,1.871815,1.077165,777,sha3,OMNeT++; module=UavAuthNetwork.uav[7]; config=NoiseSweep,1.680461,0.056123,0.244929,0.090227,0.225607,1.216131,0.371207,0.090227,0.149386,0.185028,0.0109,0.851558,NoiseSweep,NoiseSweep-31-20260922-20:32:40-1127766,7,NoiseSweep-31-20260922-20:32:40-1127766|phase2|7,31,1,1,sha3,10,0.03,bch255-91-25\,,1.507122,0.371207,0.008547,0.012122,0.117707,0.001743,0.008364,0.012142,0.115093,0.002635,104,85,43,545,1,0
858,1,3.001989,1.879919,1.12207,777,sha3,OMNeT++; module=UavAuthNetwork.uav[8]; config=NoiseSweep,1.689547,0.057456,0.255804,0.089756,0.244446,1.219097,0.375675,0.089756,0.148325,0.173615,0.01086,0.877624,NoiseSweep,NoiseSweep-31-20260922-20:32:40-1127766,8,NoiseSweep-31-20260922-20:32:40-1127766|phase2|8,31,1,1,sha3,10,0.03,bch255-91-25\,,1.55149,0.375675,0.008605,0.012123,0.117778,0.001684,0.008596,0.012614,0.115132,0.002525,104,85,43,545,1,0
859,1,2.94568,1.871315,1.074365,777,sha3,OMNeT++; module=UavAuthNetwork.uav[9]; config=NoiseSweep,1.680391,0.056344,0.246992,0.090107,0.223261,1.219258,0.368141,0.090107,0.148124,0.161871,0.01071,0.851104,NoiseSweep,NoiseSweep-31-20260922-20:32:40-1127766,9,NoiseSweep-31-20260922-20:32:40-1127766|phase2|9,31,1,1,sha3,10,0.03,bch255-91-25\,,1.483228,0.368141,0.008495,0.012002,0.117237,0.001683,0.008546,0.012333,0.115093,0.002404,104,85,43,545,1,0
860,1,3.041073,1.962914,1.078159,777,sha3,OMNeT++; module=UavAuthNetwork.uav[0]; config=NoiseSweep,1.758035,0.058458,0.263602,0.096238,0.248624,1.252208,0.395713,0.096238,0.157531,0.171762,0.012403,0.829535,NoiseSweep,NoiseSweep-32-20260922-20:32:40-1127766,0,NoiseSweep-32-20260922-20:32:40-1127766|phase2|0,32,2,2,sha3,10,0.03,bch255-91-25\,,1.513523,0.395713,0.009558,0.013475,0.136233,0.002324,0.008937,0.012233,0.116275,0.009077,104,85,43,545,1,0
861,1,2.957782,1.884319,1.073463,777,sha3,OMNeT++; module=UavAuthNetwork.uav[1]; config=NoiseSweep,1.691592,0.056194,0.246729,0.090788,0.223881,1.219037,0.376988,0.090788,0.150428,0.182786,0.011151,0.849582,NoiseSweep,NoiseSweep-32-20260922-20:32:40-1127766,1,NoiseSweep-32-20260922-20:32:40-1127766|phase2|1,32,2,2,sha3,10,0.03,bch255-91-25\,,1.502978,0.376988,0.008696,0.012263,0.11922,0.001803,0.008456,0.012142,0.115213,0.003487,104,85,43,545,1,0
862,1,2.961879,1.878547,1.083332,777,sha3,OMNeT++; module=UavAuthNetwork.uav[2]; config=NoiseSweep,1.686893,0.056575,0.258927,0.090257,0.2246,1.218405,0.373532,0.090257,0.148725,0.159875,0.01114,0.858733,NoiseSweep,NoiseSweep-32-20260922-20:32:40-1127766,2,NoiseSweep-32-20260922-20:32:40-1127766|phase2|2,32,2,2,sha3,10,0.03,bch255-91-25\,,1.502133,0.373532,0.008576,0.012133,0.11878,0.001723,0.008706,0.012232,0.115204,0.002675,104,85,43,545,1,0
863,1,2.936864,1.887664,1.0492,777,sha3,OMNeT++; module=UavAuthNetwork.uav[3]; config=NoiseSweep,1.695729,0.056515,0.240712,0.090357,0.216164,1.224607,0.376247,0.090357,0.149276,0.204086,0.011221,0.833036,NoiseSweep,NoiseSweep-32-20260922-20:32:40-1127766,3,NoiseSweep-32-20260922-20:32:40-1127766|phase2|3,32,2,2,sha3,10,0.03,bch255-91-25\,,1.493998,0.376247,0.008616,0.012683,0.11842,0.001793,0.008625,0.012333,0.115374,0.002906,104,85,43,545,1,0
864,1,2.941205,1.870634,1.070571,777,sha3,OMNeT++; module=UavAuthNetwork.uav[4]; config=NoiseSweep,1.67971,0.057155,0.255178,0.090007,0.229748,1.215641,0.371628,0.090007,0.148756,0.169948,0.01091,0.840823,NoiseSweep,NoiseSweep-32-20260922-20:32:40-1127766,4,NoiseSweep-32-20260922-20:32:40-1127766|phase2|4,32,2,2,sha3,10,0.03,bch255-91-25\,,1.495697,0.371628,0.008606,0.012093,0.117017,0.001733,0.008586,0.012764,0.115033,0.002494,104,85,43,545,1,0
865,1,2.943048,1.878785,1.064263,777,sha3,OMNeT++; module=UavAuthNetwork.uav[5]; config=NoiseSweep,1.687523,0.055573,0.26957,0.090136,0.217266,1.218155,0.377198,0.090136,0.149086,0.199652,0.01099,0.846997,NoiseSweep,NoiseSweep-32-20260922-20:32:40-1127766,5,NoiseSweep-32-20260922-20:32:40-1127766|phase2|5,32,2,2,sha3,10,0.03,bch255-91-25\,,1.533486,0.377198,0.008676,0.012132,0.117197,0.001713,0.008505,0.012042,0.115223,0.002465,104,85,43,545,1,0
866,1,2.942073,1.875623,1.06645,777,sha3,OMNeT++; module=UavAuthNetwork.uav[6]; config=NoiseSweep,1.685199,0.056475,0.256803,0.089887,0.237282,1.216803,0.376336,0.089887,0.148435,0.160766,0.01065,0.829168,NoiseSweep,NoiseSweep-32-20260922-20:32:40-1127766,6,NoiseSweep-32-20260922-20:32:40-1127766|phase2|6,32,2,2,sha3,10,0.03,bch255-91-25\,,1.484019,0.376336,0.008536,0.012122,0.117127,0.001663,0.008405,0.012133,0.115243,0.002445,104,85,43,545,1,0
867,1,3.123892,2.051248,1.072644,777,sha3,OMNeT++; module=UavAuthNetwork.uav[7]; config=NoiseSweep,1.778813,0.077804,0.251251,0.127446,0.239077,1.213537,0.452007,0.127446,0.229234,0.195254,0.017543,0.833566,NoiseSweep,NoiseSweep-32-20260922-20:32:40-1127766,7,NoiseSweep-32-20260922-20:32:40-1127766|phase2|7,32,2,2,sha3,10,0.03,bch255-91-25\,,1.519149,0.452007,0.014065,0.021119,0.158965,0.002495,0.013946,0.020308,0.155128,0.003917,104,85,43,545,1,0
868,1,3.14256,2.052199,1.090361,777,sha3,OMNeT++; module=UavAuthNetwork.uav[8]; config=NoiseSweep,1.857548,0.05939,0.258522,0.09151,0.230213,1.336595,0.403827,0.09151,0.159695,0.184573,0.011631,0.860147,NoiseSweep,NoiseSweep-32-20260922-20:32:40-1127766,8,NoiseSweep-32-20260922-20:32:40-1127766|phase2|8,32,2,2,sha3,10,0.03,bch255-91-25\,,1.533456,0.403827,0.008977,0.013395,0.122136,0.002074,0.008736,0.013715,0.123119,0.004478,104,85,43,545,1,0
869,1,2.934057,1.869782,1.064275,777,sha3,OMNeT++; module=UavAuthNetwork.uav[9]; config=NoiseSweep,1.676814,0.058148,0.248707,0.090738,0.230871,1.211924,0.369143,0.090738,0.157281,0.169293,0.011492,0.833405,NoiseSweep,NoiseSweep-32-20260922-20:32:40-1127766,9,NoiseSweep-32-20260922-20:32:40-1127766|phase2|9,32,2,2,sha3,10,0.03,bch255-91-25\,,1.482275,0.369143,0.008966,0.012342,0.119242,0.002154,0.008706,0.012513,0.122698,0.002715,104,85,43,545,1,0
870,1,5.263077,4.184898,1.078179,777,sha3,OMNeT++; module=UavAuthNetwork.uav[0]; config=NoiseSweep,3.9812,0.060362,0.256671,0.095367,0.249728,3.670134,0.206362,0.095367,0.158553,0.183693,0.012964,0.828452,NoiseSweep,NoiseSweep-33-20260922-20:32:41-1127766,0,NoiseSweep-33-20260922-20:32:41-1127766|phase2|0,33,0,0,sha3,10,0.03,rep3-bch255-131-18\,,1.518543,0.206362,0.009698,0.014247,0.138807,0.002324,0.009288,0.012993,0.116595,0.008906,104,85,43,545,1,0
871,1,5.241253,4.1592,1.082053,777,sha3,OMNeT++; module=UavAuthNetwork.uav[1]; config=NoiseSweep,3.967294,0.056605,0.251082,0.090177,0.240244,3.659274,0.223644,0.090177,0.15677,0.166001,0.011552,0.841809,NoiseSweep,NoiseSweep-33-20260922-20:32:41-1127766,1,NoiseSweep-33-20260922-20:32:41-1127766|phase2|1,33,0,0,sha3,10,0.03,rep3-bch255-131-18\,,1.499136,0.223644,0.008856,0.012212,0.11802,0.001974,0.008656,0.012342,0.115194,0.002885,104,85,43,545,1,0
872,1,5.189966,4.136498,1.053468,777,sha3,OMNeT++; module=UavAuthNetwork.uav[2]; config=NoiseSweep,3.945283,0.056625,0.244435,0.089947,0.225942,3.637524,0.222772,0.089947,0.149025,0.174349,0.011321,0.827526,NoiseSweep,NoiseSweep-33-20260922-20:32:41-1127766,2,NoiseSweep-33-20260922-20:32:41-1127766|phase2|2,33,0,0,sha3,10,0.03,rep3-bch255-131-18\,,1.472252,0.222772,0.008766,0.012112,0.122567,0.001853,0.008567,0.012232,0.115174,0.002786,104,85,43,545,1,0
873,1,5.16537,4.10527,1.0601,777,sha3,OMNeT++; module=UavAuthNetwork.uav[3]; config=NoiseSweep,3.914276,0.056124,0.270952,0.089967,0.230351,3.631061,0.203738,0.089967,0.149286,0.16277,0.01106,0.829749,NoiseSweep,NoiseSweep-33-20260922-20:32:41-1127766,3,NoiseSweep-33-20260922-20:32:41-1127766|phase2|3,33,0,0,sha3,10,0.03,rep3-bch255-131-18\,,1.493821,0.203738,0.008617,0.012213,0.117207,0.001834,0.008455,0.012254,0.115404,0.002655,104,85,43,545,1,0
874,1,5.282708,4.175499,1.107209,777,sha3,OMNeT++; module=UavAuthNetwork.uav[4]; config=NoiseSweep,3.98131,0.058147,0.241588,0.091579,0.257305,3.647993,0.248531,0.091579,0.150719,0.189083,0.011031,0.849904,NoiseSweep,NoiseSweep-33-20260922-20:32:41-1127766,4,NoiseSweep-33-20260922-20:32:41-1127766|phase2|4,33,0,0,sha3,10,0.03,rep3-bch255-131-18\,,1.53788,0.248531,0.008737,0.012443,0.122887,0.001673,0.008475,0.012504,0.115224,0.003596,104,85,43,545,1,0
875,1,5.236191,4.160291,1.0759,777,sha3,OMNeT++; module=UavAuthNetwork.uav[5]; config=NoiseSweep,3.953398,0.056915,0.245457,0.097731,0.227226,3.671617,0.197916,0.097731,0.153454,0.164536,0.011431,0.848674,NoiseSweep,NoiseSweep-33-20260922-20:32:41-1127766,5,NoiseSweep-33-20260922-20:32:41-1127766|phase2|5,33,0,0,sha3,10,0.03,rep3-bch255-131-18\,,1.485893,0.197916,0.008827,0.013215,0.125511,0.001853,0.008664,0.012443,0.115954,0.003276,104,85,43,545,1,0
876,1,5.222165,4.137941,1.084224,777,sha3,OMNeT++; module=UavAuthNetwork.uav[6]; config=NoiseSweep,3.946175,0.057366,0.252117,0.090458,0.244646,3.638996,0.226429,0.090458,0.149507,0.172502,0.01085,0.839578,NoiseSweep,NoiseSweep-33-20260922-20:32:41-1127766,6,NoiseSweep-33-20260922-20:32:41-1127766|phase2|6,33,0,0,sha3,10,0.03,rep3-bch255-131-18\,,1.508843,0.226429,0.008767,0.012382,0.117417,0.001753,0.008656,0.012353,0.115223,0.002525,104,85,43,545,1,0
877,1,5.244852,4.193291,1.051561,777,sha3,OMNeT++; module=UavAuthNetwork.uav[7]; config=NoiseSweep,3.997379,0.058528,0.242171,0.09206,0.214395,3.683599,0.229735,0.09206,0.154006,0.188,0.011792,0.837166,NoiseSweep,NoiseSweep-33-20260922-20:32:41-1127766,7,NoiseSweep-33-20260922-20:32:41-1127766|phase2|7,33,0,0,sha3,10,0.03,rep3-bch255-131-18\,,1.481733,0.229735,0.008947,0.013525,0.120815,0.002134,0.008746,0.012764,0.115915,0.003787,104,85,43,545,1,0
878,1,5.19932,4.134945,1.064375,777,sha3,OMNeT++; module=UavAuthNetwork.uav[8]; config=NoiseSweep,3.937619,0.060391,0.258842,0.092802,0.223481,3.644226,0.201814,0.092802,0.160597,0.217914,0.011722,0.840894,NoiseSweep,NoiseSweep-33-20260922-20:32:41-1127766,8,NoiseSweep-33-20260922-20:32:41-1127766|phase2|8,33,0,0,sha3,10,0.03,rep3-bch255-131-18\,,1.541131,0.201814,0.008787,0.013014,0.12433,0.001864,0.008946,0.012684,0.115705,0.004638,104,85,43,545,1,0
879,1,5.171022,4.0945,1.076522,777,sha3,OMNeT++; module=UavAuthNetwork.uav[9]; config=NoiseSweep,3.903166,0.057466,0.263986,0.090207,0.224282,3.64614,0.174032,0.090207,0.149146,0.158638,0.01092,0.852241,NoiseSweep,NoiseSweep-33-20260922-20:32:41-1127766,9,NoiseSweep-33-20260922-20:32:41-1127766|phase2|9,33,0,0,sha3,10,0.03,rep3-bch255-131-18\,,1.499146,0.174032,0.008736,0.012292,0.117747,0.001823,0.008687,0.012734,0.115904,0.002544,104,85,43,545,1,0
880,1,5.815956,4.759482,1.056474,777,sha3,OMNeT++; module=UavAuthNetwork.uav[0]; config=NoiseSweep,4.511301,0.08642,0.268297,0.117558,0.224628,4.079872,0.305255,0.117558,0.159204,0.158713,0.013065,0.831845,NoiseSweep,NoiseSweep-34-20260922-20:32:42-1127766,0,NoiseSweep-34-20260922-20:32:42-1127766|phase2|0,34,1,1,sha3,10,0.03,rep3-bch255-131-18\,,1.483483,0.305255,0.01584,0.019907,0.168593,0.002494,0.012822,0.017602,0.132245,0.008916,104,85,43,545,1,0
881,1,5.238859,4.18208,1.056779,777,sha3,OMNeT++; module=UavAuthNetwork.uav[1]; config=NoiseSweep,3.987,0.057356,0.264262,0.091619,0.225093,3.688638,0.209748,0.091619,0.15167,0.175273,0.011842,0.831686,NoiseSweep,NoiseSweep-34-20260922-20:32:42-1127766,1,NoiseSweep-34-20260922-20:32:42-1127766|phase2|1,34,1,1,sha3,10,0.03,rep3-bch255-131-18\,,1.496314,0.209748,0.008846,0.013375,0.120614,0.002043,0.008626,0.012573,0.115875,0.003867,104,85,43,545,1,0
882,1,5.235932,4.146707,1.089225,777,sha3,OMNeT++; module=UavAuthNetwork.uav[2]; config=NoiseSweep,3.955272,0.057016,0.252213,0.090157,0.236517,3.64652,0.197546,0.090157,0.150949,0.169952,0.011121,0.852708,NoiseSweep,NoiseSweep-34-20260922-20:32:42-1127766,2,NoiseSweep-34-20260922-20:32:42-1127766|phase2|2,34,1,1,sha3,10,0.03,rep3-bch255-131-18\,,1.51139,0.197546,0.008505,0.012302,0.118099,0.001863,0.008555,0.012332,0.116766,0.002826,104,85,43,545,1,0
883,1,5.191558,4.11659,1.074968,777,sha3,OMNeT++; module=UavAuthNetwork.uav[3]; config=NoiseSweep,3.924254,0.056756,0.252408,0.090337,0.246567,3.665025,0.177568,0.090337,0.186666,0.165107,0.011662,0.828402,NoiseSweep,NoiseSweep-34-20260922-20:32:42-1127766,3,NoiseSweep-34-20260922-20:32:42-1127766|phase2|3,34,1,1,sha3,10,0.03,rep3-bch255-131-18\,,1.492483,0.177568,0.008677,0.012603,0.11842,0.001923,0.008475,0.013775,0.146381,0.003026,104,85,43,545,1,0
884,1,5.457293,4.395748,1.061545,777,sha3,OMNeT++; module=UavAuthNetwork.uav[4]; config=NoiseSweep,4.193423,0.062767,0.271349,0.094936,0.216598,3.857602,0.236487,0.094936,0.157612,0.179885,0.012453,0.844948,NoiseSweep,NoiseSweep-34-20260922-20:32:42-1127766,4,NoiseSweep-34-20260922-20:32:42-1127766|phase2|4,34,1,1,sha3,10,0.03,rep3-bch255-131-18\,,1.51278,0.236487,0.009619,0.015118,0.13492,0.002365,0.009268,0.013857,0.116545,0.007083,104,85,43,545,1,0
885,1,5.230917,4.148478,1.082439,777,sha3,OMNeT++; module=UavAuthNetwork.uav[5]; config=NoiseSweep,3.948068,0.057577,0.242388,0.090878,0.216014,3.661879,0.200271,0.090878,0.152693,0.159153,0.018654,0.866426,NoiseSweep,NoiseSweep-34-20260922-20:32:42-1127766,5,NoiseSweep-34-20260922-20:32:42-1127766|phase2|5,34,1,1,sha3,10,0.03,rep3-bch255-131-18\,,1.483981,0.200271,0.008745,0.012633,0.117998,0.009026,0.008856,0.012473,0.115514,0.002725,104,85,43,545,1,0
886,1,5.219243,4.144715,1.074528,777,sha3,OMNeT++; module=UavAuthNetwork.uav[6]; config=NoiseSweep,3.949422,0.064118,0.283112,0.091941,0.221452,3.638926,0.227141,0.091941,0.152753,0.202522,0.011411,0.853076,NoiseSweep,NoiseSweep-34-20260922-20:32:42-1127766,6,NoiseSweep-34-20260922-20:32:42-1127766|phase2|6,34,1,1,sha3,10,0.03,rep3-bch255-131-18\,,1.560162,0.227141,0.008727,0.013233,0.119941,0.001884,0.008766,0.012523,0.122247,0.003055,104,85,43,545,1,0
887,1,5.200015,4.12285,1.077165,777,sha3,OMNeT++; module=UavAuthNetwork.uav[7]; config=NoiseSweep,3.926378,0.057817,0.244929,0.092621,0.225607,3.655356,0.18354,0.092621,0.151911,0.185028,0.01123,0.851558,NoiseSweep,NoiseSweep-34-20260922-20:32:42-1127766,7,NoiseSweep-34-20260922-20:32:42-1127766|phase2|7,34,1,1,sha3,10,0.03,rep3-bch255-131-18\,,1.507122,0.18354,0.009096,0.013656,0.123659,0.001834,0.008595,0.012763,0.115975,0.002876,104,85,43,545,1,0
888,1,5.283624,4.161554,1.12207,777,sha3,OMNeT++; module=UavAuthNetwork.uav[8]; config=NoiseSweep,3.962606,0.060653,0.255804,0.093573,0.244446,3.665035,0.206342,0.093573,0.154046,0.173615,0.011802,0.877624,NoiseSweep,NoiseSweep-34-20260922-20:32:42-1127766,8,NoiseSweep-34-20260922-20:32:42-1127766|phase2|8,34,1,1,sha3,10,0.03,rep3-bch255-131-18\,,1.55149,0.206342,0.008876,0.013164,0.128397,0.001873,0.009017,0.012763,0.115854,0.004779,104,85,43,545,1,0
889,1,5.178715,4.10435,1.074365,777,sha3,OMNeT++; module=UavAuthNetwork.uav[9]; config=NoiseSweep,3.909237,0.065211,0.246992,0.091951,0.223261,3.628848,0.197415,0.091951,0.166538,0.161871,0.011211,0.851104,NoiseSweep,NoiseSweep-34-20260922-20:32:42-1127766,9,NoiseSweep-34-20260922-20:32:42-1127766|phase2|9,34,1,1,sha3,10,0.03,rep3-bch255-131-18\,,1.483228,0.197415,0.009127,0.012873,0.118258,0.001784,0.008946,0.013275,0.137785,0.003075,104,85,43,545,1,0
890,1,5.215998,4.137839,1.078159,777,sha3,OMNeT++; module=UavAuthNetwork.uav[0]; config=NoiseSweep,3.934714,0.058559,0.263602,0.095306,0.248624,3.654485,0.182027,0.095306,0.158043,0.171762,0.012513,0.829535,NoiseSweep,NoiseSweep-35-20260922-20:32:43-1127766,0,NoiseSweep-35-20260922-20:32:43-1127766|phase2|0,35,2,2,sha3,10,0.03,rep3-bch255-131-18\,,1.513523,0.182027,0.009808,0.013103,0.13552,0.002345,0.008807,0.012382,0.116566,0.009598,104,85,43,545,1,0
891,1,5.194321,4.120858,1.073463,777,sha3,OMNeT++; module=UavAuthNetwork.uav[1]; config=NoiseSweep,3.929083,0.056695,0.246729,0.090157,0.223881,3.648735,0.197335,0.090157,0.150098,0.182786,0.011461,0.849582,NoiseSweep,NoiseSweep-35-20260922-20:32:43-1127766,1,NoiseSweep-35-20260922-20:32:43-1127766|phase2|1,35,2,2,sha3,10,0.03,rep3-bch255-131-18\,,1.502978,0.197335,0.008506,0.012283,0.119461,0.001834,0.008747,0.012562,0.115584,0.003416,104,85,43,545,1,0
892,1,5.173735,4.090403,1.083332,777,sha3,OMNeT++; module=UavAuthNetwork.uav[2]; config=NoiseSweep,3.899249,0.056935,0.258927,0.090057,0.2246,3.622686,0.196264,0.090057,0.148775,0.159875,0.01104,0.858733,NoiseSweep,NoiseSweep-35-20260922-20:32:43-1127766,2,NoiseSweep-35-20260922-20:32:43-1127766|phase2|2,35,2,2,sha3,10,0.03,rep3-bch255-131-18\,,1.502133,0.196264,0.008505,0.012292,0.117959,0.001693,0.008475,0.012393,0.115173,0.002825,104,85,43,545,1,0
893,1,5.209412,4.160212,1.0492,777,sha3,OMNeT++; module=UavAuthNetwork.uav[3]; config=NoiseSweep,3.962535,0.063748,0.240712,0.092852,0.216164,3.639768,0.224736,0.092852,0.152422,0.204086,0.011973,0.833036,NoiseSweep,NoiseSweep-35-20260922-20:32:43-1127766,3,NoiseSweep-35-20260922-20:32:43-1127766|phase2|3,35,2,2,sha3,10,0.03,rep3-bch255-131-18\,,1.493998,0.224736,0.009007,0.013054,0.126144,0.002204,0.008477,0.012473,0.120864,0.00512,104,85,43,545,1,0
894,1,5.201448,4.130877,1.070571,777,sha3,OMNeT++; module=UavAuthNetwork.uav[4]; config=NoiseSweep,3.939983,0.056725,0.255178,0.089947,0.229748,3.652711,0.204609,0.089947,0.149026,0.169948,0.011,0.840823,NoiseSweep,NoiseSweep-35-20260922-20:32:43-1127766,4,NoiseSweep-35-20260922-20:32:43-1127766|phase2|4,35,2,2,sha3,10,0.03,rep3-bch255-131-18\,,1.495697,0.204609,0.008697,0.012443,0.117669,0.001753,0.008465,0.012352,0.115303,0.002595,104,85,43,545,1,0
895,1,5.234814,4.170551,1.064263,777,sha3,OMNeT++; module=UavAuthNetwork.uav[5]; config=NoiseSweep,3.979286,0.055403,0.26957,0.090097,0.217266,3.653032,0.246437,0.090097,0.149287,0.199652,0.011071,0.846997,NoiseSweep,NoiseSweep-35-20260922-20:32:43-1127766,5,NoiseSweep-35-20260922-20:32:43-1127766|phase2|5,35,2,2,sha3,10,0.03,rep3-bch255-131-18\,,1.533486,0.246437,0.008496,0.012414,0.117387,0.001783,0.008375,0.012042,0.115113,0.002465,104,85,43,545,1,0
896,1,5.205403,4.138953,1.06645,777,sha3,OMNeT++; module=UavAuthNetwork.uav[6]; config=NoiseSweep,3.945694,0.060552,0.256803,0.090909,0.237282,3.639838,0.225778,0.090909,0.164314,0.160766,0.011441,0.829168,NoiseSweep,NoiseSweep-35-20260922-20:32:43-1127766,6,NoiseSweep-35-20260922-20:32:43-1127766|phase2|6,35,2,2,sha3,10,0.03,rep3-bch255-131-18\,,1.484019,0.225778,0.008686,0.012524,0.117738,0.001773,0.008457,0.013846,0.127727,0.002655,104,85,43,545,1,0
897,1,5.230351,4.157707,1.072644,777,sha3,OMNeT++; module=UavAuthNetwork.uav[7]; config=NoiseSweep,3.963227,0.058528,0.251251,0.09181,0.239077,3.649165,0.228743,0.09181,0.15096,0.195254,0.01086,0.833566,NoiseSweep,NoiseSweep-35-20260922-20:32:43-1127766,7,NoiseSweep-35-20260922-20:32:43-1127766|phase2|7,35,2,2,sha3,10,0.03,rep3-bch255-131-18\,,1.519149,0.228743,0.008576,0.012704,0.122657,0.001713,0.008495,0.012364,0.116095,0.003156,104,85,43,545,1,0
898,1,5.223912,4.133551,1.090361,777,sha3,OMNeT++; module=UavAuthNetwork.uav[8]; config=NoiseSweep,3.941346,0.057236,0.258522,0.090607,0.230213,3.637944,0.222512,0.090607,0.150498,0.184573,0.010991,0.860147,NoiseSweep,NoiseSweep-35-20260922-20:32:43-1127766,8,NoiseSweep-35-20260922-20:32:43-1127766|phase2|8,35,2,2,sha3,10,0.03,rep3-bch255-131-18\,,1.533456,0.222512,0.008676,0.012493,0.118469,0.001733,0.008566,0.012654,0.115173,0.002806,104,85,43,545,1,0
899,1,5.157793,4.093518,1.064275,777,sha3,OMNeT++; module=UavAuthNetwork.uav[9]; config=NoiseSweep,3.901302,0.056375,0.248707,0.090708,0.230871,3.653223,0.169113,0.090708,0.149367,0.169293,0.0108,0.833405,NoiseSweep,NoiseSweep-35-20260922-20:32:43-1127766,9,NoiseSweep-35-20260922-20:32:43-1127766|phase2|9,35,2,2,sha3,10,0.03,rep3-bch255-131-18\,,1.482275,0.169113,0.008525,0.012243,0.117797,0.001683,0.008496,0.012352,0.115323,0.002525,104,85,43,545,1,0
900,1,2.603663,1.525484,1.078179,777,sha3,OMNeT++; module=UavAuthNetwork.uav[0]; config=NoiseSweep,1.32375,0.058859,0.256671,0.094305,0.249728,0.982659,0.244372,0.094305,0.164354,0.183693,0.013124,0.828452,NoiseSweep,NoiseSweep-36-20260922-20:32:43-1127766,0,NoiseSweep-36-20260922-20:32:43-1127766|phase2|0,36,0,0,sha3,10,0.05,bch255-131-18\,,1.518543,0.244372,0.009497,0.013013,0.134339,0.002544,0.008875,0.012804,0.116285,0.0162,104,85,43,545,1,0
901,0,0.0,0.0,0.0,0,sha3,OMNeT++; module=UavAuthNetwork.uav[1]; config=NoiseSweep,0.0,0.0,0.0,0.0,0.0,0.967131,0.212533,0.0,0.0,0.0,0.0,0.0,NoiseSweep,NoiseSweep-36-20260922-20:32:43-1127766,1,NoiseSweep-36-20260922-20:32:43-1127766|phase2|1,36,0,0,sha3,10,0.05,bch255-131-18\,,0.0,0.212533,0.0,0.0,0.0,0.0,0.0,0.0,0.0,0.0,0,0,0,0,0,0
902,1,2.566192,1.483538,1.082654,777,sha3,OMNeT++; module=UavAuthNetwork.uav[2]; config=NoiseSweep,1.29138,0.056184,0.251383,0.090338,0.240544,0.97262,0.238562,0.090338,0.149617,0.166302,0.011482,0.842109,NoiseSweep,NoiseSweep-36-20260922-20:32:43-1127766,2,NoiseSweep-36-20260922-20:32:43-1127766|phase2|2,36,0,0,sha3,10,0.05,bch255-131-18\,,1.500338,0.238562,0.008707,0.012332,0.117798,0.001854,0.008656,0.012183,0.115234,0.002825,104,85,43,545,1,0
903,1,2.551079,1.497611,1.053468,777,sha3,OMNeT++; module=UavAuthNetwork.uav[3]; config=NoiseSweep,1.299806,0.056204,0.244435,0.093362,0.225942,0.975886,0.243932,0.093362,0.149467,0.174349,0.011081,0.827526,NoiseSweep,NoiseSweep-36-20260922-20:32:43-1127766,3,NoiseSweep-36-20260922-20:32:43-1127766|phase2|3,36,0,0,sha3,10,0.05,bch255-131-18\,,1.472252,0.243932,0.008657,0.014467,0.118348,0.001713,0.008555,0.012152,0.115022,0.002565,104,85,43,545,1,0
904,1,2.545459,1.48596,1.059499,777,sha3,OMNeT++; module=UavAuthNetwork.uav[4]; config=NoiseSweep,1.294286,0.056154,0.270651,0.090257,0.23005,0.976027,0.239323,0.090257,0.155628,0.162469,0.01116,0.829448,NoiseSweep,NoiseSweep-36-20260922-20:32:43-1127766,4,NoiseSweep-36-20260922-20:32:43-1127766|phase2|4,36,0,0,sha3,10,0.05,bch255-131-18\,,1.492619,0.239323,0.008556,0.012073,0.117088,0.001804,0.008496,0.012493,0.121195,0.002584,104,85,43,545,1,0
905,1,2.636379,1.52857,1.107809,777,sha3,OMNeT++; module=UavAuthNetwork.uav[5]; config=NoiseSweep,1.334691,0.057907,0.241889,0.091169,0.257605,1.013957,0.236868,0.091169,0.152532,0.189383,0.011541,0.850204,NoiseSweep,NoiseSweep-36-20260922-20:32:43-1127766,5,NoiseSweep-36-20260922-20:32:43-1127766|phase2|5,36,0,0,sha3,10,0.05,bch255-131-18\,,1.539081,0.236868,0.008676,0.012963,0.120282,0.001874,0.008796,0.012613,0.115755,0.003927,104,85,43,545,1,0
906,0,0.0,0.0,0.0,0,sha3,OMNeT++; module=UavAuthNetwork.uav[6]; config=NoiseSweep,0.0,0.0,0.0,0.0,0.0,0.973392,0.222782,0.0,0.0,0.0,0.0,0.0,NoiseSweep,NoiseSweep-36-20260922-20:32:43-1127766,6,NoiseSweep-36-20260922-20:32:43-1127766|phase2|6,36,0,0,sha3,10,0.05,bch255-131-18\,,0.0,0.222782,0.0,0.0,0.0,0.0,0.0,0.0,0.0,0.0,0,0,0,0,0,0
907,1,2.556851,1.480841,1.07601,777,sha3,OMNeT++; module=UavAuthNetwork.uav[7]; config=NoiseSweep,1.287434,0.056695,0.245512,0.091058,0.227281,0.958725,0.247919,0.091058,0.152112,0.164592,0.011291,0.848729,NoiseSweep,NoiseSweep-36-20260922-20:32:43-1127766,7,NoiseSweep-36-20260922-20:32:43-1127766|phase2|7,36,0,0,sha3,10,0.05,bch255-131-18\,,1.486114,0.247919,0.008545,0.012423,0.11857,0.001783,0.008625,0.012402,0.115374,0.002585,104,85,43,545,1,0
908,1,2.559475,1.475251,1.084224,777,sha3,OMNeT++; module=UavAuthNetwork.uav[8]; config=NoiseSweep,1.269961,0.056545,0.252117,0.09719,0.244646,0.954146,0.236848,0.09719,0.150729,0.172502,0.01091,0.839578,NoiseSweep,NoiseSweep-36-20260922-20:32:43-1127766,8,NoiseSweep-36-20260922-20:32:43-1127766|phase2|8,36,0,0,sha3,10,0.05,bch255-131-18\,,1.508843,0.236848,0.008496,0.012534,0.123759,0.001773,0.008345,0.012414,0.115243,0.002505,104,85,43,545,1,0
909,1,2.516994,1.465433,1.051561,777,sha3,OMNeT++; module=UavAuthNetwork.uav[9]; config=NoiseSweep,1.275231,0.055192,0.242171,0.089726,0.214395,0.95583,0.239684,0.089726,0.148985,0.188,0.01075,0.837166,NoiseSweep,NoiseSweep-36-20260922-20:32:43-1127766,9,NoiseSweep-36-20260922-20:32:43-1127766|phase2|9,36,0,0,sha3,10,0.05,bch255-131-18\,,1.481733,0.239684,0.008486,0.011932,0.116957,0.001643,0.008235,0.011893,0.115143,0.002415,104,85,43,545,1,0
910,1,2.581557,1.525083,1.056474,777,sha3,OMNeT++; module=UavAuthNetwork.uav[0]; config=NoiseSweep,1.322438,0.066072,0.268297,0.095056,0.224628,0.982488,0.241538,0.095056,0.157692,0.158713,0.012533,0.831845,NoiseSweep,NoiseSweep-37-20260922-20:32:44-1127766,0,NoiseSweep-37-20260922-20:32:44-1127766|phase2|0,37,1,1,sha3,10,0.05,bch255-131-18\,,1.483483,0.241538,0.009538,0.013224,0.13533,0.002355,0.008975,0.012673,0.122949,0.008866,104,85,43,545,1,0
911,1,2.535215,1.478436,1.056779,777,sha3,OMNeT++; module=UavAuthNetwork.uav[1]; config=NoiseSweep,1.286331,0.055863,0.264262,0.090447,0.225093,0.966759,0.237991,0.090447,0.149227,0.175273,0.011211,0.831686,NoiseSweep,NoiseSweep-37-20260922-20:32:44-1127766,1,NoiseSweep-37-20260922-20:32:44-1127766|phase2|1,37,1,1,sha3,10,0.05,bch255-131-18\,,1.496314,0.237991,0.008587,0.012373,0.117508,0.001763,0.008457,0.012092,0.115374,0.002675,104,85,43,545,1,0
912,1,2.569406,1.480181,1.089225,777,sha3,OMNeT++; module=UavAuthNetwork.uav[2]; config=NoiseSweep,1.289107,0.056755,0.252213,0.090087,0.236517,0.964565,0.244282,0.090087,0.148515,0.169952,0.0109,0.852708,NoiseSweep,NoiseSweep-37-20260922-20:32:44-1127766,2,NoiseSweep-37-20260922-20:32:44-1127766|phase2|2,37,1,1,sha3,10,0.05,bch255-131-18\,,1.51139,0.244282,0.008686,0.012032,0.117267,0.001774,0.008647,0.012132,0.115514,0.002544,104,85,43,545,1,0
913,1,2.531153,1.456185,1.074968,777,sha3,OMNeT++; module=UavAuthNetwork.uav[3]; config=NoiseSweep,1.266164,0.055312,0.252408,0.089505,0.246567,0.956321,0.230597,0.089505,0.158222,0.165107,0.011011,0.828402,NoiseSweep,NoiseSweep-37-20260922-20:32:44-1127766,3,NoiseSweep-37-20260922-20:32:44-1127766|phase2|3,37,1,1,sha3,10,0.05,bch255-131-18\,,1.492483,0.230597,0.008517,0.011952,0.116857,0.001773,0.008374,0.012343,0.124671,0.002565,104,85,43,545,1,0
914,1,2.542518,1.480973,1.061545,777,sha3,OMNeT++; module=UavAuthNetwork.uav[4]; config=NoiseSweep,1.288025,0.056465,0.271349,0.090177,0.216598,0.97264,0.236218,0.090177,0.156981,0.179885,0.012594,0.844948,NoiseSweep,NoiseSweep-37-20260922-20:32:44-1127766,4,NoiseSweep-37-20260922-20:32:44-1127766|phase2|4,37,1,1,sha3,10,0.05,bch255-131-18\,,1.51278,0.236218,0.008666,0.012263,0.116987,0.001684,0.008406,0.012152,0.115074,0.010279,104,85,43,545,1,0
915,1,2.552149,1.46971,1.082439,777,sha3,OMNeT++; module=UavAuthNetwork.uav[5]; config=NoiseSweep,1.278416,0.055543,0.242388,0.090227,0.216014,0.951491,0.24822,0.090227,0.149717,0.159153,0.01084,0.866426,NoiseSweep,NoiseSweep-37-20260922-20:32:44-1127766,5,NoiseSweep-37-20260922-20:32:44-1127766|phase2|5,37,1,1,sha3,10,0.05,bch255-131-18\,,1.483981,0.24822,0.008736,0.012262,0.117087,0.001724,0.008284,0.012021,0.115174,0.002464,104,85,43,545,1,0
916,1,2.559418,1.48489,1.074528,777,sha3,OMNeT++; module=UavAuthNetwork.uav[6]; config=NoiseSweep,1.287433,0.057216,0.283112,0.089957,0.221452,0.969755,0.238902,0.089957,0.150138,0.202522,0.017543,0.853076,NoiseSweep,NoiseSweep-37-20260922-20:32:44-1127766,6,NoiseSweep-37-20260922-20:32:44-1127766|phase2|6,37,1,1,sha3,10,0.05,bch255-131-18\,,1.560162,0.238902,0.008606,0.011952,0.117026,0.001833,0.008695,0.012192,0.115253,0.002385,104,85,43,545,1,0
917,1,2.558116,1.480951,1.077165,777,sha3,OMNeT++; module=UavAuthNetwork.uav[7]; config=NoiseSweep,1.289046,0.055873,0.244929,0.090227,0.225607,0.96717,0.23202,0.090227,0.180675,0.185028,0.011451,0.851558,NoiseSweep,NoiseSweep-37-20260922-20:32:44-1127766,7,NoiseSweep-37-20260922-20:32:44-1127766|phase2|7,37,1,1,sha3,10,0.05,bch255-131-18\,,1.507122,0.23202,0.008496,0.012183,0.117078,0.001944,0.008506,0.01611,0.139548,0.003216,104,85,43,545,1,0
918,1,2.676387,1.554317,1.12207,777,sha3,OMNeT++; module=UavAuthNetwork.uav[8]; config=NoiseSweep,1.357422,0.058849,0.255804,0.092281,0.244446,1.017844,0.245525,0.092281,0.152522,0.173615,0.012333,0.877624,NoiseSweep,NoiseSweep-37-20260922-20:32:44-1127766,8,NoiseSweep-37-20260922-20:32:44-1127766|phase2|8,37,1,1,sha3,10,0.05,bch255-131-18\,,1.55149,0.245525,0.009147,0.012943,0.130422,0.002024,0.008546,0.012783,0.115763,0.004438,104,85,43,545,1,0
919,1,2.547401,1.473036,1.074365,777,sha3,OMNeT++; module=UavAuthNetwork.uav[9]; config=NoiseSweep,1.281412,0.057016,0.246992,0.090417,0.223261,0.964446,0.235265,0.090417,0.149406,0.161871,0.01079,0.851104,NoiseSweep,NoiseSweep-37-20260922-20:32:44-1127766,9,NoiseSweep-37-20260922-20:32:44-1127766|phase2|9,37,1,1,sha3,10,0.05,bch255-131-18\,,1.483228,0.235265,0.008585,0.012313,0.117678,0.001794,0.008525,0.012313,0.115313,0.002474,104,85,43,545,1,0
920,1,2.827517,1.749358,1.078159,777,sha3,OMNeT++; module=UavAuthNetwork.uav[0]; config=NoiseSweep,1.401835,0.059109,0.263602,0.16746,0.248624,1.024817,0.255133,0.16746,0.159766,0.171762,0.012603,0.829535,NoiseSweep,NoiseSweep-38-20260922-20:32:45-1127766,0,NoiseSweep-38-20260922-20:32:45-1127766|phase2|0,38,2,2,sha3,10,0.05,bch255-131-18\,,1.513523,0.255133,0.034294,0.014818,0.19954,0.002445,0.009247,0.012763,0.116545,0.01072,104,85,43,545,1,0
921,1,2.64303,1.569567,1.073463,777,sha3,OMNeT++; module=UavAuthNetwork.uav[1]; config=NoiseSweep,1.373904,0.057376,0.246729,0.09164,0.223881,1.019066,0.263729,0.09164,0.160487,0.182786,0.012383,0.849582,NoiseSweep,NoiseSweep-38-20260922-20:32:45-1127766,1,NoiseSweep-38-20260922-20:32:45-1127766|phase2|1,38,2,2,sha3,10,0.05,bch255-131-18\,,1.502978,0.263729,0.008827,0.012894,0.121454,0.001993,0.008616,0.012753,0.115805,0.003998,104,85,43,545,1,0
922,1,2.550146,1.466814,1.083332,777,sha3,OMNeT++; module=UavAuthNetwork.uav[2]; config=NoiseSweep,1.275361,0.056475,0.258927,0.090106,0.2246,0.954497,0.239053,0.090106,0.148625,0.159875,0.011241,0.858733,NoiseSweep,NoiseSweep-38-20260922-20:32:45-1127766,2,NoiseSweep-38-20260922-20:32:45-1127766|phase2|2,38,2,2,sha3,10,0.05,bch255-131-18\,,1.502133,0.239053,0.008587,0.012102,0.117557,0.001814,0.008576,0.012123,0.115193,0.002565,104,85,43,545,1,0
923,0,0.0,0.0,0.0,0,sha3,OMNeT++; module=UavAuthNetwork.uav[3]; config=NoiseSweep,0.0,0.0,0.0,0.0,0.0,0.97778,0.210319,0.0,0.0,0.0,0.0,0.0,NoiseSweep,NoiseSweep-38-20260922-20:32:45-1127766,3,NoiseSweep-38-20260922-20:32:45-1127766|phase2|3,38,2,2,sha3,10,0.05,bch255-131-18\,,0.0,0.210319,0.0,0.0,0.0,0.0,0.0,0.0,0.0,0.0,0,0,0,0,0,0
924,1,2.548566,1.499967,1.048599,777,sha3,OMNeT++; module=UavAuthNetwork.uav[4]; config=NoiseSweep,1.306869,0.056114,0.240412,0.090959,0.215864,0.976337,0.250264,0.090959,0.149517,0.203786,0.01118,0.832736,NoiseSweep,NoiseSweep-38-20260922-20:32:45-1127766,4,NoiseSweep-38-20260922-20:32:45-1127766|phase2|4,38,2,2,sha3,10,0.05,bch255-131-18\,,1.492796,0.250264,0.008677,0.012433,0.118479,0.001864,0.008546,0.011981,0.115303,0.002925,104,85,43,545,1,0
925,1,2.558825,1.487653,1.071172,777,sha3,OMNeT++; module=UavAuthNetwork.uav[5]; config=NoiseSweep,1.296951,0.056935,0.255479,0.089746,0.230049,0.975436,0.241226,0.089746,0.157882,0.170248,0.01121,0.841123,NoiseSweep,NoiseSweep-38-20260922-20:32:45-1127766,5,NoiseSweep-38-20260922-20:32:45-1127766|phase2|5,38,2,2,sha3,10,0.05,bch255-131-18\,,1.496899,0.241226,0.008377,0.012092,0.117076,0.001834,0.008566,0.012683,0.123599,0.002645,104,85,43,545,1,0
926,1,2.572756,1.508383,1.064373,777,sha3,OMNeT++; module=UavAuthNetwork.uav[6]; config=NoiseSweep,1.286272,0.055593,0.269626,0.090137,0.217321,0.964907,0.240695,0.090137,0.148215,0.199708,0.041837,0.847052,NoiseSweep,NoiseSweep-38-20260922-20:32:45-1127766,6,NoiseSweep-38-20260922-20:32:45-1127766|phase2|6,38,2,2,sha3,10,0.05,bch255-131-18\,,1.533707,0.240695,0.008466,0.011992,0.117588,0.002294,0.008417,0.011792,0.115364,0.002535,104,85,43,545,1,0
927,1,2.5794,1.51295,1.06645,777,sha3,OMNeT++; module=UavAuthNetwork.uav[7]; config=NoiseSweep,1.321546,0.056935,0.256803,0.090157,0.237282,0.977389,0.256545,0.090157,0.148535,0.160766,0.01109,0.829168,NoiseSweep,NoiseSweep-38-20260922-20:32:45-1127766,7,NoiseSweep-38-20260922-20:32:45-1127766|phase2|7,38,2,2,sha3,10,0.05,bch255-131-18\,,1.484019,0.256545,0.008536,0.012263,0.12409,0.001804,0.008567,0.012233,0.115113,0.002735,104,85,43,545,1,0
928,1,2.77143,1.698786,1.072644,777,sha3,OMNeT++; module=UavAuthNetwork.uav[8]; config=NoiseSweep,1.427122,0.056785,0.251251,0.130001,0.239077,1.0916,0.251175,0.130001,0.15679,0.195254,0.011662,0.833566,NoiseSweep,NoiseSweep-38-20260922-20:32:45-1127766,8,NoiseSweep-38-20260922-20:32:45-1127766|phase2|8,38,2,2,sha3,10,0.05,bch255-131-18\,,1.519149,0.251175,0.012874,0.020277,0.147232,0.002054,0.009988,0.012813,0.118158,0.004007,104,85,43,545,1,0
929,0,0.0,0.0,0.0,0,sha3,OMNeT++; module=UavAuthNetwork.uav[9]; config=NoiseSweep,0.0,0.0,0.0,0.0,0.0,0.987438,0.227341,0.0,0.0,0.0,0.0,0.0,NoiseSweep,NoiseSweep-38-20260922-20:32:45-1127766,9,NoiseSweep-38-20260922-20:32:45-1127766|phase2|9,38,2,2,sha3,10,0.05,bch255-131-18\,,0.0,0.227341,0.0,0.0,0.0,0.0,0.0,0.0,0.0,0.0,0,0,0,0,0,0
930,1,3.021406,1.943227,1.078179,777,sha3,OMNeT++; module=UavAuthNetwork.uav[0]; config=NoiseSweep,1.740752,0.058728,0.256671,0.094966,0.249728,1.203788,0.422653,0.094966,0.157342,0.183693,0.012543,0.828452,NoiseSweep,NoiseSweep-39-20260922-20:32:46-1127766,0,NoiseSweep-39-20260922-20:32:46-1127766|phase2|0,39,0,0,sha3,10,0.05,bch255-91-25\,,1.518543,0.422653,0.009408,0.014237,0.137093,0.002365,0.009068,0.012383,0.116165,0.009438,104,85,43,545,1,0
931,1,2.985536,1.903483,1.082053,777,sha3,OMNeT++; module=UavAuthNetwork.uav[1]; config=NoiseSweep,1.709695,0.055934,0.251082,0.091329,0.240244,1.221762,0.391124,0.091329,0.149497,0.166001,0.01113,0.841809,NoiseSweep,NoiseSweep-39-20260922-20:32:46-1127766,1,NoiseSweep-39-20260922-20:32:46-1127766|phase2|1,39,0,0,sha3,10,0.05,bch255-91-25\,,1.499136,0.391124,0.008555,0.012083,0.121084,0.001783,0.008506,0.012032,0.115263,0.003306,104,85,43,545,1,0
932,1,2.95064,1.897172,1.053468,777,sha3,OMNeT++; module=UavAuthNetwork.uav[2]; config=NoiseSweep,1.705827,0.056325,0.244435,0.090077,0.225942,1.221441,0.391375,0.090077,0.148575,0.174349,0.011191,0.827526,NoiseSweep,NoiseSweep-39-20260922-20:32:46-1127766,2,NoiseSweep-39-20260922-20:32:46-1127766|phase2|2,39,0,0,sha3,10,0.05,bch255-91-25\,,1.472252,0.391375,0.008646,0.012003,0.117256,0.001763,0.008416,0.012172,0.115275,0.002715,104,85,43,545,1,0
933,1,2.959026,1.898926,1.0601,777,sha3,OMNeT++; module=UavAuthNetwork.uav[3]; config=NoiseSweep,1.706529,0.056164,0.270952,0.090718,0.230351,1.216342,0.396083,0.090718,0.148374,0.16277,0.010961,0.829749,NoiseSweep,NoiseSweep-39-20260922-20:32:46-1127766,3,NoiseSweep-39-20260922-20:32:46-1127766|phase2|3,39,0,0,sha3,10,0.05,bch255-91-25\,,1.493821,0.396083,0.008426,0.012573,0.118049,0.001753,0.008385,0.012253,0.115334,0.002575,104,85,43,545,1,0
934,1,2.980004,1.872795,1.107209,777,sha3,OMNeT++; module=UavAuthNetwork.uav[4]; config=NoiseSweep,1.681813,0.056575,0.241588,0.090116,0.257305,1.19367,0.395753,0.090116,0.148946,0.189083,0.01075,0.849904,NoiseSweep,NoiseSweep-39-20260922-20:32:46-1127766,4,NoiseSweep-39-20260922-20:32:46-1127766|phase2|4,39,0,0,sha3,10,0.05,bch255-91-25\,,1.53788,0.395753,0.008666,0.012122,0.117086,0.001733,0.008534,0.012143,0.115203,0.002475,104,85,43,545,1,0
935,1,2.979975,1.904075,1.0759,777,sha3,OMNeT++; module=UavAuthNetwork.uav[5]; config=NoiseSweep,1.711388,0.056324,0.245457,0.090708,0.227226,1.225438,0.386255,0.090708,0.149707,0.164536,0.011271,0.848674,NoiseSweep,NoiseSweep-39-20260922-20:32:46-1127766,5,NoiseSweep-39-20260922-20:32:46-1127766|phase2|5,39,0,0,sha3,10,0.05,bch255-91-25\,,1.485893,0.386255,0.008697,0.012623,0.12466,0.001914,0.008626,0.012142,0.115204,0.003076,104,85,43,545,1,0
936,1,2.989984,1.90576,1.084224,777,sha3,OMNeT++; module=UavAuthNetwork.uav[6]; config=NoiseSweep,1.715055,0.055984,0.252117,0.089867,0.244646,1.216001,0.406623,0.089867,0.148224,0.172502,0.010971,0.839578,NoiseSweep,NoiseSweep-39-20260922-20:32:46-1127766,6,NoiseSweep-39-20260922-20:32:46-1127766|phase2|6,39,0,0,sha3,10,0.05,bch255-91-25\,,1.508843,0.406623,0.008897,0.012302,0.116976,0.001753,0.008336,0.011932,0.115083,0.002545,104,85,43,545,1,0
937,1,2.943793,1.892232,1.051561,777,sha3,OMNeT++; module=UavAuthNetwork.uav[7]; config=NoiseSweep,1.702071,0.055703,0.242171,0.089706,0.214395,1.217134,0.392987,0.089706,0.148084,0.188,0.010749,0.837166,NoiseSweep,NoiseSweep-39-20260922-20:32:46-1127766,7,NoiseSweep-39-20260922-20:32:46-1127766|phase2|7,39,0,0,sha3,10,0.05,bch255-91-25\,,1.481733,0.392987,0.008526,0.012022,0.117097,0.001743,0.008475,0.012013,0.114992,0.002465,104,85,43,545,1,0
938,1,2.948473,1.884098,1.064375,777,sha3,OMNeT++; module=UavAuthNetwork.uav[8]; config=NoiseSweep,1.691231,0.056624,0.258842,0.090748,0.223481,1.207125,0.392005,0.090748,0.149477,0.217914,0.011371,0.840894,NoiseSweep,NoiseSweep-39-20260922-20:32:46-1127766,8,NoiseSweep-39-20260922-20:32:46-1127766|phase2|8,39,0,0,sha3,10,0.05,bch255-91-25\,,1.541131,0.392005,0.008495,0.012192,0.118649,0.002124,0.008406,0.012012,0.115193,0.002705,104,85,43,545,1,0
939,1,2.940612,1.86409,1.076522,777,sha3,OMNeT++; module=UavAuthNetwork.uav[9]; config=NoiseSweep,1.673397,0.056024,0.263986,0.090017,0.224282,1.188571,0.390953,0.090017,0.148144,0.158638,0.010659,0.852241,NoiseSweep,NoiseSweep-39-20260922-20:32:46-1127766,9,NoiseSweep-39-20260922-20:32:46-1127766|phase2|9,39,0,0,sha3,10,0.05,bch255-91-25\,,1.499146,0.390953,0.008506,0.012033,0.118158,0.001653,0.008467,0.012152,0.115052,0.002455,104,85,43,545,1,0
940,1,2.518741,1.462267,1.056474,777,sha3,OMNeT++; module=UavAuthNetwork.uav[0]; config=NoiseSweep,1.290599,0.049331,0.268297,0.080479,0.224628,1.038091,0.155759,0.080479,0.134088,0.158713,0.01071,0.831845,NoiseSweep,NoiseSweep-4-20260922-20:32:28-1127766,0,NoiseSweep-4-20260922-20:32:28-1127766|phase2|0,4,1,1,sha3,10,0.0,bch255-91-25\,,1.483483,0.155759,0.007984,0.0109,0.114943,0.002133,0.007484,0.01033,0.098994,0.008005,104,85,43,545,1,0
941,1,2.516753,1.459974,1.056779,777,sha3,OMNeT++; module=UavAuthNetwork.uav[1]; config=NoiseSweep,1.282965,0.047778,0.264262,0.083345,0.225093,1.047419,0.154896,0.083345,0.148735,0.175273,0.010319,0.831686,NoiseSweep,NoiseSweep-4-20260922-20:32:28-1127766,1,NoiseSweep-4-20260922-20:32:28-1127766|phase2|1,4,1,1,sha3,10,0.0,bch255-91-25\,,1.496314,0.154896,0.007425,0.010539,0.10777,0.001693,0.007283,0.01046,0.101799,0.003536,104,85,43,545,1,0
942,1,2.575297,1.486072,1.089225,777,sha3,OMNeT++; module=UavAuthNetwork.uav[2]; config=NoiseSweep,1.312329,0.056434,0.252213,0.08075,0.236517,1.069079,0.15657,0.08075,0.14011,0.169952,0.012243,0.852708,NoiseSweep,NoiseSweep-4-20260922-20:32:28-1127766,2,NoiseSweep-4-20260922-20:32:28-1127766|phase2|2,4,1,1,sha3,10,0.0,bch255-91-25\,,1.51139,0.15657,0.007834,0.012182,0.108802,0.002655,0.009627,0.012424,0.107278,0.004048,104,85,43,545,1,0
943,1,2.572151,1.497183,1.074968,777,sha3,OMNeT++; module=UavAuthNetwork.uav[3]; config=NoiseSweep,1.330033,0.04872,0.252408,0.078706,0.246567,1.078397,0.163362,0.078706,0.12967,0.165107,0.009738,0.828402,NoiseSweep,NoiseSweep-4-20260922-20:32:28-1127766,3,NoiseSweep-4-20260922-20:32:28-1127766|phase2|3,4,1,1,sha3,10,0.0,bch255-91-25\,,1.492483,0.163362,0.007434,0.011191,0.104503,0.001603,0.007174,0.010479,0.099113,0.003687,104,85,43,545,1,0
944,1,2.503967,1.442422,1.061545,777,sha3,OMNeT++; module=UavAuthNetwork.uav[4]; config=NoiseSweep,1.265974,0.04826,0.271349,0.083385,0.216598,1.035547,0.150369,0.083385,0.136492,0.179885,0.009678,0.844948,NoiseSweep,NoiseSweep-4-20260922-20:32:28-1127766,4,NoiseSweep-4-20260922-20:32:28-1127766|phase2|4,4,1,1,sha3,10,0.0,bch255-91-25\,,1.51278,0.150369,0.007305,0.014247,0.102679,0.001613,0.007564,0.010429,0.100236,0.002425,104,85,43,545,1,0
945,1,2.5253,1.442861,1.082439,777,sha3,OMNeT++; module=UavAuthNetwork.uav[5]; config=NoiseSweep,1.278968,0.04816,0.242388,0.077303,0.216014,1.042761,0.155498,0.077303,0.127987,0.159153,0.009287,0.866426,NoiseSweep,NoiseSweep-4-20260922-20:32:28-1127766,5,NoiseSweep-4-20260922-20:32:28-1127766|phase2|5,4,1,1,sha3,10,0.0,bch255-91-25\,,1.483981,0.155498,0.007373,0.01064,0.101599,0.001532,0.007213,0.010399,0.099133,0.002294,104,85,43,545,1,0
946,1,2.497673,1.423145,1.074528,777,sha3,OMNeT++; module=UavAuthNetwork.uav[6]; config=NoiseSweep,1.249843,0.048309,0.283112,0.081962,0.221452,1.019187,0.15134,0.081962,0.127025,0.202522,0.009378,0.853076,NoiseSweep,NoiseSweep-4-20260922-20:32:28-1127766,6,NoiseSweep-4-20260922-20:32:28-1127766|phase2|6,4,1,1,sha3,10,0.0,bch255-91-25\,,1.560162,0.15134,0.007154,0.01587,0.100105,0.001483,0.007254,0.01041,0.098453,0.002154,104,85,43,545,1,0
947,1,2.508444,1.431279,1.077165,777,sha3,OMNeT++; module=UavAuthNetwork.uav[7]; config=NoiseSweep,1.266124,0.047338,0.244929,0.077994,0.225607,1.038031,0.149978,0.077994,0.126514,0.185028,0.009167,0.851558,NoiseSweep,NoiseSweep-4-20260922-20:32:28-1127766,7,NoiseSweep-4-20260922-20:32:28-1127766|phase2|7,4,1,1,sha3,10,0.0,bch255-91-25\,,1.507122,0.149978,0.007274,0.01036,0.100987,0.001453,0.007173,0.010139,0.097921,0.002094,104,85,43,545,1,0
948,1,2.555733,1.433663,1.12207,777,sha3,OMNeT++; module=UavAuthNetwork.uav[8]; config=NoiseSweep,1.268729,0.061574,0.255804,0.077613,0.244446,1.039655,0.150879,0.077613,0.126995,0.173615,0.009708,0.877624,NoiseSweep,NoiseSweep-4-20260922-20:32:28-1127766,8,NoiseSweep-4-20260922-20:32:28-1127766|phase2|8,4,1,1,sha3,10,0.0,bch255-91-25\,,1.55149,0.150879,0.007224,0.010629,0.100366,0.001573,0.007545,0.021098,0.099935,0.002504,104,85,43,545,1,0
949,1,2.532623,1.458258,1.074365,777,sha3,OMNeT++; module=UavAuthNetwork.uav[9]; config=NoiseSweep,1.294987,0.047969,0.246992,0.076922,0.223261,1.037791,0.177649,0.076922,0.126684,0.161871,0.009427,0.851104,NoiseSweep,NoiseSweep-4-20260922-20:32:28-1127766,9,NoiseSweep-4-20260922-20:32:28-1127766|phase2|9,4,1,1,sha3,10,0.0,bch255-91-25\,,1.483228,0.177649,0.007283,0.010399,0.100687,0.001483,0.007173,0.010338,0.098402,0.002354,104,85,43,545,1,0
950,1,2.996526,1.940052,1.056474,777,sha3,OMNeT++; module=UavAuthNetwork.uav[0]; config=NoiseSweep,1.735272,0.058819,0.268297,0.096138,0.224628,1.20991,0.402986,0.096138,0.157612,0.158713,0.012504,0.831845,NoiseSweep,NoiseSweep-40-20260922-20:32:46-1127766,0,NoiseSweep-40-20260922-20:32:46-1127766|phase2|0,40,1,1,sha3,10,0.05,bch255-91-25\,,1.483483,0.402986,0.009527,0.018133,0.137014,0.002444,0.008947,0.012564,0.116416,0.009147,104,85,43,545,1,0
951,1,2.979707,1.922928,1.056779,777,sha3,OMNeT++; module=UavAuthNetwork.uav[1]; config=NoiseSweep,1.730473,0.057086,0.264262,0.090527,0.225093,1.221691,0.412253,0.090527,0.149637,0.175273,0.011401,0.831686,NoiseSweep,NoiseSweep-40-20260922-20:32:46-1127766,1,NoiseSweep-40-20260922-20:32:46-1127766|phase2|1,40,1,1,sha3,10,0.05,bch255-91-25\,,1.496314,0.412253,0.008676,0.012634,0.119081,0.001883,0.008635,0.012683,0.115374,0.003106,104,85,43,545,1,0
952,1,3.023807,1.934582,1.089225,777,sha3,OMNeT++; module=UavAuthNetwork.uav[2]; config=NoiseSweep,1.73947,0.058348,0.252213,0.09157,0.236517,1.247449,0.39407,0.09157,0.150699,0.169952,0.011972,0.852708,NoiseSweep,NoiseSweep-40-20260922-20:32:46-1127766,2,NoiseSweep-40-20260922-20:32:46-1127766|phase2|2,40,1,1,sha3,10,0.05,bch255-91-25\,,1.51139,0.39407,0.008957,0.013415,0.120854,0.002104,0.008766,0.012835,0.115583,0.003657,104,85,43,545,1,0
953,1,2.964315,1.889347,1.074968,777,sha3,OMNeT++; module=UavAuthNetwork.uav[3]; config=NoiseSweep,1.698343,0.056465,0.252408,0.089987,0.246567,1.223314,0.381056,0.089987,0.149366,0.165107,0.01103,0.828402,NoiseSweep,NoiseSweep-40-20260922-20:32:46-1127766,3,NoiseSweep-40-20260922-20:32:46-1127766|phase2|3,40,1,1,sha3,10,0.05,bch255-91-25\,,1.492483,0.381056,0.008635,0.012392,0.117256,0.001814,0.008446,0.012383,0.115434,0.002675,104,85,43,545,1,0
954,1,2.956743,1.895198,1.061545,777,sha3,OMNeT++; module=UavAuthNetwork.uav[4]; config=NoiseSweep,1.70147,0.056565,0.271349,0.091369,0.216598,1.223555,0.385103,0.091369,0.148815,0.179885,0.01099,0.844948,NoiseSweep,NoiseSweep-40-20260922-20:32:46-1127766,4,NoiseSweep-40-20260922-20:32:46-1127766|phase2|4,40,1,1,sha3,10,0.05,bch255-91-25\,,1.51278,0.385103,0.008525,0.012133,0.11859,0.001743,0.008384,0.012102,0.114984,0.002524,104,85,43,545,1,0
955,1,2.986142,1.903703,1.082439,777,sha3,OMNeT++; module=UavAuthNetwork.uav[5]; config=NoiseSweep,1.713211,0.056334,0.242388,0.089886,0.216014,1.227693,0.392847,0.089886,0.148946,0.159153,0.01072,0.866426,NoiseSweep,NoiseSweep-40-20260922-20:32:46-1127766,5,NoiseSweep-40-20260922-20:32:46-1127766|phase2|5,40,1,1,sha3,10,0.05,bch255-91-25\,,1.483981,0.392847,0.008507,0.012284,0.117076,0.001693,0.008516,0.012192,0.115242,0.002545,104,85,43,545,1,0
956,1,3.001485,1.926957,1.074528,777,sha3,OMNeT++; module=UavAuthNetwork.uav[6]; config=NoiseSweep,1.731766,0.058579,0.283112,0.09176,0.221452,1.21496,0.418765,0.09176,0.15136,0.202522,0.011671,0.853076,NoiseSweep,NoiseSweep-40-20260922-20:32:46-1127766,6,NoiseSweep-40-20260922-20:32:46-1127766|phase2|6,40,1,1,sha3,10,0.05,bch255-91-25\,,1.560162,0.418765,0.008866,0.013555,0.121085,0.002044,0.008636,0.012593,0.115735,0.003627,104,85,43,545,1,0
957,1,2.969799,1.892634,1.077165,777,sha3,OMNeT++; module=UavAuthNetwork.uav[7]; config=NoiseSweep,1.699667,0.056244,0.244929,0.090738,0.225607,1.217053,0.378921,0.090738,0.157291,0.185028,0.011491,0.851558,NoiseSweep,NoiseSweep-40-20260922-20:32:46-1127766,7,NoiseSweep-40-20260922-20:32:46-1127766|phase2|7,40,1,1,sha3,10,0.05,bch255-91-25\,,1.507122,0.378921,0.008615,0.012213,0.11873,0.001843,0.008426,0.012021,0.115242,0.002675,104,85,43,545,1,0
958,1,3.018191,1.896121,1.12207,777,sha3,OMNeT++; module=UavAuthNetwork.uav[8]; config=NoiseSweep,1.705477,0.056935,0.255804,0.089877,0.244446,1.219447,0.393228,0.089877,0.15661,0.173615,0.01089,0.877624,NoiseSweep,NoiseSweep-40-20260922-20:32:46-1127766,8,NoiseSweep-40-20260922-20:32:46-1127766|phase2|8,40,1,1,sha3,10,0.05,bch255-91-25\,,1.55149,0.393228,0.008475,0.012132,0.117429,0.001783,0.008566,0.012422,0.115204,0.002585,104,85,43,545,1,0
959,1,2.95166,1.877295,1.074365,777,sha3,OMNeT++; module=UavAuthNetwork.uav[9]; config=NoiseSweep,1.686613,0.055523,0.246992,0.089976,0.223261,1.215039,0.378601,0.089976,0.156029,0.161871,0.01073,0.851104,NoiseSweep,NoiseSweep-40-20260922-20:32:46-1127766,9,NoiseSweep-40-20260922-20:32:46-1127766|phase2|9,40,1,1,sha3,10,0.05,bch255-91-25\,,1.483228,0.378601,0.008466,0.012053,0.117397,0.001674,0.008227,0.011892,0.114992,0.002555,104,85,43,545,1,0
960,1,3.025705,1.947546,1.078159,777,sha3,OMNeT++; module=UavAuthNetwork.uav[0]; config=NoiseSweep,1.747255,0.058638,0.263602,0.093984,0.248624,1.236429,0.401182,0.093984,0.157542,0.171762,0.012323,0.829535,NoiseSweep,NoiseSweep-41-20260922-20:32:47-1127766,0,NoiseSweep-41-20260922-20:32:47-1127766|phase2|0,41,2,2,sha3,10,0.05,bch255-91-25\,,1.513523,0.401182,0.009367,0.013064,0.134018,0.002355,0.008986,0.012452,0.116126,0.009298,104,85,43,545,1,0
961,1,2.944276,1.870813,1.073463,777,sha3,OMNeT++; module=UavAuthNetwork.uav[1]; config=NoiseSweep,1.678968,0.055924,0.246729,0.090337,0.223881,1.18845,0.389712,0.090337,0.149266,0.182786,0.011171,0.849582,NoiseSweep,NoiseSweep-41-20260922-20:32:47-1127766,1,NoiseSweep-41-20260922-20:32:47-1127766|phase2|1,41,2,2,sha3,10,0.05,bch255-91-25\,,1.502978,0.389712,0.008757,0.012162,0.117697,0.001824,0.008685,0.012143,0.115114,0.002675,104,85,43,545,1,0
962,1,2.971526,1.888194,1.083332,777,sha3,OMNeT++; module=UavAuthNetwork.uav[2]; config=NoiseSweep,1.697211,0.056715,0.258927,0.089726,0.2246,1.207375,0.389671,0.089726,0.154716,0.159875,0.011531,0.858733,NoiseSweep,NoiseSweep-41-20260922-20:32:47-1127766,2,NoiseSweep-41-20260922-20:32:47-1127766|phase2|2,41,2,2,sha3,10,0.05,bch255-91-25\,,1.502133,0.389671,0.008495,0.012183,0.117197,0.001833,0.008566,0.012453,0.115073,0.002735,104,85,43,545,1,0
963,1,2.941431,1.892231,1.0492,777,sha3,OMNeT++; module=UavAuthNetwork.uav[3]; config=NoiseSweep,1.701119,0.056314,0.240712,0.089946,0.216164,1.217614,0.389771,0.089946,0.157041,0.204086,0.01122,0.833036,NoiseSweep,NoiseSweep-41-20260922-20:32:47-1127766,3,NoiseSweep-41-20260922-20:32:47-1127766|phase2|3,41,2,2,sha3,10,0.05,bch255-91-25\,,1.493998,0.389771,0.008747,0.011983,0.118048,0.001853,0.008397,0.012703,0.115113,0.002765,104,85,43,545,1,0
964,1,2.962112,1.891541,1.070571,777,sha3,OMNeT++; module=UavAuthNetwork.uav[4]; config=NoiseSweep,1.699997,0.057927,0.255178,0.090277,0.229748,1.219327,0.386015,0.090277,0.157862,0.169948,0.01099,0.840823,NoiseSweep,NoiseSweep-41-20260922-20:32:47-1127766,4,NoiseSweep-41-20260922-20:32:47-1127766|phase2|4,41,2,2,sha3,10,0.05,bch255-91-25\,,1.495697,0.386015,0.008947,0.012191,0.118349,0.001774,0.008726,0.012924,0.121615,0.003116,104,85,43,545,1,0
965,1,2.984046,1.919783,1.064263,777,sha3,OMNeT++; module=UavAuthNetwork.uav[5]; config=NoiseSweep,1.723871,0.058549,0.26957,0.09196,0.217266,1.227602,0.397997,0.09196,0.161368,0.199652,0.011992,0.846997,NoiseSweep,NoiseSweep-41-20260922-20:32:47-1127766,5,NoiseSweep-41-20260922-20:32:47-1127766|phase2|5,41,2,2,sha3,10,0.05,bch255-91-25\,,1.533486,0.397997,0.009157,0.013425,0.121104,0.002224,0.008827,0.013195,0.12407,0.003707,104,85,43,545,1,0
966,1,2.97959,1.91314,1.06645,777,sha3,OMNeT++; module=UavAuthNetwork.uav[6]; config=NoiseSweep,1.707751,0.057767,0.256803,0.097049,0.237282,1.219848,0.394109,0.097049,0.150168,0.160766,0.011291,0.829168,NoiseSweep,NoiseSweep-41-20260922-20:32:47-1127766,6,NoiseSweep-41-20260922-20:32:47-1127766|phase2|6,41,2,2,sha3,10,0.05,bch255-91-25\,,1.484019,0.394109,0.008785,0.012453,0.123419,0.001793,0.008746,0.012304,0.115373,0.002675,104,85,43,545,1,0
967,1,2.981095,1.908451,1.072644,777,sha3,OMNeT++; module=UavAuthNetwork.uav[7]; config=NoiseSweep,1.713922,0.057005,0.251251,0.091629,0.239077,1.218917,0.402254,0.091629,0.15176,0.195254,0.011271,0.833566,NoiseSweep,NoiseSweep-41-20260922-20:32:47-1127766,7,NoiseSweep-41-20260922-20:32:47-1127766|phase2|7,41,2,2,sha3,10,0.05,bch255-91-25\,,1.519149,0.402254,0.008756,0.012583,0.117617,0.001803,0.008726,0.012394,0.115304,0.002545,104,85,43,545,1,0
968,1,3.045439,1.955078,1.090361,777,sha3,OMNeT++; module=UavAuthNetwork.uav[8]; config=NoiseSweep,1.759918,0.060032,0.258522,0.091709,0.230213,1.250295,0.39974,0.091709,0.152443,0.184573,0.011742,0.860147,NoiseSweep,NoiseSweep-41-20260922-20:32:47-1127766,8,NoiseSweep-41-20260922-20:32:47-1127766|phase2|8,41,2,2,sha3,10,0.05,bch255-91-25\,,1.533456,0.39974,0.009038,0.013295,0.133056,0.002104,0.009066,0.013245,0.116315,0.004018,104,85,43,545,1,0
969,1,2.965103,1.900828,1.064275,777,sha3,OMNeT++; module=UavAuthNetwork.uav[9]; config=NoiseSweep,1.709234,0.056736,0.248707,0.090287,0.230871,1.210571,0.404579,0.090287,0.150148,0.169293,0.01102,0.833405,NoiseSweep,NoiseSweep-41-20260922-20:32:47-1127766,9,NoiseSweep-41-20260922-20:32:47-1127766|phase2|9,41,2,2,sha3,10,0.05,bch255-91-25\,,1.482275,0.404579,0.008707,0.012464,0.117236,0.001763,0.008737,0.012283,0.115513,0.002615,104,85,43,545,1,0
970,1,5.277343,4.199164,1.078179,777,sha3,OMNeT++; module=UavAuthNetwork.uav[0]; config=NoiseSweep,3.99719,0.058608,0.256671,0.094555,0.249728,3.624019,0.27561,0.094555,0.159966,0.183693,0.012864,0.828452,NoiseSweep,NoiseSweep-42-20260922-20:32:48-1127766,0,NoiseSweep-42-20260922-20:32:48-1127766|phase2|0,42,0,0,sha3,10,0.05,rep3-bch255-131-18\,,1.518543,0.27561,0.009927,0.012924,0.134429,0.002315,0.008896,0.012273,0.116315,0.011261,104,85,43,545,1,0
971,1,5.313515,4.231462,1.082053,777,sha3,OMNeT++; module=UavAuthNetwork.uav[1]; config=NoiseSweep,4.023598,0.058739,0.251082,0.098111,0.240244,3.649927,0.283555,0.098111,0.153394,0.166001,0.011642,0.841809,NoiseSweep,NoiseSweep-42-20260922-20:32:48-1127766,1,NoiseSweep-42-20260922-20:32:48-1127766|phase2|1,42,0,0,sha3,10,0.05,rep3-bch255-131-18\,,1.499136,0.283555,0.014077,0.013115,0.125703,0.001884,0.008875,0.012572,0.115924,0.004418,104,85,43,545,1,0
972,1,5.249897,4.196429,1.053468,777,sha3,OMNeT++; module=UavAuthNetwork.uav[2]; config=NoiseSweep,4.005495,0.057236,0.244435,0.089947,0.225942,3.645098,0.279287,0.089947,0.148515,0.174349,0.01104,0.827526,NoiseSweep,NoiseSweep-42-20260922-20:32:48-1127766,2,NoiseSweep-42-20260922-20:32:48-1127766|phase2|2,42,0,0,sha3,10,0.05,rep3-bch255-131-18\,,1.472252,0.279287,0.008686,0.012223,0.117407,0.001773,0.008516,0.012413,0.115293,0.002665,104,85,43,545,1,0
973,1,5.233465,4.173365,1.0601,777,sha3,OMNeT++; module=UavAuthNetwork.uav[3]; config=NoiseSweep,3.981721,0.056254,0.270952,0.090277,0.230351,3.650909,0.250874,0.090277,0.148835,0.16277,0.01109,0.829749,NoiseSweep,NoiseSweep-42-20260922-20:32:48-1127766,3,NoiseSweep-42-20260922-20:32:48-1127766|phase2|3,42,0,0,sha3,10,0.05,rep3-bch255-131-18\,,1.493821,0.250874,0.008655,0.012483,0.117449,0.001753,0.008385,0.012342,0.115323,0.002755,104,85,43,545,1,0
974,1,5.290802,4.183593,1.107209,777,sha3,OMNeT++; module=UavAuthNetwork.uav[4]; config=NoiseSweep,3.979407,0.056875,0.241588,0.096578,0.257305,3.648134,0.251165,0.096578,0.149407,0.189083,0.01103,0.849904,NoiseSweep,NoiseSweep-42-20260922-20:32:48-1127766,4,NoiseSweep-42-20260922-20:32:48-1127766|phase2|4,42,0,0,sha3,10,0.05,rep3-bch255-131-18\,,1.53788,0.251165,0.008696,0.012292,0.123669,0.001714,0.008385,0.012343,0.115704,0.002695,104,85,43,545,1,0
975,1,5.214902,4.139002,1.0759,777,sha3,OMNeT++; module=UavAuthNetwork.uav[5]; config=NoiseSweep,3.944562,0.057506,0.245457,0.09172,0.227226,3.631783,0.227982,0.09172,0.150829,0.164536,0.011,0.848674,NoiseSweep,NoiseSweep-42-20260922-20:32:48-1127766,5,NoiseSweep-42-20260922-20:32:48-1127766|phase2|5,42,0,0,sha3,10,0.05,rep3-bch255-131-18\,,1.485893,0.227982,0.008786,0.012464,0.121484,0.001703,0.008545,0.012232,0.115755,0.002995,104,85,43,545,1,0
976,1,5.237962,4.153738,1.084224,777,sha3,OMNeT++; module=UavAuthNetwork.uav[6]; config=NoiseSweep,3.962906,0.056325,0.252117,0.089966,0.244646,3.624059,0.25917,0.089966,0.148835,0.172502,0.0109,0.839578,NoiseSweep,NoiseSweep-42-20260922-20:32:48-1127766,6,NoiseSweep-42-20260922-20:32:48-1127766|phase2|6,42,0,0,sha3,10,0.05,rep3-bch255-131-18\,,1.508843,0.25917,0.008556,0.012343,0.117468,0.001763,0.008405,0.012162,0.115504,0.002554,104,85,43,545,1,0
977,1,5.221832,4.170271,1.051561,777,sha3,OMNeT++; module=UavAuthNetwork.uav[7]; config=NoiseSweep,3.979477,0.055592,0.242171,0.089947,0.214395,3.647592,0.253219,0.089947,0.155959,0.188,0.0109,0.837166,NoiseSweep,NoiseSweep-42-20260922-20:32:48-1127766,7,NoiseSweep-42-20260922-20:32:48-1127766|phase2|7,42,0,0,sha3,10,0.05,rep3-bch255-131-18\,,1.481733,0.253219,0.008486,0.012013,0.117246,0.001623,0.008356,0.012404,0.121595,0.002535,104,85,43,545,1,0
978,1,5.234975,4.1706,1.064375,777,sha3,OMNeT++; module=UavAuthNetwork.uav[8]; config=NoiseSweep,3.977823,0.058228,0.258842,0.090808,0.223481,3.613359,0.283845,0.090808,0.150388,0.217914,0.011161,0.840894,NoiseSweep,NoiseSweep-42-20260922-20:32:48-1127766,8,NoiseSweep-42-20260922-20:32:48-1127766|phase2|8,42,0,0,sha3,10,0.05,rep3-bch255-131-18\,,1.541131,0.283845,0.008596,0.012623,0.11857,0.001713,0.008816,0.013125,0.115404,0.003005,104,85,43,545,1,0
979,1,5.194496,4.117974,1.076522,777,sha3,OMNeT++; module=UavAuthNetwork.uav[9]; config=NoiseSweep,3.925287,0.056364,0.263986,0.090768,0.224282,3.589806,0.254361,0.090768,0.149536,0.158638,0.011151,0.852241,NoiseSweep,NoiseSweep-42-20260922-20:32:48-1127766,9,NoiseSweep-42-20260922-20:32:48-1127766|phase2|9,42,0,0,sha3,10,0.05,rep3-bch255-131-18\,,1.499146,0.254361,0.008605,0.012684,0.11868,0.001633,0.008485,0.012263,0.115223,0.002615,104,85,43,545,1,0
980,1,5.21965,4.163176,1.056474,777,sha3,OMNeT++; module=UavAuthNetwork.uav[0]; config=NoiseSweep,3.958668,0.059019,0.268297,0.095817,0.224628,3.656909,0.203076,0.095817,0.157101,0.158713,0.012874,0.831845,NoiseSweep,NoiseSweep-43-20260922-20:32:49-1127766,0,NoiseSweep-43-20260922-20:32:49-1127766|phase2|0,43,1,1,sha3,10,0.05,rep3-bch255-131-18\,,1.483483,0.203076,0.009457,0.013505,0.136582,0.002514,0.009006,0.012433,0.116165,0.009207,104,85,43,545,1,0
981,1,5.221078,4.164299,1.056779,777,sha3,OMNeT++; module=UavAuthNetwork.uav[1]; config=NoiseSweep,3.968105,0.065271,0.264262,0.092281,0.225093,3.613669,0.264109,0.092281,0.152923,0.175273,0.011632,0.831686,NoiseSweep,NoiseSweep-43-20260922-20:32:49-1127766,1,NoiseSweep-43-20260922-20:32:49-1127766|phase2|1,43,1,1,sha3,10,0.05,rep3-bch255-131-18\,,1.496314,0.264109,0.009167,0.013265,0.125262,0.001954,0.014496,0.012884,0.115725,0.004799,104,85,43,545,1,0
982,1,5.260207,4.170982,1.089225,777,sha3,OMNeT++; module=UavAuthNetwork.uav[2]; config=NoiseSweep,3.979837,0.056876,0.252213,0.090007,0.236517,3.642193,0.255152,0.090007,0.149317,0.169952,0.011131,0.852708,NoiseSweep,NoiseSweep-43-20260922-20:32:49-1127766,2,NoiseSweep-43-20260922-20:32:49-1127766|phase2|2,43,1,1,sha3,10,0.05,rep3-bch255-131-18\,,1.51139,0.255152,0.008617,0.012143,0.117687,0.001763,0.008726,0.012322,0.115293,0.002745,104,85,43,545,1,0
983,1,5.213228,4.13826,1.074968,777,sha3,OMNeT++; module=UavAuthNetwork.uav[3]; config=NoiseSweep,3.945834,0.055663,0.252408,0.090628,0.246567,3.617096,0.24872,0.090628,0.149988,0.165107,0.01117,0.828402,NoiseSweep,NoiseSweep-43-20260922-20:32:49-1127766,3,NoiseSweep-43-20260922-20:32:49-1127766|phase2|3,43,1,1,sha3,10,0.05,rep3-bch255-131-18\,,1.492483,0.24872,0.008626,0.012372,0.117758,0.001723,0.008407,0.012223,0.115022,0.002595,104,85,43,545,1,0
984,1,5.246432,4.184887,1.061545,777,sha3,OMNeT++; module=UavAuthNetwork.uav[4]; config=NoiseSweep,3.979196,0.056745,0.271349,0.09725,0.216598,3.623247,0.276181,0.09725,0.15128,0.179885,0.011191,0.844948,NoiseSweep,NoiseSweep-43-20260922-20:32:49-1127766,4,NoiseSweep-43-20260922-20:32:49-1127766|phase2|4,43,1,1,sha3,10,0.05,rep3-bch255-131-18\,,1.51278,0.276181,0.008737,0.019075,0.117708,0.001784,0.008607,0.012302,0.115645,0.002745,104,85,43,545,1,0
985,1,5.265214,4.182775,1.082439,777,sha3,OMNeT++; module=UavAuthNetwork.uav[5]; config=NoiseSweep,3.989576,0.057607,0.242388,0.091019,0.216014,3.647623,0.258048,0.091019,0.150359,0.159153,0.011161,0.866426,NoiseSweep,NoiseSweep-43-20260922-20:32:49-1127766,5,NoiseSweep-43-20260922-20:32:49-1127766|phase2|5,43,1,1,sha3,10,0.05,rep3-bch255-131-18\,,1.483981,0.258048,0.008736,0.012453,0.122106,0.001733,0.008547,0.012232,0.115154,0.003015,104,85,43,545,1,0
986,1,5.270004,4.195476,1.074528,777,sha3,OMNeT++; module=UavAuthNetwork.uav[6]; config=NoiseSweep,4.004322,0.056103,0.283112,0.090137,0.221452,3.652131,0.272444,0.090137,0.149898,0.202522,0.01088,0.853076,NoiseSweep,NoiseSweep-43-20260922-20:32:49-1127766,6,NoiseSweep-43-20260922-20:32:49-1127766|phase2|6,43,1,1,sha3,10,0.05,rep3-bch255-131-18\,,1.560162,0.272444,0.008567,0.012093,0.117276,0.001713,0.008326,0.012143,0.115334,0.002475,104,85,43,545,1,0
987,1,5.197774,4.120609,1.077165,777,sha3,OMNeT++; module=UavAuthNetwork.uav[7]; config=NoiseSweep,3.929374,0.055673,0.244929,0.090067,0.225607,3.650167,0.20008,0.090067,0.157612,0.185028,0.011101,0.851558,NoiseSweep,NoiseSweep-43-20260922-20:32:49-1127766,7,NoiseSweep-43-20260922-20:32:49-1127766|phase2|7,43,1,1,sha3,10,0.05,rep3-bch255-131-18\,,1.507122,0.20008,0.008445,0.012102,0.117328,0.001803,0.008426,0.012313,0.121666,0.002585,104,85,43,545,1,0
988,1,5.31915,4.19708,1.12207,777,sha3,OMNeT++; module=UavAuthNetwork.uav[8]; config=NoiseSweep,4.002971,0.057787,0.255804,0.091369,0.244446,3.640319,0.282513,0.091369,0.151501,0.173615,0.011371,0.877624,NoiseSweep,NoiseSweep-43-20260922-20:32:49-1127766,8,NoiseSweep-43-20260922-20:32:49-1127766|phase2|8,43,1,1,sha3,10,0.05,rep3-bch255-131-18\,,1.55149,0.282513,0.008636,0.012323,0.11852,0.002094,0.008747,0.012514,0.115213,0.002745,104,85,43,545,1,0
989,1,5.252259,4.177894,1.074365,777,sha3,OMNeT++; module=UavAuthNetwork.uav[9]; config=NoiseSweep,3.985518,0.056354,0.246992,0.090698,0.223261,3.628297,0.275861,0.090698,0.152282,0.161871,0.01098,0.851104,NoiseSweep,NoiseSweep-43-20260922-20:32:49-1127766,9,NoiseSweep-43-20260922-20:32:49-1127766|phase2|9,43,1,1,sha3,10,0.05,rep3-bch255-131-18\,,1.483228,0.275861,0.008487,0.012153,0.118739,0.001713,0.008427,0.012283,0.115374,0.002905,104,85,43,545,1,0
990,1,5.305916,4.227757,1.078159,777,sha3,OMNeT++; module=UavAuthNetwork.uav[0]; config=NoiseSweep,4.024631,0.05931,0.263602,0.095196,0.248624,3.643645,0.282543,0.095196,0.165396,0.171762,0.012734,0.829535,NoiseSweep,NoiseSweep-44-20260922-20:32:50-1127766,0,NoiseSweep-44-20260922-20:32:50-1127766|phase2|0,44,2,2,sha3,10,0.05,rep3-bch255-131-18\,,1.513523,0.282543,0.009528,0.013025,0.136472,0.002395,0.008817,0.020158,0.116345,0.009348,104,85,43,545,1,0
991,1,5.411243,4.33778,1.073463,777,sha3,OMNeT++; module=UavAuthNetwork.uav[1]; config=NoiseSweep,4.140735,0.05953,0.246729,0.092461,0.223881,3.761593,0.290999,0.092461,0.152923,0.182786,0.012123,0.849582,NoiseSweep,NoiseSweep-44-20260922-20:32:50-1127766,1,NoiseSweep-44-20260922-20:32:50-1127766|phase2|1,44,2,2,sha3,10,0.05,rep3-bch255-131-18\,,1.502978,0.290999,0.009057,0.013635,0.12452,0.002204,0.009287,0.013064,0.115875,0.0052,104,85,43,545,1,0
992,1,5.319183,4.235851,1.083332,777,sha3,OMNeT++; module=UavAuthNetwork.uav[2]; config=NoiseSweep,4.042904,0.058969,0.258927,0.090758,0.2246,3.668181,0.283124,0.090758,0.150819,0.159875,0.011431,0.858733,NoiseSweep,NoiseSweep-44-20260922-20:32:50-1127766,2,NoiseSweep-44-20260922-20:32:50-1127766|phase2|2,44,2,2,sha3,10,0.05,rep3-bch255-131-18\,,1.502133,0.283124,0.008656,0.012222,0.126405,0.001844,0.008615,0.012462,0.115334,0.003947,104,85,43,545,1,0
993,1,5.335403,4.286203,1.0492,777,sha3,OMNeT++; module=UavAuthNetwork.uav[3]; config=NoiseSweep,4.073991,0.062055,0.240712,0.094274,0.216164,3.692656,0.266844,0.094274,0.157361,0.204086,0.023664,0.833036,NoiseSweep,NoiseSweep-44-20260922-20:32:50-1127766,3,NoiseSweep-44-20260922-20:32:50-1127766|phase2|3,44,2,2,sha3,10,0.05,rep3-bch255-131-18\,,1.493998,0.266844,0.009867,0.014297,0.14034,0.013545,0.008816,0.013455,0.116075,0.008446,104,85,43,545,1,0
994,1,5.254366,4.183795,1.070571,777,sha3,OMNeT++; module=UavAuthNetwork.uav[4]; config=NoiseSweep,3.990016,0.058288,0.255178,0.091209,0.229748,3.647021,0.258018,0.091209,0.150188,0.169948,0.011361,0.840823,NoiseSweep,NoiseSweep-44-20260922-20:32:50-1127766,4,NoiseSweep-44-20260922-20:32:50-1127766|phase2|4,44,2,2,sha3,10,0.05,rep3-bch255-131-18\,,1.495697,0.258018,0.008676,0.012422,0.119951,0.001924,0.008645,0.012473,0.115584,0.003256,104,85,43,545,1,0
995,1,5.272513,4.20825,1.064263,777,sha3,OMNeT++; module=UavAuthNetwork.uav[5]; config=NoiseSweep,4.015333,0.056404,0.26957,0.090718,0.217266,3.654555,0.278826,0.090718,0.170586,0.199652,0.011481,0.846997,NoiseSweep,NoiseSweep-44-20260922-20:32:50-1127766,5,NoiseSweep-44-20260922-20:32:50-1127766|phase2|5,44,2,2,sha3,10,0.05,rep3-bch255-131-18\,,1.533486,0.278826,0.008557,0.012744,0.118149,0.001824,0.009247,0.014988,0.131032,0.002885,104,85,43,545,1,0
996,1,5.305157,4.238707,1.06645,777,sha3,OMNeT++; module=UavAuthNetwork.uav[6]; config=NoiseSweep,4.039137,0.061294,0.256803,0.093924,0.237282,3.642864,0.303211,0.093924,0.154025,0.160766,0.011722,0.829168,NoiseSweep,NoiseSweep-44-20260922-20:32:50-1127766,6,NoiseSweep-44-20260922-20:32:50-1127766|phase2|6,44,2,2,sha3,10,0.05,rep3-bch255-131-18\,,1.484019,0.303211,0.008857,0.013155,0.130733,0.002024,0.008737,0.012644,0.115644,0.00552,104,85,43,545,1,0
997,1,5.213478,4.140834,1.072644,777,sha3,OMNeT++; module=UavAuthNetwork.uav[7]; config=NoiseSweep,3.945994,0.058989,0.251251,0.09188,0.239077,3.625311,0.232541,0.09188,0.150508,0.195254,0.01108,0.833566,NoiseSweep,NoiseSweep-44-20260922-20:32:50-1127766,7,NoiseSweep-44-20260922-20:32:50-1127766|phase2|7,44,2,2,sha3,10,0.05,rep3-bch255-131-18\,,1.519149,0.232541,0.008636,0.013084,0.122817,0.001744,0.009067,0.012454,0.115314,0.003367,104,85,43,545,1,0
998,1,5.290806,4.200445,1.090361,777,sha3,OMNeT++; module=UavAuthNetwork.uav[8]; config=NoiseSweep,4.008531,0.057406,0.258522,0.090387,0.230213,3.647392,0.278074,0.090387,0.157552,0.184573,0.01114,0.860147,NoiseSweep,NoiseSweep-44-20260922-20:32:50-1127766,8,NoiseSweep-44-20260922-20:32:50-1127766|phase2|8,44,2,2,sha3,10,0.05,rep3-bch255-131-18\,,1.533456,0.278074,0.008596,0.012283,0.11851,0.001804,0.008725,0.012663,0.123398,0.002855,104,85,43,545,1,0
999,1,5.246947,4.182672,1.064275,777,sha3,OMNeT++; module=UavAuthNetwork.uav[9]; config=NoiseSweep,3.991088,0.056395,0.248707,0.090237,0.230871,3.656519,0.253609,0.090237,0.149687,0.169293,0.01111,0.833405,NoiseSweep,NoiseSweep-44-20260922-20:32:50-1127766,9,NoiseSweep-44-20260922-20:32:50-1127766|phase2|9,44,2,2,sha3,10,0.05,rep3-bch255-131-18\,,1.482275,0.253609,0.008606,0.012554,0.118068,0.001763,0.008376,0.012113,0.115524,0.002856,104,85,43,545,1,0
1000,0,0.0,0.0,0.0,0,sha3,OMNeT++; module=UavAuthNetwork.uav[0]; config=NoiseSweep,0.0,0.0,0.0,0.0,0.0,0.983471,0.230537,0.0,0.0,0.0,0.0,0.0,NoiseSweep,NoiseSweep-45-20260922-20:32:50-1127766,0,NoiseSweep-45-20260922-20:32:50-1127766|phase2|0,45,0,0,sha3,10,0.07,bch255-131-18\,,0.0,0.230537,0.0,0.0,0.0,0.0,0.0,0.0,0.0,0.0,0,0,0,0,0,0
1001,0,0.0,0.0,0.0,0,sha3,OMNeT++; module=UavAuthNetwork.uav[1]; config=NoiseSweep,0.0,0.0,0.0,0.0,0.0,0.951511,0.220027,0.0,0.0,0.0,0.0,0.0,NoiseSweep,NoiseSweep-45-20260922-20:32:50-1127766,1,NoiseSweep-45-20260922-20:32:50-1127766|phase2|1,45,0,0,sha3,10,0.07,bch255-131-18\,,0.0,0.220027,0.0,0.0,0.0,0.0,0.0,0.0,0.0,0.0,0,0,0,0,0,0
1002,0,0.0,0.0,0.0,0,sha3,OMNeT++; module=UavAuthNetwork.uav[2]; config=NoiseSweep,0.0,0.0,0.0,0.0,0.0,0.965668,0.197175,0.0,0.0,0.0,0.0,0.0,NoiseSweep,NoiseSweep-45-20260922-20:32:50-1127766,2,NoiseSweep-45-20260922-20:32:50-1127766|phase2|2,45,0,0,sha3,10,0.07,bch255-131-18\,,0.0,0.197175,0.0,0.0,0.0,0.0,0.0,0.0,0.0,0.0,0,0,0,0,0,0
1003,0,0.0,0.0,0.0,0,sha3,OMNeT++; module=UavAuthNetwork.uav[3]; config=NoiseSweep,0.0,0.0,0.0,0.0,0.0,0.968262,0.1731,0.0,0.0,0.0,0.0,0.0,NoiseSweep,NoiseSweep-45-20260922-20:32:50-1127766,3,NoiseSweep-45-20260922-20:32:50-1127766|phase2|3,45,0,0,sha3,10,0.07,bch255-131-18\,,0.0,0.1731,0.0,0.0,0.0,0.0,0.0,0.0,0.0,0.0,0,0,0,0,0,0
1004,0,0.0,0.0,0.0,0,sha3,OMNeT++; module=UavAuthNetwork.uav[4]; config=NoiseSweep,0.0,0.0,0.0,0.0,0.0,0.967481,0.22108,0.0,0.0,0.0,0.0,0.0,NoiseSweep,NoiseSweep-45-20260922-20:32:50-1127766,4,NoiseSweep-45-20260922-20:32:50-1127766|phase2|4,45,0,0,sha3,10,0.07,bch255-131-18\,,0.0,0.22108,0.0,0.0,0.0,0.0,0.0,0.0,0.0,0.0,0,0,0,0,0,0
1005,0,0.0,0.0,0.0,0,sha3,OMNeT++; module=UavAuthNetwork.uav[5]; config=NoiseSweep,0.0,0.0,0.0,0.0,0.0,0.963894,0.218615,0.0,0.0,0.0,0.0,0.0,NoiseSweep,NoiseSweep-45-20260922-20:32:50-1127766,5,NoiseSweep-45-20260922-20:32:50-1127766|phase2|5,45,0,0,sha3,10,0.07,bch255-131-18\,,0.0,0.218615,0.0,0.0,0.0,0.0,0.0,0.0,0.0,0.0,0,0,0,0,0,0
1006,0,0.0,0.0,0.0,0,sha3,OMNeT++; module=UavAuthNetwork.uav[6]; config=NoiseSweep,0.0,0.0,0.0,0.0,0.0,0.969124,0.196694,0.0,0.0,0.0,0.0,0.0,NoiseSweep,NoiseSweep-45-20260922-20:32:50-1127766,6,NoiseSweep-45-20260922-20:32:50-1127766|phase2|6,45,0,0,sha3,10,0.07,bch255-131-18\,,0.0,0.196694,0.0,0.0,0.0,0.0,0.0,0.0,0.0,0.0,0,0,0,0,0,0
1007,0,0.0,0.0,0.0,0,sha3,OMNeT++; module=UavAuthNetwork.uav[7]; config=NoiseSweep,0.0,0.0,0.0,0.0,0.0,0.971127,0.199039,0.0,0.0,0.0,0.0,0.0,NoiseSweep,NoiseSweep-45-20260922-20:32:50-1127766,7,NoiseSweep-45-20260922-20:32:50-1127766|phase2|7,45,0,0,sha3,10,0.07,bch255-131-18\,,0.0,0.199039,0.0,0.0,0.0,0.0,0.0,0.0,0.0,0.0,0,0,0,0,0,0
1008,0,0.0,0.0,0.0,0,sha3,OMNeT++; module=UavAuthNetwork.uav[8]; config=NoiseSweep,0.0,0.0,0.0,0.0,0.0,0.968473,0.218154,0.0,0.0,0.0,0.0,0.0,NoiseSweep,NoiseSweep-45-20260922-20:32:50-1127766,8,NoiseSweep-45-20260922-20:32:50-1127766|phase2|8,45,0,0,sha3,10,0.07,bch255-131-18\,,0.0,0.218154,0.0,0.0,0.0,0.0,0.0,0.0,0.0,0.0,0,0,0,0,0,0
1009,0,0.0,0.0,0.0,0,sha3,OMNeT++; module=UavAuthNetwork.uav[9]; config=NoiseSweep,0.0,0.0,0.0,0.0,0.0,0.947594,0.223143,0.0,0.0,0.0,0.0,0.0,NoiseSweep,NoiseSweep-45-20260922-20:32:50-1127766,9,NoiseSweep-45-20260922-20:32:50-1127766|phase2|9,45,0,0,sha3,10,0.07,bch255-131-18\,,0.0,0.223143,0.0,0.0,0.0,0.0,0.0,0.0,0.0,0.0,0,0,0,0,0,0
1010,1,2.573963,1.517489,1.056474,777,sha3,OMNeT++; module=UavAuthNetwork.uav[0]; config=NoiseSweep,1.315264,0.066353,0.268297,0.094926,0.224628,0.964586,0.253058,0.094926,0.157381,0.158713,0.012373,0.831845,NoiseSweep,NoiseSweep-46-20260922-20:32:51-1127766,0,NoiseSweep-46-20260922-20:32:51-1127766|phase2|0,46,1,1,sha3,10,0.07,bch255-131-18\,,1.483483,0.253058,0.009757,0.013435,0.134199,0.002494,0.009127,0.012524,0.123819,0.008856,104,85,43,545,1,0
1011,1,2.556715,1.499936,1.056779,777,sha3,OMNeT++; module=UavAuthNetwork.uav[1]; config=NoiseSweep,1.308552,0.056144,0.264262,0.090057,0.225093,0.974223,0.252517,0.090057,0.149287,0.175273,0.01127,0.831686,NoiseSweep,NoiseSweep-46-20260922-20:32:51-1127766,1,NoiseSweep-46-20260922-20:32:51-1127766|phase2|1,46,1,1,sha3,10,0.07,bch255-131-18\,,1.496314,0.252517,0.008567,0.012193,0.118069,0.001904,0.008587,0.012233,0.115123,0.002815,104,85,43,545,1,0
1012,0,0.0,0.0,0.0,0,sha3,OMNeT++; module=UavAuthNetwork.uav[2]; config=NoiseSweep,0.0,0.0,0.0,0.0,0.0,0.97758,0.227992,0.0,0.0,0.0,0.0,0.0,NoiseSweep,NoiseSweep-46-20260922-20:32:51-1127766,2,NoiseSweep-46-20260922-20:32:51-1127766|phase2|2,46,1,1,sha3,10,0.07,bch255-131-18\,,0.0,0.227992,0.0,0.0,0.0,0.0,0.0,0.0,0.0,0.0,0,0,0,0,0,0
1013,0,0.0,0.0,0.0,0,sha3,OMNeT++; module=UavAuthNetwork.uav[3]; config=NoiseSweep,0.0,0.0,0.0,0.0,0.0,0.953966,0.216541,0.0,0.0,0.0,0.0,0.0,NoiseSweep,NoiseSweep-46-20260922-20:32:51-1127766,3,NoiseSweep-46-20260922-20:32:51-1127766|phase2|3,46,1,1,sha3,10,0.07,bch255-131-18\,,0.0,0.216541,0.0,0.0,0.0,0.0,0.0,0.0,0.0,0.0,0,0,0,0,0,0
1014,0,0.0,0.0,0.0,0,sha3,OMNeT++; module=UavAuthNetwork.uav[4]; config=NoiseSweep,0.0,0.0,0.0,0.0,0.0,0.972621,0.218103,0.0,0.0,0.0,0.0,0.0,NoiseSweep,NoiseSweep-46-20260922-20:32:51-1127766,4,NoiseSweep-46-20260922-20:32:51-1127766|phase2|4,46,1,1,sha3,10,0.07,bch255-131-18\,,0.0,0.218103,0.0,0.0,0.0,0.0,0.0,0.0,0.0,0.0,0,0,0,0,0,0
1015,0,0.0,0.0,0.0,0,sha3,OMNeT++; module=UavAuthNetwork.uav[5]; config=NoiseSweep,0.0,0.0,0.0,0.0,0.0,0.964826,0.175645,0.0,0.0,0.0,0.0,0.0,NoiseSweep,NoiseSweep-46-20260922-20:32:51-1127766,5,NoiseSweep-46-20260922-20:32:51-1127766|phase2|5,46,1,1,sha3,10,0.07,bch255-131-18\,,0.0,0.175645,0.0,0.0,0.0,0.0,0.0,0.0,0.0,0.0,0,0,0,0,0,0
1016,0,0.0,0.0,0.0,0,sha3,OMNeT++; module=UavAuthNetwork.uav[6]; config=NoiseSweep,0.0,0.0,0.0,0.0,0.0,0.970827,0.219055,0.0,0.0,0.0,0.0,0.0,NoiseSweep,NoiseSweep-46-20260922-20:32:51-1127766,6,NoiseSweep-46-20260922-20:32:51-1127766|phase2|6,46,1,1,sha3,10,0.07,bch255-131-18\,,0.0,0.219055,0.0,0.0,0.0,0.0,0.0,0.0,0.0,0.0,0,0,0,0,0,0
1017,1,2.562123,1.472787,1.089336,777,sha3,OMNeT++; module=UavAuthNetwork.uav[7]; config=NoiseSweep,1.281092,0.056645,0.252268,0.090237,0.236573,0.948787,0.253479,0.090237,0.149106,0.170007,0.011221,0.852763,NoiseSweep,NoiseSweep-46-20260922-20:32:51-1127766,7,NoiseSweep-46-20260922-20:32:51-1127766|phase2|7,46,1,1,sha3,10,0.07,bch255-131-18\,,1.511611,0.253479,0.008726,0.012312,0.117648,0.001763,0.008506,0.012153,0.115304,0.002755,104,85,43,545,1,0
1018,0,0.0,0.0,0.0,0,sha3,OMNeT++; module=UavAuthNetwork.uav[8]; config=NoiseSweep,0.0,0.0,0.0,0.0,0.0,0.969595,0.22154,0.0,0.0,0.0,0.0,0.0,NoiseSweep,NoiseSweep-46-20260922-20:32:51-1127766,8,NoiseSweep-46-20260922-20:32:51-1127766|phase2|8,46,1,1,sha3,10,0.07,bch255-131-18\,,0.0,0.22154,0.0,0.0,0.0,0.0,0.0,0.0,0.0,0.0,0,0,0,0,0,0
1019,0,0.0,0.0,0.0,0,sha3,OMNeT++; module=UavAuthNetwork.uav[9]; config=NoiseSweep,0.0,0.0,0.0,0.0,0.0,1.064952,0.208476,0.0,0.0,0.0,0.0,0.0,NoiseSweep,NoiseSweep-46-20260922-20:32:51-1127766,9,NoiseSweep-46-20260922-20:32:51-1127766|phase2|9,46,1,1,sha3,10,0.07,bch255-131-18\,,0.0,0.208476,0.0,0.0,0.0,0.0,0.0,0.0,0.0,0.0,0,0,0,0,0,0
1020,0,0.0,0.0,0.0,0,sha3,OMNeT++; module=UavAuthNetwork.uav[0]; config=NoiseSweep,0.0,0.0,0.0,0.0,0.0,0.980275,0.203236,0.0,0.0,0.0,0.0,0.0,NoiseSweep,NoiseSweep-47-20260922-20:32:52-1127766,0,NoiseSweep-47-20260922-20:32:52-1127766|phase2|0,47,2,2,sha3,10,0.07,bch255-131-18\,,0.0,0.203236,0.0,0.0,0.0,0.0,0.0,0.0,0.0,0.0,0,0,0,0,0,0
1021,0,0.0,0.0,0.0,0,sha3,OMNeT++; module=UavAuthNetwork.uav[1]; config=NoiseSweep,0.0,0.0,0.0,0.0,0.0,0.962753,0.224726,0.0,0.0,0.0,0.0,0.0,NoiseSweep,NoiseSweep-47-20260922-20:32:52-1127766,1,NoiseSweep-47-20260922-20:32:52-1127766|phase2|1,47,2,2,sha3,10,0.07,bch255-131-18\,,0.0,0.224726,0.0,0.0,0.0,0.0,0.0,0.0,0.0,0.0,0,0,0,0,0,0
1022,0,0.0,0.0,0.0,0,sha3,OMNeT++; module=UavAuthNetwork.uav[2]; config=NoiseSweep,0.0,0.0,0.0,0.0,0.0,0.965488,0.218274,0.0,0.0,0.0,0.0,0.0,NoiseSweep,NoiseSweep-47-20260922-20:32:52-1127766,2,NoiseSweep-47-20260922-20:32:52-1127766|phase2|2,47,2,2,sha3,10,0.07,bch255-131-18\,,0.0,0.218274,0.0,0.0,0.0,0.0,0.0,0.0,0.0,0.0,0,0,0,0,0,0
1023,0,0.0,0.0,0.0,0,sha3,OMNeT++; module=UavAuthNetwork.uav[3]; config=NoiseSweep,0.0,0.0,0.0,0.0,0.0,0.974684,0.19438,0.0,0.0,0.0,0.0,0.0,NoiseSweep,NoiseSweep-47-20260922-20:32:52-1127766,3,NoiseSweep-47-20260922-20:32:52-1127766|phase2|3,47,2,2,sha3,10,0.07,bch255-131-18\,,0.0,0.19438,0.0,0.0,0.0,0.0,0.0,0.0,0.0,0.0,0,0,0,0,0,0
1024,0,0.0,0.0,0.0,0,sha3,OMNeT++; module=UavAuthNetwork.uav[4]; config=NoiseSweep,0.0,0.0,0.0,0.0,0.0,0.969054,0.191434,0.0,0.0,0.0,0.0,0.0,NoiseSweep,NoiseSweep-47-20260922-20:32:52-1127766,4,NoiseSweep-47-20260922-20:32:52-1127766|phase2|4,47,2,2,sha3,10,0.07,bch255-131-18\,,0.0,0.191434,0.0,0.0,0.0,0.0,0.0,0.0,0.0,0.0,0,0,0,0,0,0
1025,0,0.0,0.0,0.0,0,sha3,OMNeT++; module=UavAuthNetwork.uav[5]; config=NoiseSweep,0.0,0.0,0.0,0.0,0.0,0.982399,0.195572,0.0,0.0,0.0,0.0,0.0,NoiseSweep,NoiseSweep-47-20260922-20:32:52-1127766,5,NoiseSweep-47-20260922-20:32:52-1127766|phase2|5,47,2,2,sha3,10,0.07,bch255-131-18\,,0.0,0.195572,0.0,0.0,0.0,0.0,0.0,0.0,0.0,0.0,0,0,0,0,0,0
1026,0,0.0,0.0,0.0,0,sha3,OMNeT++; module=UavAuthNetwork.uav[6]; config=NoiseSweep,0.0,0.0,0.0,0.0,0.0,0.968423,0.177719,0.0,0.0,0.0,0.0,0.0,NoiseSweep,NoiseSweep-47-20260922-20:32:52-1127766,6,NoiseSweep-47-20260922-20:32:52-1127766|phase2|6,47,2,2,sha3,10,0.07,bch255-131-18\,,0.0,0.177719,0.0,0.0,0.0,0.0,0.0,0.0,0.0,0.0,0,0,0,0,0,0
1027,0,0.0,0.0,0.0,0,sha3,OMNeT++; module=UavAuthNetwork.uav[7]; config=NoiseSweep,0.0,0.0,0.0,0.0,0.0,0.965007,0.197115,0.0,0.0,0.0,0.0,0.0,NoiseSweep,NoiseSweep-47-20260922-20:32:52-1127766,7,NoiseSweep-47-20260922-20:32:52-1127766|phase2|7,47,2,2,sha3,10,0.07,bch255-131-18\,,0.0,0.197115,0.0,0.0,0.0,0.0,0.0,0.0,0.0,0.0,0,0,0,0,0,0
1028,0,0.0,0.0,0.0,0,sha3,OMNeT++; module=UavAuthNetwork.uav[8]; config=NoiseSweep,0.0,0.0,0.0,0.0,0.0,0.971028,0.217422,0.0,0.0,0.0,0.0,0.0,NoiseSweep,NoiseSweep-47-20260922-20:32:52-1127766,8,NoiseSweep-47-20260922-20:32:52-1127766|phase2|8,47,2,2,sha3,10,0.07,bch255-131-18\,,0.0,0.217422,0.0,0.0,0.0,0.0,0.0,0.0,0.0,0.0,0,0,0,0,0,0
1029,0,0.0,0.0,0.0,0,sha3,OMNeT++; module=UavAuthNetwork.uav[9]; config=NoiseSweep,0.0,0.0,0.0,0.0,0.0,0.974173,0.17285,0.0,0.0,0.0,0.0,0.0,NoiseSweep,NoiseSweep-47-20260922-20:32:52-1127766,9,NoiseSweep-47-20260922-20:32:52-1127766|phase2|9,47,2,2,sha3,10,0.07,bch255-131-18\,,0.0,0.17285,0.0,0.0,0.0,0.0,0.0,0.0,0.0,0.0,0,0,0,0,0,0
1030,1,2.744824,1.666645,1.078179,777,sha3,OMNeT++; module=UavAuthNetwork.uav[0]; config=NoiseSweep,1.493895,0.050163,0.256671,0.08113,0.249728,1.046968,0.350579,0.08113,0.135791,0.183693,0.01049,0.828452,NoiseSweep,NoiseSweep-48-20260922-20:32:53-1127766,0,NoiseSweep-48-20260922-20:32:53-1127766|phase2|0,48,0,0,sha3,10,0.07,bch255-91-25\,,1.518543,0.350579,0.008184,0.011009,0.116867,0.002123,0.007515,0.010689,0.099134,0.009007,104,85,43,545,1,0
1031,1,2.703926,1.621873,1.082053,777,sha3,OMNeT++; module=UavAuthNetwork.uav[1]; config=NoiseSweep,1.456055,0.047858,0.251082,0.078075,0.240244,1.030488,0.344417,0.078075,0.132275,0.166001,0.009668,0.841809,NoiseSweep,NoiseSweep-48-20260922-20:32:53-1127766,1,NoiseSweep-48-20260922-20:32:53-1127766|phase2|1,48,0,0,sha3,10,0.07,bch255-91-25\,,1.499136,0.344417,0.007323,0.010469,0.101258,0.001563,0.007264,0.01069,0.103091,0.002444,104,85,43,545,1,0
1032,1,2.68048,1.627012,1.053468,777,sha3,OMNeT++; module=UavAuthNetwork.uav[2]; config=NoiseSweep,1.46403,0.0485,0.244435,0.076632,0.225942,1.038633,0.34582,0.076632,0.126645,0.174349,0.009718,0.827526,NoiseSweep,NoiseSweep-48-20260922-20:32:53-1127766,2,NoiseSweep-48-20260922-20:32:53-1127766|phase2|2,48,0,0,sha3,10,0.07,bch255-91-25\,,1.472252,0.34582,0.007454,0.010348,0.099936,0.001583,0.007354,0.01045,0.098281,0.002134,104,85,43,545,1,0
1033,1,2.68643,1.62633,1.0601,777,sha3,OMNeT++; module=UavAuthNetwork.uav[3]; config=NoiseSweep,1.464701,0.047257,0.270952,0.076171,0.230351,1.030858,0.354746,0.076171,0.125542,0.16277,0.009287,0.829749,NoiseSweep,NoiseSweep-48-20260922-20:32:53-1127766,3,NoiseSweep-48-20260922-20:32:53-1127766|phase2|3,48,0,0,sha3,10,0.07,bch255-91-25\,,1.493821,0.354746,0.007253,0.01029,0.099865,0.001463,0.007164,0.010259,0.097701,0.002134,104,85,43,545,1,0
1034,1,2.742236,1.635027,1.107209,777,sha3,OMNeT++; module=UavAuthNetwork.uav[4]; config=NoiseSweep,1.46914,0.04846,0.241588,0.078225,0.257305,1.034936,0.355257,0.078225,0.127115,0.189083,0.009437,0.849904,NoiseSweep,NoiseSweep-48-20260922-20:32:53-1127766,4,NoiseSweep-48-20260922-20:32:53-1127766|phase2|4,48,0,0,sha3,10,0.07,bch255-91-25\,,1.53788,0.355257,0.007464,0.01054,0.101237,0.001492,0.007342,0.0104,0.098162,0.002184,104,85,43,545,1,0
1035,1,2.675282,1.599382,1.0759,777,sha3,OMNeT++; module=UavAuthNetwork.uav[5]; config=NoiseSweep,1.43697,0.047458,0.245457,0.076522,0.227226,1.026159,0.333257,0.076522,0.132105,0.164536,0.009368,0.848674,NoiseSweep,NoiseSweep-48-20260922-20:32:53-1127766,5,NoiseSweep-48-20260922-20:32:53-1127766|phase2|5,48,0,0,sha3,10,0.07,bch255-91-25\,,1.485893,0.333257,0.007243,0.010278,0.099455,0.001463,0.007205,0.010329,0.09759,0.002084,104,85,43,545,1,0
1036,0,0.0,0.0,0.0,0,sha3,OMNeT++; module=UavAuthNetwork.uav[6]; config=NoiseSweep,0.0,0.0,0.0,0.0,0.0,1.03752,0.321896,0.0,0.0,0.0,0.0,0.0,NoiseSweep,NoiseSweep-48-20260922-20:32:53-1127766,6,NoiseSweep-48-20260922-20:32:53-1127766|phase2|6,48,0,0,sha3,10,0.07,bch255-91-25\,,0.0,0.321896,0.0,0.0,0.0,0.0,0.0,0.0,0.0,0.0,0,0,0,0,0,0
1037,1,2.738405,1.654181,1.084224,777,sha3,OMNeT++; module=UavAuthNetwork.uav[7]; config=NoiseSweep,1.468829,0.049232,0.252117,0.087842,0.244646,1.041989,0.344969,0.087842,0.129449,0.172502,0.009668,0.839578,NoiseSweep,NoiseSweep-48-20260922-20:32:53-1127766,7,NoiseSweep-48-20260922-20:32:53-1127766|phase2|7,48,0,0,sha3,10,0.07,bch255-91-25\,,1.508843,0.344969,0.012775,0.014096,0.104954,0.001492,0.007413,0.01048,0.098814,0.003627,104,85,43,545,1,0
1038,1,2.666909,1.615348,1.051561,777,sha3,OMNeT++; module=UavAuthNetwork.uav[8]; config=NoiseSweep,1.453119,0.04875,0.242171,0.076441,0.214395,1.033002,0.341692,0.076441,0.127035,0.188,0.009347,0.837166,NoiseSweep,NoiseSweep-48-20260922-20:32:53-1127766,8,NoiseSweep-48-20260922-20:32:53-1127766|phase2|8,48,0,0,sha3,10,0.07,bch255-91-25\,,1.481733,0.341692,0.007234,0.010299,0.099925,0.001502,0.007154,0.01052,0.098352,0.002224,104,85,43,545,1,0
1039,1,2.668484,1.604109,1.064375,777,sha3,OMNeT++; module=UavAuthNetwork.uav[9]; config=NoiseSweep,1.441238,0.055673,0.258842,0.076762,0.223481,1.019528,0.343285,0.076762,0.126234,0.217914,0.009347,0.840894,NoiseSweep,NoiseSweep-48-20260922-20:32:53-1127766,9,NoiseSweep-48-20260922-20:32:53-1127766|phase2|9,48,0,0,sha3,10,0.07,bch255-91-25\,,1.541131,0.343285,0.007404,0.010349,0.099975,0.001522,0.007243,0.0105,0.105565,0.002164,104,85,43,545,1,0
1040,1,2.726956,1.670482,1.056474,777,sha3,OMNeT++; module=UavAuthNetwork.uav[0]; config=NoiseSweep,1.497672,0.049532,0.268297,0.08112,0.224628,1.044293,0.348966,0.08112,0.148214,0.158713,0.01057,0.831845,NoiseSweep,NoiseSweep-49-20260922-20:32:54-1127766,0,NoiseSweep-49-20260922-20:32:54-1127766|phase2|0,49,1,1,sha3,10,0.07,bch255-91-25\,,1.483483,0.348966,0.008065,0.011592,0.116456,0.002013,0.007493,0.010559,0.098914,0.008385,104,85,43,545,1,0
1041,1,2.674445,1.617666,1.056779,777,sha3,OMNeT++; module=UavAuthNetwork.uav[1]; config=NoiseSweep,1.453982,0.047538,0.264262,0.077113,0.225093,1.024716,0.348836,0.077113,0.127476,0.175273,0.009458,0.831686,NoiseSweep,NoiseSweep-49-20260922-20:32:54-1127766,1,NoiseSweep-49-20260922-20:32:54-1127766|phase2|1,49,1,1,sha3,10,0.07,bch255-91-25\,,1.496314,0.348836,0.007723,0.010468,0.100277,0.001533,0.007374,0.010229,0.097991,0.002335,104,85,43,545,1,0
1042,1,2.722548,1.633323,1.089225,777,sha3,OMNeT++; module=UavAuthNetwork.uav[2]; config=NoiseSweep,1.470963,0.047858,0.252213,0.076471,0.236517,1.038382,0.353234,0.076471,0.127005,0.169952,0.009418,0.852708,NoiseSweep,NoiseSweep-49-20260922-20:32:54-1127766,2,NoiseSweep-49-20260922-20:32:54-1127766|phase2|2,49,1,1,sha3,10,0.07,bch255-91-25\,,1.51139,0.353234,0.007303,0.010198,0.100036,0.001473,0.007264,0.010229,0.098172,0.002344,104,85,43,545,1,0
1043,1,2.711477,1.636509,1.074968,777,sha3,OMNeT++; module=UavAuthNetwork.uav[3]; config=NoiseSweep,1.471895,0.048059,0.252408,0.077553,0.246567,1.039915,0.344749,0.077553,0.128618,0.165107,0.009508,0.828402,NoiseSweep,NoiseSweep-49-20260922-20:32:54-1127766,3,NoiseSweep-49-20260922-20:32:54-1127766|phase2|3,49,1,1,sha3,10,0.07,bch255-91-25\,,1.492483,0.344749,0.007464,0.01061,0.109041,0.001513,0.007202,0.0106,0.099204,0.002124,104,85,43,545,1,0
1044,1,2.687605,1.62606,1.061545,777,sha3,OMNeT++; module=UavAuthNetwork.uav[4]; config=NoiseSweep,1.462498,0.04861,0.271349,0.076992,0.216598,1.036248,0.346592,0.076992,0.134409,0.179885,0.009578,0.844948,NoiseSweep,NoiseSweep-49-20260922-20:32:54-1127766,4,NoiseSweep-49-20260922-20:32:54-1127766|phase2|4,49,1,1,sha3,10,0.07,bch255-91-25\,,1.51278,0.346592,0.007262,0.01053,0.100566,0.001533,0.007203,0.01051,0.098493,0.002415,104,85,43,545,1,0
1045,1,2.720241,1.637802,1.082439,777,sha3,OMNeT++; module=UavAuthNetwork.uav[5]; config=NoiseSweep,1.474229,0.048049,0.242388,0.077093,0.216014,1.037691,0.354827,0.077093,0.127526,0.159153,0.009387,0.866426,NoiseSweep,NoiseSweep-49-20260922-20:32:54-1127766,5,NoiseSweep-49-20260922-20:32:54-1127766|phase2|5,49,1,1,sha3,10,0.07,bch255-91-25\,,1.483981,0.354827,0.007333,0.010448,0.101128,0.001493,0.007374,0.010468,0.098492,0.002475,104,85,43,545,1,0
1046,1,2.686473,1.611945,1.074528,777,sha3,OMNeT++; module=UavAuthNetwork.uav[6]; config=NoiseSweep,1.446688,0.048449,0.283112,0.076452,0.221452,1.013697,0.353374,0.076452,0.127586,0.202522,0.012353,0.853076,NoiseSweep,NoiseSweep-49-20260922-20:32:54-1127766,6,NoiseSweep-49-20260922-20:32:54-1127766|phase2|6,49,1,1,sha3,10,0.07,bch255-91-25\,,1.560162,0.353374,0.007363,0.010379,0.099695,0.001483,0.007253,0.01124,0.098262,0.002244,104,85,43,545,1,0
1047,1,2.70545,1.628285,1.077165,777,sha3,OMNeT++; module=UavAuthNetwork.uav[7]; config=NoiseSweep,1.465212,0.048821,0.244929,0.076823,0.225607,1.039785,0.342124,0.076823,0.126525,0.185028,0.009427,0.851558,NoiseSweep,NoiseSweep-49-20260922-20:32:54-1127766,7,NoiseSweep-49-20260922-20:32:54-1127766|phase2|7,49,1,1,sha3,10,0.07,bch255-91-25\,,1.507122,0.342124,0.007293,0.010318,0.104344,0.001492,0.007184,0.01053,0.099073,0.002134,104,85,43,545,1,0
1048,1,2.74904,1.62697,1.12207,777,sha3,OMNeT++; module=UavAuthNetwork.uav[8]; config=NoiseSweep,1.46425,0.04845,0.255804,0.076631,0.244446,1.038993,0.346742,0.076631,0.133497,0.173615,0.009458,0.877624,NoiseSweep,NoiseSweep-49-20260922-20:32:54-1127766,8,NoiseSweep-49-20260922-20:32:54-1127766|phase2|8,49,1,1,sha3,10,0.07,bch255-91-25\,,1.55149,0.346742,0.007314,0.010299,0.099755,0.001483,0.007423,0.01057,0.098382,0.002184,104,85,43,545,1,0
1049,1,2.688474,1.614109,1.074365,777,sha3,OMNeT++; module=UavAuthNetwork.uav[9]; config=NoiseSweep,1.452138,0.047378,0.246992,0.076382,0.223261,1.030438,0.343115,0.076382,0.126614,0.161871,0.009207,0.851104,NoiseSweep,NoiseSweep-49-20260922-20:32:54-1127766,9,NoiseSweep-49-20260922-20:32:54-1127766|phase2|9,49,1,1,sha3,10,0.07,bch255-91-25\,,1.483228,0.343115,0.007373,0.010219,0.099886,0.001483,0.007123,0.010149,0.098032,0.002033,104,85,43,545,1,0
1050,1,2.563159,1.485,1.078159,777,sha3,OMNeT++; module=UavAuthNetwork.uav[0]; config=NoiseSweep,1.313322,0.049672,0.263602,0.080509,0.248624,1.051236,0.1566,0.080509,0.1352,0.171762,0.01066,0.829535,NoiseSweep,NoiseSweep-5-20260922-20:32:28-1127766,0,NoiseSweep-5-20260922-20:32:28-1127766|phase2|0,5,2,2,sha3,10,0.0,bch255-91-25\,,1.513523,0.1566,0.007993,0.011271,0.116695,0.002104,0.007473,0.01047,0.099124,0.008747,104,85,43,545,1,0
1051,1,2.48668,1.413217,1.073463,777,sha3,OMNeT++; module=UavAuthNetwork.uav[1]; config=NoiseSweep,1.250595,0.047618,0.246729,0.076522,0.223881,1.018736,0.15168,0.076522,0.128608,0.182786,0.009578,0.849582,NoiseSweep,NoiseSweep-5-20260922-20:32:28-1127766,1,NoiseSweep-5-20260922-20:32:28-1127766|phase2|1,5,2,2,sha3,10,0.0,bch255-91-25\,,1.502978,0.15168,0.007314,0.010399,0.099945,0.001623,0.007303,0.010259,0.098152,0.002394,104,85,43,545,1,0
1052,1,2.513709,1.430377,1.083332,777,sha3,OMNeT++; module=UavAuthNetwork.uav[2]; config=NoiseSweep,1.267776,0.047799,0.258927,0.076582,0.2246,1.03744,0.152032,0.076582,0.132645,0.159875,0.009437,0.858733,NoiseSweep,NoiseSweep-5-20260922-20:32:28-1127766,2,NoiseSweep-5-20260922-20:32:28-1127766|phase2|2,5,2,2,sha3,10,0.0,bch255-91-25\,,1.502133,0.152032,0.007304,0.010209,0.099954,0.001492,0.007144,0.01027,0.098221,0.002214,104,85,43,545,1,0
1053,1,2.488936,1.439736,1.0492,777,sha3,OMNeT++; module=UavAuthNetwork.uav[3]; config=NoiseSweep,1.276223,0.047889,0.240712,0.077043,0.216164,1.044273,0.153083,0.077043,0.127997,0.204086,0.009427,0.833036,NoiseSweep,NoiseSweep-5-20260922-20:32:28-1127766,3,NoiseSweep-5-20260922-20:32:28-1127766|phase2|3,5,2,2,sha3,10,0.0,bch255-91-25\,,1.493998,0.153083,0.007334,0.010479,0.100346,0.001513,0.007294,0.01041,0.099052,0.002174,104,85,43,545,1,0
1054,1,2.495922,1.425351,1.070571,777,sha3,OMNeT++; module=UavAuthNetwork.uav[4]; config=NoiseSweep,1.262087,0.04832,0.255178,0.076893,0.229748,1.034184,0.149667,0.076893,0.132685,0.169948,0.009478,0.840823,NoiseSweep,NoiseSweep-5-20260922-20:32:28-1127766,4,NoiseSweep-5-20260922-20:32:28-1127766|phase2|4,5,2,2,sha3,10,0.0,bch255-91-25\,,1.495697,0.149667,0.007284,0.010168,0.100225,0.001463,0.007404,0.01047,0.103452,0.002134,104,85,43,545,1,0
1055,1,2.503908,1.439645,1.064263,777,sha3,OMNeT++; module=UavAuthNetwork.uav[5]; config=NoiseSweep,1.276704,0.047568,0.26957,0.076852,0.217266,1.045856,0.151982,0.076852,0.127556,0.199652,0.009237,0.846997,NoiseSweep,NoiseSweep-5-20260922-20:32:28-1127766,5,NoiseSweep-5-20260922-20:32:28-1127766|phase2|5,5,2,2,sha3,10,0.0,bch255-91-25\,,1.533486,0.151982,0.007254,0.01035,0.100335,0.001473,0.007314,0.010188,0.098753,0.002185,104,85,43,545,1,0
1056,1,2.541891,1.475441,1.06645,777,sha3,OMNeT++; module=UavAuthNetwork.uav[6]; config=NoiseSweep,1.302551,0.049061,0.256803,0.081601,0.237282,1.06937,0.152823,0.081601,0.139528,0.160766,0.009688,0.829168,NoiseSweep,NoiseSweep-5-20260922-20:32:28-1127766,6,NoiseSweep-5-20260922-20:32:28-1127766|phase2|6,5,2,2,sha3,10,0.0,bch255-91-25\,,1.484019,0.152823,0.007425,0.01099,0.105606,0.001573,0.007334,0.01149,0.10874,0.002715,104,85,43,545,1,0
1057,1,2.59489,1.522246,1.072644,777,sha3,OMNeT++; module=UavAuthNetwork.uav[7]; config=NoiseSweep,1.342004,0.051185,0.251251,0.083464,0.239077,1.08021,0.176597,0.083464,0.159155,0.195254,0.013314,0.833566,NoiseSweep,NoiseSweep-5-20260922-20:32:28-1127766,7,NoiseSweep-5-20260922-20:32:28-1127766|phase2|7,5,2,2,sha3,10,0.0,bch255-91-25\,,1.519149,0.176597,0.007473,0.011502,0.109553,0.001833,0.007534,0.011232,0.104574,0.004018,104,85,43,545,1,0
1058,1,2.549673,1.459312,1.090361,777,sha3,OMNeT++; module=UavAuthNetwork.uav[8]; config=NoiseSweep,1.293214,0.049982,0.258522,0.078205,0.230213,1.045876,0.155067,0.078205,0.128669,0.184573,0.009688,0.860147,NoiseSweep,NoiseSweep-5-20260922-20:32:28-1127766,8,NoiseSweep-5-20260922-20:32:28-1127766|phase2|8,5,2,2,sha3,10,0.0,bch255-91-25\,,1.533456,0.155067,0.007595,0.01074,0.103732,0.001513,0.007583,0.010861,0.099374,0.002424,104,85,43,545,1,0
1059,1,2.50964,1.445365,1.064275,777,sha3,OMNeT++; module=UavAuthNetwork.uav[9]; config=NoiseSweep,1.281592,0.0486,0.248707,0.077163,0.230871,1.048501,0.152913,0.077163,0.133387,0.169293,0.009447,0.833405,NoiseSweep,NoiseSweep-5-20260922-20:32:28-1127766,9,NoiseSweep-5-20260922-20:32:28-1127766|phase2|9,5,2,2,sha3,10,0.0,bch255-91-25\,,1.482275,0.152913,0.007313,0.010348,0.100908,0.001502,0.007383,0.010659,0.104163,0.002284,104,85,43,545,1,0
1060,1,2.750414,1.672255,1.078159,777,sha3,OMNeT++; module=UavAuthNetwork.uav[0]; config=NoiseSweep,1.498283,0.057476,0.263602,0.081661,0.248624,1.044303,0.356499,0.081661,0.136743,0.171762,0.01065,0.829535,NoiseSweep,NoiseSweep-50-20260922-20:32:54-1127766,0,NoiseSweep-50-20260922-20:32:54-1127766|phase2|0,50,2,2,sha3,10,0.07,bch255-91-25\,,1.513523,0.356499,0.008626,0.01135,0.117799,0.002054,0.007744,0.010891,0.105846,0.009317,104,85,43,545,1,0
1061,1,2.706314,1.632851,1.073463,777,sha3,OMNeT++; module=UavAuthNetwork.uav[1]; config=NoiseSweep,1.468007,0.048169,0.246729,0.077483,0.223881,1.037571,0.348375,0.077483,0.133577,0.182786,0.009878,0.849582,NoiseSweep,NoiseSweep-50-20260922-20:32:54-1127766,1,NoiseSweep-50-20260922-20:32:54-1127766|phase2|1,50,2,2,sha3,10,0.07,bch255-91-25\,,1.502978,0.348375,0.007454,0.01042,0.101198,0.001542,0.007385,0.010389,0.098753,0.008285,104,85,43,545,1,0
1062,1,2.708981,1.625649,1.083332,777,sha3,OMNeT++; module=UavAuthNetwork.uav[2]; config=NoiseSweep,1.462637,0.04833,0.258927,0.076732,0.2246,1.040325,0.342685,0.076732,0.127176,0.159875,0.009548,0.858733,NoiseSweep,NoiseSweep-50-20260922-20:32:54-1127766,2,NoiseSweep-50-20260922-20:32:54-1127766|phase2|2,50,2,2,sha3,10,0.07,bch255-91-25\,,1.502133,0.342685,0.007594,0.010369,0.099965,0.001523,0.007443,0.0104,0.098523,0.002204,104,85,43,545,1,0
1063,1,2.685316,1.636116,1.0492,777,sha3,OMNeT++; module=UavAuthNetwork.uav[3]; config=NoiseSweep,1.473437,0.047158,0.240712,0.076671,0.216164,1.038642,0.355939,0.076671,0.126193,0.204086,0.009337,0.833036,NoiseSweep,NoiseSweep-50-20260922-20:32:54-1127766,3,NoiseSweep-50-20260922-20:32:54-1127766|phase2|3,50,2,2,sha3,10,0.07,bch255-91-25\,,1.493998,0.355939,0.007273,0.010238,0.100086,0.001492,0.007182,0.01016,0.098452,0.002124,104,85,43,545,1,0
1064,1,2.694548,1.623977,1.070571,777,sha3,OMNeT++; module=UavAuthNetwork.uav[4]; config=NoiseSweep,1.461325,0.054441,0.255178,0.076712,0.229748,1.039665,0.343325,0.076712,0.127396,0.169948,0.009228,0.840823,NoiseSweep,NoiseSweep-50-20260922-20:32:54-1127766,4,NoiseSweep-50-20260922-20:32:54-1127766|phase2|4,50,2,2,sha3,10,0.07,bch255-91-25\,,1.495697,0.343325,0.007222,0.010429,0.099605,0.001433,0.007404,0.010419,0.104184,0.002244,104,85,43,545,1,0
1065,1,2.70028,1.636017,1.064263,777,sha3,OMNeT++; module=UavAuthNetwork.uav[5]; config=NoiseSweep,1.466865,0.047388,0.26957,0.076902,0.217266,1.039485,0.348535,0.076902,0.126824,0.199652,0.015348,0.846997,NoiseSweep,NoiseSweep-50-20260922-20:32:54-1127766,5,NoiseSweep-50-20260922-20:32:54-1127766|phase2|5,50,2,2,sha3,10,0.07,bch255-91-25\,,1.533486,0.348535,0.007314,0.01064,0.099905,0.001442,0.007103,0.010278,0.098292,0.002064,104,85,43,545,1,0
1066,1,2.705343,1.638893,1.06645,777,sha3,OMNeT++; module=UavAuthNetwork.uav[6]; config=NoiseSweep,1.46921,0.04858,0.256803,0.080218,0.237282,1.038482,0.352503,0.080218,0.126715,0.160766,0.009247,0.829168,NoiseSweep,NoiseSweep-50-20260922-20:32:54-1127766,6,NoiseSweep-50-20260922-20:32:54-1127766|phase2|6,50,2,2,sha3,10,0.07,bch255-91-25\,,1.484019,0.352503,0.007243,0.010329,0.103241,0.001423,0.007304,0.010409,0.098312,0.002053,104,85,43,545,1,0
1067,1,2.710917,1.638273,1.072644,777,sha3,OMNeT++; module=UavAuthNetwork.uav[7]; config=NoiseSweep,1.472736,0.048018,0.251251,0.078195,0.239077,1.03715,0.356961,0.078195,0.126885,0.195254,0.009147,0.833566,NoiseSweep,NoiseSweep-50-20260922-20:32:54-1127766,7,NoiseSweep-50-20260922-20:32:54-1127766|phase2|7,50,2,2,sha3,10,0.07,bch255-91-25\,,1.519149,0.356961,0.007283,0.01049,0.101067,0.001392,0.007294,0.01049,0.098361,0.002054,104,85,43,545,1,0
1068,1,2.713218,1.622857,1.090361,777,sha3,OMNeT++; module=UavAuthNetwork.uav[8]; config=NoiseSweep,1.458801,0.055723,0.258522,0.077384,0.230213,1.036038,0.343906,0.077384,0.127015,0.184573,0.009288,0.860147,NoiseSweep,NoiseSweep-50-20260922-20:32:54-1127766,8,NoiseSweep-50-20260922-20:32:54-1127766|phase2|8,50,2,2,sha3,10,0.07,bch255-91-25\,,1.533456,0.343906,0.007353,0.01079,0.100015,0.001443,0.008776,0.01037,0.103562,0.002114,104,85,43,545,1,0
1069,0,0.0,0.0,0.0,0,sha3,OMNeT++; module=UavAuthNetwork.uav[9]; config=NoiseSweep,0.0,0.0,0.0,0.0,0.0,1.041478,0.320113,0.0,0.0,0.0,0.0,0.0,NoiseSweep,NoiseSweep-50-20260922-20:32:54-1127766,9,NoiseSweep-50-20260922-20:32:54-1127766|phase2|9,50,2,2,sha3,10,0.07,bch255-91-25\,,0.0,0.320113,0.0,0.0,0.0,0.0,0.0,0.0,0.0,0.0,0,0,0,0,0,0
1070,1,4.733585,3.655406,1.078179,777,sha3,OMNeT++; module=UavAuthNetwork.uav[0]; config=NoiseSweep,3.480002,0.051966,0.256671,0.082292,0.249728,3.139622,0.251566,0.082292,0.137384,0.183693,0.01082,0.828452,NoiseSweep,NoiseSweep-51-20260922-20:32:55-1127766,0,NoiseSweep-51-20260922-20:32:55-1127766|phase2|0,51,0,0,sha3,10,0.07,rep3-bch255-131-18\,,1.518543,0.251566,0.008244,0.012323,0.1188,0.001994,0.008115,0.011191,0.099244,0.008406,104,85,43,545,1,0
1071,1,4.64545,3.563397,1.082053,777,sha3,OMNeT++; module=UavAuthNetwork.uav[1]; config=NoiseSweep,3.398451,0.0482,0.251082,0.077624,0.240244,3.076395,0.249782,0.077624,0.127917,0.166001,0.009698,0.841809,NoiseSweep,NoiseSweep-51-20260922-20:32:55-1127766,1,NoiseSweep-51-20260922-20:32:55-1127766|phase2|1,51,0,0,sha3,10,0.07,rep3-bch255-131-18\,,1.499136,0.249782,0.007393,0.01076,0.101037,0.001643,0.007423,0.010489,0.098443,0.002605,104,85,43,545,1,0
1072,1,4.646829,3.593361,1.053468,777,sha3,OMNeT++; module=UavAuthNetwork.uav[2]; config=NoiseSweep,3.429679,0.0543,0.244435,0.077002,0.225942,3.117812,0.242188,0.077002,0.127215,0.174349,0.009678,0.827526,NoiseSweep,NoiseSweep-51-20260922-20:32:55-1127766,2,NoiseSweep-51-20260922-20:32:55-1127766|phase2|2,51,0,0,sha3,10,0.07,rep3-bch255-131-18\,,1.472252,0.242188,0.007284,0.01046,0.100926,0.001512,0.007573,0.015679,0.098763,0.002525,104,85,43,545,1,0
1073,1,4.643735,3.583635,1.0601,777,sha3,OMNeT++; module=UavAuthNetwork.uav[3]; config=NoiseSweep,3.420302,0.047528,0.270952,0.076993,0.230351,3.108574,0.24303,0.076993,0.127225,0.16277,0.009347,0.829749,NoiseSweep,NoiseSweep-51-20260922-20:32:55-1127766,3,NoiseSweep-51-20260922-20:32:55-1127766|phase2|3,51,0,0,sha3,10,0.07,rep3-bch255-131-18\,,1.493821,0.24303,0.007385,0.010629,0.099895,0.001522,0.007193,0.010349,0.098243,0.002124,104,85,43,545,1,0
1074,1,4.718234,3.611025,1.107209,777,sha3,OMNeT++; module=UavAuthNetwork.uav[4]; config=NoiseSweep,3.445418,0.056495,0.241588,0.077764,0.257305,3.112632,0.241897,0.077764,0.159646,0.189083,0.010079,0.849904,NoiseSweep,NoiseSweep-51-20260922-20:32:55-1127766,4,NoiseSweep-51-20260922-20:32:55-1127766|phase2|4,51,0,0,sha3,10,0.07,rep3-bch255-131-18\,,1.53788,0.241897,0.009088,0.014156,0.116154,0.001603,0.007405,0.021019,0.11372,0.003476,104,85,43,545,1,0
1075,1,4.678699,3.602799,1.0759,777,sha3,OMNeT++; module=UavAuthNetwork.uav[5]; config=NoiseSweep,3.437464,0.049772,0.245457,0.078004,0.227226,3.118273,0.245945,0.078004,0.133196,0.164536,0.009327,0.848674,NoiseSweep,NoiseSweep-51-20260922-20:32:55-1127766,5,NoiseSweep-51-20260922-20:32:55-1127766|phase2|5,51,0,0,sha3,10,0.07,rep3-bch255-131-18\,,1.485893,0.245945,0.007394,0.01063,0.104052,0.001553,0.007443,0.01082,0.098442,0.002375,104,85,43,545,1,0
1076,1,4.669932,3.585708,1.084224,777,sha3,OMNeT++; module=UavAuthNetwork.uav[6]; config=NoiseSweep,3.405835,0.048219,0.252117,0.085198,0.244646,3.092825,0.243581,0.085198,0.128518,0.172502,0.009477,0.839578,NoiseSweep,NoiseSweep-51-20260922-20:32:55-1127766,6,NoiseSweep-51-20260922-20:32:55-1127766|phase2|6,51,0,0,sha3,10,0.07,rep3-bch255-131-18\,,1.508843,0.243581,0.007363,0.010989,0.10804,0.001492,0.007294,0.010389,0.098411,0.002314,104,85,43,545,1,0
1077,1,4.633743,3.582182,1.051561,777,sha3,OMNeT++; module=UavAuthNetwork.uav[7]; config=NoiseSweep,3.416515,0.048079,0.242171,0.078205,0.214395,3.108625,0.239673,0.078205,0.127196,0.188,0.009257,0.837166,NoiseSweep,NoiseSweep-51-20260922-20:32:55-1127766,7,NoiseSweep-51-20260922-20:32:55-1127766|phase2|7,51,0,0,sha3,10,0.07,rep3-bch255-131-18\,,1.481733,0.239673,0.007234,0.01049,0.101257,0.001493,0.007264,0.010459,0.098172,0.002064,104,85,43,545,1,0
1078,1,4.635536,3.571161,1.064375,777,sha3,OMNeT++; module=UavAuthNetwork.uav[8]; config=NoiseSweep,3.407327,0.04882,0.258842,0.077183,0.223481,3.096482,0.24282,0.077183,0.126715,0.217914,0.009468,0.840894,NoiseSweep,NoiseSweep-51-20260922-20:32:55-1127766,8,NoiseSweep-51-20260922-20:32:55-1127766|phase2|8,51,0,0,sha3,10,0.07,rep3-bch255-131-18\,,1.541131,0.24282,0.007394,0.01041,0.100506,0.001443,0.007414,0.01063,0.098181,0.002174,104,85,43,545,1,0
1079,1,4.763288,3.686766,1.076522,777,sha3,OMNeT++; module=UavAuthNetwork.uav[9]; config=NoiseSweep,3.513294,0.052978,0.263986,0.081742,0.224282,3.156894,0.263388,0.081742,0.132145,0.158638,0.009988,0.852241,NoiseSweep,NoiseSweep-51-20260922-20:32:55-1127766,9,NoiseSweep-51-20260922-20:32:55-1127766|phase2|9,51,0,0,sha3,10,0.07,rep3-bch255-131-18\,,1.499146,0.263388,0.007654,0.018545,0.118469,0.001623,0.007435,0.010891,0.100095,0.005029,104,85,43,545,1,0
1080,1,4.649957,3.593483,1.056474,777,sha3,OMNeT++; module=UavAuthNetwork.uav[0]; config=NoiseSweep,3.410694,0.050003,0.268297,0.08613,0.224628,3.10572,0.219877,0.08613,0.136313,0.158713,0.010529,0.831845,NoiseSweep,NoiseSweep-52-20260922-20:32:56-1127766,0,NoiseSweep-52-20260922-20:32:56-1127766|phase2|0,52,1,1,sha3,10,0.07,rep3-bch255-131-18\,,1.483483,0.219877,0.008115,0.01125,0.121846,0.001933,0.007674,0.01058,0.099454,0.008937,104,85,43,545,1,0
1081,1,4.68148,3.624701,1.056779,777,sha3,OMNeT++; module=UavAuthNetwork.uav[1]; config=NoiseSweep,3.456178,0.049872,0.264262,0.079237,0.225093,3.115808,0.262255,0.079237,0.130812,0.175273,0.010049,0.831686,NoiseSweep,NoiseSweep-52-20260922-20:32:56-1127766,1,NoiseSweep-52-20260922-20:32:56-1127766|phase2|1,52,1,1,sha3,10,0.07,rep3-bch255-131-18\,,1.496314,0.262255,0.008005,0.011221,0.10845,0.001793,0.007413,0.01084,0.098513,0.004608,104,85,43,545,1,0
1082,1,4.645888,3.556663,1.089225,777,sha3,OMNeT++; module=UavAuthNetwork.uav[2]; config=NoiseSweep,3.393021,0.04849,0.252213,0.077072,0.236517,3.08454,0.237269,0.077072,0.127286,0.169952,0.009498,0.852708,NoiseSweep,NoiseSweep-52-20260922-20:32:56-1127766,2,NoiseSweep-52-20260922-20:32:56-1127766|phase2|2,52,1,1,sha3,10,0.07,rep3-bch255-131-18\,,1.51139,0.237269,0.007404,0.010779,0.100256,0.001493,0.007273,0.010699,0.098151,0.002365,104,85,43,545,1,0
1083,1,4.64136,3.566392,1.074968,777,sha3,OMNeT++; module=UavAuthNetwork.uav[3]; config=NoiseSweep,3.403751,0.0484,0.252408,0.076592,0.246567,3.102012,0.233653,0.076592,0.127536,0.165107,0.009457,0.828402,NoiseSweep,NoiseSweep-52-20260922-20:32:56-1127766,3,NoiseSweep-52-20260922-20:32:56-1127766|phase2|3,52,1,1,sha3,10,0.07,rep3-bch255-131-18\,,1.492483,0.233653,0.007283,0.01038,0.100026,0.001452,0.007394,0.0106,0.098592,0.002485,104,85,43,545,1,0
1084,1,4.644878,3.583333,1.061545,777,sha3,OMNeT++; module=UavAuthNetwork.uav[4]; config=NoiseSweep,3.418258,0.048249,0.271349,0.077834,0.216598,3.107833,0.242359,0.077834,0.127376,0.179885,0.009407,0.844948,NoiseSweep,NoiseSweep-52-20260922-20:32:56-1127766,4,NoiseSweep-52-20260922-20:32:56-1127766|phase2|4,52,1,1,sha3,10,0.07,rep3-bch255-131-18\,,1.51278,0.242359,0.007283,0.010319,0.101117,0.001473,0.007344,0.01037,0.098051,0.002254,104,85,43,545,1,0
1085,1,4.669607,3.587168,1.082439,777,sha3,OMNeT++; module=UavAuthNetwork.uav[5]; config=NoiseSweep,3.424489,0.047908,0.242388,0.076571,0.216014,3.109937,0.240696,0.076571,0.127977,0.159153,0.009537,0.866426,NoiseSweep,NoiseSweep-52-20260922-20:32:56-1127766,5,NoiseSweep-52-20260922-20:32:56-1127766|phase2|5,52,1,1,sha3,10,0.07,rep3-bch255-131-18\,,1.483981,0.240696,0.007224,0.01045,0.100285,0.001512,0.007183,0.010329,0.098483,0.002234,104,85,43,545,1,0
1086,1,4.681396,3.606868,1.074528,777,sha3,OMNeT++; module=UavAuthNetwork.uav[6]; config=NoiseSweep,3.441571,0.050874,0.283112,0.077754,0.221452,3.117611,0.246987,0.077754,0.128979,0.202522,0.009789,0.853076,NoiseSweep,NoiseSweep-52-20260922-20:32:56-1127766,6,NoiseSweep-52-20260922-20:32:56-1127766|phase2|6,52,1,1,sha3,10,0.07,rep3-bch255-131-18\,,1.560162,0.246987,0.007464,0.01073,0.106727,0.001593,0.007675,0.01035,0.099013,0.003066,104,85,43,545,1,0
1087,1,4.646893,3.569728,1.077165,777,sha3,OMNeT++; module=UavAuthNetwork.uav[7]; config=NoiseSweep,3.406376,0.047387,0.244929,0.076972,0.225607,3.099658,0.237249,0.076972,0.132034,0.185028,0.009408,0.851558,NoiseSweep,NoiseSweep-52-20260922-20:32:56-1127766,7,NoiseSweep-52-20260922-20:32:56-1127766|phase2|7,52,1,1,sha3,10,0.07,rep3-bch255-131-18\,,1.507122,0.237249,0.007314,0.01038,0.100546,0.001453,0.007072,0.010589,0.10284,0.002274,104,85,43,545,1,0
1088,1,4.675569,3.553499,1.12207,777,sha3,OMNeT++; module=UavAuthNetwork.uav[8]; config=NoiseSweep,3.390456,0.048721,0.255804,0.076853,0.244446,3.081174,0.241537,0.076853,0.127566,0.173615,0.009337,0.877624,NoiseSweep,NoiseSweep-52-20260922-20:32:56-1127766,8,NoiseSweep-52-20260922-20:32:56-1127766|phase2|8,52,1,1,sha3,10,0.07,rep3-bch255-131-18\,,1.55149,0.241537,0.007213,0.010359,0.100246,0.001462,0.007405,0.01059,0.098341,0.002274,104,85,43,545,1,0
1089,1,4.626709,3.552344,1.074365,777,sha3,OMNeT++; module=UavAuthNetwork.uav[9]; config=NoiseSweep,3.388723,0.047799,0.246992,0.077122,0.223261,3.074251,0.246236,0.077122,0.127556,0.161871,0.009377,0.851104,NoiseSweep,NoiseSweep-52-20260922-20:32:56-1127766,9,NoiseSweep-52-20260922-20:32:56-1127766|phase2|9,52,1,1,sha3,10,0.07,rep3-bch255-131-18\,,1.483228,0.246236,0.007354,0.01058,0.100506,0.001473,0.007082,0.010399,0.098262,0.002374,104,85,43,545,1,0
1090,1,4.699081,3.620922,1.078159,777,sha3,OMNeT++; module=UavAuthNetwork.uav[0]; config=NoiseSweep,3.44647,0.050694,0.263602,0.081851,0.248624,3.103966,0.257397,0.081851,0.135541,0.171762,0.01075,0.829535,NoiseSweep,NoiseSweep-53-20260922-20:32:56-1127766,0,NoiseSweep-53-20260922-20:32:56-1127766|phase2|0,53,2,2,sha3,10,0.07,rep3-bch255-131-18\,,1.513523,0.257397,0.008055,0.011531,0.117156,0.002064,0.007554,0.01103,0.099174,0.008175,104,85,43,545,1,0
1091,1,4.643132,3.569669,1.073463,777,sha3,OMNeT++; module=UavAuthNetwork.uav[1]; config=NoiseSweep,3.405905,0.047538,0.246729,0.077103,0.223881,3.091593,0.244262,0.077103,0.127506,0.182786,0.009558,0.849582,NoiseSweep,NoiseSweep-53-20260922-20:32:56-1127766,1,NoiseSweep-53-20260922-20:32:56-1127766|phase2|1,53,2,2,sha3,10,0.07,rep3-bch255-131-18\,,1.502978,0.244262,0.007323,0.010589,0.100426,0.001563,0.007093,0.010129,0.098412,0.002735,104,85,43,545,1,0
1092,1,4.649565,3.566233,1.083332,777,sha3,OMNeT++; module=UavAuthNetwork.uav[2]; config=NoiseSweep,3.402389,0.048409,0.258927,0.077053,0.2246,3.094769,0.238491,0.077053,0.132996,0.159875,0.009738,0.858733,NoiseSweep,NoiseSweep-53-20260922-20:32:56-1127766,2,NoiseSweep-53-20260922-20:32:56-1127766|phase2|2,53,2,2,sha3,10,0.07,rep3-bch255-131-18\,,1.502133,0.238491,0.007332,0.01071,0.100286,0.001613,0.007193,0.010539,0.098262,0.002424,104,85,43,545,1,0
1093,1,4.651821,3.602621,1.0492,777,sha3,OMNeT++; module=UavAuthNetwork.uav[3]; config=NoiseSweep,3.436081,0.049431,0.240712,0.078526,0.216164,3.117471,0.245955,0.078526,0.128779,0.204086,0.009488,0.833036,NoiseSweep,NoiseSweep-53-20260922-20:32:56-1127766,3,NoiseSweep-53-20260922-20:32:56-1127766|phase2|3,53,2,2,sha3,10,0.07,rep3-bch255-131-18\,,1.493998,0.245955,0.007465,0.01059,0.105404,0.001483,0.007364,0.01069,0.098452,0.002835,104,85,43,545,1,0
1094,1,4.642976,3.572405,1.070571,777,sha3,OMNeT++; module=UavAuthNetwork.uav[4]; config=NoiseSweep,3.408881,0.04878,0.255178,0.077063,0.229748,3.091042,0.24863,0.077063,0.127045,0.169948,0.009398,0.840823,NoiseSweep,NoiseSweep-53-20260922-20:32:56-1127766,4,NoiseSweep-53-20260922-20:32:56-1127766|phase2|4,53,2,2,sha3,10,0.07,rep3-bch255-131-18\,,1.495697,0.24863,0.007323,0.010629,0.100026,0.001423,0.007274,0.0108,0.098181,0.002274,104,85,43,545,1,0
1095,1,4.689916,3.625653,1.064263,777,sha3,OMNeT++; module=UavAuthNetwork.uav[5]; config=NoiseSweep,3.442403,0.049502,0.26957,0.086701,0.217266,3.124173,0.245896,0.086701,0.12936,0.199652,0.009848,0.846997,NoiseSweep,NoiseSweep-53-20260922-20:32:56-1127766,5,NoiseSweep-53-20260922-20:32:56-1127766|phase2|5,53,2,2,sha3,10,0.07,rep3-bch255-131-18\,,1.533486,0.245896,0.007774,0.011771,0.111135,0.001773,0.007504,0.01081,0.098754,0.003246,104,85,43,545,1,0
1096,1,4.652788,3.586338,1.06645,777,sha3,OMNeT++; module=UavAuthNetwork.uav[6]; config=NoiseSweep,3.423187,0.0484,0.256803,0.076832,0.237282,3.109947,0.24324,0.076832,0.127266,0.160766,0.009487,0.829168,NoiseSweep,NoiseSweep-53-20260922-20:32:56-1127766,6,NoiseSweep-53-20260922-20:32:56-1127766|phase2|6,53,2,2,sha3,10,0.07,rep3-bch255-131-18\,,1.484019,0.24324,0.007324,0.0106,0.100486,0.001643,0.007233,0.010279,0.098252,0.002254,104,85,43,545,1,0
1097,1,4.648665,3.576021,1.072644,777,sha3,OMNeT++; module=UavAuthNetwork.uav[7]; config=NoiseSweep,3.410413,0.050624,0.251251,0.078015,0.239077,3.087656,0.248861,0.078015,0.12971,0.195254,0.009578,0.833566,NoiseSweep,NoiseSweep-53-20260922-20:32:56-1127766,7,NoiseSweep-53-20260922-20:32:56-1127766|phase2|7,53,2,2,sha3,10,0.07,rep3-bch255-131-18\,,1.519149,0.248861,0.007613,0.01097,0.105225,0.001653,0.007464,0.010599,0.098563,0.003787,104,85,43,545,1,0
1098,1,4.679744,3.589383,1.090361,777,sha3,OMNeT++; module=UavAuthNetwork.uav[8]; config=NoiseSweep,3.42501,0.049272,0.258522,0.077433,0.230213,3.1115,0.243791,0.077433,0.127907,0.184573,0.009507,0.860147,NoiseSweep,NoiseSweep-53-20260922-20:32:56-1127766,8,NoiseSweep-53-20260922-20:32:56-1127766|phase2|8,53,2,2,sha3,10,0.07,rep3-bch255-131-18\,,1.533456,0.243791,0.007334,0.01055,0.100677,0.001502,0.007453,0.01093,0.098582,0.002355,104,85,43,545,1,0
1099,1,4.640024,3.575749,1.064275,777,sha3,OMNeT++; module=UavAuthNetwork.uav[9]; config=NoiseSweep,3.413188,0.047718,0.248707,0.076692,0.230871,3.109787,0.235455,0.076692,0.131624,0.169293,0.009177,0.833405,NoiseSweep,NoiseSweep-53-20260922-20:32:56-1127766,9,NoiseSweep-53-20260922-20:32:56-1127766|phase2|9,53,2,2,sha3,10,0.07,rep3-bch255-131-18\,,1.482275,0.235455,0.007344,0.010259,0.100235,0.001463,0.007234,0.010239,0.098162,0.002195,104,85,43,545,1,0
1100,0,0.0,0.0,0.0,0,sha3,OMNeT++; module=UavAuthNetwork.uav[0]; config=NoiseSweep,0.0,0.0,0.0,0.0,0.0,0.839905,0.133247,0.0,0.0,0.0,0.0,0.0,NoiseSweep,NoiseSweep-54-20260922-20:32:57-1127766,0,NoiseSweep-54-20260922-20:32:57-1127766|phase2|0,54,0,0,sha3,10,0.10,bch255-131-18\,,0.0,0.133247,0.0,0.0,0.0,0.0,0.0,0.0,0.0,0.0,0,0,0,0,0,0
1101,0,0.0,0.0,0.0,0,sha3,OMNeT++; module=UavAuthNetwork.uav[1]; config=NoiseSweep,0.0,0.0,0.0,0.0,0.0,0.829505,0.131384,0.0,0.0,0.0,0.0,0.0,NoiseSweep,NoiseSweep-54-20260922-20:32:57-1127766,1,NoiseSweep-54-20260922-20:32:57-1127766|phase2|1,54,0,0,sha3,10,0.10,bch255-131-18\,,0.0,0.131384,0.0,0.0,0.0,0.0,0.0,0.0,0.0,0.0,0,0,0,0,0,0
1102,0,0.0,0.0,0.0,0,sha3,OMNeT++; module=UavAuthNetwork.uav[2]; config=NoiseSweep,0.0,0.0,0.0,0.0,0.0,0.817994,0.127997,0.0,0.0,0.0,0.0,0.0,NoiseSweep,NoiseSweep-54-20260922-20:32:57-1127766,2,NoiseSweep-54-20260922-20:32:57-1127766|phase2|2,54,0,0,sha3,10,0.10,bch255-131-18\,,0.0,0.127997,0.0,0.0,0.0,0.0,0.0,0.0,0.0,0.0,0,0,0,0,0,0
1103,0,0.0,0.0,0.0,0,sha3,OMNeT++; module=UavAuthNetwork.uav[3]; config=NoiseSweep,0.0,0.0,0.0,0.0,0.0,0.8263,0.127886,0.0,0.0,0.0,0.0,0.0,NoiseSweep,NoiseSweep-54-20260922-20:32:57-1127766,3,NoiseSweep-54-20260922-20:32:57-1127766|phase2|3,54,0,0,sha3,10,0.10,bch255-131-18\,,0.0,0.127886,0.0,0.0,0.0,0.0,0.0,0.0,0.0,0.0,0,0,0,0,0,0
1104,0,0.0,0.0,0.0,0,sha3,OMNeT++; module=UavAuthNetwork.uav[4]; config=NoiseSweep,0.0,0.0,0.0,0.0,0.0,0.820899,0.128578,0.0,0.0,0.0,0.0,0.0,NoiseSweep,NoiseSweep-54-20260922-20:32:57-1127766,4,NoiseSweep-54-20260922-20:32:57-1127766|phase2|4,54,0,0,sha3,10,0.10,bch255-131-18\,,0.0,0.128578,0.0,0.0,0.0,0.0,0.0,0.0,0.0,0.0,0,0,0,0,0,0
1105,0,0.0,0.0,0.0,0,sha3,OMNeT++; module=UavAuthNetwork.uav[5]; config=NoiseSweep,0.0,0.0,0.0,0.0,0.0,0.829406,0.148915,0.0,0.0,0.0,0.0,0.0,NoiseSweep,NoiseSweep-54-20260922-20:32:57-1127766,5,NoiseSweep-54-20260922-20:32:57-1127766|phase2|5,54,0,0,sha3,10,0.10,bch255-131-18\,,0.0,0.148915,0.0,0.0,0.0,0.0,0.0,0.0,0.0,0.0,0,0,0,0,0,0
1106,0,0.0,0.0,0.0,0,sha3,OMNeT++; module=UavAuthNetwork.uav[6]; config=NoiseSweep,0.0,0.0,0.0,0.0,0.0,0.82621,0.129429,0.0,0.0,0.0,0.0,0.0,NoiseSweep,NoiseSweep-54-20260922-20:32:57-1127766,6,NoiseSweep-54-20260922-20:32:57-1127766|phase2|6,54,0,0,sha3,10,0.10,bch255-131-18\,,0.0,0.129429,0.0,0.0,0.0,0.0,0.0,0.0,0.0,0.0,0,0,0,0,0,0
1107,0,0.0,0.0,0.0,0,sha3,OMNeT++; module=UavAuthNetwork.uav[7]; config=NoiseSweep,0.0,0.0,0.0,0.0,0.0,0.830157,0.128187,0.0,0.0,0.0,0.0,0.0,NoiseSweep,NoiseSweep-54-20260922-20:32:57-1127766,7,NoiseSweep-54-20260922-20:32:57-1127766|phase2|7,54,0,0,sha3,10,0.10,bch255-131-18\,,0.0,0.128187,0.0,0.0,0.0,0.0,0.0,0.0,0.0,0.0,0,0,0,0,0,0
1108,0,0.0,0.0,0.0,0,sha3,OMNeT++; module=UavAuthNetwork.uav[8]; config=NoiseSweep,0.0,0.0,0.0,0.0,0.0,0.829636,0.127887,0.0,0.0,0.0,0.0,0.0,NoiseSweep,NoiseSweep-54-20260922-20:32:57-1127766,8,NoiseSweep-54-20260922-20:32:57-1127766|phase2|8,54,0,0,sha3,10,0.10,bch255-131-18\,,0.0,0.127887,0.0,0.0,0.0,0.0,0.0,0.0,0.0,0.0,0,0,0,0,0,0
1109,0,0.0,0.0,0.0,0,sha3,OMNeT++; module=UavAuthNetwork.uav[9]; config=NoiseSweep,0.0,0.0,0.0,0.0,0.0,0.821491,0.129229,0.0,0.0,0.0,0.0,0.0,NoiseSweep,NoiseSweep-54-20260922-20:32:57-1127766,9,NoiseSweep-54-20260922-20:32:57-1127766|phase2|9,54,0,0,sha3,10,0.10,bch255-131-18\,,0.0,0.129229,0.0,0.0,0.0,0.0,0.0,0.0,0.0,0.0,0,0,0,0,0,0
1110,0,0.0,0.0,0.0,0,sha3,OMNeT++; module=UavAuthNetwork.uav[0]; config=NoiseSweep,0.0,0.0,0.0,0.0,0.0,0.830297,0.144939,0.0,0.0,0.0,0.0,0.0,NoiseSweep,NoiseSweep-55-20260922-20:32:58-1127766,0,NoiseSweep-55-20260922-20:32:58-1127766|phase2|0,55,1,1,sha3,10,0.10,bch255-131-18\,,0.0,0.144939,0.0,0.0,0.0,0.0,0.0,0.0,0.0,0.0,0,0,0,0,0,0
1111,0,0.0,0.0,0.0,0,sha3,OMNeT++; module=UavAuthNetwork.uav[1]; config=NoiseSweep,0.0,0.0,0.0,0.0,0.0,0.80514,0.16223,0.0,0.0,0.0,0.0,0.0,NoiseSweep,NoiseSweep-55-20260922-20:32:58-1127766,1,NoiseSweep-55-20260922-20:32:58-1127766|phase2|1,55,1,1,sha3,10,0.10,bch255-131-18\,,0.0,0.16223,0.0,0.0,0.0,0.0,0.0,0.0,0.0,0.0,0,0,0,0,0,0
1112,0,0.0,0.0,0.0,0,sha3,OMNeT++; module=UavAuthNetwork.uav[2]; config=NoiseSweep,0.0,0.0,0.0,0.0,0.0,0.822894,0.139768,0.0,0.0,0.0,0.0,0.0,NoiseSweep,NoiseSweep-55-20260922-20:32:58-1127766,2,NoiseSweep-55-20260922-20:32:58-1127766|phase2|2,55,1,1,sha3,10,0.10,bch255-131-18\,,0.0,0.139768,0.0,0.0,0.0,0.0,0.0,0.0,0.0,0.0,0,0,0,0,0,0
1113,0,0.0,0.0,0.0,0,sha3,OMNeT++; module=UavAuthNetwork.uav[3]; config=NoiseSweep,0.0,0.0,0.0,0.0,0.0,0.824817,0.139217,0.0,0.0,0.0,0.0,0.0,NoiseSweep,NoiseSweep-55-20260922-20:32:58-1127766,3,NoiseSweep-55-20260922-20:32:58-1127766|phase2|3,55,1,1,sha3,10,0.10,bch255-131-18\,,0.0,0.139217,0.0,0.0,0.0,0.0,0.0,0.0,0.0,0.0,0,0,0,0,0,0
1114,0,0.0,0.0,0.0,0,sha3,OMNeT++; module=UavAuthNetwork.uav[4]; config=NoiseSweep,0.0,0.0,0.0,0.0,0.0,0.80527,0.139167,0.0,0.0,0.0,0.0,0.0,NoiseSweep,NoiseSweep-55-20260922-20:32:58-1127766,4,NoiseSweep-55-20260922-20:32:58-1127766|phase2|4,55,1,1,sha3,10,0.10,bch255-131-18\,,0.0,0.139167,0.0,0.0,0.0,0.0,0.0,0.0,0.0,0.0,0,0,0,0,0,0
1115,0,0.0,0.0,0.0,0,sha3,OMNeT++; module=UavAuthNetwork.uav[5]; config=NoiseSweep,0.0,0.0,0.0,0.0,0.0,0.808487,0.135992,0.0,0.0,0.0,0.0,0.0,NoiseSweep,NoiseSweep-55-20260922-20:32:58-1127766,5,NoiseSweep-55-20260922-20:32:58-1127766|phase2|5,55,1,1,sha3,10,0.10,bch255-131-18\,,0.0,0.135992,0.0,0.0,0.0,0.0,0.0,0.0,0.0,0.0,0,0,0,0,0,0
1116,0,0.0,0.0,0.0,0,sha3,OMNeT++; module=UavAuthNetwork.uav[6]; config=NoiseSweep,0.0,0.0,0.0,0.0,0.0,0.826611,0.134629,0.0,0.0,0.0,0.0,0.0,NoiseSweep,NoiseSweep-55-20260922-20:32:58-1127766,6,NoiseSweep-55-20260922-20:32:58-1127766|phase2|6,55,1,1,sha3,10,0.10,bch255-131-18\,,0.0,0.134629,0.0,0.0,0.0,0.0,0.0,0.0,0.0,0.0,0,0,0,0,0,0
1117,0,0.0,0.0,0.0,0,sha3,OMNeT++; module=UavAuthNetwork.uav[7]; config=NoiseSweep,0.0,0.0,0.0,0.0,0.0,0.830648,0.134699,0.0,0.0,0.0,0.0,0.0,NoiseSweep,NoiseSweep-55-20260922-20:32:58-1127766,7,NoiseSweep-55-20260922-20:32:58-1127766|phase2|7,55,1,1,sha3,10,0.10,bch255-131-18\,,0.0,0.134699,0.0,0.0,0.0,0.0,0.0,0.0,0.0,0.0,0,0,0,0,0,0
1118,0,0.0,0.0,0.0,0,sha3,OMNeT++; module=UavAuthNetwork.uav[8]; config=NoiseSweep,0.0,0.0,0.0,0.0,0.0,0.831139,0.134308,0.0,0.0,0.0,0.0,0.0,NoiseSweep,NoiseSweep-55-20260922-20:32:58-1127766,8,NoiseSweep-55-20260922-20:32:58-1127766|phase2|8,55,1,1,sha3,10,0.10,bch255-131-18\,,0.0,0.134308,0.0,0.0,0.0,0.0,0.0,0.0,0.0,0.0,0,0,0,0,0,0
1119,0,0.0,0.0,0.0,0,sha3,OMNeT++; module=UavAuthNetwork.uav[9]; config=NoiseSweep,0.0,0.0,0.0,0.0,0.0,0.830036,0.13509,0.0,0.0,0.0,0.0,0.0,NoiseSweep,NoiseSweep-55-20260922-20:32:58-1127766,9,NoiseSweep-55-20260922-20:32:58-1127766|phase2|9,55,1,1,sha3,10,0.10,bch255-131-18\,,0.0,0.13509,0.0,0.0,0.0,0.0,0.0,0.0,0.0,0.0,0,0,0,0,0,0
1120,0,0.0,0.0,0.0,0,sha3,OMNeT++; module=UavAuthNetwork.uav[0]; config=NoiseSweep,0.0,0.0,0.0,0.0,0.0,0.847318,0.143476,0.0,0.0,0.0,0.0,0.0,NoiseSweep,NoiseSweep-56-20260922-20:32:58-1127766,0,NoiseSweep-56-20260922-20:32:58-1127766|phase2|0,56,2,2,sha3,10,0.10,bch255-131-18\,,0.0,0.143476,0.0,0.0,0.0,0.0,0.0,0.0,0.0,0.0,0,0,0,0,0,0
1121,0,0.0,0.0,0.0,0,sha3,OMNeT++; module=UavAuthNetwork.uav[1]; config=NoiseSweep,0.0,0.0,0.0,0.0,0.0,0.864691,0.168051,0.0,0.0,0.0,0.0,0.0,NoiseSweep,NoiseSweep-56-20260922-20:32:58-1127766,1,NoiseSweep-56-20260922-20:32:58-1127766|phase2|1,56,2,2,sha3,10,0.10,bch255-131-18\,,0.0,0.168051,0.0,0.0,0.0,0.0,0.0,0.0,0.0,0.0,0,0,0,0,0,0
1122,0,0.0,0.0,0.0,0,sha3,OMNeT++; module=UavAuthNetwork.uav[2]; config=NoiseSweep,0.0,0.0,0.0,0.0,0.0,0.845916,0.160447,0.0,0.0,0.0,0.0,0.0,NoiseSweep,NoiseSweep-56-20260922-20:32:58-1127766,2,NoiseSweep-56-20260922-20:32:58-1127766|phase2|2,56,2,2,sha3,10,0.10,bch255-131-18\,,0.0,0.160447,0.0,0.0,0.0,0.0,0.0,0.0,0.0,0.0,0,0,0,0,0,0
1123,0,0.0,0.0,0.0,0,sha3,OMNeT++; module=UavAuthNetwork.uav[3]; config=NoiseSweep,0.0,0.0,0.0,0.0,0.0,0.857197,0.152322,0.0,0.0,0.0,0.0,0.0,NoiseSweep,NoiseSweep-56-20260922-20:32:58-1127766,3,NoiseSweep-56-20260922-20:32:58-1127766|phase2|3,56,2,2,sha3,10,0.10,bch255-131-18\,,0.0,0.152322,0.0,0.0,0.0,0.0,0.0,0.0,0.0,0.0,0,0,0,0,0,0
1124,0,0.0,0.0,0.0,0,sha3,OMNeT++; module=UavAuthNetwork.uav[4]; config=NoiseSweep,0.0,0.0,0.0,0.0,0.0,0.83184,0.15654,0.0,0.0,0.0,0.0,0.0,NoiseSweep,NoiseSweep-56-20260922-20:32:58-1127766,4,NoiseSweep-56-20260922-20:32:58-1127766|phase2|4,56,2,2,sha3,10,0.10,bch255-131-18\,,0.0,0.15654,0.0,0.0,0.0,0.0,0.0,0.0,0.0,0.0,0,0,0,0,0,0
1125,0,0.0,0.0,0.0,0,sha3,OMNeT++; module=UavAuthNetwork.uav[5]; config=NoiseSweep,0.0,0.0,0.0,0.0,0.0,0.829115,0.134289,0.0,0.0,0.0,0.0,0.0,NoiseSweep,NoiseSweep-56-20260922-20:32:58-1127766,5,NoiseSweep-56-20260922-20:32:58-1127766|phase2|5,56,2,2,sha3,10,0.10,bch255-131-18\,,0.0,0.134289,0.0,0.0,0.0,0.0,0.0,0.0,0.0,0.0,0,0,0,0,0,0
1126,0,0.0,0.0,0.0,0,sha3,OMNeT++; module=UavAuthNetwork.uav[6]; config=NoiseSweep,0.0,0.0,0.0,0.0,0.0,0.80459,0.15147,0.0,0.0,0.0,0.0,0.0,NoiseSweep,NoiseSweep-56-20260922-20:32:58-1127766,6,NoiseSweep-56-20260922-20:32:58-1127766|phase2|6,56,2,2,sha3,10,0.10,bch255-131-18\,,0.0,0.15147,0.0,0.0,0.0,0.0,0.0,0.0,0.0,0.0,0,0,0,0,0,0
1127,0,0.0,0.0,0.0,0,sha3,OMNeT++; module=UavAuthNetwork.uav[7]; config=NoiseSweep,0.0,0.0,0.0,0.0,0.0,0.827011,0.129449,0.0,0.0,0.0,0.0,0.0,NoiseSweep,NoiseSweep-56-20260922-20:32:58-1127766,7,NoiseSweep-56-20260922-20:32:58-1127766|phase2|7,56,2,2,sha3,10,0.10,bch255-131-18\,,0.0,0.129449,0.0,0.0,0.0,0.0,0.0,0.0,0.0,0.0,0,0,0,0,0,0
1128,0,0.0,0.0,0.0,0,sha3,OMNeT++; module=UavAuthNetwork.uav[8]; config=NoiseSweep,0.0,0.0,0.0,0.0,0.0,0.821591,0.127966,0.0,0.0,0.0,0.0,0.0,NoiseSweep,NoiseSweep-56-20260922-20:32:58-1127766,8,NoiseSweep-56-20260922-20:32:58-1127766|phase2|8,56,2,2,sha3,10,0.10,bch255-131-18\,,0.0,0.127966,0.0,0.0,0.0,0.0,0.0,0.0,0.0,0.0,0,0,0,0,0,0
1129,0,0.0,0.0,0.0,0,sha3,OMNeT++; module=UavAuthNetwork.uav[9]; config=NoiseSweep,0.0,0.0,0.0,0.0,0.0,0.831088,0.126935,0.0,0.0,0.0,0.0,0.0,NoiseSweep,NoiseSweep-56-20260922-20:32:58-1127766,9,NoiseSweep-56-20260922-20:32:58-1127766|phase2|9,56,2,2,sha3,10,0.10,bch255-131-18\,,0.0,0.126935,0.0,0.0,0.0,0.0,0.0,0.0,0.0,0.0,0,0,0,0,0,0
1130,0,0.0,0.0,0.0,0,sha3,OMNeT++; module=UavAuthNetwork.uav[0]; config=NoiseSweep,0.0,0.0,0.0,0.0,0.0,1.122838,0.35098,0.0,0.0,0.0,0.0,0.0,NoiseSweep,NoiseSweep-57-20260922-20:32:59-1127766,0,NoiseSweep-57-20260922-20:32:59-1127766|phase2|0,57,0,0,sha3,10,0.10,bch255-91-25\,,0.0,0.35098,0.0,0.0,0.0,0.0,0.0,0.0,0.0,0.0,0,0,0,0,0,0
1131,0,0.0,0.0,0.0,0,sha3,OMNeT++; module=UavAuthNetwork.uav[1]; config=NoiseSweep,0.0,0.0,0.0,0.0,0.0,1.044243,0.308701,0.0,0.0,0.0,0.0,0.0,NoiseSweep,NoiseSweep-57-20260922-20:32:59-1127766,1,NoiseSweep-57-20260922-20:32:59-1127766|phase2|1,57,0,0,sha3,10,0.10,bch255-91-25\,,0.0,0.308701,0.0,0.0,0.0,0.0,0.0,0.0,0.0,0.0,0,0,0,0,0,0
1132,0,0.0,0.0,0.0,0,sha3,OMNeT++; module=UavAuthNetwork.uav[2]; config=NoiseSweep,0.0,0.0,0.0,0.0,0.0,1.034835,0.274699,0.0,0.0,0.0,0.0,0.0,NoiseSweep,NoiseSweep-57-20260922-20:32:59-1127766,2,NoiseSweep-57-20260922-20:32:59-1127766|phase2|2,57,0,0,sha3,10,0.10,bch255-91-25\,,0.0,0.274699,0.0,0.0,0.0,0.0,0.0,0.0,0.0,0.0,0,0,0,0,0,0
1133,0,0.0,0.0,0.0,0,sha3,OMNeT++; module=UavAuthNetwork.uav[3]; config=NoiseSweep,0.0,0.0,0.0,0.0,0.0,1.037241,0.276632,0.0,0.0,0.0,0.0,0.0,NoiseSweep,NoiseSweep-57-20260922-20:32:59-1127766,3,NoiseSweep-57-20260922-20:32:59-1127766|phase2|3,57,0,0,sha3,10,0.10,bch255-91-25\,,0.0,0.276632,0.0,0.0,0.0,0.0,0.0,0.0,0.0,0.0,0,0,0,0,0,0
1134,0,0.0,0.0,0.0,0,sha3,OMNeT++; module=UavAuthNetwork.uav[4]; config=NoiseSweep,0.0,0.0,0.0,0.0,0.0,1.036218,0.28062,0.0,0.0,0.0,0.0,0.0,NoiseSweep,NoiseSweep-57-20260922-20:32:59-1127766,4,NoiseSweep-57-20260922-20:32:59-1127766|phase2|4,57,0,0,sha3,10,0.10,bch255-91-25\,,0.0,0.28062,0.0,0.0,0.0,0.0,0.0,0.0,0.0,0.0,0,0,0,0,0,0
1135,0,0.0,0.0,0.0,0,sha3,OMNeT++; module=UavAuthNetwork.uav[5]; config=NoiseSweep,0.0,0.0,0.0,0.0,0.0,1.029927,0.294926,0.0,0.0,0.0,0.0,0.0,NoiseSweep,NoiseSweep-57-20260922-20:32:59-1127766,5,NoiseSweep-57-20260922-20:32:59-1127766|phase2|5,57,0,0,sha3,10,0.10,bch255-91-25\,,0.0,0.294926,0.0,0.0,0.0,0.0,0.0,0.0,0.0,0.0,0,0,0,0,0,0
1136,0,0.0,0.0,0.0,0,sha3,OMNeT++; module=UavAuthNetwork.uav[6]; config=NoiseSweep,0.0,0.0,0.0,0.0,0.0,1.043252,0.246666,0.0,0.0,0.0,0.0,0.0,NoiseSweep,NoiseSweep-57-20260922-20:32:59-1127766,6,NoiseSweep-57-20260922-20:32:59-1127766|phase2|6,57,0,0,sha3,10,0.10,bch255-91-25\,,0.0,0.246666,0.0,0.0,0.0,0.0,0.0,0.0,0.0,0.0,0,0,0,0,0,0
1137,0,0.0,0.0,0.0,0,sha3,OMNeT++; module=UavAuthNetwork.uav[7]; config=NoiseSweep,0.0,0.0,0.0,0.0,0.0,1.039284,0.251525,0.0,0.0,0.0,0.0,0.0,NoiseSweep,NoiseSweep-57-20260922-20:32:59-1127766,7,NoiseSweep-57-20260922-20:32:59-1127766|phase2|7,57,0,0,sha3,10,0.10,bch255-91-25\,,0.0,0.251525,0.0,0.0,0.0,0.0,0.0,0.0,0.0,0.0,0,0,0,0,0,0
1138,0,0.0,0.0,0.0,0,sha3,OMNeT++; module=UavAuthNetwork.uav[8]; config=NoiseSweep,0.0,0.0,0.0,0.0,0.0,1.030918,0.325363,0.0,0.0,0.0,0.0,0.0,NoiseSweep,NoiseSweep-57-20260922-20:32:59-1127766,8,NoiseSweep-57-20260922-20:32:59-1127766|phase2|8,57,0,0,sha3,10,0.10,bch255-91-25\,,0.0,0.325363,0.0,0.0,0.0,0.0,0.0,0.0,0.0,0.0,0,0,0,0,0,0
1139,1,2.747278,1.668988,1.07829,777,sha3,OMNeT++; module=UavAuthNetwork.uav[9]; config=NoiseSweep,1.496159,0.059219,0.256726,0.08113,0.249783,1.027893,0.373221,0.08113,0.13483,0.183748,0.010569,0.828507,NoiseSweep,NoiseSweep-57-20260922-20:32:59-1127766,9,NoiseSweep-57-20260922-20:32:59-1127766|phase2|9,57,0,0,sha3,10,0.10,bch255-91-25\,,1.518764,0.373221,0.008175,0.012423,0.115324,0.002044,0.007806,0.011261,0.105846,0.007915,104,85,43,545,1,0
1140,0,0.0,0.0,0.0,0,sha3,OMNeT++; module=UavAuthNetwork.uav[0]; config=NoiseSweep,0.0,0.0,0.0,0.0,0.0,1.050335,0.283805,0.0,0.0,0.0,0.0,0.0,NoiseSweep,NoiseSweep-58-20260922-20:33:00-1127766,0,NoiseSweep-58-20260922-20:33:00-1127766|phase2|0,58,1,1,sha3,10,0.10,bch255-91-25\,,0.0,0.283805,0.0,0.0,0.0,0.0,0.0,0.0,0.0,0.0,0,0,0,0,0,0
1141,0,0.0,0.0,0.0,0,sha3,OMNeT++; module=UavAuthNetwork.uav[1]; config=NoiseSweep,0.0,0.0,0.0,0.0,0.0,1.038322,0.244663,0.0,0.0,0.0,0.0,0.0,NoiseSweep,NoiseSweep-58-20260922-20:33:00-1127766,1,NoiseSweep-58-20260922-20:33:00-1127766|phase2|1,58,1,1,sha3,10,0.10,bch255-91-25\,,0.0,0.244663,0.0,0.0,0.0,0.0,0.0,0.0,0.0,0.0,0,0,0,0,0,0
1142,0,0.0,0.0,0.0,0,sha3,OMNeT++; module=UavAuthNetwork.uav[2]; config=NoiseSweep,0.0,0.0,0.0,0.0,0.0,1.040136,0.284166,0.0,0.0,0.0,0.0,0.0,NoiseSweep,NoiseSweep-58-20260922-20:33:00-1127766,2,NoiseSweep-58-20260922-20:33:00-1127766|phase2|2,58,1,1,sha3,10,0.10,bch255-91-25\,,0.0,0.284166,0.0,0.0,0.0,0.0,0.0,0.0,0.0,0.0,0,0,0,0,0,0
1143,0,0.0,0.0,0.0,0,sha3,OMNeT++; module=UavAuthNetwork.uav[3]; config=NoiseSweep,0.0,0.0,0.0,0.0,0.0,1.023054,0.301528,0.0,0.0,0.0,0.0,0.0,NoiseSweep,NoiseSweep-58-20260922-20:33:00-1127766,3,NoiseSweep-58-20260922-20:33:00-1127766|phase2|3,58,1,1,sha3,10,0.10,bch255-91-25\,,0.0,0.301528,0.0,0.0,0.0,0.0,0.0,0.0,0.0,0.0,0,0,0,0,0,0
1144,0,0.0,0.0,0.0,0,sha3,OMNeT++; module=UavAuthNetwork.uav[4]; config=NoiseSweep,0.0,0.0,0.0,0.0,0.0,1.040205,0.298232,0.0,0.0,0.0,0.0,0.0,NoiseSweep,NoiseSweep-58-20260922-20:33:00-1127766,4,NoiseSweep-58-20260922-20:33:00-1127766|phase2|4,58,1,1,sha3,10,0.10,bch255-91-25\,,0.0,0.298232,0.0,0.0,0.0,0.0,0.0,0.0,0.0,0.0,0,0,0,0,0,0
1145,0,0.0,0.0,0.0,0,sha3,OMNeT++; module=UavAuthNetwork.uav[5]; config=NoiseSweep,0.0,0.0,0.0,0.0,0.0,1.038753,0.280981,0.0,0.0,0.0,0.0,0.0,NoiseSweep,NoiseSweep-58-20260922-20:33:00-1127766,5,NoiseSweep-58-20260922-20:33:00-1127766|phase2|5,58,1,1,sha3,10,0.10,bch255-91-25\,,0.0,0.280981,0.0,0.0,0.0,0.0,0.0,0.0,0.0,0.0,0,0,0,0,0,0
1146,0,0.0,0.0,0.0,0,sha3,OMNeT++; module=UavAuthNetwork.uav[6]; config=NoiseSweep,0.0,0.0,0.0,0.0,0.0,1.042029,0.306217,0.0,0.0,0.0,0.0,0.0,NoiseSweep,NoiseSweep-58-20260922-20:33:00-1127766,6,NoiseSweep-58-20260922-20:33:00-1127766|phase2|6,58,1,1,sha3,10,0.10,bch255-91-25\,,0.0,0.306217,0.0,0.0,0.0,0.0,0.0,0.0,0.0,0.0,0,0,0,0,0,0
1147,0,0.0,0.0,0.0,0,sha3,OMNeT++; module=UavAuthNetwork.uav[7]; config=NoiseSweep,0.0,0.0,0.0,0.0,0.0,1.109454,0.338316,0.0,0.0,0.0,0.0,0.0,NoiseSweep,NoiseSweep-58-20260922-20:33:00-1127766,7,NoiseSweep-58-20260922-20:33:00-1127766|phase2|7,58,1,1,sha3,10,0.10,bch255-91-25\,,0.0,0.338316,0.0,0.0,0.0,0.0,0.0,0.0,0.0,0.0,0,0,0,0,0,0
1148,0,0.0,0.0,0.0,0,sha3,OMNeT++; module=UavAuthNetwork.uav[8]; config=NoiseSweep,0.0,0.0,0.0,0.0,0.0,1.181557,0.321966,0.0,0.0,0.0,0.0,0.0,NoiseSweep,NoiseSweep-58-20260922-20:33:00-1127766,8,NoiseSweep-58-20260922-20:33:00-1127766|phase2|8,58,1,1,sha3,10,0.10,bch255-91-25\,,0.0,0.321966,0.0,0.0,0.0,0.0,0.0,0.0,0.0,0.0,0,0,0,0,0,0
1149,0,0.0,0.0,0.0,0,sha3,OMNeT++; module=UavAuthNetwork.uav[9]; config=NoiseSweep,0.0,0.0,0.0,0.0,0.0,1.053801,0.333598,0.0,0.0,0.0,0.0,0.0,NoiseSweep,NoiseSweep-58-20260922-20:33:00-1127766,9,NoiseSweep-58-20260922-20:33:00-1127766|phase2|9,58,1,1,sha3,10,0.10,bch255-91-25\,,0.0,0.333598,0.0,0.0,0.0,0.0,0.0,0.0,0.0,0.0,0,0,0,0,0,0
1150,0,0.0,0.0,0.0,0,sha3,OMNeT++; module=UavAuthNetwork.uav[0]; config=NoiseSweep,0.0,0.0,0.0,0.0,0.0,1.046387,0.257717,0.0,0.0,0.0,0.0,0.0,NoiseSweep,NoiseSweep-59-20260922-20:33:00-1127766,0,NoiseSweep-59-20260922-20:33:00-1127766|phase2|0,59,2,2,sha3,10,0.10,bch255-91-25\,,0.0,0.257717,0.0,0.0,0.0,0.0,0.0,0.0,0.0,0.0,0,0,0,0,0,0
1151,0,0.0,0.0,0.0,0,sha3,OMNeT++; module=UavAuthNetwork.uav[1]; config=NoiseSweep,0.0,0.0,0.0,0.0,0.0,1.029025,0.271943,0.0,0.0,0.0,0.0,0.0,NoiseSweep,NoiseSweep-59-20260922-20:33:00-1127766,1,NoiseSweep-59-20260922-20:33:00-1127766|phase2|1,59,2,2,sha3,10,0.10,bch255-91-25\,,0.0,0.271943,0.0,0.0,0.0,0.0,0.0,0.0,0.0,0.0,0,0,0,0,0,0
1152,0,0.0,0.0,0.0,0,sha3,OMNeT++; module=UavAuthNetwork.uav[2]; config=NoiseSweep,0.0,0.0,0.0,0.0,0.0,1.011503,0.328207,0.0,0.0,0.0,0.0,0.0,NoiseSweep,NoiseSweep-59-20260922-20:33:00-1127766,2,NoiseSweep-59-20260922-20:33:00-1127766|phase2|2,59,2,2,sha3,10,0.10,bch255-91-25\,,0.0,0.328207,0.0,0.0,0.0,0.0,0.0,0.0,0.0,0.0,0,0,0,0,0,0
1153,0,0.0,0.0,0.0,0,sha3,OMNeT++; module=UavAuthNetwork.uav[3]; config=NoiseSweep,0.0,0.0,0.0,0.0,0.0,1.034865,0.274068,0.0,0.0,0.0,0.0,0.0,NoiseSweep,NoiseSweep-59-20260922-20:33:00-1127766,3,NoiseSweep-59-20260922-20:33:00-1127766|phase2|3,59,2,2,sha3,10,0.10,bch255-91-25\,,0.0,0.274068,0.0,0.0,0.0,0.0,0.0,0.0,0.0,0.0,0,0,0,0,0,0
1154,0,0.0,0.0,0.0,0,sha3,OMNeT++; module=UavAuthNetwork.uav[4]; config=NoiseSweep,0.0,0.0,0.0,0.0,0.0,1.017123,0.295667,0.0,0.0,0.0,0.0,0.0,NoiseSweep,NoiseSweep-59-20260922-20:33:00-1127766,4,NoiseSweep-59-20260922-20:33:00-1127766|phase2|4,59,2,2,sha3,10,0.10,bch255-91-25\,,0.0,0.295667,0.0,0.0,0.0,0.0,0.0,0.0,0.0,0.0,0,0,0,0,0,0
1155,0,0.0,0.0,0.0,0,sha3,OMNeT++; module=UavAuthNetwork.uav[5]; config=NoiseSweep,0.0,0.0,0.0,0.0,0.0,1.049363,0.278145,0.0,0.0,0.0,0.0,0.0,NoiseSweep,NoiseSweep-59-20260922-20:33:00-1127766,5,NoiseSweep-59-20260922-20:33:00-1127766|phase2|5,59,2,2,sha3,10,0.10,bch255-91-25\,,0.0,0.278145,0.0,0.0,0.0,0.0,0.0,0.0,0.0,0.0,0,0,0,0,0,0
1156,0,0.0,0.0,0.0,0,sha3,OMNeT++; module=UavAuthNetwork.uav[6]; config=NoiseSweep,0.0,0.0,0.0,0.0,0.0,1.046417,0.252528,0.0,0.0,0.0,0.0,0.0,NoiseSweep,NoiseSweep-59-20260922-20:33:00-1127766,6,NoiseSweep-59-20260922-20:33:00-1127766|phase2|6,59,2,2,sha3,10,0.10,bch255-91-25\,,0.0,0.252528,0.0,0.0,0.0,0.0,0.0,0.0,0.0,0.0,0,0,0,0,0,0
1157,0,0.0,0.0,0.0,0,sha3,OMNeT++; module=UavAuthNetwork.uav[7]; config=NoiseSweep,0.0,0.0,0.0,0.0,0.0,1.041328,0.248059,0.0,0.0,0.0,0.0,0.0,NoiseSweep,NoiseSweep-59-20260922-20:33:00-1127766,7,NoiseSweep-59-20260922-20:33:00-1127766|phase2|7,59,2,2,sha3,10,0.10,bch255-91-25\,,0.0,0.248059,0.0,0.0,0.0,0.0,0.0,0.0,0.0,0.0,0,0,0,0,0,0
1158,0,0.0,0.0,0.0,0,sha3,OMNeT++; module=UavAuthNetwork.uav[8]; config=NoiseSweep,0.0,0.0,0.0,0.0,0.0,1.049894,0.278776,0.0,0.0,0.0,0.0,0.0,NoiseSweep,NoiseSweep-59-20260922-20:33:00-1127766,8,NoiseSweep-59-20260922-20:33:00-1127766|phase2|8,59,2,2,sha3,10,0.10,bch255-91-25\,,0.0,0.278776,0.0,0.0,0.0,0.0,0.0,0.0,0.0,0.0,0,0,0,0,0,0
1159,0,0.0,0.0,0.0,0,sha3,OMNeT++; module=UavAuthNetwork.uav[9]; config=NoiseSweep,0.0,0.0,0.0,0.0,0.0,1.050254,0.247258,0.0,0.0,0.0,0.0,0.0,NoiseSweep,NoiseSweep-59-20260922-20:33:00-1127766,9,NoiseSweep-59-20260922-20:33:00-1127766|phase2|9,59,2,2,sha3,10,0.10,bch255-91-25\,,0.0,0.247258,0.0,0.0,0.0,0.0,0.0,0.0,0.0,0.0,0,0,0,0,0,0
1160,1,4.900133,3.821954,1.078179,777,sha3,OMNeT++; module=UavAuthNetwork.uav[0]; config=NoiseSweep,3.590707,0.068216,0.256671,0.107078,0.249728,3.301452,0.18371,0.107078,0.213335,0.183693,0.017091,0.828452,NoiseSweep,NoiseSweep-6-20260922-20:32:28-1127766,0,NoiseSweep-6-20260922-20:32:28-1127766|phase2|0,6,0,0,sha3,10,0.0,rep3-bch255-131-18\,,1.518543,0.18371,0.009497,0.020257,0.142625,0.003246,0.011221,0.014687,0.154416,0.010008,104,85,43,545,1,0
1161,1,4.642694,3.560641,1.082053,777,sha3,OMNeT++; module=UavAuthNetwork.uav[1]; config=NoiseSweep,3.394043,0.049041,0.251082,0.078385,0.240244,3.178363,0.134049,0.078385,0.128999,0.166001,0.009828,0.841809,NoiseSweep,NoiseSweep-6-20260922-20:32:28-1127766,1,NoiseSweep-6-20260922-20:32:28-1127766|phase2|1,6,0,0,sha3,10,0.0,rep3-bch255-131-18\,,1.499136,0.134049,0.007694,0.011201,0.103502,0.001623,0.007374,0.010498,0.099062,0.003066,104,85,43,545,1,0
1162,1,4.53879,3.485322,1.053468,777,sha3,OMNeT++; module=UavAuthNetwork.uav[2]; config=NoiseSweep,3.318373,0.049441,0.244435,0.078636,0.225942,3.121699,0.126845,0.078636,0.127466,0.174349,0.009677,0.827526,NoiseSweep,NoiseSweep-6-20260922-20:32:28-1127766,2,NoiseSweep-6-20260922-20:32:28-1127766|phase2|2,6,0,0,sha3,10,0.0,rep3-bch255-131-18\,,1.472252,0.126845,0.007333,0.010769,0.102158,0.001603,0.007564,0.01056,0.098763,0.002314,104,85,43,545,1,0
1163,1,4.52337,3.46327,1.0601,777,sha3,OMNeT++; module=UavAuthNetwork.uav[3]; config=NoiseSweep,3.299538,0.048429,0.270952,0.077122,0.230351,3.100078,0.125873,0.077122,0.127446,0.16277,0.009488,0.829749,NoiseSweep,NoiseSweep-6-20260922-20:32:28-1127766,3,NoiseSweep-6-20260922-20:32:28-1127766|phase2|3,6,0,0,sha3,10,0.0,rep3-bch255-131-18\,,1.493821,0.125873,0.007285,0.010358,0.100785,0.001553,0.007404,0.010739,0.098843,0.002134,104,85,43,545,1,0
1164,1,4.744461,3.637252,1.107209,777,sha3,OMNeT++; module=UavAuthNetwork.uav[4]; config=NoiseSweep,3.464914,0.052066,0.241588,0.080799,0.257305,3.226954,0.151189,0.080799,0.136443,0.189083,0.01074,0.849904,NoiseSweep,NoiseSweep-6-20260922-20:32:28-1127766,4,NoiseSweep-6-20260922-20:32:28-1127766|phase2|4,6,0,0,sha3,10,0.0,rep3-bch255-131-18\,,1.53788,0.151189,0.008396,0.012282,0.117929,0.002024,0.007705,0.011691,0.102079,0.0053,104,85,43,545,1,0
1165,1,4.958328,3.882428,1.0759,777,sha3,OMNeT++; module=UavAuthNetwork.uav[5]; config=NoiseSweep,3.711922,0.052347,0.245457,0.079998,0.227226,3.47352,0.149377,0.079998,0.132195,0.164536,0.01051,0.848674,NoiseSweep,NoiseSweep-6-20260922-20:32:28-1127766,5,NoiseSweep-6-20260922-20:32:28-1127766|phase2|5,6,0,0,sha3,10,0.0,rep3-bch255-131-18\,,1.485893,0.149377,0.008015,0.017302,0.109302,0.001963,0.007543,0.011071,0.100035,0.004399,104,85,43,545,1,0
1166,1,4.543158,3.458934,1.084224,777,sha3,OMNeT++; module=UavAuthNetwork.uav[6]; config=NoiseSweep,3.293297,0.049602,0.252117,0.077904,0.244646,3.091523,0.128157,0.077904,0.129009,0.172502,0.009829,0.839578,NoiseSweep,NoiseSweep-6-20260922-20:32:28-1127766,6,NoiseSweep-6-20260922-20:32:28-1127766|phase2|6,6,0,0,sha3,10,0.0,rep3-bch255-131-18\,,1.508843,0.128157,0.007333,0.011021,0.101618,0.001714,0.007334,0.01074,0.098914,0.002856,104,85,43,545,1,0
1167,1,4.529752,3.478191,1.051561,777,sha3,OMNeT++; module=UavAuthNetwork.uav[7]; config=NoiseSweep,3.313725,0.048339,0.242171,0.077534,0.214395,3.118172,0.126505,0.077534,0.127917,0.188,0.009398,0.837166,NoiseSweep,NoiseSweep-6-20260922-20:32:28-1127766,7,NoiseSweep-6-20260922-20:32:28-1127766|phase2|7,6,0,0,sha3,10,0.0,rep3-bch255-131-18\,,1.481733,0.126505,0.007272,0.0106,0.100967,0.001493,0.007173,0.010398,0.098963,0.002254,104,85,43,545,1,0
1168,1,4.571297,3.506922,1.064375,777,sha3,OMNeT++; module=UavAuthNetwork.uav[8]; config=NoiseSweep,3.331066,0.049471,0.258842,0.083094,0.223481,3.134653,0.126805,0.083094,0.128869,0.217914,0.009668,0.840894,NoiseSweep,NoiseSweep-6-20260922-20:32:28-1127766,8,NoiseSweep-6-20260922-20:32:28-1127766|phase2|8,6,0,0,sha3,10,0.0,rep3-bch255-131-18\,,1.541131,0.126805,0.007494,0.01637,0.101508,0.001563,0.007475,0.01091,0.099724,0.002374,104,85,43,545,1,0
1169,1,4.888438,3.811916,1.076522,777,sha3,OMNeT++; module=UavAuthNetwork.uav[9]; config=NoiseSweep,3.632124,0.058528,0.263986,0.081811,0.224282,3.290932,0.23731,0.081811,0.181436,0.158638,0.01617,0.852241,NoiseSweep,NoiseSweep-6-20260922-20:32:28-1127766,9,NoiseSweep-6-20260922-20:32:28-1127766|phase2|9,6,0,0,sha3,10,0.0,rep3-bch255-131-18\,,1.499146,0.23731,0.01026,0.013555,0.128708,0.002986,0.008045,0.018674,0.110675,0.009197,104,85,43,545,1,0
1170,1,4.764983,3.686804,1.078179,777,sha3,OMNeT++; module=UavAuthNetwork.uav[0]; config=NoiseSweep,3.509967,0.051796,0.256671,0.082763,0.249728,3.141576,0.281361,0.082763,0.140389,0.183693,0.011311,0.828452,NoiseSweep,NoiseSweep-60-20260922-20:33:01-1127766,0,NoiseSweep-60-20260922-20:33:01-1127766|phase2|0,60,0,0,sha3,10,0.10,rep3-bch255-131-18\,,1.518543,0.281361,0.008425,0.012472,0.118098,0.002024,0.007825,0.01103,0.099874,0.012383,104,85,43,545,1,0
1171,1,4.71056,3.628507,1.082053,777,sha3,OMNeT++; module=UavAuthNetwork.uav[1]; config=NoiseSweep,3.463822,0.048209,0.251082,0.077453,0.240244,3.130515,0.258668,0.077453,0.128328,0.166001,0.009779,0.841809,NoiseSweep,NoiseSweep-60-20260922-20:33:01-1127766,1,NoiseSweep-60-20260922-20:33:01-1127766|phase2|1,60,0,0,sha3,10,0.10,rep3-bch255-131-18\,,1.499136,0.258668,0.007493,0.01068,0.101317,0.001683,0.007303,0.01047,0.098443,0.002665,104,85,43,545,1,0
1172,1,4.650295,3.596827,1.053468,777,sha3,OMNeT++; module=UavAuthNetwork.uav[2]; config=NoiseSweep,3.431943,0.049342,0.244435,0.077503,0.225942,3.099628,0.255003,0.077503,0.128368,0.174349,0.009878,0.827526,NoiseSweep,NoiseSweep-60-20260922-20:33:01-1127766,2,NoiseSweep-60-20260922-20:33:01-1127766|phase2|2,60,0,0,sha3,10,0.10,rep3-bch255-131-18\,,1.472252,0.255003,0.007543,0.01077,0.108992,0.001603,0.007324,0.010939,0.098712,0.002985,104,85,43,545,1,0
1173,1,4.648072,3.587972,1.0601,777,sha3,OMNeT++; module=UavAuthNetwork.uav[3]; config=NoiseSweep,3.417928,0.047688,0.270952,0.076722,0.230351,3.097324,0.252798,0.076722,0.127236,0.16277,0.0166,0.829749,NoiseSweep,NoiseSweep-60-20260922-20:33:01-1127766,3,NoiseSweep-60-20260922-20:33:01-1127766|phase2|3,60,0,0,sha3,10,0.10,rep3-bch255-131-18\,,1.493821,0.252798,0.007303,0.01054,0.100066,0.001683,0.007154,0.010549,0.098403,0.002344,104,85,43,545,1,0
1174,1,4.675034,3.567825,1.107209,777,sha3,OMNeT++; module=UavAuthNetwork.uav[4]; config=NoiseSweep,3.405014,0.04842,0.241588,0.076652,0.257305,3.0844,0.252237,0.076652,0.127205,0.189083,0.009507,0.849904,NoiseSweep,NoiseSweep-60-20260922-20:33:01-1127766,4,NoiseSweep-60-20260922-20:33:01-1127766|phase2|4,60,0,0,sha3,10,0.10,rep3-bch255-131-18\,,1.53788,0.252237,0.007403,0.010358,0.100427,0.001533,0.007203,0.010458,0.098692,0.002325,104,85,43,545,1,0
1175,1,4.748528,3.672628,1.0759,777,sha3,OMNeT++; module=UavAuthNetwork.uav[5]; config=NoiseSweep,3.503555,0.052206,0.245457,0.079427,0.227226,3.163426,0.261524,0.079427,0.133287,0.164536,0.010219,0.848674,NoiseSweep,NoiseSweep-60-20260922-20:33:01-1127766,5,NoiseSweep-60-20260922-20:33:01-1127766|phase2|5,60,0,0,sha3,10,0.10,rep3-bch255-131-18\,,1.485893,0.261524,0.007775,0.011802,0.109634,0.002044,0.007584,0.01104,0.098964,0.005971,104,85,43,545,1,0
1176,1,4.713662,3.629438,1.084224,777,sha3,OMNeT++; module=UavAuthNetwork.uav[6]; config=NoiseSweep,3.463912,0.056574,0.252117,0.077794,0.244646,3.134492,0.254752,0.077794,0.127857,0.172502,0.009938,0.839578,NoiseSweep,NoiseSweep-60-20260922-20:33:01-1127766,6,NoiseSweep-60-20260922-20:33:01-1127766|phase2|6,60,0,0,sha3,10,0.10,rep3-bch255-131-18\,,1.508843,0.254752,0.007644,0.011,0.102049,0.001733,0.007524,0.010638,0.105715,0.002685,104,85,43,545,1,0
1177,1,4.655214,3.603653,1.051561,777,sha3,OMNeT++; module=UavAuthNetwork.uav[7]; config=NoiseSweep,3.440449,0.04849,0.242171,0.076813,0.214395,3.11671,0.255433,0.076813,0.126804,0.188,0.009578,0.837166,NoiseSweep,NoiseSweep-60-20260922-20:33:01-1127766,7,NoiseSweep-60-20260922-20:33:01-1127766|phase2|7,60,0,0,sha3,10,0.10,rep3-bch255-131-18\,,1.481733,0.255433,0.007264,0.010519,0.100555,0.001523,0.007262,0.010588,0.098282,0.002324,104,85,43,545,1,0
1178,1,4.672793,3.608418,1.064375,777,sha3,OMNeT++; module=UavAuthNetwork.uav[8]; config=NoiseSweep,3.445077,0.049211,0.258842,0.076972,0.223481,3.116219,0.252978,0.076972,0.134999,0.217914,0.009397,0.840894,NoiseSweep,NoiseSweep-60-20260922-20:33:01-1127766,8,NoiseSweep-60-20260922-20:33:01-1127766|phase2|8,60,0,0,sha3,10,0.10,rep3-bch255-131-18\,,1.541131,0.252978,0.007254,0.01063,0.100446,0.001512,0.007463,0.01083,0.098453,0.007945,104,85,43,545,1,0
1179,1,4.776402,3.69988,1.076522,777,sha3,OMNeT++; module=UavAuthNetwork.uav[9]; config=NoiseSweep,3.528793,0.053319,0.263986,0.080439,0.224282,3.169277,0.274388,0.080439,0.13487,0.158638,0.010209,0.852241,NoiseSweep,NoiseSweep-60-20260922-20:33:01-1127766,9,NoiseSweep-60-20260922-20:33:01-1127766|phase2|9,60,0,0,sha3,10,0.10,rep3-bch255-131-18\,,1.499146,0.274388,0.007733,0.012574,0.115333,0.001673,0.007874,0.011161,0.100416,0.006121,104,85,43,545,1,0
1180,1,4.769056,3.712582,1.056474,777,sha3,OMNeT++; module=UavAuthNetwork.uav[0]; config=NoiseSweep,3.537829,0.050704,0.268297,0.081841,0.224628,3.179676,0.25927,0.081841,0.136222,0.158713,0.011071,0.831845,NoiseSweep,NoiseSweep-61-20260922-20:33:02-1127766,0,NoiseSweep-61-20260922-20:33:02-1127766|phase2|0,61,1,1,sha3,10,0.10,rep3-bch255-131-18\,,1.483483,0.25927,0.008155,0.011602,0.118729,0.002093,0.007683,0.010901,0.099344,0.008906,104,85,43,545,1,0
1181,1,4.639831,3.583052,1.056779,777,sha3,OMNeT++; module=UavAuthNetwork.uav[1]; config=NoiseSweep,3.41952,0.048119,0.264262,0.076852,0.225093,3.087646,0.256295,0.076852,0.127636,0.175273,0.009828,0.831686,NoiseSweep,NoiseSweep-61-20260922-20:33:02-1127766,1,NoiseSweep-61-20260922-20:33:02-1127766|phase2|1,61,1,1,sha3,10,0.10,rep3-bch255-131-18\,,1.496314,0.256295,0.007483,0.01061,0.100345,0.001643,0.007403,0.01029,0.098623,0.002384,104,85,43,545,1,0
1182,1,4.674913,3.585688,1.089225,777,sha3,OMNeT++; module=UavAuthNetwork.uav[2]; config=NoiseSweep,3.422776,0.048519,0.252213,0.076782,0.236517,3.105669,0.247468,0.076782,0.126514,0.169952,0.009348,0.852708,NoiseSweep,NoiseSweep-61-20260922-20:33:02-1127766,2,NoiseSweep-61-20260922-20:33:02-1127766|phase2|2,61,1,1,sha3,10,0.10,rep3-bch255-131-18\,,1.51139,0.247468,0.007463,0.010359,0.100436,0.001633,0.007254,0.01061,0.098192,0.002194,104,85,43,545,1,0
1183,1,4.679599,3.604631,1.074968,777,sha3,OMNeT++; module=UavAuthNetwork.uav[3]; config=NoiseSweep,3.435389,0.0488,0.252408,0.079727,0.246567,3.09571,0.260402,0.079727,0.12963,0.165107,0.009788,0.828402,NoiseSweep,NoiseSweep-61-20260922-20:33:02-1127766,3,NoiseSweep-61-20260922-20:33:02-1127766|phase2|3,61,1,1,sha3,10,0.10,rep3-bch255-131-18\,,1.492483,0.260402,0.007804,0.011131,0.104965,0.001694,0.007303,0.010669,0.098322,0.003056,104,85,43,545,1,0
1184,1,4.693007,3.631462,1.061545,777,sha3,OMNeT++; module=UavAuthNetwork.uav[4]; config=NoiseSweep,3.464323,0.050132,0.271349,0.078766,0.216598,3.131798,0.259741,0.078766,0.129991,0.179885,0.009607,0.844948,NoiseSweep,NoiseSweep-61-20260922-20:33:02-1127766,4,NoiseSweep-61-20260922-20:33:02-1127766|phase2|4,61,1,1,sha3,10,0.10,rep3-bch255-131-18\,,1.51278,0.259741,0.007395,0.010881,0.10347,0.001473,0.007464,0.010751,0.099144,0.002815,104,85,43,545,1,0
1185,1,4.668067,3.585628,1.082439,777,sha3,OMNeT++; module=UavAuthNetwork.uav[5]; config=NoiseSweep,3.410323,0.047738,0.242388,0.082974,0.216014,3.087656,0.253599,0.082974,0.127777,0.159153,0.009357,0.866426,NoiseSweep,NoiseSweep-61-20260922-20:33:02-1127766,5,NoiseSweep-61-20260922-20:33:02-1127766|phase2|5,61,1,1,sha3,10,0.10,rep3-bch255-131-18\,,1.483981,0.253599,0.007424,0.01103,0.105716,0.001483,0.007243,0.01044,0.098563,0.002214,104,85,43,545,1,0
1186,1,4.684832,3.610304,1.074528,777,sha3,OMNeT++; module=UavAuthNetwork.uav[6]; config=NoiseSweep,3.445558,0.049181,0.283112,0.077584,0.221452,3.121849,0.25408,0.077584,0.128137,0.202522,0.009578,0.853076,NoiseSweep,NoiseSweep-61-20260922-20:33:02-1127766,6,NoiseSweep-61-20260922-20:33:02-1127766|phase2|6,61,1,1,sha3,10,0.10,rep3-bch255-131-18\,,1.560162,0.25408,0.007424,0.01089,0.101598,0.001603,0.007284,0.01068,0.098482,0.002605,104,85,43,545,1,0
1187,1,4.671229,3.594064,1.077165,777,sha3,OMNeT++; module=UavAuthNetwork.uav[7]; config=NoiseSweep,3.430411,0.052216,0.244929,0.077233,0.225607,3.1171,0.245174,0.077233,0.127286,0.185028,0.009187,0.851558,NoiseSweep,NoiseSweep-61-20260922-20:33:02-1127766,7,NoiseSweep-61-20260922-20:33:02-1127766|phase2|7,61,1,1,sha3,10,0.10,rep3-bch255-131-18\,,1.507122,0.245174,0.007363,0.010449,0.099945,0.001442,0.008396,0.01049,0.099595,0.002204,104,85,43,545,1,0
1188,1,4.795973,3.673903,1.12207,777,sha3,OMNeT++; module=UavAuthNetwork.uav[8]; config=NoiseSweep,3.501092,0.054631,0.255804,0.08089,0.244446,3.144791,0.273957,0.08089,0.133216,0.173615,0.011031,0.877624,NoiseSweep,NoiseSweep-61-20260922-20:33:02-1127766,8,NoiseSweep-61-20260922-20:33:02-1127766|phase2|8,61,1,1,sha3,10,0.10,rep3-bch255-131-18\,,1.55149,0.273957,0.008456,0.012363,0.112538,0.001973,0.007744,0.011772,0.100085,0.00543,104,85,43,545,1,0
1189,1,4.719814,3.645449,1.074365,777,sha3,OMNeT++; module=UavAuthNetwork.uav[9]; config=NoiseSweep,3.464834,0.049191,0.246992,0.085338,0.223261,3.138099,0.251265,0.085338,0.128769,0.161871,0.009939,0.851104,NoiseSweep,NoiseSweep-61-20260922-20:33:02-1127766,9,NoiseSweep-61-20260922-20:33:02-1127766|phase2|9,61,1,1,sha3,10,0.10,rep3-bch255-131-18\,,1.483228,0.251265,0.007694,0.011271,0.109052,0.001613,0.007323,0.01084,0.098973,0.002645,104,85,43,545,1,0
1190,1,4.716044,3.637885,1.078159,777,sha3,OMNeT++; module=UavAuthNetwork.uav[0]; config=NoiseSweep,3.463602,0.050984,0.263602,0.081481,0.248624,3.110047,0.267305,0.081481,0.13505,0.171762,0.011321,0.829535,NoiseSweep,NoiseSweep-62-20260922-20:33:02-1127766,0,NoiseSweep-62-20260922-20:33:02-1127766|phase2|0,62,2,2,sha3,10,0.10,rep3-bch255-131-18\,,1.513523,0.267305,0.008305,0.011372,0.116807,0.002185,0.007654,0.010991,0.099314,0.008355,104,85,43,545,1,0
1191,1,4.634504,3.561041,1.073463,777,sha3,OMNeT++; module=UavAuthNetwork.uav[1]; config=NoiseSweep,3.397259,0.048089,0.246729,0.077002,0.223881,3.078599,0.247538,0.077002,0.12979,0.182786,0.009778,0.849582,NoiseSweep,NoiseSweep-62-20260922-20:33:02-1127766,1,NoiseSweep-62-20260922-20:33:02-1127766|phase2|1,62,2,2,sha3,10,0.10,rep3-bch255-131-18\,,1.502978,0.247538,0.007424,0.0105,0.100787,0.001603,0.008224,0.010961,0.099214,0.002565,104,85,43,545,1,0
1192,1,4.844573,3.761241,1.083332,777,sha3,OMNeT++; module=UavAuthNetwork.uav[2]; config=NoiseSweep,3.583634,0.053189,0.258927,0.083514,0.2246,3.218478,0.272725,0.083514,0.145089,0.159875,0.010579,0.858733,NoiseSweep,NoiseSweep-62-20260922-20:33:02-1127766,2,NoiseSweep-62-20260922-20:33:02-1127766|phase2|2,62,2,2,sha3,10,0.10,rep3-bch255-131-18\,,1.502133,0.272725,0.008286,0.015188,0.121905,0.001864,0.007674,0.011622,0.099876,0.006793,104,85,43,545,1,0
1193,1,4.678299,3.629099,1.0492,777,sha3,OMNeT++; module=UavAuthNetwork.uav[3]; config=NoiseSweep,3.463121,0.04828,0.240712,0.078185,0.216164,3.13323,0.256145,0.078185,0.127596,0.204086,0.009608,0.833036,NoiseSweep,NoiseSweep-62-20260922-20:33:02-1127766,3,NoiseSweep-62-20260922-20:33:02-1127766|phase2|3,62,2,2,sha3,10,0.10,rep3-bch255-131-18\,,1.493998,0.256145,0.007525,0.010951,0.102139,0.001643,0.007203,0.010529,0.098413,0.002424,104,85,43,545,1,0
1194,1,4.660047,3.589476,1.070571,777,sha3,OMNeT++; module=UavAuthNetwork.uav[4]; config=NoiseSweep,3.42495,0.048861,0.255178,0.077484,0.229748,3.096071,0.259371,0.077484,0.128839,0.169948,0.009558,0.840823,NoiseSweep,NoiseSweep-62-20260922-20:33:02-1127766,4,NoiseSweep-62-20260922-20:33:02-1127766|phase2|4,62,2,2,sha3,10,0.10,rep3-bch255-131-18\,,1.495697,0.259371,0.007364,0.0109,0.100786,0.001613,0.007434,0.01052,0.098362,0.002525,104,85,43,545,1,0
1195,1,4.691767,3.627504,1.064263,777,sha3,OMNeT++; module=UavAuthNetwork.uav[5]; config=NoiseSweep,3.460616,0.056635,0.26957,0.078575,0.217266,3.136997,0.254251,0.078575,0.128969,0.199652,0.009738,0.846997,NoiseSweep,NoiseSweep-62-20260922-20:33:02-1127766,5,NoiseSweep-62-20260922-20:33:02-1127766|phase2|5,62,2,2,sha3,10,0.10,rep3-bch255-131-18\,,1.533486,0.254251,0.007445,0.011381,0.101297,0.001563,0.007616,0.010399,0.106828,0.002504,104,85,43,545,1,0
1196,1,4.682793,3.616343,1.06645,777,sha3,OMNeT++; module=UavAuthNetwork.uav[6]; config=NoiseSweep,3.43593,0.04861,0.256803,0.084917,0.237282,3.11126,0.255322,0.084917,0.15649,0.160766,0.010579,0.829168,NoiseSweep,NoiseSweep-62-20260922-20:33:02-1127766,6,NoiseSweep-62-20260922-20:33:02-1127766|phase2|6,62,2,2,sha3,10,0.10,rep3-bch255-131-18\,,1.484019,0.255322,0.007323,0.015008,0.103942,0.001813,0.009326,0.011912,0.111898,0.002805,104,85,43,545,1,0
1197,1,4.824619,3.751975,1.072644,777,sha3,OMNeT++; module=UavAuthNetwork.uav[7]; config=NoiseSweep,3.579947,0.053559,0.251251,0.081,0.239077,3.238035,0.261283,0.081,0.133968,0.195254,0.010028,0.833566,NoiseSweep,NoiseSweep-62-20260922-20:33:02-1127766,7,NoiseSweep-62-20260922-20:33:02-1127766|phase2|7,62,2,2,sha3,10,0.10,rep3-bch255-131-18\,,1.519149,0.261283,0.008155,0.012233,0.111677,0.001693,0.007254,0.011181,0.100286,0.005239,104,85,43,545,1,0
1198,1,4.698672,3.608311,1.090361,777,sha3,OMNeT++; module=UavAuthNetwork.uav[8]; config=NoiseSweep,3.443865,0.049612,0.258522,0.077394,0.230213,3.113313,0.25367,0.077394,0.128178,0.184573,0.009658,0.860147,NoiseSweep,NoiseSweep-62-20260922-20:33:02-1127766,8,NoiseSweep-62-20260922-20:33:02-1127766|phase2|8,62,2,2,sha3,10,0.10,rep3-bch255-131-18\,,1.533456,0.25367,0.007494,0.01064,0.105706,0.001583,0.007554,0.01088,0.098623,0.002435,104,85,43,545,1,0
1199,1,4.690058,3.625783,1.064275,777,sha3,OMNeT++; module=UavAuthNetwork.uav[9]; config=NoiseSweep,3.461919,0.048661,0.248707,0.077163,0.230871,3.132199,0.255022,0.077163,0.127826,0.169293,0.009538,0.833405,NoiseSweep,NoiseSweep-62-20260922-20:33:02-1127766,9,NoiseSweep-62-20260922-20:33:02-1127766|phase2|9,62,2,2,sha3,10,0.10,rep3-bch255-131-18\,,1.482275,0.255022,0.007414,0.01063,0.105986,0.001523,0.007374,0.01046,0.098483,0.002515,104,85,43,545,1,0
1200,1,5.064533,4.008059,1.056474,777,sha3,OMNeT++; module=UavAuthNetwork.uav[0]; config=NoiseSweep,3.809763,0.05895,0.268297,0.089916,0.224628,3.528292,0.144096,0.089916,0.168241,0.158713,0.018464,0.831845,NoiseSweep,NoiseSweep-7-20260922-20:32:28-1127766,0,NoiseSweep-7-20260922-20:32:28-1127766|phase2|0,7,1,1,sha3,10,0.0,rep3-bch255-131-18\,,1.483483,0.144096,0.008635,0.018765,0.12346,0.003206,0.009898,0.018595,0.120883,0.01105,104,85,43,545,1,0
1201,1,4.597122,3.540343,1.056779,777,sha3,OMNeT++; module=UavAuthNetwork.uav[1]; config=NoiseSweep,3.373034,0.049863,0.264262,0.078635,0.225093,3.154179,0.131163,0.078635,0.136323,0.175273,0.010039,0.831686,NoiseSweep,NoiseSweep-7-20260922-20:32:28-1127766,1,NoiseSweep-7-20260922-20:32:28-1127766|phase2|1,7,1,1,sha3,10,0.0,rep3-bch255-131-18\,,1.496314,0.131163,0.007755,0.011301,0.104183,0.001694,0.007414,0.01088,0.099794,0.003006,104,85,43,545,1,0
1202,1,4.627054,3.537829,1.089225,777,sha3,OMNeT++; module=UavAuthNetwork.uav[2]; config=NoiseSweep,3.372163,0.049391,0.252213,0.078004,0.236517,3.171942,0.128308,0.078004,0.128888,0.169952,0.009658,0.852708,NoiseSweep,NoiseSweep-7-20260922-20:32:28-1127766,2,NoiseSweep-7-20260922-20:32:28-1127766|phase2|2,7,1,1,sha3,10,0.0,rep3-bch255-131-18\,,1.51139,0.128308,0.007383,0.011081,0.102299,0.001563,0.007413,0.01066,0.099113,0.002715,104,85,43,545,1,0
1203,1,4.589394,3.514426,1.074968,777,sha3,OMNeT++; module=UavAuthNetwork.uav[3]; config=NoiseSweep,3.3491,0.069308,0.252408,0.077914,0.246567,3.147386,0.131163,0.077914,0.128017,0.165107,0.009498,0.828402,NoiseSweep,NoiseSweep-7-20260922-20:32:28-1127766,3,NoiseSweep-7-20260922-20:32:28-1127766|phase2|3,7,1,1,sha3,10,0.0,rep3-bch255-131-18\,,1.492483,0.131163,0.007755,0.01105,0.101789,0.001603,0.007434,0.030417,0.099864,0.002455,104,85,43,545,1,0
1204,1,5.236082,4.174537,1.061545,777,sha3,OMNeT++; module=UavAuthNetwork.uav[4]; config=NoiseSweep,3.937409,0.078365,0.271349,0.110875,0.216598,3.573355,0.243691,0.110875,0.228443,0.179885,0.015378,0.844948,NoiseSweep,NoiseSweep-7-20260922-20:32:28-1127766,4,NoiseSweep-7-20260922-20:32:28-1127766|phase2|4,7,1,1,sha3,10,0.0,rep3-bch255-131-18\,,1.51278,0.243691,0.013956,0.023643,0.159365,0.002645,0.012803,0.021269,0.127906,0.009858,104,85,43,545,1,0
1205,1,5.720623,4.638184,1.082439,777,sha3,OMNeT++; module=UavAuthNetwork.uav[5]; config=NoiseSweep,4.453814,0.05948,0.242388,0.086319,0.216014,4.175449,0.177078,0.086319,0.150699,0.159153,0.011732,0.866426,NoiseSweep,NoiseSweep-7-20260922-20:32:28-1127766,5,NoiseSweep-7-20260922-20:32:28-1127766|phase2|5,7,1,1,sha3,10,0.0,rep3-bch255-131-18\,,1.483981,0.177078,0.009058,0.015058,0.122005,0.002334,0.008797,0.013215,0.106458,0.008235,104,85,43,545,1,0
1206,1,4.935093,3.860565,1.074528,777,sha3,OMNeT++; module=UavAuthNetwork.uav[6]; config=NoiseSweep,3.626233,0.0758,0.283112,0.111055,0.221452,3.296121,0.223844,0.111055,0.181917,0.202522,0.012222,0.853076,NoiseSweep,NoiseSweep-7-20260922-20:32:28-1127766,6,NoiseSweep-7-20260922-20:32:28-1127766|phase2|6,7,1,1,sha3,10,0.0,rep3-bch255-131-18\,,1.560162,0.223844,0.011711,0.018415,0.148695,0.002014,0.01118,0.016691,0.139478,0.004207,104,85,43,545,1,0
1207,1,4.801669,3.724504,1.077165,777,sha3,OMNeT++; module=UavAuthNetwork.uav[7]; config=NoiseSweep,3.557024,0.050383,0.244929,0.078836,0.225607,3.348709,0.127336,0.078836,0.130541,0.185028,0.009808,0.851558,NoiseSweep,NoiseSweep-7-20260922-20:32:28-1127766,7,NoiseSweep-7-20260922-20:32:28-1127766|phase2|7,7,1,1,sha3,10,0.0,rep3-bch255-131-18\,,1.507122,0.127336,0.007655,0.011191,0.103312,0.001643,0.007363,0.01089,0.099755,0.002835,104,85,43,545,1,0
1208,1,5.023613,3.901543,1.12207,777,sha3,OMNeT++; module=UavAuthNetwork.uav[8]; config=NoiseSweep,3.650047,0.07572,0.255804,0.116015,0.244446,3.314926,0.229334,0.116015,0.211031,0.173615,0.019466,0.877624,NoiseSweep,NoiseSweep-7-20260922-20:32:28-1127766,8,NoiseSweep-7-20260922-20:32:28-1127766|phase2|8,7,1,1,sha3,10,0.0,rep3-bch255-131-18\,,1.55149,0.229334,0.014488,0.017302,0.156539,0.003847,0.013444,0.02137,0.134398,0.010119,104,85,43,545,1,0
1209,1,5.577491,4.503126,1.074365,777,sha3,OMNeT++; module=UavAuthNetwork.uav[9]; config=NoiseSweep,4.280925,0.077754,0.246992,0.105355,0.223261,3.982612,0.18914,0.105355,0.157752,0.161871,0.011491,0.851104,NoiseSweep,NoiseSweep-7-20260922-20:32:28-1127766,9,NoiseSweep-7-20260922-20:32:28-1127766|phase2|9,7,1,1,sha3,10,0.0,rep3-bch255-131-18\,,1.483228,0.18914,0.009188,0.022402,0.139538,0.002284,0.011601,0.014677,0.12428,0.008355,104,85,43,545,1,0
1210,1,6.376846,5.298687,1.078159,777,sha3,OMNeT++; module=UavAuthNetwork.uav[0]; config=NoiseSweep,4.996729,0.087222,0.263602,0.141401,0.248624,4.583435,0.261965,0.141401,0.233382,0.171762,0.019156,0.829535,NoiseSweep,NoiseSweep-8-20260922-20:32:28-1127766,0,NoiseSweep-8-20260922-20:32:28-1127766|phase2|0,8,2,2,sha3,10,0.0,rep3-bch255-131-18\,,1.513523,0.261965,0.015669,0.025828,0.196554,0.003446,0.013817,0.021019,0.162261,0.011611,104,85,43,545,1,0
1211,1,6.259874,5.186411,1.073463,777,sha3,OMNeT++; module=UavAuthNetwork.uav[1]; config=NoiseSweep,4.912544,0.085338,0.246729,0.128007,0.223881,4.501052,0.271793,0.128007,0.233973,0.182786,0.017853,0.849582,NoiseSweep,NoiseSweep-8-20260922-20:32:28-1127766,1,NoiseSweep-8-20260922-20:32:28-1127766|phase2|1,8,2,2,sha3,10,0.0,rep3-bch255-131-18\,,1.502978,0.271793,0.013776,0.022421,0.179472,0.002946,0.014617,0.020086,0.163512,0.012563,104,85,43,545,1,0
1212,1,6.137819,5.054487,1.083332,777,sha3,OMNeT++; module=UavAuthNetwork.uav[2]; config=NoiseSweep,4.811868,0.060973,0.258927,0.111156,0.2246,4.503928,0.192126,0.111156,0.199479,0.159875,0.020307,0.858733,NoiseSweep,NoiseSweep-8-20260922-20:32:28-1127766,2,NoiseSweep-8-20260922-20:32:28-1127766|phase2|2,8,2,2,sha3,10,0.0,rep3-bch255-131-18\,,1.502133,0.192126,0.009017,0.02177,0.1457,0.004087,0.011531,0.014647,0.12948,0.017392,104,85,43,545,1,0
1213,1,4.988592,3.939392,1.0492,777,sha3,OMNeT++; module=UavAuthNetwork.uav[3]; config=NoiseSweep,3.769528,0.051445,0.240712,0.079377,0.216164,3.54875,0.1348,0.079377,0.138928,0.204086,0.01111,0.833036,NoiseSweep,NoiseSweep-8-20260922-20:32:28-1127766,3,NoiseSweep-8-20260922-20:32:28-1127766|phase2|3,8,2,2,sha3,10,0.0,rep3-bch255-131-18\,,1.493998,0.1348,0.007955,0.012433,0.1084,0.001963,0.008016,0.011362,0.105796,0.00502,104,85,43,545,1,0
1214,1,4.644887,3.574316,1.070571,777,sha3,OMNeT++; module=UavAuthNetwork.uav[4]; config=NoiseSweep,3.406035,0.052027,0.255178,0.079056,0.229748,3.196938,0.131183,0.079056,0.130862,0.169948,0.010169,0.840823,NoiseSweep,NoiseSweep-8-20260922-20:32:28-1127766,4,NoiseSweep-8-20260922-20:32:28-1127766|phase2|4,8,2,2,sha3,10,0.0,rep3-bch255-131-18\,,1.495697,0.131183,0.007674,0.011441,0.107449,0.001813,0.007974,0.01101,0.099254,0.003938,104,85,43,545,1,0
1215,1,4.809586,3.745323,1.064263,777,sha3,OMNeT++; module=UavAuthNetwork.uav[5]; config=NoiseSweep,3.496432,0.055102,0.26957,0.116075,0.217266,3.267869,0.139408,0.116075,0.14055,0.199652,0.016741,0.846997,NoiseSweep,NoiseSweep-8-20260922-20:32:28-1127766,5,NoiseSweep-8-20260922-20:32:28-1127766|phase2|5,8,2,2,sha3,10,0.0,rep3-bch255-131-18\,,1.533486,0.139408,0.039283,0.015217,0.117768,0.002815,0.009638,0.011722,0.10229,0.006532,104,85,43,545,1,0
1216,1,4.799359,3.732909,1.06645,777,sha3,OMNeT++; module=UavAuthNetwork.uav[6]; config=NoiseSweep,3.514425,0.072875,0.256803,0.102379,0.237282,3.202208,0.21609,0.102379,0.181466,0.160766,0.013726,0.829168,NoiseSweep,NoiseSweep-8-20260922-20:32:28-1127766,6,NoiseSweep-8-20260922-20:32:28-1127766|phase2|6,8,2,2,sha3,10,0.0,rep3-bch255-131-18\,,1.484019,0.21609,0.011902,0.017063,0.135611,0.002445,0.011572,0.017432,0.127837,0.006041,104,85,43,545,1,0
1217,1,5.571733,4.499089,1.072644,777,sha3,OMNeT++; module=UavAuthNetwork.uav[7]; config=NoiseSweep,4.270636,0.080288,0.251251,0.106928,0.239077,3.946205,0.211752,0.106928,0.185333,0.195254,0.014597,0.833566,NoiseSweep,NoiseSweep-8-20260922-20:32:28-1127766,7,NoiseSweep-8-20260922-20:32:28-1127766|phase2|7,8,2,2,sha3,10,0.0,rep3-bch255-131-18\,,1.519149,0.211752,0.012072,0.018855,0.146512,0.002495,0.012173,0.017432,0.127756,0.008896,104,85,43,545,1,0
1218,1,5.457305,4.366944,1.090361,777,sha3,OMNeT++; module=UavAuthNetwork.uav[8]; config=NoiseSweep,4.056489,0.106667,0.258522,0.147012,0.230213,3.734423,0.182458,0.147012,0.245925,0.184573,0.016431,0.860147,NoiseSweep,NoiseSweep-8-20260922-20:32:28-1127766,8,NoiseSweep-8-20260922-20:32:28-1127766|phase2|8,8,2,2,sha3,10,0.0,rep3-bch255-131-18\,,1.533456,0.182458,0.017011,0.024785,0.202494,0.002776,0.016511,0.024355,0.187366,0.015308,104,85,43,545,1,0
1219,1,6.123292,5.059017,1.064275,777,sha3,OMNeT++; module=UavAuthNetwork.uav[9]; config=NoiseSweep,4.746687,0.09706,0.248707,0.146592,0.230871,4.293659,0.266273,0.146592,0.240575,0.169293,0.019146,0.833405,NoiseSweep,NoiseSweep-8-20260922-20:32:28-1127766,9,NoiseSweep-8-20260922-20:32:28-1127766|phase2|9,8,2,2,sha3,10,0.0,rep3-bch255-131-18\,,1.482275,0.266273,0.015309,0.024155,0.231859,0.003326,0.015629,0.02168,0.166227,0.013855,104,85,43,545,1,0
1220,1,2.366444,1.288265,1.078179,777,sha3,OMNeT++; module=UavAuthNetwork.uav[0]; config=NoiseSweep,1.114293,0.050324,0.256671,0.081581,0.249728,0.847899,0.182037,0.081581,0.135651,0.183693,0.01081,0.828452,NoiseSweep,NoiseSweep-9-20260922-20:32:28-1127766,0,NoiseSweep-9-20260922-20:32:28-1127766|phase2|0,9,0,0,sha3,10,0.01,bch255-131-18\,,1.518543,0.182037,0.008215,0.011251,0.116606,0.002074,0.007515,0.01056,0.100025,0.008275,104,85,43,545,1,0
1221,1,2.316887,1.234834,1.082053,777,sha3,OMNeT++; module=UavAuthNetwork.uav[1]; config=NoiseSweep,1.07,0.048039,0.251082,0.077553,0.240244,0.836819,0.163513,0.077553,0.133868,0.166001,0.009728,0.841809,NoiseSweep,NoiseSweep-9-20260922-20:32:28-1127766,1,NoiseSweep-9-20260922-20:32:28-1127766|phase2|1,9,0,0,sha3,10,0.01,bch255-131-18\,,1.499136,0.163513,0.007424,0.01049,0.101297,0.001563,0.007384,0.0105,0.104693,0.002365,104,85,43,545,1,0
1222,1,2.305837,1.252369,1.053468,777,sha3,OMNeT++; module=UavAuthNetwork.uav[2]; config=NoiseSweep,1.088115,0.04901,0.244435,0.077383,0.225942,0.829816,0.189581,0.077383,0.127727,0.174349,0.009488,0.827526,NoiseSweep,NoiseSweep-9-20260922-20:32:28-1127766,2,NoiseSweep-9-20260922-20:32:28-1127766|phase2|2,9,0,0,sha3,10,0.01,bch255-131-18\,,1.472252,0.189581,0.007314,0.010388,0.101348,0.001503,0.007313,0.01064,0.099535,0.002154,104,85,43,545,1,0
1223,1,2.317188,1.257088,1.0601,777,sha3,OMNeT++; module=UavAuthNetwork.uav[3]; config=NoiseSweep,1.090339,0.047659,0.270952,0.078726,0.230351,0.836809,0.184311,0.078726,0.127396,0.16277,0.009297,0.829749,NoiseSweep,NoiseSweep-9-20260922-20:32:28-1127766,3,NoiseSweep-9-20260922-20:32:28-1127766|phase2|3,9,0,0,sha3,10,0.01,bch255-131-18\,,1.493821,0.184311,0.007694,0.010298,0.10263,0.001483,0.007283,0.010239,0.099304,0.002044,104,85,43,545,1,0
1224,1,2.381889,1.27468,1.107209,777,sha3,OMNeT++; module=UavAuthNetwork.uav[4]; config=NoiseSweep,1.107491,0.054791,0.241588,0.078595,0.257305,0.841918,0.195192,0.078595,0.129519,0.189083,0.009999,0.849904,NoiseSweep,NoiseSweep-9-20260922-20:32:28-1127766,4,NoiseSweep-9-20260922-20:32:28-1127766|phase2|4,9,0,0,sha3,10,0.01,bch255-131-18\,,1.53788,0.195192,0.007383,0.010599,0.10286,0.001513,0.007524,0.01081,0.105025,0.002285,104,85,43,545,1,0
1225,1,2.332207,1.256307,1.0759,777,sha3,OMNeT++; module=UavAuthNetwork.uav[5]; config=NoiseSweep,1.09121,0.04861,0.245457,0.077885,0.227226,0.841608,0.178922,0.077885,0.128839,0.164536,0.009327,0.848674,NoiseSweep,NoiseSweep-9-20260922-20:32:28-1127766,5,NoiseSweep-9-20260922-20:32:28-1127766|phase2|5,9,0,0,sha3,10,0.01,bch255-131-18\,,1.485893,0.178922,0.007364,0.01065,0.101358,0.001453,0.007284,0.01035,0.099413,0.002084,104,85,43,545,1,0
1226,1,2.340148,1.255924,1.084224,777,sha3,OMNeT++; module=UavAuthNetwork.uav[6]; config=NoiseSweep,1.088605,0.049001,0.252117,0.078976,0.244646,0.834976,0.185513,0.078976,0.128207,0.172502,0.009367,0.839578,NoiseSweep,NoiseSweep-9-20260922-20:32:28-1127766,6,NoiseSweep-9-20260922-20:32:28-1127766|phase2|6,9,0,0,sha3,10,0.01,bch255-131-18\,,1.508843,0.185513,0.007523,0.010439,0.102289,0.001452,0.007243,0.01067,0.099414,0.002053,104,85,43,545,1,0
1227,1,2.310402,1.258841,1.051561,777,sha3,OMNeT++; module=UavAuthNetwork.uav[7]; config=NoiseSweep,1.094536,0.04845,0.242171,0.077484,0.214395,0.836528,0.189722,0.077484,0.128398,0.188,0.009337,0.837166,NoiseSweep,NoiseSweep-9-20260922-20:32:28-1127766,7,NoiseSweep-9-20260922-20:32:28-1127766|phase2|7,9,0,0,sha3,10,0.01,bch255-131-18\,,1.481733,0.189722,0.007273,0.010409,0.100956,0.001533,0.007383,0.010659,0.099344,0.002174,104,85,43,545,1,0
1228,1,2.32079,1.256415,1.064375,777,sha3,OMNeT++; module=UavAuthNetwork.uav[8]; config=NoiseSweep,1.092522,0.049251,0.258842,0.077243,0.223481,0.842139,0.182588,0.077243,0.128287,0.217914,0.009407,0.840894,NoiseSweep,NoiseSweep-9-20260922-20:32:28-1127766,8,NoiseSweep-9-20260922-20:32:28-1127766|phase2|8,9,0,0,sha3,10,0.01,bch255-131-18\,,1.541131,0.182588,0.007353,0.010279,0.100747,0.001462,0.007434,0.01069,0.099434,0.002124,104,85,43,545,1,0
1229,1,2.308191,1.231669,1.076522,777,sha3,OMNeT++; module=UavAuthNetwork.uav[9]; config=NoiseSweep,1.067396,0.04839,0.263986,0.077433,0.224282,0.839554,0.160638,0.077433,0.131594,0.158638,0.009407,0.852241,NoiseSweep,NoiseSweep-9-20260922-20:32:28-1127766,9,NoiseSweep-9-20260922-20:32:28-1127766|phase2|9,9,0,0,sha3,10,0.01,bch255-131-18\,,1.499146,0.160638,0.007324,0.01029,0.100907,0.001543,0.007334,0.010499,0.103482,0.002144,104,85,43,545,1,0
