idx,success,latency_ms,compute_ms,net_ms,overhead_bytes,hash_mode,details,m1_uav_compute_ms,m1_gs_compute_ms,m1_net_ms,m2_uav_verify_ms,m2_net_ms,puf_eval_ms,bch_ms,m3_uav_compute_ms,m3_gs_compute_ms,m3_net_ms,m4_uav_compute_ms,m4_net_ms,config,run_id,uav_id,row_uid,runnumber,repetition,seedset,suite,num_uavs,puf_ber,fe_profile,attack_mode,wall_latency_ms,fe_rep_ms,mac_ms,kdf_ms,dh_ms,aead_ms,gs_mac_ms,gs_kdf_ms,gs_dh_ms,gs_aead_ms,bytes_m1,bytes_m2,bytes_m3,bytes_m4,ephemeral_erased,replay_cache_hits
450,1,5.078529,3.995017,1.083512,781,spongent,OMNeT++; module=UavAuthNetwork.uav[0]; config=StadiumSPONGENT,1.108683,0.668928,0.256671,1.37197,0.249728,0.037479,0.512649,1.37197,2.510157,0.183693,0.142394,0.833785,StadiumSPONGENT,StadiumSPONGENT-0-20260922-20:31:41-1127338,0,StadiumSPONGENT-0-20260922-20:31:41-1127338|phase2|0,0,0,0,spongent,10,,,,1.523876,0.512649,0.96689,0.584572,0.34591,0.001883,0.897702,0.615268,0.111045,0.005079,104,85,43,549,1,0
451,1,4.582116,3.49473,1.087386,781,spongent,OMNeT++; module=UavAuthNetwork.uav[1]; config=StadiumSPONGENT,0.976939,0.662456,0.251082,1.184483,0.240244,0.04291,0.54023,1.184483,2.561713,0.166001,0.148825,0.847142,StadiumSPONGENT,StadiumSPONGENT-0-20260922-20:31:41-1127338,1,StadiumSPONGENT-0-20260922-20:31:41-1127338|phase2|1,0,0,0,spongent,10,,,,1.50447,0.54023,0.840175,0.598588,0.105436,0.001633,0.930593,0.605871,0.110635,0.001623,104,85,43,549,1,0
452,1,4.430722,3.371921,1.058801,781,spongent,OMNeT++; module=UavAuthNetwork.uav[2]; config=StadiumSPONGENT,0.946121,0.621841,0.244435,1.132747,0.225942,0.03793,0.527036,1.132747,2.518202,0.174349,0.160306,0.832859,StadiumSPONGENT,StadiumSPONGENT-0-20260922-20:31:41-1127338,2,StadiumSPONGENT-0-20260922-20:31:41-1127338|phase2|2,0,0,0,spongent,10,,,,1.477585,0.527036,0.796384,0.570736,0.104874,0.002235,0.822904,0.628333,0.109983,0.002064,104,85,43,549,1,0
453,1,5.116123,4.05069,1.065433,781,spongent,OMNeT++; module=UavAuthNetwork.uav[3]; config=StadiumSPONGENT,0.980175,0.640566,0.270952,1.469691,0.230351,0.046176,0.547834,1.469691,2.488957,0.16277,0.131133,0.835082,StadiumSPONGENT,StadiumSPONGENT-0-20260922-20:31:41-1127338,3,StadiumSPONGENT-0-20260922-20:31:41-1127338|phase2|3,0,0,0,spongent,10,,,,1.499154,0.547834,1.003127,0.673777,0.141271,0.001783,0.873207,0.588389,0.112289,0.001883,104,85,43,549,1,0
454,1,4.598526,3.485984,1.112542,781,spongent,OMNeT++; module=UavAuthNetwork.uav[4]; config=StadiumSPONGENT,0.940371,0.590193,0.241588,1.205953,0.257305,0.046637,0.521866,1.205953,2.395975,0.189083,0.133707,0.855237,StadiumSPONGENT,StadiumSPONGENT-0-20260922-20:31:41-1127338,4,StadiumSPONGENT-0-20260922-20:31:41-1127338|phase2|4,0,0,0,spongent,10,,,,1.543213,0.521866,0.841357,0.598127,0.108271,0.001533,0.823314,0.582929,0.101869,0.001733,104,85,43,549,1,0
455,1,4.469114,3.387881,1.081233,781,spongent,OMNeT++; module=UavAuthNetwork.uav[5]; config=StadiumSPONGENT,0.909344,0.611452,0.245457,1.17249,0.227226,0.03772,0.500146,1.17249,2.454123,0.164536,0.133557,0.854007,StadiumSPONGENT,StadiumSPONGENT-0-20260922-20:31:41-1127338,5,StadiumSPONGENT-0-20260922-20:31:41-1127338|phase2|5,0,0,0,spongent,10,,,,1.491226,0.500146,0.83218,0.57229,0.107038,0.001823,0.830317,0.57202,0.101098,0.001943,104,85,43,549,1,0
456,1,4.781982,3.692425,1.089557,781,spongent,OMNeT++; module=UavAuthNetwork.uav[6]; config=StadiumSPONGENT,0.985605,0.821772,0.252117,1.287473,0.244646,0.043631,0.528358,1.287473,2.498004,0.172502,0.131874,0.844911,StadiumSPONGENT,StadiumSPONGENT-0-20260922-20:31:41-1127338,6,StadiumSPONGENT-0-20260922-20:31:41-1127338|phase2|6,0,0,0,spongent,10,,,,1.514177,0.528358,0.933719,0.596173,0.132886,0.001873,1.019988,0.619747,0.122718,0.002254,104,85,43,549,1,0
457,1,4.510408,3.453513,1.056895,781,spongent,OMNeT++; module=UavAuthNetwork.uav[7]; config=StadiumSPONGENT,0.953565,0.611041,0.242171,1.187408,0.214395,0.042549,0.528518,1.187408,2.39332,0.188,0.125132,0.8425,StadiumSPONGENT,StadiumSPONGENT-0-20260922-20:31:41-1127338,7,StadiumSPONGENT-0-20260922-20:31:41-1127338|phase2|7,0,0,0,spongent,10,,,,1.487066,0.528518,0.835668,0.585654,0.111276,0.001503,0.830367,0.582328,0.101709,0.001863,104,85,43,549,1,0
458,1,4.802328,3.73262,1.069708,781,spongent,OMNeT++; module=UavAuthNetwork.uav[8]; config=StadiumSPONGENT,0.895908,0.591846,0.258842,1.350851,0.223481,0.035456,0.494946,1.350851,2.677196,0.217914,0.13501,0.846227,StadiumSPONGENT,StadiumSPONGENT-0-20260922-20:31:41-1127338,8,StadiumSPONGENT-0-20260922-20:31:41-1127338|phase2|8,0,0,0,spongent,10,,,,1.546465,0.494946,0.927276,0.649441,0.1079,0.001833,0.843391,0.635375,0.106848,0.002414,104,85,43,549,1,0
459,1,6.035417,4.953561,1.081856,781,spongent,OMNeT++; module=UavAuthNetwork.uav[9]; config=StadiumSPONGENT,1.324011,0.87524,0.263986,1.723431,0.224282,0.052267,0.755899,1.723431,3.388202,0.158638,0.182688,0.857574,StadiumSPONGENT,StadiumSPONGENT-0-20260922-20:31:41-1127338,9,StadiumSPONGENT-0-20260922-20:31:41-1127338|phase2|9,0,0,0,spongent,10,,,,1.50448,0.755899,1.214359,0.808036,0.179232,0.002465,1.164216,0.840487,0.161429,0.002795,104,85,43,549,1,0
460,1,4.482811,3.421004,1.061807,781,spongent,OMNeT++; module=UavAuthNetwork.uav[0]; config=StadiumSPONGENT,0.918611,0.611723,0.268297,1.185395,0.224628,0.035696,0.509654,1.185395,2.385837,0.158713,0.131603,0.837179,StadiumSPONGENT,StadiumSPONGENT-1-20260922-20:31:42-1127338,0,StadiumSPONGENT-1-20260922-20:31:42-1127338|phase2|0,1,1,1,spongent,10,,,,1.488817,0.509654,0.822293,0.586616,0.123578,0.001773,0.838873,0.57789,0.102729,0.002074,104,85,43,549,1,0
461,1,4.434155,3.372042,1.062113,781,spongent,OMNeT++; module=UavAuthNetwork.uav[1]; config=StadiumSPONGENT,0.895768,0.597466,0.264262,1.17219,0.225093,0.038762,0.489065,1.17219,2.756973,0.175273,0.131894,0.83702,StadiumSPONGENT,StadiumSPONGENT-1-20260922-20:31:42-1127338,1,StadiumSPONGENT-1-20260922-20:31:42-1127338|phase2|1,1,1,1,spongent,10,,,,1.501648,0.489065,0.830707,0.57207,0.102941,0.001794,0.817003,0.73486,0.101867,0.002104,104,85,43,549,1,0
462,1,4.683092,3.588533,1.094559,781,spongent,OMNeT++; module=UavAuthNetwork.uav[2]; config=StadiumSPONGENT,0.955519,0.645635,0.252213,1.24794,0.236517,0.063066,0.504224,1.24794,2.570919,0.169952,0.137134,0.858041,StadiumSPONGENT,StadiumSPONGENT-1-20260922-20:31:42-1127338,2,StadiumSPONGENT-1-20260922-20:31:42-1127338|phase2|2,1,1,1,spongent,10,,,,1.516723,0.504224,0.842428,0.650174,0.111797,0.001803,0.914684,0.614176,0.118038,0.002254,104,85,43,549,1,0
463,1,4.530038,3.449736,1.080302,781,spongent,OMNeT++; module=UavAuthNetwork.uav[3]; config=StadiumSPONGENT,0.952132,0.590002,0.252408,1.185144,0.246567,0.045013,0.511918,1.185144,2.425701,0.165107,0.127316,0.833735,StadiumSPONGENT,StadiumSPONGENT-1-20260922-20:31:42-1127338,3,StadiumSPONGENT-1-20260922-20:31:42-1127338|phase2|3,1,1,1,spongent,10,,,,1.497817,0.511918,0.838442,0.597256,0.112628,0.001422,0.8253,0.58883,0.103311,0.001794,104,85,43,549,1,0
464,1,4.451955,3.385076,1.066879,781,spongent,OMNeT++; module=UavAuthNetwork.uav[4]; config=StadiumSPONGENT,0.905396,0.617844,0.271349,1.171058,0.216598,0.036999,0.499885,1.171058,2.445647,0.179885,0.137564,0.850281,StadiumSPONGENT,StadiumSPONGENT-1-20260922-20:31:42-1127338,4,StadiumSPONGENT-1-20260922-20:31:42-1127338|phase2|4,1,1,1,spongent,10,,,,1.518113,0.499885,0.825028,0.57799,0.108701,0.001704,0.836749,0.590092,0.10258,0.001824,104,85,43,549,1,0
465,1,5.043496,3.955723,1.087773,781,spongent,OMNeT++; module=UavAuthNetwork.uav[5]; config=StadiumSPONGENT,1.007245,0.733368,0.242388,1.391005,0.216014,0.040194,0.560337,1.391005,2.943038,0.159153,0.166468,0.871759,StadiumSPONGENT,StadiumSPONGENT-1-20260922-20:31:42-1127338,5,StadiumSPONGENT-1-20260922-20:31:42-1127338|phase2|5,1,1,1,spongent,10,,,,1.489314,0.560337,0.93924,0.694867,0.1301,0.001924,1.025728,0.696419,0.156559,0.002023,104,85,43,549,1,0
466,1,5.133606,4.053745,1.079861,781,spongent,OMNeT++; module=UavAuthNetwork.uav[6]; config=StadiumSPONGENT,1.077384,0.715395,0.283112,1.411774,0.221452,0.044553,0.583851,1.411774,2.865114,0.202522,0.152813,0.858409,StadiumSPONGENT,StadiumSPONGENT-1-20260922-20:31:42-1127338,6,StadiumSPONGENT-1-20260922-20:31:42-1127338|phase2|6,1,1,1,spongent,10,,,,1.565495,0.583851,0.995634,0.683725,0.141762,0.002144,0.975204,0.699274,0.130362,0.001663,104,85,43,549,1,0
467,1,5.02604,3.943541,1.082499,781,spongent,OMNeT++; module=UavAuthNetwork.uav[7]; config=StadiumSPONGENT,1.097071,0.733157,0.244929,1.345511,0.225607,0.050143,0.604359,1.345511,2.890962,0.185028,0.155448,0.856891,StadiumSPONGENT,StadiumSPONGENT-1-20260922-20:31:42-1127338,7,StadiumSPONGENT-1-20260922-20:31:42-1127338|phase2|7,1,1,1,spongent,10,,,,1.512456,0.604359,0.953225,0.667395,0.135321,0.001884,0.995984,0.694906,0.132976,0.001864,104,85,43,549,1,0
468,1,4.910827,3.783424,1.127403,781,spongent,OMNeT++; module=UavAuthNetwork.uav[8]; config=StadiumSPONGENT,1.144138,0.652238,0.255804,1.248401,0.244446,0.052116,0.609659,1.248401,2.734853,0.173615,0.142484,0.882957,StadiumSPONGENT,StadiumSPONGENT-1-20260922-20:31:42-1127338,8,StadiumSPONGENT-1-20260922-20:31:42-1127338|phase2|8,1,1,1,spongent,10,,,,1.556823,0.609659,0.933017,0.628434,0.130631,0.002324,0.885509,0.636449,0.131163,0.002144,104,85,43,549,1,0
469,1,4.814703,3.735004,1.079699,781,spongent,OMNeT++; module=UavAuthNetwork.uav[9]; config=StadiumSPONGENT,0.970877,0.665301,0.246992,1.303533,0.223261,0.040876,0.52963,1.303533,2.796006,0.161871,0.157061,0.856438,StadiumSPONGENT,StadiumSPONGENT-1-20260922-20:31:42-1127338,9,StadiumSPONGENT-1-20260922-20:31:42-1127338|phase2|9,1,1,1,spongent,10,,,,1.488561,0.52963,0.873427,0.66425,0.134078,0.001813,0.925372,0.671293,0.136112,0.001764,104,85,43,549,1,0
470,1,4.352203,3.275014,1.077189,781,spongent,OMNeT++; module=UavAuthNetwork.uav[0]; config=StadiumSPONGENT,0.899205,0.586776,0.271861,1.123741,0.220613,0.033963,0.499815,1.123741,2.45734,0.180079,0.128327,0.856576,StadiumSPONGENT,StadiumSPONGENT-10-20260922-20:31:43-1127338,0,StadiumSPONGENT-10-20260922-20:31:43-1127338|phase2|0,10,10,10,spongent,10,,,,1.529129,0.499815,0.790624,0.55636,0.115423,0.001823,0.798288,0.582358,0.099062,0.002334,104,85,43,549,1,0
471,1,4.405383,3.326868,1.078515,781,spongent,OMNeT++; module=UavAuthNetwork.uav[1]; config=StadiumSPONGENT,0.936483,0.584602,0.246353,1.132697,0.244752,0.049121,0.48099,1.132697,2.319234,0.16052,0.124991,0.833763,StadiumSPONGENT,StadiumSPONGENT-10-20260922-20:31:43-1127338,1,StadiumSPONGENT-10-20260922-20:31:43-1127338|phase2|1,10,10,10,spongent,10,,,,1.485388,0.48099,0.825558,0.560609,0.120222,0.001493,0.797687,0.565236,0.100387,0.001904,104,85,43,549,1,0
472,1,4.337627,3.242432,1.095195,781,spongent,OMNeT++; module=UavAuthNetwork.uav[2]; config=StadiumSPONGENT,0.872585,0.575215,0.257365,1.123089,0.241705,0.037639,0.473386,1.123089,2.332217,0.177806,0.123669,0.85349,StadiumSPONGENT,StadiumSPONGENT-10-20260922-20:31:43-1127338,2,StadiumSPONGENT-10-20260922-20:31:43-1127338|phase2|2,10,10,10,spongent,10,,,,1.530366,0.473386,0.797487,0.557471,0.100085,0.001332,0.794652,0.563894,0.098523,0.001493,104,85,43,549,1,0
473,1,4.318691,3.249686,1.069005,781,spongent,OMNeT++; module=UavAuthNetwork.uav[3]; config=StadiumSPONGENT,0.870181,0.571247,0.239393,1.127828,0.214147,0.034644,0.476482,1.127828,2.357013,0.164677,0.123849,0.854859,StadiumSPONGENT,StadiumSPONGENT-10-20260922-20:31:43-1127338,3,StadiumSPONGENT-10-20260922-20:31:43-1127338|phase2|3,10,10,10,spongent,10,,,,1.473075,0.476482,0.795312,0.560056,0.104564,0.001543,0.793258,0.573311,0.098262,0.001583,104,85,43,549,1,0
474,1,4.484639,3.437243,1.047396,781,spongent,OMNeT++; module=UavAuthNetwork.uav[4]; config=StadiumSPONGENT,0.986777,0.574674,0.243489,1.163123,0.214543,0.036468,0.548555,1.163123,2.334161,0.170936,0.12422,0.832853,StadiumSPONGENT,StadiumSPONGENT-10-20260922-20:31:43-1127338,4,StadiumSPONGENT-10-20260922-20:31:43-1127338|phase2|4,10,10,10,spongent,10,,,,1.461821,0.548555,0.809848,0.605621,0.117899,0.001643,0.78847,0.573792,0.099605,0.002054,104,85,43,549,1,0
475,1,4.34966,3.26329,1.08637,781,spongent,OMNeT++; module=UavAuthNetwork.uav[5]; config=StadiumSPONGENT,0.878066,0.578441,0.263438,1.130332,0.246385,0.03819,0.482484,1.130332,2.324052,0.17407,0.12456,0.839986,StadiumSPONGENT,StadiumSPONGENT-10-20260922-20:31:43-1127338,5,StadiumSPONGENT-10-20260922-20:31:43-1127338|phase2|5,10,10,10,spongent,10,,,,1.523878,0.482484,0.79436,0.5618,0.101328,0.001683,0.79375,0.570676,0.098372,0.001833,104,85,43,549,1,0
476,1,4.487446,3.420592,1.066854,781,spongent,OMNeT++; module=UavAuthNetwork.uav[6]; config=StadiumSPONGENT,0.87008,0.581497,0.268554,1.213827,0.222836,0.034784,0.482423,1.213827,2.436501,0.175809,0.122858,0.844018,StadiumSPONGENT,StadiumSPONGENT-10-20260922-20:31:43-1127338,6,StadiumSPONGENT-10-20260922-20:31:43-1127338|phase2|6,10,10,10,spongent,10,,,,1.511218,0.482423,0.786576,0.653179,0.099776,0.001513,0.895598,0.578902,0.110635,0.001653,104,85,43,549,1,0
477,1,5.047518,3.955832,1.091686,781,spongent,OMNeT++; module=UavAuthNetwork.uav[7]; config=StadiumSPONGENT,0.870431,0.735101,0.24798,1.479178,0.228001,0.035666,0.474308,1.479178,3.055606,0.164701,0.127045,0.863685,StadiumSPONGENT,StadiumSPONGENT-10-20260922-20:31:43-1127338,7,StadiumSPONGENT-10-20260922-20:31:43-1127338|phase2|7,10,10,10,spongent,10,,,,1.504367,0.474308,0.970828,0.713061,0.125282,0.001743,1.022602,0.91337,0.141231,0.002013,104,85,43,549,1,0
478,1,4.564053,3.457842,1.106211,781,spongent,OMNeT++; module=UavAuthNetwork.uav[8]; config=StadiumSPONGENT,0.883215,0.57806,0.257795,1.224828,0.232546,0.042909,0.474529,1.224828,2.334391,0.171144,0.124971,0.873665,StadiumSPONGENT,StadiumSPONGENT-10-20260922-20:31:43-1127338,8,StadiumSPONGENT-10-20260922-20:31:43-1127338|phase2|8,10,10,10,spongent,10,,,,1.53515,0.474529,0.894726,0.55638,0.10809,0.001462,0.800842,0.561269,0.099464,0.001813,104,85,43,549,1,0
479,1,4.458405,3.38723,1.071175,781,spongent,OMNeT++; module=UavAuthNetwork.uav[9]; config=StadiumSPONGENT,0.867656,0.567451,0.240258,1.196535,0.231153,0.035606,0.468557,1.196535,2.578153,0.18781,0.126504,0.840022,StadiumSPONGENT,StadiumSPONGENT-10-20260922-20:31:43-1127338,9,StadiumSPONGENT-10-20260922-20:31:43-1127338|phase2|9,10,10,10,spongent,10,,,,1.499243,0.468557,0.833644,0.576056,0.121846,0.001543,0.819356,0.583169,0.103832,0.001613,104,85,43,549,1,0
480,1,4.346361,3.252993,1.093368,781,spongent,OMNeT++; module=UavAuthNetwork.uav[0]; config=StadiumSPONGENT,0.873868,0.579172,0.257676,1.127858,0.224923,0.033152,0.477243,1.127858,2.324182,0.164035,0.123409,0.868444,StadiumSPONGENT,StadiumSPONGENT-11-20260922-20:31:44-1127338,0,StadiumSPONGENT-11-20260922-20:31:44-1127338|phase2|0,11,11,11,spongent,10,,,,1.51508,0.477243,0.784694,0.563163,0.116676,0.001603,0.791654,0.568663,0.098703,0.002445,104,85,43,549,1,0
481,1,4.363471,3.265837,1.097634,781,spongent,OMNeT++; module=UavAuthNetwork.uav[1]; config=StadiumSPONGENT,0.862496,0.582228,0.240961,1.140402,0.249187,0.033773,0.477464,1.140402,2.321397,0.159789,0.122537,0.848447,StadiumSPONGENT,StadiumSPONGENT-11-20260922-20:31:44-1127338,1,StadiumSPONGENT-11-20260922-20:31:44-1127338|phase2|1,11,11,11,spongent,10,,,,1.498384,0.477464,0.806233,0.560237,0.100276,0.001412,0.798148,0.563795,0.098021,0.001482,104,85,43,549,1,0
482,1,4.384812,3.277135,1.107677,781,spongent,OMNeT++; module=UavAuthNetwork.uav[2]; config=StadiumSPONGENT,0.861655,0.581066,0.247292,1.145109,0.226219,0.033392,0.476593,1.145109,2.330043,0.164414,0.125262,0.881458,StadiumSPONGENT,StadiumSPONGENT-11-20260922-20:31:44-1127338,2,StadiumSPONGENT-11-20260922-20:31:44-1127338|phase2|2,11,11,11,spongent,10,,,,1.519383,0.476593,0.804029,0.565867,0.102009,0.001433,0.79976,0.56779,0.097931,0.001754,104,85,43,549,1,0
483,1,4.306621,3.237745,1.068876,781,spongent,OMNeT++; module=UavAuthNetwork.uav[3]; config=StadiumSPONGENT,0.857578,0.57237,0.251043,1.128329,0.228673,0.034063,0.473076,1.128329,2.325325,0.167662,0.123509,0.840203,StadiumSPONGENT,StadiumSPONGENT-11-20260922-20:31:44-1127338,3,StadiumSPONGENT-11-20260922-20:31:44-1127338|phase2|3,11,11,11,spongent,10,,,,1.48758,0.473076,0.792597,0.561289,0.099323,0.001313,0.789221,0.570085,0.098322,0.002435,104,85,43,549,1,0
484,1,4.305066,3.219539,1.085527,781,spongent,OMNeT++; module=UavAuthNetwork.uav[4]; config=StadiumSPONGENT,0.861395,0.57782,0.265353,1.116927,0.221942,0.033201,0.478286,1.116927,2.316808,0.167503,0.12429,0.863585,StadiumSPONGENT,StadiumSPONGENT-11-20260922-20:31:44-1127338,4,StadiumSPONGENT-11-20260922-20:31:44-1127338|phase2|4,11,11,11,spongent,10,,,,1.518382,0.478286,0.784803,0.559315,0.099044,0.001353,0.793921,0.567571,0.098283,0.001473,104,85,43,549,1,0
485,1,4.311137,3.226634,1.084503,781,spongent,OMNeT++; module=UavAuthNetwork.uav[5]; config=StadiumSPONGENT,0.856967,0.579593,0.245965,1.122939,0.230898,0.033171,0.473998,1.122939,2.333289,0.158987,0.123789,0.853604,StadiumSPONGENT,StadiumSPONGENT-11-20260922-20:31:44-1127338,5,StadiumSPONGENT-11-20260922-20:31:44-1127338|phase2|5,11,11,11,spongent,10,,,,1.489455,0.473998,0.785353,0.564715,0.099384,0.001543,0.794561,0.570526,0.103802,0.002364,104,85,43,549,1,0
486,1,4.310328,3.225371,1.084957,781,spongent,OMNeT++; module=UavAuthNetwork.uav[6]; config=StadiumSPONGENT,0.871593,0.576587,0.244245,1.115275,0.22831,0.037209,0.480821,1.115275,2.319274,0.186199,0.123228,0.856647,StadiumSPONGENT,StadiumSPONGENT-11-20260922-20:31:44-1127338,6,StadiumSPONGENT-11-20260922-20:31:44-1127338|phase2|6,11,11,11,spongent,10,,,,1.515402,0.480821,0.78328,0.559536,0.099554,0.001322,0.794732,0.565396,0.098172,0.001432,104,85,43,549,1,0
487,1,4.329719,3.243674,1.086045,781,spongent,OMNeT++; module=UavAuthNetwork.uav[7]; config=StadiumSPONGENT,0.863939,0.573431,0.266334,1.127818,0.237234,0.033272,0.482944,1.127818,2.323652,0.191715,0.124099,0.848811,StadiumSPONGENT,StadiumSPONGENT-11-20260922-20:31:44-1127338,7,StadiumSPONGENT-11-20260922-20:31:44-1127338|phase2|7,11,11,11,spongent,10,,,,1.544095,0.482944,0.790913,0.558073,0.103913,0.001322,0.790805,0.565967,0.097851,0.001402,104,85,43,549,1,0
488,1,4.319205,3.248433,1.070772,781,spongent,OMNeT++; module=UavAuthNetwork.uav[8]; config=StadiumSPONGENT,0.860884,0.57842,0.274334,1.130262,0.224642,0.033012,0.479948,1.130262,2.329362,0.162587,0.127025,0.84613,StadiumSPONGENT,StadiumSPONGENT-11-20260922-20:31:44-1127338,8,StadiumSPONGENT-11-20260922-20:31:44-1127338|phase2|8,11,11,11,spongent,10,,,,1.507693,0.479948,0.79381,0.559115,0.103021,0.002104,0.794361,0.569264,0.098963,0.001933,104,85,43,549,1,0
489,1,4.364492,3.266969,1.097523,781,spongent,OMNeT++; module=UavAuthNetwork.uav[9]; config=StadiumSPONGENT,0.870462,0.593548,0.272615,1.13422,0.227125,0.042138,0.474889,1.13422,2.319494,0.158696,0.128067,0.870398,StadiumSPONGENT,StadiumSPONGENT-11-20260922-20:31:44-1127338,9,StadiumSPONGENT-11-20260922-20:31:44-1127338|phase2|9,11,11,11,spongent,10,,,,1.528833,0.474889,0.801895,0.557653,0.101458,0.001372,0.80955,0.562582,0.103792,0.001503,104,85,43,549,1,0
490,1,6.012962,4.906033,1.106929,781,spongent,OMNeT++; module=UavAuthNetwork.uav[0]; config=StadiumSPONGENT,1.017925,0.679187,0.25884,1.881373,0.238151,0.033933,0.512629,1.881373,2.33399,0.170008,0.125362,0.868778,StadiumSPONGENT,StadiumSPONGENT-12-20260922-20:31:44-1127338,0,StadiumSPONGENT-12-20260922-20:31:44-1127338|phase2|0,12,12,12,spongent,10,,,,1.535777,0.512629,1.364506,0.763273,0.19423,0.001733,0.840666,0.611131,0.105756,0.002114,104,85,43,549,1,0
491,1,4.34035,3.248363,1.091987,781,spongent,OMNeT++; module=UavAuthNetwork.uav[1]; config=StadiumSPONGENT,0.885429,0.571377,0.239338,1.118981,0.22682,0.039142,0.484878,1.118981,2.324904,0.163702,0.124972,0.865167,StadiumSPONGENT,StadiumSPONGENT-12-20260922-20:31:44-1127338,1,StadiumSPONGENT-12-20260922-20:31:44-1127338|phase2|1,12,12,12,spongent,10,,,,1.495028,0.484878,0.790783,0.557683,0.099484,0.001353,0.794,0.559255,0.097981,0.001583,104,85,43,549,1,0
492,1,4.342437,3.241081,1.101356,781,spongent,OMNeT++; module=UavAuthNetwork.uav[2]; config=StadiumSPONGENT,0.876793,0.569655,0.240244,1.120064,0.23741,0.033812,0.487453,1.120064,2.331025,0.166264,0.12416,0.863946,StadiumSPONGENT,StadiumSPONGENT-12-20260922-20:31:44-1127338,2,StadiumSPONGENT-12-20260922-20:31:44-1127338|phase2|2,12,12,12,spongent,10,,,,1.507864,0.487453,0.787057,0.562391,0.099023,0.001302,0.798848,0.563233,0.097942,0.001432,104,85,43,549,1,0
493,1,4.338592,3.263361,1.075231,781,spongent,OMNeT++; module=UavAuthNetwork.uav[3]; config=StadiumSPONGENT,0.873457,0.575866,0.252143,1.132336,0.229802,0.033412,0.487773,1.132336,2.327229,0.192197,0.125232,0.845429,StadiumSPONGENT,StadiumSPONGENT-12-20260922-20:31:44-1127338,3,StadiumSPONGENT-12-20260922-20:31:44-1127338|phase2|3,12,12,12,spongent,10,,,,1.51957,0.487773,0.795853,0.563583,0.100055,0.001563,0.792696,0.562992,0.098343,0.001974,104,85,43,549,1,0
494,1,4.359886,3.279291,1.080595,781,spongent,OMNeT++; module=UavAuthNetwork.uav[4]; config=StadiumSPONGENT,0.886671,0.572049,0.266453,1.134751,0.230433,0.036488,0.495617,1.134751,2.317821,0.173944,0.123118,0.850161,StadiumSPONGENT,StadiumSPONGENT-12-20260922-20:31:44-1127338,4,StadiumSPONGENT-12-20260922-20:31:44-1127338|phase2|4,12,12,12,spongent,10,,,,1.520991,0.495617,0.799761,0.561259,0.099374,0.001293,0.788309,0.560308,0.098392,0.001503,104,85,43,549,1,0
495,1,4.355737,3.276316,1.079421,781,spongent,OMNeT++; module=UavAuthNetwork.uav[5]; config=StadiumSPONGENT,0.887863,0.585133,0.246278,1.132557,0.245427,0.033892,0.503532,1.132557,2.325785,0.223925,0.123339,0.833995,StadiumSPONGENT,StadiumSPONGENT-12-20260922-20:31:44-1127338,5,StadiumSPONGENT-12-20260922-20:31:44-1127338|phase2|5,12,12,12,spongent,10,,,,1.549625,0.503532,0.786526,0.566819,0.105266,0.001362,0.80003,0.575515,0.098172,0.001513,104,85,43,549,1,0
496,1,4.337799,3.236732,1.101067,781,spongent,OMNeT++; module=UavAuthNetwork.uav[6]; config=StadiumSPONGENT,0.877304,0.575045,0.251017,1.117819,0.264323,0.033923,0.492371,1.117819,2.326988,0.168781,0.12379,0.836745,StadiumSPONGENT,StadiumSPONGENT-12-20260922-20:31:44-1127338,6,StadiumSPONGENT-12-20260922-20:31:44-1127338|phase2|6,12,12,12,spongent,10,,,,1.520866,0.492371,0.784802,0.560959,0.099985,0.001683,0.792108,0.56735,0.09761,0.002394,104,85,43,549,1,0
497,1,4.340162,3.259104,1.081058,781,spongent,OMNeT++; module=UavAuthNetwork.uav[7]; config=StadiumSPONGENT,0.870692,0.576448,0.272544,1.132216,0.237451,0.036378,0.482002,1.132216,2.327729,0.163186,0.12398,0.843607,StadiumSPONGENT,StadiumSPONGENT-12-20260922-20:31:44-1127338,7,StadiumSPONGENT-12-20260922-20:31:44-1127338|phase2|7,12,12,12,spongent,10,,,,1.516788,0.482002,0.792385,0.565768,0.100065,0.001423,0.79356,0.573121,0.098141,0.001583,104,85,43,549,1,0
498,1,4.303216,3.244205,1.059011,781,spongent,OMNeT++; module=UavAuthNetwork.uav[8]; config=StadiumSPONGENT,0.866223,0.580384,0.251088,1.127447,0.223308,0.035255,0.477023,1.127447,2.321858,0.171433,0.123088,0.835702,StadiumSPONGENT,StadiumSPONGENT-12-20260922-20:31:44-1127338,8,StadiumSPONGENT-12-20260922-20:31:44-1127338|phase2|8,12,12,12,spongent,10,,,,1.481531,0.477023,0.786667,0.56742,0.099995,0.001362,0.795994,0.567871,0.098022,0.001443,104,85,43,549,1,0
499,1,4.311487,3.256739,1.054748,781,spongent,OMNeT++; module=UavAuthNetwork.uav[9]; config=StadiumSPONGENT,0.87501,0.574934,0.260527,1.12904,0.215956,0.033502,0.490908,1.12904,2.33345,0.163377,0.123649,0.838793,StadiumSPONGENT,StadiumSPONGENT-12-20260922-20:31:44-1127338,9,StadiumSPONGENT-12-20260922-20:31:44-1127338|phase2|9,12,12,12,spongent,10,,,,1.478653,0.490908,0.790133,0.566008,0.100455,0.001413,0.794272,0.5724,0.098131,0.001623,104,85,43,549,1,0
500,1,4.32718,3.242652,1.084528,781,spongent,OMNeT++; module=UavAuthNetwork.uav[0]; config=StadiumSPONGENT,0.882133,0.579573,0.241463,1.11849,0.225225,0.033702,0.48628,1.11849,2.304887,0.162647,0.123539,0.859302,StadiumSPONGENT,StadiumSPONGENT-13-20260922-20:31:44-1127338,0,StadiumSPONGENT-13-20260922-20:31:44-1127338|phase2|0,13,13,13,spongent,10,,,,1.488638,0.48628,0.784001,0.555307,0.11346,0.001704,0.794081,0.563042,0.097942,0.001894,104,85,43,549,1,0
501,1,4.287197,3.227575,1.059622,781,spongent,OMNeT++; module=UavAuthNetwork.uav[1]; config=StadiumSPONGENT,0.866394,0.576136,0.249729,1.119302,0.224977,0.035196,0.477203,1.119302,2.314855,0.175195,0.122577,0.834645,StadiumSPONGENT,StadiumSPONGENT-13-20260922-20:31:44-1127338,1,StadiumSPONGENT-13-20260922-20:31:44-1127338|phase2|1,13,13,13,spongent,10,,,,1.484546,0.477203,0.785484,0.560207,0.101146,0.001343,0.794631,0.568322,0.098352,0.001453,104,85,43,549,1,0
502,1,4.308852,3.249834,1.059018,781,spongent,OMNeT++; module=UavAuthNetwork.uav[2]; config=StadiumSPONGENT,0.863628,0.576817,0.248704,1.131604,0.217915,0.033452,0.477093,1.131604,2.326456,0.188824,0.122998,0.841103,StadiumSPONGENT,StadiumSPONGENT-13-20260922-20:31:44-1127338,2,StadiumSPONGENT-13-20260922-20:31:44-1127338|phase2|2,13,13,13,spongent,10,,,,1.496546,0.477093,0.796544,0.563863,0.099413,0.001283,0.796724,0.56707,0.097871,0.001443,104,85,43,549,1,0
503,1,4.307268,3.241531,1.065737,781,spongent,OMNeT++; module=UavAuthNetwork.uav[3]; config=StadiumSPONGENT,0.866113,0.580725,0.243504,1.126546,0.221175,0.033402,0.481602,1.126546,2.330935,0.160917,0.122326,0.844562,StadiumSPONGENT,StadiumSPONGENT-13-20260922-20:31:44-1127338,3,StadiumSPONGENT-13-20260922-20:31:44-1127338|phase2|3,13,13,13,spongent,10,,,,1.470158,0.481602,0.793518,0.559746,0.099745,0.001282,0.796365,0.57257,0.097431,0.001413,104,85,43,549,1,0
504,1,4.33757,3.243172,1.094398,781,spongent,OMNeT++; module=UavAuthNetwork.uav[4]; config=StadiumSPONGENT,0.855633,0.577008,0.25342,1.130342,0.244504,0.033082,0.474258,1.130342,2.334491,0.166249,0.126855,0.849894,StadiumSPONGENT,StadiumSPONGENT-13-20260922-20:31:44-1127338,4,StadiumSPONGENT-13-20260922-20:31:44-1127338|phase2|4,13,13,13,spongent,10,,,,1.514067,0.474258,0.786385,0.568062,0.099935,0.002053,0.800272,0.571718,0.098132,0.002355,104,85,43,549,1,0
505,1,4.301093,3.235969,1.065124,781,spongent,OMNeT++; module=UavAuthNetwork.uav[5]; config=StadiumSPONGENT,0.863398,0.575305,0.239833,1.124501,0.227492,0.034865,0.477083,1.124501,2.322719,0.173954,0.123569,0.837632,StadiumSPONGENT,StadiumSPONGENT-13-20260922-20:31:44-1127338,5,StadiumSPONGENT-13-20260922-20:31:44-1127338|phase2|5,13,13,13,spongent,10,,,,1.478912,0.477083,0.789522,0.561559,0.099615,0.001293,0.795522,0.568291,0.097872,0.001463,104,85,43,549,1,0
506,1,4.320905,3.266747,1.054158,781,spongent,OMNeT++; module=UavAuthNetwork.uav[6]; config=StadiumSPONGENT,0.871083,0.583651,0.255848,1.136133,0.217823,0.033913,0.482503,1.136133,2.318703,0.180746,0.123398,0.836334,StadiumSPONGENT,StadiumSPONGENT-13-20260922-20:31:44-1127338,6,StadiumSPONGENT-13-20260922-20:31:44-1127338|phase2|6,13,13,13,spongent,10,,,,1.490751,0.482503,0.801043,0.566038,0.099544,0.001322,0.800863,0.568132,0.097942,0.001433,104,85,43,549,1,0
507,1,4.371931,3.252961,1.11897,781,spongent,OMNeT++; module=UavAuthNetwork.uav[7]; config=StadiumSPONGENT,0.881391,0.581276,0.251186,1.12358,0.254909,0.033262,0.484737,1.12358,2.332117,0.172139,0.12441,0.864061,StadiumSPONGENT,StadiumSPONGENT-13-20260922-20:31:44-1127338,7,StadiumSPONGENT-13-20260922-20:31:44-1127338|phase2|7,13,13,13,spongent,10,,,,1.542295,0.484737,0.797858,0.566619,0.099284,0.001784,0.790713,0.566861,0.107037,0.002455,104,85,43,549,1,0
508,1,4.352243,3.263962,1.088281,781,spongent,OMNeT++; module=UavAuthNetwork.uav[8]; config=StadiumSPONGENT,0.890178,0.586345,0.280534,1.124642,0.233066,0.0374,0.496689,1.124642,2.335484,0.167972,0.1245,0.855215,StadiumSPONGENT,StadiumSPONGENT-13-20260922-20:31:44-1127338,8,StadiumSPONGENT-13-20260922-20:31:44-1127338|phase2|8,13,13,13,spongent,10,,,,1.536786,0.496689,0.787307,0.560798,0.105084,0.001303,0.800692,0.574603,0.097831,0.001603,104,85,43,549,1,0
509,1,4.316574,3.226723,1.089851,781,spongent,OMNeT++; module=UavAuthNetwork.uav[9]; config=StadiumSPONGENT,0.862928,0.576357,0.252162,1.120494,0.229412,0.039924,0.471974,1.120494,2.327319,0.163607,0.122807,0.860439,StadiumSPONGENT,StadiumSPONGENT-13-20260922-20:31:44-1127338,9,StadiumSPONGENT-13-20260922-20:31:44-1127338|phase2|9,13,13,13,spongent,10,,,,1.50562,0.471974,0.793308,0.554116,0.099554,0.001322,0.795803,0.568433,0.097781,0.001413,104,85,43,549,1,0
510,1,4.348761,3.271567,1.077194,781,spongent,OMNeT++; module=UavAuthNetwork.uav[0]; config=StadiumSPONGENT,0.889456,0.586526,0.254192,1.127458,0.226805,0.040045,0.481912,1.127458,2.323882,0.172157,0.127195,0.850389,StadiumSPONGENT,StadiumSPONGENT-14-20260922-20:31:44-1127338,0,StadiumSPONGENT-14-20260922-20:31:44-1127338|phase2|0,14,14,14,spongent,10,,,,1.503543,0.481912,0.793488,0.557412,0.118429,0.001583,0.800692,0.563744,0.106717,0.002034,104,85,43,549,1,0
511,1,4.303499,3.239088,1.064411,781,spongent,OMNeT++; module=UavAuthNetwork.uav[1]; config=StadiumSPONGENT,0.86422,0.583761,0.264954,1.12335,0.220771,0.033732,0.477234,1.12335,2.329913,0.170504,0.128168,0.84364,StadiumSPONGENT,StadiumSPONGENT-14-20260922-20:31:44-1127338,1,StadiumSPONGENT-14-20260922-20:31:44-1127338|phase2|1,14,14,14,spongent,10,,,,1.499869,0.477234,0.793448,0.557712,0.100035,0.001333,0.793549,0.573092,0.104513,0.001482,104,85,43,549,1,0
512,1,4.30986,3.236731,1.073129,781,spongent,OMNeT++; module=UavAuthNetwork.uav[2]; config=StadiumSPONGENT,0.853019,0.580214,0.259661,1.126986,0.228966,0.033672,0.471243,1.126986,2.318642,0.168213,0.12974,0.844162,StadiumSPONGENT,StadiumSPONGENT-14-20260922-20:31:44-1127338,2,StadiumSPONGENT-14-20260922-20:31:44-1127338|phase2|2,14,14,14,spongent,10,,,,1.501002,0.471243,0.794491,0.556681,0.098923,0.001322,0.798458,0.567381,0.098351,0.001483,104,85,43,549,1,0
513,1,4.404225,3.306921,1.097304,781,spongent,OMNeT++; module=UavAuthNetwork.uav[3]; config=StadiumSPONGENT,0.863438,0.57792,0.260087,1.158234,0.235978,0.033662,0.48083,1.158234,2.380546,0.163075,0.127015,0.861326,StadiumSPONGENT,StadiumSPONGENT-14-20260922-20:31:44-1127338,3,StadiumSPONGENT-14-20260922-20:31:44-1127338|phase2|3,14,14,14,spongent,10,,,,1.520466,0.48083,0.82028,0.558233,0.104834,0.001833,0.798378,0.587217,0.099654,0.001903,104,85,43,549,1,0
514,1,4.315721,3.249937,1.065784,781,spongent,OMNeT++; module=UavAuthNetwork.uav[4]; config=StadiumSPONGENT,0.877976,0.573833,0.258447,1.121977,0.22163,0.039783,0.473767,1.121977,2.341485,0.168925,0.128007,0.844155,StadiumSPONGENT,StadiumSPONGENT-14-20260922-20:31:44-1127338,4,StadiumSPONGENT-14-20260922-20:31:44-1127338|phase2|4,14,14,14,spongent,10,,,,1.493156,0.473767,0.795352,0.558043,0.10283,0.001573,0.794601,0.5668,0.098912,0.001503,104,85,43,549,1,0
515,1,4.28571,3.226651,1.059059,781,spongent,OMNeT++; module=UavAuthNetwork.uav[5]; config=StadiumSPONGENT,0.85935,0.568091,0.256988,1.122177,0.218868,0.033742,0.46973,1.122177,2.329904,0.179446,0.122947,0.840192,StadiumSPONGENT,StadiumSPONGENT-14-20260922-20:31:44-1127338,5,StadiumSPONGENT-14-20260922-20:31:44-1127338|phase2|5,14,14,14,spongent,10,,,,1.495493,0.46973,0.794973,0.557172,0.099293,0.001423,0.788911,0.56146,0.098543,0.001443,104,85,43,549,1,0
516,1,4.327319,3.253673,1.073646,781,spongent,OMNeT++; module=UavAuthNetwork.uav[6]; config=StadiumSPONGENT,0.867346,0.572019,0.240226,1.130803,0.225279,0.033261,0.474598,1.130803,2.338659,0.166027,0.124721,0.848367,StadiumSPONGENT,StadiumSPONGENT-14-20260922-20:31:44-1127338,6,StadiumSPONGENT-14-20260922-20:31:44-1127338|phase2|6,14,14,14,spongent,10,,,,1.479898,0.474598,0.795993,0.563163,0.106617,0.002264,0.800201,0.562411,0.098232,0.002445,104,85,43,549,1,0
517,1,4.33537,3.264614,1.070756,781,spongent,OMNeT++; module=UavAuthNetwork.uav[7]; config=StadiumSPONGENT,0.875221,0.571408,0.242716,1.128028,0.232447,0.036468,0.478696,1.128028,2.331776,0.176601,0.133337,0.83831,StadiumSPONGENT,StadiumSPONGENT-14-20260922-20:31:44-1127338,7,StadiumSPONGENT-14-20260922-20:31:44-1127338|phase2|7,14,14,14,spongent,10,,,,1.490073,0.478696,0.79972,0.56167,0.099935,0.01118,0.790463,0.569233,0.098832,0.001423,104,85,43,549,1,0
518,1,4.312329,3.242432,1.069897,781,spongent,OMNeT++; module=UavAuthNetwork.uav[8]; config=StadiumSPONGENT,0.86437,0.571648,0.269994,1.127467,0.222687,0.033612,0.473236,1.127467,2.323562,0.189737,0.123128,0.84721,StadiumSPONGENT,StadiumSPONGENT-14-20260922-20:31:44-1127338,8,StadiumSPONGENT-14-20260922-20:31:44-1127338|phase2|8,14,14,14,spongent,10,,,,1.529627,0.473236,0.792569,0.56708,0.099654,0.001483,0.788359,0.565768,0.097951,0.001573,104,85,43,549,1,0
519,1,4.332764,3.250748,1.082016,781,spongent,OMNeT++; module=UavAuthNetwork.uav[9]; config=StadiumSPONGENT,0.865763,0.571719,0.26383,1.130643,0.234932,0.033602,0.476803,1.130643,2.333499,0.177455,0.123699,0.847085,StadiumSPONGENT,StadiumSPONGENT-14-20260922-20:31:44-1127338,9,StadiumSPONGENT-14-20260922-20:31:44-1127338|phase2|9,14,14,14,spongent,10,,,,1.523301,0.476803,0.796013,0.56727,0.099605,0.001563,0.792276,0.565516,0.098001,0.001754,104,85,43,549,1,0
520,1,4.448176,3.352326,1.09585,781,spongent,OMNeT++; module=UavAuthNetwork.uav[0]; config=StadiumSPONGENT,0.884026,0.589872,0.275791,1.126496,0.214147,0.034284,0.480199,1.126496,2.499737,0.164518,0.215308,0.881703,StadiumSPONGENT,StadiumSPONGENT-15-20260922-20:31:44-1127338,0,StadiumSPONGENT-15-20260922-20:31:44-1127338|phase2|0,15,15,15,spongent,10,,,,1.536159,0.480199,0.787929,0.562031,0.118829,0.002906,0.790123,0.574422,0.105605,0.002384,104,85,43,549,1,0
521,1,5.396193,4.342617,1.053576,781,spongent,OMNeT++; module=UavAuthNetwork.uav[1]; config=StadiumSPONGENT,1.406593,0.913651,0.244059,1.402105,0.215688,0.074077,0.829686,1.402105,2.460094,0.190796,0.131814,0.837888,StadiumSPONGENT,StadiumSPONGENT-15-20260922-20:31:44-1127338,1,StadiumSPONGENT-15-20260922-20:31:44-1127338|phase2|1,15,15,15,spongent,10,,,,1.488431,0.829686,1.099235,0.609248,0.138896,0.001883,1.051075,0.645865,0.133076,0.002344,104,85,43,549,1,0
522,1,4.495709,3.430441,1.065268,781,spongent,OMNeT++; module=UavAuthNetwork.uav[2]; config=StadiumSPONGENT,0.948907,0.596424,0.257445,1.175937,0.229117,0.043671,0.520764,1.175937,2.419489,0.183743,0.12966,0.836151,StadiumSPONGENT,StadiumSPONGENT-15-20260922-20:31:44-1127338,2,StadiumSPONGENT-15-20260922-20:31:44-1127338|phase2|2,15,15,15,spongent,10,,,,1.506456,0.520764,0.822903,0.593248,0.107519,0.001853,0.823114,0.573351,0.099324,0.001993,104,85,43,549,1,0
523,1,4.539734,3.465555,1.074179,781,spongent,OMNeT++; module=UavAuthNetwork.uav[3]; config=StadiumSPONGENT,0.905296,0.577059,0.254943,1.192297,0.220919,0.03796,0.495337,1.192297,2.505087,0.169919,0.175665,0.85326,StadiumSPONGENT,StadiumSPONGENT-15-20260922-20:31:44-1127338,3,StadiumSPONGENT-15-20260922-20:31:44-1127338|phase2|3,15,15,15,spongent,10,,,,1.499041,0.495337,0.823634,0.598067,0.111477,0.002084,0.809979,0.56732,0.098472,0.011201,104,85,43,549,1,0
524,1,4.986002,3.920008,1.065994,781,spongent,OMNeT++; module=UavAuthNetwork.uav[4]; config=StadiumSPONGENT,1.264131,0.668698,0.260023,1.248301,0.224851,0.074688,0.734921,1.248301,2.545362,0.181402,0.159275,0.841143,StadiumSPONGENT,StadiumSPONGENT-15-20260922-20:31:44-1127338,4,StadiumSPONGENT-15-20260922-20:31:44-1127338|phase2|4,15,15,15,spongent,10,,,,1.507418,0.734921,0.887724,0.634024,0.132466,0.002004,0.852418,0.630396,0.108962,0.002485,104,85,43,549,1,0
525,1,4.765554,3.691655,1.073899,781,spongent,OMNeT++; module=UavAuthNetwork.uav[5]; config=StadiumSPONGENT,1.058409,0.68063,0.240556,1.250596,0.231641,0.048099,0.569535,1.250596,2.476675,0.170998,0.132054,0.842258,StadiumSPONGENT,StadiumSPONGENT-15-20260922-20:31:44-1127338,5,StadiumSPONGENT-15-20260922-20:31:44-1127338|phase2|5,15,15,15,spongent,10,,,,1.485453,0.569535,0.923129,0.59975,0.12953,0.001733,0.904133,0.604569,0.114592,0.002164,104,85,43,549,1,0
526,1,4.524359,3.421554,1.102805,781,spongent,OMNeT++; module=UavAuthNetwork.uav[6]; config=StadiumSPONGENT,0.933378,0.624796,0.249605,1.179143,0.238038,0.043781,0.508111,1.179143,2.478698,0.168368,0.12989,0.864766,StadiumSPONGENT,StadiumSPONGENT-15-20260922-20:31:44-1127338,6,StadiumSPONGENT-15-20260922-20:31:44-1127338|phase2|6,15,15,15,spongent,10,,,,1.520778,0.508111,0.835848,0.582749,0.10804,0.001773,0.829847,0.581215,0.101637,0.002094,104,85,43,549,1,0
527,1,4.752918,3.655988,1.09693,781,spongent,OMNeT++; module=UavAuthNetwork.uav[7]; config=StadiumSPONGENT,0.968283,0.661114,0.241567,1.267797,0.256664,0.045213,0.509684,1.267797,2.890841,0.167459,0.152111,0.840266,StadiumSPONGENT,StadiumSPONGENT-15-20260922-20:31:44-1127338,7,StadiumSPONGENT-15-20260922-20:31:44-1127338|phase2|7,15,15,15,spongent,10,,,,1.505956,0.509684,0.864831,0.661736,0.121435,0.002094,0.960207,0.620158,0.130972,0.002284,104,85,43,549,1,0
528,1,4.863796,3.775521,1.088275,781,spongent,OMNeT++; module=UavAuthNetwork.uav[8]; config=StadiumSPONGENT,1.083286,0.685429,0.244962,1.275572,0.252225,0.065071,0.572369,1.275572,2.925606,0.173991,0.141091,0.836051,StadiumSPONGENT,StadiumSPONGENT-15-20260922-20:31:44-1127338,8,StadiumSPONGENT-15-20260922-20:31:44-1127338|phase2|8,15,15,15,spongent,10,,,,1.507228,0.572369,0.912971,0.636248,0.132315,0.002284,0.933887,0.79378,0.132034,0.002404,104,85,43,549,1,0
529,1,4.704338,3.626744,1.077594,781,spongent,OMNeT++; module=UavAuthNetwork.uav[9]; config=StadiumSPONGENT,0.930342,0.613305,0.252927,1.260614,0.228357,0.048951,0.497541,1.260614,3.134272,0.17125,0.175174,0.849237,StadiumSPONGENT,StadiumSPONGENT-15-20260922-20:31:44-1127338,9,StadiumSPONGENT-15-20260922-20:31:44-1127338|phase2|9,15,15,15,spongent,10,,,,1.501771,0.497541,0.887433,0.590123,0.128798,0.003156,0.832501,0.751121,0.11343,0.002375,104,85,43,549,1,0
530,1,4.347568,3.276443,1.071125,781,spongent,OMNeT++; module=UavAuthNetwork.uav[0]; config=StadiumSPONGENT,0.876953,0.588769,0.259144,1.137084,0.229162,0.033362,0.48085,1.137084,2.345833,0.159704,0.125322,0.841963,StadiumSPONGENT,StadiumSPONGENT-16-20260922-20:31:45-1127338,0,StadiumSPONGENT-16-20260922-20:31:45-1127338|phase2|0,16,16,16,spongent,10,,,,1.489973,0.48085,0.796263,0.565096,0.114601,0.001633,0.807834,0.573091,0.099585,0.002004,104,85,43,549,1,0
531,1,4.394914,3.337938,1.056976,781,spongent,OMNeT++; module=UavAuthNetwork.uav[1]; config=StadiumSPONGENT,0.877344,0.580455,0.260563,1.167631,0.216713,0.036658,0.482443,1.167631,2.347676,0.169818,0.125332,0.840264,StadiumSPONGENT,StadiumSPONGENT-16-20260922-20:31:45-1127338,1,StadiumSPONGENT-16-20260922-20:31:45-1127338|phase2|1,16,16,16,spongent,10,,,,1.487358,0.482443,0.819617,0.562351,0.114372,0.001483,0.804339,0.575215,0.099705,0.001783,104,85,43,549,1,0
532,1,4.348963,3.290752,1.058211,781,spongent,OMNeT++; module=UavAuthNetwork.uav[2]; config=StadiumSPONGENT,0.892162,0.581557,0.253929,1.134951,0.216914,0.042789,0.49155,1.134951,2.338098,0.165188,0.128688,0.841297,StadiumSPONGENT,StadiumSPONGENT-16-20260922-20:31:45-1127338,2,StadiumSPONGENT-16-20260922-20:31:45-1127338|phase2|2,16,16,16,spongent,10,,,,1.477328,0.49155,0.802085,0.561139,0.100005,0.001362,0.800541,0.570756,0.10243,0.001503,104,85,43,549,1,0
533,1,4.292985,3.229338,1.063647,781,spongent,OMNeT++; module=UavAuthNetwork.uav[3]; config=StadiumSPONGENT,0.860523,0.573873,0.251289,1.119362,0.219522,0.033372,0.478185,1.119362,2.309385,0.161043,0.130091,0.844125,StadiumSPONGENT,StadiumSPONGENT-16-20260922-20:31:45-1127338,3,StadiumSPONGENT-16-20260922-20:31:45-1127338|phase2|3,16,16,16,spongent,10,,,,1.475978,0.478185,0.791314,0.552343,0.098713,0.001383,0.782439,0.565156,0.10212,0.001673,104,85,43,549,1,0
534,1,4.302608,3.248134,1.054474,781,spongent,OMNeT++; module=UavAuthNetwork.uav[4]; config=StadiumSPONGENT,0.864971,0.580865,0.255723,1.127578,0.215556,0.035716,0.477584,1.127578,2.392609,0.173856,0.128007,0.838918,StadiumSPONGENT,StadiumSPONGENT-16-20260922-20:31:45-1127338,4,StadiumSPONGENT-16-20260922-20:31:45-1127338|phase2|4,16,16,16,spongent,10,,,,1.484053,0.477584,0.793058,0.559936,0.100637,0.001493,0.792728,0.580464,0.099205,0.001663,104,85,43,549,1,0
535,1,4.373549,3.275875,1.097674,781,spongent,OMNeT++; module=UavAuthNetwork.uav[5]; config=StadiumSPONGENT,0.885148,0.614047,0.240784,1.133599,0.242259,0.035996,0.486531,1.133599,2.328871,0.201413,0.123529,0.855415,StadiumSPONGENT,StadiumSPONGENT-16-20260922-20:31:45-1127338,5,StadiumSPONGENT-16-20260922-20:31:45-1127338|phase2|5,16,16,16,spongent,10,,,,1.53987,0.486531,0.806684,0.558564,0.104002,0.001443,0.82112,0.563925,0.115473,0.001583,104,85,43,549,1,0
536,1,4.303184,3.233265,1.069919,781,spongent,OMNeT++; module=UavAuthNetwork.uav[6]; config=StadiumSPONGENT,0.865933,0.574022,0.260074,1.122147,0.235544,0.034263,0.476162,1.122147,2.323411,0.183715,0.123038,0.834376,StadiumSPONGENT,StadiumSPONGENT-16-20260922-20:31:45-1127338,6,StadiumSPONGENT-16-20260922-20:31:45-1127338|phase2|6,16,16,16,spongent,10,,,,1.513708,0.476162,0.797056,0.555759,0.099684,0.001392,0.794091,0.564906,0.097881,0.001442,104,85,43,549,1,0
537,1,4.320745,3.241171,1.079574,781,spongent,OMNeT++; module=UavAuthNetwork.uav[7]; config=StadiumSPONGENT,0.856846,0.574653,0.240421,1.130233,0.228615,0.033022,0.469489,1.130233,2.335554,0.17457,0.123859,0.850959,StadiumSPONGENT,StadiumSPONGENT-16-20260922-20:31:45-1127338,7,StadiumSPONGENT-16-20260922-20:31:45-1127338|phase2|7,16,16,16,spongent,10,,,,1.494566,0.469489,0.801524,0.558263,0.100536,0.001413,0.795654,0.567681,0.100716,0.001713,104,85,43,549,1,0
538,1,4.31564,3.259352,1.056288,781,spongent,OMNeT++; module=UavAuthNetwork.uav[8]; config=StadiumSPONGENT,0.867596,0.576006,0.270106,1.134159,0.220687,0.034203,0.476532,1.134159,2.327769,0.162636,0.123438,0.835601,StadiumSPONGENT,StadiumSPONGENT-16-20260922-20:31:45-1127338,8,StadiumSPONGENT-16-20260922-20:31:45-1127338|phase2|8,16,16,16,spongent,10,,,,1.48903,0.476532,0.802024,0.565146,0.099485,0.001313,0.79937,0.563003,0.098592,0.001443,104,85,43,549,1,0
539,1,4.357477,3.248372,1.109105,781,spongent,OMNeT++; module=UavAuthNetwork.uav[9]; config=StadiumSPONGENT,0.868938,0.573352,0.259204,1.127998,0.233478,0.033402,0.479237,1.127998,2.338599,0.167653,0.123438,0.875628,StadiumSPONGENT,StadiumSPONGENT-16-20260922-20:31:45-1127338,9,StadiumSPONGENT-16-20260922-20:31:45-1127338|phase2|9,16,16,16,spongent,10,,,,1.535962,0.479237,0.793409,0.567391,0.099724,0.001353,0.802585,0.559295,0.098914,0.001473,104,85,43,549,1,0
540,1,4.357571,3.286164,1.071407,781,spongent,OMNeT++; module=UavAuthNetwork.uav[0]; config=StadiumSPONGENT,0.900147,0.581697,0.249716,1.127948,0.229565,0.039132,0.492021,1.127948,2.335344,0.193028,0.130121,0.841842,StadiumSPONGENT,StadiumSPONGENT-17-20260922-20:31:45-1127338,0,StadiumSPONGENT-17-20260922-20:31:45-1127338|phase2|0,17,17,17,spongent,10,,,,1.514151,0.492021,0.794623,0.557322,0.117618,0.001593,0.791356,0.569245,0.104734,0.002074,104,85,43,549,1,0
541,1,4.327457,3.254624,1.072833,781,spongent,OMNeT++; module=UavAuthNetwork.uav[1]; config=StadiumSPONGENT,0.861895,0.57809,0.251183,1.13465,0.237678,0.034093,0.472154,1.13465,2.338809,0.166187,0.123429,0.835154,StadiumSPONGENT,StadiumSPONGENT-17-20260922-20:31:45-1127338,1,StadiumSPONGENT-17-20260922-20:31:45-1127338|phase2|1,17,17,17,spongent,10,,,,1.490202,0.472154,0.805472,0.558534,0.100136,0.001322,0.794812,0.573542,0.102761,0.001482,104,85,43,549,1,0
542,1,4.335245,3.274591,1.060654,781,spongent,OMNeT++; module=UavAuthNetwork.uav[2]; config=StadiumSPONGENT,0.856976,0.58346,0.240106,1.146743,0.214138,0.033251,0.473025,1.146743,2.367433,0.166241,0.124129,0.846516,StadiumSPONGENT,StadiumSPONGENT-17-20260922-20:31:45-1127338,2,StadiumSPONGENT-17-20260922-20:31:45-1127338|phase2|2,17,17,17,spongent,10,,,,1.467002,0.473025,0.793849,0.580435,0.099463,0.001633,0.803067,0.564365,0.10223,0.002084,104,85,43,549,1,0
543,1,4.333706,3.263993,1.069713,781,spongent,OMNeT++; module=UavAuthNetwork.uav[3]; config=StadiumSPONGENT,0.880039,0.580545,0.253213,1.12889,0.223576,0.037479,0.475972,1.12889,2.407336,0.19273,0.126174,0.846136,StadiumSPONGENT,StadiumSPONGENT-17-20260922-20:31:45-1127338,3,StadiumSPONGENT-17-20260922-20:31:45-1127338|phase2|3,17,17,17,spongent,10,,,,1.515656,0.475972,0.803978,0.55682,0.107099,0.001903,0.802785,0.56727,0.098953,0.001593,104,85,43,549,1,0
544,1,4.462911,3.348197,1.114714,781,spongent,OMNeT++; module=UavAuthNetwork.uav[4]; config=StadiumSPONGENT,0.876844,0.574824,0.245554,1.17261,0.237327,0.038602,0.474628,1.17261,2.334802,0.159722,0.126133,0.877387,StadiumSPONGENT,StadiumSPONGENT-17-20260922-20:31:45-1127338,4,StadiumSPONGENT-17-20260922-20:31:45-1127338|phase2|4,17,17,17,spongent,10,,,,1.519989,0.474628,0.824196,0.576047,0.10784,0.001503,0.795422,0.564735,0.098552,0.001643,104,85,43,549,1,0
545,1,4.32497,3.24725,1.07772,781,spongent,OMNeT++; module=UavAuthNetwork.uav[5]; config=StadiumSPONGENT,0.870411,0.57293,0.256361,1.125453,0.22045,0.035545,0.481892,1.125453,2.374436,0.189199,0.125933,0.85727,StadiumSPONGENT,StadiumSPONGENT-17-20260922-20:31:45-1127338,5,StadiumSPONGENT-17-20260922-20:31:45-1127338|phase2|5,17,17,17,spongent,10,,,,1.52328,0.481892,0.793088,0.559455,0.099424,0.001523,0.787588,0.565377,0.098173,0.001623,104,85,43,549,1,0
546,1,4.342629,3.265714,1.076915,781,spongent,OMNeT++; module=UavAuthNetwork.uav[6]; config=StadiumSPONGENT,0.873717,0.578471,0.259226,1.133919,0.24328,0.035926,0.483215,1.133919,2.343338,0.195627,0.124159,0.833635,StadiumSPONGENT,StadiumSPONGENT-17-20260922-20:31:45-1127338,6,StadiumSPONGENT-17-20260922-20:31:45-1127338|phase2|6,17,17,17,spongent,10,,,,1.531768,0.483215,0.792988,0.566409,0.104243,0.001473,0.799079,0.577448,0.098422,0.001613,104,85,43,549,1,0
547,1,4.358241,3.2731,1.085141,781,spongent,OMNeT++; module=UavAuthNetwork.uav[7]; config=StadiumSPONGENT,0.859421,0.580595,0.271112,1.14517,0.231343,0.034253,0.472445,1.14517,2.335273,0.204082,0.123339,0.853797,StadiumSPONGENT,StadiumSPONGENT-17-20260922-20:31:45-1127338,7,StadiumSPONGENT-17-20260922-20:31:45-1127338|phase2|7,17,17,17,spongent,10,,,,1.560335,0.472445,0.800011,0.57263,0.099174,0.001423,0.798518,0.569003,0.098402,0.001432,104,85,43,549,1,0
548,1,4.331267,3.249536,1.081731,781,spongent,OMNeT++; module=UavAuthNetwork.uav[8]; config=StadiumSPONGENT,0.871844,0.576888,0.247883,1.118591,0.247839,0.033322,0.483445,1.118591,2.339671,0.172326,0.14051,0.833892,StadiumSPONGENT,StadiumSPONGENT-17-20260922-20:31:45-1127338,8,StadiumSPONGENT-17-20260922-20:31:45-1127338|phase2|8,17,17,17,spongent,10,,,,1.50194,0.483445,0.786125,0.560508,0.100918,0.001623,0.79358,0.571699,0.098011,0.001964,104,85,43,549,1,0
549,1,4.340527,3.280152,1.060375,781,spongent,OMNeT++; module=UavAuthNetwork.uav[9]; config=StadiumSPONGENT,0.868648,0.596284,0.282504,1.142475,0.223947,0.034985,0.481582,1.142475,2.337627,0.186909,0.126554,0.836429,StadiumSPONGENT,StadiumSPONGENT-17-20260922-20:31:45-1127338,9,StadiumSPONGENT-17-20260922-20:31:45-1127338|phase2|9,17,17,17,spongent,10,,,,1.529789,0.481582,0.794691,0.571848,0.103442,0.002154,0.799129,0.57218,0.112168,0.002104,104,85,43,549,1,0
550,1,4.41977,3.272179,1.147591,781,spongent,OMNeT++; module=UavAuthNetwork.uav[0]; config=StadiumSPONGENT,0.868358,0.5837,0.243094,1.136755,0.285515,0.033763,0.471192,1.136755,2.337036,0.158208,0.130311,0.862076,StadiumSPONGENT,StadiumSPONGENT-18-20260922-20:31:45-1127338,0,StadiumSPONGENT-18-20260922-20:31:45-1127338|phase2|0,18,18,18,spongent,10,,,,1.548893,0.471192,0.797477,0.561489,0.115774,0.001583,0.79976,0.57244,0.099584,0.001783,104,85,43,549,1,0
551,1,4.333357,3.263912,1.069445,781,spongent,OMNeT++; module=UavAuthNetwork.uav[1]; config=StadiumSPONGENT,0.861205,0.577108,0.258026,1.138277,0.235171,0.034013,0.474037,1.138277,2.390555,0.159611,0.126153,0.834274,StadiumSPONGENT,StadiumSPONGENT-18-20260922-20:31:45-1127338,1,StadiumSPONGENT-18-20260922-20:31:45-1127338|phase2|1,18,18,18,spongent,10,,,,1.487082,0.474037,0.791825,0.574523,0.099004,0.001603,0.798407,0.569904,0.102389,0.001914,104,85,43,549,1,0
552,1,4.35339,3.2789,1.07449,781,spongent,OMNeT++; module=UavAuthNetwork.uav[2]; config=StadiumSPONGENT,0.882424,0.577329,0.269876,1.135181,0.23608,0.039934,0.473617,1.135181,2.577501,0.170096,0.126114,0.83841,StadiumSPONGENT,StadiumSPONGENT-18-20260922-20:31:45-1127338,2,StadiumSPONGENT-18-20260922-20:31:45-1127338|phase2|2,18,18,18,spongent,10,,,,1.514461,0.473617,0.806953,0.559126,0.108681,0.001663,0.907801,0.634474,0.138296,0.002013,104,85,43,549,1,0
553,1,4.331607,3.269382,1.062225,781,spongent,OMNeT++; module=UavAuthNetwork.uav[3]; config=StadiumSPONGENT,0.883435,0.580354,0.303468,1.130573,0.221097,0.03751,0.48629,1.130573,2.332317,0.179794,0.124801,0.841128,StadiumSPONGENT,StadiumSPONGENT-18-20260922-20:31:45-1127338,3,StadiumSPONGENT-18-20260922-20:31:45-1127338|phase2|3,18,18,18,spongent,10,,,,1.545487,0.48629,0.792447,0.565917,0.101878,0.001393,0.797787,0.570076,0.098723,0.001493,104,85,43,549,1,0
554,1,4.364204,3.270164,1.09404,781,spongent,OMNeT++; module=UavAuthNetwork.uav[4]; config=StadiumSPONGENT,0.866464,0.582328,0.256753,1.134761,0.257957,0.034895,0.476763,1.134761,2.35514,0.1741,0.134178,0.836082,StadiumSPONGENT,StadiumSPONGENT-18-20260922-20:31:45-1127338,4,StadiumSPONGENT-18-20260922-20:31:45-1127338|phase2|4,18,18,18,spongent,10,,,,1.524892,0.476763,0.79403,0.568172,0.100355,0.001593,0.800772,0.568072,0.098552,0.001663,104,85,43,549,1,0
555,1,4.389487,3.279422,1.110065,781,spongent,OMNeT++; module=UavAuthNetwork.uav[5]; config=StadiumSPONGENT,0.886772,0.58305,0.252267,1.133829,0.229281,0.043621,0.484697,1.133829,2.337758,0.179622,0.124992,0.880784,StadiumSPONGENT,StadiumSPONGENT-18-20260922-20:31:45-1127338,5,StadiumSPONGENT-18-20260922-20:31:45-1127338|phase2|5,18,18,18,spongent,10,,,,1.541954,0.484697,0.791264,0.565777,0.107208,0.002094,0.79942,0.574995,0.099444,0.002274,104,85,43,549,1,0
556,1,4.360657,3.24647,1.114187,781,spongent,OMNeT++; module=UavAuthNetwork.uav[6]; config=StadiumSPONGENT,0.877635,0.580154,0.240631,1.122548,0.228057,0.047679,0.47554,1.122548,2.343609,0.172635,0.123739,0.886131,StadiumSPONGENT,StadiumSPONGENT-18-20260922-20:31:45-1127338,6,StadiumSPONGENT-18-20260922-20:31:45-1127338|phase2|6,18,18,18,spongent,10,,,,1.527453,0.47554,0.788189,0.56212,0.099605,0.001483,0.795984,0.578251,0.098411,0.001463,104,85,43,549,1,0
557,1,4.465687,3.372084,1.093603,781,spongent,OMNeT++; module=UavAuthNetwork.uav[7]; config=StadiumSPONGENT,0.873728,0.582077,0.239906,1.173102,0.237026,0.034043,0.485919,1.173102,2.350321,0.191438,0.152152,0.856578,StadiumSPONGENT,StadiumSPONGENT-18-20260922-20:31:45-1127338,7,StadiumSPONGENT-18-20260922-20:31:45-1127338|phase2|7,18,18,18,spongent,10,,,,1.524947,0.485919,0.832602,0.56211,0.106076,0.002194,0.797216,0.570186,0.098693,0.002054,104,85,43,549,1,0
558,1,4.381308,3.28358,1.097728,781,spongent,OMNeT++; module=UavAuthNetwork.uav[8]; config=StadiumSPONGENT,0.883165,0.59421,0.240524,1.136895,0.2567,0.040976,0.476262,1.136895,2.337888,0.161375,0.126625,0.841028,StadiumSPONGENT,StadiumSPONGENT-18-20260922-20:31:45-1127338,8,StadiumSPONGENT-18-20260922-20:31:45-1127338|phase2|8,18,18,18,spongent,10,,,,1.499627,0.476262,0.803829,0.556229,0.105074,0.001673,0.809719,0.568441,0.099053,0.002074,104,85,43,549,1,0
559,1,4.332288,3.266467,1.065821,781,spongent,OMNeT++; module=UavAuthNetwork.uav[9]; config=StadiumSPONGENT,0.871884,0.572289,0.247579,1.135602,0.223074,0.039042,0.469449,1.135602,2.333149,0.205862,0.123379,0.842747,StadiumSPONGENT,StadiumSPONGENT-18-20260922-20:31:45-1127338,9,StadiumSPONGENT-18-20260922-20:31:45-1127338|phase2|9,18,18,18,spongent,10,,,,1.519261,0.469449,0.807545,0.562281,0.099805,0.001332,0.794561,0.567961,0.098623,0.001462,104,85,43,549,1,0
560,1,4.398272,3.292094,1.106178,781,spongent,OMNeT++; module=UavAuthNetwork.uav[0]; config=StadiumSPONGENT,0.897221,0.585154,0.258651,1.134981,0.234717,0.034283,0.490488,1.134981,2.361872,0.175244,0.124911,0.871461,StadiumSPONGENT,StadiumSPONGENT-19-20260922-20:31:45-1127338,0,StadiumSPONGENT-19-20260922-20:31:45-1127338|phase2|0,19,19,19,spongent,10,,,,1.540074,0.490488,0.805481,0.559175,0.116005,0.001583,0.817984,0.566989,0.100546,0.002344,104,85,43,549,1,0
561,1,4.333552,3.274281,1.059271,781,spongent,OMNeT++; module=UavAuthNetwork.uav[1]; config=StadiumSPONGENT,0.875551,0.57785,0.244723,1.136644,0.214311,0.036738,0.476141,1.136644,2.340844,0.184909,0.125442,0.84496,StadiumSPONGENT,StadiumSPONGENT-19-20260922-20:31:45-1127338,1,StadiumSPONGENT-19-20260922-20:31:45-1127338|phase2|1,19,19,19,spongent,10,,,,1.488903,0.476141,0.800331,0.569314,0.100778,0.001342,0.801935,0.565386,0.099223,0.001493,104,85,43,549,1,0
562,1,4.330923,3.271608,1.059315,781,spongent,OMNeT++; module=UavAuthNetwork.uav[2]; config=StadiumSPONGENT,0.867987,0.575195,0.254654,1.138989,0.217537,0.033723,0.482142,1.138989,2.340433,0.197364,0.125643,0.841778,StadiumSPONGENT,StadiumSPONGENT-19-20260922-20:31:45-1127338,2,StadiumSPONGENT-19-20260922-20:31:45-1127338|phase2|2,19,19,19,spongent,10,,,,1.511333,0.482142,0.802115,0.564836,0.100005,0.001332,0.793308,0.565667,0.098492,0.001483,104,85,43,549,1,0
563,1,4.350956,3.279661,1.071295,781,spongent,OMNeT++; module=UavAuthNetwork.uav[3]; config=StadiumSPONGENT,0.8645,0.573441,0.24077,1.144699,0.232633,0.033942,0.477684,1.144699,2.362283,0.158283,0.125763,0.838662,StadiumSPONGENT,StadiumSPONGENT-19-20260922-20:31:45-1127338,3,StadiumSPONGENT-19-20260922-20:31:45-1127338|phase2|3,19,19,19,spongent,10,,,,1.470347,0.477684,0.809499,0.564786,0.099474,0.001563,0.80489,0.576807,0.098923,0.001973,104,85,43,549,1,0
564,1,4.342828,3.292243,1.050585,781,spongent,OMNeT++; module=UavAuthNetwork.uav[4]; config=StadiumSPONGENT,0.888104,0.582108,0.241934,1.14012,0.216822,0.038651,0.49136,1.14012,2.344309,0.180364,0.123899,0.833763,StadiumSPONGENT,StadiumSPONGENT-19-20260922-20:31:45-1127338,4,StadiumSPONGENT-19-20260922-20:31:45-1127338|phase2|4,19,19,19,spongent,10,,,,1.472883,0.49136,0.797566,0.569174,0.103112,0.001333,0.801874,0.570927,0.099394,0.001533,104,85,43,549,1,0
565,1,4.350671,3.260256,1.090415,781,spongent,OMNeT++; module=UavAuthNetwork.uav[5]; config=StadiumSPONGENT,0.864841,0.576908,0.243423,1.135743,0.238142,0.033562,0.478837,1.135743,2.339902,0.160578,0.123929,0.852273,StadiumSPONGENT,StadiumSPONGENT-19-20260922-20:31:45-1127338,5,StadiumSPONGENT-19-20260922-20:31:45-1127338|phase2|5,19,19,19,spongent,10,,,,1.494416,0.478837,0.797956,0.565907,0.100205,0.001323,0.798929,0.572049,0.098462,0.001433,104,85,43,549,1,0
566,1,4.300529,3.240208,1.060321,781,spongent,OMNeT++; module=UavAuthNetwork.uav[6]; config=StadiumSPONGENT,0.872285,0.584282,0.239976,1.122668,0.220642,0.033863,0.485419,1.122668,2.313543,0.16875,0.122587,0.839679,StadiumSPONGENT,StadiumSPONGENT-19-20260922-20:31:45-1127338,6,StadiumSPONGENT-19-20260922-20:31:45-1127338|phase2|6,19,19,19,spongent,10,,,,1.469048,0.485419,0.784391,0.567701,0.099364,0.001573,0.790964,0.56751,0.103552,0.001703,104,85,43,549,1,0
567,1,4.383575,3.257058,1.126517,781,spongent,OMNeT++; module=UavAuthNetwork.uav[7]; config=StadiumSPONGENT,0.872986,0.575967,0.26162,1.127777,0.238253,0.034995,0.483345,1.127777,2.322519,0.166402,0.128518,0.888265,StadiumSPONGENT,StadiumSPONGENT-19-20260922-20:31:45-1127338,7,StadiumSPONGENT-19-20260922-20:31:45-1127338|phase2|7,19,19,19,spongent,10,,,,1.554539,0.483345,0.789291,0.566037,0.101919,0.001363,0.792648,0.567941,0.098904,0.001643,104,85,43,549,1,0
568,1,4.334762,3.237996,1.096766,781,spongent,OMNeT++; module=UavAuthNetwork.uav[8]; config=StadiumSPONGENT,0.865002,0.580265,0.247189,1.124372,0.250826,0.033462,0.481131,1.124372,2.354088,0.160578,0.12425,0.84594,StadiumSPONGENT,StadiumSPONGENT-19-20260922-20:31:45-1127338,8,StadiumSPONGENT-19-20260922-20:31:45-1127338|phase2|8,19,19,19,spongent,10,,,,1.504532,0.481131,0.789111,0.558163,0.103962,0.001503,0.795593,0.56715,0.098492,0.001653,104,85,43,549,1,0
569,1,4.317662,3.261198,1.056464,781,spongent,OMNeT++; module=UavAuthNetwork.uav[9]; config=StadiumSPONGENT,0.887203,0.581216,0.243888,1.124301,0.21794,0.044102,0.483746,1.124301,2.440799,0.181321,0.125393,0.838524,StadiumSPONGENT,StadiumSPONGENT-19-20260922-20:31:45-1127338,9,StadiumSPONGENT-19-20260922-20:31:45-1127338|phase2|9,19,19,19,spongent,10,,,,1.481673,0.483746,0.792366,0.556249,0.106948,0.001764,0.797556,0.563844,0.10273,0.002034,104,85,43,549,1,0
570,1,4.659323,3.57583,1.083493,781,spongent,OMNeT++; module=UavAuthNetwork.uav[0]; config=StadiumSPONGENT,0.941262,0.665111,0.263602,1.254733,0.248624,0.042018,0.489937,1.254733,2.476104,0.171762,0.125102,0.834869,StadiumSPONGENT,StadiumSPONGENT-2-20260922-20:31:42-1127338,0,StadiumSPONGENT-2-20260922-20:31:42-1127338|phase2|0,2,2,2,spongent,10,,,,1.518856,0.489937,0.886722,0.614106,0.131163,0.001663,0.910647,0.613576,0.111366,0.002014,104,85,43,549,1,0
571,1,5.398361,4.319565,1.078796,781,spongent,OMNeT++; module=UavAuthNetwork.uav[1]; config=StadiumSPONGENT,1.027332,0.807706,0.246729,1.563634,0.223881,0.035446,0.575786,1.563634,3.425231,0.182786,0.164965,0.854916,StadiumSPONGENT,StadiumSPONGENT-2-20260922-20:31:42-1127338,1,StadiumSPONGENT-2-20260922-20:31:42-1127338|phase2|1,2,2,2,spongent,10,,,,1.508311,0.575786,1.028033,0.767301,0.154115,0.001873,1.147393,0.78338,0.163231,0.001924,104,85,43,549,1,0
572,1,4.822957,3.734292,1.088665,781,spongent,OMNeT++; module=UavAuthNetwork.uav[2]; config=StadiumSPONGENT,1.028965,0.650865,0.258927,1.272385,0.2246,0.050514,0.571668,1.272385,2.57146,0.159875,0.160557,0.864066,StadiumSPONGENT,StadiumSPONGENT-2-20260922-20:31:42-1127338,2,StadiumSPONGENT-2-20260922-20:31:42-1127338|phase2|2,2,2,2,spongent,10,,,,1.507467,0.571668,0.882713,0.641517,0.120033,0.001703,0.890499,0.634373,0.119391,0.001903,104,85,43,549,1,0
573,1,4.676549,3.622016,1.054533,781,spongent,OMNeT++; module=UavAuthNetwork.uav[3]; config=StadiumSPONGENT,0.968062,0.631579,0.240712,1.259482,0.216164,0.044603,0.522236,1.259482,2.638545,0.204086,0.13499,0.838369,StadiumSPONGENT,StadiumSPONGENT-2-20260922-20:31:42-1127338,3,StadiumSPONGENT-2-20260922-20:31:42-1127338|phase2|3,2,2,2,spongent,10,,,,1.499331,0.522236,0.873117,0.644393,0.113651,0.001784,0.894276,0.633362,0.116054,0.001663,104,85,43,549,1,0
574,1,4.872423,3.796519,1.075904,781,spongent,OMNeT++; module=UavAuthNetwork.uav[4]; config=StadiumSPONGENT,0.918,0.628343,0.255178,1.374224,0.229748,0.036137,0.510545,1.374224,2.752576,0.169948,0.130071,0.846156,StadiumSPONGENT,StadiumSPONGENT-2-20260922-20:31:42-1127338,4,StadiumSPONGENT-2-20260922-20:31:42-1127338|phase2|4,2,2,2,spongent,10,,,,1.501031,0.510545,0.963985,0.617143,0.132836,0.001683,0.875942,0.601272,0.107539,0.002425,104,85,43,549,1,0
575,1,4.918072,3.848476,1.069596,781,spongent,OMNeT++; module=UavAuthNetwork.uav[5]; config=StadiumSPONGENT,0.934731,0.616732,0.26957,1.367923,0.217266,0.04328,0.510505,1.367923,2.961643,0.199652,0.177899,0.85233,StadiumSPONGENT,StadiumSPONGENT-2-20260922-20:31:42-1127338,5,StadiumSPONGENT-2-20260922-20:31:42-1127338|phase2|5,2,2,2,spongent,10,,,,1.538819,0.510505,0.905387,0.658218,0.153354,0.002585,0.988169,0.676784,0.118018,0.002264,104,85,43,549,1,0
576,1,5.340054,4.268271,1.071783,781,spongent,OMNeT++; module=UavAuthNetwork.uav[6]; config=StadiumSPONGENT,1.117178,0.741463,0.256803,1.49112,0.237282,0.0597,0.617183,1.49112,2.715186,0.160766,0.168853,0.834501,StadiumSPONGENT,StadiumSPONGENT-2-20260922-20:31:42-1127338,6,StadiumSPONGENT-2-20260922-20:31:42-1127338|phase2|6,2,2,2,spongent,10,,,,1.489352,0.617183,1.10196,0.648851,0.13529,0.001773,0.963844,0.698032,0.11854,0.002294,104,85,43,549,1,0
577,1,4.932222,3.854245,1.077977,781,spongent,OMNeT++; module=UavAuthNetwork.uav[7]; config=StadiumSPONGENT,0.994932,0.685419,0.251251,1.362152,0.239077,0.042248,0.556931,1.362152,2.650456,0.195254,0.135009,0.8389,StadiumSPONGENT,StadiumSPONGENT-2-20260922-20:31:42-1127338,7,StadiumSPONGENT-2-20260922-20:31:42-1127338|phase2|7,2,2,2,spongent,10,,,,1.524482,0.556931,0.978171,0.626079,0.120223,0.002004,0.943937,0.665813,0.112749,0.001713,104,85,43,549,1,0
578,1,4.959917,3.864223,1.095694,781,spongent,OMNeT++; module=UavAuthNetwork.uav[8]; config=StadiumSPONGENT,0.978171,0.644012,0.258522,1.370617,0.230213,0.041217,0.534179,1.370617,2.580257,0.184573,0.144818,0.865481,StadiumSPONGENT,StadiumSPONGENT-2-20260922-20:31:42-1127338,8,StadiumSPONGENT-2-20260922-20:31:42-1127338|phase2|8,2,2,2,spongent,10,,,,1.538789,0.534179,0.983641,0.61593,0.141372,0.001993,0.879007,0.625638,0.111947,0.002705,104,85,43,549,1,0
579,1,5.033387,3.963778,1.069609,781,spongent,OMNeT++; module=UavAuthNetwork.uav[9]; config=StadiumSPONGENT,1.058219,0.672845,0.248707,1.378051,0.230871,0.045745,0.56193,1.378051,2.955681,0.169293,0.149457,0.838738,StadiumSPONGENT,StadiumSPONGENT-2-20260922-20:31:42-1127338,9,StadiumSPONGENT-2-20260922-20:31:42-1127338|phase2|9,2,2,2,spongent,10,,,,1.487609,0.56193,0.973933,0.676292,0.140711,0.002014,0.925744,0.677845,0.120343,0.002195,104,85,43,549,1,0
580,1,4.386581,3.272177,1.114404,781,spongent,OMNeT++; module=UavAuthNetwork.uav[0]; config=StadiumSPONGENT,0.877464,0.584081,0.246544,1.135011,0.233015,0.033622,0.480419,1.135011,2.329582,0.175923,0.124691,0.881388,StadiumSPONGENT,StadiumSPONGENT-20-20260922-20:31:45-1127338,0,StadiumSPONGENT-20-20260922-20:31:45-1127338|phase2|0,20,20,20,spongent,10,,,,1.536871,0.480419,0.798769,0.559716,0.115143,0.001683,0.800342,0.570786,0.100145,0.001934,104,85,43,549,1,0
581,1,4.349716,3.255145,1.094571,781,spongent,OMNeT++; module=UavAuthNetwork.uav[1]; config=StadiumSPONGENT,0.860944,0.573141,0.244762,1.13471,0.227584,0.033372,0.478576,1.13471,2.327229,0.170783,0.124781,0.866987,StadiumSPONGENT,StadiumSPONGENT-20-20260922-20:31:45-1127338,1,StadiumSPONGENT-20-20260922-20:31:45-1127338|phase2|1,20,20,20,spongent,10,,,,1.510116,0.478576,0.794291,0.564375,0.100135,0.001402,0.790193,0.566598,0.098381,0.001463,104,85,43,549,1,0
582,1,4.340001,3.25163,1.088371,781,spongent,OMNeT++; module=UavAuthNetwork.uav[2]; config=StadiumSPONGENT,0.860453,0.578691,0.26148,1.133348,0.241441,0.033622,0.476492,1.133348,2.325335,0.168755,0.124481,0.84693,StadiumSPONGENT,StadiumSPONGENT-20-20260922-20:31:45-1127338,2,StadiumSPONGENT-20-20260922-20:31:45-1127338|phase2|2,20,20,20,spongent,10,,,,1.518606,0.476492,0.797788,0.557082,0.104173,0.001373,0.796324,0.568793,0.097881,0.001713,104,85,43,549,1,0
583,1,4.31631,3.237904,1.078406,781,spongent,OMNeT++; module=UavAuthNetwork.uav[3]; config=StadiumSPONGENT,0.867936,0.580645,0.265294,1.12335,0.235479,0.034423,0.479748,1.12335,2.319153,0.190003,0.123268,0.842927,StadiumSPONGENT,StadiumSPONGENT-20-20260922-20:31:45-1127338,3,StadiumSPONGENT-20-20260922-20:31:45-1127338|phase2|3,20,20,20,spongent,10,,,,1.533703,0.479748,0.793629,0.556461,0.101809,0.001403,0.795392,0.570186,0.098393,0.001542,104,85,43,549,1,0
584,1,4.325422,3.24626,1.079162,781,spongent,OMNeT++; module=UavAuthNetwork.uav[4]; config=StadiumSPONGENT,0.860302,0.579242,0.258158,1.127247,0.2238,0.037199,0.473116,1.127247,2.334852,0.162543,0.131464,0.855362,StadiumSPONGENT,StadiumSPONGENT-20-20260922-20:31:45-1127338,4,StadiumSPONGENT-20-20260922-20:31:45-1127338|phase2|4,20,20,20,spongent,10,,,,1.499863,0.473116,0.7943,0.559046,0.099774,0.001402,0.798038,0.570335,0.097931,0.001492,104,85,43,549,1,0
585,1,4.351566,3.233416,1.11815,781,spongent,OMNeT++; module=UavAuthNetwork.uav[5]; config=StadiumSPONGENT,0.859892,0.578491,0.271985,1.122999,0.235632,0.034243,0.47544,1.122999,2.329432,0.185593,0.127526,0.882518,StadiumSPONGENT,StadiumSPONGENT-20-20260922-20:31:45-1127338,5,StadiumSPONGENT-20-20260922-20:31:45-1127338|phase2|5,20,20,20,spongent,10,,,,1.575728,0.47544,0.793619,0.555338,0.099395,0.001282,0.799301,0.567481,0.10285,0.001413,104,85,43,549,1,0
586,1,4.315427,3.237163,1.078264,781,spongent,OMNeT++; module=UavAuthNetwork.uav[6]; config=StadiumSPONGENT,0.851096,0.579663,0.259037,1.12903,0.218529,0.03291,0.469158,1.12903,2.328039,0.170783,0.128007,0.859735,StadiumSPONGENT,StadiumSPONGENT-20-20260922-20:31:45-1127338,6,StadiumSPONGENT-20-20260922-20:31:45-1127338|phase2|6,20,20,20,spongent,10,,,,1.508085,0.469158,0.792998,0.559746,0.101769,0.001443,0.796885,0.570515,0.098552,0.002084,104,85,43,549,1,0
587,1,4.337965,3.253381,1.084584,781,spongent,OMNeT++; module=UavAuthNetwork.uav[7]; config=StadiumSPONGENT,0.867205,0.575686,0.242794,1.131534,0.221011,0.035516,0.479818,1.131534,2.329673,0.168069,0.123108,0.863573,StadiumSPONGENT,StadiumSPONGENT-20-20260922-20:31:45-1127338,7,StadiumSPONGENT-20-20260922-20:31:45-1127338|phase2|7,20,20,20,spongent,10,,,,1.495447,0.479818,0.794792,0.56183,0.099535,0.001373,0.795172,0.566248,0.098553,0.001553,104,85,43,549,1,0
588,1,5.050119,3.980187,1.069932,781,spongent,OMNeT++; module=UavAuthNetwork.uav[8]; config=StadiumSPONGENT,0.946021,0.804018,0.240637,1.454422,0.234561,0.033291,0.528028,1.454422,2.344119,0.181441,0.125322,0.83537,StadiumSPONGENT,StadiumSPONGENT-20-20260922-20:31:45-1127338,8,StadiumSPONGENT-20-20260922-20:31:45-1127338|phase2|8,20,20,20,spongent,10,,,,1.49201,0.528028,1.048461,0.620939,0.141201,0.001823,0.947423,0.61577,0.125542,0.002394,104,85,43,549,1,0
589,1,4.389367,3.286804,1.102564,781,spongent,OMNeT++; module=UavAuthNetwork.uav[9]; config=StadiumSPONGENT,0.884938,0.579933,0.27654,1.138237,0.251097,0.040064,0.483214,1.138237,2.340262,0.161255,0.125392,0.851467,StadiumSPONGENT,StadiumSPONGENT-20-20260922-20:31:45-1127338,9,StadiumSPONGENT-20-20260922-20:31:45-1127338|phase2|9,20,20,20,spongent,10,,,,1.540359,0.483214,0.78812,0.570827,0.108401,0.001693,0.793267,0.568161,0.099063,0.002435,104,85,43,549,1,0
590,1,4.408364,3.304849,1.103515,781,spongent,OMNeT++; module=UavAuthNetwork.uav[0]; config=StadiumSPONGENT,0.894596,0.583329,0.241218,1.13942,0.259139,0.033662,0.493854,1.13942,2.35001,0.167827,0.131413,0.844376,StadiumSPONGENT,StadiumSPONGENT-21-20260922-20:31:46-1127338,0,StadiumSPONGENT-21-20260922-20:31:46-1127338|phase2|0,21,21,21,spongent,10,,,,1.51256,0.493854,0.803397,0.562923,0.115935,0.001694,0.798328,0.577661,0.099815,0.002465,104,85,43,549,1,0
591,1,4.406246,3.278328,1.127918,781,spongent,OMNeT++; module=UavAuthNetwork.uav[1]; config=StadiumSPONGENT,0.890739,0.587066,0.272339,1.131374,0.243116,0.040485,0.486571,1.131374,2.346644,0.166924,0.124841,0.884802,StadiumSPONGENT,StadiumSPONGENT-21-20260922-20:31:46-1127338,1,StadiumSPONGENT-21-20260922-20:31:46-1127338|phase2|1,21,21,21,spongent,10,,,,1.567181,0.486571,0.796235,0.559446,0.109402,0.001413,0.802204,0.573111,0.099895,0.001883,104,85,43,549,1,0
592,1,4.966315,3.83533,1.130985,781,spongent,OMNeT++; module=UavAuthNetwork.uav[2]; config=StadiumSPONGENT,0.875961,0.582528,0.245441,1.394502,0.252579,0.035256,0.479778,1.394502,3.18743,0.165165,0.170365,0.878406,StadiumSPONGENT,StadiumSPONGENT-21-20260922-20:31:46-1127338,2,StadiumSPONGENT-21-20260922-20:31:46-1127338|phase2|2,21,21,21,spongent,10,,,,1.54159,0.479778,0.898172,0.703302,0.126514,0.002655,0.921055,0.73463,0.12926,0.003306,104,85,43,549,1,0
593,1,5.970359,4.910209,1.06015,781,spongent,OMNeT++; module=UavAuthNetwork.uav[3]; config=StadiumSPONGENT,1.380856,0.838151,0.241444,1.667577,0.216173,0.067044,0.765287,1.667577,3.419891,0.160759,0.194199,0.843977,StadiumSPONGENT,StadiumSPONGENT-21-20260922-20:31:46-1127338,3,StadiumSPONGENT-21-20260922-20:31:46-1127338|phase2|3,21,21,21,spongent,10,,,,1.462353,0.765287,1.136053,0.851607,0.174903,0.003026,1.158164,0.807795,0.164965,0.003336,104,85,43,549,1,0
594,1,6.044853,4.946356,1.098497,781,spongent,OMNeT++; module=UavAuthNetwork.uav[4]; config=StadiumSPONGENT,1.451186,0.857407,0.257312,1.653922,0.236826,0.072324,0.828273,1.653922,3.496182,0.161154,0.187326,0.861671,StadiumSPONGENT,StadiumSPONGENT-21-20260922-20:31:46-1127338,4,StadiumSPONGENT-21-20260922-20:31:46-1127338|phase2|4,21,21,21,spongent,10,,,,1.516963,0.828273,1.173052,0.80996,0.163963,0.002665,1.180735,0.846096,0.159075,0.003487,104,85,43,549,1,0
595,1,5.792737,4.727893,1.064844,781,spongent,OMNeT++; module=UavAuthNetwork.uav[5]; config=StadiumSPONGENT,1.413828,0.855223,0.242452,1.560699,0.229399,0.071022,0.762391,1.560699,3.396578,0.16181,0.192667,0.835446,StadiumSPONGENT,StadiumSPONGENT-21-20260922-20:31:46-1127338,5,StadiumSPONGENT-21-20260922-20:31:46-1127338|phase2|5,21,21,21,spongent,10,,,,1.469106,0.762391,1.138197,0.776307,0.174754,0.002806,1.129209,0.821291,0.159947,0.003346,104,85,43,549,1,0
596,1,5.834093,4.764468,1.069625,781,spongent,OMNeT++; module=UavAuthNetwork.uav[6]; config=StadiumSPONGENT,1.360248,0.81613,0.243325,1.605832,0.233228,0.068847,0.770877,1.605832,3.544903,0.179217,0.192556,0.836398,StadiumSPONGENT,StadiumSPONGENT-21-20260922-20:31:46-1127338,6,StadiumSPONGENT-21-20260922-20:31:46-1127338|phase2|6,21,21,21,spongent,10,,,,1.492168,0.770877,1.136914,0.771128,0.169234,0.002535,1.127547,0.853951,0.160788,0.003096,104,85,43,549,1,0
597,1,5.845969,4.775631,1.070338,781,spongent,OMNeT++; module=UavAuthNetwork.uav[7]; config=StadiumSPONGENT,1.454072,0.87537,0.264253,1.564707,0.23284,0.074017,0.821511,1.564707,3.567694,0.163557,0.192145,0.837498,StadiumSPONGENT,StadiumSPONGENT-21-20260922-20:31:46-1127338,7,StadiumSPONGENT-21-20260922-20:31:46-1127338|phase2|7,21,21,21,spongent,10,,,,1.498147,0.821511,1.141292,0.77274,0.157171,0.002985,1.199882,0.85893,0.166619,0.002986,104,85,43,549,1,0
598,1,6.142737,5.079714,1.063023,781,spongent,OMNeT++; module=UavAuthNetwork.uav[8]; config=StadiumSPONGENT,1.43708,0.930943,0.256116,1.722279,0.224557,0.073336,0.799701,1.722279,3.466447,0.180701,0.198076,0.838466,StadiumSPONGENT,StadiumSPONGENT-21-20260922-20:31:46-1127338,8,StadiumSPONGENT-21-20260922-20:31:46-1127338|phase2|8,21,21,21,spongent,10,,,,1.49984,0.799701,1.221923,0.83763,0.175485,0.002905,1.191977,0.81036,0.156729,0.003446,104,85,43,549,1,0
599,1,6.075681,5.010072,1.065609,781,spongent,OMNeT++; module=UavAuthNetwork.uav[9]; config=StadiumSPONGENT,1.481141,0.894726,0.240453,1.666424,0.215061,0.073786,0.83159,1.666424,3.518914,0.168494,0.196083,0.850548,StadiumSPONGENT,StadiumSPONGENT-21-20260922-20:31:46-1127338,9,StadiumSPONGENT-21-20260922-20:31:46-1127338|phase2|9,21,21,21,spongent,10,,,,1.474556,0.83159,1.189721,0.834615,0.165416,0.002996,1.194451,0.869519,0.173361,0.003406,104,85,43,549,1,0
600,1,4.599309,3.53813,1.061179,781,spongent,OMNeT++; module=UavAuthNetwork.uav[0]; config=StadiumSPONGENT,1.093073,0.593569,0.268158,1.158014,0.220355,0.057687,0.653921,1.158014,2.536676,0.174375,0.129029,0.840824,StadiumSPONGENT,StadiumSPONGENT-22-20260922-20:31:46-1127338,0,StadiumSPONGENT-22-20260922-20:31:46-1127338|phase2|0,22,22,22,spongent,10,,,,1.503713,0.653921,0.805731,0.57279,0.123638,0.001803,0.817313,0.619126,0.101969,0.002555,104,85,43,549,1,0
601,1,4.956758,3.867029,1.089729,781,spongent,OMNeT++; module=UavAuthNetwork.uav[1]; config=StadiumSPONGENT,1.000823,0.647028,0.249053,1.366219,0.228323,0.073536,0.537485,1.366219,2.618607,0.165027,0.133768,0.861406,StadiumSPONGENT,StadiumSPONGENT-22-20260922-20:31:46-1127338,1,StadiumSPONGENT-22-20260922-20:31:46-1127338|phase2|1,22,22,22,spongent,10,,,,1.503809,0.537485,0.921105,0.641558,0.147072,0.001864,0.904866,0.585674,0.113179,0.002855,104,85,43,549,1,0
602,1,4.507839,3.411355,1.096484,781,spongent,OMNeT++; module=UavAuthNetwork.uav[2]; config=StadiumSPONGENT,0.952313,0.601404,0.254313,1.162011,0.235744,0.051976,0.51879,1.162011,2.391357,0.15909,0.13502,0.86074,StadiumSPONGENT,StadiumSPONGENT-22-20260922-20:31:46-1127338,2,StadiumSPONGENT-22-20260922-20:31:46-1127338|phase2|2,22,22,22,spongent,10,,,,1.509888,0.51879,0.808887,0.5779,0.120243,0.001563,0.815681,0.579072,0.106407,0.002175,104,85,43,549,1,0
603,1,4.417932,3.322972,1.09496,781,spongent,OMNeT++; module=UavAuthNetwork.uav[3]; config=StadiumSPONGENT,0.884988,0.588409,0.247834,1.15591,0.241766,0.04346,0.478005,1.15591,2.414129,0.160112,0.126164,0.853194,StadiumSPONGENT,StadiumSPONGENT-22-20260922-20:31:46-1127338,3,StadiumSPONGENT-22-20260922-20:31:46-1127338|phase2|3,22,22,22,spongent,10,,,,1.502905,0.478005,0.818856,0.563042,0.105846,0.001744,0.810511,0.605551,0.101047,0.001794,104,85,43,549,1,0
604,1,4.544297,3.484832,1.059465,781,spongent,OMNeT++; module=UavAuthNetwork.uav[4]; config=StadiumSPONGENT,1.028744,0.635597,0.272206,1.164807,0.224962,0.041838,0.568873,1.164807,2.361532,0.164195,0.126474,0.834502,StadiumSPONGENT,StadiumSPONGENT-22-20260922-20:31:46-1127338,4,StadiumSPONGENT-22-20260922-20:31:46-1127338|phase2|4,22,22,22,spongent,10,,,,1.495866,0.568873,0.846446,0.574273,0.126824,0.001643,0.821051,0.593298,0.106116,0.002104,104,85,43,549,1,0
605,1,4.37949,3.312823,1.066667,781,spongent,OMNeT++; module=UavAuthNetwork.uav[5]; config=StadiumSPONGENT,0.90232,0.586596,0.258564,1.142265,0.216973,0.047027,0.49147,1.142265,2.371961,0.162148,0.125973,0.849694,StadiumSPONGENT,StadiumSPONGENT-22-20260922-20:31:46-1127338,5,StadiumSPONGENT-22-20260922-20:31:46-1127338|phase2|5,22,22,22,spongent,10,,,,1.487378,0.49147,0.801354,0.570556,0.1031,0.001493,0.802255,0.585804,0.100446,0.001522,104,85,43,549,1,0
606,1,4.406544,3.301031,1.105513,781,spongent,OMNeT++; module=UavAuthNetwork.uav[6]; config=StadiumSPONGENT,0.88609,0.587768,0.239976,1.141774,0.248817,0.035536,0.48631,1.141774,2.38767,0.167315,0.131393,0.856696,StadiumSPONGENT,StadiumSPONGENT-22-20260922-20:31:46-1127338,6,StadiumSPONGENT-22-20260922-20:31:46-1127338|phase2|6,22,22,22,spongent,10,,,,1.512804,0.48631,0.79393,0.578401,0.106266,0.001543,0.814098,0.573081,0.100907,0.001793,104,85,43,549,1,0
607,1,4.487119,3.414462,1.072657,781,spongent,OMNeT++; module=UavAuthNetwork.uav[7]; config=StadiumSPONGENT,0.921877,0.596354,0.270404,1.178963,0.224578,0.03758,0.519762,1.178963,2.374967,0.173705,0.134659,0.848079,StadiumSPONGENT,StadiumSPONGENT-22-20260922-20:31:46-1127338,7,StadiumSPONGENT-22-20260922-20:31:46-1127338|phase2|7,22,22,22,spongent,10,,,,1.516767,0.519762,0.815639,0.591545,0.10817,0.001653,0.809508,0.575977,0.115483,0.002284,104,85,43,549,1,0
608,1,4.384465,3.293177,1.091288,781,spongent,OMNeT++; module=UavAuthNetwork.uav[8]; config=StadiumSPONGENT,0.892512,0.581566,0.248542,1.138077,0.217598,0.040605,0.479357,1.138077,2.35004,0.15887,0.124511,0.87369,StadiumSPONGENT,StadiumSPONGENT-22-20260922-20:31:46-1127338,8,StadiumSPONGENT-22-20260922-20:31:46-1127338|phase2|8,22,22,22,spongent,10,,,,1.498699,0.479357,0.814739,0.563083,0.10278,0.001473,0.80001,0.569504,0.099825,0.001714,104,85,43,549,1,0
609,1,4.308673,3.247843,1.06083,781,spongent,OMNeT++; module=UavAuthNetwork.uav[9]; config=StadiumSPONGENT,0.870321,0.57237,0.254548,1.124682,0.22663,0.034714,0.479558,1.124682,2.347246,0.166239,0.128158,0.8342,StadiumSPONGENT,StadiumSPONGENT-22-20260922-20:31:46-1127338,9,StadiumSPONGENT-22-20260922-20:31:46-1127338|phase2|9,22,22,22,spongent,10,,,,1.481617,0.479558,0.798828,0.556531,0.099313,0.001423,0.795032,0.563825,0.098632,0.001733,104,85,43,549,1,0
610,1,4.384613,3.292073,1.09254,781,spongent,OMNeT++; module=UavAuthNetwork.uav[0]; config=StadiumSPONGENT,0.890879,0.584923,0.263621,1.138086,0.248724,0.034414,0.490568,1.138086,2.342136,0.160914,0.125022,0.843816,StadiumSPONGENT,StadiumSPONGENT-23-20260922-20:31:46-1127338,0,StadiumSPONGENT-23-20260922-20:31:46-1127338|phase2|0,23,23,23,spongent,10,,,,1.517076,0.490568,0.794701,0.569283,0.114732,0.001933,0.802885,0.569434,0.100377,0.002074,104,85,43,549,1,0
611,1,4.36654,3.279462,1.087078,781,spongent,OMNeT++; module=UavAuthNetwork.uav[1]; config=StadiumSPONGENT,0.8749,0.589831,0.247925,1.13964,0.221451,0.033943,0.487342,1.13964,2.343579,0.185268,0.125282,0.865627,StadiumSPONGENT,StadiumSPONGENT-23-20260922-20:31:46-1127338,1,StadiumSPONGENT-23-20260922-20:31:46-1127338|phase2|1,23,23,23,spongent,10,,,,1.520271,0.487342,0.796965,0.570456,0.100826,0.001322,0.811172,0.572109,0.099043,0.003957,104,85,43,549,1,0
612,1,4.392592,3.316999,1.075593,781,spongent,OMNeT++; module=UavAuthNetwork.uav[2]; config=StadiumSPONGENT,0.870181,0.580325,0.249688,1.160598,0.223874,0.033692,0.483686,1.160598,2.35539,0.175701,0.125622,0.851719,StadiumSPONGENT,StadiumSPONGENT-23-20260922-20:31:46-1127338,2,StadiumSPONGENT-23-20260922-20:31:46-1127338|phase2|2,23,23,23,spongent,10,,,,1.500982,0.483686,0.794721,0.589271,0.105635,0.001743,0.793959,0.573853,0.106366,0.002555,104,85,43,549,1,0
613,1,4.364011,3.285241,1.07877,781,spongent,OMNeT++; module=UavAuthNetwork.uav[3]; config=StadiumSPONGENT,0.88072,0.583951,0.247174,1.137145,0.222214,0.03787,0.482654,1.137145,2.358235,0.162872,0.130231,0.856557,StadiumSPONGENT,StadiumSPONGENT-23-20260922-20:31:46-1127338,3,StadiumSPONGENT-23-20260922-20:31:46-1127338|phase2|3,23,23,23,spongent,10,,,,1.488816,0.482654,0.803478,0.56185,0.1027,0.001483,0.802606,0.572048,0.099494,0.001533,104,85,43,549,1,0
614,1,4.369312,3.280121,1.089191,781,spongent,OMNeT++; module=UavAuthNetwork.uav[4]; config=StadiumSPONGENT,0.870401,0.582268,0.264637,1.140571,0.239555,0.035165,0.476322,1.140571,2.332468,0.204518,0.128578,0.849636,StadiumSPONGENT,StadiumSPONGENT-23-20260922-20:31:46-1127338,4,StadiumSPONGENT-23-20260922-20:31:46-1127338|phase2|4,23,23,23,spongent,10,,,,1.558346,0.476322,0.806463,0.560828,0.106518,0.001302,0.798017,0.570887,0.099273,0.001603,104,85,43,549,1,0
615,1,4.311408,3.247201,1.064207,781,spongent,OMNeT++; module=UavAuthNetwork.uav[5]; config=StadiumSPONGENT,0.855755,0.581196,0.299485,1.133378,0.221398,0.033803,0.469599,1.133378,2.356392,0.17434,0.12469,0.84281,StadiumSPONGENT,StadiumSPONGENT-23-20260922-20:31:46-1127338,5,StadiumSPONGENT-23-20260922-20:31:46-1127338|phase2|5,23,23,23,spongent,10,,,,1.538033,0.469599,0.796674,0.564525,0.100036,0.001633,0.798919,0.571016,0.099012,0.001914,104,85,43,549,1,0
616,1,4.386005,3.295031,1.090974,781,spongent,OMNeT++; module=UavAuthNetwork.uav[6]; config=StadiumSPONGENT,0.884558,0.582288,0.246923,1.143387,0.229501,0.03784,0.482183,1.143387,2.361501,0.167094,0.123699,0.861473,StadiumSPONGENT,StadiumSPONGENT-23-20260922-20:31:46-1127338,6,StadiumSPONGENT-23-20260922-20:31:46-1127338|phase2|6,23,23,23,spongent,10,,,,1.504991,0.482183,0.81124,0.565476,0.103441,0.001322,0.801684,0.574514,0.099185,0.001473,104,85,43,549,1,0
617,1,4.278192,3.222556,1.055636,781,spongent,OMNeT++; module=UavAuthNetwork.uav[7]; config=StadiumSPONGENT,0.866013,0.578831,0.243709,1.116537,0.221437,0.034223,0.474138,1.116537,2.33351,0.160584,0.123469,0.834199,StadiumSPONGENT,StadiumSPONGENT-23-20260922-20:31:46-1127338,7,StadiumSPONGENT-23-20260922-20:31:46-1127338|phase2|7,23,23,23,spongent,10,,,,1.459929,0.474138,0.795672,0.555639,0.099043,0.001292,0.800663,0.565887,0.098713,0.001443,104,85,43,549,1,0
618,1,4.292325,3.234599,1.057726,781,spongent,OMNeT++; module=UavAuthNetwork.uav[8]; config=StadiumSPONGENT,0.857037,0.569414,0.269158,1.125103,0.217318,0.033722,0.47039,1.125103,2.332047,0.186041,0.127356,0.840408,StadiumSPONGENT,StadiumSPONGENT-23-20260922-20:31:46-1127338,8,StadiumSPONGENT-23-20260922-20:31:46-1127338|phase2|8,23,23,23,spongent,10,,,,1.512925,0.47039,0.792397,0.557052,0.104913,0.002715,0.79407,0.565797,0.097891,0.001814,104,85,43,549,1,0
619,1,4.352836,3.274613,1.078223,781,spongent,OMNeT++; module=UavAuthNetwork.uav[9]; config=StadiumSPONGENT,0.886351,0.57261,0.24409,1.132046,0.226851,0.035035,0.476532,1.132046,2.334852,0.176902,0.12417,0.851372,StadiumSPONGENT,StadiumSPONGENT-23-20260922-20:31:46-1127338,9,StadiumSPONGENT-23-20260922-20:31:46-1127338|phase2|9,23,23,23,spongent,10,,,,1.499215,0.476532,0.797896,0.574714,0.108912,0.001744,0.795904,0.563102,0.099032,0.001643,104,85,43,549,1,0
620,1,4.351578,3.271787,1.079791,781,spongent,OMNeT++; module=UavAuthNetwork.uav[0]; config=StadiumSPONGENT,0.865041,0.581376,0.241464,1.140492,0.236295,0.032881,0.473126,1.140492,2.331777,0.162374,0.125762,0.843496,StadiumSPONGENT,StadiumSPONGENT-24-20260922-20:31:46-1127338,0,StadiumSPONGENT-24-20260922-20:31:46-1127338|phase2|0,24,24,24,spongent,10,,,,1.483629,0.473126,0.792538,0.569053,0.114061,0.001593,0.792948,0.566408,0.104353,0.001873,104,85,43,549,1,0
621,1,4.38661,3.293006,1.093604,781,spongent,OMNeT++; module=UavAuthNetwork.uav[1]; config=StadiumSPONGENT,0.901509,0.580896,0.258103,1.131935,0.239147,0.035104,0.507749,1.131935,2.362424,0.166383,0.127627,0.854457,StadiumSPONGENT,StadiumSPONGENT-24-20260922-20:31:46-1127338,1,StadiumSPONGENT-24-20260922-20:31:46-1127338|phase2|1,24,24,24,spongent,10,,,,1.51809,0.507749,0.791174,0.564466,0.109232,0.001633,0.821571,0.573161,0.101258,0.002474,104,85,43,549,1,0
622,1,4.339269,3.276405,1.062864,781,spongent,OMNeT++; module=UavAuthNetwork.uav[2]; config=StadiumSPONGENT,0.890539,0.578581,0.253089,1.129611,0.224941,0.03785,0.496429,1.129611,2.335894,0.189884,0.126644,0.837922,StadiumSPONGENT,StadiumSPONGENT-24-20260922-20:31:46-1127338,2,StadiumSPONGENT-24-20260922-20:31:46-1127338|phase2|2,24,24,24,spongent,10,,,,1.505837,0.496429,0.792376,0.563153,0.100847,0.001372,0.79366,0.566648,0.103742,0.001733,104,85,43,549,1,0
623,1,4.319737,3.248694,1.071043,781,spongent,OMNeT++; module=UavAuthNetwork.uav[3]; config=StadiumSPONGENT,0.878456,0.576227,0.265423,1.120585,0.231786,0.034454,0.483004,1.120585,2.337668,0.170336,0.129068,0.839256,StadiumSPONGENT,StadiumSPONGENT-24-20260922-20:31:46-1127338,3,StadiumSPONGENT-24-20260922-20:31:46-1127338|phase2|3,24,24,24,spongent,10,,,,1.506802,0.483004,0.788228,0.558423,0.109473,0.001453,0.7992,0.571648,0.100225,0.001533,104,85,43,549,1,0
624,1,4.350551,3.271946,1.078605,781,spongent,OMNeT++; module=UavAuthNetwork.uav[4]; config=StadiumSPONGENT,0.861746,0.577118,0.248682,1.139779,0.216109,0.033903,0.479046,1.139779,2.336997,0.162962,0.130642,0.862496,StadiumSPONGENT,StadiumSPONGENT-24-20260922-20:31:46-1127338,4,StadiumSPONGENT-24-20260922-20:31:46-1127338|phase2|4,24,24,24,spongent,10,,,,1.490249,0.479046,0.789962,0.563734,0.110545,0.002295,0.792958,0.571939,0.098332,0.002004,104,85,43,549,1,0
625,1,4.373982,3.30128,1.072702,781,spongent,OMNeT++; module=UavAuthNetwork.uav[5]; config=StadiumSPONGENT,0.877845,0.586405,0.247386,1.14563,0.222842,0.037299,0.476051,1.14563,2.331446,0.190181,0.132175,0.849861,StadiumSPONGENT,StadiumSPONGENT-24-20260922-20:31:46-1127338,5,StadiumSPONGENT-24-20260922-20:31:46-1127338|phase2|5,24,24,24,spongent,10,,,,1.510269,0.476051,0.798978,0.570657,0.10248,0.001603,0.800742,0.572691,0.101247,0.001683,104,85,43,549,1,0
626,1,4.408664,3.319787,1.088877,781,spongent,OMNeT++; module=UavAuthNetwork.uav[6]; config=StadiumSPONGENT,0.866614,0.577239,0.247141,1.164767,0.254303,0.034795,0.479417,1.164767,2.358065,0.162529,0.123639,0.834574,StadiumSPONGENT,StadiumSPONGENT-24-20260922-20:31:46-1127338,6,StadiumSPONGENT-24-20260922-20:31:46-1127338|phase2|6,24,24,24,spongent,10,,,,1.498547,0.479417,0.816943,0.570936,0.102459,0.001453,0.803888,0.57269,0.100396,0.001573,104,85,43,549,1,0
627,1,4.391025,3.302503,1.088522,781,spongent,OMNeT++; module=UavAuthNetwork.uav[7]; config=StadiumSPONGENT,0.904394,0.58377,0.256919,1.136404,0.219183,0.035315,0.507199,1.136404,2.373874,0.215868,0.125301,0.869339,StadiumSPONGENT,StadiumSPONGENT-24-20260922-20:31:46-1127338,7,StadiumSPONGENT-24-20260922-20:31:46-1127338|phase2|7,24,24,24,spongent,10,,,,1.561309,0.507199,0.805101,0.563703,0.103722,0.001613,0.809329,0.568382,0.101137,0.001743,104,85,43,549,1,0
628,1,4.345367,3.282355,1.063012,781,spongent,OMNeT++; module=UavAuthNetwork.uav[8]; config=StadiumSPONGENT,0.877194,0.583009,0.26249,1.140781,0.217906,0.03803,0.473266,1.140781,2.330314,0.169632,0.123599,0.845106,StadiumSPONGENT,StadiumSPONGENT-24-20260922-20:31:46-1127338,8,StadiumSPONGENT-24-20260922-20:31:46-1127338|phase2|8,24,24,24,spongent,10,,,,1.495134,0.473266,0.807165,0.566318,0.105114,0.001383,0.798679,0.56707,0.101157,0.002194,104,85,43,549,1,0
629,1,4.335408,3.279741,1.055667,781,spongent,OMNeT++; module=UavAuthNetwork.uav[9]; config=StadiumSPONGENT,0.870963,0.579262,0.247482,1.142725,0.216666,0.034324,0.475731,1.142725,2.326467,0.189092,0.123328,0.839001,StadiumSPONGENT,StadiumSPONGENT-24-20260922-20:31:46-1127338,9,StadiumSPONGENT-24-20260922-20:31:46-1127338|phase2|9,24,24,24,spongent,10,,,,1.492241,0.475731,0.800443,0.575706,0.101508,0.001453,0.797136,0.562792,0.099695,0.001483,104,85,43,549,1,0
630,1,4.358454,3.295871,1.062583,781,spongent,OMNeT++; module=UavAuthNetwork.uav[0]; config=StadiumSPONGENT,0.900627,0.580334,0.255726,1.135662,0.214169,0.034263,0.490618,1.135662,2.33359,0.178807,0.12392,0.848414,StadiumSPONGENT,StadiumSPONGENT-25-20260922-20:31:46-1127338,0,StadiumSPONGENT-25-20260922-20:31:46-1127338|phase2|0,25,25,25,spongent,10,,,,1.497116,0.490618,0.796974,0.569444,0.117228,0.001613,0.79417,0.56674,0.099574,0.001924,104,85,43,549,1,0
631,1,4.355699,3.253031,1.102668,781,spongent,OMNeT++; module=UavAuthNetwork.uav[1]; config=StadiumSPONGENT,0.867405,0.573071,0.247978,1.129511,0.230871,0.034163,0.481902,1.129511,2.341785,0.157953,0.126604,0.871797,StadiumSPONGENT,StadiumSPONGENT-25-20260922-20:31:46-1127338,1,StadiumSPONGENT-25-20260922-20:31:46-1127338|phase2|1,25,25,25,spongent,10,,,,1.508599,0.481902,0.794051,0.559716,0.101617,0.001383,0.792868,0.571489,0.098301,0.001483,104,85,43,549,1,0
632,1,4.401374,3.255576,1.145798,781,spongent,OMNeT++; module=UavAuthNetwork.uav[2]; config=StadiumSPONGENT,0.859411,0.586837,0.271245,1.132436,0.262361,0.033652,0.474178,1.132436,2.369536,0.170137,0.131293,0.883437,StadiumSPONGENT,StadiumSPONGENT-25-20260922-20:31:46-1127338,2,StadiumSPONGENT-25-20260922-20:31:46-1127338|phase2|2,25,25,25,spongent,10,,,,1.587181,0.474178,0.793579,0.566308,0.099814,0.002275,0.80481,0.57227,0.098562,0.001884,104,85,43,549,1,0
633,1,4.390939,3.323452,1.067487,781,spongent,OMNeT++; module=UavAuthNetwork.uav[3]; config=StadiumSPONGENT,0.887824,0.581657,0.249491,1.15622,0.228683,0.040805,0.484066,1.15622,2.326768,0.16028,0.123188,0.838805,StadiumSPONGENT,StadiumSPONGENT-25-20260922-20:31:46-1127338,3,StadiumSPONGENT-25-20260922-20:31:46-1127338|phase2|3,25,25,25,spongent,10,,,,1.477258,0.484066,0.811281,0.569454,0.110334,0.001373,0.798769,0.566569,0.099275,0.001513,104,85,43,549,1,0
634,1,4.307685,3.247482,1.060203,781,spongent,OMNeT++; module=UavAuthNetwork.uav[4]; config=StadiumSPONGENT,0.866193,0.578561,0.245058,1.12886,0.223187,0.034794,0.48055,1.12886,2.34414,0.168589,0.123569,0.837016,StadiumSPONGENT,StadiumSPONGENT-25-20260922-20:31:46-1127338,4,StadiumSPONGENT-25-20260922-20:31:46-1127338|phase2|4,25,25,25,spongent,10,,,,1.47385,0.48055,0.78803,0.56729,0.099583,0.001382,0.794562,0.585474,0.099414,0.001593,104,85,43,549,1,0
635,1,4.315226,3.243544,1.071682,781,spongent,OMNeT++; module=UavAuthNetwork.uav[5]; config=StadiumSPONGENT,0.872896,0.576487,0.271153,1.121646,0.225287,0.034413,0.486972,1.121646,2.328801,0.170974,0.127356,0.846395,StadiumSPONGENT,StadiumSPONGENT-25-20260922-20:31:46-1127338,5,StadiumSPONGENT-25-20260922-20:31:46-1127338|phase2|5,25,25,25,spongent,10,,,,1.513809,0.486972,0.786737,0.560748,0.101428,0.001393,0.792188,0.566539,0.098563,0.001433,104,85,43,549,1,0
636,1,4.342616,3.277225,1.065391,781,spongent,OMNeT++; module=UavAuthNetwork.uav[6]; config=StadiumSPONGENT,0.878336,0.604379,0.243164,1.136954,0.223883,0.035425,0.490999,1.136954,2.346363,0.16692,0.124981,0.841508,StadiumSPONGENT,StadiumSPONGENT-25-20260922-20:31:46-1127338,6,StadiumSPONGENT-25-20260922-20:31:46-1127338|phase2|6,25,25,25,spongent,10,,,,1.475475,0.490999,0.795634,0.559466,0.109382,0.002054,0.820248,0.57758,0.098993,0.001783,104,85,43,549,1,0
637,1,4.333011,3.277909,1.055102,781,spongent,OMNeT++; module=UavAuthNetwork.uav[7]; config=StadiumSPONGENT,0.88021,0.580685,0.251867,1.134931,0.219595,0.038842,0.477654,1.134931,2.325384,0.17786,0.127837,0.835507,StadiumSPONGENT,StadiumSPONGENT-25-20260922-20:31:46-1127338,7,StadiumSPONGENT-25-20260922-20:31:46-1127338|phase2|7,25,25,25,spongent,10,,,,1.484829,0.477654,0.804488,0.560257,0.102228,0.001412,0.792687,0.567791,0.103974,0.001493,104,85,43,549,1,0
638,1,4.322461,3.245337,1.077124,781,spongent,OMNeT++; module=UavAuthNetwork.uav[8]; config=StadiumSPONGENT,0.855183,0.584041,0.243003,1.129581,0.222807,0.033853,0.470871,1.129581,2.325545,0.202082,0.130992,0.854316,StadiumSPONGENT,StadiumSPONGENT-25-20260922-20:31:46-1127338,8,StadiumSPONGENT-25-20260922-20:31:46-1127338|phase2|8,25,25,25,spongent,10,,,,1.522209,0.470871,0.794922,0.5617,0.099974,0.001373,0.796855,0.571829,0.099394,0.001633,104,85,43,549,1,0
639,1,4.423428,3.360762,1.062666,781,spongent,OMNeT++; module=UavAuthNetwork.uav[9]; config=StadiumSPONGENT,0.885419,0.58357,0.272332,1.174204,0.219885,0.033852,0.478045,1.174204,2.383763,0.158248,0.126935,0.84278,StadiumSPONGENT,StadiumSPONGENT-25-20260922-20:31:46-1127338,9,StadiumSPONGENT-25-20260922-20:31:46-1127338|phase2|9,25,25,25,spongent,10,,,,1.493246,0.478045,0.810822,0.603768,0.106787,0.001754,0.811793,0.569304,0.105496,0.001903,104,85,43,549,1,0
640,1,4.366452,3.289881,1.076571,781,spongent,OMNeT++; module=UavAuthNetwork.uav[0]; config=StadiumSPONGENT,0.886461,0.579843,0.267217,1.13949,0.242605,0.033622,0.490739,1.13949,2.343819,0.174841,0.12444,0.833967,StadiumSPONGENT,StadiumSPONGENT-26-20260922-20:31:47-1127338,0,StadiumSPONGENT-26-20260922-20:31:47-1127338|phase2|0,26,26,26,spongent,10,,,,1.51863,0.490739,0.789632,0.558133,0.12963,0.001633,0.795121,0.577289,0.098883,0.002184,104,85,43,549,1,0
641,1,4.368948,3.267129,1.101819,781,spongent,OMNeT++; module=UavAuthNetwork.uav[1]; config=StadiumSPONGENT,0.868948,0.582388,0.259917,1.125925,0.254423,0.03811,0.478366,1.125925,2.341445,0.170345,0.146331,0.847396,StadiumSPONGENT,StadiumSPONGENT-26-20260922-20:31:47-1127338,1,StadiumSPONGENT-26-20260922-20:31:47-1127338|phase2|1,26,26,26,spongent,10,,,,1.532081,0.478366,0.793058,0.559626,0.099584,0.001773,0.794892,0.57293,0.098443,0.001763,104,85,43,549,1,0
642,1,4.316535,3.247531,1.069004,781,spongent,OMNeT++; module=UavAuthNetwork.uav[2]; config=StadiumSPONGENT,0.86983,0.579313,0.255405,1.124902,0.220464,0.036768,0.476893,1.124902,2.325084,0.169042,0.127897,0.84854,StadiumSPONGENT,StadiumSPONGENT-26-20260922-20:31:47-1127338,2,StadiumSPONGENT-26-20260922-20:31:47-1127338|phase2|2,26,26,26,spongent,10,,,,1.493452,0.476893,0.791826,0.558674,0.10272,0.001403,0.793771,0.568612,0.098622,0.001883,104,85,43,549,1,0
643,1,4.304599,3.237174,1.067425,781,spongent,OMNeT++; module=UavAuthNetwork.uav[3]; config=StadiumSPONGENT,0.859722,0.587999,0.263253,1.127047,0.224353,0.033753,0.476231,1.127047,2.337036,0.16374,0.123358,0.843072,StadiumSPONGENT,StadiumSPONGENT-26-20260922-20:31:47-1127338,3,StadiumSPONGENT-26-20260922-20:31:47-1127338|phase2|3,26,26,26,spongent,10,,,,1.494418,0.476231,0.793427,0.559836,0.099264,0.001383,0.802586,0.573772,0.098662,0.001432,104,85,43,549,1,0
644,1,4.337698,3.246771,1.090927,781,spongent,OMNeT++; module=UavAuthNetwork.uav[4]; config=StadiumSPONGENT,0.864781,0.57263,0.250786,1.12901,0.243085,0.033552,0.475299,1.12901,2.331706,0.167743,0.12397,0.847842,StadiumSPONGENT,StadiumSPONGENT-26-20260922-20:31:47-1127338,4,StadiumSPONGENT-26-20260922-20:31:47-1127338|phase2|4,26,26,26,spongent,10,,,,1.509456,0.475299,0.799469,0.562011,0.099364,0.001402,0.796013,0.562983,0.098543,0.001492,104,85,43,549,1,0
645,1,4.350212,3.26744,1.082772,781,spongent,OMNeT++; module=UavAuthNetwork.uav[5]; config=StadiumSPONGENT,0.864761,0.57788,0.25802,1.13939,0.249294,0.033763,0.472915,1.13939,2.34451,0.168706,0.123899,0.833478,StadiumSPONGENT,StadiumSPONGENT-26-20260922-20:31:47-1127338,5,StadiumSPONGENT-26-20260922-20:31:47-1127338|phase2|5,26,26,26,spongent,10,,,,1.509497,0.472915,0.81104,0.559155,0.102491,0.001653,0.797907,0.568342,0.098953,0.001704,104,85,43,549,1,0
646,1,4.318873,3.243645,1.075228,781,spongent,OMNeT++; module=UavAuthNetwork.uav[6]; config=StadiumSPONGENT,0.874479,0.579172,0.248288,1.123129,0.23818,0.036277,0.478336,1.123129,2.340743,0.177166,0.122908,0.837048,StadiumSPONGENT,StadiumSPONGENT-26-20260922-20:31:47-1127338,6,StadiumSPONGENT-26-20260922-20:31:47-1127338|phase2|6,26,26,26,spongent,10,,,,1.500682,0.478336,0.79944,0.557602,0.099293,0.001292,0.801193,0.566138,0.098652,0.001433,104,85,43,549,1,0
647,1,4.332073,3.236681,1.095392,781,spongent,OMNeT++; module=UavAuthNetwork.uav[7]; config=StadiumSPONGENT,0.860513,0.575375,0.243559,1.126565,0.244024,0.033462,0.472645,1.126565,2.330414,0.163009,0.123038,0.851368,StadiumSPONGENT,StadiumSPONGENT-26-20260922-20:31:47-1127338,7,StadiumSPONGENT-26-20260922-20:31:47-1127338|phase2|7,26,26,26,spongent,10,,,,1.501959,0.472645,0.792377,0.560507,0.103662,0.001312,0.803647,0.561709,0.098674,0.001422,104,85,43,549,1,0
648,1,4.306565,3.252452,1.054113,781,spongent,OMNeT++; module=UavAuthNetwork.uav[8]; config=StadiumSPONGENT,0.854101,0.571197,0.245983,1.136474,0.215462,0.033482,0.467145,1.136474,2.348187,0.165251,0.125403,0.838651,StadiumSPONGENT,StadiumSPONGENT-26-20260922-20:31:47-1127338,8,StadiumSPONGENT-26-20260922-20:31:47-1127338|phase2|8,26,26,26,spongent,10,,,,1.465347,0.467145,0.803197,0.558734,0.105335,0.001784,0.806503,0.565056,0.101449,0.002795,104,85,43,549,1,0
649,1,4.339547,3.288959,1.050588,781,spongent,OMNeT++; module=UavAuthNetwork.uav[9]; config=StadiumSPONGENT,0.875591,0.570797,0.259269,1.14517,0.21524,0.037479,0.478175,1.14517,2.333771,0.189781,0.123028,0.835348,StadiumSPONGENT,StadiumSPONGENT-26-20260922-20:31:47-1127338,9,StadiumSPONGENT-26-20260922-20:31:47-1127338|phase2|9,26,26,26,spongent,10,,,,1.499638,0.478175,0.808435,0.568934,0.099735,0.001333,0.791424,0.562352,0.097972,0.001402,104,85,43,549,1,0
650,1,4.365034,3.296733,1.068301,781,spongent,OMNeT++; module=UavAuthNetwork.uav[0]; config=StadiumSPONGENT,0.890679,0.587177,0.262672,1.140341,0.226344,0.033472,0.490458,1.140341,2.338139,0.16255,0.125372,0.841956,StadiumSPONGENT,StadiumSPONGENT-27-20260922-20:31:47-1127338,0,StadiumSPONGENT-27-20260922-20:31:47-1127338|phase2|0,27,27,27,spongent,10,,,,1.493523,0.490458,0.795072,0.566419,0.120834,0.001914,0.802185,0.571748,0.100687,0.002314,104,85,43,549,1,0
651,1,4.492853,3.410664,1.082189,781,spongent,OMNeT++; module=UavAuthNetwork.uav[1]; config=StadiumSPONGENT,1.004029,0.657757,0.2613,1.138297,0.22699,0.039163,0.51347,1.138297,2.342987,0.186012,0.130041,0.855199,StadiumSPONGENT,StadiumSPONGENT-27-20260922-20:31:47-1127338,1,StadiumSPONGENT-27-20260922-20:31:47-1127338|phase2|1,27,27,27,spongent,10,,,,1.529501,0.51347,0.845776,0.58798,0.117718,0.001663,0.845716,0.584312,0.108791,0.002054,104,85,43,549,1,0
652,1,4.318482,3.263551,1.054931,781,spongent,OMNeT++; module=UavAuthNetwork.uav[2]; config=StadiumSPONGENT,0.883986,0.578521,0.252264,1.127247,0.21972,0.043591,0.475791,1.127247,2.356843,0.167469,0.125071,0.835212,StadiumSPONGENT,StadiumSPONGENT-27-20260922-20:31:47-1127338,2,StadiumSPONGENT-27-20260922-20:31:47-1127338|phase2|2,27,27,27,spongent,10,,,,1.474664,0.475791,0.801754,0.55715,0.101789,0.001572,0.795662,0.579503,0.099354,0.001863,104,85,43,549,1,0
653,1,4.385804,3.314176,1.071628,781,spongent,OMNeT++; module=UavAuthNetwork.uav[3]; config=StadiumSPONGENT,0.883475,0.57816,0.284681,1.149849,0.23338,0.03792,0.478345,1.149849,2.360079,0.180103,0.131003,0.838248,StadiumSPONGENT,StadiumSPONGENT-27-20260922-20:31:47-1127338,3,StadiumSPONGENT-27-20260922-20:31:47-1127338|phase2|3,27,27,27,spongent,10,,,,1.536412,0.478345,0.822654,0.562761,0.10256,0.001503,0.803406,0.570958,0.100115,0.001924,104,85,43,549,1,0
654,1,4.546992,3.462369,1.084623,781,spongent,OMNeT++; module=UavAuthNetwork.uav[4]; config=StadiumSPONGENT,0.914563,0.581757,0.268102,1.210701,0.245071,0.038251,0.505656,1.210701,2.373213,0.186619,0.126404,0.839552,StadiumSPONGENT,StadiumSPONGENT-27-20260922-20:31:47-1127338,4,StadiumSPONGENT-27-20260922-20:31:47-1127338|phase2|4,27,27,27,spongent,10,,,,1.539345,0.505656,0.838441,0.598367,0.115243,0.001693,0.810589,0.580866,0.101378,0.002325,104,85,43,549,1,0
655,1,4.348801,3.29526,1.053541,781,spongent,OMNeT++; module=UavAuthNetwork.uav[5]; config=StadiumSPONGENT,0.881021,0.581106,0.241417,1.144689,0.220603,0.038972,0.484577,1.144689,2.354749,0.165831,0.124861,0.832937,StadiumSPONGENT,StadiumSPONGENT-27-20260922-20:31:47-1127338,5,StadiumSPONGENT-27-20260922-20:31:47-1127338|phase2|5,27,27,27,spongent,10,,,,1.460789,0.484577,0.798759,0.571047,0.101398,0.001432,0.810721,0.582168,0.100796,0.001903,104,85,43,549,1,0
656,1,4.345044,3.242082,1.102962,781,spongent,OMNeT++; module=UavAuthNetwork.uav[6]; config=StadiumSPONGENT,0.86951,0.578902,0.252042,1.124642,0.254423,0.035305,0.481702,1.124642,2.324322,0.181264,0.123288,0.848539,StadiumSPONGENT,StadiumSPONGENT-27-20260922-20:31:47-1127338,6,StadiumSPONGENT-27-20260922-20:31:47-1127338|phase2|6,27,27,27,spongent,10,,,,1.536268,0.481702,0.786626,0.564395,0.100036,0.001402,0.800992,0.56721,0.097831,0.001413,104,85,43,549,1,0
657,1,4.316941,3.245077,1.071864,781,spongent,OMNeT++; module=UavAuthNetwork.uav[7]; config=StadiumSPONGENT,0.860062,0.577479,0.288037,1.130092,0.22202,0.033442,0.476262,1.130092,2.357935,0.178913,0.124831,0.849845,StadiumSPONGENT,StadiumSPONGENT-27-20260922-20:31:47-1127338,7,StadiumSPONGENT-27-20260922-20:31:47-1127338|phase2|7,27,27,27,spongent,10,,,,1.538815,0.476262,0.791125,0.565696,0.099264,0.001623,0.798047,0.58844,0.098303,0.002124,104,85,43,549,1,0
658,1,4.332497,3.267249,1.065248,781,spongent,OMNeT++; module=UavAuthNetwork.uav[8]; config=StadiumSPONGENT,0.880841,0.579032,0.261631,1.131625,0.229166,0.03803,0.486611,1.131625,2.33919,0.199822,0.123158,0.836081,StadiumSPONGENT,StadiumSPONGENT-27-20260922-20:31:47-1127338,8,StadiumSPONGENT-27-20260922-20:31:47-1127338|phase2|8,27,27,27,spongent,10,,,,1.526701,0.486611,0.789561,0.56749,0.10269,0.001413,0.792788,0.572921,0.103101,0.001553,104,85,43,549,1,0
659,1,4.318748,3.246821,1.071927,781,spongent,OMNeT++; module=UavAuthNetwork.uav[9]; config=StadiumSPONGENT,0.862397,0.585023,0.249342,1.130743,0.237281,0.033462,0.477454,1.130743,2.334371,0.16328,0.122938,0.834646,StadiumSPONGENT,StadiumSPONGENT-27-20260922-20:31:47-1127338,9,StadiumSPONGENT-27-20260922-20:31:47-1127338|phase2|9,27,27,27,spongent,10,,,,1.484549,0.477454,0.793019,0.560938,0.104042,0.001293,0.80446,0.574283,0.098943,0.001423,104,85,43,549,1,0
660,1,4.398966,3.32243,1.076536,781,spongent,OMNeT++; module=UavAuthNetwork.uav[0]; config=StadiumSPONGENT,0.90231,0.58335,0.243232,1.146232,0.232465,0.033703,0.49167,1.146232,2.352555,0.176491,0.127656,0.84407,StadiumSPONGENT,StadiumSPONGENT-28-20260922-20:31:47-1127338,0,StadiumSPONGENT-28-20260922-20:31:47-1127338|phase2|0,28,28,28,spongent,10,,,,1.496258,0.49167,0.803988,0.575205,0.117147,0.001573,0.800191,0.570085,0.100897,0.001963,104,85,43,549,1,0
661,1,4.359305,3.259936,1.099369,781,spongent,OMNeT++; module=UavAuthNetwork.uav[1]; config=StadiumSPONGENT,0.867596,0.597917,0.261302,1.133088,0.238462,0.034473,0.478757,1.133088,2.354097,0.162409,0.126164,0.860907,StadiumSPONGENT,StadiumSPONGENT-28-20260922-20:31:47-1127338,1,StadiumSPONGENT-28-20260922-20:31:47-1127338|phase2|1,28,28,28,spongent,10,,,,1.52308,0.478757,0.791756,0.567961,0.10242,0.001393,0.8208,0.573111,0.099264,0.001633,104,85,43,549,1,0
662,1,4.350213,3.271728,1.078485,781,spongent,OMNeT++; module=UavAuthNetwork.uav[2]; config=StadiumSPONGENT,0.871113,0.581466,0.254589,1.137436,0.23726,0.034344,0.481922,1.137436,2.350571,0.195947,0.125743,0.841225,StadiumSPONGENT,StadiumSPONGENT-28-20260922-20:31:47-1127338,2,StadiumSPONGENT-28-20260922-20:31:47-1127338|phase2|2,28,28,28,spongent,10,,,,1.52902,0.481922,0.795843,0.570907,0.100546,0.001563,0.805029,0.570235,0.098622,0.001673,104,85,43,549,1,0
663,1,4.416794,3.333902,1.082892,781,spongent,OMNeT++; module=UavAuthNetwork.uav[3]; config=StadiumSPONGENT,0.914943,0.584432,0.25589,1.147144,0.225638,0.051436,0.49185,1.147144,2.343428,0.18819,0.124671,0.857253,StadiumSPONGENT,StadiumSPONGENT-28-20260922-20:31:47-1127338,3,StadiumSPONGENT-28-20260922-20:31:47-1127338|phase2|3,28,28,28,spongent,10,,,,1.526972,0.49185,0.804439,0.570296,0.107028,0.001453,0.802015,0.573771,0.099955,0.001794,104,85,43,549,1,0
664,1,4.37145,3.291844,1.079606,781,spongent,OMNeT++; module=UavAuthNetwork.uav[4]; config=StadiumSPONGENT,0.889997,0.586927,0.254427,1.138598,0.218447,0.035936,0.498563,1.138598,2.351082,0.161993,0.124651,0.861158,StadiumSPONGENT,StadiumSPONGENT-28-20260922-20:31:47-1127338,4,StadiumSPONGENT-28-20260922-20:31:47-1127338|phase2|4,28,28,28,spongent,10,,,,1.496025,0.498563,0.801012,0.561981,0.103742,0.001312,0.803878,0.570556,0.098613,0.001543,104,85,43,549,1,0
665,1,4.346114,3.26856,1.077554,781,spongent,OMNeT++; module=UavAuthNetwork.uav[5]; config=StadiumSPONGENT,0.867245,0.583761,0.269759,1.136544,0.230227,0.038111,0.47572,1.136544,2.352185,0.17374,0.128227,0.847327,StadiumSPONGENT,StadiumSPONGENT-28-20260922-20:31:47-1127338,5,StadiumSPONGENT-28-20260922-20:31:47-1127338|phase2|5,28,28,28,spongent,10,,,,1.521053,0.47572,0.798007,0.567972,0.100035,0.001503,0.805221,0.570235,0.105105,0.001453,104,85,43,549,1,0
666,1,4.590881,3.477918,1.112963,781,spongent,OMNeT++; module=UavAuthNetwork.uav[6]; config=StadiumSPONGENT,0.86441,0.585784,0.264095,1.243602,0.255511,0.033602,0.478025,1.243602,2.493416,0.164204,0.126304,0.857452,StadiumSPONGENT,StadiumSPONGENT-28-20260922-20:31:47-1127338,6,StadiumSPONGENT-28-20260922-20:31:47-1127338|phase2|6,28,28,28,spongent,10,,,,1.541262,0.478025,0.842179,0.623605,0.106417,0.001994,0.892703,0.61575,0.103091,0.002064,104,85,43,549,1,0
667,1,4.350011,3.28438,1.065631,781,spongent,OMNeT++; module=UavAuthNetwork.uav[7]; config=StadiumSPONGENT,0.883595,0.578872,0.249159,1.136965,0.219984,0.040004,0.478786,1.136965,2.358666,0.171852,0.126855,0.845647,StadiumSPONGENT,StadiumSPONGENT-28-20260922-20:31:47-1127338,7,StadiumSPONGENT-28-20260922-20:31:47-1127338|phase2|7,28,28,28,spongent,10,,,,1.486642,0.478786,0.796214,0.573622,0.100526,0.001433,0.7942,0.569083,0.098993,0.001483,104,85,43,549,1,0
668,1,4.375299,3.293398,1.081901,781,spongent,OMNeT++; module=UavAuthNetwork.uav[8]; config=StadiumSPONGENT,0.869901,0.57772,0.264301,1.149859,0.226241,0.034294,0.481401,1.149859,2.350501,0.176739,0.123779,0.85566,StadiumSPONGENT,StadiumSPONGENT-28-20260922-20:31:47-1127338,8,StadiumSPONGENT-28-20260922-20:31:47-1127338|phase2|8,28,28,28,spongent,10,,,,1.522941,0.481401,0.808999,0.569444,0.100515,0.001312,0.797497,0.570967,0.098433,0.001442,104,85,43,549,1,0
669,1,4.403926,3.328713,1.075213,781,spongent,OMNeT++; module=UavAuthNetwork.uav[9]; config=StadiumSPONGENT,0.872485,0.584291,0.244292,1.164857,0.237087,0.033542,0.486511,1.164857,2.388541,0.193811,0.126514,0.838126,StadiumSPONGENT,StadiumSPONGENT-28-20260922-20:31:47-1127338,9,StadiumSPONGENT-28-20260922-20:31:47-1127338|phase2|9,28,28,28,spongent,10,,,,1.513316,0.486511,0.795223,0.597457,0.100546,0.001723,0.818414,0.58341,0.105215,0.001703,104,85,43,549,1,0
670,1,4.390572,3.278289,1.112283,781,spongent,OMNeT++; module=UavAuthNetwork.uav[0]; config=StadiumSPONGENT,0.886842,0.580936,0.243412,1.133408,0.251718,0.033462,0.489947,1.133408,2.325325,0.16986,0.124631,0.860566,StadiumSPONGENT,StadiumSPONGENT-29-20260922-20:31:47-1127338,0,StadiumSPONGENT-29-20260922-20:31:47-1127338|phase2|0,29,29,29,spongent,10,,,,1.525555,0.489947,0.79433,0.563263,0.114522,0.001703,0.7942,0.568934,0.099364,0.002104,104,85,43,549,1,0
671,1,4.342097,3.275954,1.066143,781,spongent,OMNeT++; module=UavAuthNetwork.uav[1]; config=StadiumSPONGENT,0.867236,0.575074,0.267147,1.135622,0.224109,0.033172,0.484617,1.135622,2.349099,0.163955,0.137474,0.842034,StadiumSPONGENT,StadiumSPONGENT-29-20260922-20:31:47-1127338,1,StadiumSPONGENT-29-20260922-20:31:47-1127338|phase2|1,29,29,29,spongent,10,,,,1.497246,0.484617,0.795593,0.565557,0.099865,0.001744,0.800482,0.574783,0.098132,0.002154,104,85,43,549,1,0
672,1,4.366756,3.30151,1.065246,781,spongent,OMNeT++; module=UavAuthNetwork.uav[2]; config=StadiumSPONGENT,0.877424,0.587718,0.257203,1.150339,0.220608,0.036648,0.48095,1.150339,2.326817,0.202506,0.123408,0.844639,StadiumSPONGENT,StadiumSPONGENT-29-20260922-20:31:47-1127338,2,StadiumSPONGENT-29-20260922-20:31:47-1127338|phase2|2,29,29,29,spongent,10,,,,1.524955,0.48095,0.795181,0.571147,0.114162,0.001342,0.802765,0.574744,0.098692,0.001734,104,85,43,549,1,0
673,1,4.352245,3.280383,1.071862,781,spongent,OMNeT++; module=UavAuthNetwork.uav[3]; config=StadiumSPONGENT,0.872816,0.578962,0.256923,1.142114,0.226039,0.033372,0.489236,1.142114,2.335523,0.162577,0.123339,0.845823,StadiumSPONGENT,StadiumSPONGENT-29-20260922-20:31:47-1127338,3,StadiumSPONGENT-29-20260922-20:31:47-1127338|phase2|3,29,29,29,spongent,10,,,,1.491362,0.489236,0.795372,0.57286,0.100115,0.001513,0.789582,0.573893,0.104974,0.001533,104,85,43,549,1,0
674,1,4.314534,3.258161,1.056373,781,spongent,OMNeT++; module=UavAuthNetwork.uav[4]; config=StadiumSPONGENT,0.866995,0.578641,0.279026,1.130803,0.216079,0.033723,0.482673,1.130803,2.329252,0.165903,0.12956,0.840294,StadiumSPONGENT,StadiumSPONGENT-29-20260922-20:31:47-1127338,4,StadiumSPONGENT-29-20260922-20:31:47-1127338|phase2|4,29,29,29,spongent,10,,,,1.501302,0.482673,0.795483,0.557542,0.104464,0.001412,0.796164,0.568463,0.098252,0.001793,104,85,43,549,1,0
675,1,4.388325,3.303476,1.084849,781,spongent,OMNeT++; module=UavAuthNetwork.uav[5]; config=StadiumSPONGENT,0.872785,0.585214,0.251752,1.1503,0.229072,0.033552,0.487582,1.1503,2.342657,0.166361,0.130091,0.855777,StadiumSPONGENT,StadiumSPONGENT-29-20260922-20:31:47-1127338,5,StadiumSPONGENT-29-20260922-20:31:47-1127338|phase2|5,29,29,29,spongent,10,,,,1.502962,0.487582,0.813786,0.561168,0.103161,0.001683,0.798027,0.570907,0.104043,0.001853,104,85,43,549,1,0
676,1,4.379475,3.269071,1.110404,781,spongent,OMNeT++; module=UavAuthNetwork.uav[6]; config=StadiumSPONGENT,0.895508,0.579883,0.254546,1.122828,0.263424,0.045935,0.493754,1.122828,2.327548,0.16161,0.127907,0.846979,StadiumSPONGENT,StadiumSPONGENT-29-20260922-20:31:47-1127338,6,StadiumSPONGENT-29-20260922-20:31:47-1127338|phase2|6,29,29,29,spongent,10,,,,1.52656,0.493754,0.792166,0.55623,0.101418,0.001483,0.792116,0.571578,0.098553,0.001493,104,85,43,549,1,0
677,1,4.349084,3.254152,1.094932,781,spongent,OMNeT++; module=UavAuthNetwork.uav[7]; config=StadiumSPONGENT,0.866414,0.580895,0.260157,1.130602,0.256603,0.033682,0.478336,1.130602,2.346755,0.189631,0.126534,0.838329,StadiumSPONGENT,StadiumSPONGENT-29-20260922-20:31:47-1127338,7,StadiumSPONGENT-29-20260922-20:31:47-1127338|phase2|7,29,29,29,spongent,10,,,,1.54472,0.478336,0.796594,0.560708,0.10288,0.001292,0.808869,0.573091,0.098923,0.001563,104,85,43,549,1,0
678,1,4.316052,3.250147,1.065905,781,spongent,OMNeT++; module=UavAuthNetwork.uav[8]; config=StadiumSPONGENT,0.867546,0.573242,0.246848,1.12876,0.219677,0.033733,0.479778,1.12876,2.363656,0.168307,0.125081,0.846228,StadiumSPONGENT,StadiumSPONGENT-29-20260922-20:31:47-1127338,8,StadiumSPONGENT-29-20260922-20:31:47-1127338|phase2|8,29,29,29,spongent,10,,,,1.48106,0.479778,0.799951,0.558544,0.100595,0.001684,0.800493,0.576968,0.098943,0.001964,104,85,43,549,1,0
679,1,4.346578,3.27446,1.072118,781,spongent,OMNeT++; module=UavAuthNetwork.uav[9]; config=StadiumSPONGENT,0.887402,0.577039,0.249396,1.131775,0.230064,0.038881,0.482222,1.131775,2.331025,0.16846,0.123508,0.842054,StadiumSPONGENT,StadiumSPONGENT-29-20260922-20:31:47-1127338,9,StadiumSPONGENT-29-20260922-20:31:47-1127338|phase2|9,29,29,29,spongent,10,,,,1.489974,0.482222,0.799941,0.566359,0.104304,0.001403,0.797537,0.564164,0.098923,0.001462,104,85,43,549,1,0
680,1,4.950348,3.874033,1.076315,781,spongent,OMNeT++; module=UavAuthNetwork.uav[0]; config=StadiumSPONGENT,0.977861,0.640265,0.249726,1.384293,0.232185,0.040375,0.540059,1.384293,2.575327,0.186971,0.127586,0.84413,StadiumSPONGENT,StadiumSPONGENT-3-20260922-20:31:42-1127338,0,StadiumSPONGENT-3-20260922-20:31:42-1127338|phase2|0,3,3,3,spongent,10,,,,1.513012,0.540059,0.901016,0.687333,0.164194,0.001713,0.84852,0.640275,0.115605,0.002004,104,85,43,549,1,0
681,1,4.516274,3.44071,1.075564,781,spongent,OMNeT++; module=UavAuthNetwork.uav[1]; config=StadiumSPONGENT,0.921286,0.592176,0.287174,1.195403,0.234064,0.036848,0.515965,1.195403,2.731887,0.175748,0.128618,0.8415,StadiumSPONGENT,StadiumSPONGENT-3-20260922-20:31:42-1127338,1,StadiumSPONGENT-3-20260922-20:31:42-1127338|phase2|1,3,3,3,spongent,10,,,,1.538486,0.515965,0.832802,0.592527,0.109763,0.001603,0.854242,0.649663,0.142163,0.001924,104,85,43,549,1,0
682,1,4.717307,3.644788,1.072519,781,spongent,OMNeT++; module=UavAuthNetwork.uav[2]; config=StadiumSPONGENT,0.969354,0.632922,0.265616,1.269711,0.238633,0.039202,0.526365,1.269711,2.961772,0.164095,0.136012,0.833886,StadiumSPONGENT,StadiumSPONGENT-3-20260922-20:31:42-1127338,2,StadiumSPONGENT-3-20260922-20:31:42-1127338|phase2|2,3,3,3,spongent,10,,,,1.50223,0.526365,0.92345,0.603978,0.11394,0.002044,0.856937,0.792578,0.130491,0.002094,104,85,43,549,1,0
683,1,4.792054,3.730265,1.061789,781,spongent,OMNeT++; module=UavAuthNetwork.uav[3]; config=StadiumSPONGENT,1.017474,0.594381,0.259868,1.270822,0.217535,0.046346,0.590904,1.270822,2.796317,0.180963,0.171147,0.844254,StadiumSPONGENT,StadiumSPONGENT-3-20260922-20:31:42-1127338,3,StadiumSPONGENT-3-20260922-20:31:42-1127338|phase2|3,3,3,3,spongent,10,,,,1.50262,0.590904,0.818966,0.679629,0.11855,0.001893,0.993229,0.622062,0.113651,0.001813,104,85,43,549,1,0
684,1,4.769209,3.704467,1.064742,781,spongent,OMNeT++; module=UavAuthNetwork.uav[4]; config=StadiumSPONGENT,1.006523,0.659131,0.294036,1.278657,0.229769,0.045354,0.561329,1.278657,2.653182,0.160682,0.14063,0.834973,StadiumSPONGENT,StadiumSPONGENT-3-20260922-20:31:42-1127338,4,StadiumSPONGENT-3-20260922-20:31:42-1127338|phase2|4,3,3,3,spongent,10,,,,1.519461,0.561329,0.892412,0.636298,0.115654,0.001743,0.897723,0.638853,0.118369,0.001744,104,85,43,549,1,0
685,1,4.654139,3.595256,1.058883,781,spongent,OMNeT++; module=UavAuthNetwork.uav[5]; config=StadiumSPONGENT,0.992076,0.637631,0.257923,1.234596,0.21866,0.045394,0.547454,1.234596,2.513754,0.189043,0.133988,0.840223,StadiumSPONGENT,StadiumSPONGENT-3-20260922-20:31:42-1127338,5,StadiumSPONGENT-3-20260922-20:31:42-1127338|phase2|5,3,3,3,spongent,10,,,,1.505849,0.547454,0.877986,0.609919,0.116225,0.001814,0.857357,0.629476,0.117318,0.001713,104,85,43,549,1,0
686,1,4.752625,3.698326,1.054299,781,spongent,OMNeT++; module=UavAuthNetwork.uav[6]; config=StadiumSPONGENT,0.941333,0.675891,0.241023,1.31279,0.215949,0.040975,0.521345,1.31279,2.664973,0.17993,0.131413,0.83835,StadiumSPONGENT,StadiumSPONGENT-3-20260922-20:31:42-1127338,6,StadiumSPONGENT-3-20260922-20:31:42-1127338|phase2|6,3,3,3,spongent,10,,,,1.475253,0.521345,0.90268,0.638021,0.115733,0.001654,0.93468,0.667686,0.120473,0.001913,104,85,43,549,1,0
687,1,4.849995,3.757305,1.09269,781,spongent,OMNeT++; module=UavAuthNetwork.uav[7]; config=StadiumSPONGENT,1.028253,0.669279,0.252172,1.29092,0.233682,0.04328,0.549848,1.29092,2.651999,0.175546,0.147212,0.859008,StadiumSPONGENT,StadiumSPONGENT-3-20260922-20:31:42-1127338,7,StadiumSPONGENT-3-20260922-20:31:42-1127338|phase2|7,3,3,3,spongent,10,,,,1.520408,0.549848,0.890218,0.679508,0.122386,0.002364,0.906468,0.638653,0.118398,0.001803,104,85,43,549,1,0
688,1,4.798631,3.730416,1.068215,781,spongent,OMNeT++; module=UavAuthNetwork.uav[8]; config=StadiumSPONGENT,1.07009,0.690899,0.24693,1.260033,0.232634,0.045244,0.591595,1.260033,2.732949,0.180383,0.14026,0.835581,StadiumSPONGENT,StadiumSPONGENT-3-20260922-20:31:42-1127338,8,StadiumSPONGENT-3-20260922-20:31:42-1127338|phase2|8,3,3,3,spongent,10,,,,1.495529,0.591595,0.90773,0.629455,0.122597,0.002184,0.938658,0.637571,0.133006,0.002745,104,85,43,549,1,0
689,1,4.885715,3.794834,1.090881,781,spongent,OMNeT++; module=UavAuthNetwork.uav[9]; config=StadiumSPONGENT,1.034204,0.659981,0.251319,1.310706,0.244157,0.044592,0.560337,1.310706,2.601656,0.166278,0.139218,0.846724,StadiumSPONGENT,StadiumSPONGENT-3-20260922-20:31:42-1127338,9,StadiumSPONGENT-3-20260922-20:31:42-1127338|phase2|9,3,3,3,spongent,10,,,,1.508478,0.560337,0.920085,0.661264,0.123047,0.001583,0.906247,0.634794,0.120533,0.002545,104,85,43,549,1,0
690,1,4.687484,3.613481,1.074003,781,spongent,OMNeT++; module=UavAuthNetwork.uav[0]; config=StadiumSPONGENT,0.958084,0.619487,0.253513,1.231841,0.227468,0.038972,0.522147,1.231841,3.230019,0.173339,0.191715,0.846535,StadiumSPONGENT,StadiumSPONGENT-4-20260922-20:31:42-1127338,0,StadiumSPONGENT-4-20260922-20:31:42-1127338|phase2|0,4,4,4,spongent,10,,,,1.500855,0.522147,0.860273,0.605991,0.128137,0.002464,0.921987,0.740572,0.13529,0.003066,104,85,43,549,1,0
691,1,4.831267,3.763627,1.06764,781,spongent,OMNeT++; module=UavAuthNetwork.uav[1]; config=StadiumSPONGENT,1.22638,0.602335,0.247422,1.203698,0.215673,0.079577,0.747734,1.203698,2.461326,0.159418,0.129851,0.851967,StadiumSPONGENT,StadiumSPONGENT-4-20260922-20:31:42-1127338,1,StadiumSPONGENT-4-20260922-20:31:42-1127338|phase2|1,4,4,4,spongent,10,,,,1.47448,0.747734,0.841467,0.597146,0.115914,0.001492,0.845946,0.584121,0.105175,0.002184,104,85,43,549,1,0
692,1,5.015467,3.928852,1.086615,781,spongent,OMNeT++; module=UavAuthNetwork.uav[2]; config=StadiumSPONGENT,0.973953,0.665842,0.251234,1.373883,0.232516,0.039012,0.510605,1.373883,3.044616,0.178186,0.207133,0.8541,StadiumSPONGENT,StadiumSPONGENT-4-20260922-20:31:42-1127338,2,StadiumSPONGENT-4-20260922-20:31:42-1127338|phase2|2,4,4,4,spongent,10,,,,1.516035,0.510605,0.916546,0.737986,0.111647,0.003306,0.912591,0.66413,0.145539,0.003096,104,85,43,549,1,0
693,1,6.10876,5.029782,1.078978,781,spongent,OMNeT++; module=UavAuthNetwork.uav[3]; config=StadiumSPONGENT,1.581478,0.718951,0.254426,1.641659,0.245948,0.10279,0.8589,1.641659,3.336867,0.195317,0.164986,0.83303,StadiumSPONGENT,StadiumSPONGENT-4-20260922-20:31:42-1127338,3,StadiumSPONGENT-4-20260922-20:31:42-1127338|phase2|3,4,4,4,spongent,10,,,,1.528721,0.8589,1.173713,0.814507,0.212022,0.003136,1.001835,0.854171,0.163463,0.003567,104,85,43,549,1,0
694,1,4.807391,3.72768,1.079711,781,spongent,OMNeT++; module=UavAuthNetwork.uav[4]; config=StadiumSPONGENT,1.063398,0.62149,0.276796,1.238653,0.223333,0.076241,0.576016,1.238653,2.858121,0.164659,0.186976,0.856378,StadiumSPONGENT,StadiumSPONGENT-4-20260922-20:31:42-1127338,4,StadiumSPONGENT-4-20260922-20:31:42-1127338|phase2|4,4,4,4,spongent,10,,,,1.521166,0.576016,0.833524,0.623494,0.146661,0.003096,0.869289,0.692813,0.124059,0.002595,104,85,43,549,1,0
695,1,4.934005,3.871586,1.062419,781,spongent,OMNeT++; module=UavAuthNetwork.uav[5]; config=StadiumSPONGENT,1.233934,0.727617,0.256425,1.249673,0.217876,0.084577,0.684427,1.249673,2.702573,0.190998,0.138306,0.844543,StadiumSPONGENT,StadiumSPONGENT-4-20260922-20:31:42-1127338,5,StadiumSPONGENT-4-20260922-20:31:42-1127338|phase2|5,4,4,4,spongent,10,,,,1.509842,0.684427,0.879518,0.63709,0.141752,0.002184,0.93486,0.728288,0.127966,0.003096,104,85,43,549,1,0
696,1,4.782963,3.71693,1.066033,781,spongent,OMNeT++; module=UavAuthNetwork.uav[6]; config=StadiumSPONGENT,1.097732,0.650925,0.253378,1.231379,0.215548,0.049672,0.572169,1.231379,2.605914,0.16318,0.15644,0.850485,StadiumSPONGENT,StadiumSPONGENT-4-20260922-20:31:42-1127338,6,StadiumSPONGENT-4-20260922-20:31:42-1127338|phase2|6,4,4,4,spongent,10,,,,1.48259,0.572169,0.903772,0.625979,0.137325,0.002715,0.890289,0.688194,0.113791,0.002164,104,85,43,549,1,0
697,1,4.932808,3.870924,1.061884,781,spongent,OMNeT++; module=UavAuthNetwork.uav[7]; config=StadiumSPONGENT,1.068989,0.652238,0.257241,1.331965,0.214669,0.065622,0.53506,1.331965,2.939661,0.158203,0.138005,0.847215,StadiumSPONGENT,StadiumSPONGENT-4-20260922-20:31:42-1127338,7,StadiumSPONGENT-4-20260922-20:31:42-1127338|phase2|7,4,4,4,spongent,10,,,,1.477328,0.53506,0.967782,0.628473,0.155218,0.001854,0.962913,0.723669,0.130832,0.002365,104,85,43,549,1,0
698,1,4.678347,3.609101,1.069246,781,spongent,OMNeT++; module=UavAuthNetwork.uav[8]; config=StadiumSPONGENT,0.992146,0.647679,0.251906,1.240326,0.220797,0.049131,0.538638,1.240326,2.566772,0.171399,0.136303,0.848449,StadiumSPONGENT,StadiumSPONGENT-4-20260922-20:31:42-1127338,8,StadiumSPONGENT-4-20260922-20:31:42-1127338|phase2|8,4,4,4,spongent,10,,,,1.492551,0.538638,0.874358,0.612153,0.124039,0.002094,0.889346,0.618184,0.109943,0.002375,104,85,43,549,1,0
699,1,4.575486,3.521829,1.053657,781,spongent,OMNeT++; module=UavAuthNetwork.uav[9]; config=StadiumSPONGENT,0.960618,0.636869,0.286069,1.213296,0.21554,0.039854,0.532776,1.213296,2.549891,0.177986,0.134619,0.838117,StadiumSPONGENT,StadiumSPONGENT-4-20260922-20:31:42-1127338,9,StadiumSPONGENT-4-20260922-20:31:42-1127338|phase2|9,4,4,4,spongent,10,,,,1.517712,0.532776,0.856504,0.600642,0.110113,0.001663,0.863889,0.63722,0.115364,0.002285,104,85,43,549,1,0
700,1,4.497505,3.436612,1.060893,781,spongent,OMNeT++; module=UavAuthNetwork.uav[0]; config=StadiumSPONGENT,0.910185,0.584472,0.24115,1.196425,0.215422,0.04353,0.492883,1.196425,2.401886,0.180186,0.133577,0.845471,StadiumSPONGENT,StadiumSPONGENT-5-20260922-20:31:42-1127338,0,StadiumSPONGENT-5-20260922-20:31:42-1127338|phase2|0,5,5,5,spongent,10,,,,1.482229,0.492883,0.804259,0.614918,0.119361,0.001853,0.797837,0.573542,0.111687,0.003667,104,85,43,549,1,0
701,1,4.426616,3.353359,1.073257,781,spongent,OMNeT++; module=UavAuthNetwork.uav[1]; config=StadiumSPONGENT,0.944759,0.587217,0.240961,1.141684,0.223502,0.051856,0.520574,1.141684,2.356382,0.166102,0.125232,0.849755,StadiumSPONGENT,StadiumSPONGENT-5-20260922-20:31:42-1127338,1,StadiumSPONGENT-5-20260922-20:31:42-1127338|phase2|1,5,5,5,spongent,10,,,,1.48032,0.520574,0.800231,0.567941,0.110636,0.001553,0.803126,0.57219,0.101046,0.001863,104,85,43,549,1,0
702,1,4.371152,3.30094,1.070212,781,spongent,OMNeT++; module=UavAuthNetwork.uav[2]; config=StadiumSPONGENT,0.888996,0.587107,0.252816,1.143847,0.222889,0.038582,0.483615,1.143847,2.373143,0.219358,0.12425,0.847323,StadiumSPONGENT,StadiumSPONGENT-5-20260922-20:31:42-1127338,2,StadiumSPONGENT-5-20260922-20:31:42-1127338|phase2|2,5,5,5,spongent,10,,,,1.542386,0.483615,0.817012,0.564144,0.10204,0.001403,0.816481,0.573471,0.100627,0.001533,104,85,43,549,1,0
703,1,4.439114,3.357016,1.082098,781,spongent,OMNeT++; module=UavAuthNetwork.uav[3]; config=StadiumSPONGENT,0.879378,0.592146,0.264103,1.174044,0.232537,0.033922,0.472816,1.174044,2.465323,0.187932,0.12955,0.849561,StadiumSPONGENT,StadiumSPONGENT-5-20260922-20:31:42-1127338,3,StadiumSPONGENT-5-20260922-20:31:42-1127338|phase2|3,5,5,5,spongent,10,,,,1.534133,0.472816,0.823935,0.584051,0.112077,0.001893,0.813205,0.58901,0.100326,0.001964,104,85,43,549,1,0
704,1,4.64499,3.551063,1.093927,781,spongent,OMNeT++; module=UavAuthNetwork.uav[4]; config=StadiumSPONGENT,0.946131,0.696008,0.254947,1.238312,0.234407,0.04308,0.510044,1.238312,2.465364,0.175951,0.128308,0.859521,StadiumSPONGENT,StadiumSPONGENT-5-20260922-20:31:42-1127338,4,StadiumSPONGENT-5-20260922-20:31:42-1127338|phase2|4,5,5,5,spongent,10,,,,1.524825,0.510044,0.880741,0.573881,0.143615,0.001773,0.868168,0.606533,0.137063,0.002454,104,85,43,549,1,0
705,1,4.509085,3.439437,1.069648,781,spongent,OMNeT++; module=UavAuthNetwork.uav[5]; config=StadiumSPONGENT,0.930883,0.601855,0.251345,1.184593,0.229386,0.044172,0.49692,1.184593,2.48993,0.172304,0.139368,0.840262,StadiumSPONGENT,StadiumSPONGENT-5-20260922-20:31:42-1127338,5,StadiumSPONGENT-5-20260922-20:31:42-1127338|phase2|5,5,5,5,spongent,10,,,,1.493297,0.49692,0.834775,0.591505,0.11325,0.001903,0.857798,0.596835,0.109412,0.001913,104,85,43,549,1,0
706,1,4.518762,3.465036,1.053726,781,spongent,OMNeT++; module=UavAuthNetwork.uav[6]; config=StadiumSPONGENT,0.925072,0.610239,0.249698,1.203098,0.215077,0.041758,0.518219,1.203098,2.498475,0.166169,0.133768,0.838649,StadiumSPONGENT,StadiumSPONGENT-5-20260922-20:31:42-1127338,6,StadiumSPONGENT-5-20260922-20:31:42-1127338|phase2|6,5,5,5,spongent,10,,,,1.469594,0.518219,0.851227,0.577108,0.108141,0.001733,0.825349,0.602215,0.099294,0.002104,104,85,43,549,1,0
707,1,4.980566,3.886664,1.093902,781,spongent,OMNeT++; module=UavAuthNetwork.uav[7]; config=StadiumSPONGENT,1.239133,0.670462,0.255405,1.256015,0.226767,0.083404,0.721836,1.256015,2.462528,0.177332,0.135501,0.867135,StadiumSPONGENT,StadiumSPONGENT-5-20260922-20:31:42-1127338,7,StadiumSPONGENT-5-20260922-20:31:42-1127338|phase2|7,5,5,5,spongent,10,,,,1.526639,0.721836,0.902791,0.613846,0.127626,0.001904,0.860512,0.612824,0.110875,0.002494,104,85,43,549,1,0
708,1,4.521136,3.449957,1.071179,781,spongent,OMNeT++; module=UavAuthNetwork.uav[8]; config=StadiumSPONGENT,0.948986,0.616441,0.257236,1.186006,0.224603,0.042679,0.523529,1.186006,2.494017,0.174168,0.128959,0.846576,StadiumSPONGENT,StadiumSPONGENT-5-20260922-20:31:42-1127338,8,StadiumSPONGENT-5-20260922-20:31:42-1127338|phase2|8,5,5,5,spongent,10,,,,1.502583,0.523529,0.834465,0.590594,0.111116,0.001763,0.839965,0.602216,0.102771,0.002214,104,85,43,549,1,0
709,1,4.866645,3.793171,1.073474,781,spongent,OMNeT++; module=UavAuthNetwork.uav[9]; config=StadiumSPONGENT,0.960367,0.707961,0.256879,1.340181,0.236927,0.038671,0.492873,1.340181,2.958166,0.174389,0.152442,0.836547,StadiumSPONGENT,StadiumSPONGENT-5-20260922-20:31:42-1127338,9,StadiumSPONGENT-5-20260922-20:31:42-1127338|phase2|9,5,5,5,spongent,10,,,,1.504742,0.492873,0.888074,0.705456,0.141973,0.002374,0.908321,0.743336,0.129069,0.006502,104,85,43,549,1,0
710,1,4.61079,3.512985,1.097805,781,spongent,OMNeT++; module=UavAuthNetwork.uav[0]; config=StadiumSPONGENT,1.013827,0.621491,0.246599,1.183802,0.251098,0.039664,0.559405,1.183802,2.466686,0.181669,0.131554,0.846707,StadiumSPONGENT,StadiumSPONGENT-6-20260922-20:31:43-1127338,0,StadiumSPONGENT-6-20260922-20:31:43-1127338|phase2|0,6,6,6,spongent,10,,,,1.526074,0.559405,0.829465,0.606742,0.125112,0.001553,0.8533,0.611101,0.106146,0.002474,104,85,43,549,1,0
711,1,4.443598,3.393381,1.050217,781,spongent,OMNeT++; module=UavAuthNetwork.uav[1]; config=StadiumSPONGENT,0.913932,0.60536,0.254137,1.175195,0.21526,0.042358,0.505415,1.175195,2.420641,0.17107,0.129059,0.834957,StadiumSPONGENT,StadiumSPONGENT-6-20260922-20:31:43-1127338,1,StadiumSPONGENT-6-20260922-20:31:43-1127338|phase2|1,6,6,6,spongent,10,,,,1.475425,0.505415,0.833514,0.575255,0.105174,0.001393,0.830877,0.590233,0.10266,0.001633,104,85,43,549,1,0
712,1,4.51015,3.439577,1.070573,781,spongent,OMNeT++; module=UavAuthNetwork.uav[2]; config=StadiumSPONGENT,0.887894,0.578401,0.260794,1.191986,0.229266,0.035015,0.48617,1.191986,2.849204,0.161041,0.167711,0.841307,StadiumSPONGENT,StadiumSPONGENT-6-20260922-20:31:43-1127338,2,StadiumSPONGENT-6-20260922-20:31:43-1127338|phase2|2,6,6,6,spongent,10,,,,1.492408,0.48617,0.84248,0.582889,0.10775,0.002284,0.811282,0.67565,0.100946,0.003386,104,85,43,549,1,0
713,1,5.10897,4.036222,1.072748,781,spongent,OMNeT++; module=UavAuthNetwork.uav[3]; config=StadiumSPONGENT,1.165788,0.722908,0.243022,1.36121,0.220278,0.069649,0.625528,1.36121,2.826763,0.158505,0.148014,0.85247,StadiumSPONGENT,StadiumSPONGENT-6-20260922-20:31:43-1127338,3,StadiumSPONGENT-6-20260922-20:31:43-1127338|phase2|3,6,6,6,spongent,10,,,,1.474275,0.625528,0.98372,0.665001,0.138236,0.001683,0.981347,0.710795,0.133356,0.002274,104,85,43,549,1,0
714,1,4.713658,3.62411,1.089548,781,spongent,OMNeT++; module=UavAuthNetwork.uav[4]; config=StadiumSPONGENT,1.064461,0.697271,0.259656,1.216312,0.214398,0.049412,0.586335,1.216312,2.39271,0.169163,0.127025,0.87515,StadiumSPONGENT,StadiumSPONGENT-6-20260922-20:31:43-1127338,4,StadiumSPONGENT-6-20260922-20:31:43-1127338|phase2|4,6,6,6,spongent,10,,,,1.518366,0.586335,0.884678,0.607144,0.116956,0.001583,0.883625,0.601323,0.110705,0.001693,104,85,43,549,1,0
715,1,4.508199,3.420854,1.087345,781,spongent,OMNeT++; module=UavAuthNetwork.uav[5]; config=StadiumSPONGENT,0.91283,0.592707,0.241087,1.184343,0.241551,0.036799,0.48653,1.184343,2.543678,0.164653,0.139338,0.845794,StadiumSPONGENT,StadiumSPONGENT-6-20260922-20:31:43-1127338,5,StadiumSPONGENT-6-20260922-20:31:43-1127338|phase2|5,6,6,6,spongent,10,,,,1.493085,0.48653,0.829426,0.592376,0.124169,0.001683,0.871723,0.588308,0.106146,0.001813,104,85,43,549,1,0
716,1,4.895425,3.806195,1.08923,781,spongent,OMNeT++; module=UavAuthNetwork.uav[6]; config=StadiumSPONGENT,1.088935,0.695407,0.26326,1.282474,0.248712,0.039333,0.606623,1.282474,2.449014,0.192223,0.152312,0.840518,StadiumSPONGENT,StadiumSPONGENT-6-20260922-20:31:43-1127338,6,StadiumSPONGENT-6-20260922-20:31:43-1127338|phase2|6,6,6,6,spongent,10,,,,1.544712,0.606623,0.956821,0.609909,0.127887,0.002425,0.871173,0.592938,0.109612,0.001684,104,85,43,549,1,0
717,1,4.856732,3.746316,1.110416,781,spongent,OMNeT++; module=UavAuthNetwork.uav[7]; config=StadiumSPONGENT,1.204841,0.624286,0.24913,1.20465,0.244822,0.053158,0.65373,1.20465,2.461357,0.173556,0.132175,0.865594,StadiumSPONGENT,StadiumSPONGENT-6-20260922-20:31:43-1127338,7,StadiumSPONGENT-6-20260922-20:31:43-1127338|phase2|7,6,6,6,spongent,10,,,,1.533103,0.65373,0.912691,0.624687,0.130262,0.001753,0.84892,0.5945,0.109463,0.001794,104,85,43,549,1,0
718,1,4.532772,3.470903,1.061869,781,spongent,OMNeT++; module=UavAuthNetwork.uav[8]; config=StadiumSPONGENT,0.952863,0.605341,0.262523,1.187267,0.222476,0.039493,0.521325,1.187267,2.56563,0.191774,0.143506,0.839393,StadiumSPONGENT,StadiumSPONGENT-6-20260922-20:31:43-1127338,8,StadiumSPONGENT-6-20260922-20:31:43-1127338|phase2|8,6,6,6,spongent,10,,,,1.516167,0.521325,0.822202,0.61566,0.108451,0.001953,0.892461,0.593097,0.108189,0.002014,104,85,43,549,1,0
719,1,4.506205,3.42416,1.082045,781,spongent,OMNeT++; module=UavAuthNetwork.uav[9]; config=StadiumSPONGENT,0.949178,0.619276,0.28727,1.171469,0.218636,0.040354,0.515023,1.171469,2.472678,0.165138,0.132044,0.863408,StadiumSPONGENT,StadiumSPONGENT-6-20260922-20:31:43-1127338,9,StadiumSPONGENT-6-20260922-20:31:43-1127338|phase2|9,6,6,6,spongent,10,,,,1.534453,0.515023,0.824446,0.592757,0.109242,0.001703,0.842871,0.607875,0.104383,0.001724,104,85,43,549,1,0
720,1,4.536653,3.475244,1.061409,781,spongent,OMNeT++; module=UavAuthNetwork.uav[0]; config=StadiumSPONGENT,0.973371,0.672535,0.247163,1.188521,0.220975,0.042769,0.528548,1.188521,2.384845,0.170527,0.124831,0.840435,StadiumSPONGENT,StadiumSPONGENT-7-20260922-20:31:43-1127338,0,StadiumSPONGENT-7-20260922-20:31:43-1127338|phase2|0,7,7,7,spongent,10,,,,1.479099,0.528548,0.83775,0.586305,0.127216,0.001703,0.860382,0.595864,0.109022,0.002164,104,85,43,549,1,0
721,1,4.495185,3.421002,1.074183,781,spongent,OMNeT++; module=UavAuthNetwork.uav[1]; config=StadiumSPONGENT,0.957362,0.598858,0.253573,1.164706,0.231183,0.039092,0.55609,1.164706,2.471806,0.169969,0.134228,0.843,StadiumSPONGENT,StadiumSPONGENT-7-20260922-20:31:43-1127338,1,StadiumSPONGENT-7-20260922-20:31:43-1127338|phase2|1,7,7,7,spongent,10,,,,1.497724,0.55609,0.809918,0.577299,0.108871,0.001713,0.836828,0.595182,0.114492,0.002164,104,85,43,549,1,0
722,1,4.626845,3.551966,1.074879,781,spongent,OMNeT++; module=UavAuthNetwork.uav[2]; config=StadiumSPONGENT,0.987959,0.628644,0.241033,1.213487,0.228696,0.04345,0.541603,1.213487,2.46898,0.176896,0.137033,0.846183,StadiumSPONGENT,StadiumSPONGENT-7-20260922-20:31:43-1127338,2,StadiumSPONGENT-7-20260922-20:31:43-1127338|phase2|2,7,7,7,spongent,10,,,,1.492808,0.541603,0.863069,0.600061,0.121356,0.001703,0.835376,0.592467,0.114392,0.002224,104,85,43,549,1,0
723,1,4.364943,3.267739,1.097204,781,spongent,OMNeT++; module=UavAuthNetwork.uav[3]; config=StadiumSPONGENT,0.88595,0.581136,0.251376,1.126385,0.251157,0.039503,0.485759,1.126385,2.367653,0.160425,0.129019,0.846047,StadiumSPONGENT,StadiumSPONGENT-7-20260922-20:31:43-1127338,3,StadiumSPONGENT-7-20260922-20:31:43-1127338|phase2|3,7,7,7,spongent,10,,,,1.509004,0.485759,0.789563,0.564065,0.103091,0.001853,0.798599,0.569594,0.098132,0.002043,104,85,43,549,1,0
724,1,4.484488,3.426453,1.058035,781,spongent,OMNeT++; module=UavAuthNetwork.uav[4]; config=StadiumSPONGENT,0.894596,0.59954,0.245854,1.195473,0.215478,0.037099,0.492111,1.195473,2.39255,0.172727,0.140911,0.842558,StadiumSPONGENT,StadiumSPONGENT-7-20260922-20:31:43-1127338,4,StadiumSPONGENT-7-20260922-20:31:43-1127338|phase2|4,7,7,7,spongent,10,,,,1.476616,0.492111,0.844785,0.570667,0.115914,0.001894,0.818035,0.586085,0.116776,0.002335,104,85,43,549,1,0
725,1,4.392516,3.299978,1.092538,781,spongent,OMNeT++; module=UavAuthNetwork.uav[5]; config=StadiumSPONGENT,0.897682,0.585644,0.282257,1.138938,0.233688,0.040875,0.491199,1.138938,2.356332,0.170889,0.12442,0.85885,StadiumSPONGENT,StadiumSPONGENT-7-20260922-20:31:43-1127338,5,StadiumSPONGENT-7-20260922-20:31:43-1127338|phase2|5,7,7,7,spongent,10,,,,1.545683,0.491199,0.810219,0.560428,0.103271,0.001392,0.799792,0.57226,0.099825,0.001482,104,85,43,549,1,0
726,1,4.351427,3.249104,1.102323,781,spongent,OMNeT++; module=UavAuthNetwork.uav[6]; config=StadiumSPONGENT,0.867626,0.575576,0.271887,1.128519,0.221222,0.034665,0.474037,1.128519,2.346724,0.159728,0.12444,0.881101,StadiumSPONGENT,StadiumSPONGENT-7-20260922-20:31:43-1127338,6,StadiumSPONGENT-7-20260922-20:31:43-1127338|phase2|6,7,7,7,spongent,10,,,,1.533938,0.474037,0.800984,0.559857,0.100295,0.001422,0.79946,0.566689,0.099064,0.001603,104,85,43,549,1,0
727,1,4.510179,3.423718,1.086461,781,spongent,OMNeT++; module=UavAuthNetwork.uav[7]; config=StadiumSPONGENT,0.905236,0.576177,0.240931,1.195894,0.229761,0.034324,0.506788,1.195894,2.479871,0.179195,0.126694,0.8567,StadiumSPONGENT,StadiumSPONGENT-7-20260922-20:31:43-1127338,7,StadiumSPONGENT-7-20260922-20:31:43-1127338|phase2|7,7,7,7,spongent,10,,,,1.506587,0.506788,0.856215,0.566499,0.110314,0.001663,0.839454,0.587878,0.104534,0.002375,104,85,43,549,1,0
728,1,4.359584,3.298958,1.060626,781,spongent,OMNeT++; module=UavAuthNetwork.uav[8]; config=StadiumSPONGENT,0.899005,0.586536,0.268665,1.137426,0.220921,0.04284,0.486079,1.137426,2.347596,0.210569,0.125101,0.839706,StadiumSPONGENT,StadiumSPONGENT-7-20260922-20:31:43-1127338,8,StadiumSPONGENT-7-20260922-20:31:43-1127338|phase2|8,7,7,7,spongent,10,,,,1.53986,0.486079,0.799018,0.565345,0.112669,0.001683,0.798867,0.57824,0.099265,0.001844,104,85,43,549,1,0
729,1,4.359976,3.276614,1.083362,781,spongent,OMNeT++; module=UavAuthNetwork.uav[9]; config=StadiumSPONGENT,0.874198,0.580494,0.241105,1.137415,0.234868,0.035045,0.483605,1.137415,2.363164,0.161498,0.127586,0.848494,StadiumSPONGENT,StadiumSPONGENT-7-20260922-20:31:43-1127338,9,StadiumSPONGENT-7-20260922-20:31:43-1127338|phase2|9,7,7,7,spongent,10,,,,1.485965,0.483605,0.798378,0.566519,0.101007,0.001382,0.807616,0.57811,0.100617,0.001532,104,85,43,549,1,0
730,1,4.775393,3.682697,1.092696,781,spongent,OMNeT++; module=UavAuthNetwork.uav[0]; config=StadiumSPONGENT,1.020108,0.685369,0.258743,1.263098,0.221341,0.037219,0.55088,1.263098,2.559067,0.170668,0.136393,0.871355,StadiumSPONGENT,StadiumSPONGENT-8-20260922-20:31:43-1127338,0,StadiumSPONGENT-8-20260922-20:31:43-1127338|phase2|0,8,8,8,spongent,10,,,,1.522106,0.55088,0.897622,0.621391,0.141562,0.001763,0.905908,0.637118,0.111917,0.002464,104,85,43,549,1,0
731,1,4.449094,3.37539,1.073704,781,spongent,OMNeT++; module=UavAuthNetwork.uav[1]; config=StadiumSPONGENT,0.899195,0.602966,0.260491,1.175316,0.221713,0.041427,0.49119,1.175316,2.472176,0.185751,0.125563,0.851991,StadiumSPONGENT,StadiumSPONGENT-8-20260922-20:31:43-1127338,1,StadiumSPONGENT-8-20260922-20:31:43-1127338|phase2|1,8,8,8,spongent,10,,,,1.519946,0.49119,0.827761,0.577879,0.104664,0.001683,0.844504,0.590503,0.104264,0.001793,104,85,43,549,1,0
732,1,4.650412,3.602468,1.047944,781,spongent,OMNeT++; module=UavAuthNetwork.uav[2]; config=StadiumSPONGENT,0.874179,0.696549,0.253323,1.298082,0.214739,0.037669,0.471613,1.298082,2.388682,0.170735,0.132125,0.833205,StadiumSPONGENT,StadiumSPONGENT-8-20260922-20:31:43-1127338,2,StadiumSPONGENT-8-20260922-20:31:43-1127338|phase2|2,8,8,8,spongent,10,,,,1.472002,0.471613,0.944039,0.571028,0.119101,0.001844,0.896109,0.57821,0.117929,0.001954,104,85,43,549,1,0
733,1,4.539929,3.434328,1.105601,781,spongent,OMNeT++; module=UavAuthNetwork.uav[3]; config=StadiumSPONGENT,0.965798,0.60478,0.258087,1.170116,0.2317,0.073486,0.52933,1.170116,2.406976,0.164216,0.128298,0.873901,StadiumSPONGENT,StadiumSPONGENT-8-20260922-20:31:43-1127338,3,StadiumSPONGENT-8-20260922-20:31:43-1127338|phase2|3,8,8,8,spongent,10,,,,1.527904,0.52933,0.812583,0.584192,0.105015,0.001663,0.837271,0.581316,0.105746,0.001683,104,85,43,549,1,0
734,1,4.392974,3.317932,1.075042,781,spongent,OMNeT++; module=UavAuthNetwork.uav[4]; config=StadiumSPONGENT,0.908252,0.579934,0.251143,1.140451,0.221574,0.046937,0.500176,1.140451,2.358696,0.167897,0.128778,0.853468,StadiumSPONGENT,StadiumSPONGENT-8-20260922-20:31:43-1127338,4,StadiumSPONGENT-8-20260922-20:31:43-1127338|phase2|4,8,8,8,spongent,10,,,,1.494082,0.500176,0.797287,0.57255,0.103702,0.001423,0.797917,0.584492,0.106747,0.001723,104,85,43,549,1,0
735,1,4.392918,3.322818,1.0701,781,spongent,OMNeT++; module=UavAuthNetwork.uav[5]; config=StadiumSPONGENT,0.868016,0.583059,0.252052,1.15103,0.224103,0.035115,0.476061,1.15103,2.379525,0.158582,0.152742,0.845997,StadiumSPONGENT,StadiumSPONGENT-8-20260922-20:31:43-1127338,5,StadiumSPONGENT-8-20260922-20:31:43-1127338|phase2|5,8,8,8,spongent,10,,,,1.480734,0.476061,0.808907,0.571188,0.101127,0.001973,0.800183,0.57796,0.099284,0.001583,104,85,43,549,1,0
736,1,4.485573,3.427254,1.058319,781,spongent,OMNeT++; module=UavAuthNetwork.uav[6]; config=StadiumSPONGENT,0.907249,0.65918,0.257716,1.197076,0.223212,0.039483,0.493393,1.197076,2.3771,0.173442,0.125853,0.835108,StadiumSPONGENT,StadiumSPONGENT-8-20260922-20:31:43-1127338,6,StadiumSPONGENT-8-20260922-20:31:43-1127338|phase2|6,8,8,8,spongent,10,,,,1.489477,0.493393,0.829946,0.593769,0.111167,0.001613,0.871372,0.575846,0.105115,0.001633,104,85,43,549,1,0
737,1,4.419586,3.357495,1.062091,781,spongent,OMNeT++; module=UavAuthNetwork.uav[7]; config=StadiumSPONGENT,0.899575,0.589832,0.280253,1.162081,0.227502,0.036828,0.498703,1.162081,2.408709,0.161967,0.133758,0.834589,StadiumSPONGENT,StadiumSPONGENT-8-20260922-20:31:43-1127338,7,StadiumSPONGENT-8-20260922-20:31:43-1127338|phase2|7,8,8,8,spongent,10,,,,1.504312,0.498703,0.813666,0.574955,0.109233,0.001663,0.822663,0.590894,0.10241,0.001623,104,85,43,549,1,0
738,1,4.477739,3.393051,1.084688,781,spongent,OMNeT++; module=UavAuthNetwork.uav[8]; config=StadiumSPONGENT,0.912159,0.602235,0.250905,1.175796,0.2287,0.036808,0.510365,1.175796,2.381228,0.171136,0.1293,0.855988,StadiumSPONGENT,StadiumSPONGENT-8-20260922-20:31:43-1127338,8,StadiumSPONGENT-8-20260922-20:31:43-1127338|phase2|8,8,8,8,spongent,10,,,,1.506729,0.510365,0.803657,0.588179,0.120573,0.001813,0.812423,0.580815,0.114021,0.001703,104,85,43,549,1,0
739,1,4.995066,3.922502,1.072564,781,spongent,OMNeT++; module=UavAuthNetwork.uav[9]; config=StadiumSPONGENT,1.036859,0.579453,0.274864,1.376829,0.232092,0.037219,0.602565,1.376829,2.539091,0.162292,0.131985,0.840472,StadiumSPONGENT,StadiumSPONGENT-8-20260922-20:31:43-1127338,9,StadiumSPONGENT-8-20260922-20:31:43-1127338|phase2|9,8,8,8,spongent,10,,,,1.509719,0.602565,0.872536,0.746391,0.123357,0.001883,0.858992,0.588529,0.113309,0.002033,104,85,43,549,1,0
740,1,4.38006,3.288157,1.091903,781,spongent,OMNeT++; module=UavAuthNetwork.uav[0]; config=StadiumSPONGENT,0.878296,0.57274,0.251317,1.142164,0.253051,0.033222,0.478245,1.142164,2.505398,0.18046,0.125533,0.838852,StadiumSPONGENT,StadiumSPONGENT-9-20260922-20:31:43-1127338,0,StadiumSPONGENT-9-20260922-20:31:43-1127338|phase2|0,9,9,9,spongent,10,,,,1.52368,0.478245,0.798699,0.571237,0.115143,0.001833,0.787056,0.607134,0.106948,0.002084,104,85,43,549,1,0
741,1,4.333792,3.277108,1.056684,781,spongent,OMNeT++; module=UavAuthNetwork.uav[1]; config=StadiumSPONGENT,0.893213,0.579483,0.244709,1.129672,0.217526,0.043159,0.481491,1.129672,2.320285,0.175403,0.124551,0.839158,StadiumSPONGENT,StadiumSPONGENT-9-20260922-20:31:43-1127338,1,StadiumSPONGENT-9-20260922-20:31:43-1127338|phase2|1,9,9,9,spongent,10,,,,1.476796,0.481491,0.789332,0.565858,0.111927,0.001453,0.798678,0.569635,0.098863,0.001724,104,85,43,549,1,0
742,1,4.345513,3.267549,1.077964,781,spongent,OMNeT++; module=UavAuthNetwork.uav[2]; config=StadiumSPONGENT,0.882163,0.578301,0.281084,1.131264,0.235103,0.0378,0.489687,1.131264,2.354208,0.178227,0.122858,0.842861,StadiumSPONGENT,StadiumSPONGENT-9-20260922-20:31:43-1127338,2,StadiumSPONGENT-9-20260922-20:31:43-1127338|phase2|2,9,9,9,spongent,10,,,,1.537275,0.489687,0.791835,0.566869,0.100477,0.001373,0.792038,0.570015,0.098101,0.001513,104,85,43,549,1,0
743,1,4.381486,3.288698,1.092788,781,spongent,OMNeT++; module=UavAuthNetwork.uav[3]; config=StadiumSPONGENT,0.86413,0.581807,0.275446,1.124361,0.237928,0.034183,0.477384,1.124361,2.614109,0.167356,0.175846,0.85486,StadiumSPONGENT,StadiumSPONGENT-9-20260922-20:31:43-1127338,3,StadiumSPONGENT-9-20260922-20:31:43-1127338|phase2|3,9,9,9,spongent,10,,,,1.53559,0.477384,0.78849,0.557171,0.106437,0.002114,0.798156,0.569855,0.098953,0.002124,104,85,43,549,1,0
744,1,4.691495,3.621553,1.069942,781,spongent,OMNeT++; module=UavAuthNetwork.uav[4]; config=StadiumSPONGENT,0.999841,0.773832,0.269603,1.248701,0.232205,0.04886,0.528008,1.248701,2.330244,0.17009,0.12431,0.837737,StadiumSPONGENT,StadiumSPONGENT-9-20260922-20:31:43-1127338,4,StadiumSPONGENT-9-20260922-20:31:43-1127338|phase2|4,9,9,9,spongent,10,,,,1.509635,0.528008,0.911828,0.594201,0.128939,0.001563,0.969145,0.579042,0.107279,0.001813,104,85,43,549,1,0
745,1,4.475773,3.372533,1.10324,781,spongent,OMNeT++; module=UavAuthNetwork.uav[5]; config=StadiumSPONGENT,0.892392,0.578561,0.247849,1.16671,0.257755,0.038401,0.494034,1.16671,2.376579,0.159912,0.146721,0.845485,StadiumSPONGENT,StadiumSPONGENT-9-20260922-20:31:43-1127338,5,StadiumSPONGENT-9-20260922-20:31:43-1127338|phase2|5,9,9,9,spongent,10,,,,1.511,0.494034,0.788359,0.57188,0.133617,0.001563,0.810581,0.573681,0.105806,0.002134,104,85,43,549,1,0
746,1,4.457567,3.367215,1.090352,781,spongent,OMNeT++; module=UavAuthNetwork.uav[6]; config=StadiumSPONGENT,0.870883,0.60514,0.249374,1.185545,0.219852,0.040755,0.477314,1.185545,2.389734,0.173399,0.125242,0.870501,StadiumSPONGENT,StadiumSPONGENT-9-20260922-20:31:43-1127338,6,StadiumSPONGENT-9-20260922-20:31:43-1127338|phase2|6,9,9,9,spongent,10,,,,1.513125,0.477314,0.8265,0.582377,0.10222,0.001523,0.846187,0.563532,0.100405,0.001643,104,85,43,549,1,0
747,1,4.588431,3.479271,1.10916,781,spongent,OMNeT++; module=UavAuthNetwork.uav[7]; config=StadiumSPONGENT,0.993549,0.616141,0.252318,1.180616,0.256932,0.046446,0.548275,1.180616,2.374506,0.172562,0.12449,0.852229,StadiumSPONGENT,StadiumSPONGENT-9-20260922-20:31:43-1127338,7,StadiumSPONGENT-9-20260922-20:31:43-1127338|phase2|7,9,9,9,spongent,10,,,,1.534041,0.548275,0.877333,0.56221,0.110415,0.001773,0.850645,0.581918,0.103572,0.002064,104,85,43,549,1,0
748,1,4.374956,3.280274,1.094682,781,spongent,OMNeT++; module=UavAuthNetwork.uav[8]; config=StadiumSPONGENT,0.893504,0.576768,0.240652,1.130844,0.250698,0.038231,0.497831,1.130844,2.333179,0.180107,0.125082,0.843984,StadiumSPONGENT,StadiumSPONGENT-9-20260922-20:31:43-1127338,8,StadiumSPONGENT-9-20260922-20:31:43-1127338|phase2|8,9,9,9,spongent,10,,,,1.515441,0.497831,0.794892,0.563483,0.100235,0.001443,0.791195,0.574654,0.098332,0.001653,104,85,43,549,1,0
749,1,4.372091,3.320628,1.051463,781,spongent,OMNeT++; module=UavAuthNetwork.uav[9]; config=StadiumSPONGENT,0.868458,0.588659,0.253479,1.163975,0.216097,0.034504,0.482363,1.163975,2.347055,0.162312,0.12422,0.835366,StadiumSPONGENT,StadiumSPONGENT-9-20260922-20:31:43-1127338,9,StadiumSPONGENT-9-20260922-20:31:43-1127338|phase2|9,9,9,9,spongent,10,,,,1.467254,0.482363,0.795201,0.594019,0.101037,0.001463,0.807966,0.571428,0.099624,0.001553,104,85,43,549,1,0
