idx,run_id,config,runnumber,repetition,seedset,suite,num_uavs,puf_ber,fe_profile,attack_mode,module,role,primitive,calls,total_ms,mean_us,median_us,p95_us
0,HighNoise-0-20260809-23:07:24-359440,HighNoise,0,0,0,sha3,10,,,,UavAuthNetwork.groundStation,groundStation,aead_seal,9,0.057649,6.405444,4.298,15.9662
1,HighNoise-0-20260809-23:07:24-359440,HighNoise,0,0,0,sha3,10,,,,UavAuthNetwork.groundStation,groundStation,dh_derive,9,1.130321,125.591222,122.793,136.562
2,HighNoise-0-20260809-23:07:24-359440,HighNoise,0,0,0,sha3,10,,,,UavAuthNetwork.groundStation,groundStation,dh_keygen,9,0.623944,69.327111,64.853,86.047
3,HighNoise-0-20260809-23:07:24-359440,HighNoise,0,0,0,sha3,10,,,,UavAuthNetwork.groundStation,groundStation,extract,10,0.049674,4.9674,4.859,5.42755
4,HighNoise-0-20260809-23:07:24-359440,HighNoise,0,0,0,sha3,10,,,,UavAuthNetwork.groundStation,groundStation,kdf,167,1.500549,8.985323,8.266,10.034
5,HighNoise-0-20260809-23:07:24-359440,HighNoise,0,0,0,sha3,10,,,,UavAuthNetwork.groundStation,groundStation,mac,9,0.047289,5.254333,4.789,7.3738
6,HighNoise-0-20260809-23:07:24-359440,HighNoise,0,0,0,sha3,10,,,,UavAuthNetwork.groundStation,groundStation,mac_verify,18,0.084,4.666667,4.524,6.60315
7,HighNoise-0-20260809-23:07:24-359440,HighNoise,0,0,0,sha3,10,,,,UavAuthNetwork.uav[0],uav,aead_open,1,0.007505,7.505,7.505,7.505
8,HighNoise-0-20260809-23:07:24-359440,HighNoise,0,0,0,sha3,10,,,,UavAuthNetwork.uav[0],uav,dh_derive,9,1.139098,126.566444,122.614,143.7758
9,HighNoise-0-20260809-23:07:24-359440,HighNoise,0,0,0,sha3,10,,,,UavAuthNetwork.uav[0],uav,dh_keygen,10,0.954424,95.4424,64.207,233.47055
10,HighNoise-0-20260809-23:07:24-359440,HighNoise,0,0,0,sha3,10,,,,UavAuthNetwork.uav[0],uav,extract,1,0.007174,7.174,7.174,7.174
11,HighNoise-0-20260809-23:07:24-359440,HighNoise,0,0,0,sha3,10,,,,UavAuthNetwork.uav[0],uav,kdf,20,0.188038,9.4019,9.6885,10.32515
12,HighNoise-0-20260809-23:07:24-359440,HighNoise,0,0,0,sha3,10,,,,UavAuthNetwork.uav[0],uav,mac,19,0.087477,4.604053,4.148,5.3494
13,HighNoise-0-20260809-23:07:24-359440,HighNoise,0,0,0,sha3,10,,,,UavAuthNetwork.uav[0],uav,mac_verify,9,0.042939,4.771,4.058,7.8446
14,HighNoise-0-20260809-23:07:24-359440,HighNoise,0,0,0,sha3,10,,,,UavAuthNetwork.uav[1],uav,aead_open,1,0.002835,2.835,2.835,2.835
15,HighNoise-0-20260809-23:07:24-359440,HighNoise,0,0,0,sha3,10,,,,UavAuthNetwork.uav[1],uav,dh_derive,9,1.119315,124.368333,122.553,130.5036
16,HighNoise-0-20260809-23:07:24-359440,HighNoise,0,0,0,sha3,10,,,,UavAuthNetwork.uav[1],uav,dh_keygen,10,0.65721,65.721,64.162,72.4014
17,HighNoise-0-20260809-23:07:24-359440,HighNoise,0,0,0,sha3,10,,,,UavAuthNetwork.uav[1],uav,extract,1,0.012624,12.624,12.624,12.624
18,HighNoise-0-20260809-23:07:24-359440,HighNoise,0,0,0,sha3,10,,,,UavAuthNetwork.uav[1],uav,kdf,20,0.185104,9.2552,9.2025,10.0381
19,HighNoise-0-20260809-23:07:24-359440,HighNoise,0,0,0,sha3,10,,,,UavAuthNetwork.uav[1],uav,mac,18,0.079331,4.407278,4.1075,5.09085
20,HighNoise-0-20260809-23:07:24-359440,HighNoise,0,0,0,sha3,10,,,,UavAuthNetwork.uav[1],uav,mac_verify,10,0.041197,4.1197,4.0525,4.49705
21,HighNoise-0-20260809-23:07:24-359440,HighNoise,0,0,0,sha3,10,,,,UavAuthNetwork.uav[2],uav,aead_open,1,0.002625,2.625,2.625,2.625
22,HighNoise-0-20260809-23:07:24-359440,HighNoise,0,0,0,sha3,10,,,,UavAuthNetwork.uav[2],uav,dh_derive,9,1.111302,123.478,122.423,128.3258
23,HighNoise-0-20260809-23:07:24-359440,HighNoise,0,0,0,sha3,10,,,,UavAuthNetwork.uav[2],uav,dh_keygen,10,0.644717,64.4717,64.2525,65.52865
24,HighNoise-0-20260809-23:07:24-359440,HighNoise,0,0,0,sha3,10,,,,UavAuthNetwork.uav[2],uav,extract,1,0.005981,5.981,5.981,5.981
25,HighNoise-0-20260809-23:07:24-359440,HighNoise,0,0,0,sha3,10,,,,UavAuthNetwork.uav[2],uav,kdf,20,0.184632,9.2316,9.192,10.2365
26,HighNoise-0-20260809-23:07:24-359440,HighNoise,0,0,0,sha3,10,,,,UavAuthNetwork.uav[2],uav,mac,17,0.069712,4.100706,4.098,4.204
27,HighNoise-0-20260809-23:07:24-359440,HighNoise,0,0,0,sha3,10,,,,UavAuthNetwork.uav[2],uav,mac_verify,11,0.045144,4.104,4.078,4.4385
28,HighNoise-0-20260809-23:07:24-359440,HighNoise,0,0,0,sha3,10,,,,UavAuthNetwork.uav[3],uav,aead_open,1,0.003347,3.347,3.347,3.347
29,HighNoise-0-20260809-23:07:24-359440,HighNoise,0,0,0,sha3,10,,,,UavAuthNetwork.uav[3],uav,dh_derive,9,1.138194,126.466,122.422,136.9486
30,HighNoise-0-20260809-23:07:24-359440,HighNoise,0,0,0,sha3,10,,,,UavAuthNetwork.uav[3],uav,dh_keygen,10,0.655075,65.5075,64.332,70.0817
31,HighNoise-0-20260809-23:07:24-359440,HighNoise,0,0,0,sha3,10,,,,UavAuthNetwork.uav[3],uav,extract,1,0.011692,11.692,11.692,11.692
32,HighNoise-0-20260809-23:07:24-359440,HighNoise,0,0,0,sha3,10,,,,UavAuthNetwork.uav[3],uav,kdf,20,0.195331,9.76655,9.583,12.1339
33,HighNoise-0-20260809-23:07:24-359440,HighNoise,0,0,0,sha3,10,,,,UavAuthNetwork.uav[3],uav,mac,16,0.068082,4.255125,4.093,5.002
34,HighNoise-0-20260809-23:07:24-359440,HighNoise,0,0,0,sha3,10,,,,UavAuthNetwork.uav[3],uav,mac_verify,12,0.049882,4.156833,4.0625,4.59305
35,HighNoise-0-20260809-23:07:24-359440,HighNoise,0,0,0,sha3,10,,,,UavAuthNetwork.uav[5],uav,aead_open,1,0.002725,2.725,2.725,2.725
36,HighNoise-0-20260809-23:07:24-359440,HighNoise,0,0,0,sha3,10,,,,UavAuthNetwork.uav[5],uav,dh_derive,9,1.119021,124.335667,122.303,131.7408
37,HighNoise-0-20260809-23:07:24-359440,HighNoise,0,0,0,sha3,10,,,,UavAuthNetwork.uav[5],uav,dh_keygen,9,0.583268,64.807556,64.232,67.0796
38,HighNoise-0-20260809-23:07:24-359440,HighNoise,0,0,0,sha3,10,,,,UavAuthNetwork.uav[5],uav,extract,1,0.006562,6.562,6.562,6.562
39,HighNoise-0-20260809-23:07:24-359440,HighNoise,0,0,0,sha3,10,,,,UavAuthNetwork.uav[5],uav,kdf,19,0.179271,9.435316,9.619,11.272
40,HighNoise-0-20260809-23:07:24-359440,HighNoise,0,0,0,sha3,10,,,,UavAuthNetwork.uav[5],uav,mac,14,0.05794,4.138571,4.103,4.3715
41,HighNoise-0-20260809-23:07:24-359440,HighNoise,0,0,0,sha3,10,,,,UavAuthNetwork.uav[5],uav,mac_verify,13,0.053241,4.095462,4.057,4.4604
42,HighNoise-0-20260809-23:07:24-359440,HighNoise,0,0,0,sha3,10,,,,UavAuthNetwork.uav[6],uav,aead_open,1,0.002685,2.685,2.685,2.685
43,HighNoise-0-20260809-23:07:24-359440,HighNoise,0,0,0,sha3,10,,,,UavAuthNetwork.uav[6],uav,dh_derive,9,1.1778,130.866667,122.453,158.1988
44,HighNoise-0-20260809-23:07:24-359440,HighNoise,0,0,0,sha3,10,,,,UavAuthNetwork.uav[6],uav,dh_keygen,9,0.602948,66.994222,66.687,71.5918
45,HighNoise-0-20260809-23:07:24-359440,HighNoise,0,0,0,sha3,10,,,,UavAuthNetwork.uav[6],uav,extract,1,0.006122,6.122,6.122,6.122
46,HighNoise-0-20260809-23:07:24-359440,HighNoise,0,0,0,sha3,10,,,,UavAuthNetwork.uav[6],uav,kdf,19,0.207548,10.923579,9.518,20.9583
47,HighNoise-0-20260809-23:07:24-359440,HighNoise,0,0,0,sha3,10,,,,UavAuthNetwork.uav[6],uav,mac,13,0.053401,4.107769,4.108,4.308
48,HighNoise-0-20260809-23:07:24-359440,HighNoise,0,0,0,sha3,10,,,,UavAuthNetwork.uav[6],uav,mac_verify,14,0.061037,4.359786,4.038,5.8051
49,HighNoise-0-20260809-23:07:24-359440,HighNoise,0,0,0,sha3,10,,,,UavAuthNetwork.uav[7],uav,aead_open,1,0.002525,2.525,2.525,2.525
50,HighNoise-0-20260809-23:07:24-359440,HighNoise,0,0,0,sha3,10,,,,UavAuthNetwork.uav[7],uav,dh_derive,9,1.109469,123.274333,122.302,127.2482
51,HighNoise-0-20260809-23:07:24-359440,HighNoise,0,0,0,sha3,10,,,,UavAuthNetwork.uav[7],uav,dh_keygen,9,0.586203,65.133667,64.603,66.921
52,HighNoise-0-20260809-23:07:24-359440,HighNoise,0,0,0,sha3,10,,,,UavAuthNetwork.uav[7],uav,extract,1,0.006152,6.152,6.152,6.152
53,HighNoise-0-20260809-23:07:24-359440,HighNoise,0,0,0,sha3,10,,,,UavAuthNetwork.uav[7],uav,kdf,19,0.176294,9.278632,9.529,10.122
54,HighNoise-0-20260809-23:07:24-359440,HighNoise,0,0,0,sha3,10,,,,UavAuthNetwork.uav[7],uav,mac,12,0.058942,4.911833,4.038,8.6861
55,HighNoise-0-20260809-23:07:24-359440,HighNoise,0,0,0,sha3,10,,,,UavAuthNetwork.uav[7],uav,mac_verify,15,0.061708,4.113867,4.138,4.428
56,HighNoise-0-20260809-23:07:24-359440,HighNoise,0,0,0,sha3,10,,,,UavAuthNetwork.uav[8],uav,aead_open,1,0.002585,2.585,2.585,2.585
57,HighNoise-0-20260809-23:07:24-359440,HighNoise,0,0,0,sha3,10,,,,UavAuthNetwork.uav[8],uav,dh_derive,9,1.129337,125.481889,122.393,135.742
58,HighNoise-0-20260809-23:07:24-359440,HighNoise,0,0,0,sha3,10,,,,UavAuthNetwork.uav[8],uav,dh_keygen,9,0.616974,68.552667,65.755,80.5714
59,HighNoise-0-20260809-23:07:24-359440,HighNoise,0,0,0,sha3,10,,,,UavAuthNetwork.uav[8],uav,extract,1,0.005791,5.791,5.791,5.791
60,HighNoise-0-20260809-23:07:24-359440,HighNoise,0,0,0,sha3,10,,,,UavAuthNetwork.uav[8],uav,kdf,19,0.177687,9.351947,9.559,10.6862
61,HighNoise-0-20260809-23:07:24-359440,HighNoise,0,0,0,sha3,10,,,,UavAuthNetwork.uav[8],uav,mac,11,0.045384,4.125818,4.088,4.303
62,HighNoise-0-20260809-23:07:24-359440,HighNoise,0,0,0,sha3,10,,,,UavAuthNetwork.uav[8],uav,mac_verify,16,0.068863,4.303937,4.178,5.58825
63,HighNoise-0-20260809-23:07:24-359440,HighNoise,0,0,0,sha3,10,,,,UavAuthNetwork.uav[9],uav,aead_open,1,0.002956,2.956,2.956,2.956
64,HighNoise-0-20260809-23:07:24-359440,HighNoise,0,0,0,sha3,10,,,,UavAuthNetwork.uav[9],uav,dh_derive,9,1.186404,131.822667,122.262,161.0058
65,HighNoise-0-20260809-23:07:24-359440,HighNoise,0,0,0,sha3,10,,,,UavAuthNetwork.uav[9],uav,dh_keygen,9,0.608336,67.592889,64.443,79.9978
66,HighNoise-0-20260809-23:07:24-359440,HighNoise,0,0,0,sha3,10,,,,UavAuthNetwork.uav[9],uav,extract,1,0.008836,8.836,8.836,8.836
67,HighNoise-0-20260809-23:07:24-359440,HighNoise,0,0,0,sha3,10,,,,UavAuthNetwork.uav[9],uav,kdf,19,0.201906,10.626632,9.568,18.1272
68,HighNoise-0-20260809-23:07:24-359440,HighNoise,0,0,0,sha3,10,,,,UavAuthNetwork.uav[9],uav,mac,10,0.04658,4.658,4.0175,7.2711
69,HighNoise-0-20260809-23:07:24-359440,HighNoise,0,0,0,sha3,10,,,,UavAuthNetwork.uav[9],uav,mac_verify,17,0.076297,4.488059,4.318,7.4002
70,HighNoise-1-20260809-23:07:25-359440,HighNoise,1,1,1,sha3,10,,,,UavAuthNetwork.groundStation,groundStation,aead_seal,7,0.04281,6.115714,4.067,13.3773
71,HighNoise-1-20260809-23:07:25-359440,HighNoise,1,1,1,sha3,10,,,,UavAuthNetwork.groundStation,groundStation,dh_derive,7,0.901244,128.749143,122.494,153.4847
72,HighNoise-1-20260809-23:07:25-359440,HighNoise,1,1,1,sha3,10,,,,UavAuthNetwork.groundStation,groundStation,dh_keygen,7,0.494375,70.625,65.094,87.8593
73,HighNoise-1-20260809-23:07:25-359440,HighNoise,1,1,1,sha3,10,,,,UavAuthNetwork.groundStation,groundStation,extract,10,0.053984,5.3984,4.9195,7.12405
74,HighNoise-1-20260809-23:07:25-359440,HighNoise,1,1,1,sha3,10,,,,UavAuthNetwork.groundStation,groundStation,kdf,141,1.3291,9.426241,8.356,12.635
75,HighNoise-1-20260809-23:07:25-359440,HighNoise,1,1,1,sha3,10,,,,UavAuthNetwork.groundStation,groundStation,mac,7,0.036508,5.215429,4.849,6.5745
76,HighNoise-1-20260809-23:07:25-359440,HighNoise,1,1,1,sha3,10,,,,UavAuthNetwork.groundStation,groundStation,mac_verify,14,0.065567,4.683357,4.469,6.86855
77,HighNoise-1-20260809-23:07:25-359440,HighNoise,1,1,1,sha3,10,,,,UavAuthNetwork.uav[0],uav,aead_open,1,0.00482,4.82,4.82,4.82
78,HighNoise-1-20260809-23:07:25-359440,HighNoise,1,1,1,sha3,10,,,,UavAuthNetwork.uav[0],uav,dh_derive,7,0.934638,133.519714,122.434,176.7959
79,HighNoise-1-20260809-23:07:25-359440,HighNoise,1,1,1,sha3,10,,,,UavAuthNetwork.uav[0],uav,dh_keygen,10,0.707683,70.7683,64.5385,96.60715
80,HighNoise-1-20260809-23:07:25-359440,HighNoise,1,1,1,sha3,10,,,,UavAuthNetwork.uav[0],uav,extract,1,0.011722,11.722,11.722,11.722
81,HighNoise-1-20260809-23:07:25-359440,HighNoise,1,1,1,sha3,10,,,,UavAuthNetwork.uav[0],uav,kdf,18,0.232114,12.895222,9.6935,22.06915
82,HighNoise-1-20260809-23:07:25-359440,HighNoise,1,1,1,sha3,10,,,,UavAuthNetwork.uav[0],uav,mac,17,0.076998,4.529294,4.138,6.4964
83,HighNoise-1-20260809-23:07:25-359440,HighNoise,1,1,1,sha3,10,,,,UavAuthNetwork.uav[0],uav,mac_verify,7,0.03115,4.45,4.088,5.9585
84,HighNoise-1-20260809-23:07:25-359440,HighNoise,1,1,1,sha3,10,,,,UavAuthNetwork.uav[1],uav,aead_open,1,0.006001,6.001,6.001,6.001
85,HighNoise-1-20260809-23:07:25-359440,HighNoise,1,1,1,sha3,10,,,,UavAuthNetwork.uav[1],uav,dh_derive,7,0.880917,125.845286,124.508,132.202
86,HighNoise-1-20260809-23:07:25-359440,HighNoise,1,1,1,sha3,10,,,,UavAuthNetwork.uav[1],uav,dh_keygen,10,0.649233,64.9233,64.143,68.45565
87,HighNoise-1-20260809-23:07:25-359440,HighNoise,1,1,1,sha3,10,,,,UavAuthNetwork.uav[1],uav,extract,1,0.023776,23.776,23.776,23.776
88,HighNoise-1-20260809-23:07:25-359440,HighNoise,1,1,1,sha3,10,,,,UavAuthNetwork.uav[1],uav,kdf,18,0.172841,9.602278,9.313,11.66375
89,HighNoise-1-20260809-23:07:25-359440,HighNoise,1,1,1,sha3,10,,,,UavAuthNetwork.uav[1],uav,mac,16,0.067048,4.1905,4.108,4.54675
90,HighNoise-1-20260809-23:07:25-359440,HighNoise,1,1,1,sha3,10,,,,UavAuthNetwork.uav[1],uav,mac_verify,8,0.033211,4.151375,4.0775,4.5705
91,HighNoise-1-20260809-23:07:25-359440,HighNoise,1,1,1,sha3,10,,,,UavAuthNetwork.uav[2],uav,aead_open,1,0.002855,2.855,2.855,2.855
92,HighNoise-1-20260809-23:07:25-359440,HighNoise,1,1,1,sha3,10,,,,UavAuthNetwork.uav[2],uav,dh_derive,7,0.880808,125.829714,122.384,132.3158
93,HighNoise-1-20260809-23:07:25-359440,HighNoise,1,1,1,sha3,10,,,,UavAuthNetwork.uav[2],uav,dh_keygen,10,0.644864,64.4864,64.178,65.9752
94,HighNoise-1-20260809-23:07:25-359440,HighNoise,1,1,1,sha3,10,,,,UavAuthNetwork.uav[2],uav,extract,1,0.006502,6.502,6.502,6.502
95,HighNoise-1-20260809-23:07:25-359440,HighNoise,1,1,1,sha3,10,,,,UavAuthNetwork.uav[2],uav,kdf,18,0.166548,9.252667,8.7165,10.4913
96,HighNoise-1-20260809-23:07:25-359440,HighNoise,1,1,1,sha3,10,,,,UavAuthNetwork.uav[2],uav,mac,15,0.06259,4.172667,4.127,4.5153
97,HighNoise-1-20260809-23:07:25-359440,HighNoise,1,1,1,sha3,10,,,,UavAuthNetwork.uav[2],uav,mac_verify,9,0.037089,4.121,4.098,4.448
98,HighNoise-1-20260809-23:07:25-359440,HighNoise,1,1,1,sha3,10,,,,UavAuthNetwork.uav[3],uav,aead_open,1,0.002725,2.725,2.725,2.725
99,HighNoise-1-20260809-23:07:25-359440,HighNoise,1,1,1,sha3,10,,,,UavAuthNetwork.uav[3],uav,dh_derive,7,0.891126,127.303714,122.614,146.0387
100,HighNoise-1-20260809-23:07:25-359440,HighNoise,1,1,1,sha3,10,,,,UavAuthNetwork.uav[3],uav,dh_keygen,10,0.672307,67.2307,64.313,80.1399
101,HighNoise-1-20260809-23:07:25-359440,HighNoise,1,1,1,sha3,10,,,,UavAuthNetwork.uav[3],uav,extract,1,0.005911,5.911,5.911,5.911
102,HighNoise-1-20260809-23:07:25-359440,HighNoise,1,1,1,sha3,10,,,,UavAuthNetwork.uav[3],uav,kdf,18,0.176447,9.802611,8.807,12.4042
103,HighNoise-1-20260809-23:07:25-359440,HighNoise,1,1,1,sha3,10,,,,UavAuthNetwork.uav[3],uav,mac,14,0.05833,4.166429,4.138,4.363
104,HighNoise-1-20260809-23:07:25-359440,HighNoise,1,1,1,sha3,10,,,,UavAuthNetwork.uav[3],uav,mac_verify,10,0.044706,4.4706,4.113,6.3198
105,HighNoise-1-20260809-23:07:25-359440,HighNoise,1,1,1,sha3,10,,,,UavAuthNetwork.uav[4],uav,aead_open,1,0.002635,2.635,2.635,2.635
106,HighNoise-1-20260809-23:07:25-359440,HighNoise,1,1,1,sha3,10,,,,UavAuthNetwork.uav[4],uav,dh_derive,7,0.87755,125.364286,123.066,132.0807
107,HighNoise-1-20260809-23:07:25-359440,HighNoise,1,1,1,sha3,10,,,,UavAuthNetwork.uav[4],uav,dh_keygen,10,0.653571,65.3571,64.213,70.4717
108,HighNoise-1-20260809-23:07:25-359440,HighNoise,1,1,1,sha3,10,,,,UavAuthNetwork.uav[4],uav,extract,1,0.006191,6.191,6.191,6.191
109,HighNoise-1-20260809-23:07:25-359440,HighNoise,1,1,1,sha3,10,,,,UavAuthNetwork.uav[4],uav,kdf,18,0.166349,9.241611,8.712,10.49815
110,HighNoise-1-20260809-23:07:25-359440,HighNoise,1,1,1,sha3,10,,,,UavAuthNetwork.uav[4],uav,mac,13,0.054133,4.164077,4.158,4.3584
111,HighNoise-1-20260809-23:07:25-359440,HighNoise,1,1,1,sha3,10,,,,UavAuthNetwork.uav[4],uav,mac_verify,11,0.045566,4.142364,4.248,4.5235
112,HighNoise-1-20260809-23:07:25-359440,HighNoise,1,1,1,sha3,10,,,,UavAuthNetwork.uav[7],uav,aead_open,1,0.002655,2.655,2.655,2.655
113,HighNoise-1-20260809-23:07:25-359440,HighNoise,1,1,1,sha3,10,,,,UavAuthNetwork.uav[7],uav,dh_derive,7,0.909711,129.958714,122.625,158.1928
114,HighNoise-1-20260809-23:07:25-359440,HighNoise,1,1,1,sha3,10,,,,UavAuthNetwork.uav[7],uav,dh_keygen,8,0.525256,65.657,64.278,70.9411
115,HighNoise-1-20260809-23:07:25-359440,HighNoise,1,1,1,sha3,10,,,,UavAuthNetwork.uav[7],uav,extract,1,0.006212,6.212,6.212,6.212
116,HighNoise-1-20260809-23:07:25-359440,HighNoise,1,1,1,sha3,10,,,,UavAuthNetwork.uav[7],uav,kdf,16,0.158606,9.912875,9.4385,13.13
117,HighNoise-1-20260809-23:07:25-359440,HighNoise,1,1,1,sha3,10,,,,UavAuthNetwork.uav[7],uav,mac,10,0.041881,4.1881,4.163,4.40705
118,HighNoise-1-20260809-23:07:25-359440,HighNoise,1,1,1,sha3,10,,,,UavAuthNetwork.uav[7],uav,mac_verify,12,0.06247,5.205833,4.3335,10.1655
119,HighNoise-1-20260809-23:07:25-359440,HighNoise,1,1,1,sha3,10,,,,UavAuthNetwork.uav[8],uav,aead_open,1,0.004429,4.429,4.429,4.429
120,HighNoise-1-20260809-23:07:25-359440,HighNoise,1,1,1,sha3,10,,,,UavAuthNetwork.uav[8],uav,dh_derive,7,0.881067,125.866714,122.214,139.6198
121,HighNoise-1-20260809-23:07:25-359440,HighNoise,1,1,1,sha3,10,,,,UavAuthNetwork.uav[8],uav,dh_keygen,8,0.51705,64.63125,64.268,66.23525
122,HighNoise-1-20260809-23:07:25-359440,HighNoise,1,1,1,sha3,10,,,,UavAuthNetwork.uav[8],uav,extract,1,0.006212,6.212,6.212,6.212
123,HighNoise-1-20260809-23:07:25-359440,HighNoise,1,1,1,sha3,10,,,,UavAuthNetwork.uav[8],uav,kdf,16,0.159065,9.941562,9.2225,13.03
124,HighNoise-1-20260809-23:07:25-359440,HighNoise,1,1,1,sha3,10,,,,UavAuthNetwork.uav[8],uav,mac,9,0.037593,4.177,4.088,4.4804
125,HighNoise-1-20260809-23:07:25-359440,HighNoise,1,1,1,sha3,10,,,,UavAuthNetwork.uav[8],uav,mac_verify,13,0.053694,4.130308,4.328,4.5204
126,HighNoise-2-20260809-23:07:27-359440,HighNoise,2,2,2,sha3,10,,,,UavAuthNetwork.groundStation,groundStation,aead_seal,9,0.050727,5.636333,4.679,11.2994
127,HighNoise-2-20260809-23:07:27-359440,HighNoise,2,2,2,sha3,10,,,,UavAuthNetwork.groundStation,groundStation,dh_derive,9,1.124996,124.999556,122.695,135.117
128,HighNoise-2-20260809-23:07:27-359440,HighNoise,2,2,2,sha3,10,,,,UavAuthNetwork.groundStation,groundStation,dh_keygen,9,0.58794,65.326667,64.784,67.4854
129,HighNoise-2-20260809-23:07:27-359440,HighNoise,2,2,2,sha3,10,,,,UavAuthNetwork.groundStation,groundStation,extract,10,0.048512,4.8512,4.749,5.3206
130,HighNoise-2-20260809-23:07:27-359440,HighNoise,2,2,2,sha3,10,,,,UavAuthNetwork.groundStation,groundStation,kdf,167,1.489656,8.920096,8.265,10.1207
131,HighNoise-2-20260809-23:07:27-359440,HighNoise,2,2,2,sha3,10,,,,UavAuthNetwork.groundStation,groundStation,mac,9,0.043353,4.817,4.799,4.9114
132,HighNoise-2-20260809-23:07:27-359440,HighNoise,2,2,2,sha3,10,,,,UavAuthNetwork.groundStation,groundStation,mac_verify,18,0.077536,4.307556,4.4835,4.598
133,HighNoise-2-20260809-23:07:27-359440,HighNoise,2,2,2,sha3,10,,,,UavAuthNetwork.uav[0],uav,aead_open,1,0.003788,3.788,3.788,3.788
134,HighNoise-2-20260809-23:07:27-359440,HighNoise,2,2,2,sha3,10,,,,UavAuthNetwork.uav[0],uav,dh_derive,9,1.13454,126.06,122.535,135.2382
135,HighNoise-2-20260809-23:07:27-359440,HighNoise,2,2,2,sha3,10,,,,UavAuthNetwork.uav[0],uav,dh_keygen,10,0.866376,86.6376,90.248,99.49705
136,HighNoise-2-20260809-23:07:27-359440,HighNoise,2,2,2,sha3,10,,,,UavAuthNetwork.uav[0],uav,extract,1,0.006593,6.593,6.593,6.593
137,HighNoise-2-20260809-23:07:27-359440,HighNoise,2,2,2,sha3,10,,,,UavAuthNetwork.uav[0],uav,kdf,20,0.240391,12.01955,10.054,16.6319
138,HighNoise-2-20260809-23:07:27-359440,HighNoise,2,2,2,sha3,10,,,,UavAuthNetwork.uav[0],uav,mac,19,0.104821,5.516895,4.239,8.204
139,HighNoise-2-20260809-23:07:27-359440,HighNoise,2,2,2,sha3,10,,,,UavAuthNetwork.uav[0],uav,mac_verify,9,0.037663,4.184778,4.098,4.565
140,HighNoise-2-20260809-23:07:27-359440,HighNoise,2,2,2,sha3,10,,,,UavAuthNetwork.uav[1],uav,aead_open,1,0.002965,2.965,2.965,2.965
141,HighNoise-2-20260809-23:07:27-359440,HighNoise,2,2,2,sha3,10,,,,UavAuthNetwork.uav[1],uav,dh_derive,9,1.124608,124.956444,123.186,131.3338
142,HighNoise-2-20260809-23:07:27-359440,HighNoise,2,2,2,sha3,10,,,,UavAuthNetwork.uav[1],uav,dh_keygen,10,0.735842,73.5842,66.7875,93.61355
143,HighNoise-2-20260809-23:07:27-359440,HighNoise,2,2,2,sha3,10,,,,UavAuthNetwork.uav[1],uav,extract,1,0.008155,8.155,8.155,8.155
144,HighNoise-2-20260809-23:07:27-359440,HighNoise,2,2,2,sha3,10,,,,UavAuthNetwork.uav[1],uav,kdf,20,0.229822,11.4911,9.859,16.31915
145,HighNoise-2-20260809-23:07:27-359440,HighNoise,2,2,2,sha3,10,,,,UavAuthNetwork.uav[1],uav,mac,18,0.083559,4.642167,4.163,7.5135
146,HighNoise-2-20260809-23:07:27-359440,HighNoise,2,2,2,sha3,10,,,,UavAuthNetwork.uav[1],uav,mac_verify,10,0.04143,4.143,4.1275,4.48155
147,HighNoise-2-20260809-23:07:27-359440,HighNoise,2,2,2,sha3,10,,,,UavAuthNetwork.uav[3],uav,aead_open,1,0.002655,2.655,2.655,2.655
148,HighNoise-2-20260809-23:07:27-359440,HighNoise,2,2,2,sha3,10,,,,UavAuthNetwork.uav[3],uav,dh_derive,9,1.110363,123.373667,122.315,127.8894
149,HighNoise-2-20260809-23:07:27-359440,HighNoise,2,2,2,sha3,10,,,,UavAuthNetwork.uav[3],uav,dh_keygen,9,0.645317,71.701889,74.934,75.3386
150,HighNoise-2-20260809-23:07:27-359440,HighNoise,2,2,2,sha3,10,,,,UavAuthNetwork.uav[3],uav,extract,1,0.006533,6.533,6.533,6.533
151,HighNoise-2-20260809-23:07:27-359440,HighNoise,2,2,2,sha3,10,,,,UavAuthNetwork.uav[3],uav,kdf,19,0.186049,9.792053,9.789,10.52
152,HighNoise-2-20260809-23:07:27-359440,HighNoise,2,2,2,sha3,10,,,,UavAuthNetwork.uav[3],uav,mac,16,0.070615,4.413437,4.2075,5.0
153,HighNoise-2-20260809-23:07:27-359440,HighNoise,2,2,2,sha3,10,,,,UavAuthNetwork.uav[3],uav,mac_verify,11,0.045218,4.110727,4.027,4.469
154,HighNoise-2-20260809-23:07:27-359440,HighNoise,2,2,2,sha3,10,,,,UavAuthNetwork.uav[4],uav,aead_open,1,0.002735,2.735,2.735,2.735
155,HighNoise-2-20260809-23:07:27-359440,HighNoise,2,2,2,sha3,10,,,,UavAuthNetwork.uav[4],uav,dh_derive,9,1.114189,123.798778,122.785,128.7978
156,HighNoise-2-20260809-23:07:27-359440,HighNoise,2,2,2,sha3,10,,,,UavAuthNetwork.uav[4],uav,dh_keygen,9,0.645139,71.682111,74.233,81.2456
157,HighNoise-2-20260809-23:07:27-359440,HighNoise,2,2,2,sha3,10,,,,UavAuthNetwork.uav[4],uav,extract,1,0.005831,5.831,5.831,5.831
158,HighNoise-2-20260809-23:07:27-359440,HighNoise,2,2,2,sha3,10,,,,UavAuthNetwork.uav[4],uav,kdf,19,0.185005,9.737105,9.749,11.0503
159,HighNoise-2-20260809-23:07:27-359440,HighNoise,2,2,2,sha3,10,,,,UavAuthNetwork.uav[4],uav,mac,15,0.065326,4.355067,4.158,5.085
160,HighNoise-2-20260809-23:07:27-359440,HighNoise,2,2,2,sha3,10,,,,UavAuthNetwork.uav[4],uav,mac_verify,12,0.057157,4.763083,4.0875,7.90825
161,HighNoise-2-20260809-23:07:27-359440,HighNoise,2,2,2,sha3,10,,,,UavAuthNetwork.uav[5],uav,aead_open,1,0.003016,3.016,3.016,3.016
162,HighNoise-2-20260809-23:07:27-359440,HighNoise,2,2,2,sha3,10,,,,UavAuthNetwork.uav[5],uav,dh_derive,9,1.108306,123.145111,123.046,124.585
163,HighNoise-2-20260809-23:07:27-359440,HighNoise,2,2,2,sha3,10,,,,UavAuthNetwork.uav[5],uav,dh_keygen,9,0.684424,76.047111,70.155,93.2572
164,HighNoise-2-20260809-23:07:27-359440,HighNoise,2,2,2,sha3,10,,,,UavAuthNetwork.uav[5],uav,extract,1,0.021461,21.461,21.461,21.461
165,HighNoise-2-20260809-23:07:27-359440,HighNoise,2,2,2,sha3,10,,,,UavAuthNetwork.uav[5],uav,kdf,19,0.205816,10.832421,9.709,16.3023
166,HighNoise-2-20260809-23:07:27-359440,HighNoise,2,2,2,sha3,10,,,,UavAuthNetwork.uav[5],uav,mac,14,0.068859,4.9185,4.168,7.26785
167,HighNoise-2-20260809-23:07:27-359440,HighNoise,2,2,2,sha3,10,,,,UavAuthNetwork.uav[5],uav,mac_verify,13,0.053684,4.129538,4.078,4.5224
168,HighNoise-2-20260809-23:07:27-359440,HighNoise,2,2,2,sha3,10,,,,UavAuthNetwork.uav[6],uav,aead_open,1,0.003206,3.206,3.206,3.206
169,HighNoise-2-20260809-23:07:27-359440,HighNoise,2,2,2,sha3,10,,,,UavAuthNetwork.uav[6],uav,dh_derive,9,1.133146,125.905111,122.856,133.6542
170,HighNoise-2-20260809-23:07:27-359440,HighNoise,2,2,2,sha3,10,,,,UavAuthNetwork.uav[6],uav,dh_keygen,9,0.582187,64.687444,64.203,66.6736
171,HighNoise-2-20260809-23:07:27-359440,HighNoise,2,2,2,sha3,10,,,,UavAuthNetwork.uav[6],uav,extract,1,0.007805,7.805,7.805,7.805
172,HighNoise-2-20260809-23:07:27-359440,HighNoise,2,2,2,sha3,10,,,,UavAuthNetwork.uav[6],uav,kdf,19,0.179123,9.427526,9.548,10.2661
173,HighNoise-2-20260809-23:07:27-359440,HighNoise,2,2,2,sha3,10,,,,UavAuthNetwork.uav[6],uav,mac,13,0.053751,4.134692,4.088,4.336
174,HighNoise-2-20260809-23:07:27-359440,HighNoise,2,2,2,sha3,10,,,,UavAuthNetwork.uav[6],uav,mac_verify,14,0.057429,4.102071,4.0625,4.488
175,HighNoise-2-20260809-23:07:27-359440,HighNoise,2,2,2,sha3,10,,,,UavAuthNetwork.uav[7],uav,aead_open,1,0.002776,2.776,2.776,2.776
176,HighNoise-2-20260809-23:07:27-359440,HighNoise,2,2,2,sha3,10,,,,UavAuthNetwork.uav[7],uav,dh_derive,9,1.121984,124.664889,122.415,132.6888
177,HighNoise-2-20260809-23:07:27-359440,HighNoise,2,2,2,sha3,10,,,,UavAuthNetwork.uav[7],uav,dh_keygen,9,0.611954,67.994889,64.484,81.8974
178,HighNoise-2-20260809-23:07:27-359440,HighNoise,2,2,2,sha3,10,,,,UavAuthNetwork.uav[7],uav,extract,1,0.007544,7.544,7.544,7.544
179,HighNoise-2-20260809-23:07:27-359440,HighNoise,2,2,2,sha3,10,,,,UavAuthNetwork.uav[7],uav,kdf,19,0.18884,9.938947,9.538,12.0576
180,HighNoise-2-20260809-23:07:27-359440,HighNoise,2,2,2,sha3,10,,,,UavAuthNetwork.uav[7],uav,mac,12,0.050127,4.17725,4.108,4.48295
181,HighNoise-2-20260809-23:07:27-359440,HighNoise,2,2,2,sha3,10,,,,UavAuthNetwork.uav[7],uav,mac_verify,15,0.061456,4.097067,4.128,4.517
182,HighNoise-2-20260809-23:07:27-359440,HighNoise,2,2,2,sha3,10,,,,UavAuthNetwork.uav[8],uav,aead_open,1,0.002625,2.625,2.625,2.625
183,HighNoise-2-20260809-23:07:27-359440,HighNoise,2,2,2,sha3,10,,,,UavAuthNetwork.uav[8],uav,dh_derive,9,1.112515,123.612778,122.235,128.6132
184,HighNoise-2-20260809-23:07:27-359440,HighNoise,2,2,2,sha3,10,,,,UavAuthNetwork.uav[8],uav,dh_keygen,9,0.596286,66.254,64.224,73.9442
185,HighNoise-2-20260809-23:07:27-359440,HighNoise,2,2,2,sha3,10,,,,UavAuthNetwork.uav[8],uav,extract,1,0.006042,6.042,6.042,6.042
186,HighNoise-2-20260809-23:07:27-359440,HighNoise,2,2,2,sha3,10,,,,UavAuthNetwork.uav[8],uav,kdf,19,0.176328,9.280421,9.538,9.8842
187,HighNoise-2-20260809-23:07:27-359440,HighNoise,2,2,2,sha3,10,,,,UavAuthNetwork.uav[8],uav,mac,11,0.045788,4.162545,4.158,4.3385
188,HighNoise-2-20260809-23:07:27-359440,HighNoise,2,2,2,sha3,10,,,,UavAuthNetwork.uav[8],uav,mac_verify,16,0.065397,4.087313,4.143,4.474
189,HighNoise-2-20260809-23:07:27-359440,HighNoise,2,2,2,sha3,10,,,,UavAuthNetwork.uav[9],uav,aead_open,1,0.003076,3.076,3.076,3.076
190,HighNoise-2-20260809-23:07:27-359440,HighNoise,2,2,2,sha3,10,,,,UavAuthNetwork.uav[9],uav,dh_derive,9,1.105121,122.791222,122.946,123.427
191,HighNoise-2-20260809-23:07:27-359440,HighNoise,2,2,2,sha3,10,,,,UavAuthNetwork.uav[9],uav,dh_keygen,9,0.580694,64.521556,64.273,65.5522
192,HighNoise-2-20260809-23:07:27-359440,HighNoise,2,2,2,sha3,10,,,,UavAuthNetwork.uav[9],uav,extract,1,0.005902,5.902,5.902,5.902
193,HighNoise-2-20260809-23:07:27-359440,HighNoise,2,2,2,sha3,10,,,,UavAuthNetwork.uav[9],uav,kdf,19,0.176421,9.285316,9.528,10.2661
194,HighNoise-2-20260809-23:07:27-359440,HighNoise,2,2,2,sha3,10,,,,UavAuthNetwork.uav[9],uav,mac,10,0.041298,4.1298,4.108,4.2545
195,HighNoise-2-20260809-23:07:27-359440,HighNoise,2,2,2,sha3,10,,,,UavAuthNetwork.uav[9],uav,mac_verify,17,0.070386,4.140353,4.298,4.607
196,HighNoise-3-20260809-23:07:28-359440,HighNoise,3,3,3,sha3,10,,,,UavAuthNetwork.groundStation,groundStation,aead_seal,8,0.040958,5.11975,3.692,10.951
197,HighNoise-3-20260809-23:07:28-359440,HighNoise,3,3,3,sha3,10,,,,UavAuthNetwork.groundStation,groundStation,dh_derive,8,0.928696,116.087,115.096,121.3644
198,HighNoise-3-20260809-23:07:28-359440,HighNoise,3,3,3,sha3,10,,,,UavAuthNetwork.groundStation,groundStation,dh_keygen,8,0.506036,63.2545,60.4915,69.5433
199,HighNoise-3-20260809-23:07:28-359440,HighNoise,3,3,3,sha3,10,,,,UavAuthNetwork.groundStation,groundStation,extract,10,0.045638,4.5638,4.424,5.1676
200,HighNoise-3-20260809-23:07:28-359440,HighNoise,3,3,3,sha3,10,,,,UavAuthNetwork.groundStation,groundStation,kdf,154,1.243691,8.075916,7.685,9.16435
201,HighNoise-3-20260809-23:07:28-359440,HighNoise,3,3,3,sha3,10,,,,UavAuthNetwork.groundStation,groundStation,mac,8,0.03597,4.49625,4.444,4.7365
202,HighNoise-3-20260809-23:07:28-359440,HighNoise,3,3,3,sha3,10,,,,UavAuthNetwork.groundStation,groundStation,mac_verify,16,0.063691,3.980688,4.0775,4.3005
203,HighNoise-3-20260809-23:07:28-359440,HighNoise,3,3,3,sha3,10,,,,UavAuthNetwork.uav[0],uav,aead_open,1,0.003557,3.557,3.557,3.557
204,HighNoise-3-20260809-23:07:28-359440,HighNoise,3,3,3,sha3,10,,,,UavAuthNetwork.uav[0],uav,dh_derive,8,0.923238,115.40475,114.3905,119.8888
205,HighNoise-3-20260809-23:07:28-359440,HighNoise,3,3,3,sha3,10,,,,UavAuthNetwork.uav[0],uav,dh_keygen,10,0.62382,62.382,59.9055,73.4146
206,HighNoise-3-20260809-23:07:28-359440,HighNoise,3,3,3,sha3,10,,,,UavAuthNetwork.uav[0],uav,extract,1,0.006312,6.312,6.312,6.312
207,HighNoise-3-20260809-23:07:28-359440,HighNoise,3,3,3,sha3,10,,,,UavAuthNetwork.uav[0],uav,kdf,19,0.164666,8.666632,8.637,9.6143
208,HighNoise-3-20260809-23:07:28-359440,HighNoise,3,3,3,sha3,10,,,,UavAuthNetwork.uav[0],uav,mac,18,0.070638,3.924333,3.8675,4.10815
209,HighNoise-3-20260809-23:07:28-359440,HighNoise,3,3,3,sha3,10,,,,UavAuthNetwork.uav[0],uav,mac_verify,8,0.03087,3.85875,3.7925,4.168
210,HighNoise-3-20260809-23:07:28-359440,HighNoise,3,3,3,sha3,10,,,,UavAuthNetwork.uav[1],uav,aead_open,1,0.002555,2.555,2.555,2.555
211,HighNoise-3-20260809-23:07:28-359440,HighNoise,3,3,3,sha3,10,,,,UavAuthNetwork.uav[1],uav,dh_derive,8,0.963485,120.435625,114.5705,140.6198
212,HighNoise-3-20260809-23:07:28-359440,HighNoise,3,3,3,sha3,10,,,,UavAuthNetwork.uav[1],uav,dh_keygen,10,0.625544,62.5544,59.9955,73.14835
213,HighNoise-3-20260809-23:07:28-359440,HighNoise,3,3,3,sha3,10,,,,UavAuthNetwork.uav[1],uav,extract,1,0.005792,5.792,5.792,5.792
214,HighNoise-3-20260809-23:07:28-359440,HighNoise,3,3,3,sha3,10,,,,UavAuthNetwork.uav[1],uav,kdf,19,0.180846,9.518211,8.897,14.0119
215,HighNoise-3-20260809-23:07:28-359440,HighNoise,3,3,3,sha3,10,,,,UavAuthNetwork.uav[1],uav,mac,17,0.071577,4.210412,3.877,6.2154
216,HighNoise-3-20260809-23:07:28-359440,HighNoise,3,3,3,sha3,10,,,,UavAuthNetwork.uav[1],uav,mac_verify,9,0.037242,4.138,3.848,5.5044
217,HighNoise-3-20260809-23:07:28-359440,HighNoise,3,3,3,sha3,10,,,,UavAuthNetwork.uav[2],uav,aead_open,1,0.002524,2.524,2.524,2.524
218,HighNoise-3-20260809-23:07:28-359440,HighNoise,3,3,3,sha3,10,,,,UavAuthNetwork.uav[2],uav,dh_derive,8,0.925922,115.74025,114.49,120.96705
219,HighNoise-3-20260809-23:07:28-359440,HighNoise,3,3,3,sha3,10,,,,UavAuthNetwork.uav[2],uav,dh_keygen,10,0.62284,62.284,60.031,70.56565
220,HighNoise-3-20260809-23:07:28-359440,HighNoise,3,3,3,sha3,10,,,,UavAuthNetwork.uav[2],uav,extract,1,0.005701,5.701,5.701,5.701
221,HighNoise-3-20260809-23:07:28-359440,HighNoise,3,3,3,sha3,10,,,,UavAuthNetwork.uav[2],uav,kdf,19,0.16599,8.736316,8.927,10.1301
222,HighNoise-3-20260809-23:07:28-359440,HighNoise,3,3,3,sha3,10,,,,UavAuthNetwork.uav[2],uav,mac,16,0.062382,3.898875,3.843,4.1255
223,HighNoise-3-20260809-23:07:28-359440,HighNoise,3,3,3,sha3,10,,,,UavAuthNetwork.uav[2],uav,mac_verify,10,0.038202,3.8202,3.7575,4.14005
224,HighNoise-3-20260809-23:07:28-359440,HighNoise,3,3,3,sha3,10,,,,UavAuthNetwork.uav[4],uav,aead_open,1,0.002434,2.434,2.434,2.434
225,HighNoise-3-20260809-23:07:28-359440,HighNoise,3,3,3,sha3,10,,,,UavAuthNetwork.uav[4],uav,dh_derive,8,0.924399,115.549875,114.29,120.3453
226,HighNoise-3-20260809-23:07:28-359440,HighNoise,3,3,3,sha3,10,,,,UavAuthNetwork.uav[4],uav,dh_keygen,9,0.541834,60.203778,59.956,61.3424
227,HighNoise-3-20260809-23:07:28-359440,HighNoise,3,3,3,sha3,10,,,,UavAuthNetwork.uav[4],uav,extract,1,0.005771,5.771,5.771,5.771
228,HighNoise-3-20260809-23:07:28-359440,HighNoise,3,3,3,sha3,10,,,,UavAuthNetwork.uav[4],uav,kdf,18,0.164158,9.119889,8.5165,10.9877
229,HighNoise-3-20260809-23:07:28-359440,HighNoise,3,3,3,sha3,10,,,,UavAuthNetwork.uav[4],uav,mac,14,0.054155,3.868214,3.848,3.965
230,HighNoise-3-20260809-23:07:28-359440,HighNoise,3,3,3,sha3,10,,,,UavAuthNetwork.uav[4],uav,mac_verify,11,0.04237,3.851818,3.787,4.328
231,HighNoise-3-20260809-23:07:28-359440,HighNoise,3,3,3,sha3,10,,,,UavAuthNetwork.uav[5],uav,aead_open,1,0.002414,2.414,2.414,2.414
232,HighNoise-3-20260809-23:07:28-359440,HighNoise,3,3,3,sha3,10,,,,UavAuthNetwork.uav[5],uav,dh_derive,8,0.936053,117.006625,114.36,123.1782
233,HighNoise-3-20260809-23:07:28-359440,HighNoise,3,3,3,sha3,10,,,,UavAuthNetwork.uav[5],uav,dh_keygen,9,0.541494,60.166,60.026,61.0012
234,HighNoise-3-20260809-23:07:28-359440,HighNoise,3,3,3,sha3,10,,,,UavAuthNetwork.uav[5],uav,extract,1,0.00544,5.44,5.44,5.44
235,HighNoise-3-20260809-23:07:28-359440,HighNoise,3,3,3,sha3,10,,,,UavAuthNetwork.uav[5],uav,kdf,18,0.15547,8.637222,8.577,9.6428
236,HighNoise-3-20260809-23:07:28-359440,HighNoise,3,3,3,sha3,10,,,,UavAuthNetwork.uav[5],uav,mac,13,0.050347,3.872846,3.877,3.9874
237,HighNoise-3-20260809-23:07:28-359440,HighNoise,3,3,3,sha3,10,,,,UavAuthNetwork.uav[5],uav,mac_verify,12,0.046199,3.849917,3.9275,4.175
238,HighNoise-3-20260809-23:07:28-359440,HighNoise,3,3,3,sha3,10,,,,UavAuthNetwork.uav[7],uav,aead_open,1,0.002454,2.454,2.454,2.454
239,HighNoise-3-20260809-23:07:28-359440,HighNoise,3,3,3,sha3,10,,,,UavAuthNetwork.uav[7],uav,dh_derive,8,0.942543,117.817875,114.4,129.3634
240,HighNoise-3-20260809-23:07:28-359440,HighNoise,3,3,3,sha3,10,,,,UavAuthNetwork.uav[7],uav,dh_keygen,8,0.502676,62.8345,61.323,69.0531
241,HighNoise-3-20260809-23:07:28-359440,HighNoise,3,3,3,sha3,10,,,,UavAuthNetwork.uav[7],uav,extract,1,0.006002,6.002,6.002,6.002
242,HighNoise-3-20260809-23:07:28-359440,HighNoise,3,3,3,sha3,10,,,,UavAuthNetwork.uav[7],uav,kdf,17,0.147783,8.693118,8.927,9.5182
243,HighNoise-3-20260809-23:07:28-359440,HighNoise,3,3,3,sha3,10,,,,UavAuthNetwork.uav[7],uav,mac,11,0.045285,4.116818,3.857,5.3505
244,HighNoise-3-20260809-23:07:28-359440,HighNoise,3,3,3,sha3,10,,,,UavAuthNetwork.uav[7],uav,mac_verify,13,0.049964,3.843385,3.837,4.148
245,HighNoise-3-20260809-23:07:28-359440,HighNoise,3,3,3,sha3,10,,,,UavAuthNetwork.uav[8],uav,aead_open,1,0.002515,2.515,2.515,2.515
246,HighNoise-3-20260809-23:07:28-359440,HighNoise,3,3,3,sha3,10,,,,UavAuthNetwork.uav[8],uav,dh_derive,8,0.938698,117.33725,114.9165,125.9107
247,HighNoise-3-20260809-23:07:28-359440,HighNoise,3,3,3,sha3,10,,,,UavAuthNetwork.uav[8],uav,dh_keygen,8,0.491004,61.3755,60.036,67.15
248,HighNoise-3-20260809-23:07:28-359440,HighNoise,3,3,3,sha3,10,,,,UavAuthNetwork.uav[8],uav,extract,1,0.011763,11.763,11.763,11.763
249,HighNoise-3-20260809-23:07:28-359440,HighNoise,3,3,3,sha3,10,,,,UavAuthNetwork.uav[8],uav,kdf,17,0.159346,9.373294,8.937,11.6786
250,HighNoise-3-20260809-23:07:28-359440,HighNoise,3,3,3,sha3,10,,,,UavAuthNetwork.uav[8],uav,mac,10,0.038366,3.8366,3.8175,4.0315
251,HighNoise-3-20260809-23:07:28-359440,HighNoise,3,3,3,sha3,10,,,,UavAuthNetwork.uav[8],uav,mac_verify,14,0.053444,3.817429,3.8975,4.15985
252,HighNoise-3-20260809-23:07:28-359440,HighNoise,3,3,3,sha3,10,,,,UavAuthNetwork.uav[9],uav,aead_open,1,0.002766,2.766,2.766,2.766
253,HighNoise-3-20260809-23:07:28-359440,HighNoise,3,3,3,sha3,10,,,,UavAuthNetwork.uav[9],uav,dh_derive,8,0.933757,116.719625,114.475,126.05
254,HighNoise-3-20260809-23:07:28-359440,HighNoise,3,3,3,sha3,10,,,,UavAuthNetwork.uav[9],uav,dh_keygen,8,0.4834,60.425,59.991,62.3329
255,HighNoise-3-20260809-23:07:28-359440,HighNoise,3,3,3,sha3,10,,,,UavAuthNetwork.uav[9],uav,extract,1,0.007124,7.124,7.124,7.124
256,HighNoise-3-20260809-23:07:28-359440,HighNoise,3,3,3,sha3,10,,,,UavAuthNetwork.uav[9],uav,kdf,17,0.146945,8.643824,8.878,9.3662
257,HighNoise-3-20260809-23:07:28-359440,HighNoise,3,3,3,sha3,10,,,,UavAuthNetwork.uav[9],uav,mac,9,0.035079,3.897667,3.808,4.2846
258,HighNoise-3-20260809-23:07:28-359440,HighNoise,3,3,3,sha3,10,,,,UavAuthNetwork.uav[9],uav,mac_verify,15,0.057871,3.858067,4.018,4.3083
259,HighNoise-4-20260809-23:07:29-359440,HighNoise,4,4,4,sha3,10,,,,UavAuthNetwork.groundStation,groundStation,aead_seal,9,0.05111,5.678889,3.667,13.741
260,HighNoise-4-20260809-23:07:29-359440,HighNoise,4,4,4,sha3,10,,,,UavAuthNetwork.groundStation,groundStation,dh_derive,9,1.098645,122.071667,114.892,146.9324
261,HighNoise-4-20260809-23:07:29-359440,HighNoise,4,4,4,sha3,10,,,,UavAuthNetwork.groundStation,groundStation,dh_keygen,9,0.561386,62.376222,60.818,67.1136
262,HighNoise-4-20260809-23:07:29-359440,HighNoise,4,4,4,sha3,10,,,,UavAuthNetwork.groundStation,groundStation,extract,10,0.045697,4.5697,4.4385,5.15105
263,HighNoise-4-20260809-23:07:29-359440,HighNoise,4,4,4,sha3,10,,,,UavAuthNetwork.groundStation,groundStation,kdf,167,1.442599,8.638317,7.665,14.207
264,HighNoise-4-20260809-23:07:29-359440,HighNoise,4,4,4,sha3,10,,,,UavAuthNetwork.groundStation,groundStation,mac,9,0.043935,4.881667,4.439,6.8092
265,HighNoise-4-20260809-23:07:29-359440,HighNoise,4,4,4,sha3,10,,,,UavAuthNetwork.groundStation,groundStation,mac_verify,18,0.076031,4.223944,4.168,4.83305
266,HighNoise-4-20260809-23:07:29-359440,HighNoise,4,4,4,sha3,10,,,,UavAuthNetwork.uav[0],uav,aead_open,1,0.003637,3.637,3.637,3.637
267,HighNoise-4-20260809-23:07:29-359440,HighNoise,4,4,4,sha3,10,,,,UavAuthNetwork.uav[0],uav,dh_derive,9,1.110679,123.408778,116.365,146.6878
268,HighNoise-4-20260809-23:07:29-359440,HighNoise,4,4,4,sha3,10,,,,UavAuthNetwork.uav[0],uav,dh_keygen,10,0.670676,67.0676,60.066,97.5354
269,HighNoise-4-20260809-23:07:29-359440,HighNoise,4,4,4,sha3,10,,,,UavAuthNetwork.uav[0],uav,extract,1,0.007865,7.865,7.865,7.865
270,HighNoise-4-20260809-23:07:29-359440,HighNoise,4,4,4,sha3,10,,,,UavAuthNetwork.uav[0],uav,kdf,20,0.185169,9.25845,8.682,11.61155
271,HighNoise-4-20260809-23:07:29-359440,HighNoise,4,4,4,sha3,10,,,,UavAuthNetwork.uav[0],uav,mac,19,0.079224,4.169684,3.908,5.1434
272,HighNoise-4-20260809-23:07:29-359440,HighNoise,4,4,4,sha3,10,,,,UavAuthNetwork.uav[0],uav,mac_verify,9,0.038203,4.244778,3.837,5.7974
273,HighNoise-4-20260809-23:07:29-359440,HighNoise,4,4,4,sha3,10,,,,UavAuthNetwork.uav[1],uav,aead_open,1,0.002565,2.565,2.565,2.565
274,HighNoise-4-20260809-23:07:29-359440,HighNoise,4,4,4,sha3,10,,,,UavAuthNetwork.uav[1],uav,dh_derive,9,1.038438,115.382,114.271,120.1004
275,HighNoise-4-20260809-23:07:29-359440,HighNoise,4,4,4,sha3,10,,,,UavAuthNetwork.uav[1],uav,dh_keygen,10,0.624076,62.4076,60.016,71.1543
276,HighNoise-4-20260809-23:07:29-359440,HighNoise,4,4,4,sha3,10,,,,UavAuthNetwork.uav[1],uav,extract,1,0.005822,5.822,5.822,5.822
277,HighNoise-4-20260809-23:07:29-359440,HighNoise,4,4,4,sha3,10,,,,UavAuthNetwork.uav[1],uav,kdf,20,0.178777,8.93885,8.552,10.35505
278,HighNoise-4-20260809-23:07:29-359440,HighNoise,4,4,4,sha3,10,,,,UavAuthNetwork.uav[1],uav,mac,18,0.072999,4.0555,3.872,4.5269
279,HighNoise-4-20260809-23:07:29-359440,HighNoise,4,4,4,sha3,10,,,,UavAuthNetwork.uav[1],uav,mac_verify,10,0.038405,3.8405,3.7825,4.177
280,HighNoise-4-20260809-23:07:29-359440,HighNoise,4,4,4,sha3,10,,,,UavAuthNetwork.uav[2],uav,aead_open,1,0.002525,2.525,2.525,2.525
281,HighNoise-4-20260809-23:07:29-359440,HighNoise,4,4,4,sha3,10,,,,UavAuthNetwork.uav[2],uav,dh_derive,9,1.126419,125.157667,114.491,152.8382
282,HighNoise-4-20260809-23:07:29-359440,HighNoise,4,4,4,sha3,10,,,,UavAuthNetwork.uav[2],uav,dh_keygen,10,0.601133,60.1133,59.9205,61.1622
283,HighNoise-4-20260809-23:07:29-359440,HighNoise,4,4,4,sha3,10,,,,UavAuthNetwork.uav[2],uav,extract,1,0.00551,5.51,5.51,5.51
284,HighNoise-4-20260809-23:07:29-359440,HighNoise,4,4,4,sha3,10,,,,UavAuthNetwork.uav[2],uav,kdf,20,0.180672,9.0336,8.5315,10.9206
285,HighNoise-4-20260809-23:07:29-359440,HighNoise,4,4,4,sha3,10,,,,UavAuthNetwork.uav[2],uav,mac,17,0.070252,4.132471,3.898,4.8634
286,HighNoise-4-20260809-23:07:29-359440,HighNoise,4,4,4,sha3,10,,,,UavAuthNetwork.uav[2],uav,mac_verify,11,0.045647,4.149727,3.857,5.541
287,HighNoise-4-20260809-23:07:29-359440,HighNoise,4,4,4,sha3,10,,,,UavAuthNetwork.uav[3],uav,aead_open,1,0.002335,2.335,2.335,2.335
288,HighNoise-4-20260809-23:07:29-359440,HighNoise,4,4,4,sha3,10,,,,UavAuthNetwork.uav[3],uav,dh_derive,9,1.083956,120.439556,114.261,145.3008
289,HighNoise-4-20260809-23:07:29-359440,HighNoise,4,4,4,sha3,10,,,,UavAuthNetwork.uav[3],uav,dh_keygen,10,0.602395,60.2395,59.986,61.2526
290,HighNoise-4-20260809-23:07:29-359440,HighNoise,4,4,4,sha3,10,,,,UavAuthNetwork.uav[3],uav,extract,1,0.005501,5.501,5.501,5.501
291,HighNoise-4-20260809-23:07:29-359440,HighNoise,4,4,4,sha3,10,,,,UavAuthNetwork.uav[3],uav,kdf,20,0.181819,9.09095,8.5865,10.5308
292,HighNoise-4-20260809-23:07:29-359440,HighNoise,4,4,4,sha3,10,,,,UavAuthNetwork.uav[3],uav,mac,16,0.076546,4.784125,3.852,9.29775
293,HighNoise-4-20260809-23:07:29-359440,HighNoise,4,4,4,sha3,10,,,,UavAuthNetwork.uav[3],uav,mac_verify,12,0.048903,4.07525,3.8625,5.36625
294,HighNoise-4-20260809-23:07:29-359440,HighNoise,4,4,4,sha3,10,,,,UavAuthNetwork.uav[4],uav,aead_open,1,0.002415,2.415,2.415,2.415
295,HighNoise-4-20260809-23:07:29-359440,HighNoise,4,4,4,sha3,10,,,,UavAuthNetwork.uav[4],uav,dh_derive,9,1.038478,115.386444,114.301,119.924
296,HighNoise-4-20260809-23:07:29-359440,HighNoise,4,4,4,sha3,10,,,,UavAuthNetwork.uav[4],uav,dh_keygen,10,0.617915,61.7915,60.046,69.05705
297,HighNoise-4-20260809-23:07:29-359440,HighNoise,4,4,4,sha3,10,,,,UavAuthNetwork.uav[4],uav,extract,1,0.00538,5.38,5.38,5.38
298,HighNoise-4-20260809-23:07:29-359440,HighNoise,4,4,4,sha3,10,,,,UavAuthNetwork.uav[4],uav,kdf,20,0.172855,8.64275,8.917,9.41605
299,HighNoise-4-20260809-23:07:29-359440,HighNoise,4,4,4,sha3,10,,,,UavAuthNetwork.uav[4],uav,mac,15,0.058312,3.887467,3.868,4.023
300,HighNoise-4-20260809-23:07:29-359440,HighNoise,4,4,4,sha3,10,,,,UavAuthNetwork.uav[4],uav,mac_verify,13,0.049686,3.822,3.808,4.122
301,HighNoise-4-20260809-23:07:29-359440,HighNoise,4,4,4,sha3,10,,,,UavAuthNetwork.uav[5],uav,aead_open,1,0.004479,4.479,4.479,4.479
302,HighNoise-4-20260809-23:07:29-359440,HighNoise,4,4,4,sha3,10,,,,UavAuthNetwork.uav[5],uav,dh_derive,9,1.087803,120.867,114.311,145.9482
303,HighNoise-4-20260809-23:07:29-359440,HighNoise,4,4,4,sha3,10,,,,UavAuthNetwork.uav[5],uav,dh_keygen,10,0.638758,63.8758,59.936,80.69595
304,HighNoise-4-20260809-23:07:29-359440,HighNoise,4,4,4,sha3,10,,,,UavAuthNetwork.uav[5],uav,extract,1,0.013236,13.236,13.236,13.236
305,HighNoise-4-20260809-23:07:29-359440,HighNoise,4,4,4,sha3,10,,,,UavAuthNetwork.uav[5],uav,kdf,20,0.230045,11.50225,8.972,23.1209
306,HighNoise-4-20260809-23:07:29-359440,HighNoise,4,4,4,sha3,10,,,,UavAuthNetwork.uav[5],uav,mac,14,0.063472,4.533714,3.867,7.07335
307,HighNoise-4-20260809-23:07:29-359440,HighNoise,4,4,4,sha3,10,,,,UavAuthNetwork.uav[5],uav,mac_verify,14,0.059505,4.250357,3.9425,6.97085
308,HighNoise-4-20260809-23:07:29-359440,HighNoise,4,4,4,sha3,10,,,,UavAuthNetwork.uav[6],uav,aead_open,1,0.002665,2.665,2.665,2.665
309,HighNoise-4-20260809-23:07:29-359440,HighNoise,4,4,4,sha3,10,,,,UavAuthNetwork.uav[6],uav,dh_derive,9,1.039428,115.492,114.241,120.1358
310,HighNoise-4-20260809-23:07:29-359440,HighNoise,4,4,4,sha3,10,,,,UavAuthNetwork.uav[6],uav,dh_keygen,10,0.604919,60.4919,60.036,62.64795
311,HighNoise-4-20260809-23:07:29-359440,HighNoise,4,4,4,sha3,10,,,,UavAuthNetwork.uav[6],uav,extract,1,0.006913,6.913,6.913,6.913
312,HighNoise-4-20260809-23:07:29-359440,HighNoise,4,4,4,sha3,10,,,,UavAuthNetwork.uav[6],uav,kdf,20,0.173795,8.68975,8.6815,9.35805
313,HighNoise-4-20260809-23:07:29-359440,HighNoise,4,4,4,sha3,10,,,,UavAuthNetwork.uav[6],uav,mac,13,0.050219,3.863,3.887,4.022
314,HighNoise-4-20260809-23:07:29-359440,HighNoise,4,4,4,sha3,10,,,,UavAuthNetwork.uav[6],uav,mac_verify,15,0.057933,3.8622,3.988,4.211
315,HighNoise-4-20260809-23:07:29-359440,HighNoise,4,4,4,sha3,10,,,,UavAuthNetwork.uav[8],uav,aead_open,1,0.002434,2.434,2.434,2.434
316,HighNoise-4-20260809-23:07:29-359440,HighNoise,4,4,4,sha3,10,,,,UavAuthNetwork.uav[8],uav,dh_derive,9,1.037188,115.243111,114.191,119.5454
317,HighNoise-4-20260809-23:07:29-359440,HighNoise,4,4,4,sha3,10,,,,UavAuthNetwork.uav[8],uav,dh_keygen,9,0.57987,64.43,59.956,83.7584
318,HighNoise-4-20260809-23:07:29-359440,HighNoise,4,4,4,sha3,10,,,,UavAuthNetwork.uav[8],uav,extract,1,0.005862,5.862,5.862,5.862
319,HighNoise-4-20260809-23:07:29-359440,HighNoise,4,4,4,sha3,10,,,,UavAuthNetwork.uav[8],uav,kdf,19,0.163777,8.619842,8.907,9.2782
320,HighNoise-4-20260809-23:07:29-359440,HighNoise,4,4,4,sha3,10,,,,UavAuthNetwork.uav[8],uav,mac,11,0.042683,3.880273,3.838,4.188
321,HighNoise-4-20260809-23:07:29-359440,HighNoise,4,4,4,sha3,10,,,,UavAuthNetwork.uav[8],uav,mac_verify,16,0.061059,3.816187,3.908,4.1555
322,HighNoise-4-20260809-23:07:29-359440,HighNoise,4,4,4,sha3,10,,,,UavAuthNetwork.uav[9],uav,aead_open,1,0.002445,2.445,2.445,2.445
323,HighNoise-4-20260809-23:07:29-359440,HighNoise,4,4,4,sha3,10,,,,UavAuthNetwork.uav[9],uav,dh_derive,9,1.04442,116.046667,114.301,122.0002
324,HighNoise-4-20260809-23:07:29-359440,HighNoise,4,4,4,sha3,10,,,,UavAuthNetwork.uav[9],uav,dh_keygen,9,0.544183,60.464778,59.956,62.7312
325,HighNoise-4-20260809-23:07:29-359440,HighNoise,4,4,4,sha3,10,,,,UavAuthNetwork.uav[9],uav,extract,1,0.006092,6.092,6.092,6.092
326,HighNoise-4-20260809-23:07:29-359440,HighNoise,4,4,4,sha3,10,,,,UavAuthNetwork.uav[9],uav,kdf,19,0.164465,8.656053,8.887,9.3721
327,HighNoise-4-20260809-23:07:29-359440,HighNoise,4,4,4,sha3,10,,,,UavAuthNetwork.uav[9],uav,mac,10,0.038292,3.8292,3.802,3.98705
328,HighNoise-4-20260809-23:07:29-359440,HighNoise,4,4,4,sha3,10,,,,UavAuthNetwork.uav[9],uav,mac_verify,17,0.065015,3.824412,4.007,4.1928
329,HighNoise-5-20260809-23:07:31-359440,HighNoise,5,5,5,sha3,10,,,,UavAuthNetwork.groundStation,groundStation,aead_seal,5,0.031541,6.3082,3.968,13.4598
330,HighNoise-5-20260809-23:07:31-359440,HighNoise,5,5,5,sha3,10,,,,UavAuthNetwork.groundStation,groundStation,dh_derive,5,0.586728,117.3456,114.873,125.233
331,HighNoise-5-20260809-23:07:31-359440,HighNoise,5,5,5,sha3,10,,,,UavAuthNetwork.groundStation,groundStation,dh_keygen,5,0.311524,62.3048,60.467,67.2484
332,HighNoise-5-20260809-23:07:31-359440,HighNoise,5,5,5,sha3,10,,,,UavAuthNetwork.groundStation,groundStation,extract,10,0.060848,6.0848,4.494,11.3977
333,HighNoise-5-20260809-23:07:31-359440,HighNoise,5,5,5,sha3,10,,,,UavAuthNetwork.groundStation,groundStation,kdf,115,1.020295,8.87213,7.775,13.0863
334,HighNoise-5-20260809-23:07:31-359440,HighNoise,5,5,5,sha3,10,,,,UavAuthNetwork.groundStation,groundStation,mac,5,0.022633,4.5266,4.508,4.617
335,HighNoise-5-20260809-23:07:31-359440,HighNoise,5,5,5,sha3,10,,,,UavAuthNetwork.groundStation,groundStation,mac_verify,10,0.040359,4.0359,4.143,4.29
336,HighNoise-5-20260809-23:07:31-359440,HighNoise,5,5,5,sha3,10,,,,UavAuthNetwork.uav[0],uav,aead_open,1,0.006573,6.573,6.573,6.573
337,HighNoise-5-20260809-23:07:31-359440,HighNoise,5,5,5,sha3,10,,,,UavAuthNetwork.uav[0],uav,dh_derive,5,0.593551,118.7102,116.195,123.534
338,HighNoise-5-20260809-23:07:31-359440,HighNoise,5,5,5,sha3,10,,,,UavAuthNetwork.uav[0],uav,dh_keygen,10,0.664558,66.4558,60.1365,93.9355
339,HighNoise-5-20260809-23:07:31-359440,HighNoise,5,5,5,sha3,10,,,,UavAuthNetwork.uav[0],uav,extract,1,0.008266,8.266,8.266,8.266
340,HighNoise-5-20260809-23:07:31-359440,HighNoise,5,5,5,sha3,10,,,,UavAuthNetwork.uav[0],uav,kdf,16,0.142205,8.887813,8.722,10.317
341,HighNoise-5-20260809-23:07:31-359440,HighNoise,5,5,5,sha3,10,,,,UavAuthNetwork.uav[0],uav,mac,15,0.060248,4.016533,3.878,4.6673
342,HighNoise-5-20260809-23:07:31-359440,HighNoise,5,5,5,sha3,10,,,,UavAuthNetwork.uav[0],uav,mac_verify,5,0.019509,3.9018,3.798,4.1866
343,HighNoise-5-20260809-23:07:31-359440,HighNoise,5,5,5,sha3,10,,,,UavAuthNetwork.uav[1],uav,aead_open,1,0.002626,2.626,2.626,2.626
344,HighNoise-5-20260809-23:07:31-359440,HighNoise,5,5,5,sha3,10,,,,UavAuthNetwork.uav[1],uav,dh_derive,5,0.573533,114.7066,114.813,115.3938
345,HighNoise-5-20260809-23:07:31-359440,HighNoise,5,5,5,sha3,10,,,,UavAuthNetwork.uav[1],uav,dh_keygen,10,0.612448,61.2448,60.1115,66.1649
346,HighNoise-5-20260809-23:07:31-359440,HighNoise,5,5,5,sha3,10,,,,UavAuthNetwork.uav[1],uav,extract,1,0.005981,5.981,5.981,5.981
347,HighNoise-5-20260809-23:07:31-359440,HighNoise,5,5,5,sha3,10,,,,UavAuthNetwork.uav[1],uav,kdf,16,0.136009,8.500562,8.155,9.501
348,HighNoise-5-20260809-23:07:31-359440,HighNoise,5,5,5,sha3,10,,,,UavAuthNetwork.uav[1],uav,mac,14,0.05574,3.981429,3.8675,4.33985
349,HighNoise-5-20260809-23:07:31-359440,HighNoise,5,5,5,sha3,10,,,,UavAuthNetwork.uav[1],uav,mac_verify,6,0.023615,3.935833,3.8525,4.288
350,HighNoise-5-20260809-23:07:31-359440,HighNoise,5,5,5,sha3,10,,,,UavAuthNetwork.uav[2],uav,aead_open,1,0.002695,2.695,2.695,2.695
351,HighNoise-5-20260809-23:07:31-359440,HighNoise,5,5,5,sha3,10,,,,UavAuthNetwork.uav[2],uav,dh_derive,5,0.583471,116.6942,114.452,123.3028
352,HighNoise-5-20260809-23:07:31-359440,HighNoise,5,5,5,sha3,10,,,,UavAuthNetwork.uav[2],uav,dh_keygen,10,0.603219,60.3219,59.992,61.89985
353,HighNoise-5-20260809-23:07:31-359440,HighNoise,5,5,5,sha3,10,,,,UavAuthNetwork.uav[2],uav,extract,1,0.007275,7.275,7.275,7.275
354,HighNoise-5-20260809-23:07:31-359440,HighNoise,5,5,5,sha3,10,,,,UavAuthNetwork.uav[2],uav,kdf,16,0.136214,8.513375,8.2105,9.546
355,HighNoise-5-20260809-23:07:31-359440,HighNoise,5,5,5,sha3,10,,,,UavAuthNetwork.uav[2],uav,mac,13,0.050867,3.912846,3.847,4.236
356,HighNoise-5-20260809-23:07:31-359440,HighNoise,5,5,5,sha3,10,,,,UavAuthNetwork.uav[2],uav,mac_verify,7,0.027082,3.868857,3.877,4.1917
357,HighNoise-5-20260809-23:07:31-359440,HighNoise,5,5,5,sha3,10,,,,UavAuthNetwork.uav[5],uav,aead_open,1,0.002475,2.475,2.475,2.475
358,HighNoise-5-20260809-23:07:31-359440,HighNoise,5,5,5,sha3,10,,,,UavAuthNetwork.uav[5],uav,dh_derive,5,0.573714,114.7428,114.332,115.614
359,HighNoise-5-20260809-23:07:31-359440,HighNoise,5,5,5,sha3,10,,,,UavAuthNetwork.uav[5],uav,dh_keygen,8,0.490842,61.35525,60.0715,66.086
360,HighNoise-5-20260809-23:07:31-359440,HighNoise,5,5,5,sha3,10,,,,UavAuthNetwork.uav[5],uav,extract,1,0.005942,5.942,5.942,5.942
361,HighNoise-5-20260809-23:07:31-359440,HighNoise,5,5,5,sha3,10,,,,UavAuthNetwork.uav[5],uav,kdf,14,0.121626,8.687571,8.752,9.69155
362,HighNoise-5-20260809-23:07:31-359440,HighNoise,5,5,5,sha3,10,,,,UavAuthNetwork.uav[5],uav,mac,10,0.039146,3.9146,3.8725,4.1695
363,HighNoise-5-20260809-23:07:31-359440,HighNoise,5,5,5,sha3,10,,,,UavAuthNetwork.uav[5],uav,mac_verify,8,0.03112,3.89,3.9275,4.179
364,HighNoise-5-20260809-23:07:31-359440,HighNoise,5,5,5,sha3,10,,,,UavAuthNetwork.uav[7],uav,aead_open,1,0.002575,2.575,2.575,2.575
365,HighNoise-5-20260809-23:07:31-359440,HighNoise,5,5,5,sha3,10,,,,UavAuthNetwork.uav[7],uav,dh_derive,5,0.591326,118.2652,115.975,123.0806
366,HighNoise-5-20260809-23:07:31-359440,HighNoise,5,5,5,sha3,10,,,,UavAuthNetwork.uav[7],uav,dh_keygen,7,0.431877,61.696714,60.136,67.4675
367,HighNoise-5-20260809-23:07:31-359440,HighNoise,5,5,5,sha3,10,,,,UavAuthNetwork.uav[7],uav,extract,1,0.005651,5.651,5.651,5.651
368,HighNoise-5-20260809-23:07:31-359440,HighNoise,5,5,5,sha3,10,,,,UavAuthNetwork.uav[7],uav,kdf,13,0.121694,9.361077,8.286,13.446
369,HighNoise-5-20260809-23:07:31-359440,HighNoise,5,5,5,sha3,10,,,,UavAuthNetwork.uav[7],uav,mac,8,0.031441,3.930125,3.888,4.1755
370,HighNoise-5-20260809-23:07:31-359440,HighNoise,5,5,5,sha3,10,,,,UavAuthNetwork.uav[7],uav,mac_verify,9,0.034838,3.870889,4.038,4.178
371,HighNoise-6-20260809-23:07:32-359440,HighNoise,6,6,6,sha3,10,,,,UavAuthNetwork.groundStation,groundStation,aead_seal,8,0.040999,5.124875,3.612,11.4593
372,HighNoise-6-20260809-23:07:32-359440,HighNoise,6,6,6,sha3,10,,,,UavAuthNetwork.groundStation,groundStation,dh_derive,8,0.917143,114.642875,114.5275,115.133
373,HighNoise-6-20260809-23:07:32-359440,HighNoise,6,6,6,sha3,10,,,,UavAuthNetwork.groundStation,groundStation,dh_keygen,8,0.487176,60.897,60.513,62.54295
374,HighNoise-6-20260809-23:07:32-359440,HighNoise,6,6,6,sha3,10,,,,UavAuthNetwork.groundStation,groundStation,extract,10,0.046239,4.6239,4.434,5.229
375,HighNoise-6-20260809-23:07:32-359440,HighNoise,6,6,6,sha3,10,,,,UavAuthNetwork.groundStation,groundStation,kdf,154,1.263108,8.202,7.6,9.1815
376,HighNoise-6-20260809-23:07:32-359440,HighNoise,6,6,6,sha3,10,,,,UavAuthNetwork.groundStation,groundStation,mac,8,0.035491,4.436375,4.4335,4.5205
377,HighNoise-6-20260809-23:07:32-359440,HighNoise,6,6,6,sha3,10,,,,UavAuthNetwork.groundStation,groundStation,mac_verify,16,0.063563,3.972688,4.153,4.2955
378,HighNoise-6-20260809-23:07:32-359440,HighNoise,6,6,6,sha3,10,,,,UavAuthNetwork.uav[0],uav,aead_open,1,0.003657,3.657,3.657,3.657
379,HighNoise-6-20260809-23:07:32-359440,HighNoise,6,6,6,sha3,10,,,,UavAuthNetwork.uav[0],uav,dh_derive,8,1.069038,133.62975,118.976,176.10925
380,HighNoise-6-20260809-23:07:32-359440,HighNoise,6,6,6,sha3,10,,,,UavAuthNetwork.uav[0],uav,dh_keygen,10,0.630715,63.0715,60.4525,75.53945
381,HighNoise-6-20260809-23:07:32-359440,HighNoise,6,6,6,sha3,10,,,,UavAuthNetwork.uav[0],uav,extract,1,0.006102,6.102,6.102,6.102
382,HighNoise-6-20260809-23:07:32-359440,HighNoise,6,6,6,sha3,10,,,,UavAuthNetwork.uav[0],uav,kdf,19,0.193577,10.188263,9.098,16.1175
383,HighNoise-6-20260809-23:07:32-359440,HighNoise,6,6,6,sha3,10,,,,UavAuthNetwork.uav[0],uav,mac,18,0.077449,4.302722,3.9175,5.87795
384,HighNoise-6-20260809-23:07:32-359440,HighNoise,6,6,6,sha3,10,,,,UavAuthNetwork.uav[0],uav,mac_verify,8,0.037204,4.6505,4.1085,6.3318
385,HighNoise-6-20260809-23:07:32-359440,HighNoise,6,6,6,sha3,10,,,,UavAuthNetwork.uav[1],uav,aead_open,1,0.002585,2.585,2.585,2.585
386,HighNoise-6-20260809-23:07:32-359440,HighNoise,6,6,6,sha3,10,,,,UavAuthNetwork.uav[1],uav,dh_derive,8,1.017055,127.131875,117.2475,159.1225
387,HighNoise-6-20260809-23:07:32-359440,HighNoise,6,6,6,sha3,10,,,,UavAuthNetwork.uav[1],uav,dh_keygen,10,0.618129,61.8129,59.941,68.89855
388,HighNoise-6-20260809-23:07:32-359440,HighNoise,6,6,6,sha3,10,,,,UavAuthNetwork.uav[1],uav,extract,1,0.005762,5.762,5.762,5.762
389,HighNoise-6-20260809-23:07:32-359440,HighNoise,6,6,6,sha3,10,,,,UavAuthNetwork.uav[1],uav,kdf,19,0.183825,9.675,8.667,18.5471
390,HighNoise-6-20260809-23:07:32-359440,HighNoise,6,6,6,sha3,10,,,,UavAuthNetwork.uav[1],uav,mac,17,0.07442,4.377647,3.907,7.1912
391,HighNoise-6-20260809-23:07:32-359440,HighNoise,6,6,6,sha3,10,,,,UavAuthNetwork.uav[1],uav,mac_verify,9,0.040327,4.480778,3.817,6.793
392,HighNoise-6-20260809-23:07:32-359440,HighNoise,6,6,6,sha3,10,,,,UavAuthNetwork.uav[2],uav,aead_open,1,0.002424,2.424,2.424,2.424
393,HighNoise-6-20260809-23:07:32-359440,HighNoise,6,6,6,sha3,10,,,,UavAuthNetwork.uav[2],uav,dh_derive,8,0.984593,123.074125,114.9585,149.2208
394,HighNoise-6-20260809-23:07:32-359440,HighNoise,6,6,6,sha3,10,,,,UavAuthNetwork.uav[2],uav,dh_keygen,10,0.601097,60.1097,59.916,61.1027
395,HighNoise-6-20260809-23:07:32-359440,HighNoise,6,6,6,sha3,10,,,,UavAuthNetwork.uav[2],uav,extract,1,0.005801,5.801,5.801,5.801
396,HighNoise-6-20260809-23:07:32-359440,HighNoise,6,6,6,sha3,10,,,,UavAuthNetwork.uav[2],uav,kdf,19,0.170801,8.989526,8.436,10.6449
397,HighNoise-6-20260809-23:07:32-359440,HighNoise,6,6,6,sha3,10,,,,UavAuthNetwork.uav[2],uav,mac,16,0.06581,4.113125,3.8575,5.20775
398,HighNoise-6-20260809-23:07:32-359440,HighNoise,6,6,6,sha3,10,,,,UavAuthNetwork.uav[2],uav,mac_verify,10,0.043203,4.3203,3.9275,6.27965
399,HighNoise-6-20260809-23:07:32-359440,HighNoise,6,6,6,sha3,10,,,,UavAuthNetwork.uav[5],uav,aead_open,1,0.002625,2.625,2.625,2.625
400,HighNoise-6-20260809-23:07:32-359440,HighNoise,6,6,6,sha3,10,,,,UavAuthNetwork.uav[5],uav,dh_derive,8,1.051111,131.388875,123.064,159.09745
401,HighNoise-6-20260809-23:07:32-359440,HighNoise,6,6,6,sha3,10,,,,UavAuthNetwork.uav[5],uav,dh_keygen,8,0.48382,60.4775,59.871,62.9177
402,HighNoise-6-20260809-23:07:32-359440,HighNoise,6,6,6,sha3,10,,,,UavAuthNetwork.uav[5],uav,extract,1,0.006904,6.904,6.904,6.904
403,HighNoise-6-20260809-23:07:32-359440,HighNoise,6,6,6,sha3,10,,,,UavAuthNetwork.uav[5],uav,kdf,17,0.173076,10.180941,8.867,15.7848
404,HighNoise-6-20260809-23:07:32-359440,HighNoise,6,6,6,sha3,10,,,,UavAuthNetwork.uav[5],uav,mac,13,0.060965,4.689615,3.867,7.1014
405,HighNoise-6-20260809-23:07:32-359440,HighNoise,6,6,6,sha3,10,,,,UavAuthNetwork.uav[5],uav,mac_verify,11,0.050277,4.570636,4.058,6.7575
406,HighNoise-6-20260809-23:07:32-359440,HighNoise,6,6,6,sha3,10,,,,UavAuthNetwork.uav[6],uav,aead_open,1,0.002364,2.364,2.364,2.364
407,HighNoise-6-20260809-23:07:32-359440,HighNoise,6,6,6,sha3,10,,,,UavAuthNetwork.uav[6],uav,dh_derive,8,1.021352,127.669,115.3485,162.77595
408,HighNoise-6-20260809-23:07:32-359440,HighNoise,6,6,6,sha3,10,,,,UavAuthNetwork.uav[6],uav,dh_keygen,8,0.490733,61.341625,60.027,66.5911
409,HighNoise-6-20260809-23:07:32-359440,HighNoise,6,6,6,sha3,10,,,,UavAuthNetwork.uav[6],uav,extract,1,0.005691,5.691,5.691,5.691
410,HighNoise-6-20260809-23:07:32-359440,HighNoise,6,6,6,sha3,10,,,,UavAuthNetwork.uav[6],uav,kdf,17,0.168097,9.888059,8.947,17.8344
411,HighNoise-6-20260809-23:07:32-359440,HighNoise,6,6,6,sha3,10,,,,UavAuthNetwork.uav[6],uav,mac,12,0.051519,4.29325,3.858,6.54745
412,HighNoise-6-20260809-23:07:32-359440,HighNoise,6,6,6,sha3,10,,,,UavAuthNetwork.uav[6],uav,mac_verify,12,0.05111,4.259167,4.053,6.35545
413,HighNoise-6-20260809-23:07:32-359440,HighNoise,6,6,6,sha3,10,,,,UavAuthNetwork.uav[7],uav,aead_open,1,0.002514,2.514,2.514,2.514
414,HighNoise-6-20260809-23:07:32-359440,HighNoise,6,6,6,sha3,10,,,,UavAuthNetwork.uav[7],uav,dh_derive,8,0.997899,124.737375,114.678,157.25705
415,HighNoise-6-20260809-23:07:32-359440,HighNoise,6,6,6,sha3,10,,,,UavAuthNetwork.uav[7],uav,dh_keygen,8,0.48334,60.4175,60.127,61.81895
416,HighNoise-6-20260809-23:07:32-359440,HighNoise,6,6,6,sha3,10,,,,UavAuthNetwork.uav[7],uav,extract,1,0.005941,5.941,5.941,5.941
417,HighNoise-6-20260809-23:07:32-359440,HighNoise,6,6,6,sha3,10,,,,UavAuthNetwork.uav[7],uav,kdf,17,0.159401,9.376529,8.877,12.3184
418,HighNoise-6-20260809-23:07:32-359440,HighNoise,6,6,6,sha3,10,,,,UavAuthNetwork.uav[7],uav,mac,11,0.049638,4.512545,3.858,7.4495
419,HighNoise-6-20260809-23:07:32-359440,HighNoise,6,6,6,sha3,10,,,,UavAuthNetwork.uav[7],uav,mac_verify,13,0.056081,4.313923,4.078,6.8674
420,HighNoise-6-20260809-23:07:32-359440,HighNoise,6,6,6,sha3,10,,,,UavAuthNetwork.uav[8],uav,aead_open,1,0.002425,2.425,2.425,2.425
421,HighNoise-6-20260809-23:07:32-359440,HighNoise,6,6,6,sha3,10,,,,UavAuthNetwork.uav[8],uav,dh_derive,8,0.969864,121.233,114.4325,147.6114
422,HighNoise-6-20260809-23:07:32-359440,HighNoise,6,6,6,sha3,10,,,,UavAuthNetwork.uav[8],uav,dh_keygen,8,0.482378,60.29725,59.982,61.5248
423,HighNoise-6-20260809-23:07:32-359440,HighNoise,6,6,6,sha3,10,,,,UavAuthNetwork.uav[8],uav,extract,1,0.005451,5.451,5.451,5.451
424,HighNoise-6-20260809-23:07:32-359440,HighNoise,6,6,6,sha3,10,,,,UavAuthNetwork.uav[8],uav,kdf,17,0.153989,9.058176,8.837,11.0816
425,HighNoise-6-20260809-23:07:32-359440,HighNoise,6,6,6,sha3,10,,,,UavAuthNetwork.uav[8],uav,mac,10,0.040836,4.0836,3.912,5.06965
426,HighNoise-6-20260809-23:07:32-359440,HighNoise,6,6,6,sha3,10,,,,UavAuthNetwork.uav[8],uav,mac_verify,14,0.065776,4.698286,4.0525,8.6619
427,HighNoise-6-20260809-23:07:32-359440,HighNoise,6,6,6,sha3,10,,,,UavAuthNetwork.uav[9],uav,aead_open,1,0.002485,2.485,2.485,2.485
428,HighNoise-6-20260809-23:07:32-359440,HighNoise,6,6,6,sha3,10,,,,UavAuthNetwork.uav[9],uav,dh_derive,8,0.987119,123.389875,115.284,146.16815
429,HighNoise-6-20260809-23:07:32-359440,HighNoise,6,6,6,sha3,10,,,,UavAuthNetwork.uav[9],uav,dh_keygen,8,0.496874,62.10925,60.908,67.8764
430,HighNoise-6-20260809-23:07:32-359440,HighNoise,6,6,6,sha3,10,,,,UavAuthNetwork.uav[9],uav,extract,1,0.005461,5.461,5.461,5.461
431,HighNoise-6-20260809-23:07:32-359440,HighNoise,6,6,6,sha3,10,,,,UavAuthNetwork.uav[9],uav,kdf,17,0.15646,9.203529,8.857,11.1048
432,HighNoise-6-20260809-23:07:32-359440,HighNoise,6,6,6,sha3,10,,,,UavAuthNetwork.uav[9],uav,mac,9,0.039227,4.358556,3.807,6.475
433,HighNoise-6-20260809-23:07:32-359440,HighNoise,6,6,6,sha3,10,,,,UavAuthNetwork.uav[9],uav,mac_verify,15,0.062394,4.1596,4.018,5.7418
434,HighNoise-7-20260809-23:07:33-359440,HighNoise,7,7,7,sha3,10,,,,UavAuthNetwork.groundStation,groundStation,aead_seal,7,0.044537,6.362429,3.998,15.7283
435,HighNoise-7-20260809-23:07:33-359440,HighNoise,7,7,7,sha3,10,,,,UavAuthNetwork.groundStation,groundStation,dh_derive,7,0.813346,116.192286,114.714,121.8026
436,HighNoise-7-20260809-23:07:33-359440,HighNoise,7,7,7,sha3,10,,,,UavAuthNetwork.groundStation,groundStation,dh_keygen,7,0.424046,60.578,60.438,61.2637
437,HighNoise-7-20260809-23:07:33-359440,HighNoise,7,7,7,sha3,10,,,,UavAuthNetwork.groundStation,groundStation,extract,10,0.045869,4.5869,4.4585,5.0616
438,HighNoise-7-20260809-23:07:33-359440,HighNoise,7,7,7,sha3,10,,,,UavAuthNetwork.groundStation,groundStation,kdf,141,1.15333,8.179645,7.645,9.269
439,HighNoise-7-20260809-23:07:33-359440,HighNoise,7,7,7,sha3,10,,,,UavAuthNetwork.groundStation,groundStation,mac,7,0.031632,4.518857,4.519,4.606
440,HighNoise-7-20260809-23:07:33-359440,HighNoise,7,7,7,sha3,10,,,,UavAuthNetwork.groundStation,groundStation,mac_verify,14,0.064174,4.583857,4.203,6.99805
441,HighNoise-7-20260809-23:07:33-359440,HighNoise,7,7,7,sha3,10,,,,UavAuthNetwork.uav[1],uav,aead_open,1,0.004619,4.619,4.619,4.619
442,HighNoise-7-20260809-23:07:33-359440,HighNoise,7,7,7,sha3,10,,,,UavAuthNetwork.uav[1],uav,dh_derive,7,0.815989,116.569857,114.743,121.5287
443,HighNoise-7-20260809-23:07:33-359440,HighNoise,7,7,7,sha3,10,,,,UavAuthNetwork.uav[1],uav,dh_keygen,9,0.636098,70.677556,60.308,109.5732
444,HighNoise-7-20260809-23:07:33-359440,HighNoise,7,7,7,sha3,10,,,,UavAuthNetwork.uav[1],uav,extract,1,0.007164,7.164,7.164,7.164
445,HighNoise-7-20260809-23:07:33-359440,HighNoise,7,7,7,sha3,10,,,,UavAuthNetwork.uav[1],uav,kdf,17,0.149159,8.774059,8.867,9.8772
446,HighNoise-7-20260809-23:07:33-359440,HighNoise,7,7,7,sha3,10,,,,UavAuthNetwork.uav[1],uav,mac,16,0.067792,4.237,3.973,6.037
447,HighNoise-7-20260809-23:07:33-359440,HighNoise,7,7,7,sha3,10,,,,UavAuthNetwork.uav[1],uav,mac_verify,7,0.027442,3.920286,3.907,4.2107
448,HighNoise-7-20260809-23:07:33-359440,HighNoise,7,7,7,sha3,10,,,,UavAuthNetwork.uav[3],uav,aead_open,1,0.002555,2.555,2.555,2.555
449,HighNoise-7-20260809-23:07:33-359440,HighNoise,7,7,7,sha3,10,,,,UavAuthNetwork.uav[3],uav,dh_derive,7,0.811089,115.869857,114.553,121.1662
450,HighNoise-7-20260809-23:07:33-359440,HighNoise,7,7,7,sha3,10,,,,UavAuthNetwork.uav[3],uav,dh_keygen,8,0.493098,61.63725,59.886,69.11805
451,HighNoise-7-20260809-23:07:33-359440,HighNoise,7,7,7,sha3,10,,,,UavAuthNetwork.uav[3],uav,extract,1,0.006072,6.072,6.072,6.072
452,HighNoise-7-20260809-23:07:33-359440,HighNoise,7,7,7,sha3,10,,,,UavAuthNetwork.uav[3],uav,kdf,16,0.138531,8.658188,8.662,9.58925
453,HighNoise-7-20260809-23:07:33-359440,HighNoise,7,7,7,sha3,10,,,,UavAuthNetwork.uav[3],uav,mac,14,0.054399,3.885643,3.858,4.0465
454,HighNoise-7-20260809-23:07:33-359440,HighNoise,7,7,7,sha3,10,,,,UavAuthNetwork.uav[3],uav,mac_verify,8,0.030477,3.809625,3.762,4.1355
455,HighNoise-7-20260809-23:07:33-359440,HighNoise,7,7,7,sha3,10,,,,UavAuthNetwork.uav[5],uav,aead_open,1,0.002946,2.946,2.946,2.946
456,HighNoise-7-20260809-23:07:33-359440,HighNoise,7,7,7,sha3,10,,,,UavAuthNetwork.uav[5],uav,dh_derive,7,0.802043,114.577571,114.212,115.9088
457,HighNoise-7-20260809-23:07:33-359440,HighNoise,7,7,7,sha3,10,,,,UavAuthNetwork.uav[5],uav,dh_keygen,7,0.447171,63.881571,60.097,76.7607
458,HighNoise-7-20260809-23:07:33-359440,HighNoise,7,7,7,sha3,10,,,,UavAuthNetwork.uav[5],uav,extract,1,0.009899,9.899,9.899,9.899
459,HighNoise-7-20260809-23:07:33-359440,HighNoise,7,7,7,sha3,10,,,,UavAuthNetwork.uav[5],uav,kdf,15,0.132387,8.8258,9.078,9.8349
460,HighNoise-7-20260809-23:07:33-359440,HighNoise,7,7,7,sha3,10,,,,UavAuthNetwork.uav[5],uav,mac,12,0.047111,3.925917,3.8575,4.22045
461,HighNoise-7-20260809-23:07:33-359440,HighNoise,7,7,7,sha3,10,,,,UavAuthNetwork.uav[5],uav,mac_verify,9,0.034476,3.830667,3.747,4.18
462,HighNoise-7-20260809-23:07:33-359440,HighNoise,7,7,7,sha3,10,,,,UavAuthNetwork.uav[6],uav,aead_open,1,0.002455,2.455,2.455,2.455
463,HighNoise-7-20260809-23:07:33-359440,HighNoise,7,7,7,sha3,10,,,,UavAuthNetwork.uav[6],uav,dh_derive,7,0.808905,115.557857,114.272,120.2481
464,HighNoise-7-20260809-23:07:33-359440,HighNoise,7,7,7,sha3,10,,,,UavAuthNetwork.uav[6],uav,dh_keygen,7,0.422584,60.369143,60.137,61.7875
465,HighNoise-7-20260809-23:07:33-359440,HighNoise,7,7,7,sha3,10,,,,UavAuthNetwork.uav[6],uav,extract,1,0.005772,5.772,5.772,5.772
466,HighNoise-7-20260809-23:07:33-359440,HighNoise,7,7,7,sha3,10,,,,UavAuthNetwork.uav[6],uav,kdf,15,0.131235,8.749,8.997,9.6996
467,HighNoise-7-20260809-23:07:33-359440,HighNoise,7,7,7,sha3,10,,,,UavAuthNetwork.uav[6],uav,mac,11,0.042973,3.906636,3.877,4.083
468,HighNoise-7-20260809-23:07:33-359440,HighNoise,7,7,7,sha3,10,,,,UavAuthNetwork.uav[6],uav,mac_verify,10,0.038425,3.8425,3.807,4.1895
469,HighNoise-7-20260809-23:07:33-359440,HighNoise,7,7,7,sha3,10,,,,UavAuthNetwork.uav[7],uav,aead_open,1,0.002675,2.675,2.675,2.675
470,HighNoise-7-20260809-23:07:33-359440,HighNoise,7,7,7,sha3,10,,,,UavAuthNetwork.uav[7],uav,dh_derive,7,0.829566,118.509429,114.223,134.6795
471,HighNoise-7-20260809-23:07:33-359440,HighNoise,7,7,7,sha3,10,,,,UavAuthNetwork.uav[7],uav,dh_keygen,7,0.45715,65.307143,60.077,85.2218
472,HighNoise-7-20260809-23:07:33-359440,HighNoise,7,7,7,sha3,10,,,,UavAuthNetwork.uav[7],uav,extract,1,0.005461,5.461,5.461,5.461
473,HighNoise-7-20260809-23:07:33-359440,HighNoise,7,7,7,sha3,10,,,,UavAuthNetwork.uav[7],uav,kdf,15,0.131597,8.773133,8.927,10.0049
474,HighNoise-7-20260809-23:07:33-359440,HighNoise,7,7,7,sha3,10,,,,UavAuthNetwork.uav[7],uav,mac,10,0.039076,3.9076,3.898,4.16205
475,HighNoise-7-20260809-23:07:33-359440,HighNoise,7,7,7,sha3,10,,,,UavAuthNetwork.uav[7],uav,mac_verify,11,0.042503,3.863909,4.028,4.218
476,HighNoise-7-20260809-23:07:33-359440,HighNoise,7,7,7,sha3,10,,,,UavAuthNetwork.uav[8],uav,aead_open,1,0.002365,2.365,2.365,2.365
477,HighNoise-7-20260809-23:07:33-359440,HighNoise,7,7,7,sha3,10,,,,UavAuthNetwork.uav[8],uav,dh_derive,7,0.810808,115.829714,114.974,120.017
478,HighNoise-7-20260809-23:07:33-359440,HighNoise,7,7,7,sha3,10,,,,UavAuthNetwork.uav[8],uav,dh_keygen,7,0.422034,60.290571,60.017,61.6285
479,HighNoise-7-20260809-23:07:33-359440,HighNoise,7,7,7,sha3,10,,,,UavAuthNetwork.uav[8],uav,extract,1,0.00539,5.39,5.39,5.39
480,HighNoise-7-20260809-23:07:33-359440,HighNoise,7,7,7,sha3,10,,,,UavAuthNetwork.uav[8],uav,kdf,15,0.130605,8.707,8.917,9.7033
481,HighNoise-7-20260809-23:07:33-359440,HighNoise,7,7,7,sha3,10,,,,UavAuthNetwork.uav[8],uav,mac,9,0.034748,3.860889,3.798,4.062
482,HighNoise-7-20260809-23:07:33-359440,HighNoise,7,7,7,sha3,10,,,,UavAuthNetwork.uav[8],uav,mac_verify,12,0.04701,3.9175,3.9075,4.6994
483,HighNoise-7-20260809-23:07:33-359440,HighNoise,7,7,7,sha3,10,,,,UavAuthNetwork.uav[9],uav,aead_open,1,0.002415,2.415,2.415,2.415
484,HighNoise-7-20260809-23:07:33-359440,HighNoise,7,7,7,sha3,10,,,,UavAuthNetwork.uav[9],uav,dh_derive,7,0.810359,115.765571,114.152,121.4085
485,HighNoise-7-20260809-23:07:33-359440,HighNoise,7,7,7,sha3,10,,,,UavAuthNetwork.uav[9],uav,dh_keygen,7,0.430269,61.467,60.338,66.2131
486,HighNoise-7-20260809-23:07:33-359440,HighNoise,7,7,7,sha3,10,,,,UavAuthNetwork.uav[9],uav,extract,1,0.005461,5.461,5.461,5.461
487,HighNoise-7-20260809-23:07:33-359440,HighNoise,7,7,7,sha3,10,,,,UavAuthNetwork.uav[9],uav,kdf,15,0.130905,8.727,8.918,9.5326
488,HighNoise-7-20260809-23:07:33-359440,HighNoise,7,7,7,sha3,10,,,,UavAuthNetwork.uav[9],uav,mac,8,0.031231,3.903875,3.8425,4.245
489,HighNoise-7-20260809-23:07:33-359440,HighNoise,7,7,7,sha3,10,,,,UavAuthNetwork.uav[9],uav,mac_verify,13,0.049998,3.846,4.028,4.172
490,StadiumSHA3-0-20260809-23:07:20-359376,StadiumSHA3,0,0,0,sha3,10,,,,UavAuthNetwork.groundStation,groundStation,aead_seal,10,0.092121,9.2121,5.4395,25.3065
491,StadiumSHA3-0-20260809-23:07:20-359376,StadiumSHA3,0,0,0,sha3,10,,,,UavAuthNetwork.groundStation,groundStation,dh_derive,10,1.464367,146.4367,123.174,246.2005
492,StadiumSHA3-0-20260809-23:07:20-359376,StadiumSHA3,0,0,0,sha3,10,,,,UavAuthNetwork.groundStation,groundStation,dh_keygen,10,0.693251,69.3251,65.0315,84.9822
493,StadiumSHA3-0-20260809-23:07:20-359376,StadiumSHA3,0,0,0,sha3,10,,,,UavAuthNetwork.groundStation,groundStation,extract,10,0.049554,4.9554,4.729,5.62155
494,StadiumSHA3-0-20260809-23:07:20-359376,StadiumSHA3,0,0,0,sha3,10,,,,UavAuthNetwork.groundStation,groundStation,kdf,180,1.764322,9.801789,8.396,16.86355
495,StadiumSHA3-0-20260809-23:07:20-359376,StadiumSHA3,0,0,0,sha3,10,,,,UavAuthNetwork.groundStation,groundStation,mac,10,0.052677,5.2677,5.0145,6.75975
496,StadiumSHA3-0-20260809-23:07:20-359376,StadiumSHA3,0,0,0,sha3,10,,,,UavAuthNetwork.groundStation,groundStation,mac_verify,20,0.093163,4.65815,4.469,6.07775
497,StadiumSHA3-0-20260809-23:07:20-359376,StadiumSHA3,0,0,0,sha3,10,,,,UavAuthNetwork.uav[0],uav,aead_open,1,0.009358,9.358,9.358,9.358
498,StadiumSHA3-0-20260809-23:07:20-359376,StadiumSHA3,0,0,0,sha3,10,,,,UavAuthNetwork.uav[0],uav,dh_derive,10,1.32601,132.601,122.6685,175.6963
499,StadiumSHA3-0-20260809-23:07:20-359376,StadiumSHA3,0,0,0,sha3,10,,,,UavAuthNetwork.uav[0],uav,dh_keygen,10,0.995476,99.5476,64.2295,258.441
500,StadiumSHA3-0-20260809-23:07:20-359376,StadiumSHA3,0,0,0,sha3,10,,,,UavAuthNetwork.uav[0],uav,extract,1,0.01035,10.35,10.35,10.35
501,StadiumSHA3-0-20260809-23:07:20-359376,StadiumSHA3,0,0,0,sha3,10,,,,UavAuthNetwork.uav[0],uav,kdf,21,0.22534,10.730476,9.698,17.422
502,StadiumSHA3-0-20260809-23:07:20-359376,StadiumSHA3,0,0,0,sha3,10,,,,UavAuthNetwork.uav[0],uav,mac,20,0.090146,4.5073,4.1975,6.80365
503,StadiumSHA3-0-20260809-23:07:20-359376,StadiumSHA3,0,0,0,sha3,10,,,,UavAuthNetwork.uav[0],uav,mac_verify,10,0.055194,5.5194,4.0325,12.27485
504,StadiumSHA3-0-20260809-23:07:20-359376,StadiumSHA3,0,0,0,sha3,10,,,,UavAuthNetwork.uav[1],uav,aead_open,1,0.003907,3.907,3.907,3.907
505,StadiumSHA3-0-20260809-23:07:20-359376,StadiumSHA3,0,0,0,sha3,10,,,,UavAuthNetwork.uav[1],uav,dh_derive,10,1.23038,123.038,122.513,125.34145
506,StadiumSHA3-0-20260809-23:07:20-359376,StadiumSHA3,0,0,0,sha3,10,,,,UavAuthNetwork.uav[1],uav,dh_keygen,10,0.65875,65.875,64.24,73.0503
507,StadiumSHA3-0-20260809-23:07:20-359376,StadiumSHA3,0,0,0,sha3,10,,,,UavAuthNetwork.uav[1],uav,extract,1,0.02154,21.54,21.54,21.54
508,StadiumSHA3-0-20260809-23:07:20-359376,StadiumSHA3,0,0,0,sha3,10,,,,UavAuthNetwork.uav[1],uav,kdf,21,0.19876,9.464762,9.668,11.411
509,StadiumSHA3-0-20260809-23:07:20-359376,StadiumSHA3,0,0,0,sha3,10,,,,UavAuthNetwork.uav[1],uav,mac,19,0.079869,4.203632,4.148,4.5122
510,StadiumSHA3-0-20260809-23:07:20-359376,StadiumSHA3,0,0,0,sha3,10,,,,UavAuthNetwork.uav[1],uav,mac_verify,11,0.045574,4.143091,4.098,4.5435
511,StadiumSHA3-0-20260809-23:07:20-359376,StadiumSHA3,0,0,0,sha3,10,,,,UavAuthNetwork.uav[2],uav,aead_open,1,0.003577,3.577,3.577,3.577
512,StadiumSHA3-0-20260809-23:07:20-359376,StadiumSHA3,0,0,0,sha3,10,,,,UavAuthNetwork.uav[2],uav,dh_derive,10,1.266539,126.6539,124.9275,133.4162
513,StadiumSHA3-0-20260809-23:07:20-359376,StadiumSHA3,0,0,0,sha3,10,,,,UavAuthNetwork.uav[2],uav,dh_keygen,10,0.675907,67.5907,64.921,76.09115
514,StadiumSHA3-0-20260809-23:07:20-359376,StadiumSHA3,0,0,0,sha3,10,,,,UavAuthNetwork.uav[2],uav,extract,1,0.011802,11.802,11.802,11.802
515,StadiumSHA3-0-20260809-23:07:20-359376,StadiumSHA3,0,0,0,sha3,10,,,,UavAuthNetwork.uav[2],uav,kdf,21,0.199362,9.493429,9.718,10.87
516,StadiumSHA3-0-20260809-23:07:20-359376,StadiumSHA3,0,0,0,sha3,10,,,,UavAuthNetwork.uav[2],uav,mac,18,0.077656,4.314222,4.1725,5.16095
517,StadiumSHA3-0-20260809-23:07:20-359376,StadiumSHA3,0,0,0,sha3,10,,,,UavAuthNetwork.uav[2],uav,mac_verify,12,0.049563,4.13025,4.088,4.45605
518,StadiumSHA3-0-20260809-23:07:20-359376,StadiumSHA3,0,0,0,sha3,10,,,,UavAuthNetwork.uav[3],uav,aead_open,1,0.002825,2.825,2.825,2.825
519,StadiumSHA3-0-20260809-23:07:20-359376,StadiumSHA3,0,0,0,sha3,10,,,,UavAuthNetwork.uav[3],uav,dh_derive,10,1.229118,122.9118,122.543,124.5926
520,StadiumSHA3-0-20260809-23:07:20-359376,StadiumSHA3,0,0,0,sha3,10,,,,UavAuthNetwork.uav[3],uav,dh_keygen,10,0.646584,64.6584,64.29,66.4888
521,StadiumSHA3-0-20260809-23:07:20-359376,StadiumSHA3,0,0,0,sha3,10,,,,UavAuthNetwork.uav[3],uav,extract,1,0.012303,12.303,12.303,12.303
522,StadiumSHA3-0-20260809-23:07:20-359376,StadiumSHA3,0,0,0,sha3,10,,,,UavAuthNetwork.uav[3],uav,kdf,21,0.198902,9.471524,9.548,10.339
523,StadiumSHA3-0-20260809-23:07:20-359376,StadiumSHA3,0,0,0,sha3,10,,,,UavAuthNetwork.uav[3],uav,mac,17,0.070751,4.161824,4.128,4.308
524,StadiumSHA3-0-20260809-23:07:20-359376,StadiumSHA3,0,0,0,sha3,10,,,,UavAuthNetwork.uav[3],uav,mac_verify,13,0.053672,4.128615,4.128,4.455
525,StadiumSHA3-0-20260809-23:07:20-359376,StadiumSHA3,0,0,0,sha3,10,,,,UavAuthNetwork.uav[4],uav,aead_open,1,0.002614,2.614,2.614,2.614
526,StadiumSHA3-0-20260809-23:07:20-359376,StadiumSHA3,0,0,0,sha3,10,,,,UavAuthNetwork.uav[4],uav,dh_derive,10,1.234118,123.4118,122.613,127.2055
527,StadiumSHA3-0-20260809-23:07:20-359376,StadiumSHA3,0,0,0,sha3,10,,,,UavAuthNetwork.uav[4],uav,dh_keygen,10,0.655501,65.5501,64.515,70.43405
528,StadiumSHA3-0-20260809-23:07:20-359376,StadiumSHA3,0,0,0,sha3,10,,,,UavAuthNetwork.uav[4],uav,extract,1,0.006872,6.872,6.872,6.872
529,StadiumSHA3-0-20260809-23:07:20-359376,StadiumSHA3,0,0,0,sha3,10,,,,UavAuthNetwork.uav[4],uav,kdf,21,0.195123,9.291571,9.598,9.869
530,StadiumSHA3-0-20260809-23:07:20-359376,StadiumSHA3,0,0,0,sha3,10,,,,UavAuthNetwork.uav[4],uav,mac,16,0.07507,4.691875,4.143,6.437
531,StadiumSHA3-0-20260809-23:07:20-359376,StadiumSHA3,0,0,0,sha3,10,,,,UavAuthNetwork.uav[4],uav,mac_verify,14,0.057789,4.127786,4.0675,4.6645
532,StadiumSHA3-0-20260809-23:07:20-359376,StadiumSHA3,0,0,0,sha3,10,,,,UavAuthNetwork.uav[5],uav,aead_open,1,0.003567,3.567,3.567,3.567
533,StadiumSHA3-0-20260809-23:07:20-359376,StadiumSHA3,0,0,0,sha3,10,,,,UavAuthNetwork.uav[5],uav,dh_derive,10,1.249478,124.9478,122.578,132.4791
534,StadiumSHA3-0-20260809-23:07:20-359376,StadiumSHA3,0,0,0,sha3,10,,,,UavAuthNetwork.uav[5],uav,dh_keygen,10,0.651275,65.1275,64.32,68.60165
535,StadiumSHA3-0-20260809-23:07:20-359376,StadiumSHA3,0,0,0,sha3,10,,,,UavAuthNetwork.uav[5],uav,extract,1,0.012232,12.232,12.232,12.232
536,StadiumSHA3-0-20260809-23:07:20-359376,StadiumSHA3,0,0,0,sha3,10,,,,UavAuthNetwork.uav[5],uav,kdf,21,0.223865,10.660238,9.628,17.713
537,StadiumSHA3-0-20260809-23:07:20-359376,StadiumSHA3,0,0,0,sha3,10,,,,UavAuthNetwork.uav[5],uav,mac,15,0.062534,4.168933,4.107,4.4583
538,StadiumSHA3-0-20260809-23:07:20-359376,StadiumSHA3,0,0,0,sha3,10,,,,UavAuthNetwork.uav[5],uav,mac_verify,15,0.061543,4.102867,4.078,4.448
539,StadiumSHA3-0-20260809-23:07:20-359376,StadiumSHA3,0,0,0,sha3,10,,,,UavAuthNetwork.uav[6],uav,aead_open,1,0.002675,2.675,2.675,2.675
540,StadiumSHA3-0-20260809-23:07:20-359376,StadiumSHA3,0,0,0,sha3,10,,,,UavAuthNetwork.uav[6],uav,dh_derive,10,1.225895,122.5895,122.413,123.5161
541,StadiumSHA3-0-20260809-23:07:20-359376,StadiumSHA3,0,0,0,sha3,10,,,,UavAuthNetwork.uav[6],uav,dh_keygen,10,0.66001,66.001,64.3395,71.16245
542,StadiumSHA3-0-20260809-23:07:20-359376,StadiumSHA3,0,0,0,sha3,10,,,,UavAuthNetwork.uav[6],uav,extract,1,0.014607,14.607,14.607,14.607
543,StadiumSHA3-0-20260809-23:07:20-359376,StadiumSHA3,0,0,0,sha3,10,,,,UavAuthNetwork.uav[6],uav,kdf,21,0.193871,9.231952,9.538,9.898
544,StadiumSHA3-0-20260809-23:07:20-359376,StadiumSHA3,0,0,0,sha3,10,,,,UavAuthNetwork.uav[6],uav,mac,14,0.062955,4.496786,4.1575,5.9218
545,StadiumSHA3-0-20260809-23:07:20-359376,StadiumSHA3,0,0,0,sha3,10,,,,UavAuthNetwork.uav[6],uav,mac_verify,16,0.065542,4.096375,4.0875,4.4655
546,StadiumSHA3-0-20260809-23:07:20-359376,StadiumSHA3,0,0,0,sha3,10,,,,UavAuthNetwork.uav[7],uav,aead_open,1,0.002525,2.525,2.525,2.525
547,StadiumSHA3-0-20260809-23:07:20-359376,StadiumSHA3,0,0,0,sha3,10,,,,UavAuthNetwork.uav[7],uav,dh_derive,10,1.25535,125.535,122.343,137.61205
548,StadiumSHA3-0-20260809-23:07:20-359376,StadiumSHA3,0,0,0,sha3,10,,,,UavAuthNetwork.uav[7],uav,dh_keygen,10,0.670468,67.0468,65.216,73.2287
549,StadiumSHA3-0-20260809-23:07:20-359376,StadiumSHA3,0,0,0,sha3,10,,,,UavAuthNetwork.uav[7],uav,extract,1,0.006092,6.092,6.092,6.092
550,StadiumSHA3-0-20260809-23:07:20-359376,StadiumSHA3,0,0,0,sha3,10,,,,UavAuthNetwork.uav[7],uav,kdf,21,0.195154,9.293048,9.507,10.069
551,StadiumSHA3-0-20260809-23:07:20-359376,StadiumSHA3,0,0,0,sha3,10,,,,UavAuthNetwork.uav[7],uav,mac,13,0.054152,4.165538,4.158,4.358
552,StadiumSHA3-0-20260809-23:07:20-359376,StadiumSHA3,0,0,0,sha3,10,,,,UavAuthNetwork.uav[7],uav,mac_verify,17,0.069709,4.100529,4.047,4.4402
553,StadiumSHA3-0-20260809-23:07:20-359376,StadiumSHA3,0,0,0,sha3,10,,,,UavAuthNetwork.uav[8],uav,aead_open,1,0.004719,4.719,4.719,4.719
554,StadiumSHA3-0-20260809-23:07:20-359376,StadiumSHA3,0,0,0,sha3,10,,,,UavAuthNetwork.uav[8],uav,dh_derive,10,1.248766,124.8766,122.523,130.72805
555,StadiumSHA3-0-20260809-23:07:20-359376,StadiumSHA3,0,0,0,sha3,10,,,,UavAuthNetwork.uav[8],uav,dh_keygen,10,0.663264,66.3264,64.2695,73.88715
556,StadiumSHA3-0-20260809-23:07:20-359376,StadiumSHA3,0,0,0,sha3,10,,,,UavAuthNetwork.uav[8],uav,extract,1,0.005891,5.891,5.891,5.891
557,StadiumSHA3-0-20260809-23:07:20-359376,StadiumSHA3,0,0,0,sha3,10,,,,UavAuthNetwork.uav[8],uav,kdf,21,0.197902,9.423905,9.528,10.36
558,StadiumSHA3-0-20260809-23:07:20-359376,StadiumSHA3,0,0,0,sha3,10,,,,UavAuthNetwork.uav[8],uav,mac,12,0.04986,4.155,4.107,4.374
559,StadiumSHA3-0-20260809-23:07:20-359376,StadiumSHA3,0,0,0,sha3,10,,,,UavAuthNetwork.uav[8],uav,mac_verify,18,0.073657,4.092056,4.223,4.3875
560,StadiumSHA3-0-20260809-23:07:20-359376,StadiumSHA3,0,0,0,sha3,10,,,,UavAuthNetwork.uav[9],uav,aead_open,1,0.002775,2.775,2.775,2.775
561,StadiumSHA3-0-20260809-23:07:20-359376,StadiumSHA3,0,0,0,sha3,10,,,,UavAuthNetwork.uav[9],uav,dh_derive,10,1.234498,123.4498,122.3775,128.128
562,StadiumSHA3-0-20260809-23:07:20-359376,StadiumSHA3,0,0,0,sha3,10,,,,UavAuthNetwork.uav[9],uav,dh_keygen,10,0.657846,65.7846,64.4545,69.338
563,StadiumSHA3-0-20260809-23:07:20-359376,StadiumSHA3,0,0,0,sha3,10,,,,UavAuthNetwork.uav[9],uav,extract,1,0.006912,6.912,6.912,6.912
564,StadiumSHA3-0-20260809-23:07:20-359376,StadiumSHA3,0,0,0,sha3,10,,,,UavAuthNetwork.uav[9],uav,kdf,21,0.197385,9.399286,9.548,10.87
565,StadiumSHA3-0-20260809-23:07:20-359376,StadiumSHA3,0,0,0,sha3,10,,,,UavAuthNetwork.uav[9],uav,mac,11,0.045754,4.159455,4.098,4.4585
566,StadiumSHA3-0-20260809-23:07:20-359376,StadiumSHA3,0,0,0,sha3,10,,,,UavAuthNetwork.uav[9],uav,mac_verify,19,0.077535,4.080789,4.318,4.4191
567,StadiumSHA3-1-20260809-23:07:20-359376,StadiumSHA3,1,1,1,sha3,10,,,,UavAuthNetwork.groundStation,groundStation,aead_seal,10,0.083467,8.3467,5.781,18.6366
568,StadiumSHA3-1-20260809-23:07:20-359376,StadiumSHA3,1,1,1,sha3,10,,,,UavAuthNetwork.groundStation,groundStation,dh_derive,10,1.268845,126.8845,122.7035,142.30255
569,StadiumSHA3-1-20260809-23:07:20-359376,StadiumSHA3,1,1,1,sha3,10,,,,UavAuthNetwork.groundStation,groundStation,dh_keygen,10,0.666303,66.6303,65.0665,73.66185
570,StadiumSHA3-1-20260809-23:07:20-359376,StadiumSHA3,1,1,1,sha3,10,,,,UavAuthNetwork.groundStation,groundStation,extract,10,0.048602,4.8602,4.7535,5.3225
571,StadiumSHA3-1-20260809-23:07:20-359376,StadiumSHA3,1,1,1,sha3,10,,,,UavAuthNetwork.groundStation,groundStation,kdf,180,1.57145,8.730278,8.261,10.122
572,StadiumSHA3-1-20260809-23:07:20-359376,StadiumSHA3,1,1,1,sha3,10,,,,UavAuthNetwork.groundStation,groundStation,mac,10,0.04887,4.887,4.894,5.0375
573,StadiumSHA3-1-20260809-23:07:20-359376,StadiumSHA3,1,1,1,sha3,10,,,,UavAuthNetwork.groundStation,groundStation,mac_verify,20,0.087874,4.3937,4.433,4.82875
574,StadiumSHA3-1-20260809-23:07:20-359376,StadiumSHA3,1,1,1,sha3,10,,,,UavAuthNetwork.uav[0],uav,aead_open,1,0.003967,3.967,3.967,3.967
575,StadiumSHA3-1-20260809-23:07:20-359376,StadiumSHA3,1,1,1,sha3,10,,,,UavAuthNetwork.uav[0],uav,dh_derive,10,1.258654,125.8654,122.513,139.63155
576,StadiumSHA3-1-20260809-23:07:20-359376,StadiumSHA3,1,1,1,sha3,10,,,,UavAuthNetwork.uav[0],uav,dh_keygen,10,0.694164,69.4164,64.22,87.98785
577,StadiumSHA3-1-20260809-23:07:20-359376,StadiumSHA3,1,1,1,sha3,10,,,,UavAuthNetwork.uav[0],uav,extract,1,0.012944,12.944,12.944,12.944
578,StadiumSHA3-1-20260809-23:07:20-359376,StadiumSHA3,1,1,1,sha3,10,,,,UavAuthNetwork.uav[0],uav,kdf,21,0.211413,10.067286,9.708,12.343
579,StadiumSHA3-1-20260809-23:07:20-359376,StadiumSHA3,1,1,1,sha3,10,,,,UavAuthNetwork.uav[0],uav,mac,20,0.084646,4.2323,4.142,4.61205
580,StadiumSHA3-1-20260809-23:07:20-359376,StadiumSHA3,1,1,1,sha3,10,,,,UavAuthNetwork.uav[0],uav,mac_verify,10,0.040857,4.0857,4.027,4.3766
581,StadiumSHA3-1-20260809-23:07:20-359376,StadiumSHA3,1,1,1,sha3,10,,,,UavAuthNetwork.uav[1],uav,aead_open,1,0.002625,2.625,2.625,2.625
582,StadiumSHA3-1-20260809-23:07:20-359376,StadiumSHA3,1,1,1,sha3,10,,,,UavAuthNetwork.uav[1],uav,dh_derive,10,1.240178,124.0178,122.583,130.35755
583,StadiumSHA3-1-20260809-23:07:20-359376,StadiumSHA3,1,1,1,sha3,10,,,,UavAuthNetwork.uav[1],uav,dh_keygen,10,0.661674,66.1674,64.1845,73.52115
584,StadiumSHA3-1-20260809-23:07:20-359376,StadiumSHA3,1,1,1,sha3,10,,,,UavAuthNetwork.uav[1],uav,extract,1,0.006152,6.152,6.152,6.152
585,StadiumSHA3-1-20260809-23:07:20-359376,StadiumSHA3,1,1,1,sha3,10,,,,UavAuthNetwork.uav[1],uav,kdf,21,0.195443,9.30681,9.618,10.419
586,StadiumSHA3-1-20260809-23:07:20-359376,StadiumSHA3,1,1,1,sha3,10,,,,UavAuthNetwork.uav[1],uav,mac,19,0.08078,4.251579,4.138,4.5302
587,StadiumSHA3-1-20260809-23:07:20-359376,StadiumSHA3,1,1,1,sha3,10,,,,UavAuthNetwork.uav[1],uav,mac_verify,11,0.045706,4.155091,4.058,4.6285
588,StadiumSHA3-1-20260809-23:07:20-359376,StadiumSHA3,1,1,1,sha3,10,,,,UavAuthNetwork.uav[2],uav,aead_open,1,0.002785,2.785,2.785,2.785
589,StadiumSHA3-1-20260809-23:07:20-359376,StadiumSHA3,1,1,1,sha3,10,,,,UavAuthNetwork.uav[2],uav,dh_derive,10,1.264944,126.4944,122.8035,135.8443
590,StadiumSHA3-1-20260809-23:07:20-359376,StadiumSHA3,1,1,1,sha3,10,,,,UavAuthNetwork.uav[2],uav,dh_keygen,10,0.648469,64.8469,64.2645,67.1476
591,StadiumSHA3-1-20260809-23:07:20-359376,StadiumSHA3,1,1,1,sha3,10,,,,UavAuthNetwork.uav[2],uav,extract,1,0.006092,6.092,6.092,6.092
592,StadiumSHA3-1-20260809-23:07:20-359376,StadiumSHA3,1,1,1,sha3,10,,,,UavAuthNetwork.uav[2],uav,kdf,21,0.220032,10.477714,9.598,17.352
593,StadiumSHA3-1-20260809-23:07:20-359376,StadiumSHA3,1,1,1,sha3,10,,,,UavAuthNetwork.uav[2],uav,mac,18,0.076011,4.222833,4.137,4.915
594,StadiumSHA3-1-20260809-23:07:20-359376,StadiumSHA3,1,1,1,sha3,10,,,,UavAuthNetwork.uav[2],uav,mac_verify,12,0.049133,4.094417,4.0525,4.38845
595,StadiumSHA3-1-20260809-23:07:20-359376,StadiumSHA3,1,1,1,sha3,10,,,,UavAuthNetwork.uav[3],uav,aead_open,1,0.002414,2.414,2.414,2.414
596,StadiumSHA3-1-20260809-23:07:20-359376,StadiumSHA3,1,1,1,sha3,10,,,,UavAuthNetwork.uav[3],uav,dh_derive,10,1.251942,125.1942,122.633,134.022
597,StadiumSHA3-1-20260809-23:07:20-359376,StadiumSHA3,1,1,1,sha3,10,,,,UavAuthNetwork.uav[3],uav,dh_keygen,10,0.645704,64.5704,64.29,65.88415
598,StadiumSHA3-1-20260809-23:07:20-359376,StadiumSHA3,1,1,1,sha3,10,,,,UavAuthNetwork.uav[3],uav,extract,1,0.006112,6.112,6.112,6.112
599,StadiumSHA3-1-20260809-23:07:20-359376,StadiumSHA3,1,1,1,sha3,10,,,,UavAuthNetwork.uav[3],uav,kdf,21,0.210092,10.004381,9.618,13.545
600,StadiumSHA3-1-20260809-23:07:20-359376,StadiumSHA3,1,1,1,sha3,10,,,,UavAuthNetwork.uav[3],uav,mac,17,0.071653,4.214882,4.128,4.5344
601,StadiumSHA3-1-20260809-23:07:20-359376,StadiumSHA3,1,1,1,sha3,10,,,,UavAuthNetwork.uav[3],uav,mac_verify,13,0.05288,4.067692,4.018,4.4124
602,StadiumSHA3-1-20260809-23:07:20-359376,StadiumSHA3,1,1,1,sha3,10,,,,UavAuthNetwork.uav[4],uav,aead_open,1,0.002465,2.465,2.465,2.465
603,StadiumSHA3-1-20260809-23:07:20-359376,StadiumSHA3,1,1,1,sha3,10,,,,UavAuthNetwork.uav[4],uav,dh_derive,10,1.228305,122.8305,122.548,123.94705
604,StadiumSHA3-1-20260809-23:07:20-359376,StadiumSHA3,1,1,1,sha3,10,,,,UavAuthNetwork.uav[4],uav,dh_keygen,10,0.646866,64.6866,64.25,66.6466
605,StadiumSHA3-1-20260809-23:07:20-359376,StadiumSHA3,1,1,1,sha3,10,,,,UavAuthNetwork.uav[4],uav,extract,1,0.005681,5.681,5.681,5.681
606,StadiumSHA3-1-20260809-23:07:20-359376,StadiumSHA3,1,1,1,sha3,10,,,,UavAuthNetwork.uav[4],uav,kdf,21,0.204501,9.738143,9.578,10.209
607,StadiumSHA3-1-20260809-23:07:20-359376,StadiumSHA3,1,1,1,sha3,10,,,,UavAuthNetwork.uav[4],uav,mac,16,0.066215,4.138438,4.123,4.2405
608,StadiumSHA3-1-20260809-23:07:20-359376,StadiumSHA3,1,1,1,sha3,10,,,,UavAuthNetwork.uav[4],uav,mac_verify,14,0.056997,4.071214,4.037,4.394
609,StadiumSHA3-1-20260809-23:07:20-359376,StadiumSHA3,1,1,1,sha3,10,,,,UavAuthNetwork.uav[5],uav,aead_open,1,0.003216,3.216,3.216,3.216
610,StadiumSHA3-1-20260809-23:07:20-359376,StadiumSHA3,1,1,1,sha3,10,,,,UavAuthNetwork.uav[5],uav,dh_derive,10,1.238125,123.8125,122.503,128.64625
611,StadiumSHA3-1-20260809-23:07:20-359376,StadiumSHA3,1,1,1,sha3,10,,,,UavAuthNetwork.uav[5],uav,dh_keygen,10,0.64888,64.888,64.26,67.90555
612,StadiumSHA3-1-20260809-23:07:20-359376,StadiumSHA3,1,1,1,sha3,10,,,,UavAuthNetwork.uav[5],uav,extract,1,0.012143,12.143,12.143,12.143
613,StadiumSHA3-1-20260809-23:07:20-359376,StadiumSHA3,1,1,1,sha3,10,,,,UavAuthNetwork.uav[5],uav,kdf,21,0.199993,9.523476,9.628,11.031
614,StadiumSHA3-1-20260809-23:07:20-359376,StadiumSHA3,1,1,1,sha3,10,,,,UavAuthNetwork.uav[5],uav,mac,15,0.062396,4.159733,4.108,4.565
615,StadiumSHA3-1-20260809-23:07:20-359376,StadiumSHA3,1,1,1,sha3,10,,,,UavAuthNetwork.uav[5],uav,mac_verify,15,0.061165,4.077667,4.037,4.39
616,StadiumSHA3-1-20260809-23:07:20-359376,StadiumSHA3,1,1,1,sha3,10,,,,UavAuthNetwork.uav[6],uav,aead_open,1,0.003175,3.175,3.175,3.175
617,StadiumSHA3-1-20260809-23:07:20-359376,StadiumSHA3,1,1,1,sha3,10,,,,UavAuthNetwork.uav[6],uav,dh_derive,10,1.227467,122.7467,122.388,124.35705
618,StadiumSHA3-1-20260809-23:07:20-359376,StadiumSHA3,1,1,1,sha3,10,,,,UavAuthNetwork.uav[6],uav,dh_keygen,10,0.662744,66.2744,64.2245,74.9128
619,StadiumSHA3-1-20260809-23:07:20-359376,StadiumSHA3,1,1,1,sha3,10,,,,UavAuthNetwork.uav[6],uav,extract,1,0.010009,10.009,10.009,10.009
620,StadiumSHA3-1-20260809-23:07:20-359376,StadiumSHA3,1,1,1,sha3,10,,,,UavAuthNetwork.uav[6],uav,kdf,21,0.195552,9.312,9.558,9.818
621,StadiumSHA3-1-20260809-23:07:20-359376,StadiumSHA3,1,1,1,sha3,10,,,,UavAuthNetwork.uav[6],uav,mac,14,0.058759,4.197071,4.133,4.436
622,StadiumSHA3-1-20260809-23:07:20-359376,StadiumSHA3,1,1,1,sha3,10,,,,UavAuthNetwork.uav[6],uav,mac_verify,16,0.065379,4.086188,4.022,4.5055
623,StadiumSHA3-1-20260809-23:07:20-359376,StadiumSHA3,1,1,1,sha3,10,,,,UavAuthNetwork.uav[7],uav,aead_open,1,0.002915,2.915,2.915,2.915
624,StadiumSHA3-1-20260809-23:07:20-359376,StadiumSHA3,1,1,1,sha3,10,,,,UavAuthNetwork.uav[7],uav,dh_derive,10,1.226766,122.6766,122.498,123.72765
625,StadiumSHA3-1-20260809-23:07:20-359376,StadiumSHA3,1,1,1,sha3,10,,,,UavAuthNetwork.uav[7],uav,dh_keygen,10,0.650062,65.0062,64.2545,68.2435
626,StadiumSHA3-1-20260809-23:07:20-359376,StadiumSHA3,1,1,1,sha3,10,,,,UavAuthNetwork.uav[7],uav,extract,1,0.015839,15.839,15.839,15.839
627,StadiumSHA3-1-20260809-23:07:20-359376,StadiumSHA3,1,1,1,sha3,10,,,,UavAuthNetwork.uav[7],uav,kdf,21,0.235206,11.200286,9.607,19.566
628,StadiumSHA3-1-20260809-23:07:20-359376,StadiumSHA3,1,1,1,sha3,10,,,,UavAuthNetwork.uav[7],uav,mac,13,0.054803,4.215615,4.138,4.633
629,StadiumSHA3-1-20260809-23:07:20-359376,StadiumSHA3,1,1,1,sha3,10,,,,UavAuthNetwork.uav[7],uav,mac_verify,17,0.070011,4.118294,4.118,4.54
630,StadiumSHA3-1-20260809-23:07:20-359376,StadiumSHA3,1,1,1,sha3,10,,,,UavAuthNetwork.uav[8],uav,aead_open,1,0.002525,2.525,2.525,2.525
631,StadiumSHA3-1-20260809-23:07:20-359376,StadiumSHA3,1,1,1,sha3,10,,,,UavAuthNetwork.uav[8],uav,dh_derive,10,1.280053,128.0053,122.3675,153.25995
632,StadiumSHA3-1-20260809-23:07:20-359376,StadiumSHA3,1,1,1,sha3,10,,,,UavAuthNetwork.uav[8],uav,dh_keygen,10,0.665199,66.5199,64.395,75.20395
633,StadiumSHA3-1-20260809-23:07:20-359376,StadiumSHA3,1,1,1,sha3,10,,,,UavAuthNetwork.uav[8],uav,extract,1,0.005921,5.921,5.921,5.921
634,StadiumSHA3-1-20260809-23:07:20-359376,StadiumSHA3,1,1,1,sha3,10,,,,UavAuthNetwork.uav[8],uav,kdf,21,0.198451,9.450048,9.568,10.951
635,StadiumSHA3-1-20260809-23:07:20-359376,StadiumSHA3,1,1,1,sha3,10,,,,UavAuthNetwork.uav[8],uav,mac,12,0.050319,4.19325,4.157,4.4615
636,StadiumSHA3-1-20260809-23:07:20-359376,StadiumSHA3,1,1,1,sha3,10,,,,UavAuthNetwork.uav[8],uav,mac_verify,18,0.074118,4.117667,4.268,4.51635
637,StadiumSHA3-1-20260809-23:07:20-359376,StadiumSHA3,1,1,1,sha3,10,,,,UavAuthNetwork.uav[9],uav,aead_open,1,0.003576,3.576,3.576,3.576
638,StadiumSHA3-1-20260809-23:07:20-359376,StadiumSHA3,1,1,1,sha3,10,,,,UavAuthNetwork.uav[9],uav,dh_derive,10,1.252184,125.2184,122.3325,135.4647
639,StadiumSHA3-1-20260809-23:07:20-359376,StadiumSHA3,1,1,1,sha3,10,,,,UavAuthNetwork.uav[9],uav,dh_keygen,10,0.665689,66.5689,64.37,74.5655
640,StadiumSHA3-1-20260809-23:07:20-359376,StadiumSHA3,1,1,1,sha3,10,,,,UavAuthNetwork.uav[9],uav,extract,1,0.012323,12.323,12.323,12.323
641,StadiumSHA3-1-20260809-23:07:20-359376,StadiumSHA3,1,1,1,sha3,10,,,,UavAuthNetwork.uav[9],uav,kdf,21,0.198059,9.431381,9.568,10.74
642,StadiumSHA3-1-20260809-23:07:20-359376,StadiumSHA3,1,1,1,sha3,10,,,,UavAuthNetwork.uav[9],uav,mac,11,0.046444,4.222182,4.148,4.6535
643,StadiumSHA3-1-20260809-23:07:20-359376,StadiumSHA3,1,1,1,sha3,10,,,,UavAuthNetwork.uav[9],uav,mac_verify,19,0.077185,4.062368,4.278,4.3601
644,StadiumSHA3-2-20260809-23:07:20-359376,StadiumSHA3,2,2,2,sha3,10,,,,UavAuthNetwork.groundStation,groundStation,aead_seal,10,0.057764,5.7764,4.959,10.49495
645,StadiumSHA3-2-20260809-23:07:20-359376,StadiumSHA3,2,2,2,sha3,10,,,,UavAuthNetwork.groundStation,groundStation,dh_derive,10,1.281016,128.1016,122.483,151.87115
646,StadiumSHA3-2-20260809-23:07:20-359376,StadiumSHA3,2,2,2,sha3,10,,,,UavAuthNetwork.groundStation,groundStation,dh_keygen,10,0.662031,66.2031,64.8255,72.1534
647,StadiumSHA3-2-20260809-23:07:20-359376,StadiumSHA3,2,2,2,sha3,10,,,,UavAuthNetwork.groundStation,groundStation,extract,10,0.049341,4.9341,4.844,5.28455
648,StadiumSHA3-2-20260809-23:07:20-359376,StadiumSHA3,2,2,2,sha3,10,,,,UavAuthNetwork.groundStation,groundStation,kdf,180,1.562646,8.681367,8.2405,9.9275
649,StadiumSHA3-2-20260809-23:07:20-359376,StadiumSHA3,2,2,2,sha3,10,,,,UavAuthNetwork.groundStation,groundStation,mac,10,0.048361,4.8361,4.874,4.98905
650,StadiumSHA3-2-20260809-23:07:20-359376,StadiumSHA3,2,2,2,sha3,10,,,,UavAuthNetwork.groundStation,groundStation,mac_verify,20,0.088803,4.44015,4.4485,4.9013
651,StadiumSHA3-2-20260809-23:07:20-359376,StadiumSHA3,2,2,2,sha3,10,,,,UavAuthNetwork.uav[0],uav,aead_open,1,0.003707,3.707,3.707,3.707
652,StadiumSHA3-2-20260809-23:07:20-359376,StadiumSHA3,2,2,2,sha3,10,,,,UavAuthNetwork.uav[0],uav,dh_derive,10,1.255118,125.5118,123.6855,134.20865
653,StadiumSHA3-2-20260809-23:07:20-359376,StadiumSHA3,2,2,2,sha3,10,,,,UavAuthNetwork.uav[0],uav,dh_keygen,10,0.712329,71.2329,64.405,98.43225
654,StadiumSHA3-2-20260809-23:07:20-359376,StadiumSHA3,2,2,2,sha3,10,,,,UavAuthNetwork.uav[0],uav,extract,1,0.007133,7.133,7.133,7.133
655,StadiumSHA3-2-20260809-23:07:20-359376,StadiumSHA3,2,2,2,sha3,10,,,,UavAuthNetwork.uav[0],uav,kdf,21,0.204789,9.751857,9.708,11.16
656,StadiumSHA3-2-20260809-23:07:20-359376,StadiumSHA3,2,2,2,sha3,10,,,,UavAuthNetwork.uav[0],uav,mac,20,0.092011,4.60055,4.148,5.1691
657,StadiumSHA3-2-20260809-23:07:20-359376,StadiumSHA3,2,2,2,sha3,10,,,,UavAuthNetwork.uav[0],uav,mac_verify,10,0.053919,5.3919,4.133,10.52695
658,StadiumSHA3-2-20260809-23:07:20-359376,StadiumSHA3,2,2,2,sha3,10,,,,UavAuthNetwork.uav[1],uav,aead_open,1,0.002545,2.545,2.545,2.545
659,StadiumSHA3-2-20260809-23:07:20-359376,StadiumSHA3,2,2,2,sha3,10,,,,UavAuthNetwork.uav[1],uav,dh_derive,10,1.307173,130.7173,122.768,163.2032
660,StadiumSHA3-2-20260809-23:07:20-359376,StadiumSHA3,2,2,2,sha3,10,,,,UavAuthNetwork.uav[1],uav,dh_keygen,10,0.696306,69.6306,64.45,84.62765
661,StadiumSHA3-2-20260809-23:07:20-359376,StadiumSHA3,2,2,2,sha3,10,,,,UavAuthNetwork.uav[1],uav,extract,1,0.005881,5.881,5.881,5.881
662,StadiumSHA3-2-20260809-23:07:20-359376,StadiumSHA3,2,2,2,sha3,10,,,,UavAuthNetwork.uav[1],uav,kdf,21,0.212244,10.106857,9.678,11.992
663,StadiumSHA3-2-20260809-23:07:20-359376,StadiumSHA3,2,2,2,sha3,10,,,,UavAuthNetwork.uav[1],uav,mac,19,0.081501,4.289526,4.148,5.129
664,StadiumSHA3-2-20260809-23:07:20-359376,StadiumSHA3,2,2,2,sha3,10,,,,UavAuthNetwork.uav[1],uav,mac_verify,11,0.047448,4.313455,4.148,5.014
665,StadiumSHA3-2-20260809-23:07:20-359376,StadiumSHA3,2,2,2,sha3,10,,,,UavAuthNetwork.uav[2],uav,aead_open,1,0.003116,3.116,3.116,3.116
666,StadiumSHA3-2-20260809-23:07:20-359376,StadiumSHA3,2,2,2,sha3,10,,,,UavAuthNetwork.uav[2],uav,dh_derive,10,1.283488,128.3488,122.718,146.78685
667,StadiumSHA3-2-20260809-23:07:20-359376,StadiumSHA3,2,2,2,sha3,10,,,,UavAuthNetwork.uav[2],uav,dh_keygen,10,0.703251,70.3251,65.507,85.4327
668,StadiumSHA3-2-20260809-23:07:20-359376,StadiumSHA3,2,2,2,sha3,10,,,,UavAuthNetwork.uav[2],uav,extract,1,0.009868,9.868,9.868,9.868
669,StadiumSHA3-2-20260809-23:07:20-359376,StadiumSHA3,2,2,2,sha3,10,,,,UavAuthNetwork.uav[2],uav,kdf,21,0.216925,10.329762,9.728,14.467
670,StadiumSHA3-2-20260809-23:07:20-359376,StadiumSHA3,2,2,2,sha3,10,,,,UavAuthNetwork.uav[2],uav,mac,18,0.085348,4.741556,4.158,8.1004
671,StadiumSHA3-2-20260809-23:07:20-359376,StadiumSHA3,2,2,2,sha3,10,,,,UavAuthNetwork.uav[2],uav,mac_verify,12,0.055912,4.659333,4.228,6.37635
672,StadiumSHA3-2-20260809-23:07:20-359376,StadiumSHA3,2,2,2,sha3,10,,,,UavAuthNetwork.uav[3],uav,aead_open,1,0.002474,2.474,2.474,2.474
673,StadiumSHA3-2-20260809-23:07:20-359376,StadiumSHA3,2,2,2,sha3,10,,,,UavAuthNetwork.uav[3],uav,dh_derive,10,1.269124,126.9124,122.704,144.5766
674,StadiumSHA3-2-20260809-23:07:20-359376,StadiumSHA3,2,2,2,sha3,10,,,,UavAuthNetwork.uav[3],uav,dh_keygen,10,0.78316,78.316,70.832,111.3598
675,StadiumSHA3-2-20260809-23:07:20-359376,StadiumSHA3,2,2,2,sha3,10,,,,UavAuthNetwork.uav[3],uav,extract,1,0.005981,5.981,5.981,5.981
676,StadiumSHA3-2-20260809-23:07:20-359376,StadiumSHA3,2,2,2,sha3,10,,,,UavAuthNetwork.uav[3],uav,kdf,21,0.232654,11.078762,9.739,16.912
677,StadiumSHA3-2-20260809-23:07:20-359376,StadiumSHA3,2,2,2,sha3,10,,,,UavAuthNetwork.uav[3],uav,mac,17,0.083377,4.904529,4.168,7.769
678,StadiumSHA3-2-20260809-23:07:20-359376,StadiumSHA3,2,2,2,sha3,10,,,,UavAuthNetwork.uav[3],uav,mac_verify,13,0.067226,5.171231,4.408,8.3634
679,StadiumSHA3-2-20260809-23:07:20-359376,StadiumSHA3,2,2,2,sha3,10,,,,UavAuthNetwork.uav[4],uav,aead_open,1,0.002886,2.886,2.886,2.886
680,StadiumSHA3-2-20260809-23:07:20-359376,StadiumSHA3,2,2,2,sha3,10,,,,UavAuthNetwork.uav[4],uav,dh_derive,10,1.35275,135.275,123.836,179.97865
681,StadiumSHA3-2-20260809-23:07:20-359376,StadiumSHA3,2,2,2,sha3,10,,,,UavAuthNetwork.uav[4],uav,dh_keygen,10,0.782236,78.2236,78.311,95.8741
682,StadiumSHA3-2-20260809-23:07:20-359376,StadiumSHA3,2,2,2,sha3,10,,,,UavAuthNetwork.uav[4],uav,extract,1,0.007824,7.824,7.824,7.824
683,StadiumSHA3-2-20260809-23:07:20-359376,StadiumSHA3,2,2,2,sha3,10,,,,UavAuthNetwork.uav[4],uav,kdf,21,0.248261,11.821952,9.969,19.666
684,StadiumSHA3-2-20260809-23:07:20-359376,StadiumSHA3,2,2,2,sha3,10,,,,UavAuthNetwork.uav[4],uav,mac,16,0.089449,5.590562,4.313,10.19925
685,StadiumSHA3-2-20260809-23:07:20-359376,StadiumSHA3,2,2,2,sha3,10,,,,UavAuthNetwork.uav[4],uav,mac_verify,14,0.073414,5.243857,4.413,8.2685
686,StadiumSHA3-2-20260809-23:07:20-359376,StadiumSHA3,2,2,2,sha3,10,,,,UavAuthNetwork.uav[5],uav,aead_open,1,0.003206,3.206,3.206,3.206
687,StadiumSHA3-2-20260809-23:07:20-359376,StadiumSHA3,2,2,2,sha3,10,,,,UavAuthNetwork.uav[5],uav,dh_derive,10,1.274476,127.4476,123.0895,146.29345
688,StadiumSHA3-2-20260809-23:07:20-359376,StadiumSHA3,2,2,2,sha3,10,,,,UavAuthNetwork.uav[5],uav,dh_keygen,10,0.839665,83.9665,86.2055,93.50125
689,StadiumSHA3-2-20260809-23:07:20-359376,StadiumSHA3,2,2,2,sha3,10,,,,UavAuthNetwork.uav[5],uav,extract,1,0.012693,12.693,12.693,12.693
690,StadiumSHA3-2-20260809-23:07:20-359376,StadiumSHA3,2,2,2,sha3,10,,,,UavAuthNetwork.uav[5],uav,kdf,21,0.267721,12.748619,10.871,20.779
691,StadiumSHA3-2-20260809-23:07:20-359376,StadiumSHA3,2,2,2,sha3,10,,,,UavAuthNetwork.uav[5],uav,mac,15,0.095417,6.361133,5.15,10.0907
692,StadiumSHA3-2-20260809-23:07:20-359376,StadiumSHA3,2,2,2,sha3,10,,,,UavAuthNetwork.uav[5],uav,mac_verify,15,0.072657,4.8438,4.318,7.7953
693,StadiumSHA3-2-20260809-23:07:20-359376,StadiumSHA3,2,2,2,sha3,10,,,,UavAuthNetwork.uav[6],uav,aead_open,1,0.002595,2.595,2.595,2.595
694,StadiumSHA3-2-20260809-23:07:20-359376,StadiumSHA3,2,2,2,sha3,10,,,,UavAuthNetwork.uav[6],uav,dh_derive,10,1.346369,134.6369,128.134,166.6502
695,StadiumSHA3-2-20260809-23:07:20-359376,StadiumSHA3,2,2,2,sha3,10,,,,UavAuthNetwork.uav[6],uav,dh_keygen,10,0.803275,80.3275,80.8505,97.1499
696,StadiumSHA3-2-20260809-23:07:20-359376,StadiumSHA3,2,2,2,sha3,10,,,,UavAuthNetwork.uav[6],uav,extract,1,0.006002,6.002,6.002,6.002
697,StadiumSHA3-2-20260809-23:07:20-359376,StadiumSHA3,2,2,2,sha3,10,,,,UavAuthNetwork.uav[6],uav,kdf,21,0.255187,12.151762,10.019,18.745
698,StadiumSHA3-2-20260809-23:07:20-359376,StadiumSHA3,2,2,2,sha3,10,,,,UavAuthNetwork.uav[6],uav,mac,14,0.075441,5.388643,4.538,8.4647
699,StadiumSHA3-2-20260809-23:07:20-359376,StadiumSHA3,2,2,2,sha3,10,,,,UavAuthNetwork.uav[6],uav,mac_verify,16,0.081322,5.082625,4.4085,8.32325
700,StadiumSHA3-2-20260809-23:07:20-359376,StadiumSHA3,2,2,2,sha3,10,,,,UavAuthNetwork.uav[7],uav,aead_open,1,0.002494,2.494,2.494,2.494
701,StadiumSHA3-2-20260809-23:07:20-359376,StadiumSHA3,2,2,2,sha3,10,,,,UavAuthNetwork.uav[7],uav,dh_derive,10,1.366574,136.6574,122.6435,193.29725
702,StadiumSHA3-2-20260809-23:07:20-359376,StadiumSHA3,2,2,2,sha3,10,,,,UavAuthNetwork.uav[7],uav,dh_keygen,10,0.742172,74.2172,74.8795,82.59825
703,StadiumSHA3-2-20260809-23:07:20-359376,StadiumSHA3,2,2,2,sha3,10,,,,UavAuthNetwork.uav[7],uav,extract,1,0.005781,5.781,5.781,5.781
704,StadiumSHA3-2-20260809-23:07:20-359376,StadiumSHA3,2,2,2,sha3,10,,,,UavAuthNetwork.uav[7],uav,kdf,21,0.246548,11.740381,9.978,16.56
705,StadiumSHA3-2-20260809-23:07:20-359376,StadiumSHA3,2,2,2,sha3,10,,,,UavAuthNetwork.uav[7],uav,mac,13,0.069691,5.360846,4.529,8.7344
706,StadiumSHA3-2-20260809-23:07:20-359376,StadiumSHA3,2,2,2,sha3,10,,,,UavAuthNetwork.uav[7],uav,mac_verify,17,0.081031,4.766529,4.408,7.45
707,StadiumSHA3-2-20260809-23:07:20-359376,StadiumSHA3,2,2,2,sha3,10,,,,UavAuthNetwork.uav[8],uav,aead_open,1,0.002405,2.405,2.405,2.405
708,StadiumSHA3-2-20260809-23:07:20-359376,StadiumSHA3,2,2,2,sha3,10,,,,UavAuthNetwork.uav[8],uav,dh_derive,10,1.339013,133.9013,131.8105,152.84805
709,StadiumSHA3-2-20260809-23:07:20-359376,StadiumSHA3,2,2,2,sha3,10,,,,UavAuthNetwork.uav[8],uav,dh_keygen,10,0.790794,79.0794,79.448,96.158
710,StadiumSHA3-2-20260809-23:07:20-359376,StadiumSHA3,2,2,2,sha3,10,,,,UavAuthNetwork.uav[8],uav,extract,1,0.006101,6.101,6.101,6.101
711,StadiumSHA3-2-20260809-23:07:20-359376,StadiumSHA3,2,2,2,sha3,10,,,,UavAuthNetwork.uav[8],uav,kdf,21,0.267108,12.719429,10.589,21.18
712,StadiumSHA3-2-20260809-23:07:20-359376,StadiumSHA3,2,2,2,sha3,10,,,,UavAuthNetwork.uav[8],uav,mac,12,0.078253,6.521083,4.8035,11.40215
713,StadiumSHA3-2-20260809-23:07:20-359376,StadiumSHA3,2,2,2,sha3,10,,,,UavAuthNetwork.uav[8],uav,mac_verify,18,0.089991,4.9995,4.4285,7.39015
714,StadiumSHA3-2-20260809-23:07:20-359376,StadiumSHA3,2,2,2,sha3,10,,,,UavAuthNetwork.uav[9],uav,aead_open,1,0.006151,6.151,6.151,6.151
715,StadiumSHA3-2-20260809-23:07:20-359376,StadiumSHA3,2,2,2,sha3,10,,,,UavAuthNetwork.uav[9],uav,dh_derive,10,1.335448,133.5448,127.4475,162.6792
716,StadiumSHA3-2-20260809-23:07:20-359376,StadiumSHA3,2,2,2,sha3,10,,,,UavAuthNetwork.uav[9],uav,dh_keygen,10,0.792668,79.2668,75.135,102.1072
717,StadiumSHA3-2-20260809-23:07:20-359376,StadiumSHA3,2,2,2,sha3,10,,,,UavAuthNetwork.uav[9],uav,extract,1,0.005992,5.992,5.992,5.992
718,StadiumSHA3-2-20260809-23:07:20-359376,StadiumSHA3,2,2,2,sha3,10,,,,UavAuthNetwork.uav[9],uav,kdf,21,0.267323,12.729667,10.179,21.159
719,StadiumSHA3-2-20260809-23:07:20-359376,StadiumSHA3,2,2,2,sha3,10,,,,UavAuthNetwork.uav[9],uav,mac,11,0.064582,5.871091,4.709,9.3775
720,StadiumSHA3-2-20260809-23:07:20-359376,StadiumSHA3,2,2,2,sha3,10,,,,UavAuthNetwork.uav[9],uav,mac_verify,19,0.095215,5.011316,4.348,8.0622
721,StadiumSHA3-3-20260809-23:07:20-359376,StadiumSHA3,3,3,3,sha3,10,,,,UavAuthNetwork.groundStation,groundStation,aead_seal,10,0.077014,7.7014,5.33,15.19255
722,StadiumSHA3-3-20260809-23:07:20-359376,StadiumSHA3,3,3,3,sha3,10,,,,UavAuthNetwork.groundStation,groundStation,dh_derive,10,1.302686,130.2686,126.185,147.61375
723,StadiumSHA3-3-20260809-23:07:20-359376,StadiumSHA3,3,3,3,sha3,10,,,,UavAuthNetwork.groundStation,groundStation,dh_keygen,10,0.668125,66.8125,64.661,75.3731
724,StadiumSHA3-3-20260809-23:07:20-359376,StadiumSHA3,3,3,3,sha3,10,,,,UavAuthNetwork.groundStation,groundStation,extract,10,0.048833,4.8833,4.799,5.274
725,StadiumSHA3-3-20260809-23:07:20-359376,StadiumSHA3,3,3,3,sha3,10,,,,UavAuthNetwork.groundStation,groundStation,kdf,180,1.66939,9.274389,8.346,14.05755
726,StadiumSHA3-3-20260809-23:07:20-359376,StadiumSHA3,3,3,3,sha3,10,,,,UavAuthNetwork.groundStation,groundStation,mac,10,0.052068,5.2068,4.929,6.73825
727,StadiumSHA3-3-20260809-23:07:20-359376,StadiumSHA3,3,3,3,sha3,10,,,,UavAuthNetwork.groundStation,groundStation,mac_verify,20,0.088405,4.42025,4.3635,4.9932
728,StadiumSHA3-3-20260809-23:07:20-359376,StadiumSHA3,3,3,3,sha3,10,,,,UavAuthNetwork.uav[0],uav,aead_open,1,0.003797,3.797,3.797,3.797
729,StadiumSHA3-3-20260809-23:07:20-359376,StadiumSHA3,3,3,3,sha3,10,,,,UavAuthNetwork.uav[0],uav,dh_derive,10,1.258414,125.8414,122.834,135.96725
730,StadiumSHA3-3-20260809-23:07:20-359376,StadiumSHA3,3,3,3,sha3,10,,,,UavAuthNetwork.uav[0],uav,dh_keygen,10,0.695786,69.5786,65.357,87.70205
731,StadiumSHA3-3-20260809-23:07:20-359376,StadiumSHA3,3,3,3,sha3,10,,,,UavAuthNetwork.uav[0],uav,extract,1,0.006743,6.743,6.743,6.743
732,StadiumSHA3-3-20260809-23:07:20-359376,StadiumSHA3,3,3,3,sha3,10,,,,UavAuthNetwork.uav[0],uav,kdf,21,0.205754,9.79781,9.698,13.365
733,StadiumSHA3-3-20260809-23:07:20-359376,StadiumSHA3,3,3,3,sha3,10,,,,UavAuthNetwork.uav[0],uav,mac,20,0.085858,4.2929,4.168,4.7725
734,StadiumSHA3-3-20260809-23:07:20-359376,StadiumSHA3,3,3,3,sha3,10,,,,UavAuthNetwork.uav[0],uav,mac_verify,10,0.041618,4.1618,4.1225,4.43205
735,StadiumSHA3-3-20260809-23:07:20-359376,StadiumSHA3,3,3,3,sha3,10,,,,UavAuthNetwork.uav[1],uav,aead_open,1,0.003096,3.096,3.096,3.096
736,StadiumSHA3-3-20260809-23:07:20-359376,StadiumSHA3,3,3,3,sha3,10,,,,UavAuthNetwork.uav[1],uav,dh_derive,10,1.307154,130.7154,122.9495,156.23455
737,StadiumSHA3-3-20260809-23:07:20-359376,StadiumSHA3,3,3,3,sha3,10,,,,UavAuthNetwork.uav[1],uav,dh_keygen,10,0.712968,71.2968,64.5005,102.4233
738,StadiumSHA3-3-20260809-23:07:20-359376,StadiumSHA3,3,3,3,sha3,10,,,,UavAuthNetwork.uav[1],uav,extract,1,0.010178,10.178,10.178,10.178
739,StadiumSHA3-3-20260809-23:07:20-359376,StadiumSHA3,3,3,3,sha3,10,,,,UavAuthNetwork.uav[1],uav,kdf,21,0.199549,9.502333,9.517,10.369
740,StadiumSHA3-3-20260809-23:07:20-359376,StadiumSHA3,3,3,3,sha3,10,,,,UavAuthNetwork.uav[1],uav,mac,19,0.080942,4.260105,4.118,4.7522
741,StadiumSHA3-3-20260809-23:07:20-359376,StadiumSHA3,3,3,3,sha3,10,,,,UavAuthNetwork.uav[1],uav,mac_verify,11,0.045424,4.129455,4.117,4.4335
742,StadiumSHA3-3-20260809-23:07:20-359376,StadiumSHA3,3,3,3,sha3,10,,,,UavAuthNetwork.uav[2],uav,aead_open,1,0.002735,2.735,2.735,2.735
743,StadiumSHA3-3-20260809-23:07:20-359376,StadiumSHA3,3,3,3,sha3,10,,,,UavAuthNetwork.uav[2],uav,dh_derive,10,1.228257,122.8257,122.553,123.8915
744,StadiumSHA3-3-20260809-23:07:20-359376,StadiumSHA3,3,3,3,sha3,10,,,,UavAuthNetwork.uav[2],uav,dh_keygen,10,0.678072,67.8072,64.3645,79.35335
745,StadiumSHA3-3-20260809-23:07:20-359376,StadiumSHA3,3,3,3,sha3,10,,,,UavAuthNetwork.uav[2],uav,extract,1,0.006612,6.612,6.612,6.612
746,StadiumSHA3-3-20260809-23:07:20-359376,StadiumSHA3,3,3,3,sha3,10,,,,UavAuthNetwork.uav[2],uav,kdf,21,0.205863,9.803,9.768,11.571
747,StadiumSHA3-3-20260809-23:07:20-359376,StadiumSHA3,3,3,3,sha3,10,,,,UavAuthNetwork.uav[2],uav,mac,18,0.08035,4.463889,4.1325,5.25885
748,StadiumSHA3-3-20260809-23:07:20-359376,StadiumSHA3,3,3,3,sha3,10,,,,UavAuthNetwork.uav[2],uav,mac_verify,12,0.053841,4.48675,4.118,5.9868
749,StadiumSHA3-3-20260809-23:07:20-359376,StadiumSHA3,3,3,3,sha3,10,,,,UavAuthNetwork.uav[3],uav,aead_open,1,0.004538,4.538,4.538,4.538
750,StadiumSHA3-3-20260809-23:07:20-359376,StadiumSHA3,3,3,3,sha3,10,,,,UavAuthNetwork.uav[3],uav,dh_derive,10,1.566518,156.6518,122.673,309.71365
751,StadiumSHA3-3-20260809-23:07:20-359376,StadiumSHA3,3,3,3,sha3,10,,,,UavAuthNetwork.uav[3],uav,dh_keygen,10,0.68564,68.564,65.337,83.7768
752,StadiumSHA3-3-20260809-23:07:20-359376,StadiumSHA3,3,3,3,sha3,10,,,,UavAuthNetwork.uav[3],uav,extract,1,0.005691,5.691,5.691,5.691
753,StadiumSHA3-3-20260809-23:07:20-359376,StadiumSHA3,3,3,3,sha3,10,,,,UavAuthNetwork.uav[3],uav,kdf,21,0.242572,11.551048,9.668,21.821
754,StadiumSHA3-3-20260809-23:07:20-359376,StadiumSHA3,3,3,3,sha3,10,,,,UavAuthNetwork.uav[3],uav,mac,17,0.088895,5.229118,4.177,9.9146
755,StadiumSHA3-3-20260809-23:07:20-359376,StadiumSHA3,3,3,3,sha3,10,,,,UavAuthNetwork.uav[3],uav,mac_verify,13,0.059721,4.593923,4.127,7.2052
756,StadiumSHA3-3-20260809-23:07:20-359376,StadiumSHA3,3,3,3,sha3,10,,,,UavAuthNetwork.uav[4],uav,aead_open,1,0.003587,3.587,3.587,3.587
757,StadiumSHA3-3-20260809-23:07:20-359376,StadiumSHA3,3,3,3,sha3,10,,,,UavAuthNetwork.uav[4],uav,dh_derive,10,1.233909,123.3909,122.523,127.3291
758,StadiumSHA3-3-20260809-23:07:20-359376,StadiumSHA3,3,3,3,sha3,10,,,,UavAuthNetwork.uav[4],uav,dh_keygen,10,0.677854,67.7854,64.34,81.19765
759,StadiumSHA3-3-20260809-23:07:20-359376,StadiumSHA3,3,3,3,sha3,10,,,,UavAuthNetwork.uav[4],uav,extract,1,0.011271,11.271,11.271,11.271
760,StadiumSHA3-3-20260809-23:07:20-359376,StadiumSHA3,3,3,3,sha3,10,,,,UavAuthNetwork.uav[4],uav,kdf,21,0.198609,9.457571,9.648,10.84
761,StadiumSHA3-3-20260809-23:07:20-359376,StadiumSHA3,3,3,3,sha3,10,,,,UavAuthNetwork.uav[4],uav,mac,16,0.071274,4.454625,4.143,5.61275
762,StadiumSHA3-3-20260809-23:07:20-359376,StadiumSHA3,3,3,3,sha3,10,,,,UavAuthNetwork.uav[4],uav,mac_verify,14,0.060242,4.303,4.093,5.2577
763,StadiumSHA3-3-20260809-23:07:20-359376,StadiumSHA3,3,3,3,sha3,10,,,,UavAuthNetwork.uav[5],uav,aead_open,1,0.002655,2.655,2.655,2.655
764,StadiumSHA3-3-20260809-23:07:20-359376,StadiumSHA3,3,3,3,sha3,10,,,,UavAuthNetwork.uav[5],uav,dh_derive,10,1.229791,122.9791,122.568,124.42355
765,StadiumSHA3-3-20260809-23:07:20-359376,StadiumSHA3,3,3,3,sha3,10,,,,UavAuthNetwork.uav[5],uav,dh_keygen,10,0.673584,67.3584,64.4,80.4357
766,StadiumSHA3-3-20260809-23:07:20-359376,StadiumSHA3,3,3,3,sha3,10,,,,UavAuthNetwork.uav[5],uav,extract,1,0.006532,6.532,6.532,6.532
767,StadiumSHA3-3-20260809-23:07:20-359376,StadiumSHA3,3,3,3,sha3,10,,,,UavAuthNetwork.uav[5],uav,kdf,21,0.216292,10.299619,9.688,19.205
768,StadiumSHA3-3-20260809-23:07:20-359376,StadiumSHA3,3,3,3,sha3,10,,,,UavAuthNetwork.uav[5],uav,mac,15,0.065965,4.397667,4.128,5.4741
769,StadiumSHA3-3-20260809-23:07:20-359376,StadiumSHA3,3,3,3,sha3,10,,,,UavAuthNetwork.uav[5],uav,mac_verify,15,0.065592,4.3728,4.197,5.8686
770,StadiumSHA3-3-20260809-23:07:20-359376,StadiumSHA3,3,3,3,sha3,10,,,,UavAuthNetwork.uav[6],uav,aead_open,1,0.002705,2.705,2.705,2.705
771,StadiumSHA3-3-20260809-23:07:20-359376,StadiumSHA3,3,3,3,sha3,10,,,,UavAuthNetwork.uav[6],uav,dh_derive,10,1.228457,122.8457,122.543,124.46255
772,StadiumSHA3-3-20260809-23:07:20-359376,StadiumSHA3,3,3,3,sha3,10,,,,UavAuthNetwork.uav[6],uav,dh_keygen,10,0.654718,65.4718,64.66,68.8834
773,StadiumSHA3-3-20260809-23:07:20-359376,StadiumSHA3,3,3,3,sha3,10,,,,UavAuthNetwork.uav[6],uav,extract,1,0.006192,6.192,6.192,6.192
774,StadiumSHA3-3-20260809-23:07:20-359376,StadiumSHA3,3,3,3,sha3,10,,,,UavAuthNetwork.uav[6],uav,kdf,21,0.22994,10.949524,9.668,19.186
775,StadiumSHA3-3-20260809-23:07:20-359376,StadiumSHA3,3,3,3,sha3,10,,,,UavAuthNetwork.uav[6],uav,mac,14,0.061588,4.399143,4.153,5.4634
776,StadiumSHA3-3-20260809-23:07:20-359376,StadiumSHA3,3,3,3,sha3,10,,,,UavAuthNetwork.uav[6],uav,mac_verify,16,0.066593,4.162063,4.127,4.81175
777,StadiumSHA3-3-20260809-23:07:20-359376,StadiumSHA3,3,3,3,sha3,10,,,,UavAuthNetwork.uav[7],uav,aead_open,1,0.002525,2.525,2.525,2.525
778,StadiumSHA3-3-20260809-23:07:20-359376,StadiumSHA3,3,3,3,sha3,10,,,,UavAuthNetwork.uav[7],uav,dh_derive,10,1.255057,125.5057,122.784,132.33705
779,StadiumSHA3-3-20260809-23:07:20-359376,StadiumSHA3,3,3,3,sha3,10,,,,UavAuthNetwork.uav[7],uav,dh_keygen,10,0.660502,66.0502,64.29,72.59745
780,StadiumSHA3-3-20260809-23:07:20-359376,StadiumSHA3,3,3,3,sha3,10,,,,UavAuthNetwork.uav[7],uav,extract,1,0.006181,6.181,6.181,6.181
781,StadiumSHA3-3-20260809-23:07:20-359376,StadiumSHA3,3,3,3,sha3,10,,,,UavAuthNetwork.uav[7],uav,kdf,21,0.196789,9.370905,9.558,10.51
782,StadiumSHA3-3-20260809-23:07:20-359376,StadiumSHA3,3,3,3,sha3,10,,,,UavAuthNetwork.uav[7],uav,mac,13,0.05401,4.154615,4.157,4.292
783,StadiumSHA3-3-20260809-23:07:20-359376,StadiumSHA3,3,3,3,sha3,10,,,,UavAuthNetwork.uav[7],uav,mac_verify,17,0.0702,4.129412,4.137,4.675
784,StadiumSHA3-3-20260809-23:07:20-359376,StadiumSHA3,3,3,3,sha3,10,,,,UavAuthNetwork.uav[8],uav,aead_open,1,0.006081,6.081,6.081,6.081
785,StadiumSHA3-3-20260809-23:07:20-359376,StadiumSHA3,3,3,3,sha3,10,,,,UavAuthNetwork.uav[8],uav,dh_derive,10,1.236814,123.6814,122.5285,128.43475
786,StadiumSHA3-3-20260809-23:07:20-359376,StadiumSHA3,3,3,3,sha3,10,,,,UavAuthNetwork.uav[8],uav,dh_keygen,10,0.684784,68.4784,64.455,85.9773
787,StadiumSHA3-3-20260809-23:07:20-359376,StadiumSHA3,3,3,3,sha3,10,,,,UavAuthNetwork.uav[8],uav,extract,1,0.005781,5.781,5.781,5.781
788,StadiumSHA3-3-20260809-23:07:20-359376,StadiumSHA3,3,3,3,sha3,10,,,,UavAuthNetwork.uav[8],uav,kdf,21,0.205584,9.789714,9.598,12.363
789,StadiumSHA3-3-20260809-23:07:20-359376,StadiumSHA3,3,3,3,sha3,10,,,,UavAuthNetwork.uav[8],uav,mac,12,0.053311,4.442583,4.163,5.8102
790,StadiumSHA3-3-20260809-23:07:20-359376,StadiumSHA3,3,3,3,sha3,10,,,,UavAuthNetwork.uav[8],uav,mac_verify,18,0.077152,4.286222,4.273,4.93525
791,StadiumSHA3-3-20260809-23:07:20-359376,StadiumSHA3,3,3,3,sha3,10,,,,UavAuthNetwork.uav[9],uav,aead_open,1,0.002705,2.705,2.705,2.705
792,StadiumSHA3-3-20260809-23:07:20-359376,StadiumSHA3,3,3,3,sha3,10,,,,UavAuthNetwork.uav[9],uav,dh_derive,10,1.285114,128.5114,122.779,149.44705
793,StadiumSHA3-3-20260809-23:07:20-359376,StadiumSHA3,3,3,3,sha3,10,,,,UavAuthNetwork.uav[9],uav,dh_keygen,10,0.713549,71.3549,66.8645,86.57975
794,StadiumSHA3-3-20260809-23:07:20-359376,StadiumSHA3,3,3,3,sha3,10,,,,UavAuthNetwork.uav[9],uav,extract,1,0.008236,8.236,8.236,8.236
795,StadiumSHA3-3-20260809-23:07:20-359376,StadiumSHA3,3,3,3,sha3,10,,,,UavAuthNetwork.uav[9],uav,kdf,21,0.224538,10.692286,9.568,15.569
796,StadiumSHA3-3-20260809-23:07:20-359376,StadiumSHA3,3,3,3,sha3,10,,,,UavAuthNetwork.uav[9],uav,mac,11,0.050797,4.617909,4.228,6.427
797,StadiumSHA3-3-20260809-23:07:20-359376,StadiumSHA3,3,3,3,sha3,10,,,,UavAuthNetwork.uav[9],uav,mac_verify,19,0.084488,4.446737,4.308,7.182
798,StadiumSHA3-4-20260809-23:07:20-359376,StadiumSHA3,4,4,4,sha3,10,,,,UavAuthNetwork.groundStation,groundStation,aead_seal,10,0.068839,6.8839,5.7655,13.9136
799,StadiumSHA3-4-20260809-23:07:20-359376,StadiumSHA3,4,4,4,sha3,10,,,,UavAuthNetwork.groundStation,groundStation,dh_derive,10,1.328455,132.8455,122.7935,169.7697
800,StadiumSHA3-4-20260809-23:07:20-359376,StadiumSHA3,4,4,4,sha3,10,,,,UavAuthNetwork.groundStation,groundStation,dh_keygen,10,0.689727,68.9727,64.901,81.39535
801,StadiumSHA3-4-20260809-23:07:20-359376,StadiumSHA3,4,4,4,sha3,10,,,,UavAuthNetwork.groundStation,groundStation,extract,10,0.050955,5.0955,5.0095,5.53305
802,StadiumSHA3-4-20260809-23:07:20-359376,StadiumSHA3,4,4,4,sha3,10,,,,UavAuthNetwork.groundStation,groundStation,kdf,180,1.686142,9.367456,8.22,15.393
803,StadiumSHA3-4-20260809-23:07:20-359376,StadiumSHA3,4,4,4,sha3,10,,,,UavAuthNetwork.groundStation,groundStation,mac,10,0.056175,5.6175,4.794,9.2341
804,StadiumSHA3-4-20260809-23:07:20-359376,StadiumSHA3,4,4,4,sha3,10,,,,UavAuthNetwork.groundStation,groundStation,mac_verify,20,0.089847,4.49235,4.373,4.85285
805,StadiumSHA3-4-20260809-23:07:20-359376,StadiumSHA3,4,4,4,sha3,10,,,,UavAuthNetwork.uav[0],uav,aead_open,1,0.003807,3.807,3.807,3.807
806,StadiumSHA3-4-20260809-23:07:20-359376,StadiumSHA3,4,4,4,sha3,10,,,,UavAuthNetwork.uav[0],uav,dh_derive,10,1.234699,123.4699,122.518,127.7458
807,StadiumSHA3-4-20260809-23:07:20-359376,StadiumSHA3,4,4,4,sha3,10,,,,UavAuthNetwork.uav[0],uav,dh_keygen,10,0.709833,70.9833,64.465,99.61295
808,StadiumSHA3-4-20260809-23:07:20-359376,StadiumSHA3,4,4,4,sha3,10,,,,UavAuthNetwork.uav[0],uav,extract,1,0.006212,6.212,6.212,6.212
809,StadiumSHA3-4-20260809-23:07:20-359376,StadiumSHA3,4,4,4,sha3,10,,,,UavAuthNetwork.uav[0],uav,kdf,21,0.193972,9.236762,9.598,10.009
810,StadiumSHA3-4-20260809-23:07:20-359376,StadiumSHA3,4,4,4,sha3,10,,,,UavAuthNetwork.uav[0],uav,mac,20,0.084007,4.20035,4.128,4.49155
811,StadiumSHA3-4-20260809-23:07:20-359376,StadiumSHA3,4,4,4,sha3,10,,,,UavAuthNetwork.uav[0],uav,mac_verify,10,0.049412,4.9412,4.013,9.1609
812,StadiumSHA3-4-20260809-23:07:20-359376,StadiumSHA3,4,4,4,sha3,10,,,,UavAuthNetwork.uav[1],uav,aead_open,1,0.002545,2.545,2.545,2.545
813,StadiumSHA3-4-20260809-23:07:20-359376,StadiumSHA3,4,4,4,sha3,10,,,,UavAuthNetwork.uav[1],uav,dh_derive,10,1.262471,126.2471,123.2745,138.4571
814,StadiumSHA3-4-20260809-23:07:20-359376,StadiumSHA3,4,4,4,sha3,10,,,,UavAuthNetwork.uav[1],uav,dh_keygen,10,0.65578,65.578,64.3245,70.7322
815,StadiumSHA3-4-20260809-23:07:20-359376,StadiumSHA3,4,4,4,sha3,10,,,,UavAuthNetwork.uav[1],uav,extract,1,0.005931,5.931,5.931,5.931
816,StadiumSHA3-4-20260809-23:07:20-359376,StadiumSHA3,4,4,4,sha3,10,,,,UavAuthNetwork.uav[1],uav,kdf,21,0.199461,9.498143,9.498,10.73
817,StadiumSHA3-4-20260809-23:07:20-359376,StadiumSHA3,4,4,4,sha3,10,,,,UavAuthNetwork.uav[1],uav,mac,19,0.079016,4.158737,4.138,4.35
818,StadiumSHA3-4-20260809-23:07:20-359376,StadiumSHA3,4,4,4,sha3,10,,,,UavAuthNetwork.uav[1],uav,mac_verify,11,0.045563,4.142091,4.007,4.618
819,StadiumSHA3-4-20260809-23:07:20-359376,StadiumSHA3,4,4,4,sha3,10,,,,UavAuthNetwork.uav[2],uav,aead_open,1,0.004749,4.749,4.749,4.749
820,StadiumSHA3-4-20260809-23:07:20-359376,StadiumSHA3,4,4,4,sha3,10,,,,UavAuthNetwork.uav[2],uav,dh_derive,10,1.287979,128.7979,122.508,145.79895
821,StadiumSHA3-4-20260809-23:07:20-359376,StadiumSHA3,4,4,4,sha3,10,,,,UavAuthNetwork.uav[2],uav,dh_keygen,10,0.673818,67.3818,64.165,80.93185
822,StadiumSHA3-4-20260809-23:07:20-359376,StadiumSHA3,4,4,4,sha3,10,,,,UavAuthNetwork.uav[2],uav,extract,1,0.010229,10.229,10.229,10.229
823,StadiumSHA3-4-20260809-23:07:20-359376,StadiumSHA3,4,4,4,sha3,10,,,,UavAuthNetwork.uav[2],uav,kdf,21,0.213234,10.154,9.678,15.799
824,StadiumSHA3-4-20260809-23:07:20-359376,StadiumSHA3,4,4,4,sha3,10,,,,UavAuthNetwork.uav[2],uav,mac,18,0.079467,4.414833,4.1225,5.75375
825,StadiumSHA3-4-20260809-23:07:20-359376,StadiumSHA3,4,4,4,sha3,10,,,,UavAuthNetwork.uav[2],uav,mac_verify,12,0.052948,4.412333,4.0175,6.3016
826,StadiumSHA3-4-20260809-23:07:20-359376,StadiumSHA3,4,4,4,sha3,10,,,,UavAuthNetwork.uav[3],uav,aead_open,1,0.003125,3.125,3.125,3.125
827,StadiumSHA3-4-20260809-23:07:20-359376,StadiumSHA3,4,4,4,sha3,10,,,,UavAuthNetwork.uav[3],uav,dh_derive,10,1.247805,124.7805,123.2345,131.12875
828,StadiumSHA3-4-20260809-23:07:20-359376,StadiumSHA3,4,4,4,sha3,10,,,,UavAuthNetwork.uav[3],uav,dh_keygen,10,0.649093,64.9093,64.22,68.02255
829,StadiumSHA3-4-20260809-23:07:20-359376,StadiumSHA3,4,4,4,sha3,10,,,,UavAuthNetwork.uav[3],uav,extract,1,0.009848,9.848,9.848,9.848
830,StadiumSHA3-4-20260809-23:07:20-359376,StadiumSHA3,4,4,4,sha3,10,,,,UavAuthNetwork.uav[3],uav,kdf,21,0.196045,9.335476,9.477,10.339
831,StadiumSHA3-4-20260809-23:07:20-359376,StadiumSHA3,4,4,4,sha3,10,,,,UavAuthNetwork.uav[3],uav,mac,17,0.071104,4.182588,4.127,4.4082
832,StadiumSHA3-4-20260809-23:07:20-359376,StadiumSHA3,4,4,4,sha3,10,,,,UavAuthNetwork.uav[3],uav,mac_verify,13,0.052658,4.050615,4.008,4.4024
833,StadiumSHA3-4-20260809-23:07:20-359376,StadiumSHA3,4,4,4,sha3,10,,,,UavAuthNetwork.uav[4],uav,aead_open,1,0.002955,2.955,2.955,2.955
834,StadiumSHA3-4-20260809-23:07:20-359376,StadiumSHA3,4,4,4,sha3,10,,,,UavAuthNetwork.uav[4],uav,dh_derive,10,1.253364,125.3364,122.6435,134.12885
835,StadiumSHA3-4-20260809-23:07:20-359376,StadiumSHA3,4,4,4,sha3,10,,,,UavAuthNetwork.uav[4],uav,dh_keygen,10,0.671311,67.1311,64.776,74.7011
836,StadiumSHA3-4-20260809-23:07:20-359376,StadiumSHA3,4,4,4,sha3,10,,,,UavAuthNetwork.uav[4],uav,extract,1,0.010189,10.189,10.189,10.189
837,StadiumSHA3-4-20260809-23:07:20-359376,StadiumSHA3,4,4,4,sha3,10,,,,UavAuthNetwork.uav[4],uav,kdf,21,0.19881,9.467143,9.618,10.73
838,StadiumSHA3-4-20260809-23:07:20-359376,StadiumSHA3,4,4,4,sha3,10,,,,UavAuthNetwork.uav[4],uav,mac,16,0.070823,4.426437,4.183,5.65625
839,StadiumSHA3-4-20260809-23:07:20-359376,StadiumSHA3,4,4,4,sha3,10,,,,UavAuthNetwork.uav[4],uav,mac_verify,14,0.057136,4.081143,4.0375,4.3815
840,StadiumSHA3-4-20260809-23:07:20-359376,StadiumSHA3,4,4,4,sha3,10,,,,UavAuthNetwork.uav[5],uav,aead_open,1,0.002484,2.484,2.484,2.484
841,StadiumSHA3-4-20260809-23:07:20-359376,StadiumSHA3,4,4,4,sha3,10,,,,UavAuthNetwork.uav[5],uav,dh_derive,10,1.235774,123.5774,122.4735,128.88545
842,StadiumSHA3-4-20260809-23:07:20-359376,StadiumSHA3,4,4,4,sha3,10,,,,UavAuthNetwork.uav[5],uav,dh_keygen,10,0.65504,65.504,64.154,71.1593
843,StadiumSHA3-4-20260809-23:07:20-359376,StadiumSHA3,4,4,4,sha3,10,,,,UavAuthNetwork.uav[5],uav,extract,1,0.006112,6.112,6.112,6.112
844,StadiumSHA3-4-20260809-23:07:20-359376,StadiumSHA3,4,4,4,sha3,10,,,,UavAuthNetwork.uav[5],uav,kdf,21,0.196499,9.357095,9.447,10.97
845,StadiumSHA3-4-20260809-23:07:20-359376,StadiumSHA3,4,4,4,sha3,10,,,,UavAuthNetwork.uav[5],uav,mac,15,0.063599,4.239933,4.098,4.7879
846,StadiumSHA3-4-20260809-23:07:20-359376,StadiumSHA3,4,4,4,sha3,10,,,,UavAuthNetwork.uav[5],uav,mac_verify,15,0.060843,4.0562,4.007,4.37
847,StadiumSHA3-4-20260809-23:07:20-359376,StadiumSHA3,4,4,4,sha3,10,,,,UavAuthNetwork.uav[6],uav,aead_open,1,0.002635,2.635,2.635,2.635
848,StadiumSHA3-4-20260809-23:07:20-359376,StadiumSHA3,4,4,4,sha3,10,,,,UavAuthNetwork.uav[6],uav,dh_derive,10,1.232216,123.2216,122.413,125.3696
849,StadiumSHA3-4-20260809-23:07:20-359376,StadiumSHA3,4,4,4,sha3,10,,,,UavAuthNetwork.uav[6],uav,dh_keygen,10,0.646392,64.6392,64.345,66.2653
850,StadiumSHA3-4-20260809-23:07:20-359376,StadiumSHA3,4,4,4,sha3,10,,,,UavAuthNetwork.uav[6],uav,extract,1,0.006773,6.773,6.773,6.773
851,StadiumSHA3-4-20260809-23:07:20-359376,StadiumSHA3,4,4,4,sha3,10,,,,UavAuthNetwork.uav[6],uav,kdf,21,0.195366,9.303143,9.457,10.6
852,StadiumSHA3-4-20260809-23:07:20-359376,StadiumSHA3,4,4,4,sha3,10,,,,UavAuthNetwork.uav[6],uav,mac,14,0.057849,4.132071,4.1125,4.2715
853,StadiumSHA3-4-20260809-23:07:20-359376,StadiumSHA3,4,4,4,sha3,10,,,,UavAuthNetwork.uav[6],uav,mac_verify,16,0.076213,4.763312,4.1475,7.0785
854,StadiumSHA3-4-20260809-23:07:20-359376,StadiumSHA3,4,4,4,sha3,10,,,,UavAuthNetwork.uav[7],uav,aead_open,1,0.002405,2.405,2.405,2.405
855,StadiumSHA3-4-20260809-23:07:20-359376,StadiumSHA3,4,4,4,sha3,10,,,,UavAuthNetwork.uav[7],uav,dh_derive,10,1.231422,123.1422,122.358,125.29505
856,StadiumSHA3-4-20260809-23:07:20-359376,StadiumSHA3,4,4,4,sha3,10,,,,UavAuthNetwork.uav[7],uav,dh_keygen,10,0.65592,65.592,64.6655,69.9752
857,StadiumSHA3-4-20260809-23:07:20-359376,StadiumSHA3,4,4,4,sha3,10,,,,UavAuthNetwork.uav[7],uav,extract,1,0.005481,5.481,5.481,5.481
858,StadiumSHA3-4-20260809-23:07:20-359376,StadiumSHA3,4,4,4,sha3,10,,,,UavAuthNetwork.uav[7],uav,kdf,21,0.192961,9.188619,9.498,9.778
859,StadiumSHA3-4-20260809-23:07:20-359376,StadiumSHA3,4,4,4,sha3,10,,,,UavAuthNetwork.uav[7],uav,mac,13,0.05403,4.156154,4.108,4.3344
860,StadiumSHA3-4-20260809-23:07:20-359376,StadiumSHA3,4,4,4,sha3,10,,,,UavAuthNetwork.uav[7],uav,mac_verify,17,0.068888,4.052235,3.967,4.374
861,StadiumSHA3-4-20260809-23:07:20-359376,StadiumSHA3,4,4,4,sha3,10,,,,UavAuthNetwork.uav[8],uav,aead_open,1,0.003075,3.075,3.075,3.075
862,StadiumSHA3-4-20260809-23:07:20-359376,StadiumSHA3,4,4,4,sha3,10,,,,UavAuthNetwork.uav[8],uav,dh_derive,10,1.244747,124.4747,122.5135,132.76815
863,StadiumSHA3-4-20260809-23:07:20-359376,StadiumSHA3,4,4,4,sha3,10,,,,UavAuthNetwork.uav[8],uav,dh_keygen,10,0.662918,66.2918,64.185,74.85075
864,StadiumSHA3-4-20260809-23:07:20-359376,StadiumSHA3,4,4,4,sha3,10,,,,UavAuthNetwork.uav[8],uav,extract,1,0.009728,9.728,9.728,9.728
865,StadiumSHA3-4-20260809-23:07:20-359376,StadiumSHA3,4,4,4,sha3,10,,,,UavAuthNetwork.uav[8],uav,kdf,21,0.203052,9.669143,9.478,9.929
866,StadiumSHA3-4-20260809-23:07:20-359376,StadiumSHA3,4,4,4,sha3,10,,,,UavAuthNetwork.uav[8],uav,mac,12,0.05045,4.204167,4.147,4.62595
867,StadiumSHA3-4-20260809-23:07:20-359376,StadiumSHA3,4,4,4,sha3,10,,,,UavAuthNetwork.uav[8],uav,mac_verify,18,0.073106,4.061444,4.168,4.38215
868,StadiumSHA3-4-20260809-23:07:20-359376,StadiumSHA3,4,4,4,sha3,10,,,,UavAuthNetwork.uav[9],uav,aead_open,1,0.002425,2.425,2.425,2.425
869,StadiumSHA3-4-20260809-23:07:20-359376,StadiumSHA3,4,4,4,sha3,10,,,,UavAuthNetwork.uav[9],uav,dh_derive,10,1.241502,124.1502,122.218,132.0665
870,StadiumSHA3-4-20260809-23:07:20-359376,StadiumSHA3,4,4,4,sha3,10,,,,UavAuthNetwork.uav[9],uav,dh_keygen,10,0.659368,65.9368,64.2295,73.5384
871,StadiumSHA3-4-20260809-23:07:20-359376,StadiumSHA3,4,4,4,sha3,10,,,,UavAuthNetwork.uav[9],uav,extract,1,0.006232,6.232,6.232,6.232
872,StadiumSHA3-4-20260809-23:07:20-359376,StadiumSHA3,4,4,4,sha3,10,,,,UavAuthNetwork.uav[9],uav,kdf,21,0.194766,9.274571,9.467,10.54
873,StadiumSHA3-4-20260809-23:07:20-359376,StadiumSHA3,4,4,4,sha3,10,,,,UavAuthNetwork.uav[9],uav,mac,11,0.045525,4.138636,4.097,4.293
874,StadiumSHA3-4-20260809-23:07:20-359376,StadiumSHA3,4,4,4,sha3,10,,,,UavAuthNetwork.uav[9],uav,mac_verify,19,0.077053,4.055421,4.227,4.3571
875,StadiumSHA3-5-20260809-23:07:20-359376,StadiumSHA3,5,5,5,sha3,10,,,,UavAuthNetwork.groundStation,groundStation,aead_seal,10,0.066444,6.6444,4.308,14.7348
876,StadiumSHA3-5-20260809-23:07:20-359376,StadiumSHA3,5,5,5,sha3,10,,,,UavAuthNetwork.groundStation,groundStation,dh_derive,10,1.340517,134.0517,124.096,168.40025
877,StadiumSHA3-5-20260809-23:07:20-359376,StadiumSHA3,5,5,5,sha3,10,,,,UavAuthNetwork.groundStation,groundStation,dh_keygen,10,0.711976,71.1976,64.6355,96.0955
878,StadiumSHA3-5-20260809-23:07:20-359376,StadiumSHA3,5,5,5,sha3,10,,,,UavAuthNetwork.groundStation,groundStation,extract,10,0.055255,5.5255,4.9695,8.0016
879,StadiumSHA3-5-20260809-23:07:20-359376,StadiumSHA3,5,5,5,sha3,10,,,,UavAuthNetwork.groundStation,groundStation,kdf,180,1.775105,9.861694,8.455,15.641
880,StadiumSHA3-5-20260809-23:07:20-359376,StadiumSHA3,5,5,5,sha3,10,,,,UavAuthNetwork.groundStation,groundStation,mac,10,0.056254,5.6254,4.849,8.90855
881,StadiumSHA3-5-20260809-23:07:20-359376,StadiumSHA3,5,5,5,sha3,10,,,,UavAuthNetwork.groundStation,groundStation,mac_verify,20,0.09751,4.8755,4.4585,7.62305
882,StadiumSHA3-5-20260809-23:07:20-359376,StadiumSHA3,5,5,5,sha3,10,,,,UavAuthNetwork.uav[0],uav,aead_open,1,0.0159,15.9,15.9,15.9
883,StadiumSHA3-5-20260809-23:07:20-359376,StadiumSHA3,5,5,5,sha3,10,,,,UavAuthNetwork.uav[0],uav,dh_derive,10,1.266708,126.6708,123.8905,135.39505
884,StadiumSHA3-5-20260809-23:07:20-359376,StadiumSHA3,5,5,5,sha3,10,,,,UavAuthNetwork.uav[0],uav,dh_keygen,10,0.944491,94.4491,91.0195,118.92515
885,StadiumSHA3-5-20260809-23:07:20-359376,StadiumSHA3,5,5,5,sha3,10,,,,UavAuthNetwork.uav[0],uav,extract,1,0.016671,16.671,16.671,16.671
886,StadiumSHA3-5-20260809-23:07:20-359376,StadiumSHA3,5,5,5,sha3,10,,,,UavAuthNetwork.uav[0],uav,kdf,21,0.249355,11.874048,10.95,15.158
887,StadiumSHA3-5-20260809-23:07:20-359376,StadiumSHA3,5,5,5,sha3,10,,,,UavAuthNetwork.uav[0],uav,mac,20,0.106667,5.33335,4.9445,7.41755
888,StadiumSHA3-5-20260809-23:07:20-359376,StadiumSHA3,5,5,5,sha3,10,,,,UavAuthNetwork.uav[0],uav,mac_verify,10,0.042629,4.2629,4.067,5.07405
889,StadiumSHA3-5-20260809-23:07:20-359376,StadiumSHA3,5,5,5,sha3,10,,,,UavAuthNetwork.uav[1],uav,aead_open,1,0.002535,2.535,2.535,2.535
890,StadiumSHA3-5-20260809-23:07:20-359376,StadiumSHA3,5,5,5,sha3,10,,,,UavAuthNetwork.uav[1],uav,dh_derive,10,1.225513,122.5513,122.518,123.26805
891,StadiumSHA3-5-20260809-23:07:20-359376,StadiumSHA3,5,5,5,sha3,10,,,,UavAuthNetwork.uav[1],uav,dh_keygen,10,0.813346,81.3346,79.3275,98.7122
892,StadiumSHA3-5-20260809-23:07:20-359376,StadiumSHA3,5,5,5,sha3,10,,,,UavAuthNetwork.uav[1],uav,extract,1,0.006342,6.342,6.342,6.342
893,StadiumSHA3-5-20260809-23:07:20-359376,StadiumSHA3,5,5,5,sha3,10,,,,UavAuthNetwork.uav[1],uav,kdf,21,0.231441,11.021,9.969,13.936
894,StadiumSHA3-5-20260809-23:07:20-359376,StadiumSHA3,5,5,5,sha3,10,,,,UavAuthNetwork.uav[1],uav,mac,19,0.096982,5.104316,4.328,7.432
895,StadiumSHA3-5-20260809-23:07:20-359376,StadiumSHA3,5,5,5,sha3,10,,,,UavAuthNetwork.uav[1],uav,mac_verify,11,0.045292,4.117455,4.077,4.463
896,StadiumSHA3-5-20260809-23:07:20-359376,StadiumSHA3,5,5,5,sha3,10,,,,UavAuthNetwork.uav[2],uav,aead_open,1,0.003958,3.958,3.958,3.958
897,StadiumSHA3-5-20260809-23:07:20-359376,StadiumSHA3,5,5,5,sha3,10,,,,UavAuthNetwork.uav[2],uav,dh_derive,10,1.294151,129.4151,122.458,155.1039
898,StadiumSHA3-5-20260809-23:07:20-359376,StadiumSHA3,5,5,5,sha3,10,,,,UavAuthNetwork.uav[2],uav,dh_keygen,10,0.785033,78.5033,78.7615,99.75145
899,StadiumSHA3-5-20260809-23:07:20-359376,StadiumSHA3,5,5,5,sha3,10,,,,UavAuthNetwork.uav[2],uav,extract,1,0.005761,5.761,5.761,5.761
900,StadiumSHA3-5-20260809-23:07:20-359376,StadiumSHA3,5,5,5,sha3,10,,,,UavAuthNetwork.uav[2],uav,kdf,21,0.24197,11.522381,9.928,17.002
901,StadiumSHA3-5-20260809-23:07:20-359376,StadiumSHA3,5,5,5,sha3,10,,,,UavAuthNetwork.uav[2],uav,mac,18,0.094356,5.242,4.1525,8.10005
902,StadiumSHA3-5-20260809-23:07:20-359376,StadiumSHA3,5,5,5,sha3,10,,,,UavAuthNetwork.uav[2],uav,mac_verify,12,0.053642,4.470167,4.073,6.3972
903,StadiumSHA3-5-20260809-23:07:20-359376,StadiumSHA3,5,5,5,sha3,10,,,,UavAuthNetwork.uav[3],uav,aead_open,1,0.002855,2.855,2.855,2.855
904,StadiumSHA3-5-20260809-23:07:20-359376,StadiumSHA3,5,5,5,sha3,10,,,,UavAuthNetwork.uav[3],uav,dh_derive,10,1.239899,123.9899,122.3325,129.775
905,StadiumSHA3-5-20260809-23:07:20-359376,StadiumSHA3,5,5,5,sha3,10,,,,UavAuthNetwork.uav[3],uav,dh_keygen,10,0.665759,66.5759,64.2395,75.4453
906,StadiumSHA3-5-20260809-23:07:20-359376,StadiumSHA3,5,5,5,sha3,10,,,,UavAuthNetwork.uav[3],uav,extract,1,0.007404,7.404,7.404,7.404
907,StadiumSHA3-5-20260809-23:07:20-359376,StadiumSHA3,5,5,5,sha3,10,,,,UavAuthNetwork.uav[3],uav,kdf,21,0.196025,9.334524,9.527,10.47
908,StadiumSHA3-5-20260809-23:07:20-359376,StadiumSHA3,5,5,5,sha3,10,,,,UavAuthNetwork.uav[3],uav,mac,17,0.072285,4.252059,4.147,4.6704
909,StadiumSHA3-5-20260809-23:07:20-359376,StadiumSHA3,5,5,5,sha3,10,,,,UavAuthNetwork.uav[3],uav,mac_verify,13,0.053417,4.109,4.037,4.47
910,StadiumSHA3-5-20260809-23:07:20-359376,StadiumSHA3,5,5,5,sha3,10,,,,UavAuthNetwork.uav[4],uav,aead_open,1,0.002715,2.715,2.715,2.715
911,StadiumSHA3-5-20260809-23:07:20-359376,StadiumSHA3,5,5,5,sha3,10,,,,UavAuthNetwork.uav[4],uav,dh_derive,10,1.249047,124.9047,122.548,133.7892
912,StadiumSHA3-5-20260809-23:07:20-359376,StadiumSHA3,5,5,5,sha3,10,,,,UavAuthNetwork.uav[4],uav,dh_keygen,10,0.648838,64.8838,64.21,66.7765
913,StadiumSHA3-5-20260809-23:07:20-359376,StadiumSHA3,5,5,5,sha3,10,,,,UavAuthNetwork.uav[4],uav,extract,1,0.006051,6.051,6.051,6.051
914,StadiumSHA3-5-20260809-23:07:20-359376,StadiumSHA3,5,5,5,sha3,10,,,,UavAuthNetwork.uav[4],uav,kdf,21,0.197906,9.424095,9.638,10.499
915,StadiumSHA3-5-20260809-23:07:20-359376,StadiumSHA3,5,5,5,sha3,10,,,,UavAuthNetwork.uav[4],uav,mac,16,0.066109,4.131812,4.1075,4.2505
916,StadiumSHA3-5-20260809-23:07:20-359376,StadiumSHA3,5,5,5,sha3,10,,,,UavAuthNetwork.uav[4],uav,mac_verify,14,0.057456,4.104,4.0725,4.4525
917,StadiumSHA3-5-20260809-23:07:20-359376,StadiumSHA3,5,5,5,sha3,10,,,,UavAuthNetwork.uav[5],uav,aead_open,1,0.002414,2.414,2.414,2.414
918,StadiumSHA3-5-20260809-23:07:20-359376,StadiumSHA3,5,5,5,sha3,10,,,,UavAuthNetwork.uav[5],uav,dh_derive,10,1.25144,125.144,122.5285,133.8472
919,StadiumSHA3-5-20260809-23:07:20-359376,StadiumSHA3,5,5,5,sha3,10,,,,UavAuthNetwork.uav[5],uav,dh_keygen,10,0.64941,64.941,64.24,66.9906
920,StadiumSHA3-5-20260809-23:07:20-359376,StadiumSHA3,5,5,5,sha3,10,,,,UavAuthNetwork.uav[5],uav,extract,1,0.005901,5.901,5.901,5.901
921,StadiumSHA3-5-20260809-23:07:20-359376,StadiumSHA3,5,5,5,sha3,10,,,,UavAuthNetwork.uav[5],uav,kdf,21,0.19858,9.45619,9.638,10.459
922,StadiumSHA3-5-20260809-23:07:20-359376,StadiumSHA3,5,5,5,sha3,10,,,,UavAuthNetwork.uav[5],uav,mac,15,0.062066,4.137733,4.118,4.296
923,StadiumSHA3-5-20260809-23:07:20-359376,StadiumSHA3,5,5,5,sha3,10,,,,UavAuthNetwork.uav[5],uav,mac_verify,15,0.061828,4.121867,4.088,4.423
924,StadiumSHA3-5-20260809-23:07:20-359376,StadiumSHA3,5,5,5,sha3,10,,,,UavAuthNetwork.uav[6],uav,aead_open,1,0.002484,2.484,2.484,2.484
925,StadiumSHA3-5-20260809-23:07:20-359376,StadiumSHA3,5,5,5,sha3,10,,,,UavAuthNetwork.uav[6],uav,dh_derive,10,1.238988,123.8988,122.498,129.28155
926,StadiumSHA3-5-20260809-23:07:20-359376,StadiumSHA3,5,5,5,sha3,10,,,,UavAuthNetwork.uav[6],uav,dh_keygen,10,0.662275,66.2275,64.27,74.25905
927,StadiumSHA3-5-20260809-23:07:20-359376,StadiumSHA3,5,5,5,sha3,10,,,,UavAuthNetwork.uav[6],uav,extract,1,0.005681,5.681,5.681,5.681
928,StadiumSHA3-5-20260809-23:07:20-359376,StadiumSHA3,5,5,5,sha3,10,,,,UavAuthNetwork.uav[6],uav,kdf,21,0.203399,9.685667,9.558,10.66
929,StadiumSHA3-5-20260809-23:07:20-359376,StadiumSHA3,5,5,5,sha3,10,,,,UavAuthNetwork.uav[6],uav,mac,14,0.059513,4.250929,4.193,4.62535
930,StadiumSHA3-5-20260809-23:07:20-359376,StadiumSHA3,5,5,5,sha3,10,,,,UavAuthNetwork.uav[6],uav,mac_verify,16,0.067504,4.219,4.263,4.811
931,StadiumSHA3-5-20260809-23:07:20-359376,StadiumSHA3,5,5,5,sha3,10,,,,UavAuthNetwork.uav[7],uav,aead_open,1,0.002425,2.425,2.425,2.425
932,StadiumSHA3-5-20260809-23:07:20-359376,StadiumSHA3,5,5,5,sha3,10,,,,UavAuthNetwork.uav[7],uav,dh_derive,10,1.233227,123.3227,122.358,127.69025
933,StadiumSHA3-5-20260809-23:07:20-359376,StadiumSHA3,5,5,5,sha3,10,,,,UavAuthNetwork.uav[7],uav,dh_keygen,10,0.6811,68.11,64.39,83.18445
934,StadiumSHA3-5-20260809-23:07:20-359376,StadiumSHA3,5,5,5,sha3,10,,,,UavAuthNetwork.uav[7],uav,extract,1,0.006202,6.202,6.202,6.202
935,StadiumSHA3-5-20260809-23:07:20-359376,StadiumSHA3,5,5,5,sha3,10,,,,UavAuthNetwork.uav[7],uav,kdf,21,0.198048,9.430857,9.568,10.8
936,StadiumSHA3-5-20260809-23:07:20-359376,StadiumSHA3,5,5,5,sha3,10,,,,UavAuthNetwork.uav[7],uav,mac,13,0.05834,4.487692,4.127,6.3296
937,StadiumSHA3-5-20260809-23:07:20-359376,StadiumSHA3,5,5,5,sha3,10,,,,UavAuthNetwork.uav[7],uav,mac_verify,17,0.069342,4.078941,4.088,4.4002
938,StadiumSHA3-5-20260809-23:07:20-359376,StadiumSHA3,5,5,5,sha3,10,,,,UavAuthNetwork.uav[8],uav,aead_open,1,0.002325,2.325,2.325,2.325
939,StadiumSHA3-5-20260809-23:07:20-359376,StadiumSHA3,5,5,5,sha3,10,,,,UavAuthNetwork.uav[8],uav,dh_derive,10,1.22439,122.439,122.268,123.28805
940,StadiumSHA3-5-20260809-23:07:20-359376,StadiumSHA3,5,5,5,sha3,10,,,,UavAuthNetwork.uav[8],uav,dh_keygen,10,0.656885,65.6885,64.6655,69.4715
941,StadiumSHA3-5-20260809-23:07:20-359376,StadiumSHA3,5,5,5,sha3,10,,,,UavAuthNetwork.uav[8],uav,extract,1,0.005851,5.851,5.851,5.851
942,StadiumSHA3-5-20260809-23:07:20-359376,StadiumSHA3,5,5,5,sha3,10,,,,UavAuthNetwork.uav[8],uav,kdf,21,0.195122,9.291524,9.538,10.269
943,StadiumSHA3-5-20260809-23:07:20-359376,StadiumSHA3,5,5,5,sha3,10,,,,UavAuthNetwork.uav[8],uav,mac,12,0.049594,4.132833,4.1225,4.318
944,StadiumSHA3-5-20260809-23:07:20-359376,StadiumSHA3,5,5,5,sha3,10,,,,UavAuthNetwork.uav[8],uav,mac_verify,18,0.073857,4.103167,4.273,4.4075
945,StadiumSHA3-5-20260809-23:07:20-359376,StadiumSHA3,5,5,5,sha3,10,,,,UavAuthNetwork.uav[9],uav,aead_open,1,0.004148,4.148,4.148,4.148
946,StadiumSHA3-5-20260809-23:07:20-359376,StadiumSHA3,5,5,5,sha3,10,,,,UavAuthNetwork.uav[9],uav,dh_derive,10,1.314399,131.4399,122.4785,162.16655
947,StadiumSHA3-5-20260809-23:07:20-359376,StadiumSHA3,5,5,5,sha3,10,,,,UavAuthNetwork.uav[9],uav,dh_keygen,10,0.732593,73.2593,64.7505,106.0944
948,StadiumSHA3-5-20260809-23:07:20-359376,StadiumSHA3,5,5,5,sha3,10,,,,UavAuthNetwork.uav[9],uav,extract,1,0.022522,22.522,22.522,22.522
949,StadiumSHA3-5-20260809-23:07:20-359376,StadiumSHA3,5,5,5,sha3,10,,,,UavAuthNetwork.uav[9],uav,kdf,21,0.232721,11.081952,9.608,19.396
950,StadiumSHA3-5-20260809-23:07:20-359376,StadiumSHA3,5,5,5,sha3,10,,,,UavAuthNetwork.uav[9],uav,mac,11,0.054711,4.973727,4.158,7.614
951,StadiumSHA3-5-20260809-23:07:20-359376,StadiumSHA3,5,5,5,sha3,10,,,,UavAuthNetwork.uav[9],uav,mac_verify,19,0.079869,4.203632,4.278,4.6554
952,StadiumSHA3-6-20260809-23:07:20-359376,StadiumSHA3,6,6,6,sha3,10,,,,UavAuthNetwork.groundStation,groundStation,aead_seal,10,0.066114,6.6114,5.1395,13.43
953,StadiumSHA3-6-20260809-23:07:20-359376,StadiumSHA3,6,6,6,sha3,10,,,,UavAuthNetwork.groundStation,groundStation,dh_derive,10,1.276848,127.6848,122.6835,143.81895
954,StadiumSHA3-6-20260809-23:07:20-359376,StadiumSHA3,6,6,6,sha3,10,,,,UavAuthNetwork.groundStation,groundStation,dh_keygen,10,0.689524,68.9524,65.848,78.8824
955,StadiumSHA3-6-20260809-23:07:20-359376,StadiumSHA3,6,6,6,sha3,10,,,,UavAuthNetwork.groundStation,groundStation,extract,10,0.048622,4.8622,4.749,5.297
956,StadiumSHA3-6-20260809-23:07:20-359376,StadiumSHA3,6,6,6,sha3,10,,,,UavAuthNetwork.groundStation,groundStation,kdf,180,1.655893,9.199406,8.2855,15.137
957,StadiumSHA3-6-20260809-23:07:20-359376,StadiumSHA3,6,6,6,sha3,10,,,,UavAuthNetwork.groundStation,groundStation,mac,10,0.050296,5.0296,4.9245,5.6295
958,StadiumSHA3-6-20260809-23:07:20-359376,StadiumSHA3,6,6,6,sha3,10,,,,UavAuthNetwork.groundStation,groundStation,mac_verify,20,0.087792,4.3896,4.4585,5.189
959,StadiumSHA3-6-20260809-23:07:20-359376,StadiumSHA3,6,6,6,sha3,10,,,,UavAuthNetwork.uav[0],uav,aead_open,1,0.003667,3.667,3.667,3.667
960,StadiumSHA3-6-20260809-23:07:20-359376,StadiumSHA3,6,6,6,sha3,10,,,,UavAuthNetwork.uav[0],uav,dh_derive,10,1.291134,129.1134,124.707,147.27665
961,StadiumSHA3-6-20260809-23:07:20-359376,StadiumSHA3,6,6,6,sha3,10,,,,UavAuthNetwork.uav[0],uav,dh_keygen,10,0.731884,73.1884,64.791,107.69865
962,StadiumSHA3-6-20260809-23:07:20-359376,StadiumSHA3,6,6,6,sha3,10,,,,UavAuthNetwork.uav[0],uav,extract,1,0.011211,11.211,11.211,11.211
963,StadiumSHA3-6-20260809-23:07:20-359376,StadiumSHA3,6,6,6,sha3,10,,,,UavAuthNetwork.uav[0],uav,kdf,21,0.202086,9.623143,9.828,11.672
964,StadiumSHA3-6-20260809-23:07:20-359376,StadiumSHA3,6,6,6,sha3,10,,,,UavAuthNetwork.uav[0],uav,mac,20,0.089105,4.45525,4.1425,6.1436
965,StadiumSHA3-6-20260809-23:07:20-359376,StadiumSHA3,6,6,6,sha3,10,,,,UavAuthNetwork.uav[0],uav,mac_verify,10,0.065822,6.5822,4.097,16.70245
966,StadiumSHA3-6-20260809-23:07:20-359376,StadiumSHA3,6,6,6,sha3,10,,,,UavAuthNetwork.uav[1],uav,aead_open,1,0.002735,2.735,2.735,2.735
967,StadiumSHA3-6-20260809-23:07:20-359376,StadiumSHA3,6,6,6,sha3,10,,,,UavAuthNetwork.uav[1],uav,dh_derive,10,1.321964,132.1964,123.1745,166.09575
968,StadiumSHA3-6-20260809-23:07:20-359376,StadiumSHA3,6,6,6,sha3,10,,,,UavAuthNetwork.uav[1],uav,dh_keygen,10,0.680498,68.0498,64.315,80.2676
969,StadiumSHA3-6-20260809-23:07:20-359376,StadiumSHA3,6,6,6,sha3,10,,,,UavAuthNetwork.uav[1],uav,extract,1,0.007144,7.144,7.144,7.144
970,StadiumSHA3-6-20260809-23:07:20-359376,StadiumSHA3,6,6,6,sha3,10,,,,UavAuthNetwork.uav[1],uav,kdf,21,0.207655,9.888333,9.688,11.641
971,StadiumSHA3-6-20260809-23:07:20-359376,StadiumSHA3,6,6,6,sha3,10,,,,UavAuthNetwork.uav[1],uav,mac,19,0.09159,4.820526,4.198,7.6571
972,StadiumSHA3-6-20260809-23:07:20-359376,StadiumSHA3,6,6,6,sha3,10,,,,UavAuthNetwork.uav[1],uav,mac_verify,11,0.05318,4.834545,4.178,7.8345
973,StadiumSHA3-6-20260809-23:07:20-359376,StadiumSHA3,6,6,6,sha3,10,,,,UavAuthNetwork.uav[2],uav,aead_open,1,0.002655,2.655,2.655,2.655
974,StadiumSHA3-6-20260809-23:07:20-359376,StadiumSHA3,6,6,6,sha3,10,,,,UavAuthNetwork.uav[2],uav,dh_derive,10,1.255869,125.5869,122.5885,136.98175
975,StadiumSHA3-6-20260809-23:07:20-359376,StadiumSHA3,6,6,6,sha3,10,,,,UavAuthNetwork.uav[2],uav,dh_keygen,10,0.64467,64.467,64.215,65.7071
976,StadiumSHA3-6-20260809-23:07:20-359376,StadiumSHA3,6,6,6,sha3,10,,,,UavAuthNetwork.uav[2],uav,extract,1,0.006121,6.121,6.121,6.121
977,StadiumSHA3-6-20260809-23:07:20-359376,StadiumSHA3,6,6,6,sha3,10,,,,UavAuthNetwork.uav[2],uav,kdf,21,0.202867,9.660333,9.708,11.341
978,StadiumSHA3-6-20260809-23:07:20-359376,StadiumSHA3,6,6,6,sha3,10,,,,UavAuthNetwork.uav[2],uav,mac,18,0.074287,4.127056,4.117,4.274
979,StadiumSHA3-6-20260809-23:07:20-359376,StadiumSHA3,6,6,6,sha3,10,,,,UavAuthNetwork.uav[2],uav,mac_verify,12,0.052629,4.38575,4.0175,5.90925
980,StadiumSHA3-6-20260809-23:07:20-359376,StadiumSHA3,6,6,6,sha3,10,,,,UavAuthNetwork.uav[3],uav,aead_open,1,0.002465,2.465,2.465,2.465
981,StadiumSHA3-6-20260809-23:07:20-359376,StadiumSHA3,6,6,6,sha3,10,,,,UavAuthNetwork.uav[3],uav,dh_derive,10,1.284251,128.4251,122.6635,153.75855
982,StadiumSHA3-6-20260809-23:07:20-359376,StadiumSHA3,6,6,6,sha3,10,,,,UavAuthNetwork.uav[3],uav,dh_keygen,10,0.70785,70.785,67.06,80.1756
983,StadiumSHA3-6-20260809-23:07:20-359376,StadiumSHA3,6,6,6,sha3,10,,,,UavAuthNetwork.uav[3],uav,extract,1,0.005921,5.921,5.921,5.921
984,StadiumSHA3-6-20260809-23:07:20-359376,StadiumSHA3,6,6,6,sha3,10,,,,UavAuthNetwork.uav[3],uav,kdf,21,0.211273,10.060619,9.618,16.039
985,StadiumSHA3-6-20260809-23:07:20-359376,StadiumSHA3,6,6,6,sha3,10,,,,UavAuthNetwork.uav[3],uav,mac,17,0.085678,5.039882,4.227,8.3296
986,StadiumSHA3-6-20260809-23:07:20-359376,StadiumSHA3,6,6,6,sha3,10,,,,UavAuthNetwork.uav[3],uav,mac_verify,13,0.057358,4.412154,4.077,6.0532
987,StadiumSHA3-6-20260809-23:07:20-359376,StadiumSHA3,6,6,6,sha3,10,,,,UavAuthNetwork.uav[4],uav,aead_open,1,0.003316,3.316,3.316,3.316
988,StadiumSHA3-6-20260809-23:07:20-359376,StadiumSHA3,6,6,6,sha3,10,,,,UavAuthNetwork.uav[4],uav,dh_derive,10,1.316743,131.6743,126.6005,157.333
989,StadiumSHA3-6-20260809-23:07:20-359376,StadiumSHA3,6,6,6,sha3,10,,,,UavAuthNetwork.uav[4],uav,dh_keygen,10,0.680478,68.0478,64.1995,83.79905
990,StadiumSHA3-6-20260809-23:07:20-359376,StadiumSHA3,6,6,6,sha3,10,,,,UavAuthNetwork.uav[4],uav,extract,1,0.020398,20.398,20.398,20.398
991,StadiumSHA3-6-20260809-23:07:20-359376,StadiumSHA3,6,6,6,sha3,10,,,,UavAuthNetwork.uav[4],uav,kdf,21,0.229745,10.940238,9.578,18.163
992,StadiumSHA3-6-20260809-23:07:20-359376,StadiumSHA3,6,6,6,sha3,10,,,,UavAuthNetwork.uav[4],uav,mac,16,0.07502,4.68875,4.1925,7.276
993,StadiumSHA3-6-20260809-23:07:20-359376,StadiumSHA3,6,6,6,sha3,10,,,,UavAuthNetwork.uav[4],uav,mac_verify,14,0.06087,4.347857,4.137,5.55675
994,StadiumSHA3-6-20260809-23:07:20-359376,StadiumSHA3,6,6,6,sha3,10,,,,UavAuthNetwork.uav[5],uav,aead_open,1,0.002434,2.434,2.434,2.434
995,StadiumSHA3-6-20260809-23:07:20-359376,StadiumSHA3,6,6,6,sha3,10,,,,UavAuthNetwork.uav[5],uav,dh_derive,10,1.253624,125.3624,122.894,134.53485
996,StadiumSHA3-6-20260809-23:07:20-359376,StadiumSHA3,6,6,6,sha3,10,,,,UavAuthNetwork.uav[5],uav,dh_keygen,10,0.671018,67.1018,64.54,77.11535
997,StadiumSHA3-6-20260809-23:07:20-359376,StadiumSHA3,6,6,6,sha3,10,,,,UavAuthNetwork.uav[5],uav,extract,1,0.005992,5.992,5.992,5.992
998,StadiumSHA3-6-20260809-23:07:20-359376,StadiumSHA3,6,6,6,sha3,10,,,,UavAuthNetwork.uav[5],uav,kdf,21,0.205494,9.785429,9.548,11.02
999,StadiumSHA3-6-20260809-23:07:20-359376,StadiumSHA3,6,6,6,sha3,10,,,,UavAuthNetwork.uav[5],uav,mac,15,0.064569,4.3046,4.178,5.199
1000,StadiumSHA3-6-20260809-23:07:20-359376,StadiumSHA3,6,6,6,sha3,10,,,,UavAuthNetwork.uav[5],uav,mac_verify,15,0.062726,4.181733,4.098,4.8849
1001,StadiumSHA3-6-20260809-23:07:20-359376,StadiumSHA3,6,6,6,sha3,10,,,,UavAuthNetwork.uav[6],uav,aead_open,1,0.004779,4.779,4.779,4.779
1002,StadiumSHA3-6-20260809-23:07:20-359376,StadiumSHA3,6,6,6,sha3,10,,,,UavAuthNetwork.uav[6],uav,dh_derive,10,1.265106,126.5106,122.588,143.79935
1003,StadiumSHA3-6-20260809-23:07:20-359376,StadiumSHA3,6,6,6,sha3,10,,,,UavAuthNetwork.uav[6],uav,dh_keygen,10,0.652075,65.2075,64.2445,69.5143
1004,StadiumSHA3-6-20260809-23:07:20-359376,StadiumSHA3,6,6,6,sha3,10,,,,UavAuthNetwork.uav[6],uav,extract,1,0.005961,5.961,5.961,5.961
1005,StadiumSHA3-6-20260809-23:07:20-359376,StadiumSHA3,6,6,6,sha3,10,,,,UavAuthNetwork.uav[6],uav,kdf,21,0.211292,10.061524,9.548,13.175
1006,StadiumSHA3-6-20260809-23:07:20-359376,StadiumSHA3,6,6,6,sha3,10,,,,UavAuthNetwork.uav[6],uav,mac,14,0.05864,4.188571,4.1525,4.4175
1007,StadiumSHA3-6-20260809-23:07:20-359376,StadiumSHA3,6,6,6,sha3,10,,,,UavAuthNetwork.uav[6],uav,mac_verify,16,0.065022,4.063875,4.033,4.373
1008,StadiumSHA3-6-20260809-23:07:20-359376,StadiumSHA3,6,6,6,sha3,10,,,,UavAuthNetwork.uav[7],uav,aead_open,1,0.002766,2.766,2.766,2.766
1009,StadiumSHA3-6-20260809-23:07:20-359376,StadiumSHA3,6,6,6,sha3,10,,,,UavAuthNetwork.uav[7],uav,dh_derive,10,1.237064,123.7064,122.594,128.94175
1010,StadiumSHA3-6-20260809-23:07:20-359376,StadiumSHA3,6,6,6,sha3,10,,,,UavAuthNetwork.uav[7],uav,dh_keygen,10,0.656765,65.6765,64.345,71.09005
1011,StadiumSHA3-6-20260809-23:07:20-359376,StadiumSHA3,6,6,6,sha3,10,,,,UavAuthNetwork.uav[7],uav,extract,1,0.008526,8.526,8.526,8.526
1012,StadiumSHA3-6-20260809-23:07:20-359376,StadiumSHA3,6,6,6,sha3,10,,,,UavAuthNetwork.uav[7],uav,kdf,21,0.19867,9.460476,9.527,10.84
1013,StadiumSHA3-6-20260809-23:07:20-359376,StadiumSHA3,6,6,6,sha3,10,,,,UavAuthNetwork.uav[7],uav,mac,13,0.057045,4.388077,4.138,5.594
1014,StadiumSHA3-6-20260809-23:07:20-359376,StadiumSHA3,6,6,6,sha3,10,,,,UavAuthNetwork.uav[7],uav,mac_verify,17,0.07064,4.155294,4.168,4.7004
1015,StadiumSHA3-6-20260809-23:07:20-359376,StadiumSHA3,6,6,6,sha3,10,,,,UavAuthNetwork.uav[8],uav,aead_open,1,0.002745,2.745,2.745,2.745
1016,StadiumSHA3-6-20260809-23:07:20-359376,StadiumSHA3,6,6,6,sha3,10,,,,UavAuthNetwork.uav[8],uav,dh_derive,10,1.230503,123.0503,122.4835,125.5615
1017,StadiumSHA3-6-20260809-23:07:20-359376,StadiumSHA3,6,6,6,sha3,10,,,,UavAuthNetwork.uav[8],uav,dh_keygen,10,0.675016,67.5016,64.395,77.69925
1018,StadiumSHA3-6-20260809-23:07:20-359376,StadiumSHA3,6,6,6,sha3,10,,,,UavAuthNetwork.uav[8],uav,extract,1,0.00557,5.57,5.57,5.57
1019,StadiumSHA3-6-20260809-23:07:20-359376,StadiumSHA3,6,6,6,sha3,10,,,,UavAuthNetwork.uav[8],uav,kdf,21,0.229377,10.922714,9.497,16.942
1020,StadiumSHA3-6-20260809-23:07:20-359376,StadiumSHA3,6,6,6,sha3,10,,,,UavAuthNetwork.uav[8],uav,mac,12,0.054901,4.575083,4.233,6.33515
1021,StadiumSHA3-6-20260809-23:07:20-359376,StadiumSHA3,6,6,6,sha3,10,,,,UavAuthNetwork.uav[8],uav,mac_verify,18,0.073487,4.082611,4.193,4.50165
1022,StadiumSHA3-6-20260809-23:07:20-359376,StadiumSHA3,6,6,6,sha3,10,,,,UavAuthNetwork.uav[9],uav,aead_open,1,0.002705,2.705,2.705,2.705
1023,StadiumSHA3-6-20260809-23:07:20-359376,StadiumSHA3,6,6,6,sha3,10,,,,UavAuthNetwork.uav[9],uav,dh_derive,10,1.253588,125.3588,123.32,131.23105
1024,StadiumSHA3-6-20260809-23:07:20-359376,StadiumSHA3,6,6,6,sha3,10,,,,UavAuthNetwork.uav[9],uav,dh_keygen,10,0.691099,69.1099,64.4505,83.47845
1025,StadiumSHA3-6-20260809-23:07:20-359376,StadiumSHA3,6,6,6,sha3,10,,,,UavAuthNetwork.uav[9],uav,extract,1,0.008055,8.055,8.055,8.055
1026,StadiumSHA3-6-20260809-23:07:20-359376,StadiumSHA3,6,6,6,sha3,10,,,,UavAuthNetwork.uav[9],uav,kdf,21,0.193658,9.22181,9.517,9.848
1027,StadiumSHA3-6-20260809-23:07:20-359376,StadiumSHA3,6,6,6,sha3,10,,,,UavAuthNetwork.uav[9],uav,mac,11,0.046468,4.224364,4.148,4.624
1028,StadiumSHA3-6-20260809-23:07:20-359376,StadiumSHA3,6,6,6,sha3,10,,,,UavAuthNetwork.uav[9],uav,mac_verify,19,0.077505,4.079211,4.268,4.4939
1029,StadiumSHA3-7-20260809-23:07:20-359376,StadiumSHA3,7,7,7,sha3,10,,,,UavAuthNetwork.groundStation,groundStation,aead_seal,10,0.056396,5.6396,4.5985,11.0469
1030,StadiumSHA3-7-20260809-23:07:20-359376,StadiumSHA3,7,7,7,sha3,10,,,,UavAuthNetwork.groundStation,groundStation,dh_derive,10,1.238997,123.8997,122.7185,128.74415
1031,StadiumSHA3-7-20260809-23:07:20-359376,StadiumSHA3,7,7,7,sha3,10,,,,UavAuthNetwork.groundStation,groundStation,dh_keygen,10,0.66551,66.551,64.7055,74.9656
1032,StadiumSHA3-7-20260809-23:07:20-359376,StadiumSHA3,7,7,7,sha3,10,,,,UavAuthNetwork.groundStation,groundStation,extract,10,0.048239,4.8239,4.7535,5.11455
1033,StadiumSHA3-7-20260809-23:07:20-359376,StadiumSHA3,7,7,7,sha3,10,,,,UavAuthNetwork.groundStation,groundStation,kdf,180,1.552252,8.623622,8.245,9.843
1034,StadiumSHA3-7-20260809-23:07:20-359376,StadiumSHA3,7,7,7,sha3,10,,,,UavAuthNetwork.groundStation,groundStation,mac,10,0.049022,4.9022,4.859,5.2365
1035,StadiumSHA3-7-20260809-23:07:20-359376,StadiumSHA3,7,7,7,sha3,10,,,,UavAuthNetwork.groundStation,groundStation,mac_verify,20,0.087984,4.3992,4.4585,4.7342
1036,StadiumSHA3-7-20260809-23:07:20-359376,StadiumSHA3,7,7,7,sha3,10,,,,UavAuthNetwork.uav[0],uav,aead_open,1,0.004118,4.118,4.118,4.118
1037,StadiumSHA3-7-20260809-23:07:20-359376,StadiumSHA3,7,7,7,sha3,10,,,,UavAuthNetwork.uav[0],uav,dh_derive,10,1.30328,130.328,124.2615,147.6031
1038,StadiumSHA3-7-20260809-23:07:20-359376,StadiumSHA3,7,7,7,sha3,10,,,,UavAuthNetwork.uav[0],uav,dh_keygen,10,0.673062,67.3062,64.299,79.985
1039,StadiumSHA3-7-20260809-23:07:20-359376,StadiumSHA3,7,7,7,sha3,10,,,,UavAuthNetwork.uav[0],uav,extract,1,0.006472,6.472,6.472,6.472
1040,StadiumSHA3-7-20260809-23:07:20-359376,StadiumSHA3,7,7,7,sha3,10,,,,UavAuthNetwork.uav[0],uav,kdf,21,0.210374,10.01781,9.618,10.63
1041,StadiumSHA3-7-20260809-23:07:20-359376,StadiumSHA3,7,7,7,sha3,10,,,,UavAuthNetwork.uav[0],uav,mac,20,0.087515,4.37575,4.123,5.09475
1042,StadiumSHA3-7-20260809-23:07:20-359376,StadiumSHA3,7,7,7,sha3,10,,,,UavAuthNetwork.uav[0],uav,mac_verify,10,0.044235,4.4235,4.078,6.04375
1043,StadiumSHA3-7-20260809-23:07:20-359376,StadiumSHA3,7,7,7,sha3,10,,,,UavAuthNetwork.uav[1],uav,aead_open,1,0.002545,2.545,2.545,2.545
1044,StadiumSHA3-7-20260809-23:07:20-359376,StadiumSHA3,7,7,7,sha3,10,,,,UavAuthNetwork.uav[1],uav,dh_derive,10,1.27189,127.189,123.9355,136.9156
1045,StadiumSHA3-7-20260809-23:07:20-359376,StadiumSHA3,7,7,7,sha3,10,,,,UavAuthNetwork.uav[1],uav,dh_keygen,10,0.673053,67.3053,65.4515,77.3156
1046,StadiumSHA3-7-20260809-23:07:20-359376,StadiumSHA3,7,7,7,sha3,10,,,,UavAuthNetwork.uav[1],uav,extract,1,0.005931,5.931,5.931,5.931
1047,StadiumSHA3-7-20260809-23:07:20-359376,StadiumSHA3,7,7,7,sha3,10,,,,UavAuthNetwork.uav[1],uav,kdf,21,0.203909,9.709952,9.858,11.291
1048,StadiumSHA3-7-20260809-23:07:20-359376,StadiumSHA3,7,7,7,sha3,10,,,,UavAuthNetwork.uav[1],uav,mac,19,0.097025,5.106579,4.148,9.3194
1049,StadiumSHA3-7-20260809-23:07:20-359376,StadiumSHA3,7,7,7,sha3,10,,,,UavAuthNetwork.uav[1],uav,mac_verify,11,0.049393,4.490273,4.078,6.507
1050,StadiumSHA3-7-20260809-23:07:20-359376,StadiumSHA3,7,7,7,sha3,10,,,,UavAuthNetwork.uav[2],uav,aead_open,1,0.002725,2.725,2.725,2.725
1051,StadiumSHA3-7-20260809-23:07:20-359376,StadiumSHA3,7,7,7,sha3,10,,,,UavAuthNetwork.uav[2],uav,dh_derive,10,1.26808,126.808,122.6535,137.4776
1052,StadiumSHA3-7-20260809-23:07:20-359376,StadiumSHA3,7,7,7,sha3,10,,,,UavAuthNetwork.uav[2],uav,dh_keygen,10,0.658444,65.8444,64.224,72.73865
1053,StadiumSHA3-7-20260809-23:07:20-359376,StadiumSHA3,7,7,7,sha3,10,,,,UavAuthNetwork.uav[2],uav,extract,1,0.007444,7.444,7.444,7.444
1054,StadiumSHA3-7-20260809-23:07:20-359376,StadiumSHA3,7,7,7,sha3,10,,,,UavAuthNetwork.uav[2],uav,kdf,21,0.199022,9.477238,9.518,10.83
1055,StadiumSHA3-7-20260809-23:07:20-359376,StadiumSHA3,7,7,7,sha3,10,,,,UavAuthNetwork.uav[2],uav,mac,18,0.075903,4.216833,4.178,4.41615
1056,StadiumSHA3-7-20260809-23:07:20-359376,StadiumSHA3,7,7,7,sha3,10,,,,UavAuthNetwork.uav[2],uav,mac_verify,12,0.049161,4.09675,4.0925,4.43395
1057,StadiumSHA3-7-20260809-23:07:20-359376,StadiumSHA3,7,7,7,sha3,10,,,,UavAuthNetwork.uav[3],uav,aead_open,1,0.002935,2.935,2.935,2.935
1058,StadiumSHA3-7-20260809-23:07:20-359376,StadiumSHA3,7,7,7,sha3,10,,,,UavAuthNetwork.uav[3],uav,dh_derive,10,1.271338,127.1338,124.251,138.8806
1059,StadiumSHA3-7-20260809-23:07:20-359376,StadiumSHA3,7,7,7,sha3,10,,,,UavAuthNetwork.uav[3],uav,dh_keygen,10,0.705947,70.5947,64.445,89.1573
1060,StadiumSHA3-7-20260809-23:07:20-359376,StadiumSHA3,7,7,7,sha3,10,,,,UavAuthNetwork.uav[3],uav,extract,1,0.009959,9.959,9.959,9.959
1061,StadiumSHA3-7-20260809-23:07:20-359376,StadiumSHA3,7,7,7,sha3,10,,,,UavAuthNetwork.uav[3],uav,kdf,21,0.231957,11.045571,9.748,19.196
1062,StadiumSHA3-7-20260809-23:07:20-359376,StadiumSHA3,7,7,7,sha3,10,,,,UavAuthNetwork.uav[3],uav,mac,17,0.072642,4.273059,4.147,4.849
1063,StadiumSHA3-7-20260809-23:07:20-359376,StadiumSHA3,7,7,7,sha3,10,,,,UavAuthNetwork.uav[3],uav,mac_verify,13,0.067085,5.160385,4.158,9.7642
1064,StadiumSHA3-7-20260809-23:07:20-359376,StadiumSHA3,7,7,7,sha3,10,,,,UavAuthNetwork.uav[4],uav,aead_open,1,0.002695,2.695,2.695,2.695
1065,StadiumSHA3-7-20260809-23:07:20-359376,StadiumSHA3,7,7,7,sha3,10,,,,UavAuthNetwork.uav[4],uav,dh_derive,10,1.246251,124.6251,122.654,131.787
1066,StadiumSHA3-7-20260809-23:07:20-359376,StadiumSHA3,7,7,7,sha3,10,,,,UavAuthNetwork.uav[4],uav,dh_keygen,10,0.666981,66.6981,64.38,73.9636
1067,StadiumSHA3-7-20260809-23:07:20-359376,StadiumSHA3,7,7,7,sha3,10,,,,UavAuthNetwork.uav[4],uav,extract,1,0.008035,8.035,8.035,8.035
1068,StadiumSHA3-7-20260809-23:07:20-359376,StadiumSHA3,7,7,7,sha3,10,,,,UavAuthNetwork.uav[4],uav,kdf,21,0.199531,9.501476,9.487,11.0
1069,StadiumSHA3-7-20260809-23:07:20-359376,StadiumSHA3,7,7,7,sha3,10,,,,UavAuthNetwork.uav[4],uav,mac,16,0.070503,4.406438,4.1275,5.781
1070,StadiumSHA3-7-20260809-23:07:20-359376,StadiumSHA3,7,7,7,sha3,10,,,,UavAuthNetwork.uav[4],uav,mac_verify,14,0.057137,4.081214,4.053,4.403
1071,StadiumSHA3-7-20260809-23:07:20-359376,StadiumSHA3,7,7,7,sha3,10,,,,UavAuthNetwork.uav[5],uav,aead_open,1,0.002565,2.565,2.565,2.565
1072,StadiumSHA3-7-20260809-23:07:20-359376,StadiumSHA3,7,7,7,sha3,10,,,,UavAuthNetwork.uav[5],uav,dh_derive,10,1.229882,122.9882,122.5685,125.0685
1073,StadiumSHA3-7-20260809-23:07:20-359376,StadiumSHA3,7,7,7,sha3,10,,,,UavAuthNetwork.uav[5],uav,dh_keygen,10,0.6722,67.22,64.189,80.0492
1074,StadiumSHA3-7-20260809-23:07:20-359376,StadiumSHA3,7,7,7,sha3,10,,,,UavAuthNetwork.uav[5],uav,extract,1,0.005981,5.981,5.981,5.981
1075,StadiumSHA3-7-20260809-23:07:20-359376,StadiumSHA3,7,7,7,sha3,10,,,,UavAuthNetwork.uav[5],uav,kdf,21,0.198491,9.451952,9.518,10.579
1076,StadiumSHA3-7-20260809-23:07:20-359376,StadiumSHA3,7,7,7,sha3,10,,,,UavAuthNetwork.uav[5],uav,mac,15,0.064921,4.328067,4.138,5.1012
1077,StadiumSHA3-7-20260809-23:07:20-359376,StadiumSHA3,7,7,7,sha3,10,,,,UavAuthNetwork.uav[5],uav,mac_verify,15,0.06367,4.244667,4.158,5.0899
1078,StadiumSHA3-7-20260809-23:07:20-359376,StadiumSHA3,7,7,7,sha3,10,,,,UavAuthNetwork.uav[6],uav,aead_open,1,0.002414,2.414,2.414,2.414
1079,StadiumSHA3-7-20260809-23:07:20-359376,StadiumSHA3,7,7,7,sha3,10,,,,UavAuthNetwork.uav[6],uav,dh_derive,10,1.268162,126.8162,126.906,132.6815
1080,StadiumSHA3-7-20260809-23:07:20-359376,StadiumSHA3,7,7,7,sha3,10,,,,UavAuthNetwork.uav[6],uav,dh_keygen,10,0.647229,64.7229,64.23,66.31905
1081,StadiumSHA3-7-20260809-23:07:20-359376,StadiumSHA3,7,7,7,sha3,10,,,,UavAuthNetwork.uav[6],uav,extract,1,0.00554,5.54,5.54,5.54
1082,StadiumSHA3-7-20260809-23:07:20-359376,StadiumSHA3,7,7,7,sha3,10,,,,UavAuthNetwork.uav[6],uav,kdf,21,0.206233,9.820619,9.517,10.851
1083,StadiumSHA3-7-20260809-23:07:20-359376,StadiumSHA3,7,7,7,sha3,10,,,,UavAuthNetwork.uav[6],uav,mac,14,0.059051,4.217929,4.198,4.48885
1084,StadiumSHA3-7-20260809-23:07:20-359376,StadiumSHA3,7,7,7,sha3,10,,,,UavAuthNetwork.uav[6],uav,mac_verify,16,0.065711,4.106937,4.2325,4.503
1085,StadiumSHA3-7-20260809-23:07:20-359376,StadiumSHA3,7,7,7,sha3,10,,,,UavAuthNetwork.uav[7],uav,aead_open,1,0.002424,2.424,2.424,2.424
1086,StadiumSHA3-7-20260809-23:07:20-359376,StadiumSHA3,7,7,7,sha3,10,,,,UavAuthNetwork.uav[7],uav,dh_derive,10,1.247634,124.7634,122.4125,134.0967
1087,StadiumSHA3-7-20260809-23:07:20-359376,StadiumSHA3,7,7,7,sha3,10,,,,UavAuthNetwork.uav[7],uav,dh_keygen,10,0.645711,64.5711,64.1945,66.16055
1088,StadiumSHA3-7-20260809-23:07:20-359376,StadiumSHA3,7,7,7,sha3,10,,,,UavAuthNetwork.uav[7],uav,extract,1,0.00569,5.69,5.69,5.69
1089,StadiumSHA3-7-20260809-23:07:20-359376,StadiumSHA3,7,7,7,sha3,10,,,,UavAuthNetwork.uav[7],uav,kdf,21,0.198332,9.444381,9.448,10.47
1090,StadiumSHA3-7-20260809-23:07:20-359376,StadiumSHA3,7,7,7,sha3,10,,,,UavAuthNetwork.uav[7],uav,mac,13,0.054583,4.198692,4.137,4.6324
1091,StadiumSHA3-7-20260809-23:07:20-359376,StadiumSHA3,7,7,7,sha3,10,,,,UavAuthNetwork.uav[7],uav,mac_verify,17,0.069649,4.097,4.248,4.5862
1092,StadiumSHA3-7-20260809-23:07:20-359376,StadiumSHA3,7,7,7,sha3,10,,,,UavAuthNetwork.uav[8],uav,aead_open,1,0.002304,2.304,2.304,2.304
1093,StadiumSHA3-7-20260809-23:07:20-359376,StadiumSHA3,7,7,7,sha3,10,,,,UavAuthNetwork.uav[8],uav,dh_derive,10,1.240783,124.0783,122.5235,130.60235
1094,StadiumSHA3-7-20260809-23:07:20-359376,StadiumSHA3,7,7,7,sha3,10,,,,UavAuthNetwork.uav[8],uav,dh_keygen,10,0.68673,68.673,64.756,80.9991
1095,StadiumSHA3-7-20260809-23:07:20-359376,StadiumSHA3,7,7,7,sha3,10,,,,UavAuthNetwork.uav[8],uav,extract,1,0.005811,5.811,5.811,5.811
1096,StadiumSHA3-7-20260809-23:07:20-359376,StadiumSHA3,7,7,7,sha3,10,,,,UavAuthNetwork.uav[8],uav,kdf,21,0.194397,9.257,9.478,10.199
1097,StadiumSHA3-7-20260809-23:07:20-359376,StadiumSHA3,7,7,7,sha3,10,,,,UavAuthNetwork.uav[8],uav,mac,12,0.061055,5.087917,4.203,8.82525
1098,StadiumSHA3-7-20260809-23:07:20-359376,StadiumSHA3,7,7,7,sha3,10,,,,UavAuthNetwork.uav[8],uav,mac_verify,18,0.074691,4.1495,4.173,4.81715
1099,StadiumSHA3-7-20260809-23:07:20-359376,StadiumSHA3,7,7,7,sha3,10,,,,UavAuthNetwork.uav[9],uav,aead_open,1,0.003036,3.036,3.036,3.036
1100,StadiumSHA3-7-20260809-23:07:20-359376,StadiumSHA3,7,7,7,sha3,10,,,,UavAuthNetwork.uav[9],uav,dh_derive,10,1.236776,123.6776,122.3075,129.1431
1101,StadiumSHA3-7-20260809-23:07:20-359376,StadiumSHA3,7,7,7,sha3,10,,,,UavAuthNetwork.uav[9],uav,dh_keygen,10,0.677723,67.7723,64.6255,79.56705
1102,StadiumSHA3-7-20260809-23:07:20-359376,StadiumSHA3,7,7,7,sha3,10,,,,UavAuthNetwork.uav[9],uav,extract,1,0.010369,10.369,10.369,10.369
1103,StadiumSHA3-7-20260809-23:07:20-359376,StadiumSHA3,7,7,7,sha3,10,,,,UavAuthNetwork.uav[9],uav,kdf,21,0.202017,9.619857,9.578,10.78
1104,StadiumSHA3-7-20260809-23:07:20-359376,StadiumSHA3,7,7,7,sha3,10,,,,UavAuthNetwork.uav[9],uav,mac,11,0.04815,4.377273,4.098,5.6405
1105,StadiumSHA3-7-20260809-23:07:20-359376,StadiumSHA3,7,7,7,sha3,10,,,,UavAuthNetwork.uav[9],uav,mac_verify,19,0.08034,4.228421,4.268,4.8431
1106,StadiumSPONGENT-0-20260809-23:07:20-359377,StadiumSPONGENT,0,0,0,spongent,10,,,,UavAuthNetwork.groundStation,groundStation,aead_seal,10,0.028885,2.8885,2.7855,3.35455
1107,StadiumSPONGENT-0-20260809-23:07:20-359377,StadiumSPONGENT,0,0,0,spongent,10,,,,UavAuthNetwork.groundStation,groundStation,dh_derive,10,1.326434,132.6434,123.6765,165.7379
1108,StadiumSPONGENT-0-20260809-23:07:20-359377,StadiumSPONGENT,0,0,0,spongent,10,,,,UavAuthNetwork.groundStation,groundStation,dh_keygen,10,0.692936,69.2936,65.683,82.13015
1109,StadiumSPONGENT-0-20260809-23:07:20-359377,StadiumSPONGENT,0,0,0,spongent,10,,,,UavAuthNetwork.groundStation,groundStation,extract,10,5.664816,566.4816,557.3905,609.4544
1110,StadiumSPONGENT-0-20260809-23:07:20-359377,StadiumSPONGENT,0,0,0,spongent,10,,,,UavAuthNetwork.groundStation,groundStation,kdf,180,50.945768,283.032044,240.991,857.6838
1111,StadiumSPONGENT-0-20260809-23:07:20-359377,StadiumSPONGENT,0,0,0,spongent,10,,,,UavAuthNetwork.groundStation,groundStation,mac,10,4.870726,487.0726,470.4355,564.123
1112,StadiumSPONGENT-0-20260809-23:07:20-359377,StadiumSPONGENT,0,0,0,spongent,10,,,,UavAuthNetwork.groundStation,groundStation,mac_verify,20,11.286881,564.34405,577.8515,940.0047
1113,StadiumSPONGENT-0-20260809-23:07:20-359377,StadiumSPONGENT,0,0,0,spongent,10,,,,UavAuthNetwork.uav[0],uav,aead_open,1,0.002955,2.955,2.955,2.955
1114,StadiumSPONGENT-0-20260809-23:07:20-359377,StadiumSPONGENT,0,0,0,spongent,10,,,,UavAuthNetwork.uav[0],uav,dh_derive,10,1.380243,138.0243,126.667,189.40185
1115,StadiumSPONGENT-0-20260809-23:07:20-359377,StadiumSPONGENT,0,0,0,spongent,10,,,,UavAuthNetwork.uav[0],uav,dh_keygen,10,0.997087,99.7087,64.8865,256.86805
1116,StadiumSPONGENT-0-20260809-23:07:20-359377,StadiumSPONGENT,0,0,0,spongent,10,,,,UavAuthNetwork.uav[0],uav,extract,1,0.553836,553.836,553.836,553.836
1117,StadiumSPONGENT-0-20260809-23:07:20-359377,StadiumSPONGENT,0,0,0,spongent,10,,,,UavAuthNetwork.uav[0],uav,kdf,21,10.930787,520.513667,258.434,814.033
1118,StadiumSPONGENT-0-20260809-23:07:20-359377,StadiumSPONGENT,0,0,0,spongent,10,,,,UavAuthNetwork.uav[0],uav,mac,20,9.936836,496.8418,531.75,658.5994
1119,StadiumSPONGENT-0-20260809-23:07:20-359377,StadiumSPONGENT,0,0,0,spongent,10,,,,UavAuthNetwork.uav[0],uav,mac_verify,10,4.432545,443.2545,432.0185,496.2394
1120,StadiumSPONGENT-0-20260809-23:07:20-359377,StadiumSPONGENT,0,0,0,spongent,10,,,,UavAuthNetwork.uav[1],uav,aead_open,1,0.002495,2.495,2.495,2.495
1121,StadiumSPONGENT-0-20260809-23:07:20-359377,StadiumSPONGENT,0,0,0,spongent,10,,,,UavAuthNetwork.uav[1],uav,dh_derive,10,1.258026,125.8026,123.857,131.59605
1122,StadiumSPONGENT-0-20260809-23:07:20-359377,StadiumSPONGENT,0,0,0,spongent,10,,,,UavAuthNetwork.uav[1],uav,dh_keygen,10,0.669952,66.9952,64.9565,73.4345
1123,StadiumSPONGENT-0-20260809-23:07:20-359377,StadiumSPONGENT,0,0,0,spongent,10,,,,UavAuthNetwork.uav[1],uav,extract,1,0.560379,560.379,560.379,560.379
1124,StadiumSPONGENT-0-20260809-23:07:20-359377,StadiumSPONGENT,0,0,0,spongent,10,,,,UavAuthNetwork.uav[1],uav,kdf,21,10.723009,510.619476,242.914,852.957
1125,StadiumSPONGENT-0-20260809-23:07:20-359377,StadiumSPONGENT,0,0,0,spongent,10,,,,UavAuthNetwork.uav[1],uav,mac,19,9.043879,475.993632,418.003,666.8738
1126,StadiumSPONGENT-0-20260809-23:07:20-359377,StadiumSPONGENT,0,0,0,spongent,10,,,,UavAuthNetwork.uav[1],uav,mac_verify,11,4.861519,441.956273,433.672,543.848
1127,StadiumSPONGENT-0-20260809-23:07:20-359377,StadiumSPONGENT,0,0,0,spongent,10,,,,UavAuthNetwork.uav[2],uav,aead_open,1,0.002785,2.785,2.785,2.785
1128,StadiumSPONGENT-0-20260809-23:07:20-359377,StadiumSPONGENT,0,0,0,spongent,10,,,,UavAuthNetwork.uav[2],uav,dh_derive,10,1.316914,131.6914,131.15,145.7736
1129,StadiumSPONGENT-0-20260809-23:07:20-359377,StadiumSPONGENT,0,0,0,spongent,10,,,,UavAuthNetwork.uav[2],uav,dh_keygen,10,0.672757,67.2757,65.1415,75.193
1130,StadiumSPONGENT-0-20260809-23:07:20-359377,StadiumSPONGENT,0,0,0,spongent,10,,,,UavAuthNetwork.uav[2],uav,extract,1,0.559577,559.577,559.577,559.577
1131,StadiumSPONGENT-0-20260809-23:07:20-359377,StadiumSPONGENT,0,0,0,spongent,10,,,,UavAuthNetwork.uav[2],uav,kdf,21,10.929263,520.441095,240.61,812.12
1132,StadiumSPONGENT-0-20260809-23:07:20-359377,StadiumSPONGENT,0,0,0,spongent,10,,,,UavAuthNetwork.uav[2],uav,mac,18,8.915267,495.292611,421.519,775.75595
1133,StadiumSPONGENT-0-20260809-23:07:20-359377,StadiumSPONGENT,0,0,0,spongent,10,,,,UavAuthNetwork.uav[2],uav,mac_verify,12,5.656796,471.399667,436.647,650.57955
1134,StadiumSPONGENT-0-20260809-23:07:20-359377,StadiumSPONGENT,0,0,0,spongent,10,,,,UavAuthNetwork.uav[3],uav,aead_open,1,0.002405,2.405,2.405,2.405
1135,StadiumSPONGENT-0-20260809-23:07:20-359377,StadiumSPONGENT,0,0,0,spongent,10,,,,UavAuthNetwork.uav[3],uav,dh_derive,10,1.316914,131.6914,125.7455,156.0325
1136,StadiumSPONGENT-0-20260809-23:07:20-359377,StadiumSPONGENT,0,0,0,spongent,10,,,,UavAuthNetwork.uav[3],uav,dh_keygen,10,0.661296,66.1296,64.997,71.32045
1137,StadiumSPONGENT-0-20260809-23:07:20-359377,StadiumSPONGENT,0,0,0,spongent,10,,,,UavAuthNetwork.uav[3],uav,extract,1,0.551091,551.091,551.091,551.091
1138,StadiumSPONGENT-0-20260809-23:07:20-359377,StadiumSPONGENT,0,0,0,spongent,10,,,,UavAuthNetwork.uav[3],uav,kdf,21,10.831079,515.765667,259.686,851.063
1139,StadiumSPONGENT-0-20260809-23:07:20-359377,StadiumSPONGENT,0,0,0,spongent,10,,,,UavAuthNetwork.uav[3],uav,mac,17,8.256508,485.676941,430.626,749.0182
1140,StadiumSPONGENT-0-20260809-23:07:20-359377,StadiumSPONGENT,0,0,0,spongent,10,,,,UavAuthNetwork.uav[3],uav,mac_verify,13,5.97325,459.480769,432.189,635.0968
1141,StadiumSPONGENT-0-20260809-23:07:20-359377,StadiumSPONGENT,0,0,0,spongent,10,,,,UavAuthNetwork.uav[4],uav,aead_open,1,0.002505,2.505,2.505,2.505
1142,StadiumSPONGENT-0-20260809-23:07:20-359377,StadiumSPONGENT,0,0,0,spongent,10,,,,UavAuthNetwork.uav[4],uav,dh_derive,10,1.265408,126.5408,124.974,133.89095
1143,StadiumSPONGENT-0-20260809-23:07:20-359377,StadiumSPONGENT,0,0,0,spongent,10,,,,UavAuthNetwork.uav[4],uav,dh_keygen,10,0.673875,67.3875,65.3325,73.38805
1144,StadiumSPONGENT-0-20260809-23:07:20-359377,StadiumSPONGENT,0,0,0,spongent,10,,,,UavAuthNetwork.uav[4],uav,extract,1,0.560659,560.659,560.659,560.659
1145,StadiumSPONGENT-0-20260809-23:07:20-359377,StadiumSPONGENT,0,0,0,spongent,10,,,,UavAuthNetwork.uav[4],uav,kdf,21,10.858084,517.051619,241.081,855.722
1146,StadiumSPONGENT-0-20260809-23:07:20-359377,StadiumSPONGENT,0,0,0,spongent,10,,,,UavAuthNetwork.uav[4],uav,mac,16,7.505294,469.080875,428.7975,659.96275
1147,StadiumSPONGENT-0-20260809-23:07:20-359377,StadiumSPONGENT,0,0,0,spongent,10,,,,UavAuthNetwork.uav[4],uav,mac_verify,14,6.442727,460.194786,434.759,640.1084
1148,StadiumSPONGENT-0-20260809-23:07:20-359377,StadiumSPONGENT,0,0,0,spongent,10,,,,UavAuthNetwork.uav[5],uav,aead_open,1,0.002414,2.414,2.414,2.414
1149,StadiumSPONGENT-0-20260809-23:07:20-359377,StadiumSPONGENT,0,0,0,spongent,10,,,,UavAuthNetwork.uav[5],uav,dh_derive,10,1.315915,131.5915,126.006,155.9104
1150,StadiumSPONGENT-0-20260809-23:07:20-359377,StadiumSPONGENT,0,0,0,spongent,10,,,,UavAuthNetwork.uav[5],uav,dh_keygen,10,0.659383,65.9383,65.0515,70.05155
1151,StadiumSPONGENT-0-20260809-23:07:20-359377,StadiumSPONGENT,0,0,0,spongent,10,,,,UavAuthNetwork.uav[5],uav,extract,1,0.570668,570.668,570.668,570.668
1152,StadiumSPONGENT-0-20260809-23:07:20-359377,StadiumSPONGENT,0,0,0,spongent,10,,,,UavAuthNetwork.uav[5],uav,kdf,21,10.888418,518.496095,242.033,857.495
1153,StadiumSPONGENT-0-20260809-23:07:20-359377,StadiumSPONGENT,0,0,0,spongent,10,,,,UavAuthNetwork.uav[5],uav,mac,15,7.004841,466.9894,425.497,694.208
1154,StadiumSPONGENT-0-20260809-23:07:20-359377,StadiumSPONGENT,0,0,0,spongent,10,,,,UavAuthNetwork.uav[5],uav,mac_verify,15,6.985541,465.702733,432.449,651.7023
1155,StadiumSPONGENT-0-20260809-23:07:20-359377,StadiumSPONGENT,0,0,0,spongent,10,,,,UavAuthNetwork.uav[6],uav,aead_open,1,0.003586,3.586,3.586,3.586
1156,StadiumSPONGENT-0-20260809-23:07:20-359377,StadiumSPONGENT,0,0,0,spongent,10,,,,UavAuthNetwork.uav[6],uav,dh_derive,10,1.242984,124.2984,123.491,128.095
1157,StadiumSPONGENT-0-20260809-23:07:20-359377,StadiumSPONGENT,0,0,0,spongent,10,,,,UavAuthNetwork.uav[6],uav,dh_keygen,10,0.662792,66.2792,64.952,71.07315
1158,StadiumSPONGENT-0-20260809-23:07:20-359377,StadiumSPONGENT,0,0,0,spongent,10,,,,UavAuthNetwork.uav[6],uav,extract,1,0.557774,557.774,557.774,557.774
1159,StadiumSPONGENT-0-20260809-23:07:20-359377,StadiumSPONGENT,0,0,0,spongent,10,,,,UavAuthNetwork.uav[6],uav,kdf,21,10.696951,509.378619,253.895,813.904
1160,StadiumSPONGENT-0-20260809-23:07:20-359377,StadiumSPONGENT,0,0,0,spongent,10,,,,UavAuthNetwork.uav[6],uav,mac,14,6.425264,458.947429,423.347,664.56275
1161,StadiumSPONGENT-0-20260809-23:07:20-359377,StadiumSPONGENT,0,0,0,spongent,10,,,,UavAuthNetwork.uav[6],uav,mac_verify,16,7.48018,467.51125,433.9625,636.506
1162,StadiumSPONGENT-0-20260809-23:07:20-359377,StadiumSPONGENT,0,0,0,spongent,10,,,,UavAuthNetwork.uav[7],uav,aead_open,1,0.002845,2.845,2.845,2.845
1163,StadiumSPONGENT-0-20260809-23:07:20-359377,StadiumSPONGENT,0,0,0,spongent,10,,,,UavAuthNetwork.uav[7],uav,dh_derive,10,1.248797,124.8797,123.1305,133.35995
1164,StadiumSPONGENT-0-20260809-23:07:20-359377,StadiumSPONGENT,0,0,0,spongent,10,,,,UavAuthNetwork.uav[7],uav,dh_keygen,10,0.673781,67.3781,65.4525,73.2236
1165,StadiumSPONGENT-0-20260809-23:07:20-359377,StadiumSPONGENT,0,0,0,spongent,10,,,,UavAuthNetwork.uav[7],uav,extract,1,0.631912,631.912,631.912,631.912
1166,StadiumSPONGENT-0-20260809-23:07:20-359377,StadiumSPONGENT,0,0,0,spongent,10,,,,UavAuthNetwork.uav[7],uav,kdf,21,10.846349,516.49281,243.475,852.536
1167,StadiumSPONGENT-0-20260809-23:07:20-359377,StadiumSPONGENT,0,0,0,spongent,10,,,,UavAuthNetwork.uav[7],uav,mac,13,5.907195,454.399615,422.08,671.8186
1168,StadiumSPONGENT-0-20260809-23:07:20-359377,StadiumSPONGENT,0,0,0,spongent,10,,,,UavAuthNetwork.uav[7],uav,mac_verify,17,7.986189,469.775824,436.767,640.2086
1169,StadiumSPONGENT-0-20260809-23:07:20-359377,StadiumSPONGENT,0,0,0,spongent,10,,,,UavAuthNetwork.uav[8],uav,aead_open,1,0.002624,2.624,2.624,2.624
1170,StadiumSPONGENT-0-20260809-23:07:20-359377,StadiumSPONGENT,0,0,0,spongent,10,,,,UavAuthNetwork.uav[8],uav,dh_derive,10,1.270378,127.0378,124.6335,134.918
1171,StadiumSPONGENT-0-20260809-23:07:20-359377,StadiumSPONGENT,0,0,0,spongent,10,,,,UavAuthNetwork.uav[8],uav,dh_keygen,10,0.703216,70.3216,65.1925,83.4935
1172,StadiumSPONGENT-0-20260809-23:07:20-359377,StadiumSPONGENT,0,0,0,spongent,10,,,,UavAuthNetwork.uav[8],uav,extract,1,0.563314,563.314,563.314,563.314
1173,StadiumSPONGENT-0-20260809-23:07:20-359377,StadiumSPONGENT,0,0,0,spongent,10,,,,UavAuthNetwork.uav[8],uav,kdf,21,10.779756,513.321714,243.766,849.45
1174,StadiumSPONGENT-0-20260809-23:07:20-359377,StadiumSPONGENT,0,0,0,spongent,10,,,,UavAuthNetwork.uav[8],uav,mac,12,5.410736,450.894667,423.8935,674.83245
1175,StadiumSPONGENT-0-20260809-23:07:20-359377,StadiumSPONGENT,0,0,0,spongent,10,,,,UavAuthNetwork.uav[8],uav,mac_verify,18,8.551656,475.092,453.274,637.49765
1176,StadiumSPONGENT-0-20260809-23:07:20-359377,StadiumSPONGENT,0,0,0,spongent,10,,,,UavAuthNetwork.uav[9],uav,aead_open,1,0.002464,2.464,2.464,2.464
1177,StadiumSPONGENT-0-20260809-23:07:20-359377,StadiumSPONGENT,0,0,0,spongent,10,,,,UavAuthNetwork.uav[9],uav,dh_derive,10,1.254668,125.4668,123.2255,131.5537
1178,StadiumSPONGENT-0-20260809-23:07:20-359377,StadiumSPONGENT,0,0,0,spongent,10,,,,UavAuthNetwork.uav[9],uav,dh_keygen,10,0.656909,65.6909,65.122,68.10925
1179,StadiumSPONGENT-0-20260809-23:07:20-359377,StadiumSPONGENT,0,0,0,spongent,10,,,,UavAuthNetwork.uav[9],uav,extract,1,0.554147,554.147,554.147,554.147
1180,StadiumSPONGENT-0-20260809-23:07:20-359377,StadiumSPONGENT,0,0,0,spongent,10,,,,UavAuthNetwork.uav[9],uav,kdf,21,10.717359,510.350429,248.565,824.433
1181,StadiumSPONGENT-0-20260809-23:07:20-359377,StadiumSPONGENT,0,0,0,spongent,10,,,,UavAuthNetwork.uav[9],uav,mac,11,4.931719,448.338091,428.392,589.428
1182,StadiumSPONGENT-0-20260809-23:07:20-359377,StadiumSPONGENT,0,0,0,spongent,10,,,,UavAuthNetwork.uav[9],uav,mac_verify,19,8.982532,472.764842,486.961,634.163
1183,StadiumSPONGENT-1-20260809-23:07:21-359377,StadiumSPONGENT,1,1,1,spongent,10,,,,UavAuthNetwork.groundStation,groundStation,aead_seal,10,0.032494,3.2494,2.9305,4.37605
1184,StadiumSPONGENT-1-20260809-23:07:21-359377,StadiumSPONGENT,1,1,1,spongent,10,,,,UavAuthNetwork.groundStation,groundStation,dh_derive,10,1.367479,136.7479,132.0625,164.01655
1185,StadiumSPONGENT-1-20260809-23:07:21-359377,StadiumSPONGENT,1,1,1,spongent,10,,,,UavAuthNetwork.groundStation,groundStation,dh_keygen,10,0.701213,70.1213,66.8205,79.40475
1186,StadiumSPONGENT-1-20260809-23:07:21-359377,StadiumSPONGENT,1,1,1,spongent,10,,,,UavAuthNetwork.groundStation,groundStation,extract,10,5.506925,550.6925,552.1435,554.45505
1187,StadiumSPONGENT-1-20260809-23:07:21-359377,StadiumSPONGENT,1,1,1,spongent,10,,,,UavAuthNetwork.groundStation,groundStation,kdf,180,50.694211,281.634506,240.8205,861.2226
1188,StadiumSPONGENT-1-20260809-23:07:21-359377,StadiumSPONGENT,1,1,1,spongent,10,,,,UavAuthNetwork.groundStation,groundStation,mac,10,4.893517,489.3517,472.97,561.24585
1189,StadiumSPONGENT-1-20260809-23:07:21-359377,StadiumSPONGENT,1,1,1,spongent,10,,,,UavAuthNetwork.groundStation,groundStation,mac_verify,20,11.462033,573.10165,575.838,879.823
1190,StadiumSPONGENT-1-20260809-23:07:21-359377,StadiumSPONGENT,1,1,1,spongent,10,,,,UavAuthNetwork.uav[0],uav,aead_open,1,0.002826,2.826,2.826,2.826
1191,StadiumSPONGENT-1-20260809-23:07:21-359377,StadiumSPONGENT,1,1,1,spongent,10,,,,UavAuthNetwork.uav[0],uav,dh_derive,10,1.364522,136.4522,132.212,161.84075
1192,StadiumSPONGENT-1-20260809-23:07:21-359377,StadiumSPONGENT,1,1,1,spongent,10,,,,UavAuthNetwork.uav[0],uav,dh_keygen,10,0.69978,69.978,67.1255,78.9075
1193,StadiumSPONGENT-1-20260809-23:07:21-359377,StadiumSPONGENT,1,1,1,spongent,10,,,,UavAuthNetwork.uav[0],uav,extract,1,0.559968,559.968,559.968,559.968
1194,StadiumSPONGENT-1-20260809-23:07:21-359377,StadiumSPONGENT,1,1,1,spongent,10,,,,UavAuthNetwork.uav[0],uav,kdf,21,10.760811,512.419571,253.505,816.128
1195,StadiumSPONGENT-1-20260809-23:07:21-359377,StadiumSPONGENT,1,1,1,spongent,10,,,,UavAuthNetwork.uav[0],uav,mac,20,10.00811,500.4055,494.616,753.07975
1196,StadiumSPONGENT-1-20260809-23:07:21-359377,StadiumSPONGENT,1,1,1,spongent,10,,,,UavAuthNetwork.uav[0],uav,mac_verify,10,4.626197,462.6197,437.093,554.11355
1197,StadiumSPONGENT-1-20260809-23:07:21-359377,StadiumSPONGENT,1,1,1,spongent,10,,,,UavAuthNetwork.uav[1],uav,aead_open,1,0.002455,2.455,2.455,2.455
1198,StadiumSPONGENT-1-20260809-23:07:21-359377,StadiumSPONGENT,1,1,1,spongent,10,,,,UavAuthNetwork.uav[1],uav,dh_derive,10,1.3037,130.37,124.3525,150.66995
1199,StadiumSPONGENT-1-20260809-23:07:21-359377,StadiumSPONGENT,1,1,1,spongent,10,,,,UavAuthNetwork.uav[1],uav,dh_keygen,10,0.672398,67.2398,65.663,74.21715
1200,StadiumSPONGENT-1-20260809-23:07:21-359377,StadiumSPONGENT,1,1,1,spongent,10,,,,UavAuthNetwork.uav[1],uav,extract,1,0.559607,559.607,559.607,559.607
1201,StadiumSPONGENT-1-20260809-23:07:21-359377,StadiumSPONGENT,1,1,1,spongent,10,,,,UavAuthNetwork.uav[1],uav,kdf,21,10.794171,514.008143,284.092,814.043
1202,StadiumSPONGENT-1-20260809-23:07:21-359377,StadiumSPONGENT,1,1,1,spongent,10,,,,UavAuthNetwork.uav[1],uav,mac,19,9.068053,477.265947,423.833,652.6236
1203,StadiumSPONGENT-1-20260809-23:07:21-359377,StadiumSPONGENT,1,1,1,spongent,10,,,,UavAuthNetwork.uav[1],uav,mac_verify,11,4.873532,443.048364,432.78,545.9065
1204,StadiumSPONGENT-1-20260809-23:07:21-359377,StadiumSPONGENT,1,1,1,spongent,10,,,,UavAuthNetwork.uav[2],uav,aead_open,1,0.002494,2.494,2.494,2.494
1205,StadiumSPONGENT-1-20260809-23:07:21-359377,StadiumSPONGENT,1,1,1,spongent,10,,,,UavAuthNetwork.uav[2],uav,dh_derive,10,1.270458,127.0458,124.243,136.63505
1206,StadiumSPONGENT-1-20260809-23:07:21-359377,StadiumSPONGENT,1,1,1,spongent,10,,,,UavAuthNetwork.uav[2],uav,dh_keygen,10,0.768719,76.8719,65.6075,99.2238
1207,StadiumSPONGENT-1-20260809-23:07:21-359377,StadiumSPONGENT,1,1,1,spongent,10,,,,UavAuthNetwork.uav[2],uav,extract,1,0.560128,560.128,560.128,560.128
1208,StadiumSPONGENT-1-20260809-23:07:21-359377,StadiumSPONGENT,1,1,1,spongent,10,,,,UavAuthNetwork.uav[2],uav,kdf,21,11.081911,527.710048,315.671,870.269
1209,StadiumSPONGENT-1-20260809-23:07:21-359377,StadiumSPONGENT,1,1,1,spongent,10,,,,UavAuthNetwork.uav[2],uav,mac,18,8.753322,486.295667,430.606,649.4252
1210,StadiumSPONGENT-1-20260809-23:07:21-359377,StadiumSPONGENT,1,1,1,spongent,10,,,,UavAuthNetwork.uav[2],uav,mac_verify,12,5.487339,457.27825,444.803,627.31425
1211,StadiumSPONGENT-1-20260809-23:07:21-359377,StadiumSPONGENT,1,1,1,spongent,10,,,,UavAuthNetwork.uav[3],uav,aead_open,1,0.003397,3.397,3.397,3.397
1212,StadiumSPONGENT-1-20260809-23:07:21-359377,StadiumSPONGENT,1,1,1,spongent,10,,,,UavAuthNetwork.uav[3],uav,dh_derive,10,1.286107,128.6107,127.093,138.591
1213,StadiumSPONGENT-1-20260809-23:07:21-359377,StadiumSPONGENT,1,1,1,spongent,10,,,,UavAuthNetwork.uav[3],uav,dh_keygen,10,0.740497,74.0497,69.38,95.0821
1214,StadiumSPONGENT-1-20260809-23:07:21-359377,StadiumSPONGENT,1,1,1,spongent,10,,,,UavAuthNetwork.uav[3],uav,extract,1,0.555871,555.871,555.871,555.871
1215,StadiumSPONGENT-1-20260809-23:07:21-359377,StadiumSPONGENT,1,1,1,spongent,10,,,,UavAuthNetwork.uav[3],uav,kdf,21,10.862321,517.253381,322.934,810.166
1216,StadiumSPONGENT-1-20260809-23:07:21-359377,StadiumSPONGENT,1,1,1,spongent,10,,,,UavAuthNetwork.uav[3],uav,mac,17,8.139371,478.786529,452.877,650.2274
1217,StadiumSPONGENT-1-20260809-23:07:21-359377,StadiumSPONGENT,1,1,1,spongent,10,,,,UavAuthNetwork.uav[3],uav,mac_verify,13,6.03246,464.035385,433.171,658.4186
1218,StadiumSPONGENT-1-20260809-23:07:21-359377,StadiumSPONGENT,1,1,1,spongent,10,,,,UavAuthNetwork.uav[4],uav,aead_open,1,0.003156,3.156,3.156,3.156
1219,StadiumSPONGENT-1-20260809-23:07:21-359377,StadiumSPONGENT,1,1,1,spongent,10,,,,UavAuthNetwork.uav[4],uav,dh_derive,10,1.338327,133.8327,130.1485,158.7394
1220,StadiumSPONGENT-1-20260809-23:07:21-359377,StadiumSPONGENT,1,1,1,spongent,10,,,,UavAuthNetwork.uav[4],uav,dh_keygen,10,0.732518,73.2518,65.192,99.62175
1221,StadiumSPONGENT-1-20260809-23:07:21-359377,StadiumSPONGENT,1,1,1,spongent,10,,,,UavAuthNetwork.uav[4],uav,extract,1,0.823822,823.822,823.822,823.822
1222,StadiumSPONGENT-1-20260809-23:07:21-359377,StadiumSPONGENT,1,1,1,spongent,10,,,,UavAuthNetwork.uav[4],uav,kdf,21,11.146369,530.779476,294.371,938.787
1223,StadiumSPONGENT-1-20260809-23:07:21-359377,StadiumSPONGENT,1,1,1,spongent,10,,,,UavAuthNetwork.uav[4],uav,mac,16,7.665697,479.106063,474.0775,663.49975
1224,StadiumSPONGENT-1-20260809-23:07:21-359377,StadiumSPONGENT,1,1,1,spongent,10,,,,UavAuthNetwork.uav[4],uav,mac_verify,14,6.746689,481.906357,440.354,696.3596
1225,StadiumSPONGENT-1-20260809-23:07:21-359377,StadiumSPONGENT,1,1,1,spongent,10,,,,UavAuthNetwork.uav[5],uav,aead_open,1,0.002906,2.906,2.906,2.906
1226,StadiumSPONGENT-1-20260809-23:07:21-359377,StadiumSPONGENT,1,1,1,spongent,10,,,,UavAuthNetwork.uav[5],uav,dh_derive,10,1.260087,126.0087,124.057,134.62845
1227,StadiumSPONGENT-1-20260809-23:07:21-359377,StadiumSPONGENT,1,1,1,spongent,10,,,,UavAuthNetwork.uav[5],uav,dh_keygen,10,0.660857,66.0857,65.182,70.59895
1228,StadiumSPONGENT-1-20260809-23:07:21-359377,StadiumSPONGENT,1,1,1,spongent,10,,,,UavAuthNetwork.uav[5],uav,extract,1,0.557874,557.874,557.874,557.874
1229,StadiumSPONGENT-1-20260809-23:07:21-359377,StadiumSPONGENT,1,1,1,spongent,10,,,,UavAuthNetwork.uav[5],uav,kdf,21,10.904539,519.263762,246.472,876.31
1230,StadiumSPONGENT-1-20260809-23:07:21-359377,StadiumSPONGENT,1,1,1,spongent,10,,,,UavAuthNetwork.uav[5],uav,mac,15,7.043765,469.584333,426.909,669.4551
1231,StadiumSPONGENT-1-20260809-23:07:21-359377,StadiumSPONGENT,1,1,1,spongent,10,,,,UavAuthNetwork.uav[5],uav,mac_verify,15,6.934449,462.2966,440.845,633.9192
1232,StadiumSPONGENT-1-20260809-23:07:21-359377,StadiumSPONGENT,1,1,1,spongent,10,,,,UavAuthNetwork.uav[6],uav,aead_open,1,0.002645,2.645,2.645,2.645
1233,StadiumSPONGENT-1-20260809-23:07:21-359377,StadiumSPONGENT,1,1,1,spongent,10,,,,UavAuthNetwork.uav[6],uav,dh_derive,10,1.262373,126.2373,123.9565,131.71375
1234,StadiumSPONGENT-1-20260809-23:07:21-359377,StadiumSPONGENT,1,1,1,spongent,10,,,,UavAuthNetwork.uav[6],uav,dh_keygen,10,0.745784,74.5784,66.524,98.92005
1235,StadiumSPONGENT-1-20260809-23:07:21-359377,StadiumSPONGENT,1,1,1,spongent,10,,,,UavAuthNetwork.uav[6],uav,extract,1,0.558986,558.986,558.986,558.986
1236,StadiumSPONGENT-1-20260809-23:07:21-359377,StadiumSPONGENT,1,1,1,spongent,10,,,,UavAuthNetwork.uav[6],uav,kdf,21,10.679721,508.558143,257.772,812.982
1237,StadiumSPONGENT-1-20260809-23:07:21-359377,StadiumSPONGENT,1,1,1,spongent,10,,,,UavAuthNetwork.uav[6],uav,mac,14,6.557282,468.377286,440.4945,670.2436
1238,StadiumSPONGENT-1-20260809-23:07:21-359377,StadiumSPONGENT,1,1,1,spongent,10,,,,UavAuthNetwork.uav[6],uav,mac_verify,16,7.725198,482.824875,438.9765,644.6285
1239,StadiumSPONGENT-1-20260809-23:07:21-359377,StadiumSPONGENT,1,1,1,spongent,10,,,,UavAuthNetwork.uav[7],uav,aead_open,1,0.002876,2.876,2.876,2.876
1240,StadiumSPONGENT-1-20260809-23:07:21-359377,StadiumSPONGENT,1,1,1,spongent,10,,,,UavAuthNetwork.uav[7],uav,dh_derive,10,1.413263,141.3263,129.217,182.20635
1241,StadiumSPONGENT-1-20260809-23:07:21-359377,StadiumSPONGENT,1,1,1,spongent,10,,,,UavAuthNetwork.uav[7],uav,dh_keygen,10,0.65146,65.146,64.9915,66.3767
1242,StadiumSPONGENT-1-20260809-23:07:21-359377,StadiumSPONGENT,1,1,1,spongent,10,,,,UavAuthNetwork.uav[7],uav,extract,1,0.549268,549.268,549.268,549.268
1243,StadiumSPONGENT-1-20260809-23:07:21-359377,StadiumSPONGENT,1,1,1,spongent,10,,,,UavAuthNetwork.uav[7],uav,kdf,21,11.219155,534.245476,242.624,1035.969
1244,StadiumSPONGENT-1-20260809-23:07:21-359377,StadiumSPONGENT,1,1,1,spongent,10,,,,UavAuthNetwork.uav[7],uav,mac,13,6.18129,475.483846,423.944,772.1992
1245,StadiumSPONGENT-1-20260809-23:07:21-359377,StadiumSPONGENT,1,1,1,spongent,10,,,,UavAuthNetwork.uav[7],uav,mac_verify,17,8.566163,503.891941,434.283,840.623
1246,StadiumSPONGENT-1-20260809-23:07:21-359377,StadiumSPONGENT,1,1,1,spongent,10,,,,UavAuthNetwork.uav[8],uav,aead_open,1,0.002785,2.785,2.785,2.785
1247,StadiumSPONGENT-1-20260809-23:07:21-359377,StadiumSPONGENT,1,1,1,spongent,10,,,,UavAuthNetwork.uav[8],uav,dh_derive,10,1.283041,128.3041,128.791,135.2628
1248,StadiumSPONGENT-1-20260809-23:07:21-359377,StadiumSPONGENT,1,1,1,spongent,10,,,,UavAuthNetwork.uav[8],uav,dh_keygen,10,0.707442,70.7442,65.7975,89.0535
1249,StadiumSPONGENT-1-20260809-23:07:21-359377,StadiumSPONGENT,1,1,1,spongent,10,,,,UavAuthNetwork.uav[8],uav,extract,1,0.645218,645.218,645.218,645.218
1250,StadiumSPONGENT-1-20260809-23:07:21-359377,StadiumSPONGENT,1,1,1,spongent,10,,,,UavAuthNetwork.uav[8],uav,kdf,21,10.962319,522.01519,282.158,857.114
1251,StadiumSPONGENT-1-20260809-23:07:21-359377,StadiumSPONGENT,1,1,1,spongent,10,,,,UavAuthNetwork.uav[8],uav,mac,12,5.500537,458.378083,426.684,691.11005
1252,StadiumSPONGENT-1-20260809-23:07:21-359377,StadiumSPONGENT,1,1,1,spongent,10,,,,UavAuthNetwork.uav[8],uav,mac_verify,18,8.624058,479.114333,447.192,653.7574
1253,StadiumSPONGENT-1-20260809-23:07:21-359377,StadiumSPONGENT,1,1,1,spongent,10,,,,UavAuthNetwork.uav[9],uav,aead_open,1,0.002484,2.484,2.484,2.484
1254,StadiumSPONGENT-1-20260809-23:07:21-359377,StadiumSPONGENT,1,1,1,spongent,10,,,,UavAuthNetwork.uav[9],uav,dh_derive,10,1.281798,128.1798,123.1455,143.3967
1255,StadiumSPONGENT-1-20260809-23:07:21-359377,StadiumSPONGENT,1,1,1,spongent,10,,,,UavAuthNetwork.uav[9],uav,dh_keygen,10,0.680696,68.0696,65.974,74.6483
1256,StadiumSPONGENT-1-20260809-23:07:21-359377,StadiumSPONGENT,1,1,1,spongent,10,,,,UavAuthNetwork.uav[9],uav,extract,1,0.561391,561.391,561.391,561.391
1257,StadiumSPONGENT-1-20260809-23:07:21-359377,StadiumSPONGENT,1,1,1,spongent,10,,,,UavAuthNetwork.uav[9],uav,kdf,21,10.964382,522.113429,243.346,866.001
1258,StadiumSPONGENT-1-20260809-23:07:21-359377,StadiumSPONGENT,1,1,1,spongent,10,,,,UavAuthNetwork.uav[9],uav,mac,11,4.883858,443.987091,422.771,580.5315
1259,StadiumSPONGENT-1-20260809-23:07:21-359377,StadiumSPONGENT,1,1,1,spongent,10,,,,UavAuthNetwork.uav[9],uav,mac_verify,19,9.20692,484.574737,468.377,654.9253
1260,StadiumSPONGENT-2-20260809-23:07:21-359377,StadiumSPONGENT,2,2,2,spongent,10,,,,UavAuthNetwork.groundStation,groundStation,aead_seal,10,0.039974,3.9974,2.82,8.56945
1261,StadiumSPONGENT-2-20260809-23:07:21-359377,StadiumSPONGENT,2,2,2,spongent,10,,,,UavAuthNetwork.groundStation,groundStation,dh_derive,10,1.254788,125.4788,124.0515,131.5507
1262,StadiumSPONGENT-2-20260809-23:07:21-359377,StadiumSPONGENT,2,2,2,spongent,10,,,,UavAuthNetwork.groundStation,groundStation,dh_keygen,10,0.687707,68.7707,65.6425,81.9182
1263,StadiumSPONGENT-2-20260809-23:07:21-359377,StadiumSPONGENT,2,2,2,spongent,10,,,,UavAuthNetwork.groundStation,groundStation,extract,10,5.721779,572.1779,554.4625,657.1394
1264,StadiumSPONGENT-2-20260809-23:07:21-359377,StadiumSPONGENT,2,2,2,spongent,10,,,,UavAuthNetwork.groundStation,groundStation,kdf,180,49.405501,274.475006,241.036,853.76555
1265,StadiumSPONGENT-2-20260809-23:07:21-359377,StadiumSPONGENT,2,2,2,spongent,10,,,,UavAuthNetwork.groundStation,groundStation,mac,10,4.731064,473.1064,473.7065,480.31785
1266,StadiumSPONGENT-2-20260809-23:07:21-359377,StadiumSPONGENT,2,2,2,spongent,10,,,,UavAuthNetwork.groundStation,groundStation,mac_verify,20,10.796326,539.8163,537.4405,751.57085
1267,StadiumSPONGENT-2-20260809-23:07:21-359377,StadiumSPONGENT,2,2,2,spongent,10,,,,UavAuthNetwork.uav[0],uav,aead_open,1,0.003026,3.026,3.026,3.026
1268,StadiumSPONGENT-2-20260809-23:07:21-359377,StadiumSPONGENT,2,2,2,spongent,10,,,,UavAuthNetwork.uav[0],uav,dh_derive,10,1.248748,124.8748,123.8375,129.1426
1269,StadiumSPONGENT-2-20260809-23:07:21-359377,StadiumSPONGENT,2,2,2,spongent,10,,,,UavAuthNetwork.uav[0],uav,dh_keygen,10,0.70029,70.029,67.2305,84.0399
1270,StadiumSPONGENT-2-20260809-23:07:21-359377,StadiumSPONGENT,2,2,2,spongent,10,,,,UavAuthNetwork.uav[0],uav,extract,1,0.562002,562.002,562.002,562.002
1271,StadiumSPONGENT-2-20260809-23:07:21-359377,StadiumSPONGENT,2,2,2,spongent,10,,,,UavAuthNetwork.uav[0],uav,kdf,21,10.716898,510.328476,245.219,843.095
1272,StadiumSPONGENT-2-20260809-23:07:21-359377,StadiumSPONGENT,2,2,2,spongent,10,,,,UavAuthNetwork.uav[0],uav,mac,20,9.581832,479.0916,479.956,640.13435
1273,StadiumSPONGENT-2-20260809-23:07:21-359377,StadiumSPONGENT,2,2,2,spongent,10,,,,UavAuthNetwork.uav[0],uav,mac_verify,10,4.327191,432.7191,428.586,452.96105
1274,StadiumSPONGENT-2-20260809-23:07:21-359377,StadiumSPONGENT,2,2,2,spongent,10,,,,UavAuthNetwork.uav[1],uav,aead_open,1,0.002886,2.886,2.886,2.886
1275,StadiumSPONGENT-2-20260809-23:07:21-359377,StadiumSPONGENT,2,2,2,spongent,10,,,,UavAuthNetwork.uav[1],uav,dh_derive,10,1.350108,135.0108,130.19,161.6627
1276,StadiumSPONGENT-2-20260809-23:07:21-359377,StadiumSPONGENT,2,2,2,spongent,10,,,,UavAuthNetwork.uav[1],uav,dh_keygen,10,0.70456,70.456,66.099,88.33675
1277,StadiumSPONGENT-2-20260809-23:07:21-359377,StadiumSPONGENT,2,2,2,spongent,10,,,,UavAuthNetwork.uav[1],uav,extract,1,0.681456,681.456,681.456,681.456
1278,StadiumSPONGENT-2-20260809-23:07:21-359377,StadiumSPONGENT,2,2,2,spongent,10,,,,UavAuthNetwork.uav[1],uav,kdf,21,10.768508,512.786095,310.512,811.155
1279,StadiumSPONGENT-2-20260809-23:07:21-359377,StadiumSPONGENT,2,2,2,spongent,10,,,,UavAuthNetwork.uav[1],uav,mac,19,9.122954,480.155474,419.188,648.5775
1280,StadiumSPONGENT-2-20260809-23:07:21-359377,StadiumSPONGENT,2,2,2,spongent,10,,,,UavAuthNetwork.uav[1],uav,mac_verify,11,4.966471,451.497364,432.674,589.015
1281,StadiumSPONGENT-2-20260809-23:07:21-359377,StadiumSPONGENT,2,2,2,spongent,10,,,,UavAuthNetwork.uav[2],uav,aead_open,1,0.002554,2.554,2.554,2.554
1282,StadiumSPONGENT-2-20260809-23:07:21-359377,StadiumSPONGENT,2,2,2,spongent,10,,,,UavAuthNetwork.uav[2],uav,dh_derive,10,1.273843,127.3843,125.506,133.056
1283,StadiumSPONGENT-2-20260809-23:07:21-359377,StadiumSPONGENT,2,2,2,spongent,10,,,,UavAuthNetwork.uav[2],uav,dh_keygen,10,0.693608,69.3608,65.8185,85.7162
1284,StadiumSPONGENT-2-20260809-23:07:21-359377,StadiumSPONGENT,2,2,2,spongent,10,,,,UavAuthNetwork.uav[2],uav,extract,1,0.556672,556.672,556.672,556.672
1285,StadiumSPONGENT-2-20260809-23:07:21-359377,StadiumSPONGENT,2,2,2,spongent,10,,,,UavAuthNetwork.uav[2],uav,kdf,21,10.721606,510.552667,285.294,816.825
1286,StadiumSPONGENT-2-20260809-23:07:21-359377,StadiumSPONGENT,2,2,2,spongent,10,,,,UavAuthNetwork.uav[2],uav,mac,18,8.518947,473.274833,425.024,650.835
1287,StadiumSPONGENT-2-20260809-23:07:21-359377,StadiumSPONGENT,2,2,2,spongent,10,,,,UavAuthNetwork.uav[2],uav,mac_verify,12,5.501027,458.418917,439.8515,624.6224
1288,StadiumSPONGENT-2-20260809-23:07:21-359377,StadiumSPONGENT,2,2,2,spongent,10,,,,UavAuthNetwork.uav[3],uav,aead_open,1,0.002394,2.394,2.394,2.394
1289,StadiumSPONGENT-2-20260809-23:07:21-359377,StadiumSPONGENT,2,2,2,spongent,10,,,,UavAuthNetwork.uav[3],uav,dh_derive,10,1.3153,131.53,128.9725,143.8272
1290,StadiumSPONGENT-2-20260809-23:07:21-359377,StadiumSPONGENT,2,2,2,spongent,10,,,,UavAuthNetwork.uav[3],uav,dh_keygen,10,0.651329,65.1329,64.9065,66.67465
1291,StadiumSPONGENT-2-20260809-23:07:21-359377,StadiumSPONGENT,2,2,2,spongent,10,,,,UavAuthNetwork.uav[3],uav,extract,1,0.556933,556.933,556.933,556.933
1292,StadiumSPONGENT-2-20260809-23:07:21-359377,StadiumSPONGENT,2,2,2,spongent,10,,,,UavAuthNetwork.uav[3],uav,kdf,21,10.698658,509.459905,242.884,830.371
1293,StadiumSPONGENT-2-20260809-23:07:21-359377,StadiumSPONGENT,2,2,2,spongent,10,,,,UavAuthNetwork.uav[3],uav,mac,17,7.977163,469.244882,424.097,654.4308
1294,StadiumSPONGENT-2-20260809-23:07:21-359377,StadiumSPONGENT,2,2,2,spongent,10,,,,UavAuthNetwork.uav[3],uav,mac_verify,13,6.08086,467.758462,435.499,687.8278
1295,StadiumSPONGENT-2-20260809-23:07:21-359377,StadiumSPONGENT,2,2,2,spongent,10,,,,UavAuthNetwork.uav[4],uav,aead_open,1,0.002415,2.415,2.415,2.415
1296,StadiumSPONGENT-2-20260809-23:07:21-359377,StadiumSPONGENT,2,2,2,spongent,10,,,,UavAuthNetwork.uav[4],uav,dh_derive,10,1.259558,125.9558,124.339,131.9337
1297,StadiumSPONGENT-2-20260809-23:07:21-359377,StadiumSPONGENT,2,2,2,spongent,10,,,,UavAuthNetwork.uav[4],uav,dh_keygen,10,0.660128,66.0128,65.032,70.1891
1298,StadiumSPONGENT-2-20260809-23:07:21-359377,StadiumSPONGENT,2,2,2,spongent,10,,,,UavAuthNetwork.uav[4],uav,extract,1,0.558815,558.815,558.815,558.815
1299,StadiumSPONGENT-2-20260809-23:07:21-359377,StadiumSPONGENT,2,2,2,spongent,10,,,,UavAuthNetwork.uav[4],uav,kdf,21,10.716773,510.322524,267.861,821.995
1300,StadiumSPONGENT-2-20260809-23:07:21-359377,StadiumSPONGENT,2,2,2,spongent,10,,,,UavAuthNetwork.uav[4],uav,mac,16,7.63578,477.23625,431.371,737.985
1301,StadiumSPONGENT-2-20260809-23:07:21-359377,StadiumSPONGENT,2,2,2,spongent,10,,,,UavAuthNetwork.uav[4],uav,mac_verify,14,6.436921,459.780071,435.213,636.2939
1302,StadiumSPONGENT-2-20260809-23:07:21-359377,StadiumSPONGENT,2,2,2,spongent,10,,,,UavAuthNetwork.uav[5],uav,aead_open,1,0.002655,2.655,2.655,2.655
1303,StadiumSPONGENT-2-20260809-23:07:21-359377,StadiumSPONGENT,2,2,2,spongent,10,,,,UavAuthNetwork.uav[5],uav,dh_derive,10,1.310934,131.0934,128.131,148.05105
1304,StadiumSPONGENT-2-20260809-23:07:21-359377,StadiumSPONGENT,2,2,2,spongent,10,,,,UavAuthNetwork.uav[5],uav,dh_keygen,10,0.651914,65.1914,65.0365,66.1705
1305,StadiumSPONGENT-2-20260809-23:07:21-359377,StadiumSPONGENT,2,2,2,spongent,10,,,,UavAuthNetwork.uav[5],uav,extract,1,0.550881,550.881,550.881,550.881
1306,StadiumSPONGENT-2-20260809-23:07:21-359377,StadiumSPONGENT,2,2,2,spongent,10,,,,UavAuthNetwork.uav[5],uav,kdf,21,10.743488,511.594667,242.095,822.056
1307,StadiumSPONGENT-2-20260809-23:07:21-359377,StadiumSPONGENT,2,2,2,spongent,10,,,,UavAuthNetwork.uav[5],uav,mac,15,7.124825,474.988333,422.274,757.8068
1308,StadiumSPONGENT-2-20260809-23:07:21-359377,StadiumSPONGENT,2,2,2,spongent,10,,,,UavAuthNetwork.uav[5],uav,mac_verify,15,7.11374,474.249333,472.584,633.4669
1309,StadiumSPONGENT-2-20260809-23:07:21-359377,StadiumSPONGENT,2,2,2,spongent,10,,,,UavAuthNetwork.uav[6],uav,aead_open,1,0.002425,2.425,2.425,2.425
1310,StadiumSPONGENT-2-20260809-23:07:21-359377,StadiumSPONGENT,2,2,2,spongent,10,,,,UavAuthNetwork.uav[6],uav,dh_derive,10,1.251061,125.1061,123.4075,131.89055
1311,StadiumSPONGENT-2-20260809-23:07:21-359377,StadiumSPONGENT,2,2,2,spongent,10,,,,UavAuthNetwork.uav[6],uav,dh_keygen,10,0.705192,70.5192,65.5075,90.6903
1312,StadiumSPONGENT-2-20260809-23:07:21-359377,StadiumSPONGENT,2,2,2,spongent,10,,,,UavAuthNetwork.uav[6],uav,extract,1,0.552054,552.054,552.054,552.054
1313,StadiumSPONGENT-2-20260809-23:07:21-359377,StadiumSPONGENT,2,2,2,spongent,10,,,,UavAuthNetwork.uav[6],uav,kdf,21,10.857461,517.021952,248.916,864.708
1314,StadiumSPONGENT-2-20260809-23:07:21-359377,StadiumSPONGENT,2,2,2,spongent,10,,,,UavAuthNetwork.uav[6],uav,mac,14,6.450468,460.747714,425.418,663.3613
1315,StadiumSPONGENT-2-20260809-23:07:21-359377,StadiumSPONGENT,2,2,2,spongent,10,,,,UavAuthNetwork.uav[6],uav,mac_verify,16,7.479043,467.440187,435.814,641.5535
1316,StadiumSPONGENT-2-20260809-23:07:21-359377,StadiumSPONGENT,2,2,2,spongent,10,,,,UavAuthNetwork.uav[7],uav,aead_open,1,0.002405,2.405,2.405,2.405
1317,StadiumSPONGENT-2-20260809-23:07:21-359377,StadiumSPONGENT,2,2,2,spongent,10,,,,UavAuthNetwork.uav[7],uav,dh_derive,10,1.261541,126.1541,124.2085,134.43
1318,StadiumSPONGENT-2-20260809-23:07:21-359377,StadiumSPONGENT,2,2,2,spongent,10,,,,UavAuthNetwork.uav[7],uav,dh_keygen,10,0.656523,65.6523,65.3025,67.99825
1319,StadiumSPONGENT-2-20260809-23:07:21-359377,StadiumSPONGENT,2,2,2,spongent,10,,,,UavAuthNetwork.uav[7],uav,extract,1,0.548356,548.356,548.356,548.356
1320,StadiumSPONGENT-2-20260809-23:07:21-359377,StadiumSPONGENT,2,2,2,spongent,10,,,,UavAuthNetwork.uav[7],uav,kdf,21,10.773301,513.014333,319.18,810.874
1321,StadiumSPONGENT-2-20260809-23:07:21-359377,StadiumSPONGENT,2,2,2,spongent,10,,,,UavAuthNetwork.uav[7],uav,mac,13,5.979426,459.955846,428.565,675.3268
1322,StadiumSPONGENT-2-20260809-23:07:21-359377,StadiumSPONGENT,2,2,2,spongent,10,,,,UavAuthNetwork.uav[7],uav,mac_verify,17,7.975664,469.156706,430.329,637.092
1323,StadiumSPONGENT-2-20260809-23:07:21-359377,StadiumSPONGENT,2,2,2,spongent,10,,,,UavAuthNetwork.uav[8],uav,aead_open,1,0.003216,3.216,3.216,3.216
1324,StadiumSPONGENT-2-20260809-23:07:21-359377,StadiumSPONGENT,2,2,2,spongent,10,,,,UavAuthNetwork.uav[8],uav,dh_derive,10,1.323065,132.3065,127.474,153.70555
1325,StadiumSPONGENT-2-20260809-23:07:21-359377,StadiumSPONGENT,2,2,2,spongent,10,,,,UavAuthNetwork.uav[8],uav,dh_keygen,10,0.712498,71.2498,68.669,86.9989
1326,StadiumSPONGENT-2-20260809-23:07:21-359377,StadiumSPONGENT,2,2,2,spongent,10,,,,UavAuthNetwork.uav[8],uav,extract,1,0.556882,556.882,556.882,556.882
1327,StadiumSPONGENT-2-20260809-23:07:21-359377,StadiumSPONGENT,2,2,2,spongent,10,,,,UavAuthNetwork.uav[8],uav,kdf,21,11.601437,552.449381,251.844,1088.536
1328,StadiumSPONGENT-2-20260809-23:07:21-359377,StadiumSPONGENT,2,2,2,spongent,10,,,,UavAuthNetwork.uav[8],uav,mac,12,5.475072,456.256,424.1725,673.2612
1329,StadiumSPONGENT-2-20260809-23:07:21-359377,StadiumSPONGENT,2,2,2,spongent,10,,,,UavAuthNetwork.uav[8],uav,mac_verify,18,8.970524,498.362444,445.826,778.5941
1330,StadiumSPONGENT-2-20260809-23:07:21-359377,StadiumSPONGENT,2,2,2,spongent,10,,,,UavAuthNetwork.uav[9],uav,aead_open,1,0.002384,2.384,2.384,2.384
1331,StadiumSPONGENT-2-20260809-23:07:21-359377,StadiumSPONGENT,2,2,2,spongent,10,,,,UavAuthNetwork.uav[9],uav,dh_derive,10,1.402034,140.2034,126.7025,173.66905
1332,StadiumSPONGENT-2-20260809-23:07:21-359377,StadiumSPONGENT,2,2,2,spongent,10,,,,UavAuthNetwork.uav[9],uav,dh_keygen,10,0.67556,67.556,65.067,74.01455
1333,StadiumSPONGENT-2-20260809-23:07:21-359377,StadiumSPONGENT,2,2,2,spongent,10,,,,UavAuthNetwork.uav[9],uav,extract,1,0.556862,556.862,556.862,556.862
1334,StadiumSPONGENT-2-20260809-23:07:21-359377,StadiumSPONGENT,2,2,2,spongent,10,,,,UavAuthNetwork.uav[9],uav,kdf,21,10.971591,522.456714,240.901,862.965
1335,StadiumSPONGENT-2-20260809-23:07:21-359377,StadiumSPONGENT,2,2,2,spongent,10,,,,UavAuthNetwork.uav[9],uav,mac,11,4.900699,445.518091,425.35,583.0475
1336,StadiumSPONGENT-2-20260809-23:07:21-359377,StadiumSPONGENT,2,2,2,spongent,10,,,,UavAuthNetwork.uav[9],uav,mac_verify,19,9.627653,506.718579,462.306,851.2579
1337,StadiumSPONGENT-3-20260809-23:07:22-359377,StadiumSPONGENT,3,3,3,spongent,10,,,,UavAuthNetwork.groundStation,groundStation,aead_seal,10,0.029946,2.9946,2.8305,3.57805
1338,StadiumSPONGENT-3-20260809-23:07:22-359377,StadiumSPONGENT,3,3,3,spongent,10,,,,UavAuthNetwork.groundStation,groundStation,dh_derive,10,1.292892,129.2892,125.02,143.02955
1339,StadiumSPONGENT-3-20260809-23:07:22-359377,StadiumSPONGENT,3,3,3,spongent,10,,,,UavAuthNetwork.groundStation,groundStation,dh_keygen,10,0.696741,69.6741,66.976,80.43415
1340,StadiumSPONGENT-3-20260809-23:07:22-359377,StadiumSPONGENT,3,3,3,spongent,10,,,,UavAuthNetwork.groundStation,groundStation,extract,10,5.54242,554.242,553.4655,568.34965
1341,StadiumSPONGENT-3-20260809-23:07:22-359377,StadiumSPONGENT,3,3,3,spongent,10,,,,UavAuthNetwork.groundStation,groundStation,kdf,180,49.880466,277.1137,240.4975,856.8371
1342,StadiumSPONGENT-3-20260809-23:07:22-359377,StadiumSPONGENT,3,3,3,spongent,10,,,,UavAuthNetwork.groundStation,groundStation,mac,10,4.755932,475.5932,474.6875,489.63025
1343,StadiumSPONGENT-3-20260809-23:07:22-359377,StadiumSPONGENT,3,3,3,spongent,10,,,,UavAuthNetwork.groundStation,groundStation,mac_verify,20,10.796446,539.8223,541.7385,748.86235
1344,StadiumSPONGENT-3-20260809-23:07:22-359377,StadiumSPONGENT,3,3,3,spongent,10,,,,UavAuthNetwork.uav[0],uav,aead_open,1,0.002785,2.785,2.785,2.785
1345,StadiumSPONGENT-3-20260809-23:07:22-359377,StadiumSPONGENT,3,3,3,spongent,10,,,,UavAuthNetwork.uav[0],uav,dh_derive,10,1.353864,135.3864,126.4275,159.12355
1346,StadiumSPONGENT-3-20260809-23:07:22-359377,StadiumSPONGENT,3,3,3,spongent,10,,,,UavAuthNetwork.uav[0],uav,dh_keygen,10,0.691011,69.1011,66.7005,76.2354
1347,StadiumSPONGENT-3-20260809-23:07:22-359377,StadiumSPONGENT,3,3,3,spongent,10,,,,UavAuthNetwork.uav[0],uav,extract,1,0.566755,566.755,566.755,566.755
1348,StadiumSPONGENT-3-20260809-23:07:22-359377,StadiumSPONGENT,3,3,3,spongent,10,,,,UavAuthNetwork.uav[0],uav,kdf,21,11.140412,530.49581,313.399,887.439
1349,StadiumSPONGENT-3-20260809-23:07:22-359377,StadiumSPONGENT,3,3,3,spongent,10,,,,UavAuthNetwork.uav[0],uav,mac,20,10.051408,502.5704,516.0705,801.8569
1350,StadiumSPONGENT-3-20260809-23:07:22-359377,StadiumSPONGENT,3,3,3,spongent,10,,,,UavAuthNetwork.uav[0],uav,mac_verify,10,4.550625,455.0625,429.853,541.3075
1351,StadiumSPONGENT-3-20260809-23:07:22-359377,StadiumSPONGENT,3,3,3,spongent,10,,,,UavAuthNetwork.uav[1],uav,aead_open,1,0.002655,2.655,2.655,2.655
1352,StadiumSPONGENT-3-20260809-23:07:22-359377,StadiumSPONGENT,3,3,3,spongent,10,,,,UavAuthNetwork.uav[1],uav,dh_derive,10,1.333397,133.3397,124.98,160.3577
1353,StadiumSPONGENT-3-20260809-23:07:22-359377,StadiumSPONGENT,3,3,3,spongent,10,,,,UavAuthNetwork.uav[1],uav,dh_keygen,10,0.682544,68.2544,64.927,77.386
1354,StadiumSPONGENT-3-20260809-23:07:22-359377,StadiumSPONGENT,3,3,3,spongent,10,,,,UavAuthNetwork.uav[1],uav,extract,1,0.556516,556.516,556.516,556.516
1355,StadiumSPONGENT-3-20260809-23:07:22-359377,StadiumSPONGENT,3,3,3,spongent,10,,,,UavAuthNetwork.uav[1],uav,kdf,21,10.911962,519.617238,248.397,866.519
1356,StadiumSPONGENT-3-20260809-23:07:22-359377,StadiumSPONGENT,3,3,3,spongent,10,,,,UavAuthNetwork.uav[1],uav,mac,19,9.175657,482.929316,435.639,714.8788
1357,StadiumSPONGENT-3-20260809-23:07:22-359377,StadiumSPONGENT,3,3,3,spongent,10,,,,UavAuthNetwork.uav[1],uav,mac_verify,11,5.061425,460.129545,429.247,587.6045
1358,StadiumSPONGENT-3-20260809-23:07:22-359377,StadiumSPONGENT,3,3,3,spongent,10,,,,UavAuthNetwork.uav[2],uav,aead_open,1,0.002435,2.435,2.435,2.435
1359,StadiumSPONGENT-3-20260809-23:07:22-359377,StadiumSPONGENT,3,3,3,spongent,10,,,,UavAuthNetwork.uav[2],uav,dh_derive,10,1.246395,124.6395,123.7225,128.20265
1360,StadiumSPONGENT-3-20260809-23:07:22-359377,StadiumSPONGENT,3,3,3,spongent,10,,,,UavAuthNetwork.uav[2],uav,dh_keygen,10,0.704393,70.4393,66.114,85.13185
1361,StadiumSPONGENT-3-20260809-23:07:22-359377,StadiumSPONGENT,3,3,3,spongent,10,,,,UavAuthNetwork.uav[2],uav,extract,1,0.554843,554.843,554.843,554.843
1362,StadiumSPONGENT-3-20260809-23:07:22-359377,StadiumSPONGENT,3,3,3,spongent,10,,,,UavAuthNetwork.uav[2],uav,kdf,21,10.701799,509.609476,246.333,819.28
1363,StadiumSPONGENT-3-20260809-23:07:22-359377,StadiumSPONGENT,3,3,3,spongent,10,,,,UavAuthNetwork.uav[2],uav,mac,18,8.552094,475.116333,421.1415,654.14
1364,StadiumSPONGENT-3-20260809-23:07:22-359377,StadiumSPONGENT,3,3,3,spongent,10,,,,UavAuthNetwork.uav[2],uav,mac_verify,12,5.391077,449.256417,431.0155,631.935
1365,StadiumSPONGENT-3-20260809-23:07:22-359377,StadiumSPONGENT,3,3,3,spongent,10,,,,UavAuthNetwork.uav[3],uav,aead_open,1,0.002545,2.545,2.545,2.545
1366,StadiumSPONGENT-3-20260809-23:07:22-359377,StadiumSPONGENT,3,3,3,spongent,10,,,,UavAuthNetwork.uav[3],uav,dh_derive,10,1.341372,134.1372,125.8065,165.3642
1367,StadiumSPONGENT-3-20260809-23:07:22-359377,StadiumSPONGENT,3,3,3,spongent,10,,,,UavAuthNetwork.uav[3],uav,dh_keygen,10,0.728851,72.8851,69.9815,90.66285
1368,StadiumSPONGENT-3-20260809-23:07:22-359377,StadiumSPONGENT,3,3,3,spongent,10,,,,UavAuthNetwork.uav[3],uav,extract,1,0.558259,558.259,558.259,558.259
1369,StadiumSPONGENT-3-20260809-23:07:22-359377,StadiumSPONGENT,3,3,3,spongent,10,,,,UavAuthNetwork.uav[3],uav,kdf,21,11.487124,547.005905,308.53,1027.682
1370,StadiumSPONGENT-3-20260809-23:07:22-359377,StadiumSPONGENT,3,3,3,spongent,10,,,,UavAuthNetwork.uav[3],uav,mac,17,8.327886,489.875647,430.399,757.6146
1371,StadiumSPONGENT-3-20260809-23:07:22-359377,StadiumSPONGENT,3,3,3,spongent,10,,,,UavAuthNetwork.uav[3],uav,mac_verify,13,6.260116,481.547385,429.006,699.6954
1372,StadiumSPONGENT-3-20260809-23:07:22-359377,StadiumSPONGENT,3,3,3,spongent,10,,,,UavAuthNetwork.uav[4],uav,aead_open,1,0.002444,2.444,2.444,2.444
1373,StadiumSPONGENT-3-20260809-23:07:22-359377,StadiumSPONGENT,3,3,3,spongent,10,,,,UavAuthNetwork.uav[4],uav,dh_derive,10,1.347872,134.7872,128.291,164.67815
1374,StadiumSPONGENT-3-20260809-23:07:22-359377,StadiumSPONGENT,3,3,3,spongent,10,,,,UavAuthNetwork.uav[4],uav,dh_keygen,10,0.662444,66.2444,65.157,70.39705
1375,StadiumSPONGENT-3-20260809-23:07:22-359377,StadiumSPONGENT,3,3,3,spongent,10,,,,UavAuthNetwork.uav[4],uav,extract,1,0.557258,557.258,557.258,557.258
1376,StadiumSPONGENT-3-20260809-23:07:22-359377,StadiumSPONGENT,3,3,3,spongent,10,,,,UavAuthNetwork.uav[4],uav,kdf,21,10.946761,521.274333,243.037,850.639
1377,StadiumSPONGENT-3-20260809-23:07:22-359377,StadiumSPONGENT,3,3,3,spongent,10,,,,UavAuthNetwork.uav[4],uav,mac,16,7.714853,482.178313,425.535,749.782
1378,StadiumSPONGENT-3-20260809-23:07:22-359377,StadiumSPONGENT,3,3,3,spongent,10,,,,UavAuthNetwork.uav[4],uav,mac_verify,14,6.753523,482.3945,443.123,713.70165
1379,StadiumSPONGENT-3-20260809-23:07:22-359377,StadiumSPONGENT,3,3,3,spongent,10,,,,UavAuthNetwork.uav[5],uav,aead_open,1,0.002485,2.485,2.485,2.485
1380,StadiumSPONGENT-3-20260809-23:07:22-359377,StadiumSPONGENT,3,3,3,spongent,10,,,,UavAuthNetwork.uav[5],uav,dh_derive,10,1.304931,130.4931,123.572,157.94925
1381,StadiumSPONGENT-3-20260809-23:07:22-359377,StadiumSPONGENT,3,3,3,spongent,10,,,,UavAuthNetwork.uav[5],uav,dh_keygen,10,0.720133,72.0133,65.313,91.63025
1382,StadiumSPONGENT-3-20260809-23:07:22-359377,StadiumSPONGENT,3,3,3,spongent,10,,,,UavAuthNetwork.uav[5],uav,extract,1,0.56414,564.14,564.14,564.14
1383,StadiumSPONGENT-3-20260809-23:07:22-359377,StadiumSPONGENT,3,3,3,spongent,10,,,,UavAuthNetwork.uav[5],uav,kdf,21,11.284133,537.339667,323.398,1013.155
1384,StadiumSPONGENT-3-20260809-23:07:22-359377,StadiumSPONGENT,3,3,3,spongent,10,,,,UavAuthNetwork.uav[5],uav,mac,15,7.42214,494.809333,425.61,772.2102
1385,StadiumSPONGENT-3-20260809-23:07:22-359377,StadiumSPONGENT,3,3,3,spongent,10,,,,UavAuthNetwork.uav[5],uav,mac_verify,15,7.145012,476.334133,437.272,641.1003
1386,StadiumSPONGENT-3-20260809-23:07:22-359377,StadiumSPONGENT,3,3,3,spongent,10,,,,UavAuthNetwork.uav[6],uav,aead_open,1,0.002434,2.434,2.434,2.434
1387,StadiumSPONGENT-3-20260809-23:07:22-359377,StadiumSPONGENT,3,3,3,spongent,10,,,,UavAuthNetwork.uav[6],uav,dh_derive,10,1.324091,132.4091,125.466,162.00985
1388,StadiumSPONGENT-3-20260809-23:07:22-359377,StadiumSPONGENT,3,3,3,spongent,10,,,,UavAuthNetwork.uav[6],uav,dh_keygen,10,0.664118,66.4118,65.1025,70.7153
1389,StadiumSPONGENT-3-20260809-23:07:22-359377,StadiumSPONGENT,3,3,3,spongent,10,,,,UavAuthNetwork.uav[6],uav,extract,1,0.557208,557.208,557.208,557.208
1390,StadiumSPONGENT-3-20260809-23:07:22-359377,StadiumSPONGENT,3,3,3,spongent,10,,,,UavAuthNetwork.uav[6],uav,kdf,21,11.206416,533.638857,246.683,943.143
1391,StadiumSPONGENT-3-20260809-23:07:22-359377,StadiumSPONGENT,3,3,3,spongent,10,,,,UavAuthNetwork.uav[6],uav,mac,14,6.582773,470.198071,426.1255,740.4768
1392,StadiumSPONGENT-3-20260809-23:07:22-359377,StadiumSPONGENT,3,3,3,spongent,10,,,,UavAuthNetwork.uav[6],uav,mac_verify,16,7.468577,466.786063,435.203,639.21375
1393,StadiumSPONGENT-3-20260809-23:07:22-359377,StadiumSPONGENT,3,3,3,spongent,10,,,,UavAuthNetwork.uav[7],uav,aead_open,1,0.002394,2.394,2.394,2.394
1394,StadiumSPONGENT-3-20260809-23:07:22-359377,StadiumSPONGENT,3,3,3,spongent,10,,,,UavAuthNetwork.uav[7],uav,dh_derive,10,1.235563,123.5563,123.1915,125.6123
1395,StadiumSPONGENT-3-20260809-23:07:22-359377,StadiumSPONGENT,3,3,3,spongent,10,,,,UavAuthNetwork.uav[7],uav,dh_keygen,10,0.662846,66.2846,65.133,71.1489
1396,StadiumSPONGENT-3-20260809-23:07:22-359377,StadiumSPONGENT,3,3,3,spongent,10,,,,UavAuthNetwork.uav[7],uav,extract,1,0.57453,574.53,574.53,574.53
1397,StadiumSPONGENT-3-20260809-23:07:22-359377,StadiumSPONGENT,3,3,3,spongent,10,,,,UavAuthNetwork.uav[7],uav,kdf,21,10.741923,511.520143,242.596,837.845
1398,StadiumSPONGENT-3-20260809-23:07:22-359377,StadiumSPONGENT,3,3,3,spongent,10,,,,UavAuthNetwork.uav[7],uav,mac,13,5.949514,457.654923,430.099,671.9876
1399,StadiumSPONGENT-3-20260809-23:07:22-359377,StadiumSPONGENT,3,3,3,spongent,10,,,,UavAuthNetwork.uav[7],uav,mac_verify,17,7.993598,470.211647,438.525,648.7992
1400,StadiumSPONGENT-3-20260809-23:07:22-359377,StadiumSPONGENT,3,3,3,spongent,10,,,,UavAuthNetwork.uav[8],uav,aead_open,1,0.003106,3.106,3.106,3.106
1401,StadiumSPONGENT-3-20260809-23:07:22-359377,StadiumSPONGENT,3,3,3,spongent,10,,,,UavAuthNetwork.uav[8],uav,dh_derive,10,1.334078,133.4078,123.407,167.5021
1402,StadiumSPONGENT-3-20260809-23:07:22-359377,StadiumSPONGENT,3,3,3,spongent,10,,,,UavAuthNetwork.uav[8],uav,dh_keygen,10,0.673016,67.3016,65.353,72.9886
1403,StadiumSPONGENT-3-20260809-23:07:22-359377,StadiumSPONGENT,3,3,3,spongent,10,,,,UavAuthNetwork.uav[8],uav,extract,1,0.550124,550.124,550.124,550.124
1404,StadiumSPONGENT-3-20260809-23:07:22-359377,StadiumSPONGENT,3,3,3,spongent,10,,,,UavAuthNetwork.uav[8],uav,kdf,21,10.974029,522.57281,248.817,856.631
1405,StadiumSPONGENT-3-20260809-23:07:22-359377,StadiumSPONGENT,3,3,3,spongent,10,,,,UavAuthNetwork.uav[8],uav,mac,12,5.402969,450.247417,426.7525,671.85955
1406,StadiumSPONGENT-3-20260809-23:07:22-359377,StadiumSPONGENT,3,3,3,spongent,10,,,,UavAuthNetwork.uav[8],uav,mac_verify,18,8.655814,480.878556,454.114,662.07075
1407,StadiumSPONGENT-3-20260809-23:07:22-359377,StadiumSPONGENT,3,3,3,spongent,10,,,,UavAuthNetwork.uav[9],uav,aead_open,1,0.004909,4.909,4.909,4.909
1408,StadiumSPONGENT-3-20260809-23:07:22-359377,StadiumSPONGENT,3,3,3,spongent,10,,,,UavAuthNetwork.uav[9],uav,dh_derive,10,1.301043,130.1043,124.063,153.06095
1409,StadiumSPONGENT-3-20260809-23:07:22-359377,StadiumSPONGENT,3,3,3,spongent,10,,,,UavAuthNetwork.uav[9],uav,dh_keygen,10,0.672243,67.2243,64.9875,77.23465
1410,StadiumSPONGENT-3-20260809-23:07:22-359377,StadiumSPONGENT,3,3,3,spongent,10,,,,UavAuthNetwork.uav[9],uav,extract,1,0.557488,557.488,557.488,557.488
1411,StadiumSPONGENT-3-20260809-23:07:22-359377,StadiumSPONGENT,3,3,3,spongent,10,,,,UavAuthNetwork.uav[9],uav,kdf,21,10.8297,515.7,271.861,842.163
1412,StadiumSPONGENT-3-20260809-23:07:22-359377,StadiumSPONGENT,3,3,3,spongent,10,,,,UavAuthNetwork.uav[9],uav,mac,11,5.030295,457.299545,424.808,647.6925
1413,StadiumSPONGENT-3-20260809-23:07:22-359377,StadiumSPONGENT,3,3,3,spongent,10,,,,UavAuthNetwork.uav[9],uav,mac_verify,19,8.976084,472.425474,496.563,634.0086
1414,StadiumSPONGENT-4-20260809-23:07:22-359377,StadiumSPONGENT,4,4,4,spongent,10,,,,UavAuthNetwork.groundStation,groundStation,aead_seal,10,0.036529,3.6529,2.88,6.37935
1415,StadiumSPONGENT-4-20260809-23:07:22-359377,StadiumSPONGENT,4,4,4,spongent,10,,,,UavAuthNetwork.groundStation,groundStation,dh_derive,10,1.306346,130.6346,124.7895,156.7597
1416,StadiumSPONGENT-4-20260809-23:07:22-359377,StadiumSPONGENT,4,4,4,spongent,10,,,,UavAuthNetwork.groundStation,groundStation,dh_keygen,10,0.663317,66.3317,65.503,69.1051
1417,StadiumSPONGENT-4-20260809-23:07:22-359377,StadiumSPONGENT,4,4,4,spongent,10,,,,UavAuthNetwork.groundStation,groundStation,extract,10,5.711626,571.1626,554.0165,651.22495
1418,StadiumSPONGENT-4-20260809-23:07:22-359377,StadiumSPONGENT,4,4,4,spongent,10,,,,UavAuthNetwork.groundStation,groundStation,kdf,180,49.282891,273.793839,240.397,860.8866
1419,StadiumSPONGENT-4-20260809-23:07:22-359377,StadiumSPONGENT,4,4,4,spongent,10,,,,UavAuthNetwork.groundStation,groundStation,mac,10,4.68101,468.101,465.716,475.1108
1420,StadiumSPONGENT-4-20260809-23:07:22-359377,StadiumSPONGENT,4,4,4,spongent,10,,,,UavAuthNetwork.groundStation,groundStation,mac_verify,20,11.05922,552.961,576.3635,780.18135
1421,StadiumSPONGENT-4-20260809-23:07:22-359377,StadiumSPONGENT,4,4,4,spongent,10,,,,UavAuthNetwork.uav[0],uav,aead_open,1,0.002836,2.836,2.836,2.836
1422,StadiumSPONGENT-4-20260809-23:07:22-359377,StadiumSPONGENT,4,4,4,spongent,10,,,,UavAuthNetwork.uav[0],uav,dh_derive,10,1.374603,137.4603,131.8475,168.08435
1423,StadiumSPONGENT-4-20260809-23:07:22-359377,StadiumSPONGENT,4,4,4,spongent,10,,,,UavAuthNetwork.uav[0],uav,dh_keygen,10,0.689664,68.9664,65.6335,83.89905
1424,StadiumSPONGENT-4-20260809-23:07:22-359377,StadiumSPONGENT,4,4,4,spongent,10,,,,UavAuthNetwork.uav[0],uav,extract,1,0.574951,574.951,574.951,574.951
1425,StadiumSPONGENT-4-20260809-23:07:22-359377,StadiumSPONGENT,4,4,4,spongent,10,,,,UavAuthNetwork.uav[0],uav,kdf,21,10.908915,519.472143,242.025,854.626
1426,StadiumSPONGENT-4-20260809-23:07:22-359377,StadiumSPONGENT,4,4,4,spongent,10,,,,UavAuthNetwork.uav[0],uav,mac,20,10.203158,510.1579,484.9515,821.47515
1427,StadiumSPONGENT-4-20260809-23:07:22-359377,StadiumSPONGENT,4,4,4,spongent,10,,,,UavAuthNetwork.uav[0],uav,mac_verify,10,4.833927,483.3927,460.626,594.06545
1428,StadiumSPONGENT-4-20260809-23:07:22-359377,StadiumSPONGENT,4,4,4,spongent,10,,,,UavAuthNetwork.uav[1],uav,aead_open,1,0.002495,2.495,2.495,2.495
1429,StadiumSPONGENT-4-20260809-23:07:22-359377,StadiumSPONGENT,4,4,4,spongent,10,,,,UavAuthNetwork.uav[1],uav,dh_derive,10,1.337504,133.7504,123.953,175.7968
1430,StadiumSPONGENT-4-20260809-23:07:22-359377,StadiumSPONGENT,4,4,4,spongent,10,,,,UavAuthNetwork.uav[1],uav,dh_keygen,10,0.656682,65.6682,65.4325,67.33595
1431,StadiumSPONGENT-4-20260809-23:07:22-359377,StadiumSPONGENT,4,4,4,spongent,10,,,,UavAuthNetwork.uav[1],uav,extract,1,0.555334,555.334,555.334,555.334
1432,StadiumSPONGENT-4-20260809-23:07:22-359377,StadiumSPONGENT,4,4,4,spongent,10,,,,UavAuthNetwork.uav[1],uav,kdf,21,10.860875,517.184524,243.839,851.21
1433,StadiumSPONGENT-4-20260809-23:07:22-359377,StadiumSPONGENT,4,4,4,spongent,10,,,,UavAuthNetwork.uav[1],uav,mac,19,9.246624,486.664421,423.827,731.7182
1434,StadiumSPONGENT-4-20260809-23:07:22-359377,StadiumSPONGENT,4,4,4,spongent,10,,,,UavAuthNetwork.uav[1],uav,mac_verify,11,4.935514,448.683091,432.533,565.2905
1435,StadiumSPONGENT-4-20260809-23:07:22-359377,StadiumSPONGENT,4,4,4,spongent,10,,,,UavAuthNetwork.uav[2],uav,aead_open,1,0.002575,2.575,2.575,2.575
1436,StadiumSPONGENT-4-20260809-23:07:22-359377,StadiumSPONGENT,4,4,4,spongent,10,,,,UavAuthNetwork.uav[2],uav,dh_derive,10,1.291226,129.1226,126.528,137.61665
1437,StadiumSPONGENT-4-20260809-23:07:22-359377,StadiumSPONGENT,4,4,4,spongent,10,,,,UavAuthNetwork.uav[2],uav,dh_keygen,10,0.656604,65.6604,64.832,69.60915
1438,StadiumSPONGENT-4-20260809-23:07:22-359377,StadiumSPONGENT,4,4,4,spongent,10,,,,UavAuthNetwork.uav[2],uav,extract,1,0.553631,553.631,553.631,553.631
1439,StadiumSPONGENT-4-20260809-23:07:22-359377,StadiumSPONGENT,4,4,4,spongent,10,,,,UavAuthNetwork.uav[2],uav,kdf,21,10.980292,522.871048,243.878,899.0
1440,StadiumSPONGENT-4-20260809-23:07:22-359377,StadiumSPONGENT,4,4,4,spongent,10,,,,UavAuthNetwork.uav[2],uav,mac,18,8.613199,478.511056,424.9235,712.2277
1441,StadiumSPONGENT-4-20260809-23:07:22-359377,StadiumSPONGENT,4,4,4,spongent,10,,,,UavAuthNetwork.uav[2],uav,mac_verify,12,5.462863,455.238583,430.1585,673.94415
1442,StadiumSPONGENT-4-20260809-23:07:22-359377,StadiumSPONGENT,4,4,4,spongent,10,,,,UavAuthNetwork.uav[3],uav,aead_open,1,0.003086,3.086,3.086,3.086
1443,StadiumSPONGENT-4-20260809-23:07:22-359377,StadiumSPONGENT,4,4,4,spongent,10,,,,UavAuthNetwork.uav[3],uav,dh_derive,10,1.330164,133.0164,126.698,162.3797
1444,StadiumSPONGENT-4-20260809-23:07:22-359377,StadiumSPONGENT,4,4,4,spongent,10,,,,UavAuthNetwork.uav[3],uav,dh_keygen,10,0.742688,74.2688,68.6395,96.09845
1445,StadiumSPONGENT-4-20260809-23:07:22-359377,StadiumSPONGENT,4,4,4,spongent,10,,,,UavAuthNetwork.uav[3],uav,extract,1,0.760279,760.279,760.279,760.279
1446,StadiumSPONGENT-4-20260809-23:07:22-359377,StadiumSPONGENT,4,4,4,spongent,10,,,,UavAuthNetwork.uav[3],uav,kdf,21,11.091061,528.145762,315.724,852.843
1447,StadiumSPONGENT-4-20260809-23:07:22-359377,StadiumSPONGENT,4,4,4,spongent,10,,,,UavAuthNetwork.uav[3],uav,mac,17,8.479788,498.811059,431.651,755.608
1448,StadiumSPONGENT-4-20260809-23:07:22-359377,StadiumSPONGENT,4,4,4,spongent,10,,,,UavAuthNetwork.uav[3],uav,mac_verify,13,6.11717,470.551538,444.555,637.0106
1449,StadiumSPONGENT-4-20260809-23:07:22-359377,StadiumSPONGENT,4,4,4,spongent,10,,,,UavAuthNetwork.uav[4],uav,aead_open,1,0.002645,2.645,2.645,2.645
1450,StadiumSPONGENT-4-20260809-23:07:22-359377,StadiumSPONGENT,4,4,4,spongent,10,,,,UavAuthNetwork.uav[4],uav,dh_derive,10,1.388012,138.8012,123.8935,179.767
1451,StadiumSPONGENT-4-20260809-23:07:22-359377,StadiumSPONGENT,4,4,4,spongent,10,,,,UavAuthNetwork.uav[4],uav,dh_keygen,10,0.665982,66.5982,65.0425,72.297
1452,StadiumSPONGENT-4-20260809-23:07:22-359377,StadiumSPONGENT,4,4,4,spongent,10,,,,UavAuthNetwork.uav[4],uav,extract,1,0.559091,559.091,559.091,559.091
1453,StadiumSPONGENT-4-20260809-23:07:22-359377,StadiumSPONGENT,4,4,4,spongent,10,,,,UavAuthNetwork.uav[4],uav,kdf,21,11.370847,541.468905,242.886,1007.323
1454,StadiumSPONGENT-4-20260809-23:07:22-359377,StadiumSPONGENT,4,4,4,spongent,10,,,,UavAuthNetwork.uav[4],uav,mac,16,7.798181,487.386312,428.721,788.983
1455,StadiumSPONGENT-4-20260809-23:07:22-359377,StadiumSPONGENT,4,4,4,spongent,10,,,,UavAuthNetwork.uav[4],uav,mac_verify,14,6.544592,467.470857,437.408,636.10535
1456,StadiumSPONGENT-4-20260809-23:07:22-359377,StadiumSPONGENT,4,4,4,spongent,10,,,,UavAuthNetwork.uav[5],uav,aead_open,1,0.002555,2.555,2.555,2.555
1457,StadiumSPONGENT-4-20260809-23:07:22-359377,StadiumSPONGENT,4,4,4,spongent,10,,,,UavAuthNetwork.uav[5],uav,dh_derive,10,1.273367,127.3367,123.392,143.44065
1458,StadiumSPONGENT-4-20260809-23:07:22-359377,StadiumSPONGENT,4,4,4,spongent,10,,,,UavAuthNetwork.uav[5],uav,dh_keygen,10,0.657105,65.7105,65.132,69.1055
1459,StadiumSPONGENT-4-20260809-23:07:22-359377,StadiumSPONGENT,4,4,4,spongent,10,,,,UavAuthNetwork.uav[5],uav,extract,1,0.556156,556.156,556.156,556.156
1460,StadiumSPONGENT-4-20260809-23:07:22-359377,StadiumSPONGENT,4,4,4,spongent,10,,,,UavAuthNetwork.uav[5],uav,kdf,21,10.952371,521.541476,242.356,889.161
1461,StadiumSPONGENT-4-20260809-23:07:22-359377,StadiumSPONGENT,4,4,4,spongent,10,,,,UavAuthNetwork.uav[5],uav,mac,15,7.136174,475.744933,426.211,741.9757
1462,StadiumSPONGENT-4-20260809-23:07:22-359377,StadiumSPONGENT,4,4,4,spongent,10,,,,UavAuthNetwork.uav[5],uav,mac_verify,15,7.008904,467.260267,437.232,639.3086
1463,StadiumSPONGENT-4-20260809-23:07:22-359377,StadiumSPONGENT,4,4,4,spongent,10,,,,UavAuthNetwork.uav[6],uav,aead_open,1,0.002585,2.585,2.585,2.585
1464,StadiumSPONGENT-4-20260809-23:07:22-359377,StadiumSPONGENT,4,4,4,spongent,10,,,,UavAuthNetwork.uav[6],uav,dh_derive,10,1.354177,135.4177,126.613,172.2949
1465,StadiumSPONGENT-4-20260809-23:07:22-359377,StadiumSPONGENT,4,4,4,spongent,10,,,,UavAuthNetwork.uav[6],uav,dh_keygen,10,0.659991,65.9991,65.3075,69.8372
1466,StadiumSPONGENT-4-20260809-23:07:22-359377,StadiumSPONGENT,4,4,4,spongent,10,,,,UavAuthNetwork.uav[6],uav,extract,1,0.549853,549.853,549.853,549.853
1467,StadiumSPONGENT-4-20260809-23:07:22-359377,StadiumSPONGENT,4,4,4,spongent,10,,,,UavAuthNetwork.uav[6],uav,kdf,21,10.786209,513.629,269.918,838.407
1468,StadiumSPONGENT-4-20260809-23:07:22-359377,StadiumSPONGENT,4,4,4,spongent,10,,,,UavAuthNetwork.uav[6],uav,mac,14,6.606218,471.872714,419.959,716.8439
1469,StadiumSPONGENT-4-20260809-23:07:22-359377,StadiumSPONGENT,4,4,4,spongent,10,,,,UavAuthNetwork.uav[6],uav,mac_verify,16,7.634612,477.16325,435.058,658.89825
1470,StadiumSPONGENT-4-20260809-23:07:22-359377,StadiumSPONGENT,4,4,4,spongent,10,,,,UavAuthNetwork.uav[7],uav,aead_open,1,0.002464,2.464,2.464,2.464
1471,StadiumSPONGENT-4-20260809-23:07:22-359377,StadiumSPONGENT,4,4,4,spongent,10,,,,UavAuthNetwork.uav[7],uav,dh_derive,10,1.253257,125.3257,123.853,133.2254
1472,StadiumSPONGENT-4-20260809-23:07:22-359377,StadiumSPONGENT,4,4,4,spongent,10,,,,UavAuthNetwork.uav[7],uav,dh_keygen,10,0.696268,69.6268,65.067,85.705
1473,StadiumSPONGENT-4-20260809-23:07:22-359377,StadiumSPONGENT,4,4,4,spongent,10,,,,UavAuthNetwork.uav[7],uav,extract,1,0.550505,550.505,550.505,550.505
1474,StadiumSPONGENT-4-20260809-23:07:22-359377,StadiumSPONGENT,4,4,4,spongent,10,,,,UavAuthNetwork.uav[7],uav,kdf,21,10.660871,507.660524,241.794,807.528
1475,StadiumSPONGENT-4-20260809-23:07:22-359377,StadiumSPONGENT,4,4,4,spongent,10,,,,UavAuthNetwork.uav[7],uav,mac,13,6.057686,465.975846,428.465,667.7394
1476,StadiumSPONGENT-4-20260809-23:07:22-359377,StadiumSPONGENT,4,4,4,spongent,10,,,,UavAuthNetwork.uav[7],uav,mac_verify,17,7.94324,467.249412,432.233,634.8354
1477,StadiumSPONGENT-4-20260809-23:07:22-359377,StadiumSPONGENT,4,4,4,spongent,10,,,,UavAuthNetwork.uav[8],uav,aead_open,1,0.002575,2.575,2.575,2.575
1478,StadiumSPONGENT-4-20260809-23:07:22-359377,StadiumSPONGENT,4,4,4,spongent,10,,,,UavAuthNetwork.uav[8],uav,dh_derive,10,1.293045,129.3045,124.574,151.5156
1479,StadiumSPONGENT-4-20260809-23:07:22-359377,StadiumSPONGENT,4,4,4,spongent,10,,,,UavAuthNetwork.uav[8],uav,dh_keygen,10,0.674269,67.4269,64.9825,75.08465
1480,StadiumSPONGENT-4-20260809-23:07:22-359377,StadiumSPONGENT,4,4,4,spongent,10,,,,UavAuthNetwork.uav[8],uav,extract,1,0.564241,564.241,564.241,564.241
1481,StadiumSPONGENT-4-20260809-23:07:22-359377,StadiumSPONGENT,4,4,4,spongent,10,,,,UavAuthNetwork.uav[8],uav,kdf,21,10.86408,517.337143,314.462,859.246
1482,StadiumSPONGENT-4-20260809-23:07:22-359377,StadiumSPONGENT,4,4,4,spongent,10,,,,UavAuthNetwork.uav[8],uav,mac,12,5.516581,459.715083,428.2,690.22325
1483,StadiumSPONGENT-4-20260809-23:07:22-359377,StadiumSPONGENT,4,4,4,spongent,10,,,,UavAuthNetwork.uav[8],uav,mac_verify,18,8.656655,480.925278,449.395,685.68755
1484,StadiumSPONGENT-4-20260809-23:07:22-359377,StadiumSPONGENT,4,4,4,spongent,10,,,,UavAuthNetwork.uav[9],uav,aead_open,1,0.002435,2.435,2.435,2.435
1485,StadiumSPONGENT-4-20260809-23:07:22-359377,StadiumSPONGENT,4,4,4,spongent,10,,,,UavAuthNetwork.uav[9],uav,dh_derive,10,1.256233,125.6233,123.5475,131.6676
1486,StadiumSPONGENT-4-20260809-23:07:22-359377,StadiumSPONGENT,4,4,4,spongent,10,,,,UavAuthNetwork.uav[9],uav,dh_keygen,10,0.662377,66.2377,65.153,69.1256
1487,StadiumSPONGENT-4-20260809-23:07:22-359377,StadiumSPONGENT,4,4,4,spongent,10,,,,UavAuthNetwork.uav[9],uav,extract,1,0.548541,548.541,548.541,548.541
1488,StadiumSPONGENT-4-20260809-23:07:22-359377,StadiumSPONGENT,4,4,4,spongent,10,,,,UavAuthNetwork.uav[9],uav,kdf,21,10.863988,517.332762,264.597,845.379
1489,StadiumSPONGENT-4-20260809-23:07:22-359377,StadiumSPONGENT,4,4,4,spongent,10,,,,UavAuthNetwork.uav[9],uav,mac,11,4.879612,443.601091,422.845,576.729
1490,StadiumSPONGENT-4-20260809-23:07:22-359377,StadiumSPONGENT,4,4,4,spongent,10,,,,UavAuthNetwork.uav[9],uav,mac_verify,19,8.972211,472.221632,471.015,633.7882
1491,StadiumSPONGENT-5-20260809-23:07:23-359377,StadiumSPONGENT,5,5,5,spongent,10,,,,UavAuthNetwork.groundStation,groundStation,aead_seal,10,0.030368,3.0368,2.926,3.758
1492,StadiumSPONGENT-5-20260809-23:07:23-359377,StadiumSPONGENT,5,5,5,spongent,10,,,,UavAuthNetwork.groundStation,groundStation,dh_derive,10,1.289392,128.9392,124.059,150.38965
1493,StadiumSPONGENT-5-20260809-23:07:23-359377,StadiumSPONGENT,5,5,5,spongent,10,,,,UavAuthNetwork.groundStation,groundStation,dh_keygen,10,0.7095,70.95,66.175,87.64455
1494,StadiumSPONGENT-5-20260809-23:07:23-359377,StadiumSPONGENT,5,5,5,spongent,10,,,,UavAuthNetwork.groundStation,groundStation,extract,10,5.527396,552.7396,552.7335,560.45385
1495,StadiumSPONGENT-5-20260809-23:07:23-359377,StadiumSPONGENT,5,5,5,spongent,10,,,,UavAuthNetwork.groundStation,groundStation,kdf,180,50.102045,278.344694,240.4135,862.13395
1496,StadiumSPONGENT-5-20260809-23:07:23-359377,StadiumSPONGENT,5,5,5,spongent,10,,,,UavAuthNetwork.groundStation,groundStation,mac,10,4.916278,491.6278,473.534,580.3058
1497,StadiumSPONGENT-5-20260809-23:07:23-359377,StadiumSPONGENT,5,5,5,spongent,10,,,,UavAuthNetwork.groundStation,groundStation,mac_verify,20,10.902096,545.1048,565.527,755.67495
1498,StadiumSPONGENT-5-20260809-23:07:23-359377,StadiumSPONGENT,5,5,5,spongent,10,,,,UavAuthNetwork.uav[0],uav,aead_open,1,0.002835,2.835,2.835,2.835
1499,StadiumSPONGENT-5-20260809-23:07:23-359377,StadiumSPONGENT,5,5,5,spongent,10,,,,UavAuthNetwork.uav[0],uav,dh_derive,10,1.303008,130.3008,129.5745,142.63735
1500,StadiumSPONGENT-5-20260809-23:07:23-359377,StadiumSPONGENT,5,5,5,spongent,10,,,,UavAuthNetwork.uav[0],uav,dh_keygen,10,0.717535,71.7535,68.8705,85.6339
1501,StadiumSPONGENT-5-20260809-23:07:23-359377,StadiumSPONGENT,5,5,5,spongent,10,,,,UavAuthNetwork.uav[0],uav,extract,1,0.564566,564.566,564.566,564.566
1502,StadiumSPONGENT-5-20260809-23:07:23-359377,StadiumSPONGENT,5,5,5,spongent,10,,,,UavAuthNetwork.uav[0],uav,kdf,21,10.77192,512.948571,264.6,844.414
1503,StadiumSPONGENT-5-20260809-23:07:23-359377,StadiumSPONGENT,5,5,5,spongent,10,,,,UavAuthNetwork.uav[0],uav,mac,20,9.821438,491.0719,524.7905,748.0667
1504,StadiumSPONGENT-5-20260809-23:07:23-359377,StadiumSPONGENT,5,5,5,spongent,10,,,,UavAuthNetwork.uav[0],uav,mac_verify,10,4.420243,442.0243,431.374,495.8279
1505,StadiumSPONGENT-5-20260809-23:07:23-359377,StadiumSPONGENT,5,5,5,spongent,10,,,,UavAuthNetwork.uav[1],uav,aead_open,1,0.002494,2.494,2.494,2.494
1506,StadiumSPONGENT-5-20260809-23:07:23-359377,StadiumSPONGENT,5,5,5,spongent,10,,,,UavAuthNetwork.uav[1],uav,dh_derive,10,1.289513,128.9513,125.3465,144.3508
1507,StadiumSPONGENT-5-20260809-23:07:23-359377,StadiumSPONGENT,5,5,5,spongent,10,,,,UavAuthNetwork.uav[1],uav,dh_keygen,10,0.696295,69.6295,66.5905,84.28615
1508,StadiumSPONGENT-5-20260809-23:07:23-359377,StadiumSPONGENT,5,5,5,spongent,10,,,,UavAuthNetwork.uav[1],uav,extract,1,0.555578,555.578,555.578,555.578
1509,StadiumSPONGENT-5-20260809-23:07:23-359377,StadiumSPONGENT,5,5,5,spongent,10,,,,UavAuthNetwork.uav[1],uav,kdf,21,10.888173,518.484429,271.823,852.529
1510,StadiumSPONGENT-5-20260809-23:07:23-359377,StadiumSPONGENT,5,5,5,spongent,10,,,,UavAuthNetwork.uav[1],uav,mac,19,9.383512,493.869053,426.785,743.516
1511,StadiumSPONGENT-5-20260809-23:07:23-359377,StadiumSPONGENT,5,5,5,spongent,10,,,,UavAuthNetwork.uav[1],uav,mac_verify,11,4.937992,448.908364,425.844,585.22
1512,StadiumSPONGENT-5-20260809-23:07:23-359377,StadiumSPONGENT,5,5,5,spongent,10,,,,UavAuthNetwork.uav[2],uav,aead_open,1,0.002505,2.505,2.505,2.505
1513,StadiumSPONGENT-5-20260809-23:07:23-359377,StadiumSPONGENT,5,5,5,spongent,10,,,,UavAuthNetwork.uav[2],uav,dh_derive,10,1.296839,129.6839,126.5945,141.2946
1514,StadiumSPONGENT-5-20260809-23:07:23-359377,StadiumSPONGENT,5,5,5,spongent,10,,,,UavAuthNetwork.uav[2],uav,dh_keygen,10,0.702415,70.2415,64.9425,84.74245
1515,StadiumSPONGENT-5-20260809-23:07:23-359377,StadiumSPONGENT,5,5,5,spongent,10,,,,UavAuthNetwork.uav[2],uav,extract,1,0.556962,556.962,556.962,556.962
1516,StadiumSPONGENT-5-20260809-23:07:23-359377,StadiumSPONGENT,5,5,5,spongent,10,,,,UavAuthNetwork.uav[2],uav,kdf,21,10.86074,517.178095,235.565,866.766
1517,StadiumSPONGENT-5-20260809-23:07:23-359377,StadiumSPONGENT,5,5,5,spongent,10,,,,UavAuthNetwork.uav[2],uav,mac,18,8.687928,482.662667,423.72,718.15535
1518,StadiumSPONGENT-5-20260809-23:07:23-359377,StadiumSPONGENT,5,5,5,spongent,10,,,,UavAuthNetwork.uav[2],uav,mac_verify,12,5.36701,447.250833,427.402,640.3227
1519,StadiumSPONGENT-5-20260809-23:07:23-359377,StadiumSPONGENT,5,5,5,spongent,10,,,,UavAuthNetwork.uav[3],uav,aead_open,1,0.002625,2.625,2.625,2.625
1520,StadiumSPONGENT-5-20260809-23:07:23-359377,StadiumSPONGENT,5,5,5,spongent,10,,,,UavAuthNetwork.uav[3],uav,dh_derive,10,1.369388,136.9388,124.916,184.89705
1521,StadiumSPONGENT-5-20260809-23:07:23-359377,StadiumSPONGENT,5,5,5,spongent,10,,,,UavAuthNetwork.uav[3],uav,dh_keygen,10,0.674734,67.4734,65.178,75.95635
1522,StadiumSPONGENT-5-20260809-23:07:23-359377,StadiumSPONGENT,5,5,5,spongent,10,,,,UavAuthNetwork.uav[3],uav,extract,1,0.55641,556.41,556.41,556.41
1523,StadiumSPONGENT-5-20260809-23:07:23-359377,StadiumSPONGENT,5,5,5,spongent,10,,,,UavAuthNetwork.uav[3],uav,kdf,21,11.129469,529.974714,241.786,893.537
1524,StadiumSPONGENT-5-20260809-23:07:23-359377,StadiumSPONGENT,5,5,5,spongent,10,,,,UavAuthNetwork.uav[3],uav,mac,17,8.101636,476.566824,420.824,697.112
1525,StadiumSPONGENT-5-20260809-23:07:23-359377,StadiumSPONGENT,5,5,5,spongent,10,,,,UavAuthNetwork.uav[3],uav,mac_verify,13,6.094783,468.829462,435.241,715.1982
1526,StadiumSPONGENT-5-20260809-23:07:23-359377,StadiumSPONGENT,5,5,5,spongent,10,,,,UavAuthNetwork.uav[4],uav,aead_open,1,0.002454,2.454,2.454,2.454
1527,StadiumSPONGENT-5-20260809-23:07:23-359377,StadiumSPONGENT,5,5,5,spongent,10,,,,UavAuthNetwork.uav[4],uav,dh_derive,10,1.297802,129.7802,128.788,138.98415
1528,StadiumSPONGENT-5-20260809-23:07:23-359377,StadiumSPONGENT,5,5,5,spongent,10,,,,UavAuthNetwork.uav[4],uav,dh_keygen,10,0.71917,71.917,65.97,94.6865
1529,StadiumSPONGENT-5-20260809-23:07:23-359377,StadiumSPONGENT,5,5,5,spongent,10,,,,UavAuthNetwork.uav[4],uav,extract,1,0.558414,558.414,558.414,558.414
1530,StadiumSPONGENT-5-20260809-23:07:23-359377,StadiumSPONGENT,5,5,5,spongent,10,,,,UavAuthNetwork.uav[4],uav,kdf,21,10.804663,514.507762,257.716,858.2
1531,StadiumSPONGENT-5-20260809-23:07:23-359377,StadiumSPONGENT,5,5,5,spongent,10,,,,UavAuthNetwork.uav[4],uav,mac,16,7.736656,483.541,424.5415,735.2605
1532,StadiumSPONGENT-5-20260809-23:07:23-359377,StadiumSPONGENT,5,5,5,spongent,10,,,,UavAuthNetwork.uav[4],uav,mac_verify,14,6.811629,486.544929,479.661,693.8802
1533,StadiumSPONGENT-5-20260809-23:07:23-359377,StadiumSPONGENT,5,5,5,spongent,10,,,,UavAuthNetwork.uav[5],uav,aead_open,1,0.002885,2.885,2.885,2.885
1534,StadiumSPONGENT-5-20260809-23:07:23-359377,StadiumSPONGENT,5,5,5,spongent,10,,,,UavAuthNetwork.uav[5],uav,dh_derive,10,1.268213,126.8213,125.0255,131.70565
1535,StadiumSPONGENT-5-20260809-23:07:23-359377,StadiumSPONGENT,5,5,5,spongent,10,,,,UavAuthNetwork.uav[5],uav,dh_keygen,10,0.668501,66.8501,65.223,72.6697
1536,StadiumSPONGENT-5-20260809-23:07:23-359377,StadiumSPONGENT,5,5,5,spongent,10,,,,UavAuthNetwork.uav[5],uav,extract,1,0.558484,558.484,558.484,558.484
1537,StadiumSPONGENT-5-20260809-23:07:23-359377,StadiumSPONGENT,5,5,5,spongent,10,,,,UavAuthNetwork.uav[5],uav,kdf,21,10.79672,514.129524,244.371,842.731
1538,StadiumSPONGENT-5-20260809-23:07:23-359377,StadiumSPONGENT,5,5,5,spongent,10,,,,UavAuthNetwork.uav[5],uav,mac,15,7.008268,467.217867,433.829,668.2639
1539,StadiumSPONGENT-5-20260809-23:07:23-359377,StadiumSPONGENT,5,5,5,spongent,10,,,,UavAuthNetwork.uav[5],uav,mac_verify,15,6.94038,462.692,430.913,643.2599
1540,StadiumSPONGENT-5-20260809-23:07:23-359377,StadiumSPONGENT,5,5,5,spongent,10,,,,UavAuthNetwork.uav[6],uav,aead_open,1,0.002635,2.635,2.635,2.635
1541,StadiumSPONGENT-5-20260809-23:07:23-359377,StadiumSPONGENT,5,5,5,spongent,10,,,,UavAuthNetwork.uav[6],uav,dh_derive,10,1.305704,130.5704,123.528,156.76095
1542,StadiumSPONGENT-5-20260809-23:07:23-359377,StadiumSPONGENT,5,5,5,spongent,10,,,,UavAuthNetwork.uav[6],uav,dh_keygen,10,0.680595,68.0595,65.1375,77.30155
1543,StadiumSPONGENT-5-20260809-23:07:23-359377,StadiumSPONGENT,5,5,5,spongent,10,,,,UavAuthNetwork.uav[6],uav,extract,1,0.563123,563.123,563.123,563.123
1544,StadiumSPONGENT-5-20260809-23:07:23-359377,StadiumSPONGENT,5,5,5,spongent,10,,,,UavAuthNetwork.uav[6],uav,kdf,21,10.977371,522.731952,243.91,876.835
1545,StadiumSPONGENT-5-20260809-23:07:23-359377,StadiumSPONGENT,5,5,5,spongent,10,,,,UavAuthNetwork.uav[6],uav,mac,14,6.486732,463.338,428.604,668.0339
1546,StadiumSPONGENT-5-20260809-23:07:23-359377,StadiumSPONGENT,5,5,5,spongent,10,,,,UavAuthNetwork.uav[6],uav,mac_verify,16,7.587533,474.220813,426.9405,679.63775
1547,StadiumSPONGENT-5-20260809-23:07:23-359377,StadiumSPONGENT,5,5,5,spongent,10,,,,UavAuthNetwork.uav[7],uav,aead_open,1,0.006753,6.753,6.753,6.753
1548,StadiumSPONGENT-5-20260809-23:07:23-359377,StadiumSPONGENT,5,5,5,spongent,10,,,,UavAuthNetwork.uav[7],uav,dh_derive,10,1.432584,143.2584,127.2405,189.0114
1549,StadiumSPONGENT-5-20260809-23:07:23-359377,StadiumSPONGENT,5,5,5,spongent,10,,,,UavAuthNetwork.uav[7],uav,dh_keygen,10,0.66707,66.707,64.988,73.99175
1550,StadiumSPONGENT-5-20260809-23:07:23-359377,StadiumSPONGENT,5,5,5,spongent,10,,,,UavAuthNetwork.uav[7],uav,extract,1,0.551842,551.842,551.842,551.842
1551,StadiumSPONGENT-5-20260809-23:07:23-359377,StadiumSPONGENT,5,5,5,spongent,10,,,,UavAuthNetwork.uav[7],uav,kdf,21,11.422682,543.937238,265.522,1035.645
1552,StadiumSPONGENT-5-20260809-23:07:23-359377,StadiumSPONGENT,5,5,5,spongent,10,,,,UavAuthNetwork.uav[7],uav,mac,13,5.925143,455.780231,428.549,667.5642
1553,StadiumSPONGENT-5-20260809-23:07:23-359377,StadiumSPONGENT,5,5,5,spongent,10,,,,UavAuthNetwork.uav[7],uav,mac_verify,17,8.428251,495.779471,434.671,799.5954
1554,StadiumSPONGENT-5-20260809-23:07:23-359377,StadiumSPONGENT,5,5,5,spongent,10,,,,UavAuthNetwork.uav[8],uav,aead_open,1,0.002825,2.825,2.825,2.825
1555,StadiumSPONGENT-5-20260809-23:07:23-359377,StadiumSPONGENT,5,5,5,spongent,10,,,,UavAuthNetwork.uav[8],uav,dh_derive,10,1.334149,133.4149,124.555,159.86995
1556,StadiumSPONGENT-5-20260809-23:07:23-359377,StadiumSPONGENT,5,5,5,spongent,10,,,,UavAuthNetwork.uav[8],uav,dh_keygen,10,0.682337,68.2337,65.388,76.61565
1557,StadiumSPONGENT-5-20260809-23:07:23-359377,StadiumSPONGENT,5,5,5,spongent,10,,,,UavAuthNetwork.uav[8],uav,extract,1,0.560518,560.518,560.518,560.518
1558,StadiumSPONGENT-5-20260809-23:07:23-359377,StadiumSPONGENT,5,5,5,spongent,10,,,,UavAuthNetwork.uav[8],uav,kdf,21,10.90837,519.44619,244.451,871.334
1559,StadiumSPONGENT-5-20260809-23:07:23-359377,StadiumSPONGENT,5,5,5,spongent,10,,,,UavAuthNetwork.uav[8],uav,mac,12,5.38706,448.921667,419.2265,673.2383
1560,StadiumSPONGENT-5-20260809-23:07:23-359377,StadiumSPONGENT,5,5,5,spongent,10,,,,UavAuthNetwork.uav[8],uav,mac_verify,18,8.681418,482.301,505.389,677.1173
1561,StadiumSPONGENT-5-20260809-23:07:23-359377,StadiumSPONGENT,5,5,5,spongent,10,,,,UavAuthNetwork.uav[9],uav,aead_open,1,0.002555,2.555,2.555,2.555
1562,StadiumSPONGENT-5-20260809-23:07:23-359377,StadiumSPONGENT,5,5,5,spongent,10,,,,UavAuthNetwork.uav[9],uav,dh_derive,10,1.368782,136.8782,128.182,172.76835
1563,StadiumSPONGENT-5-20260809-23:07:23-359377,StadiumSPONGENT,5,5,5,spongent,10,,,,UavAuthNetwork.uav[9],uav,dh_keygen,10,0.737081,73.7081,70.0975,94.6926
1564,StadiumSPONGENT-5-20260809-23:07:23-359377,StadiumSPONGENT,5,5,5,spongent,10,,,,UavAuthNetwork.uav[9],uav,extract,1,0.562491,562.491,562.491,562.491
1565,StadiumSPONGENT-5-20260809-23:07:23-359377,StadiumSPONGENT,5,5,5,spongent,10,,,,UavAuthNetwork.uav[9],uav,kdf,21,11.154637,531.17319,316.247,925.317
1566,StadiumSPONGENT-5-20260809-23:07:23-359377,StadiumSPONGENT,5,5,5,spongent,10,,,,UavAuthNetwork.uav[9],uav,mac,11,4.999527,454.502455,422.438,628.2455
1567,StadiumSPONGENT-5-20260809-23:07:23-359377,StadiumSPONGENT,5,5,5,spongent,10,,,,UavAuthNetwork.uav[9],uav,mac_verify,19,9.730118,512.111474,462.523,843.3455
1568,StadiumSPONGENT-6-20260809-23:07:23-359377,StadiumSPONGENT,6,6,6,spongent,10,,,,UavAuthNetwork.groundStation,groundStation,aead_seal,10,0.031197,3.1197,2.9555,3.8055
1569,StadiumSPONGENT-6-20260809-23:07:23-359377,StadiumSPONGENT,6,6,6,spongent,10,,,,UavAuthNetwork.groundStation,groundStation,dh_derive,10,1.278554,127.8554,123.924,145.7605
1570,StadiumSPONGENT-6-20260809-23:07:23-359377,StadiumSPONGENT,6,6,6,spongent,10,,,,UavAuthNetwork.groundStation,groundStation,dh_keygen,10,0.671047,67.1047,65.975,72.06545
1571,StadiumSPONGENT-6-20260809-23:07:23-359377,StadiumSPONGENT,6,6,6,spongent,10,,,,UavAuthNetwork.groundStation,groundStation,extract,10,5.522996,552.2996,552.3475,556.1597
1572,StadiumSPONGENT-6-20260809-23:07:23-359377,StadiumSPONGENT,6,6,6,spongent,10,,,,UavAuthNetwork.groundStation,groundStation,kdf,180,49.752142,276.400789,240.9995,862.55255
1573,StadiumSPONGENT-6-20260809-23:07:23-359377,StadiumSPONGENT,6,6,6,spongent,10,,,,UavAuthNetwork.groundStation,groundStation,mac,10,4.737331,473.7331,474.5655,482.84265
1574,StadiumSPONGENT-6-20260809-23:07:23-359377,StadiumSPONGENT,6,6,6,spongent,10,,,,UavAuthNetwork.groundStation,groundStation,mac_verify,20,10.88801,544.4005,549.983,761.4471
1575,StadiumSPONGENT-6-20260809-23:07:23-359377,StadiumSPONGENT,6,6,6,spongent,10,,,,UavAuthNetwork.uav[0],uav,aead_open,1,0.002945,2.945,2.945,2.945
1576,StadiumSPONGENT-6-20260809-23:07:23-359377,StadiumSPONGENT,6,6,6,spongent,10,,,,UavAuthNetwork.uav[0],uav,dh_derive,10,1.264618,126.4618,124.9305,133.59635
1577,StadiumSPONGENT-6-20260809-23:07:23-359377,StadiumSPONGENT,6,6,6,spongent,10,,,,UavAuthNetwork.uav[0],uav,dh_keygen,10,0.707845,70.7845,68.7545,80.2526
1578,StadiumSPONGENT-6-20260809-23:07:23-359377,StadiumSPONGENT,6,6,6,spongent,10,,,,UavAuthNetwork.uav[0],uav,extract,1,0.560718,560.718,560.718,560.718
1579,StadiumSPONGENT-6-20260809-23:07:23-359377,StadiumSPONGENT,6,6,6,spongent,10,,,,UavAuthNetwork.uav[0],uav,kdf,21,10.792716,513.938857,255.221,849.653
1580,StadiumSPONGENT-6-20260809-23:07:23-359377,StadiumSPONGENT,6,6,6,spongent,10,,,,UavAuthNetwork.uav[0],uav,mac,20,9.924644,496.2322,518.158,743.0102
1581,StadiumSPONGENT-6-20260809-23:07:23-359377,StadiumSPONGENT,6,6,6,spongent,10,,,,UavAuthNetwork.uav[0],uav,mac_verify,10,4.496549,449.6549,433.1125,527.36005
1582,StadiumSPONGENT-6-20260809-23:07:23-359377,StadiumSPONGENT,6,6,6,spongent,10,,,,UavAuthNetwork.uav[1],uav,aead_open,1,0.002485,2.485,2.485,2.485
1583,StadiumSPONGENT-6-20260809-23:07:23-359377,StadiumSPONGENT,6,6,6,spongent,10,,,,UavAuthNetwork.uav[1],uav,dh_derive,10,1.244488,124.4488,123.814,127.01655
1584,StadiumSPONGENT-6-20260809-23:07:23-359377,StadiumSPONGENT,6,6,6,spongent,10,,,,UavAuthNetwork.uav[1],uav,dh_keygen,10,0.725291,72.5291,67.813,91.554
1585,StadiumSPONGENT-6-20260809-23:07:23-359377,StadiumSPONGENT,6,6,6,spongent,10,,,,UavAuthNetwork.uav[1],uav,extract,1,0.552202,552.202,552.202,552.202
1586,StadiumSPONGENT-6-20260809-23:07:23-359377,StadiumSPONGENT,6,6,6,spongent,10,,,,UavAuthNetwork.uav[1],uav,kdf,21,10.894464,518.784,324.913,846.046
1587,StadiumSPONGENT-6-20260809-23:07:23-359377,StadiumSPONGENT,6,6,6,spongent,10,,,,UavAuthNetwork.uav[1],uav,mac,19,9.247104,486.689684,428.839,649.2111
1588,StadiumSPONGENT-6-20260809-23:07:23-359377,StadiumSPONGENT,6,6,6,spongent,10,,,,UavAuthNetwork.uav[1],uav,mac_verify,11,4.867245,442.476818,429.901,552.4075
1589,StadiumSPONGENT-6-20260809-23:07:23-359377,StadiumSPONGENT,6,6,6,spongent,10,,,,UavAuthNetwork.uav[2],uav,aead_open,1,0.002785,2.785,2.785,2.785
1590,StadiumSPONGENT-6-20260809-23:07:23-359377,StadiumSPONGENT,6,6,6,spongent,10,,,,UavAuthNetwork.uav[2],uav,dh_derive,10,1.318105,131.8105,128.1365,155.92135
1591,StadiumSPONGENT-6-20260809-23:07:23-359377,StadiumSPONGENT,6,6,6,spongent,10,,,,UavAuthNetwork.uav[2],uav,dh_keygen,10,0.668172,66.8172,64.9275,73.81565
1592,StadiumSPONGENT-6-20260809-23:07:23-359377,StadiumSPONGENT,6,6,6,spongent,10,,,,UavAuthNetwork.uav[2],uav,extract,1,0.557914,557.914,557.914,557.914
1593,StadiumSPONGENT-6-20260809-23:07:23-359377,StadiumSPONGENT,6,6,6,spongent,10,,,,UavAuthNetwork.uav[2],uav,kdf,21,10.839248,516.154667,258.638,857.8
1594,StadiumSPONGENT-6-20260809-23:07:23-359377,StadiumSPONGENT,6,6,6,spongent,10,,,,UavAuthNetwork.uav[2],uav,mac,18,8.736589,485.366056,427.1215,688.83105
1595,StadiumSPONGENT-6-20260809-23:07:23-359377,StadiumSPONGENT,6,6,6,spongent,10,,,,UavAuthNetwork.uav[2],uav,mac_verify,12,5.528624,460.718667,437.23,634.49275
1596,StadiumSPONGENT-6-20260809-23:07:23-359377,StadiumSPONGENT,6,6,6,spongent,10,,,,UavAuthNetwork.uav[3],uav,aead_open,1,0.002435,2.435,2.435,2.435
1597,StadiumSPONGENT-6-20260809-23:07:23-359377,StadiumSPONGENT,6,6,6,spongent,10,,,,UavAuthNetwork.uav[3],uav,dh_derive,10,1.260049,126.0049,123.528,133.7979
1598,StadiumSPONGENT-6-20260809-23:07:23-359377,StadiumSPONGENT,6,6,6,spongent,10,,,,UavAuthNetwork.uav[3],uav,dh_keygen,10,0.668464,66.8464,65.198,73.5549
1599,StadiumSPONGENT-6-20260809-23:07:23-359377,StadiumSPONGENT,6,6,6,spongent,10,,,,UavAuthNetwork.uav[3],uav,extract,1,0.551401,551.401,551.401,551.401
1600,StadiumSPONGENT-6-20260809-23:07:23-359377,StadiumSPONGENT,6,6,6,spongent,10,,,,UavAuthNetwork.uav[3],uav,kdf,21,10.745753,511.702524,243.409,837.1
1601,StadiumSPONGENT-6-20260809-23:07:23-359377,StadiumSPONGENT,6,6,6,spongent,10,,,,UavAuthNetwork.uav[3],uav,mac,17,8.079973,475.292529,427.457,659.4282
1602,StadiumSPONGENT-6-20260809-23:07:23-359377,StadiumSPONGENT,6,6,6,spongent,10,,,,UavAuthNetwork.uav[3],uav,mac_verify,13,5.953188,457.937538,437.877,635.4354
1603,StadiumSPONGENT-6-20260809-23:07:23-359377,StadiumSPONGENT,6,6,6,spongent,10,,,,UavAuthNetwork.uav[4],uav,aead_open,1,0.002745,2.745,2.745,2.745
1604,StadiumSPONGENT-6-20260809-23:07:23-359377,StadiumSPONGENT,6,6,6,spongent,10,,,,UavAuthNetwork.uav[4],uav,dh_derive,10,1.291117,129.1117,123.2575,145.95495
1605,StadiumSPONGENT-6-20260809-23:07:23-359377,StadiumSPONGENT,6,6,6,spongent,10,,,,UavAuthNetwork.uav[4],uav,dh_keygen,10,0.667318,66.7318,64.902,75.34175
1606,StadiumSPONGENT-6-20260809-23:07:23-359377,StadiumSPONGENT,6,6,6,spongent,10,,,,UavAuthNetwork.uav[4],uav,extract,1,0.568964,568.964,568.964,568.964
1607,StadiumSPONGENT-6-20260809-23:07:23-359377,StadiumSPONGENT,6,6,6,spongent,10,,,,UavAuthNetwork.uav[4],uav,kdf,21,10.94096,520.998095,242.598,889.71
1608,StadiumSPONGENT-6-20260809-23:07:23-359377,StadiumSPONGENT,6,6,6,spongent,10,,,,UavAuthNetwork.uav[4],uav,mac,16,7.713517,482.094812,422.668,754.91975
1609,StadiumSPONGENT-6-20260809-23:07:23-359377,StadiumSPONGENT,6,6,6,spongent,10,,,,UavAuthNetwork.uav[4],uav,mac_verify,14,6.588858,470.632714,446.2625,635.53495
1610,StadiumSPONGENT-6-20260809-23:07:23-359377,StadiumSPONGENT,6,6,6,spongent,10,,,,UavAuthNetwork.uav[5],uav,aead_open,1,0.002475,2.475,2.475,2.475
1611,StadiumSPONGENT-6-20260809-23:07:23-359377,StadiumSPONGENT,6,6,6,spongent,10,,,,UavAuthNetwork.uav[5],uav,dh_derive,10,1.277721,127.7721,124.6655,137.79155
1612,StadiumSPONGENT-6-20260809-23:07:23-359377,StadiumSPONGENT,6,6,6,spongent,10,,,,UavAuthNetwork.uav[5],uav,dh_keygen,10,0.652963,65.2963,64.8775,67.25135
1613,StadiumSPONGENT-6-20260809-23:07:23-359377,StadiumSPONGENT,6,6,6,spongent,10,,,,UavAuthNetwork.uav[5],uav,extract,1,0.560639,560.639,560.639,560.639
1614,StadiumSPONGENT-6-20260809-23:07:23-359377,StadiumSPONGENT,6,6,6,spongent,10,,,,UavAuthNetwork.uav[5],uav,kdf,21,10.800534,514.311143,242.959,851.527
1615,StadiumSPONGENT-6-20260809-23:07:23-359377,StadiumSPONGENT,6,6,6,spongent,10,,,,UavAuthNetwork.uav[5],uav,mac,15,7.005375,467.025,423.139,678.2429
1616,StadiumSPONGENT-6-20260809-23:07:23-359377,StadiumSPONGENT,6,6,6,spongent,10,,,,UavAuthNetwork.uav[5],uav,mac_verify,15,6.995403,466.3602,437.626,648.3831
1617,StadiumSPONGENT-6-20260809-23:07:23-359377,StadiumSPONGENT,6,6,6,spongent,10,,,,UavAuthNetwork.uav[6],uav,aead_open,1,0.002535,2.535,2.535,2.535
1618,StadiumSPONGENT-6-20260809-23:07:23-359377,StadiumSPONGENT,6,6,6,spongent,10,,,,UavAuthNetwork.uav[6],uav,dh_derive,10,1.272493,127.2493,125.993,134.71075
1619,StadiumSPONGENT-6-20260809-23:07:23-359377,StadiumSPONGENT,6,6,6,spongent,10,,,,UavAuthNetwork.uav[6],uav,dh_keygen,10,0.656028,65.6028,65.168,68.5714
1620,StadiumSPONGENT-6-20260809-23:07:23-359377,StadiumSPONGENT,6,6,6,spongent,10,,,,UavAuthNetwork.uav[6],uav,extract,1,0.624348,624.348,624.348,624.348
1621,StadiumSPONGENT-6-20260809-23:07:23-359377,StadiumSPONGENT,6,6,6,spongent,10,,,,UavAuthNetwork.uav[6],uav,kdf,21,10.865028,517.382286,294.445,856.456
1622,StadiumSPONGENT-6-20260809-23:07:23-359377,StadiumSPONGENT,6,6,6,spongent,10,,,,UavAuthNetwork.uav[6],uav,mac,14,6.486053,463.2895,424.5615,670.17275
1623,StadiumSPONGENT-6-20260809-23:07:23-359377,StadiumSPONGENT,6,6,6,spongent,10,,,,UavAuthNetwork.uav[6],uav,mac_verify,16,7.477657,467.353563,432.531,639.244
1624,StadiumSPONGENT-6-20260809-23:07:23-359377,StadiumSPONGENT,6,6,6,spongent,10,,,,UavAuthNetwork.uav[7],uav,aead_open,1,0.002765,2.765,2.765,2.765
1625,StadiumSPONGENT-6-20260809-23:07:23-359377,StadiumSPONGENT,6,6,6,spongent,10,,,,UavAuthNetwork.uav[7],uav,dh_derive,10,1.257393,125.7393,123.633,134.1194
1626,StadiumSPONGENT-6-20260809-23:07:23-359377,StadiumSPONGENT,6,6,6,spongent,10,,,,UavAuthNetwork.uav[7],uav,dh_keygen,10,0.660194,66.0194,65.303,68.5475
1627,StadiumSPONGENT-6-20260809-23:07:23-359377,StadiumSPONGENT,6,6,6,spongent,10,,,,UavAuthNetwork.uav[7],uav,extract,1,0.574464,574.464,574.464,574.464
1628,StadiumSPONGENT-6-20260809-23:07:23-359377,StadiumSPONGENT,6,6,6,spongent,10,,,,UavAuthNetwork.uav[7],uav,kdf,21,10.798111,514.195762,310.676,814.277
1629,StadiumSPONGENT-6-20260809-23:07:23-359377,StadiumSPONGENT,6,6,6,spongent,10,,,,UavAuthNetwork.uav[7],uav,mac,13,5.932576,456.352,425.212,680.4642
1630,StadiumSPONGENT-6-20260809-23:07:23-359377,StadiumSPONGENT,6,6,6,spongent,10,,,,UavAuthNetwork.uav[7],uav,mac_verify,17,8.051599,473.623471,425.914,637.8876
1631,StadiumSPONGENT-6-20260809-23:07:23-359377,StadiumSPONGENT,6,6,6,spongent,10,,,,UavAuthNetwork.uav[8],uav,aead_open,1,0.002685,2.685,2.685,2.685
1632,StadiumSPONGENT-6-20260809-23:07:23-359377,StadiumSPONGENT,6,6,6,spongent,10,,,,UavAuthNetwork.uav[8],uav,dh_derive,10,1.268584,126.8584,123.092,143.01415
1633,StadiumSPONGENT-6-20260809-23:07:23-359377,StadiumSPONGENT,6,6,6,spongent,10,,,,UavAuthNetwork.uav[8],uav,dh_keygen,10,0.663531,66.3531,65.288,71.45835
1634,StadiumSPONGENT-6-20260809-23:07:23-359377,StadiumSPONGENT,6,6,6,spongent,10,,,,UavAuthNetwork.uav[8],uav,extract,1,0.554938,554.938,554.938,554.938
1635,StadiumSPONGENT-6-20260809-23:07:23-359377,StadiumSPONGENT,6,6,6,spongent,10,,,,UavAuthNetwork.uav[8],uav,kdf,21,10.772124,512.958286,270.731,828.594
1636,StadiumSPONGENT-6-20260809-23:07:23-359377,StadiumSPONGENT,6,6,6,spongent,10,,,,UavAuthNetwork.uav[8],uav,mac,12,5.458485,454.87375,422.207,675.16865
1637,StadiumSPONGENT-6-20260809-23:07:23-359377,StadiumSPONGENT,6,6,6,spongent,10,,,,UavAuthNetwork.uav[8],uav,mac_verify,18,8.652223,480.679056,457.5735,658.6166
1638,StadiumSPONGENT-6-20260809-23:07:23-359377,StadiumSPONGENT,6,6,6,spongent,10,,,,UavAuthNetwork.uav[9],uav,aead_open,1,0.002916,2.916,2.916,2.916
1639,StadiumSPONGENT-6-20260809-23:07:23-359377,StadiumSPONGENT,6,6,6,spongent,10,,,,UavAuthNetwork.uav[9],uav,dh_derive,10,1.345369,134.5369,125.8725,164.65865
1640,StadiumSPONGENT-6-20260809-23:07:23-359377,StadiumSPONGENT,6,6,6,spongent,10,,,,UavAuthNetwork.uav[9],uav,dh_keygen,10,0.695864,69.5864,65.253,88.40415
1641,StadiumSPONGENT-6-20260809-23:07:23-359377,StadiumSPONGENT,6,6,6,spongent,10,,,,UavAuthNetwork.uav[9],uav,extract,1,0.663012,663.012,663.012,663.012
1642,StadiumSPONGENT-6-20260809-23:07:23-359377,StadiumSPONGENT,6,6,6,spongent,10,,,,UavAuthNetwork.uav[9],uav,kdf,21,11.009731,524.272905,254.791,854.853
1643,StadiumSPONGENT-6-20260809-23:07:23-359377,StadiumSPONGENT,6,6,6,spongent,10,,,,UavAuthNetwork.uav[9],uav,mac,11,4.924886,447.716909,428.108,582.9955
1644,StadiumSPONGENT-6-20260809-23:07:23-359377,StadiumSPONGENT,6,6,6,spongent,10,,,,UavAuthNetwork.uav[9],uav,mac_verify,19,9.135564,480.819158,462.493,657.2835
1645,StadiumSPONGENT-7-20260809-23:07:23-359377,StadiumSPONGENT,7,7,7,spongent,10,,,,UavAuthNetwork.groundStation,groundStation,aead_seal,10,0.031579,3.1579,2.9655,4.1491
1646,StadiumSPONGENT-7-20260809-23:07:23-359377,StadiumSPONGENT,7,7,7,spongent,10,,,,UavAuthNetwork.groundStation,groundStation,dh_derive,10,1.315285,131.5285,125.287,157.8331
1647,StadiumSPONGENT-7-20260809-23:07:23-359377,StadiumSPONGENT,7,7,7,spongent,10,,,,UavAuthNetwork.groundStation,groundStation,dh_keygen,10,0.744415,74.4415,67.0765,104.9155
1648,StadiumSPONGENT-7-20260809-23:07:23-359377,StadiumSPONGENT,7,7,7,spongent,10,,,,UavAuthNetwork.groundStation,groundStation,extract,10,5.65819,565.819,554.8325,625.3809
1649,StadiumSPONGENT-7-20260809-23:07:23-359377,StadiumSPONGENT,7,7,7,spongent,10,,,,UavAuthNetwork.groundStation,groundStation,kdf,180,49.939742,277.443011,241.411,859.20065
1650,StadiumSPONGENT-7-20260809-23:07:23-359377,StadiumSPONGENT,7,7,7,spongent,10,,,,UavAuthNetwork.groundStation,groundStation,mac,10,4.853986,485.3986,476.6145,524.38015
1651,StadiumSPONGENT-7-20260809-23:07:23-359377,StadiumSPONGENT,7,7,7,spongent,10,,,,UavAuthNetwork.groundStation,groundStation,mac_verify,20,11.072502,553.6251,596.2,770.3203
1652,StadiumSPONGENT-7-20260809-23:07:23-359377,StadiumSPONGENT,7,7,7,spongent,10,,,,UavAuthNetwork.uav[0],uav,aead_open,1,0.003316,3.316,3.316,3.316
1653,StadiumSPONGENT-7-20260809-23:07:23-359377,StadiumSPONGENT,7,7,7,spongent,10,,,,UavAuthNetwork.uav[0],uav,dh_derive,10,1.342256,134.2256,126.8105,168.82355
1654,StadiumSPONGENT-7-20260809-23:07:23-359377,StadiumSPONGENT,7,7,7,spongent,10,,,,UavAuthNetwork.uav[0],uav,dh_keygen,10,0.738119,73.8119,75.7035,82.68405
1655,StadiumSPONGENT-7-20260809-23:07:23-359377,StadiumSPONGENT,7,7,7,spongent,10,,,,UavAuthNetwork.uav[0],uav,extract,1,0.562272,562.272,562.272,562.272
1656,StadiumSPONGENT-7-20260809-23:07:23-359377,StadiumSPONGENT,7,7,7,spongent,10,,,,UavAuthNetwork.uav[0],uav,kdf,21,10.816575,515.075,241.818,858.41
1657,StadiumSPONGENT-7-20260809-23:07:23-359377,StadiumSPONGENT,7,7,7,spongent,10,,,,UavAuthNetwork.uav[0],uav,mac,20,10.039647,501.98235,485.8205,815.0849
1658,StadiumSPONGENT-7-20260809-23:07:23-359377,StadiumSPONGENT,7,7,7,spongent,10,,,,UavAuthNetwork.uav[0],uav,mac_verify,10,4.514531,451.4531,429.8645,528.34015
1659,StadiumSPONGENT-7-20260809-23:07:23-359377,StadiumSPONGENT,7,7,7,spongent,10,,,,UavAuthNetwork.uav[1],uav,aead_open,1,0.002555,2.555,2.555,2.555
1660,StadiumSPONGENT-7-20260809-23:07:23-359377,StadiumSPONGENT,7,7,7,spongent,10,,,,UavAuthNetwork.uav[1],uav,dh_derive,10,1.280906,128.0906,126.765,135.7579
1661,StadiumSPONGENT-7-20260809-23:07:23-359377,StadiumSPONGENT,7,7,7,spongent,10,,,,UavAuthNetwork.uav[1],uav,dh_keygen,10,0.677596,67.7596,66.026,72.7126
1662,StadiumSPONGENT-7-20260809-23:07:23-359377,StadiumSPONGENT,7,7,7,spongent,10,,,,UavAuthNetwork.uav[1],uav,extract,1,0.566008,566.008,566.008,566.008
1663,StadiumSPONGENT-7-20260809-23:07:23-359377,StadiumSPONGENT,7,7,7,spongent,10,,,,UavAuthNetwork.uav[1],uav,kdf,21,10.756944,512.235429,243.972,840.493
1664,StadiumSPONGENT-7-20260809-23:07:23-359377,StadiumSPONGENT,7,7,7,spongent,10,,,,UavAuthNetwork.uav[1],uav,mac,19,9.135897,480.836684,430.446,675.1213
1665,StadiumSPONGENT-7-20260809-23:07:23-359377,StadiumSPONGENT,7,7,7,spongent,10,,,,UavAuthNetwork.uav[1],uav,mac_verify,11,4.88356,443.96,433.822,549.96
1666,StadiumSPONGENT-7-20260809-23:07:23-359377,StadiumSPONGENT,7,7,7,spongent,10,,,,UavAuthNetwork.uav[2],uav,aead_open,1,0.002665,2.665,2.665,2.665
1667,StadiumSPONGENT-7-20260809-23:07:23-359377,StadiumSPONGENT,7,7,7,spongent,10,,,,UavAuthNetwork.uav[2],uav,dh_derive,10,1.335799,133.5799,130.367,157.31215
1668,StadiumSPONGENT-7-20260809-23:07:23-359377,StadiumSPONGENT,7,7,7,spongent,10,,,,UavAuthNetwork.uav[2],uav,dh_keygen,10,0.692644,69.2644,66.1205,80.02075
1669,StadiumSPONGENT-7-20260809-23:07:23-359377,StadiumSPONGENT,7,7,7,spongent,10,,,,UavAuthNetwork.uav[2],uav,extract,1,0.726041,726.041,726.041,726.041
1670,StadiumSPONGENT-7-20260809-23:07:23-359377,StadiumSPONGENT,7,7,7,spongent,10,,,,UavAuthNetwork.uav[2],uav,kdf,21,11.043086,525.861238,319.976,865.911
1671,StadiumSPONGENT-7-20260809-23:07:23-359377,StadiumSPONGENT,7,7,7,spongent,10,,,,UavAuthNetwork.uav[2],uav,mac,18,8.565259,475.847722,427.585,660.0707
1672,StadiumSPONGENT-7-20260809-23:07:23-359377,StadiumSPONGENT,7,7,7,spongent,10,,,,UavAuthNetwork.uav[2],uav,mac_verify,12,5.615117,467.926417,436.8225,668.4144
1673,StadiumSPONGENT-7-20260809-23:07:23-359377,StadiumSPONGENT,7,7,7,spongent,10,,,,UavAuthNetwork.uav[3],uav,aead_open,1,0.002796,2.796,2.796,2.796
1674,StadiumSPONGENT-7-20260809-23:07:23-359377,StadiumSPONGENT,7,7,7,spongent,10,,,,UavAuthNetwork.uav[3],uav,dh_derive,10,1.263022,126.3022,125.042,130.70615
1675,StadiumSPONGENT-7-20260809-23:07:23-359377,StadiumSPONGENT,7,7,7,spongent,10,,,,UavAuthNetwork.uav[3],uav,dh_keygen,10,0.666251,66.6251,65.028,73.0435
1676,StadiumSPONGENT-7-20260809-23:07:23-359377,StadiumSPONGENT,7,7,7,spongent,10,,,,UavAuthNetwork.uav[3],uav,extract,1,0.55099,550.99,550.99,550.99
1677,StadiumSPONGENT-7-20260809-23:07:23-359377,StadiumSPONGENT,7,7,7,spongent,10,,,,UavAuthNetwork.uav[3],uav,kdf,21,10.873534,517.787333,321.329,815.345
1678,StadiumSPONGENT-7-20260809-23:07:23-359377,StadiumSPONGENT,7,7,7,spongent,10,,,,UavAuthNetwork.uav[3],uav,mac,17,8.102077,476.592765,429.694,659.7894
1679,StadiumSPONGENT-7-20260809-23:07:23-359377,StadiumSPONGENT,7,7,7,spongent,10,,,,UavAuthNetwork.uav[3],uav,mac_verify,13,6.011676,462.436615,433.361,650.6806
1680,StadiumSPONGENT-7-20260809-23:07:23-359377,StadiumSPONGENT,7,7,7,spongent,10,,,,UavAuthNetwork.uav[4],uav,aead_open,1,0.002685,2.685,2.685,2.685
1681,StadiumSPONGENT-7-20260809-23:07:23-359377,StadiumSPONGENT,7,7,7,spongent,10,,,,UavAuthNetwork.uav[4],uav,dh_derive,10,1.267571,126.7571,125.2375,134.07005
1682,StadiumSPONGENT-7-20260809-23:07:23-359377,StadiumSPONGENT,7,7,7,spongent,10,,,,UavAuthNetwork.uav[4],uav,dh_keygen,10,0.668635,66.8635,65.108,73.97105
1683,StadiumSPONGENT-7-20260809-23:07:23-359377,StadiumSPONGENT,7,7,7,spongent,10,,,,UavAuthNetwork.uav[4],uav,extract,1,0.571299,571.299,571.299,571.299
1684,StadiumSPONGENT-7-20260809-23:07:23-359377,StadiumSPONGENT,7,7,7,spongent,10,,,,UavAuthNetwork.uav[4],uav,kdf,21,10.77568,513.127619,265.463,825.284
1685,StadiumSPONGENT-7-20260809-23:07:23-359377,StadiumSPONGENT,7,7,7,spongent,10,,,,UavAuthNetwork.uav[4],uav,mac,16,7.592461,474.528813,427.4645,701.17
1686,StadiumSPONGENT-7-20260809-23:07:23-359377,StadiumSPONGENT,7,7,7,spongent,10,,,,UavAuthNetwork.uav[4],uav,mac_verify,14,6.6656,476.114286,450.619,642.32705
1687,StadiumSPONGENT-7-20260809-23:07:23-359377,StadiumSPONGENT,7,7,7,spongent,10,,,,UavAuthNetwork.uav[5],uav,aead_open,1,0.002635,2.635,2.635,2.635
1688,StadiumSPONGENT-7-20260809-23:07:23-359377,StadiumSPONGENT,7,7,7,spongent,10,,,,UavAuthNetwork.uav[5],uav,dh_derive,10,1.276148,127.6148,123.69,141.5344
1689,StadiumSPONGENT-7-20260809-23:07:23-359377,StadiumSPONGENT,7,7,7,spongent,10,,,,UavAuthNetwork.uav[5],uav,dh_keygen,10,0.727817,72.7817,65.088,105.46765
1690,StadiumSPONGENT-7-20260809-23:07:23-359377,StadiumSPONGENT,7,7,7,spongent,10,,,,UavAuthNetwork.uav[5],uav,extract,1,0.769924,769.924,769.924,769.924
1691,StadiumSPONGENT-7-20260809-23:07:23-359377,StadiumSPONGENT,7,7,7,spongent,10,,,,UavAuthNetwork.uav[5],uav,kdf,21,10.924339,520.206619,320.986,852.9
1692,StadiumSPONGENT-7-20260809-23:07:23-359377,StadiumSPONGENT,7,7,7,spongent,10,,,,UavAuthNetwork.uav[5],uav,mac,15,7.184557,478.970467,430.246,693.014
1693,StadiumSPONGENT-7-20260809-23:07:23-359377,StadiumSPONGENT,7,7,7,spongent,10,,,,UavAuthNetwork.uav[5],uav,mac_verify,15,6.943001,462.866733,438.591,635.3969
1694,StadiumSPONGENT-7-20260809-23:07:23-359377,StadiumSPONGENT,7,7,7,spongent,10,,,,UavAuthNetwork.uav[6],uav,aead_open,1,0.002595,2.595,2.595,2.595
1695,StadiumSPONGENT-7-20260809-23:07:23-359377,StadiumSPONGENT,7,7,7,spongent,10,,,,UavAuthNetwork.uav[6],uav,dh_derive,10,1.235932,123.5932,123.1285,125.9648
1696,StadiumSPONGENT-7-20260809-23:07:23-359377,StadiumSPONGENT,7,7,7,spongent,10,,,,UavAuthNetwork.uav[6],uav,dh_keygen,10,0.678284,67.8284,65.1535,76.65515
1697,StadiumSPONGENT-7-20260809-23:07:23-359377,StadiumSPONGENT,7,7,7,spongent,10,,,,UavAuthNetwork.uav[6],uav,extract,1,0.55058,550.58,550.58,550.58
1698,StadiumSPONGENT-7-20260809-23:07:23-359377,StadiumSPONGENT,7,7,7,spongent,10,,,,UavAuthNetwork.uav[6],uav,kdf,21,10.740845,511.46881,238.662,827.298
1699,StadiumSPONGENT-7-20260809-23:07:23-359377,StadiumSPONGENT,7,7,7,spongent,10,,,,UavAuthNetwork.uav[6],uav,mac,14,6.683196,477.371143,432.88,672.7024
1700,StadiumSPONGENT-7-20260809-23:07:23-359377,StadiumSPONGENT,7,7,7,spongent,10,,,,UavAuthNetwork.uav[6],uav,mac_verify,16,7.42845,464.278125,426.222,633.2845
1701,StadiumSPONGENT-7-20260809-23:07:23-359377,StadiumSPONGENT,7,7,7,spongent,10,,,,UavAuthNetwork.uav[7],uav,aead_open,1,0.002415,2.415,2.415,2.415
1702,StadiumSPONGENT-7-20260809-23:07:23-359377,StadiumSPONGENT,7,7,7,spongent,10,,,,UavAuthNetwork.uav[7],uav,dh_derive,10,1.331704,133.1704,128.98,155.22595
1703,StadiumSPONGENT-7-20260809-23:07:23-359377,StadiumSPONGENT,7,7,7,spongent,10,,,,UavAuthNetwork.uav[7],uav,dh_keygen,10,0.699896,69.9896,66.1205,85.6628
1704,StadiumSPONGENT-7-20260809-23:07:23-359377,StadiumSPONGENT,7,7,7,spongent,10,,,,UavAuthNetwork.uav[7],uav,extract,1,0.549948,549.948,549.948,549.948
1705,StadiumSPONGENT-7-20260809-23:07:23-359377,StadiumSPONGENT,7,7,7,spongent,10,,,,UavAuthNetwork.uav[7],uav,kdf,21,10.954247,521.63081,283.327,877.904
1706,StadiumSPONGENT-7-20260809-23:07:23-359377,StadiumSPONGENT,7,7,7,spongent,10,,,,UavAuthNetwork.uav[7],uav,mac,13,6.151742,473.210923,428.863,719.5254
1707,StadiumSPONGENT-7-20260809-23:07:23-359377,StadiumSPONGENT,7,7,7,spongent,10,,,,UavAuthNetwork.uav[7],uav,mac_verify,17,8.232777,484.281,479.135,638.958
1708,StadiumSPONGENT-7-20260809-23:07:23-359377,StadiumSPONGENT,7,7,7,spongent,10,,,,UavAuthNetwork.uav[8],uav,aead_open,1,0.002685,2.685,2.685,2.685
1709,StadiumSPONGENT-7-20260809-23:07:23-359377,StadiumSPONGENT,7,7,7,spongent,10,,,,UavAuthNetwork.uav[8],uav,dh_derive,10,1.315302,131.5302,126.5295,157.0937
1710,StadiumSPONGENT-7-20260809-23:07:23-359377,StadiumSPONGENT,7,7,7,spongent,10,,,,UavAuthNetwork.uav[8],uav,dh_keygen,10,0.662683,66.2683,65.088,71.79015
1711,StadiumSPONGENT-7-20260809-23:07:23-359377,StadiumSPONGENT,7,7,7,spongent,10,,,,UavAuthNetwork.uav[8],uav,extract,1,0.552794,552.794,552.794,552.794
1712,StadiumSPONGENT-7-20260809-23:07:23-359377,StadiumSPONGENT,7,7,7,spongent,10,,,,UavAuthNetwork.uav[8],uav,kdf,21,10.792434,513.925429,241.848,852.525
1713,StadiumSPONGENT-7-20260809-23:07:23-359377,StadiumSPONGENT,7,7,7,spongent,10,,,,UavAuthNetwork.uav[8],uav,mac,12,5.420606,451.717167,428.2615,677.09145
1714,StadiumSPONGENT-7-20260809-23:07:23-359377,StadiumSPONGENT,7,7,7,spongent,10,,,,UavAuthNetwork.uav[8],uav,mac_verify,18,8.858613,492.145167,458.693,779.4332
1715,StadiumSPONGENT-7-20260809-23:07:23-359377,StadiumSPONGENT,7,7,7,spongent,10,,,,UavAuthNetwork.uav[9],uav,aead_open,1,0.003486,3.486,3.486,3.486
1716,StadiumSPONGENT-7-20260809-23:07:23-359377,StadiumSPONGENT,7,7,7,spongent,10,,,,UavAuthNetwork.uav[9],uav,dh_derive,10,1.24497,124.497,123.7345,127.1626
1717,StadiumSPONGENT-7-20260809-23:07:23-359377,StadiumSPONGENT,7,7,7,spongent,10,,,,UavAuthNetwork.uav[9],uav,dh_keygen,10,0.681469,68.1469,66.105,76.5785
1718,StadiumSPONGENT-7-20260809-23:07:23-359377,StadiumSPONGENT,7,7,7,spongent,10,,,,UavAuthNetwork.uav[9],uav,extract,1,0.550003,550.003,550.003,550.003
1719,StadiumSPONGENT-7-20260809-23:07:23-359377,StadiumSPONGENT,7,7,7,spongent,10,,,,UavAuthNetwork.uav[9],uav,kdf,21,11.072414,527.25781,271.805,923.279
1720,StadiumSPONGENT-7-20260809-23:07:23-359377,StadiumSPONGENT,7,7,7,spongent,10,,,,UavAuthNetwork.uav[9],uav,mac,11,4.910886,446.444182,424.163,583.7765
1721,StadiumSPONGENT-7-20260809-23:07:23-359377,StadiumSPONGENT,7,7,7,spongent,10,,,,UavAuthNetwork.uav[9],uav,mac_verify,19,9.02924,475.223158,465.201,637.9921
