idx,success,latency_ms,compute_ms,net_ms,overhead_bytes,hash_mode,details,p1_i_compute_ms,p1_p2_j_compute_ms,p1_net_ms,p2_p3_i_compute_ms,p2_net_ms,p3_net_ms,config,run_id,uav_id,peer_uav_id,row_uid,runnumber,repetition,seedset,suite,num_uavs,puf_ber,fe_profile,attack_mode,initiator,pair_id,mac_ms,kdf_ms,dh_ms
1286,1,0.457331,2.616267,0.215588,197,spongent,pair=UAV0<->UAV1; config=StadiumSPONGENT,0.623117,0.0,0.0,1.99315,0.215588,0.0,StadiumSPONGENT,StadiumSPONGENT-0-20260809-23:07:20-359377,0,1,StadiumSPONGENT-0-20260809-23:07:20-359377|phase3|0|1,0,0,0,spongent,10,,,,1,0-1,1.379291,1.034667,0.192441
1287,1,0.445492,2.612329,0.205679,197,spongent,pair=UAV0<->UAV2; config=StadiumSPONGENT,0.615472,0.0,0.0,1.996857,0.205679,0.0,StadiumSPONGENT,StadiumSPONGENT-0-20260809-23:07:20-359377,0,2,StadiumSPONGENT-0-20260809-23:07:20-359377|phase3|0|2,0,0,0,spongent,10,,,,1,0-2,1.371888,1.042772,0.189555
1288,1,0.446536,2.605767,0.206986,197,spongent,pair=UAV0<->UAV3; config=StadiumSPONGENT,0.622966,0.0,0.0,1.982801,0.206986,0.0,StadiumSPONGENT,StadiumSPONGENT-0-20260809-23:07:20-359377,0,3,StadiumSPONGENT-0-20260809-23:07:20-359377|phase3|0|3,0,0,0,spongent,10,,,,1,0-3,1.364414,1.044926,0.189905
1289,1,0.472762,2.62862,0.20765,197,spongent,pair=UAV0<->UAV4; config=StadiumSPONGENT,0.617927,0.0,0.0,2.010693,0.20765,0.0,StadiumSPONGENT,StadiumSPONGENT-0-20260809-23:07:20-359377,0,4,StadiumSPONGENT-0-20260809-23:07:20-359377|phase3|0|4,0,0,0,spongent,10,,,,1,0-4,1.37874,1.026551,0.214792
1290,1,0.483566,2.668014,0.227301,197,spongent,pair=UAV0<->UAV5; config=StadiumSPONGENT,0.614821,0.0,0.0,2.053193,0.227301,0.0,StadiumSPONGENT,StadiumSPONGENT-0-20260809-23:07:20-359377,0,5,StadiumSPONGENT-0-20260809-23:07:20-359377|phase3|0|5,0,0,0,spongent,10,,,,1,0-5,1.414246,1.044585,0.195366
1291,1,0.457181,2.65028,0.21484,197,spongent,pair=UAV0<->UAV6; config=StadiumSPONGENT,0.652211,0.0,0.0,1.998069,0.21484,0.0,StadiumSPONGENT,StadiumSPONGENT-0-20260809-23:07:20-359377,0,6,StadiumSPONGENT-0-20260809-23:07:20-359377|phase3|0|6,0,0,0,spongent,10,,,,1,0-6,1.385604,1.066947,0.190236
1292,1,0.455948,2.622367,0.214391,197,spongent,pair=UAV0<->UAV7; config=StadiumSPONGENT,0.621753,0.0,0.0,2.000614,0.214391,0.0,StadiumSPONGENT,StadiumSPONGENT-0-20260809-23:07:20-359377,0,7,StadiumSPONGENT-0-20260809-23:07:20-359377|phase3|0|7,0,0,0,spongent,10,,,,1,0-7,1.386825,1.037952,0.189635
1293,1,0.472572,2.608942,0.217666,197,spongent,pair=UAV0<->UAV8; config=StadiumSPONGENT,0.616954,0.0,0.0,1.991988,0.217666,0.0,StadiumSPONGENT,StadiumSPONGENT-0-20260809-23:07:20-359377,0,8,StadiumSPONGENT-0-20260809-23:07:20-359377|phase3|0|8,0,0,0,spongent,10,,,,1,0-8,1.370145,1.029406,0.196417
1294,1,0.479787,2.612449,0.246191,197,spongent,pair=UAV0<->UAV9; config=StadiumSPONGENT,0.621914,0.0,0.0,1.990535,0.246191,0.0,StadiumSPONGENT,StadiumSPONGENT-0-20260809-23:07:20-359377,0,9,StadiumSPONGENT-0-20260809-23:07:20-359377|phase3|0|9,0,0,0,spongent,10,,,,1,0-9,1.364353,1.035408,0.196898
1295,1,0.363096,1.047431,0.389251,197,spongent,pair=UAV1<->UAV0; config=StadiumSPONGENT,0.0,1.047431,0.241743,0.0,0.0,0.147508,StadiumSPONGENT,StadiumSPONGENT-0-20260809-23:07:20-359377,1,0,StadiumSPONGENT-0-20260809-23:07:20-359377|phase3|1|0,0,0,0,spongent,10,,,,0,0-1,1.357251,1.04776,0.191099
1296,1,0.492396,2.644711,0.217589,197,spongent,pair=UAV1<->UAV2; config=StadiumSPONGENT,0.614681,0.0,0.0,2.03003,0.217589,0.0,StadiumSPONGENT,StadiumSPONGENT-0-20260809-23:07:20-359377,1,2,StadiumSPONGENT-0-20260809-23:07:20-359377|phase3|1|2,0,0,0,spongent,10,,,,1,1-2,1.394059,1.039194,0.194684
1297,1,0.477573,2.631154,0.21955,197,spongent,pair=UAV1<->UAV3; config=StadiumSPONGENT,0.631672,0.0,0.0,1.999482,0.21955,0.0,StadiumSPONGENT,StadiumSPONGENT-0-20260809-23:07:20-359377,1,3,StadiumSPONGENT-0-20260809-23:07:20-359377|phase3|1|3,0,0,0,spongent,10,,,,1,1-3,1.382047,1.043583,0.19707
1298,1,0.446762,2.627677,0.215903,197,spongent,pair=UAV1<->UAV4; config=StadiumSPONGENT,0.628135,0.0,0.0,1.999542,0.215903,0.0,StadiumSPONGENT,StadiumSPONGENT-0-20260809-23:07:20-359377,1,4,StadiumSPONGENT-0-20260809-23:07:20-359377|phase3|1|4,0,0,0,spongent,10,,,,1,1-4,1.385603,1.042832,0.189174
1299,1,0.448277,2.602751,0.214341,197,spongent,pair=UAV1<->UAV5; config=StadiumSPONGENT,0.610252,0.0,0.0,1.992499,0.214341,0.0,StadiumSPONGENT,StadiumSPONGENT-0-20260809-23:07:20-359377,1,5,StadiumSPONGENT-0-20260809-23:07:20-359377|phase3|1|5,0,0,0,spongent,10,,,,1,1-5,1.372117,1.034306,0.189645
1300,1,0.463444,2.681227,0.212328,197,spongent,pair=UAV1<->UAV6; config=StadiumSPONGENT,0.619158,0.0,0.0,2.062069,0.212328,0.0,StadiumSPONGENT,StadiumSPONGENT-0-20260809-23:07:20-359377,1,6,StadiumSPONGENT-0-20260809-23:07:20-359377|phase3|1|6,0,0,0,spongent,10,,,,1,1-6,1.376206,1.107293,0.190066
1301,1,0.44582,2.616006,0.212228,197,spongent,pair=UAV1<->UAV7; config=StadiumSPONGENT,0.625932,0.0,0.0,1.990074,0.212228,0.0,StadiumSPONGENT,StadiumSPONGENT-0-20260809-23:07:20-359377,1,7,StadiumSPONGENT-0-20260809-23:07:20-359377|phase3|1|7,0,0,0,spongent,10,,,,1,1-7,1.378701,1.036761,0.194174
1302,1,0.469053,2.612058,0.228238,197,spongent,pair=UAV1<->UAV8; config=StadiumSPONGENT,0.618998,0.0,0.0,1.99306,0.228238,0.0,StadiumSPONGENT,StadiumSPONGENT-0-20260809-23:07:20-359377,1,8,StadiumSPONGENT-0-20260809-23:07:20-359377|phase3|1|8,0,0,0,spongent,10,,,,1,1-8,1.378049,1.029496,0.198322
1303,1,0.492492,2.616126,0.241074,197,spongent,pair=UAV1<->UAV9; config=StadiumSPONGENT,0.626392,0.0,0.0,1.989734,0.241074,0.0,StadiumSPONGENT,StadiumSPONGENT-0-20260809-23:07:20-359377,1,9,StadiumSPONGENT-0-20260809-23:07:20-359377|phase3|1|9,0,0,0,spongent,10,,,,1,1-9,1.367349,1.037793,0.198802
1304,1,0.342663,1.053511,0.376798,197,spongent,pair=UAV2<->UAV0; config=StadiumSPONGENT,0.0,1.053511,0.239813,0.0,0.0,0.136984,StadiumSPONGENT,StadiumSPONGENT-0-20260809-23:07:20-359377,2,0,StadiumSPONGENT-0-20260809-23:07:20-359377|phase3|2|0,0,0,0,spongent,10,,,,0,0-2,1.357972,1.033765,0.20273
1305,1,0.367249,1.056497,0.424467,197,spongent,pair=UAV2<->UAV1; config=StadiumSPONGENT,0.0,1.056497,0.274807,0.0,0.0,0.14966,StadiumSPONGENT,StadiumSPONGENT-0-20260809-23:07:20-359377,2,1,StadiumSPONGENT-0-20260809-23:07:20-359377|phase3|2|1,0,0,0,spongent,10,,,,0,1-2,1.428793,1.040437,0.194353
1306,1,0.449467,2.806233,0.220276,197,spongent,pair=UAV2<->UAV3; config=StadiumSPONGENT,0.614641,0.0,0.0,2.191592,0.220276,0.0,StadiumSPONGENT,StadiumSPONGENT-0-20260809-23:07:20-359377,2,3,StadiumSPONGENT-0-20260809-23:07:20-359377|phase3|2|3,0,0,0,spongent,10,,,,1,2-3,1.550873,1.047871,0.199182
1307,1,0.453784,2.679705,0.218341,197,spongent,pair=UAV2<->UAV4; config=StadiumSPONGENT,0.638395,0.0,0.0,2.04131,0.218341,0.0,StadiumSPONGENT,StadiumSPONGENT-0-20260809-23:07:20-359377,2,4,StadiumSPONGENT-0-20260809-23:07:20-359377|phase3|2|4,0,0,0,spongent,10,,,,1,2-4,1.408897,1.052058,0.19242
1308,1,0.469818,2.633759,0.239739,197,spongent,pair=UAV2<->UAV5; config=StadiumSPONGENT,0.623597,0.0,0.0,2.010162,0.239739,0.0,StadiumSPONGENT,StadiumSPONGENT-0-20260809-23:07:20-359377,2,5,StadiumSPONGENT-0-20260809-23:07:20-359377|phase3|2|5,0,0,0,spongent,10,,,,1,2-5,1.389732,1.040137,0.197088
1309,1,0.501496,2.638838,0.261729,197,spongent,pair=UAV2<->UAV6; config=StadiumSPONGENT,0.628045,0.0,0.0,2.010793,0.261729,0.0,StadiumSPONGENT,StadiumSPONGENT-0-20260809-23:07:20-359377,2,6,StadiumSPONGENT-0-20260809-23:07:20-359377|phase3|2|6,0,0,0,spongent,10,,,,1,2-6,1.371988,1.042161,0.199313
1310,1,0.448993,2.675307,0.215978,197,spongent,pair=UAV2<->UAV7; config=StadiumSPONGENT,0.639887,0.0,0.0,2.03542,0.215978,0.0,StadiumSPONGENT,StadiumSPONGENT-0-20260809-23:07:20-359377,2,7,StadiumSPONGENT-0-20260809-23:07:20-359377|phase3|2|7,0,0,0,spongent,10,,,,1,2-7,1.41517,1.045136,0.206896
1311,1,0.447738,2.619934,0.214515,197,spongent,pair=UAV2<->UAV8; config=StadiumSPONGENT,0.624429,0.0,0.0,1.995505,0.214515,0.0,StadiumSPONGENT,StadiumSPONGENT-0-20260809-23:07:20-359377,2,8,StadiumSPONGENT-0-20260809-23:07:20-359377|phase3|2|8,0,0,0,spongent,10,,,,1,2-8,1.38372,1.036651,0.189164
1312,1,0.444547,2.614442,0.207846,197,spongent,pair=UAV2<->UAV9; config=StadiumSPONGENT,0.610442,0.0,0.0,2.004,0.207846,0.0,StadiumSPONGENT,StadiumSPONGENT-0-20260809-23:07:20-359377,2,9,StadiumSPONGENT-0-20260809-23:07:20-359377|phase3|2|9,0,0,0,spongent,10,,,,1,2-9,1.366708,1.042941,0.199814
1313,1,0.353484,1.045297,0.386048,197,spongent,pair=UAV3<->UAV0; config=StadiumSPONGENT,0.0,1.045297,0.23955,0.0,0.0,0.146498,StadiumSPONGENT,StadiumSPONGENT-0-20260809-23:07:20-359377,3,0,StadiumSPONGENT-0-20260809-23:07:20-359377|phase3|3|0,0,0,0,spongent,10,,,,0,0-3,1.377408,1.034125,0.189294
1314,1,0.364999,1.046359,0.403472,197,spongent,pair=UAV3<->UAV1; config=StadiumSPONGENT,0.0,1.046359,0.258023,0.0,0.0,0.145449,StadiumSPONGENT,StadiumSPONGENT-0-20260809-23:07:20-359377,3,1,StadiumSPONGENT-0-20260809-23:07:20-359377|phase3|3|1,0,0,0,spongent,10,,,,0,1-3,1.376526,1.045066,0.199033
1315,1,0.360388,1.080392,0.369303,197,spongent,pair=UAV3<->UAV2; config=StadiumSPONGENT,0.0,1.080392,0.229192,0.0,0.0,0.140112,StadiumSPONGENT,StadiumSPONGENT-0-20260809-23:07:20-359377,3,2,StadiumSPONGENT-0-20260809-23:07:20-359377|phase3|3|2,0,0,0,spongent,10,,,,0,2-3,1.413144,1.04212,0.190116
1316,1,0.435987,2.632246,0.208004,197,spongent,pair=UAV3<->UAV4; config=StadiumSPONGENT,0.629849,0.0,0.0,2.002397,0.208004,0.0,StadiumSPONGENT,StadiumSPONGENT-0-20260809-23:07:20-359377,3,4,StadiumSPONGENT-0-20260809-23:07:20-359377|phase3|3|4,0,0,0,spongent,10,,,,1,3-4,1.373931,1.043413,0.201517
1317,1,0.486598,2.643578,0.254215,197,spongent,pair=UAV3<->UAV5; config=StadiumSPONGENT,0.628246,0.0,0.0,2.015332,0.254215,0.0,StadiumSPONGENT,StadiumSPONGENT-0-20260809-23:07:20-359377,3,5,StadiumSPONGENT-0-20260809-23:07:20-359377|phase3|3|5,0,0,0,spongent,10,,,,1,3-5,1.396894,1.047831,0.190957
1318,1,0.448848,2.613562,0.217499,197,spongent,pair=UAV3<->UAV6; config=StadiumSPONGENT,0.60878,0.0,0.0,2.004782,0.217499,0.0,StadiumSPONGENT,StadiumSPONGENT-0-20260809-23:07:20-359377,3,6,StadiumSPONGENT-0-20260809-23:07:20-359377|phase3|3|6,0,0,0,spongent,10,,,,1,3-6,1.366918,1.049464,0.191999
1319,1,0.468166,2.697399,0.236375,197,spongent,pair=UAV3<->UAV7; config=StadiumSPONGENT,0.615703,0.0,0.0,2.081696,0.236375,0.0,StadiumSPONGENT,StadiumSPONGENT-0-20260809-23:07:20-359377,3,7,StadiumSPONGENT-0-20260809-23:07:20-359377|phase3|3|7,0,0,0,spongent,10,,,,1,3-7,1.459682,1.029296,0.201216
1320,1,0.454538,2.617969,0.217443,197,spongent,pair=UAV3<->UAV8; config=StadiumSPONGENT,0.616183,0.0,0.0,2.001786,0.217443,0.0,StadiumSPONGENT,StadiumSPONGENT-0-20260809-23:07:20-359377,3,8,StadiumSPONGENT-0-20260809-23:07:20-359377|phase3|3|8,0,0,0,spongent,10,,,,1,3-8,1.372429,1.043153,0.195345
1321,1,0.467076,3.015383,0.219505,197,spongent,pair=UAV3<->UAV9; config=StadiumSPONGENT,0.637593,0.0,0.0,2.37779,0.219505,0.0,StadiumSPONGENT,StadiumSPONGENT-0-20260809-23:07:20-359377,3,9,StadiumSPONGENT-0-20260809-23:07:20-359377|phase3|3|9,0,0,0,spongent,10,,,,1,3-9,1.573786,1.195739,0.238747
1322,1,0.358185,1.046729,0.415647,197,spongent,pair=UAV4<->UAV0; config=StadiumSPONGENT,0.0,1.046729,0.265112,0.0,0.0,0.150535,StadiumSPONGENT,StadiumSPONGENT-0-20260809-23:07:20-359377,4,0,StadiumSPONGENT-0-20260809-23:07:20-359377|phase3|4|0,0,0,0,spongent,10,,,,0,0-4,1.395041,1.051888,0.192119
1323,1,0.349017,1.048001,0.363973,197,spongent,pair=UAV4<->UAV1; config=StadiumSPONGENT,0.0,1.048001,0.230859,0.0,0.0,0.133114,StadiumSPONGENT,StadiumSPONGENT-0-20260809-23:07:20-359377,4,1,StadiumSPONGENT-0-20260809-23:07:20-359377|phase3|4|1,0,0,0,spongent,10,,,,0,1-4,1.37793,1.037652,0.190487
1324,1,0.368256,1.047791,0.385358,197,spongent,pair=UAV4<->UAV2; config=StadiumSPONGENT,0.0,1.047791,0.235443,0.0,0.0,0.149915,StadiumSPONGENT,StadiumSPONGENT-0-20260809-23:07:20-359377,4,2,StadiumSPONGENT-0-20260809-23:07:20-359377|phase3|4|2,0,0,0,spongent,10,,,,0,2-4,1.376476,1.039686,0.189063
1325,1,0.345447,1.05239,0.365426,197,spongent,pair=UAV4<->UAV3; config=StadiumSPONGENT,0.0,1.05239,0.227983,0.0,0.0,0.137443,StadiumSPONGENT,StadiumSPONGENT-0-20260809-23:07:20-359377,4,3,StadiumSPONGENT-0-20260809-23:07:20-359377|phase3|4|3,0,0,0,spongent,10,,,,0,3-4,1.368881,1.042341,0.204944
1326,1,0.449216,2.781457,0.208072,197,spongent,pair=UAV4<->UAV5; config=StadiumSPONGENT,0.631723,0.0,0.0,2.149734,0.208072,0.0,StadiumSPONGENT,StadiumSPONGENT-0-20260809-23:07:20-359377,4,5,StadiumSPONGENT-0-20260809-23:07:20-359377|phase3|4|5,0,0,0,spongent,10,,,,1,4-5,1.381997,1.199685,0.191388
1327,1,0.456328,2.639349,0.225139,197,spongent,pair=UAV4<->UAV6; config=StadiumSPONGENT,0.626983,0.0,0.0,2.012366,0.225139,0.0,StadiumSPONGENT,StadiumSPONGENT-0-20260809-23:07:20-359377,4,6,StadiumSPONGENT-0-20260809-23:07:20-359377|phase3|4|6,0,0,0,spongent,10,,,,1,4-6,1.379833,1.046379,0.201357
1328,1,0.486723,2.622328,0.253573,197,spongent,pair=UAV4<->UAV7; config=StadiumSPONGENT,0.623477,0.0,0.0,1.998851,0.253573,0.0,StadiumSPONGENT,StadiumSPONGENT-0-20260809-23:07:20-359377,4,7,StadiumSPONGENT-0-20260809-23:07:20-359377|phase3|4|7,0,0,0,spongent,10,,,,1,4-7,1.370645,1.045086,0.199764
1329,1,0.466351,2.638148,0.22234,197,spongent,pair=UAV4<->UAV8; config=StadiumSPONGENT,0.621052,0.0,0.0,2.017096,0.22234,0.0,StadiumSPONGENT,StadiumSPONGENT-0-20260809-23:07:20-359377,4,8,StadiumSPONGENT-0-20260809-23:07:20-359377|phase3|4|8,0,0,0,spongent,10,,,,1,4-8,1.394018,1.04218,0.193862
1330,1,0.440198,2.614994,0.209473,197,spongent,pair=UAV4<->UAV9; config=StadiumSPONGENT,0.618698,0.0,0.0,1.996296,0.209473,0.0,StadiumSPONGENT,StadiumSPONGENT-0-20260809-23:07:20-359377,4,9,StadiumSPONGENT-0-20260809-23:07:20-359377|phase3|4|9,0,0,0,spongent,10,,,,1,4-9,1.371598,1.044185,0.194364
1331,1,0.362047,1.05789,0.391011,197,spongent,pair=UAV5<->UAV0; config=StadiumSPONGENT,0.0,1.05789,0.256265,0.0,0.0,0.134746,StadiumSPONGENT,StadiumSPONGENT-0-20260809-23:07:20-359377,5,0,StadiumSPONGENT-0-20260809-23:07:20-359377|phase3|5|0,0,0,0,spongent,10,,,,0,0-5,1.436919,1.064312,0.200475
1332,1,0.376133,1.045597,0.395728,197,spongent,pair=UAV5<->UAV1; config=StadiumSPONGENT,0.0,1.045597,0.233936,0.0,0.0,0.161792,StadiumSPONGENT,StadiumSPONGENT-0-20260809-23:07:20-359377,5,1,StadiumSPONGENT-0-20260809-23:07:20-359377|phase3|5|1,0,0,0,spongent,10,,,,0,1-5,1.371216,1.037572,0.189294
1333,1,0.387066,1.04702,0.377405,197,spongent,pair=UAV5<->UAV2; config=StadiumSPONGENT,0.0,1.04702,0.230078,0.0,0.0,0.147327,StadiumSPONGENT,StadiumSPONGENT-0-20260809-23:07:20-359377,5,2,StadiumSPONGENT-0-20260809-23:07:20-359377|phase3|5|2,0,0,0,spongent,10,,,,0,2-5,1.37271,1.044013,0.200405
1334,1,0.423194,1.040858,0.401362,197,spongent,pair=UAV5<->UAV3; config=StadiumSPONGENT,0.0,1.040858,0.232383,0.0,0.0,0.168979,StadiumSPONGENT,StadiumSPONGENT-0-20260809-23:07:20-359377,5,3,StadiumSPONGENT-0-20260809-23:07:20-359377|phase3|5|3,0,0,0,spongent,10,,,,0,3-5,1.366858,1.026621,0.196117
1335,1,0.349552,1.04189,0.382625,197,spongent,pair=UAV5<->UAV4; config=StadiumSPONGENT,0.0,1.04189,0.241144,0.0,0.0,0.14148,StadiumSPONGENT,StadiumSPONGENT-0-20260809-23:07:20-359377,5,4,StadiumSPONGENT-0-20260809-23:07:20-359377|phase3|5|4,0,0,0,spongent,10,,,,0,4-5,1.375023,1.043813,0.19245
1336,1,0.483456,2.841868,0.208691,197,spongent,pair=UAV5<->UAV6; config=StadiumSPONGENT,0.62014,0.0,0.0,2.221728,0.208691,0.0,StadiumSPONGENT,StadiumSPONGENT-0-20260809-23:07:20-359377,5,6,StadiumSPONGENT-0-20260809-23:07:20-359377|phase3|5|6,0,0,0,spongent,10,,,,1,5-6,1.431999,1.162476,0.2406
1337,1,0.480007,2.654018,0.251343,197,spongent,pair=UAV5<->UAV7; config=StadiumSPONGENT,0.627154,0.0,0.0,2.026864,0.251343,0.0,StadiumSPONGENT,StadiumSPONGENT-0-20260809-23:07:20-359377,5,7,StadiumSPONGENT-0-20260809-23:07:20-359377|phase3|5|7,0,0,0,spongent,10,,,,1,5-7,1.371997,1.068138,0.200144
1338,1,0.49665,2.643498,0.241591,197,spongent,pair=UAV5<->UAV8; config=StadiumSPONGENT,0.618648,0.0,0.0,2.02485,0.241591,0.0,StadiumSPONGENT,StadiumSPONGENT-0-20260809-23:07:20-359377,5,8,StadiumSPONGENT-0-20260809-23:07:20-359377|phase3|5|8,0,0,0,spongent,10,,,,1,5-8,1.364383,1.082566,0.190697
1339,1,0.44408,2.629863,0.208338,197,spongent,pair=UAV5<->UAV9; config=StadiumSPONGENT,0.638996,0.0,0.0,1.990867,0.208338,0.0,StadiumSPONGENT,StadiumSPONGENT-0-20260809-23:07:20-359377,5,9,StadiumSPONGENT-0-20260809-23:07:20-359377|phase3|5|9,0,0,0,spongent,10,,,,1,5-9,1.379121,1.037312,0.188723
1340,1,0.36567,1.0473,0.393171,197,spongent,pair=UAV6<->UAV0; config=StadiumSPONGENT,0.0,1.0473,0.242341,0.0,0.0,0.15083,StadiumSPONGENT,StadiumSPONGENT-0-20260809-23:07:20-359377,6,0,StadiumSPONGENT-0-20260809-23:07:20-359377|phase3|6|0,0,0,0,spongent,10,,,,0,0-6,1.357719,1.043071,0.197269
1341,1,0.357737,1.085191,0.396524,197,spongent,pair=UAV6<->UAV1; config=StadiumSPONGENT,0.0,1.085191,0.251115,0.0,0.0,0.145409,StadiumSPONGENT,StadiumSPONGENT-0-20260809-23:07:20-359377,6,1,StadiumSPONGENT-0-20260809-23:07:20-359377|phase3|6|1,0,0,0,spongent,10,,,,0,1-6,1.385053,1.06828,0.196137
1342,1,0.423543,1.043133,0.401581,197,spongent,pair=UAV6<->UAV2; config=StadiumSPONGENT,0.0,1.043133,0.239767,0.0,0.0,0.161814,StadiumSPONGENT,StadiumSPONGENT-0-20260809-23:07:20-359377,6,2,StadiumSPONGENT-0-20260809-23:07:20-359377|phase3|6|2,0,0,0,spongent,10,,,,0,2-6,1.377438,1.03611,0.190958
1343,1,0.376601,1.046689,0.390452,197,spongent,pair=UAV6<->UAV3; config=StadiumSPONGENT,0.0,1.046689,0.23135,0.0,0.0,0.159102,StadiumSPONGENT,StadiumSPONGENT-0-20260809-23:07:20-359377,6,3,StadiumSPONGENT-0-20260809-23:07:20-359377|phase3|6|3,0,0,0,spongent,10,,,,0,3-6,1.374823,1.043604,0.190246
1344,1,0.386438,1.041068,0.392487,197,spongent,pair=UAV6<->UAV4; config=StadiumSPONGENT,0.0,1.041068,0.231189,0.0,0.0,0.161299,StadiumSPONGENT,StadiumSPONGENT-0-20260809-23:07:20-359377,6,4,StadiumSPONGENT-0-20260809-23:07:20-359377|phase3|6|4,0,0,0,spongent,10,,,,0,4-6,1.366297,1.033786,0.189605
1345,1,0.361942,1.056447,0.428017,197,spongent,pair=UAV6<->UAV5; config=StadiumSPONGENT,0.0,1.056447,0.274766,0.0,0.0,0.153252,StadiumSPONGENT,StadiumSPONGENT-0-20260809-23:07:20-359377,6,5,StadiumSPONGENT-0-20260809-23:07:20-359377|phase3|6|5,0,0,0,spongent,10,,,,0,5-6,1.382908,1.044144,0.195175
1346,1,0.439923,2.600637,0.21285,197,spongent,pair=UAV6<->UAV7; config=StadiumSPONGENT,0.610803,0.0,0.0,1.989834,0.21285,0.0,StadiumSPONGENT,StadiumSPONGENT-0-20260809-23:07:20-359377,6,7,StadiumSPONGENT-0-20260809-23:07:20-359377|phase3|6|7,0,0,0,spongent,10,,,,1,6-7,1.365255,1.038083,0.190967
1347,1,0.443828,2.624732,0.21275,197,spongent,pair=UAV6<->UAV8; config=StadiumSPONGENT,0.63073,0.0,0.0,1.994002,0.21275,0.0,StadiumSPONGENT,StadiumSPONGENT-0-20260809-23:07:20-359377,6,8,StadiumSPONGENT-0-20260809-23:07:20-359377|phase3|6|8,0,0,0,spongent,10,,,,1,6-8,1.377148,1.04768,0.188974
1348,1,0.488993,2.61271,0.235357,197,spongent,pair=UAV6<->UAV9; config=StadiumSPONGENT,0.622064,0.0,0.0,1.990646,0.235357,0.0,StadiumSPONGENT,StadiumSPONGENT-0-20260809-23:07:20-359377,6,9,StadiumSPONGENT-0-20260809-23:07:20-359377|phase3|6|9,0,0,0,spongent,10,,,,1,6-9,1.374925,1.039737,0.189896
1349,1,0.368825,1.059583,0.395991,197,spongent,pair=UAV7<->UAV0; config=StadiumSPONGENT,0.0,1.059583,0.241557,0.0,0.0,0.154434,StadiumSPONGENT,StadiumSPONGENT-0-20260809-23:07:20-359377,7,0,StadiumSPONGENT-0-20260809-23:07:20-359377|phase3|7|0,0,0,0,spongent,10,,,,0,0-7,1.369944,1.049996,0.19235
1350,1,0.356257,1.042851,0.377621,197,spongent,pair=UAV7<->UAV1; config=StadiumSPONGENT,0.0,1.042851,0.233592,0.0,0.0,0.144029,StadiumSPONGENT,StadiumSPONGENT-0-20260809-23:07:20-359377,7,1,StadiumSPONGENT-0-20260809-23:07:20-359377|phase3|7|1,0,0,0,spongent,10,,,,0,1-7,1.355738,1.048472,0.187851
1351,1,0.350053,1.045066,0.367091,197,spongent,pair=UAV7<->UAV2; config=StadiumSPONGENT,0.0,1.045066,0.233015,0.0,0.0,0.134076,StadiumSPONGENT,StadiumSPONGENT-0-20260809-23:07:20-359377,7,2,StadiumSPONGENT-0-20260809-23:07:20-359377|phase3|7|2,0,0,0,spongent,10,,,,0,2-7,1.374963,1.041369,0.189385
1352,1,0.376986,1.040939,0.372404,197,spongent,pair=UAV7<->UAV3; config=StadiumSPONGENT,0.0,1.040939,0.231792,0.0,0.0,0.140612,StadiumSPONGENT,StadiumSPONGENT-0-20260809-23:07:20-359377,7,3,StadiumSPONGENT-0-20260809-23:07:20-359377|phase3|7|3,0,0,0,spongent,10,,,,0,3-7,1.371626,1.037932,0.190366
1353,1,0.394216,1.049975,0.373794,197,spongent,pair=UAV7<->UAV4; config=StadiumSPONGENT,0.0,1.049975,0.233151,0.0,0.0,0.140643,StadiumSPONGENT,StadiumSPONGENT-0-20260809-23:07:20-359377,7,4,StadiumSPONGENT-0-20260809-23:07:20-359377|phase3|7|4,0,0,0,spongent,10,,,,0,4-7,1.36829,1.044164,0.194574
1354,1,0.387114,1.048923,0.364436,197,spongent,pair=UAV7<->UAV5; config=StadiumSPONGENT,0.0,1.048923,0.228664,0.0,0.0,0.135771,StadiumSPONGENT,StadiumSPONGENT-0-20260809-23:07:20-359377,7,5,StadiumSPONGENT-0-20260809-23:07:20-359377|phase3|7|5,0,0,0,spongent,10,,,,0,5-7,1.404678,1.194696,0.205043
1355,1,0.351556,1.071415,0.365779,197,spongent,pair=UAV7<->UAV6; config=StadiumSPONGENT,0.0,1.071415,0.227073,0.0,0.0,0.138706,StadiumSPONGENT,StadiumSPONGENT-0-20260809-23:07:20-359377,7,6,StadiumSPONGENT-0-20260809-23:07:20-359377|phase3|7|6,0,0,0,spongent,10,,,,0,6-7,1.377168,1.04727,0.190597
1356,1,0.462961,2.616908,0.22177,197,spongent,pair=UAV7<->UAV8; config=StadiumSPONGENT,0.612987,0.0,0.0,2.003921,0.22177,0.0,StadiumSPONGENT,StadiumSPONGENT-0-20260809-23:07:20-359377,7,8,StadiumSPONGENT-0-20260809-23:07:20-359377|phase3|7|8,0,0,0,spongent,10,,,,1,7-8,1.379071,1.034977,0.190456
1357,1,0.441074,2.607319,0.209085,197,spongent,pair=UAV7<->UAV9; config=StadiumSPONGENT,0.621783,0.0,0.0,1.985536,0.209085,0.0,StadiumSPONGENT,StadiumSPONGENT-0-20260809-23:07:20-359377,7,9,StadiumSPONGENT-0-20260809-23:07:20-359377|phase3|7|9,0,0,0,spongent,10,,,,1,7-9,1.369003,1.035257,0.196998
1358,1,0.357764,1.043903,0.395004,197,spongent,pair=UAV8<->UAV0; config=StadiumSPONGENT,0.0,1.043903,0.254906,0.0,0.0,0.140098,StadiumSPONGENT,StadiumSPONGENT-0-20260809-23:07:20-359377,8,0,StadiumSPONGENT-0-20260809-23:07:20-359377|phase3|8|0,0,0,0,spongent,10,,,,0,0-8,1.363752,1.035509,0.189745
1359,1,0.380957,1.053552,0.393534,197,spongent,pair=UAV8<->UAV1; config=StadiumSPONGENT,0.0,1.053552,0.240815,0.0,0.0,0.152719,StadiumSPONGENT,StadiumSPONGENT-0-20260809-23:07:20-359377,8,1,StadiumSPONGENT-0-20260809-23:07:20-359377|phase3|8|1,0,0,0,spongent,10,,,,0,1-8,1.395541,1.129814,0.215084
1360,1,0.359047,1.044455,0.377756,197,spongent,pair=UAV8<->UAV2; config=StadiumSPONGENT,0.0,1.044455,0.233224,0.0,0.0,0.144532,StadiumSPONGENT,StadiumSPONGENT-0-20260809-23:07:20-359377,8,2,StadiumSPONGENT-0-20260809-23:07:20-359377|phase3|8|2,0,0,0,spongent,10,,,,0,2-8,1.362019,1.063802,0.189194
1361,1,0.365974,1.051508,0.385625,197,spongent,pair=UAV8<->UAV3; config=StadiumSPONGENT,0.0,1.051508,0.237095,0.0,0.0,0.14853,StadiumSPONGENT,StadiumSPONGENT-0-20260809-23:07:20-359377,8,3,StadiumSPONGENT-0-20260809-23:07:20-359377|phase3|8|3,0,0,0,spongent,10,,,,0,3-8,1.369514,1.043333,0.196677
1362,1,0.385492,1.042761,0.407161,197,spongent,pair=UAV8<->UAV4; config=StadiumSPONGENT,0.0,1.042761,0.24401,0.0,0.0,0.163151,StadiumSPONGENT,StadiumSPONGENT-0-20260809-23:07:20-359377,8,4,StadiumSPONGENT-0-20260809-23:07:20-359377|phase3|8|4,0,0,0,spongent,10,,,,0,4-8,1.361998,1.039866,0.196879
1363,1,0.397453,1.04201,0.410922,197,spongent,pair=UAV8<->UAV5; config=StadiumSPONGENT,0.0,1.04201,0.255059,0.0,0.0,0.155862,StadiumSPONGENT,StadiumSPONGENT-0-20260809-23:07:20-359377,8,5,StadiumSPONGENT-0-20260809-23:07:20-359377|phase3|8|5,0,0,0,spongent,10,,,,0,5-8,1.371738,1.042701,0.190066
1364,1,0.357792,1.048402,0.376118,197,spongent,pair=UAV8<->UAV6; config=StadiumSPONGENT,0.0,1.048402,0.231077,0.0,0.0,0.145041,StadiumSPONGENT,StadiumSPONGENT-0-20260809-23:07:20-359377,8,6,StadiumSPONGENT-0-20260809-23:07:20-359377|phase3|8|6,0,0,0,spongent,10,,,,0,6-8,1.36749,1.051518,0.202499
1365,1,0.364397,1.172093,0.383817,197,spongent,pair=UAV8<->UAV7; config=StadiumSPONGENT,0.0,1.172093,0.241191,0.0,0.0,0.142626,StadiumSPONGENT,StadiumSPONGENT-0-20260809-23:07:20-359377,8,7,StadiumSPONGENT-0-20260809-23:07:20-359377|phase3|8|7,0,0,0,spongent,10,,,,0,7-8,1.468308,1.040627,0.212808
1366,1,0.473655,2.61294,0.24007,197,spongent,pair=UAV8<->UAV9; config=StadiumSPONGENT,0.622134,0.0,0.0,1.990806,0.24007,0.0,StadiumSPONGENT,StadiumSPONGENT-0-20260809-23:07:20-359377,8,9,StadiumSPONGENT-0-20260809-23:07:20-359377|phase3|8|9,0,0,0,spongent,10,,,,1,8-9,1.364855,1.029598,0.198452
1367,1,0.392526,1.06311,0.37993,197,spongent,pair=UAV9<->UAV0; config=StadiumSPONGENT,0.0,1.06311,0.233596,0.0,0.0,0.146335,StadiumSPONGENT,StadiumSPONGENT-0-20260809-23:07:20-359377,9,0,StadiumSPONGENT-0-20260809-23:07:20-359377|phase3|9|0,0,0,0,spongent,10,,,,0,0-9,1.369112,1.046879,0.194424
1368,1,0.396597,1.043733,0.406942,197,spongent,pair=UAV9<->UAV1; config=StadiumSPONGENT,0.0,1.043733,0.251418,0.0,0.0,0.155524,StadiumSPONGENT,StadiumSPONGENT-0-20260809-23:07:20-359377,9,1,StadiumSPONGENT-0-20260809-23:07:20-359377|phase3|9|1,0,0,0,spongent,10,,,,0,1-9,1.364214,1.055355,0.190015
1369,1,0.340501,1.064763,0.369356,197,spongent,pair=UAV9<->UAV2; config=StadiumSPONGENT,0.0,1.064763,0.236701,0.0,0.0,0.132655,StadiumSPONGENT,StadiumSPONGENT-0-20260809-23:07:20-359377,9,2,StadiumSPONGENT-0-20260809-23:07:20-359377|phase3|9|2,0,0,0,spongent,10,,,,0,2-9,1.389221,1.038753,0.197159
1370,1,0.356525,1.091743,0.38459,197,spongent,pair=UAV9<->UAV3; config=StadiumSPONGENT,0.0,1.091743,0.247571,0.0,0.0,0.13702,StadiumSPONGENT,StadiumSPONGENT-0-20260809-23:07:20-359377,9,3,StadiumSPONGENT-0-20260809-23:07:20-359377|phase3|9|3,0,0,0,spongent,10,,,,0,3-9,1.397076,1.058221,0.190486
1371,1,0.374299,1.053401,0.395551,197,spongent,pair=UAV9<->UAV4; config=StadiumSPONGENT,0.0,1.053401,0.230725,0.0,0.0,0.164826,StadiumSPONGENT,StadiumSPONGENT-0-20260809-23:07:20-359377,9,4,StadiumSPONGENT-0-20260809-23:07:20-359377|phase3|9|4,0,0,0,spongent,10,,,,0,4-9,1.375374,1.037422,0.189795
1372,1,0.348982,1.039295,0.376386,197,spongent,pair=UAV9<->UAV5; config=StadiumSPONGENT,0.0,1.039295,0.235742,0.0,0.0,0.140644,StadiumSPONGENT,StadiumSPONGENT-0-20260809-23:07:20-359377,9,5,StadiumSPONGENT-0-20260809-23:07:20-359377|phase3|9|5,0,0,0,spongent,10,,,,0,5-9,1.361779,1.045717,0.196709
1373,1,0.386816,1.044135,0.405096,197,spongent,pair=UAV9<->UAV6; config=StadiumSPONGENT,0.0,1.044135,0.253637,0.0,0.0,0.15146,StadiumSPONGENT,StadiumSPONGENT-0-20260809-23:07:20-359377,9,6,StadiumSPONGENT-0-20260809-23:07:20-359377|phase3|9|6,0,0,0,spongent,10,,,,0,6-9,1.375114,1.039215,0.190007
1374,1,0.345551,1.049595,0.368456,197,spongent,pair=UAV9<->UAV7; config=StadiumSPONGENT,0.0,1.049595,0.231989,0.0,0.0,0.136467,StadiumSPONGENT,StadiumSPONGENT-0-20260809-23:07:20-359377,9,7,StadiumSPONGENT-0-20260809-23:07:20-359377|phase3|9|7,0,0,0,spongent,10,,,,0,7-9,1.375685,1.034837,0.189735
1375,1,0.399007,1.046058,0.392522,197,spongent,pair=UAV9<->UAV8; config=StadiumSPONGENT,0.0,1.046058,0.233585,0.0,0.0,0.158937,StadiumSPONGENT,StadiumSPONGENT-0-20260809-23:07:20-359377,9,8,StadiumSPONGENT-0-20260809-23:07:20-359377|phase3|9|8,0,0,0,spongent,10,,,,0,8-9,1.368863,1.045437,0.189795
1376,1,0.449811,2.658306,0.218523,197,spongent,pair=UAV0<->UAV1; config=StadiumSPONGENT,0.63548,0.0,0.0,2.022826,0.218523,0.0,StadiumSPONGENT,StadiumSPONGENT-1-20260809-23:07:21-359377,0,1,StadiumSPONGENT-1-20260809-23:07:21-359377|phase3|0|1,1,1,1,spongent,10,,,,1,0-1,1.411721,1.030178,0.205235
1377,1,0.498665,2.63988,0.223632,197,spongent,pair=UAV0<->UAV2; config=StadiumSPONGENT,0.629578,0.0,0.0,2.010302,0.223632,0.0,StadiumSPONGENT,StadiumSPONGENT-1-20260809-23:07:21-359377,0,2,StadiumSPONGENT-1-20260809-23:07:21-359377|phase3|0|2,1,1,1,spongent,10,,,,1,0-2,1.373681,1.053552,0.204292
1378,1,0.466845,2.619984,0.220436,197,spongent,pair=UAV0<->UAV3; config=StadiumSPONGENT,0.62515,0.0,0.0,1.994834,0.220436,0.0,StadiumSPONGENT,StadiumSPONGENT-1-20260809-23:07:21-359377,0,3,StadiumSPONGENT-1-20260809-23:07:21-359377|phase3|0|3,1,1,1,spongent,10,,,,1,0-3,1.383569,1.029066,0.196807
1379,1,0.465318,2.634841,0.234207,197,spongent,pair=UAV0<->UAV4; config=StadiumSPONGENT,0.640118,0.0,0.0,1.994723,0.234207,0.0,StadiumSPONGENT,StadiumSPONGENT-1-20260809-23:07:21-359377,0,4,StadiumSPONGENT-1-20260809-23:07:21-359377|phase3|0|4,1,1,1,spongent,10,,,,1,0-4,1.370836,1.041459,0.214131
1380,1,0.464412,2.629932,0.22649,197,spongent,pair=UAV0<->UAV5; config=StadiumSPONGENT,0.634127,0.0,0.0,1.995805,0.22649,0.0,StadiumSPONGENT,StadiumSPONGENT-1-20260809-23:07:21-359377,0,5,StadiumSPONGENT-1-20260809-23:07:21-359377|phase3|0|5,1,1,1,spongent,10,,,,1,0-5,1.38414,1.027754,0.211225
1381,1,0.487223,2.674936,0.242305,197,spongent,pair=UAV0<->UAV6; config=StadiumSPONGENT,0.640098,0.0,0.0,2.034838,0.242305,0.0,StadiumSPONGENT,StadiumSPONGENT-1-20260809-23:07:21-359377,0,6,StadiumSPONGENT-1-20260809-23:07:21-359377|phase3|0|6,1,1,1,spongent,10,,,,1,0-6,1.428642,1.037733,0.200676
1382,1,0.487369,2.61299,0.252099,197,spongent,pair=UAV0<->UAV7; config=StadiumSPONGENT,0.61434,0.0,0.0,1.99865,0.252099,0.0,StadiumSPONGENT,StadiumSPONGENT-1-20260809-23:07:21-359377,0,7,StadiumSPONGENT-1-20260809-23:07:21-359377|phase3|0|7,1,1,1,spongent,10,,,,1,0-7,1.374772,1.040517,0.190587
1383,1,0.493141,2.92755,0.229546,197,spongent,pair=UAV0<->UAV8; config=StadiumSPONGENT,0.668181,0.0,0.0,2.259369,0.229546,0.0,StadiumSPONGENT,StadiumSPONGENT-1-20260809-23:07:21-359377,0,8,StadiumSPONGENT-1-20260809-23:07:21-359377|phase3|0|8,1,1,1,spongent,10,,,,1,0-8,1.669664,1.04737,0.199954
1384,1,0.457071,2.630844,0.225327,197,spongent,pair=UAV0<->UAV9; config=StadiumSPONGENT,0.634738,0.0,0.0,1.996106,0.225327,0.0,StadiumSPONGENT,StadiumSPONGENT-1-20260809-23:07:21-359377,0,9,StadiumSPONGENT-1-20260809-23:07:21-359377|phase3|0|9,1,1,1,spongent,10,,,,1,0-9,1.372909,1.050546,0.199344
1385,1,0.354121,1.108304,0.366887,197,spongent,pair=UAV1<->UAV0; config=StadiumSPONGENT,0.0,1.108304,0.231289,0.0,0.0,0.135598,StadiumSPONGENT,StadiumSPONGENT-1-20260809-23:07:21-359377,1,0,StadiumSPONGENT-1-20260809-23:07:21-359377|phase3|1|0,1,1,1,spongent,10,,,,0,0-1,1.378078,1.077567,0.198332
1386,1,0.466179,2.642997,0.20994,197,spongent,pair=UAV1<->UAV2; config=StadiumSPONGENT,0.656118,0.0,0.0,1.986879,0.20994,0.0,StadiumSPONGENT,StadiumSPONGENT-1-20260809-23:07:21-359377,1,2,StadiumSPONGENT-1-20260809-23:07:21-359377|phase3|1|2,1,1,1,spongent,10,,,,1,1-2,1.365185,1.069482,0.200816
1387,1,0.484965,2.622007,0.236277,197,spongent,pair=UAV1<->UAV3; config=StadiumSPONGENT,0.62001,0.0,0.0,2.001997,0.236277,0.0,StadiumSPONGENT,StadiumSPONGENT-1-20260809-23:07:21-359377,1,3,StadiumSPONGENT-1-20260809-23:07:21-359377|phase3|1|3,1,1,1,spongent,10,,,,1,1-3,1.386104,1.039185,0.190337
1388,1,0.436104,2.629893,0.206407,197,spongent,pair=UAV1<->UAV4; config=StadiumSPONGENT,0.609221,0.0,0.0,2.020672,0.206407,0.0,StadiumSPONGENT,StadiumSPONGENT-1-20260809-23:07:21-359377,1,4,StadiumSPONGENT-1-20260809-23:07:21-359377|phase3|1|4,1,1,1,spongent,10,,,,1,1-4,1.374924,1.045658,0.199954
1389,1,0.507425,2.673353,0.241572,197,spongent,pair=UAV1<->UAV5; config=StadiumSPONGENT,0.675033,0.0,0.0,1.99832,0.241572,0.0,StadiumSPONGENT,StadiumSPONGENT-1-20260809-23:07:21-359377,1,5,StadiumSPONGENT-1-20260809-23:07:21-359377|phase3|1|5,1,1,1,spongent,10,,,,1,1-5,1.372268,1.090531,0.199664
1390,1,0.484623,2.617548,0.214741,197,spongent,pair=UAV1<->UAV6; config=StadiumSPONGENT,0.621162,0.0,0.0,1.996386,0.214741,0.0,StadiumSPONGENT,StadiumSPONGENT-1-20260809-23:07:21-359377,1,6,StadiumSPONGENT-1-20260809-23:07:21-359377|phase3|1|6,1,1,1,spongent,10,,,,1,1-6,1.380213,1.041919,0.190286
1391,1,0.475236,2.615405,0.227524,197,spongent,pair=UAV1<->UAV7; config=StadiumSPONGENT,0.612827,0.0,0.0,2.002578,0.227524,0.0,StadiumSPONGENT,StadiumSPONGENT-1-20260809-23:07:21-359377,1,7,StadiumSPONGENT-1-20260809-23:07:21-359377|phase3|1|7,1,1,1,spongent,10,,,,1,1-7,1.382086,1.035648,0.189695
1392,1,0.455209,2.616337,0.213455,197,spongent,pair=UAV1<->UAV8; config=StadiumSPONGENT,0.626463,0.0,0.0,1.989874,0.213455,0.0,StadiumSPONGENT,StadiumSPONGENT-1-20260809-23:07:21-359377,1,8,StadiumSPONGENT-1-20260809-23:07:21-359377|phase3|1|8,1,1,1,spongent,10,,,,1,1-8,1.371347,1.039505,0.198621
1393,1,0.466745,2.656082,0.207429,197,spongent,pair=UAV1<->UAV9; config=StadiumSPONGENT,0.617777,0.0,0.0,2.038305,0.207429,0.0,StadiumSPONGENT,StadiumSPONGENT-1-20260809-23:07:21-359377,1,9,StadiumSPONGENT-1-20260809-23:07:21-359377|phase3|1|9,1,1,1,spongent,10,,,,1,1-9,1.3833,1.035267,0.23043
1394,1,0.366948,1.074961,0.41835,197,spongent,pair=UAV2<->UAV0; config=StadiumSPONGENT,0.0,1.074961,0.275034,0.0,0.0,0.143316,StadiumSPONGENT,StadiumSPONGENT-1-20260809-23:07:21-359377,2,0,StadiumSPONGENT-1-20260809-23:07:21-359377|phase3|2|0,1,1,1,spongent,10,,,,0,0-2,1.3993,1.085511,0.196388
1395,1,0.354329,1.053391,0.400628,197,spongent,pair=UAV2<->UAV1; config=StadiumSPONGENT,0.0,1.053391,0.256239,0.0,0.0,0.144389,StadiumSPONGENT,StadiumSPONGENT-1-20260809-23:07:21-359377,2,1,StadiumSPONGENT-1-20260809-23:07:21-359377|phase3|2|1,1,1,1,spongent,10,,,,0,1-2,1.370114,1.122992,0.191498
1396,1,0.480059,2.676299,0.240468,197,spongent,pair=UAV2<->UAV3; config=StadiumSPONGENT,0.620371,0.0,0.0,2.055928,0.240468,0.0,StadiumSPONGENT,StadiumSPONGENT-1-20260809-23:07:21-359377,2,3,StadiumSPONGENT-1-20260809-23:07:21-359377|phase3|2|3,1,1,1,spongent,10,,,,1,2-3,1.406432,1.065104,0.196538
1397,1,0.477491,2.603512,0.227723,197,spongent,pair=UAV2<->UAV4; config=StadiumSPONGENT,0.617115,0.0,0.0,1.986397,0.227723,0.0,StadiumSPONGENT,StadiumSPONGENT-1-20260809-23:07:21-359377,2,4,StadiumSPONGENT-1-20260809-23:07:21-359377|phase3|2|4,1,1,1,spongent,10,,,,1,2-4,1.379842,1.028004,0.188633
1398,1,0.446309,2.62899,0.208286,197,spongent,pair=UAV2<->UAV5; config=StadiumSPONGENT,0.608208,0.0,0.0,2.020782,0.208286,0.0,StadiumSPONGENT,StadiumSPONGENT-1-20260809-23:07:21-359377,2,5,StadiumSPONGENT-1-20260809-23:07:21-359377|phase3|2|5,1,1,1,spongent,10,,,,1,2-5,1.366418,1.067138,0.190076
1399,1,0.437966,2.674286,0.20656,197,spongent,pair=UAV2<->UAV6; config=StadiumSPONGENT,0.675825,0.0,0.0,1.998461,0.20656,0.0,StadiumSPONGENT,StadiumSPONGENT-1-20260809-23:07:21-359377,2,6,StadiumSPONGENT-1-20260809-23:07:21-359377|phase3|2|6,1,1,1,spongent,10,,,,1,2-6,1.425628,1.047991,0.190357
1400,1,0.464728,2.754976,0.231304,197,spongent,pair=UAV2<->UAV7; config=StadiumSPONGENT,0.743932,0.0,0.0,2.011044,0.231304,0.0,StadiumSPONGENT,StadiumSPONGENT-1-20260809-23:07:21-359377,2,7,StadiumSPONGENT-1-20260809-23:07:21-359377|phase3|2|7,1,1,1,spongent,10,,,,1,2-7,1.391204,1.118253,0.236632
1401,1,0.46992,2.806031,0.242792,197,spongent,pair=UAV2<->UAV8; config=StadiumSPONGENT,0.795839,0.0,0.0,2.010192,0.242792,0.0,StadiumSPONGENT,StadiumSPONGENT-1-20260809-23:07:21-359377,2,8,StadiumSPONGENT-1-20260809-23:07:21-359377|phase3|2|8,1,1,1,spongent,10,,,,1,2-8,1.486181,1.094689,0.21313
1402,1,0.479388,2.841047,0.228299,197,spongent,pair=UAV2<->UAV9; config=StadiumSPONGENT,0.826787,0.0,0.0,2.01426,0.228299,0.0,StadiumSPONGENT,StadiumSPONGENT-1-20260809-23:07:21-359377,2,9,StadiumSPONGENT-1-20260809-23:07:21-359377|phase3|2|9,1,1,1,spongent,10,,,,1,2-9,1.475331,1.134062,0.220762
1403,1,0.364414,1.194205,0.390388,197,spongent,pair=UAV3<->UAV0; config=StadiumSPONGENT,0.0,1.194205,0.24641,0.0,0.0,0.143978,StadiumSPONGENT,StadiumSPONGENT-1-20260809-23:07:21-359377,3,0,StadiumSPONGENT-1-20260809-23:07:21-359377|phase3|3|0,1,1,1,spongent,10,,,,0,0-3,1.512722,1.090782,0.20282
1404,1,0.384334,1.050556,0.396744,197,spongent,pair=UAV3<->UAV1; config=StadiumSPONGENT,0.0,1.050556,0.248687,0.0,0.0,0.148057,StadiumSPONGENT,StadiumSPONGENT-1-20260809-23:07:21-359377,3,1,StadiumSPONGENT-1-20260809-23:07:21-359377|phase3|3|1,1,1,1,spongent,10,,,,0,1-3,1.364793,1.04186,0.190146
1405,1,0.397005,1.13806,0.396128,197,spongent,pair=UAV3<->UAV2; config=StadiumSPONGENT,0.0,1.13806,0.239591,0.0,0.0,0.156537,StadiumSPONGENT,StadiumSPONGENT-1-20260809-23:07:21-359377,3,2,StadiumSPONGENT-1-20260809-23:07:21-359377|phase3|3|2,1,1,1,spongent,10,,,,0,2-3,1.43156,1.042351,0.22466
1406,1,0.473412,2.823855,0.244553,197,spongent,pair=UAV3<->UAV4; config=StadiumSPONGENT,0.838309,0.0,0.0,1.985546,0.244553,0.0,StadiumSPONGENT,StadiumSPONGENT-1-20260809-23:07:21-359377,3,4,StadiumSPONGENT-1-20260809-23:07:21-359377|phase3|3|4,1,1,1,spongent,10,,,,1,3-4,1.476203,1.118173,0.21924
1407,1,0.454419,2.728777,0.209772,197,spongent,pair=UAV3<->UAV5; config=StadiumSPONGENT,0.72664,0.0,0.0,2.002137,0.209772,0.0,StadiumSPONGENT,StadiumSPONGENT-1-20260809-23:07:21-359377,3,5,StadiumSPONGENT-1-20260809-23:07:21-359377|phase3|3|5,1,1,1,spongent,10,,,,1,3-5,1.378931,1.12176,0.206025
1408,1,0.469191,2.624552,0.216628,197,spongent,pair=UAV3<->UAV6; config=StadiumSPONGENT,0.622806,0.0,0.0,2.001746,0.216628,0.0,StadiumSPONGENT,StadiumSPONGENT-1-20260809-23:07:21-359377,3,6,StadiumSPONGENT-1-20260809-23:07:21-359377|phase3|3|6,1,1,1,spongent,10,,,,1,3-6,1.376635,1.036591,0.205134
1409,1,0.456196,2.611057,0.224641,197,spongent,pair=UAV3<->UAV7; config=StadiumSPONGENT,0.611655,0.0,0.0,1.999402,0.224641,0.0,StadiumSPONGENT,StadiumSPONGENT-1-20260809-23:07:21-359377,3,7,StadiumSPONGENT-1-20260809-23:07:21-359377|phase3|3|7,1,1,1,spongent,10,,,,1,3-7,1.369141,1.028124,0.205365
1410,1,0.518282,2.622358,0.260275,197,spongent,pair=UAV3<->UAV8; config=StadiumSPONGENT,0.620431,0.0,0.0,2.001927,0.260275,0.0,StadiumSPONGENT,StadiumSPONGENT-1-20260809-23:07:21-359377,3,8,StadiumSPONGENT-1-20260809-23:07:21-359377|phase3|3|8,1,1,1,spongent,10,,,,1,3-8,1.370776,1.052329,0.190657
1411,1,0.460724,2.610035,0.20643,197,spongent,pair=UAV3<->UAV9; config=StadiumSPONGENT,0.621122,0.0,0.0,1.988913,0.20643,0.0,StadiumSPONGENT,StadiumSPONGENT-1-20260809-23:07:21-359377,3,9,StadiumSPONGENT-1-20260809-23:07:21-359377|phase3|3|9,1,1,1,spongent,10,,,,1,3-9,1.374533,1.030699,0.196838
1412,1,0.371844,1.142669,0.368747,197,spongent,pair=UAV4<->UAV0; config=StadiumSPONGENT,0.0,1.142669,0.231111,0.0,0.0,0.137637,StadiumSPONGENT,StadiumSPONGENT-1-20260809-23:07:21-359377,4,0,StadiumSPONGENT-1-20260809-23:07:21-359377|phase3|4|0,1,1,1,spongent,10,,,,0,0-4,1.635941,1.352913,0.259025
1413,1,0.357421,1.236114,0.380711,197,spongent,pair=UAV4<->UAV1; config=StadiumSPONGENT,0.0,1.236114,0.229697,0.0,0.0,0.151014,StadiumSPONGENT,StadiumSPONGENT-1-20260809-23:07:21-359377,4,1,StadiumSPONGENT-1-20260809-23:07:21-359377|phase3|4|1,1,1,1,spongent,10,,,,0,1-4,1.493093,1.113062,0.1974
1414,1,0.374594,1.053041,0.396639,197,spongent,pair=UAV4<->UAV2; config=StadiumSPONGENT,0.0,1.053041,0.249768,0.0,0.0,0.146871,StadiumSPONGENT,StadiumSPONGENT-1-20260809-23:07:21-359377,4,2,StadiumSPONGENT-1-20260809-23:07:21-359377|phase3|4|2,1,1,1,spongent,10,,,,0,2-4,1.381696,1.035388,0.197439
1415,1,0.396638,1.16484,0.380945,197,spongent,pair=UAV4<->UAV3; config=StadiumSPONGENT,0.0,1.16484,0.228859,0.0,0.0,0.152086,StadiumSPONGENT,StadiumSPONGENT-1-20260809-23:07:21-359377,4,3,StadiumSPONGENT-1-20260809-23:07:21-359377|phase3|4|3,1,1,1,spongent,10,,,,0,3-4,1.459281,1.037481,0.209742
1416,1,0.448932,2.619673,0.215056,197,spongent,pair=UAV4<->UAV5; config=StadiumSPONGENT,0.619539,0.0,0.0,2.000134,0.215056,0.0,StadiumSPONGENT,StadiumSPONGENT-1-20260809-23:07:21-359377,4,5,StadiumSPONGENT-1-20260809-23:07:21-359377|phase3|4|5,1,1,1,spongent,10,,,,1,4-5,1.371988,1.044846,0.194394
1417,1,0.466735,2.606437,0.219236,197,spongent,pair=UAV4<->UAV6; config=StadiumSPONGENT,0.617906,0.0,0.0,1.988531,0.219236,0.0,StadiumSPONGENT,StadiumSPONGENT-1-20260809-23:07:21-359377,4,6,StadiumSPONGENT-1-20260809-23:07:21-359377|phase3|4|6,1,1,1,spongent,10,,,,1,4-6,1.368041,1.035378,0.196748
1418,1,0.465043,2.616969,0.213261,197,spongent,pair=UAV4<->UAV7; config=StadiumSPONGENT,0.620522,0.0,0.0,1.996447,0.213261,0.0,StadiumSPONGENT,StadiumSPONGENT-1-20260809-23:07:21-359377,4,7,StadiumSPONGENT-1-20260809-23:07:21-359377|phase3|4|7,1,1,1,spongent,10,,,,1,4-7,1.388348,1.026651,0.196258
1419,1,0.488569,2.641835,0.221273,197,spongent,pair=UAV4<->UAV8; config=StadiumSPONGENT,0.608579,0.0,0.0,2.033256,0.221273,0.0,StadiumSPONGENT,StadiumSPONGENT-1-20260809-23:07:21-359377,4,8,StadiumSPONGENT-1-20260809-23:07:21-359377|phase3|4|8,1,1,1,spongent,10,,,,1,4-8,1.394009,1.040648,0.198752
1420,1,0.440841,2.620606,0.213006,197,spongent,pair=UAV4<->UAV9; config=StadiumSPONGENT,0.620512,0.0,0.0,2.000094,0.213006,0.0,StadiumSPONGENT,StadiumSPONGENT-1-20260809-23:07:21-359377,4,9,StadiumSPONGENT-1-20260809-23:07:21-359377|phase3|4|9,1,1,1,spongent,10,,,,1,4-9,1.384571,1.039174,0.189776
1421,1,0.366073,1.044545,0.377505,197,spongent,pair=UAV5<->UAV0; config=StadiumSPONGENT,0.0,1.044545,0.237922,0.0,0.0,0.139583,StadiumSPONGENT,StadiumSPONGENT-1-20260809-23:07:21-359377,5,0,StadiumSPONGENT-1-20260809-23:07:21-359377|phase3|5|0,1,1,1,spongent,10,,,,0,0-5,1.373059,1.042461,0.19293
1422,1,0.379151,1.046959,0.403431,197,spongent,pair=UAV5<->UAV1; config=StadiumSPONGENT,0.0,1.046959,0.265852,0.0,0.0,0.137578,StadiumSPONGENT,StadiumSPONGENT-1-20260809-23:07:21-359377,5,1,StadiumSPONGENT-1-20260809-23:07:21-359377|phase3|5|1,1,1,1,spongent,10,,,,0,1-5,1.366307,1.037873,0.190717
1423,1,0.384247,1.040697,0.413984,197,spongent,pair=UAV5<->UAV2; config=StadiumSPONGENT,0.0,1.040697,0.238023,0.0,0.0,0.17596,StadiumSPONGENT,StadiumSPONGENT-1-20260809-23:07:21-359377,5,2,StadiumSPONGENT-1-20260809-23:07:21-359377|phase3|5|2,1,1,1,spongent,10,,,,0,2-5,1.375094,1.036209,0.190546
1424,1,0.3547,1.078539,0.389576,197,spongent,pair=UAV5<->UAV3; config=StadiumSPONGENT,0.0,1.078539,0.244648,0.0,0.0,0.144928,StadiumSPONGENT,StadiumSPONGENT-1-20260809-23:07:21-359377,5,3,StadiumSPONGENT-1-20260809-23:07:21-359377|phase3|5|3,1,1,1,spongent,10,,,,0,3-5,1.39466,1.108875,0.189465
1425,1,0.390559,1.053201,0.409378,197,spongent,pair=UAV5<->UAV4; config=StadiumSPONGENT,0.0,1.053201,0.233876,0.0,0.0,0.175503,StadiumSPONGENT,StadiumSPONGENT-1-20260809-23:07:21-359377,5,4,StadiumSPONGENT-1-20260809-23:07:21-359377|phase3|5|4,1,1,1,spongent,10,,,,0,4-5,1.364263,1.052209,0.190797
1426,1,0.483735,2.63461,0.243248,197,spongent,pair=UAV5<->UAV6; config=StadiumSPONGENT,0.64669,0.0,0.0,1.98792,0.243248,0.0,StadiumSPONGENT,StadiumSPONGENT-1-20260809-23:07:21-359377,5,6,StadiumSPONGENT-1-20260809-23:07:21-359377|phase3|5|6,1,1,1,spongent,10,,,,1,5-6,1.40025,1.03636,0.191288
1427,1,0.459051,2.625213,0.230455,197,spongent,pair=UAV5<->UAV7; config=StadiumSPONGENT,0.634107,0.0,0.0,1.991106,0.230455,0.0,StadiumSPONGENT,StadiumSPONGENT-1-20260809-23:07:21-359377,5,7,StadiumSPONGENT-1-20260809-23:07:21-359377|phase3|5|7,1,1,1,spongent,10,,,,1,5-7,1.371828,1.040868,0.201677
1428,1,0.49057,2.667833,0.216357,197,spongent,pair=UAV5<->UAV8; config=StadiumSPONGENT,0.622114,0.0,0.0,2.045719,0.216357,0.0,StadiumSPONGENT,StadiumSPONGENT-1-20260809-23:07:21-359377,5,8,StadiumSPONGENT-1-20260809-23:07:21-359377|phase3|5|8,1,1,1,spongent,10,,,,1,5-8,1.397516,1.069732,0.191539
1429,1,0.475471,2.618981,0.233594,197,spongent,pair=UAV5<->UAV9; config=StadiumSPONGENT,0.610362,0.0,0.0,2.008619,0.233594,0.0,StadiumSPONGENT,StadiumSPONGENT-1-20260809-23:07:21-359377,5,9,StadiumSPONGENT-1-20260809-23:07:21-359377|phase3|5|9,1,1,1,spongent,10,,,,1,5-9,1.390142,1.031711,0.189244
1430,1,0.401039,1.286157,0.403652,197,spongent,pair=UAV6<->UAV0; config=StadiumSPONGENT,0.0,1.286157,0.244918,0.0,0.0,0.158734,StadiumSPONGENT,StadiumSPONGENT-1-20260809-23:07:21-359377,6,0,StadiumSPONGENT-1-20260809-23:07:21-359377|phase3|6|0,1,1,1,spongent,10,,,,0,0-6,1.535094,1.065614,0.226825
1431,1,0.375979,1.216497,0.431121,197,spongent,pair=UAV6<->UAV1; config=StadiumSPONGENT,0.0,1.216497,0.269882,0.0,0.0,0.161238,StadiumSPONGENT,StadiumSPONGENT-1-20260809-23:07:21-359377,6,1,StadiumSPONGENT-1-20260809-23:07:21-359377|phase3|6|1,1,1,1,spongent,10,,,,0,1-6,1.507081,1.040537,0.223608
1432,1,0.348091,1.052159,0.372937,197,spongent,pair=UAV6<->UAV2; config=StadiumSPONGENT,0.0,1.052159,0.231406,0.0,0.0,0.141531,StadiumSPONGENT,StadiumSPONGENT-1-20260809-23:07:21-359377,6,2,StadiumSPONGENT-1-20260809-23:07:21-359377|phase3|6|2,1,1,1,spongent,10,,,,0,2-6,1.379862,1.038353,0.190737
1433,1,0.369758,1.0793,0.405694,197,spongent,pair=UAV6<->UAV3; config=StadiumSPONGENT,0.0,1.0793,0.252564,0.0,0.0,0.15313,StadiumSPONGENT,StadiumSPONGENT-1-20260809-23:07:21-359377,6,3,StadiumSPONGENT-1-20260809-23:07:21-359377|phase3|6|3,1,1,1,spongent,10,,,,0,3-6,1.403627,1.043403,0.189314
1434,1,0.366127,1.051238,0.39439,197,spongent,pair=UAV6<->UAV4; config=StadiumSPONGENT,0.0,1.051238,0.247499,0.0,0.0,0.146891,StadiumSPONGENT,StadiumSPONGENT-1-20260809-23:07:21-359377,6,4,StadiumSPONGENT-1-20260809-23:07:21-359377|phase3|6|4,1,1,1,spongent,10,,,,0,4-6,1.390252,1.027834,0.190045
1435,1,0.40158,1.049915,0.39882,197,spongent,pair=UAV6<->UAV5; config=StadiumSPONGENT,0.0,1.049915,0.240487,0.0,0.0,0.158333,StadiumSPONGENT,StadiumSPONGENT-1-20260809-23:07:21-359377,6,5,StadiumSPONGENT-1-20260809-23:07:21-359377|phase3|6|5,1,1,1,spongent,10,,,,0,5-6,1.395313,1.041158,0.200104
1436,1,0.452871,2.619082,0.216376,197,spongent,pair=UAV6<->UAV7; config=StadiumSPONGENT,0.626653,0.0,0.0,1.992429,0.216376,0.0,StadiumSPONGENT,StadiumSPONGENT-1-20260809-23:07:21-359377,6,7,StadiumSPONGENT-1-20260809-23:07:21-359377|phase3|6|7,1,1,1,spongent,10,,,,1,6-7,1.366788,1.044915,0.200115
1437,1,0.490458,2.636795,0.239582,197,spongent,pair=UAV6<->UAV8; config=StadiumSPONGENT,0.628747,0.0,0.0,2.008048,0.239582,0.0,StadiumSPONGENT,StadiumSPONGENT-1-20260809-23:07:21-359377,6,8,StadiumSPONGENT-1-20260809-23:07:21-359377|phase3|6|8,1,1,1,spongent,10,,,,1,6-8,1.387997,1.048763,0.189996
1438,1,0.465749,2.608501,0.221335,197,spongent,pair=UAV6<->UAV9; config=StadiumSPONGENT,0.607426,0.0,0.0,2.001075,0.221335,0.0,StadiumSPONGENT,StadiumSPONGENT-1-20260809-23:07:21-359377,6,9,StadiumSPONGENT-1-20260809-23:07:21-359377|phase3|6|9,1,1,1,spongent,10,,,,1,6-9,1.3778,1.025861,0.199112
1439,1,0.401754,1.044454,0.384925,197,spongent,pair=UAV7<->UAV0; config=StadiumSPONGENT,0.0,1.044454,0.23527,0.0,0.0,0.149655,StadiumSPONGENT,StadiumSPONGENT-1-20260809-23:07:21-359377,7,0,StadiumSPONGENT-1-20260809-23:07:21-359377|phase3|7|0,1,1,1,spongent,10,,,,0,0-7,1.363882,1.040197,0.195787
1440,1,0.368067,1.046118,0.388255,197,spongent,pair=UAV7<->UAV1; config=StadiumSPONGENT,0.0,1.046118,0.247712,0.0,0.0,0.140543,StadiumSPONGENT,StadiumSPONGENT-1-20260809-23:07:21-359377,7,1,StadiumSPONGENT-1-20260809-23:07:21-359377|phase3|7|1,1,1,1,spongent,10,,,,0,1-7,1.375005,1.048713,0.193943
1441,1,0.371933,1.045657,0.374053,197,spongent,pair=UAV7<->UAV2; config=StadiumSPONGENT,0.0,1.045657,0.233424,0.0,0.0,0.140629,StadiumSPONGENT,StadiumSPONGENT-1-20260809-23:07:21-359377,7,2,StadiumSPONGENT-1-20260809-23:07:21-359377|phase3|7|2,1,1,1,spongent,10,,,,0,2-7,1.374153,1.028916,0.189795
1442,1,0.370586,1.053932,0.377499,197,spongent,pair=UAV7<->UAV3; config=StadiumSPONGENT,0.0,1.053932,0.231555,0.0,0.0,0.145945,StadiumSPONGENT,StadiumSPONGENT-1-20260809-23:07:21-359377,7,3,StadiumSPONGENT-1-20260809-23:07:21-359377|phase3|7|3,1,1,1,spongent,10,,,,0,3-7,1.583744,1.270768,0.230682
1443,1,0.352092,1.042351,0.390613,197,spongent,pair=UAV7<->UAV4; config=StadiumSPONGENT,0.0,1.042351,0.251782,0.0,0.0,0.138832,StadiumSPONGENT,StadiumSPONGENT-1-20260809-23:07:21-359377,7,4,StadiumSPONGENT-1-20260809-23:07:21-359377|phase3|7|4,1,1,1,spongent,10,,,,0,4-7,1.595196,1.086422,0.246612
1444,1,0.400534,1.070784,0.398674,197,spongent,pair=UAV7<->UAV5; config=StadiumSPONGENT,0.0,1.070784,0.228596,0.0,0.0,0.170079,StadiumSPONGENT,StadiumSPONGENT-1-20260809-23:07:21-359377,7,5,StadiumSPONGENT-1-20260809-23:07:21-359377|phase3|7|5,1,1,1,spongent,10,,,,0,5-7,1.400822,1.033745,0.189735
1445,1,0.361738,1.05268,0.381858,197,spongent,pair=UAV7<->UAV6; config=StadiumSPONGENT,0.0,1.05268,0.236495,0.0,0.0,0.145363,StadiumSPONGENT,StadiumSPONGENT-1-20260809-23:07:21-359377,7,6,StadiumSPONGENT-1-20260809-23:07:21-359377|phase3|7|6,1,1,1,spongent,10,,,,0,6-7,1.371467,1.049163,0.196408
1446,1,0.450785,2.61239,0.217494,197,spongent,pair=UAV7<->UAV8; config=StadiumSPONGENT,0.620301,0.0,0.0,1.992089,0.217494,0.0,StadiumSPONGENT,StadiumSPONGENT-1-20260809-23:07:21-359377,7,8,StadiumSPONGENT-1-20260809-23:07:21-359377|phase3|7|8,1,1,1,spongent,10,,,,1,7-8,1.379672,1.028856,0.196879
1447,1,0.444272,2.603132,0.207492,197,spongent,pair=UAV7<->UAV9; config=StadiumSPONGENT,0.609701,0.0,0.0,1.993431,0.207492,0.0,StadiumSPONGENT,StadiumSPONGENT-1-20260809-23:07:21-359377,7,9,StadiumSPONGENT-1-20260809-23:07:21-359377|phase3|7|9,1,1,1,spongent,10,,,,1,7-9,1.36746,1.039445,0.189305
1448,1,0.385734,1.131067,0.419783,197,spongent,pair=UAV8<->UAV0; config=StadiumSPONGENT,0.0,1.131067,0.263595,0.0,0.0,0.156188,StadiumSPONGENT,StadiumSPONGENT-1-20260809-23:07:21-359377,8,0,StadiumSPONGENT-1-20260809-23:07:21-359377|phase3|8|0,1,1,1,spongent,10,,,,0,0-8,1.427562,1.051298,0.221996
1449,1,0.37849,1.047821,0.40679,197,spongent,pair=UAV8<->UAV1; config=StadiumSPONGENT,0.0,1.047821,0.241755,0.0,0.0,0.165035,StadiumSPONGENT,StadiumSPONGENT-1-20260809-23:07:21-359377,8,1,StadiumSPONGENT-1-20260809-23:07:21-359377|phase3|8|1,1,1,1,spongent,10,,,,0,1-8,1.391656,1.056136,0.194304
1450,1,0.388604,1.074611,0.37294,197,spongent,pair=UAV8<->UAV2; config=StadiumSPONGENT,0.0,1.074611,0.227128,0.0,0.0,0.145812,StadiumSPONGENT,StadiumSPONGENT-1-20260809-23:07:21-359377,8,2,StadiumSPONGENT-1-20260809-23:07:21-359377|phase3|8|2,1,1,1,spongent,10,,,,0,2-8,1.381055,1.200977,0.209012
1451,1,0.427414,1.095691,0.425145,197,spongent,pair=UAV8<->UAV3; config=StadiumSPONGENT,0.0,1.095691,0.258006,0.0,0.0,0.167139,StadiumSPONGENT,StadiumSPONGENT-1-20260809-23:07:21-359377,8,3,StadiumSPONGENT-1-20260809-23:07:21-359377|phase3|8|3,1,1,1,spongent,10,,,,0,3-8,1.43148,1.126397,0.199553
1452,1,0.362954,1.054815,0.408976,197,spongent,pair=UAV8<->UAV4; config=StadiumSPONGENT,0.0,1.054815,0.267296,0.0,0.0,0.141681,StadiumSPONGENT,StadiumSPONGENT-1-20260809-23:07:21-359377,8,4,StadiumSPONGENT-1-20260809-23:07:21-359377|phase3|8|4,1,1,1,spongent,10,,,,0,4-8,1.380044,1.038935,0.189243
1453,1,0.350792,1.059913,0.408649,197,spongent,pair=UAV8<->UAV5; config=StadiumSPONGENT,0.0,1.059913,0.274214,0.0,0.0,0.134435,StadiumSPONGENT,StadiumSPONGENT-1-20260809-23:07:21-359377,8,5,StadiumSPONGENT-1-20260809-23:07:21-359377|phase3|8|5,1,1,1,spongent,10,,,,0,5-8,1.380194,1.046329,0.194765
1454,1,0.377919,1.04154,0.389213,197,spongent,pair=UAV8<->UAV6; config=StadiumSPONGENT,0.0,1.04154,0.250876,0.0,0.0,0.138337,StadiumSPONGENT,StadiumSPONGENT-1-20260809-23:07:21-359377,8,6,StadiumSPONGENT-1-20260809-23:07:21-359377|phase3|8|6,1,1,1,spongent,10,,,,0,6-8,1.376216,1.02597,0.189795
1455,1,0.360073,1.042441,0.375871,197,spongent,pair=UAV8<->UAV7; config=StadiumSPONGENT,0.0,1.042441,0.233292,0.0,0.0,0.14258,StadiumSPONGENT,StadiumSPONGENT-1-20260809-23:07:21-359377,8,7,StadiumSPONGENT-1-20260809-23:07:21-359377|phase3|8|7,1,1,1,spongent,10,,,,0,7-8,1.371967,1.028985,0.190747
1456,1,0.461703,2.622348,0.20497,197,spongent,pair=UAV8<->UAV9; config=StadiumSPONGENT,0.619479,0.0,0.0,2.002869,0.20497,0.0,StadiumSPONGENT,StadiumSPONGENT-1-20260809-23:07:21-359377,8,9,StadiumSPONGENT-1-20260809-23:07:21-359377|phase3|8|9,1,1,1,spongent,10,,,,1,8-9,1.368051,1.049965,0.197921
1457,1,0.365803,1.058431,0.372218,197,spongent,pair=UAV9<->UAV0; config=StadiumSPONGENT,0.0,1.058431,0.231743,0.0,0.0,0.140475,StadiumSPONGENT,StadiumSPONGENT-1-20260809-23:07:21-359377,9,0,StadiumSPONGENT-1-20260809-23:07:21-359377|phase3|9|0,1,1,1,spongent,10,,,,0,0-9,1.375254,1.047691,0.189414
1458,1,0.369472,1.059413,0.42136,197,spongent,pair=UAV9<->UAV1; config=StadiumSPONGENT,0.0,1.059413,0.259316,0.0,0.0,0.162043,StadiumSPONGENT,StadiumSPONGENT-1-20260809-23:07:21-359377,9,1,StadiumSPONGENT-1-20260809-23:07:21-359377|phase3|9|1,1,1,1,spongent,10,,,,0,1-9,1.372518,1.044525,0.189535
1459,1,0.396425,1.051228,0.419215,197,spongent,pair=UAV9<->UAV2; config=StadiumSPONGENT,0.0,1.051228,0.251088,0.0,0.0,0.168126,StadiumSPONGENT,StadiumSPONGENT-1-20260809-23:07:21-359377,9,2,StadiumSPONGENT-1-20260809-23:07:21-359377|phase3|9|2,1,1,1,spongent,10,,,,0,2-9,1.370956,1.044254,0.19723
1460,1,0.351162,1.060334,0.399026,197,spongent,pair=UAV9<->UAV3; config=StadiumSPONGENT,0.0,1.060334,0.254294,0.0,0.0,0.144732,StadiumSPONGENT,StadiumSPONGENT-1-20260809-23:07:21-359377,9,3,StadiumSPONGENT-1-20260809-23:07:21-359377|phase3|9|3,1,1,1,spongent,10,,,,0,3-9,1.386796,1.046138,0.193332
1461,1,0.359978,1.04748,0.374806,197,spongent,pair=UAV9<->UAV4; config=StadiumSPONGENT,0.0,1.04748,0.227834,0.0,0.0,0.146972,StadiumSPONGENT,StadiumSPONGENT-1-20260809-23:07:21-359377,9,4,StadiumSPONGENT-1-20260809-23:07:21-359377|phase3|9|4,1,1,1,spongent,10,,,,0,4-9,1.369883,1.039676,0.198351
1462,1,0.367454,1.051057,0.375737,197,spongent,pair=UAV9<->UAV5; config=StadiumSPONGENT,0.0,1.051057,0.241877,0.0,0.0,0.13386,StadiumSPONGENT,StadiumSPONGENT-1-20260809-23:07:21-359377,9,5,StadiumSPONGENT-1-20260809-23:07:21-359377|phase3|9|5,1,1,1,spongent,10,,,,0,5-9,1.368572,1.051879,0.197149
1463,1,0.358423,1.048402,0.381502,197,spongent,pair=UAV9<->UAV6; config=StadiumSPONGENT,0.0,1.048402,0.244414,0.0,0.0,0.137088,StadiumSPONGENT,StadiumSPONGENT-1-20260809-23:07:21-359377,9,6,StadiumSPONGENT-1-20260809-23:07:21-359377|phase3|9|6,1,1,1,spongent,10,,,,0,6-9,1.55461,1.265008,0.220893
1464,1,0.352084,1.081203,0.381372,197,spongent,pair=UAV9<->UAV7; config=StadiumSPONGENT,0.0,1.081203,0.23678,0.0,0.0,0.144592,StadiumSPONGENT,StadiumSPONGENT-1-20260809-23:07:21-359377,9,7,StadiumSPONGENT-1-20260809-23:07:21-359377|phase3|9|7,1,1,1,spongent,10,,,,0,7-9,1.390433,1.04682,0.202759
1465,1,0.359211,1.049464,0.410974,197,spongent,pair=UAV9<->UAV8; config=StadiumSPONGENT,0.0,1.049464,0.256733,0.0,0.0,0.154241,StadiumSPONGENT,StadiumSPONGENT-1-20260809-23:07:21-359377,9,8,StadiumSPONGENT-1-20260809-23:07:21-359377|phase3|9|8,1,1,1,spongent,10,,,,0,8-9,1.367981,1.048242,0.196567
1466,1,0.460258,2.610462,0.210228,197,spongent,pair=UAV0<->UAV1; config=StadiumSPONGENT,0.616935,0.0,0.0,1.993527,0.210228,0.0,StadiumSPONGENT,StadiumSPONGENT-2-20260809-23:07:21-359377,0,1,StadiumSPONGENT-2-20260809-23:07:21-359377|phase3|0|1,2,2,2,spongent,10,,,,1,0-1,1.369533,1.03846,0.191589
1467,1,0.440088,2.618928,0.208684,197,spongent,pair=UAV0<->UAV2; config=StadiumSPONGENT,0.619289,0.0,0.0,1.999639,0.208684,0.0,StadiumSPONGENT,StadiumSPONGENT-2-20260809-23:07:21-359377,0,2,StadiumSPONGENT-2-20260809-23:07:21-359377|phase3|0|2,2,2,2,spongent,10,,,,1,0-2,1.369732,1.044001,0.194054
1468,1,0.460523,2.628867,0.214696,197,spongent,pair=UAV0<->UAV3; config=StadiumSPONGENT,0.636141,0.0,0.0,1.992726,0.214696,0.0,StadiumSPONGENT,StadiumSPONGENT-2-20260809-23:07:21-359377,0,3,StadiumSPONGENT-2-20260809-23:07:21-359377|phase3|0|3,2,2,2,spongent,10,,,,1,0-3,1.382206,1.040765,0.195998
1469,1,0.466091,2.602127,0.206102,197,spongent,pair=UAV0<->UAV4; config=StadiumSPONGENT,0.615452,0.0,0.0,1.986675,0.206102,0.0,StadiumSPONGENT,StadiumSPONGENT-2-20260809-23:07:21-359377,0,4,StadiumSPONGENT-2-20260809-23:07:21-359377|phase3|0|4,2,2,2,spongent,10,,,,1,0-4,1.367118,1.035735,0.190569
1470,1,0.468524,2.644156,0.223061,197,spongent,pair=UAV0<->UAV5; config=StadiumSPONGENT,0.654786,0.0,0.0,1.98937,0.223061,0.0,StadiumSPONGENT,StadiumSPONGENT-2-20260809-23:07:21-359377,0,5,StadiumSPONGENT-2-20260809-23:07:21-359377|phase3|0|5,2,2,2,spongent,10,,,,1,0-5,1.39539,1.048761,0.192281
1471,1,0.4506,2.616854,0.223049,197,spongent,pair=UAV0<->UAV6; config=StadiumSPONGENT,0.622144,0.0,0.0,1.99471,0.223049,0.0,StadiumSPONGENT,StadiumSPONGENT-2-20260809-23:07:21-359377,0,6,StadiumSPONGENT-2-20260809-23:07:21-359377|phase3|0|6,2,2,2,spongent,10,,,,1,0-6,1.369211,1.037298,0.194936
1472,1,0.459233,2.634086,0.204678,197,spongent,pair=UAV0<->UAV7; config=StadiumSPONGENT,0.639346,0.0,0.0,1.99474,0.204678,0.0,StadiumSPONGENT,StadiumSPONGENT-2-20260809-23:07:21-359377,0,7,StadiumSPONGENT-2-20260809-23:07:21-359377|phase3|0|7,2,2,2,spongent,10,,,,1,0-7,1.379521,1.04875,0.193925
1473,1,0.451808,2.66749,0.222313,197,spongent,pair=UAV0<->UAV8; config=StadiumSPONGENT,0.636361,0.0,0.0,2.031129,0.222313,0.0,StadiumSPONGENT,StadiumSPONGENT-2-20260809-23:07:21-359377,0,8,StadiumSPONGENT-2-20260809-23:07:21-359377|phase3|0|8,2,2,2,spongent,10,,,,1,0-8,1.388316,1.077443,0.192992
1474,1,0.473767,2.612255,0.244887,197,spongent,pair=UAV0<->UAV9; config=StadiumSPONGENT,0.623166,0.0,0.0,1.989089,0.244887,0.0,StadiumSPONGENT,StadiumSPONGENT-2-20260809-23:07:21-359377,0,9,StadiumSPONGENT-2-20260809-23:07:21-359377|phase3|0|9,2,2,2,spongent,10,,,,1,0-9,1.372908,1.039162,0.190298
1475,1,0.354663,1.041497,0.394464,197,spongent,pair=UAV1<->UAV0; config=StadiumSPONGENT,0.0,1.041497,0.25003,0.0,0.0,0.144435,StadiumSPONGENT,StadiumSPONGENT-2-20260809-23:07:21-359377,1,0,StadiumSPONGENT-2-20260809-23:07:21-359377|phase3|1|0,2,2,2,spongent,10,,,,0,0-1,1.364707,1.041168,0.229823
1476,1,0.453175,2.641209,0.219574,197,spongent,pair=UAV1<->UAV2; config=StadiumSPONGENT,0.638585,0.0,0.0,2.002624,0.219574,0.0,StadiumSPONGENT,StadiumSPONGENT-2-20260809-23:07:21-359377,1,2,StadiumSPONGENT-2-20260809-23:07:21-359377|phase3|1|2,2,2,2,spongent,10,,,,1,1-2,1.3789,1.056473,0.19701
1477,1,0.460971,2.614279,0.212197,197,spongent,pair=UAV1<->UAV3; config=StadiumSPONGENT,0.623266,0.0,0.0,1.991013,0.212197,0.0,StadiumSPONGENT,StadiumSPONGENT-2-20260809-23:07:21-359377,1,3,StadiumSPONGENT-2-20260809-23:07:21-359377|phase3|1|3,2,2,2,spongent,10,,,,1,1-3,1.37924,1.034302,0.190679
1478,1,0.439282,2.601625,0.211247,197,spongent,pair=UAV1<->UAV4; config=StadiumSPONGENT,0.60908,0.0,0.0,1.992545,0.211247,0.0,StadiumSPONGENT,StadiumSPONGENT-2-20260809-23:07:21-359377,1,4,StadiumSPONGENT-2-20260809-23:07:21-359377|phase3|1|4,2,2,2,spongent,10,,,,1,1-4,1.365625,1.039422,0.190688
1479,1,0.484616,2.664363,0.217926,197,spongent,pair=UAV1<->UAV5; config=StadiumSPONGENT,0.642041,0.0,0.0,2.022322,0.217926,0.0,StadiumSPONGENT,StadiumSPONGENT-2-20260809-23:07:21-359377,1,5,StadiumSPONGENT-2-20260809-23:07:21-359377|phase3|1|5,2,2,2,spongent,10,,,,1,1-5,1.402452,1.052847,0.200016
1480,1,0.454414,2.635179,0.213978,197,spongent,pair=UAV1<->UAV6; config=StadiumSPONGENT,0.625591,0.0,0.0,2.009588,0.213978,0.0,StadiumSPONGENT,StadiumSPONGENT-2-20260809-23:07:21-359377,1,6,StadiumSPONGENT-2-20260809-23:07:21-359377|phase3|1|6,2,2,2,spongent,10,,,,1,1-6,1.392005,1.041616,0.192482
1481,1,0.503835,2.627203,0.244707,197,spongent,pair=UAV1<->UAV7; config=StadiumSPONGENT,0.6199,0.0,0.0,2.007303,0.244707,0.0,StadiumSPONGENT,StadiumSPONGENT-2-20260809-23:07:21-359377,1,7,StadiumSPONGENT-2-20260809-23:07:21-359377|phase3|1|7,2,2,2,spongent,10,,,,1,1-7,1.385231,1.033932,0.199955
1482,1,0.47428,2.607346,0.213645,197,spongent,pair=UAV1<->UAV8; config=StadiumSPONGENT,0.618778,0.0,0.0,1.988568,0.213645,0.0,StadiumSPONGENT,StadiumSPONGENT-2-20260809-23:07:21-359377,1,8,StadiumSPONGENT-2-20260809-23:07:21-359377|phase3|1|8,2,2,2,spongent,10,,,,1,1-8,1.365394,1.037378,0.197461
1483,1,0.475198,2.685363,0.233393,197,spongent,pair=UAV1<->UAV9; config=StadiumSPONGENT,0.646911,0.0,0.0,2.038452,0.233393,0.0,StadiumSPONGENT,StadiumSPONGENT-2-20260809-23:07:21-359377,1,9,StadiumSPONGENT-2-20260809-23:07:21-359377|phase3|1|9,2,2,2,spongent,10,,,,1,1-9,1.410319,1.034683,0.232257
1484,1,0.351569,1.043351,0.37429,197,spongent,pair=UAV2<->UAV0; config=StadiumSPONGENT,0.0,1.043351,0.231405,0.0,0.0,0.142886,StadiumSPONGENT,StadiumSPONGENT-2-20260809-23:07:21-359377,2,0,StadiumSPONGENT-2-20260809-23:07:21-359377|phase3|2|0,2,2,2,spongent,10,,,,0,0-2,1.363493,1.043462,0.188604
1485,1,0.369724,1.071785,0.383751,197,spongent,pair=UAV2<->UAV1; config=StadiumSPONGENT,0.0,1.071785,0.233601,0.0,0.0,0.15015,StadiumSPONGENT,StadiumSPONGENT-2-20260809-23:07:21-359377,2,1,StadiumSPONGENT-2-20260809-23:07:21-359377|phase3|2|1,2,2,2,spongent,10,,,,0,1-2,1.363993,1.043522,0.22327
1486,1,0.475421,2.636581,0.235585,197,spongent,pair=UAV2<->UAV3; config=StadiumSPONGENT,0.626883,0.0,0.0,2.009698,0.235585,0.0,StadiumSPONGENT,StadiumSPONGENT-2-20260809-23:07:21-359377,2,3,StadiumSPONGENT-2-20260809-23:07:21-359377|phase3|2|3,2,2,2,spongent,10,,,,1,2-3,1.378209,1.047156,0.201769
1487,1,0.451165,2.613977,0.207054,197,spongent,pair=UAV2<->UAV4; config=StadiumSPONGENT,0.619098,0.0,0.0,1.994879,0.207054,0.0,StadiumSPONGENT,StadiumSPONGENT-2-20260809-23:07:21-359377,2,4,StadiumSPONGENT-2-20260809-23:07:21-359377|phase3|2|4,2,2,2,spongent,10,,,,1,2-4,1.379911,1.03322,0.190668
1488,1,0.478567,2.631533,0.241607,197,spongent,pair=UAV2<->UAV5; config=StadiumSPONGENT,0.617807,0.0,0.0,2.013726,0.241607,0.0,StadiumSPONGENT,StadiumSPONGENT-2-20260809-23:07:21-359377,2,5,StadiumSPONGENT-2-20260809-23:07:21-359377|phase3|2|5,2,2,2,spongent,10,,,,1,2-5,1.390961,1.035374,0.198933
1489,1,0.474661,2.628746,0.218699,197,spongent,pair=UAV2<->UAV6; config=StadiumSPONGENT,0.620351,0.0,0.0,2.008395,0.218699,0.0,StadiumSPONGENT,StadiumSPONGENT-2-20260809-23:07:21-359377,2,6,StadiumSPONGENT-2-20260809-23:07:21-359377|phase3|2|6,2,2,2,spongent,10,,,,1,2-6,1.385852,1.042508,0.193613
1490,1,0.464542,2.614721,0.207827,197,spongent,pair=UAV2<->UAV7; config=StadiumSPONGENT,0.617055,0.0,0.0,1.997666,0.207827,0.0,StadiumSPONGENT,StadiumSPONGENT-2-20260809-23:07:21-359377,2,7,StadiumSPONGENT-2-20260809-23:07:21-359377|phase3|2|7,2,2,2,spongent,10,,,,1,2-7,1.373919,1.034863,0.199394
1491,1,0.454541,2.74211,0.207805,197,spongent,pair=UAV2<->UAV8; config=StadiumSPONGENT,0.610352,0.0,0.0,2.131758,0.207805,0.0,StadiumSPONGENT,StadiumSPONGENT-2-20260809-23:07:21-359377,2,8,StadiumSPONGENT-2-20260809-23:07:21-359377|phase3|2|8,2,2,2,spongent,10,,,,1,2-8,1.48574,1.050012,0.195297
1492,1,0.511244,2.61479,0.245955,197,spongent,pair=UAV2<->UAV9; config=StadiumSPONGENT,0.618848,0.0,0.0,1.995942,0.245955,0.0,StadiumSPONGENT,StadiumSPONGENT-2-20260809-23:07:21-359377,2,9,StadiumSPONGENT-2-20260809-23:07:21-359377|phase3|2|9,2,2,2,spongent,10,,,,1,2-9,1.376236,1.029262,0.199916
1493,1,0.347607,1.043191,0.378738,197,spongent,pair=UAV3<->UAV0; config=StadiumSPONGENT,0.0,1.043191,0.245827,0.0,0.0,0.132911,StadiumSPONGENT,StadiumSPONGENT-2-20260809-23:07:21-359377,3,0,StadiumSPONGENT-2-20260809-23:07:21-359377|phase3|3|0,2,2,2,spongent,10,,,,0,0-3,1.498036,1.06428,0.209283
1494,1,0.345315,1.047189,0.381892,197,spongent,pair=UAV3<->UAV1; config=StadiumSPONGENT,0.0,1.047189,0.248774,0.0,0.0,0.133118,StadiumSPONGENT,StadiumSPONGENT-2-20260809-23:07:21-359377,3,1,StadiumSPONGENT-2-20260809-23:07:21-359377|phase3|3|1,2,2,2,spongent,10,,,,0,1-3,1.370165,1.030036,0.213361
1495,1,0.379991,1.053361,0.384242,197,spongent,pair=UAV3<->UAV2; config=StadiumSPONGENT,0.0,1.053361,0.239836,0.0,0.0,0.144406,StadiumSPONGENT,StadiumSPONGENT-2-20260809-23:07:21-359377,3,2,StadiumSPONGENT-2-20260809-23:07:21-359377|phase3|3|2,2,2,2,spongent,10,,,,0,2-3,1.389623,1.030417,0.20199
1496,1,0.476984,2.647201,0.23225,197,spongent,pair=UAV3<->UAV4; config=StadiumSPONGENT,0.623587,0.0,0.0,2.023614,0.23225,0.0,StadiumSPONGENT,StadiumSPONGENT-2-20260809-23:07:21-359377,3,4,StadiumSPONGENT-2-20260809-23:07:21-359377|phase3|3|4,2,2,2,spongent,10,,,,1,3-4,1.396221,1.044401,0.199404
1497,1,0.471876,2.615562,0.231819,197,spongent,pair=UAV3<->UAV5; config=StadiumSPONGENT,0.6249,0.0,0.0,1.990662,0.231819,0.0,StadiumSPONGENT,StadiumSPONGENT-2-20260809-23:07:21-359377,3,5,StadiumSPONGENT-2-20260809-23:07:21-359377|phase3|3|5,2,2,2,spongent,10,,,,1,3-5,1.374711,1.043259,0.190487
1498,1,0.465814,2.612776,0.224204,197,spongent,pair=UAV3<->UAV6; config=StadiumSPONGENT,0.619169,0.0,0.0,1.993607,0.224204,0.0,StadiumSPONGENT,StadiumSPONGENT-2-20260809-23:07:21-359377,3,6,StadiumSPONGENT-2-20260809-23:07:21-359377|phase3|3|6,2,2,2,spongent,10,,,,1,3-6,1.375303,1.03788,0.191409
1499,1,0.437998,2.62551,0.210339,197,spongent,pair=UAV3<->UAV7; config=StadiumSPONGENT,0.615181,0.0,0.0,2.010329,0.210339,0.0,StadiumSPONGENT,StadiumSPONGENT-2-20260809-23:07:21-359377,3,7,StadiumSPONGENT-2-20260809-23:07:21-359377|phase3|3|7,2,2,2,spongent,10,,,,1,3-7,1.390973,1.034613,0.191469
1500,1,0.485157,2.618888,0.248749,197,spongent,pair=UAV3<->UAV8; config=StadiumSPONGENT,0.622936,0.0,0.0,1.995952,0.248749,0.0,StadiumSPONGENT,StadiumSPONGENT-2-20260809-23:07:21-359377,3,8,StadiumSPONGENT-2-20260809-23:07:21-359377|phase3|3|8,2,2,2,spongent,10,,,,1,3-8,1.366386,1.041316,0.204333
1501,1,0.454446,2.645126,0.208544,197,spongent,pair=UAV3<->UAV9; config=StadiumSPONGENT,0.623767,0.0,0.0,2.021359,0.208544,0.0,StadiumSPONGENT,StadiumSPONGENT-2-20260809-23:07:21-359377,3,9,StadiumSPONGENT-2-20260809-23:07:21-359377|phase3|3|9,2,2,2,spongent,10,,,,1,3-9,1.381805,1.065451,0.189485
1502,1,0.340248,1.089949,0.394136,197,spongent,pair=UAV4<->UAV0; config=StadiumSPONGENT,0.0,1.089949,0.259989,0.0,0.0,0.134147,StadiumSPONGENT,StadiumSPONGENT-2-20260809-23:07:21-359377,4,0,StadiumSPONGENT-2-20260809-23:07:21-359377|phase3|4|0,2,2,2,spongent,10,,,,0,0-4,1.416232,1.046137,0.192902
1503,1,0.35197,1.048603,0.368757,197,spongent,pair=UAV4<->UAV1; config=StadiumSPONGENT,0.0,1.048603,0.228034,0.0,0.0,0.140722,StadiumSPONGENT,StadiumSPONGENT-2-20260809-23:07:21-359377,4,1,StadiumSPONGENT-2-20260809-23:07:21-359377|phase3|4|1,2,2,2,spongent,10,,,,0,1-4,1.372315,1.042096,0.190939
1504,1,0.349108,1.051276,0.386163,197,spongent,pair=UAV4<->UAV2; config=StadiumSPONGENT,0.0,1.051276,0.24411,0.0,0.0,0.142053,StadiumSPONGENT,StadiumSPONGENT-2-20260809-23:07:21-359377,4,2,StadiumSPONGENT-2-20260809-23:07:21-359377|phase3|4|2,2,2,2,spongent,10,,,,0,2-4,1.392719,1.036528,0.189295
1505,1,0.371272,1.048741,0.383756,197,spongent,pair=UAV4<->UAV3; config=StadiumSPONGENT,0.0,1.048741,0.244734,0.0,0.0,0.139022,StadiumSPONGENT,StadiumSPONGENT-2-20260809-23:07:21-359377,4,3,StadiumSPONGENT-2-20260809-23:07:21-359377|phase3|4|3,2,2,2,spongent,10,,,,0,3-4,1.375325,1.037541,0.189916
1506,1,0.479125,2.610793,0.216408,197,spongent,pair=UAV4<->UAV5; config=StadiumSPONGENT,0.611785,0.0,0.0,1.999008,0.216408,0.0,StadiumSPONGENT,StadiumSPONGENT-2-20260809-23:07:21-359377,4,5,StadiumSPONGENT-2-20260809-23:07:21-359377|phase3|4|5,2,2,2,spongent,10,,,,1,4-5,1.371667,1.030275,0.200657
1507,1,0.439559,2.749213,0.209402,197,spongent,pair=UAV4<->UAV6; config=StadiumSPONGENT,0.624619,0.0,0.0,2.124594,0.209402,0.0,StadiumSPONGENT,StadiumSPONGENT-2-20260809-23:07:21-359377,4,6,StadiumSPONGENT-2-20260809-23:07:21-359377|phase3|4|6,2,2,2,spongent,10,,,,1,4-6,1.493024,1.043679,0.204284
1508,1,0.437394,2.632143,0.209886,197,spongent,pair=UAV4<->UAV7; config=StadiumSPONGENT,0.608178,0.0,0.0,2.023965,0.209886,0.0,StadiumSPONGENT,StadiumSPONGENT-2-20260809-23:07:21-359377,4,7,StadiumSPONGENT-2-20260809-23:07:21-359377|phase3|4|7,2,2,2,spongent,10,,,,1,4-7,1.383427,1.045333,0.196799
1509,1,0.473382,2.633204,0.213251,197,spongent,pair=UAV4<->UAV8; config=StadiumSPONGENT,0.64689,0.0,0.0,1.986314,0.213251,0.0,StadiumSPONGENT,StadiumSPONGENT-2-20260809-23:07:21-359377,4,8,StadiumSPONGENT-2-20260809-23:07:21-359377|phase3|4|8,2,2,2,spongent,10,,,,1,4-8,1.363451,1.071021,0.190548
1510,1,0.458897,2.633846,0.226889,197,spongent,pair=UAV4<->UAV9; config=StadiumSPONGENT,0.620631,0.0,0.0,2.013215,0.226889,0.0,StadiumSPONGENT,StadiumSPONGENT-2-20260809-23:07:21-359377,4,9,StadiumSPONGENT-2-20260809-23:07:21-359377|phase3|4|9,2,2,2,spongent,10,,,,1,4-9,1.380413,1.054631,0.190658
1511,1,0.363135,1.039755,0.385538,197,spongent,pair=UAV5<->UAV0; config=StadiumSPONGENT,0.0,1.039755,0.245464,0.0,0.0,0.140075,StadiumSPONGENT,StadiumSPONGENT-2-20260809-23:07:21-359377,5,0,StadiumSPONGENT-2-20260809-23:07:21-359377|phase3|5|0,2,2,2,spongent,10,,,,0,0-5,1.364015,1.038632,0.189726
1512,1,0.355325,1.05302,0.40409,197,spongent,pair=UAV5<->UAV1; config=StadiumSPONGENT,0.0,1.05302,0.26669,0.0,0.0,0.137399,StadiumSPONGENT,StadiumSPONGENT-2-20260809-23:07:21-359377,5,1,StadiumSPONGENT-2-20260809-23:07:21-359377|phase3|5|1,2,2,2,spongent,10,,,,0,1-5,1.366078,1.060163,0.191359
1513,1,0.37917,1.044583,0.374523,197,spongent,pair=UAV5<->UAV2; config=StadiumSPONGENT,0.0,1.044583,0.23696,0.0,0.0,0.137563,StadiumSPONGENT,StadiumSPONGENT-2-20260809-23:07:21-359377,5,2,StadiumSPONGENT-2-20260809-23:07:21-359377|phase3|5|2,2,2,2,spongent,10,,,,0,2-5,1.37266,1.039243,0.191771
1514,1,0.402106,1.062347,0.410343,197,spongent,pair=UAV5<->UAV3; config=StadiumSPONGENT,0.0,1.062347,0.240056,0.0,0.0,0.170287,StadiumSPONGENT,StadiumSPONGENT-2-20260809-23:07:21-359377,5,3,StadiumSPONGENT-2-20260809-23:07:21-359377|phase3|5|3,2,2,2,spongent,10,,,,0,3-5,1.38318,1.046567,0.192823
1515,1,0.366593,1.055905,0.412902,197,spongent,pair=UAV5<->UAV4; config=StadiumSPONGENT,0.0,1.055905,0.262717,0.0,0.0,0.150185,StadiumSPONGENT,StadiumSPONGENT-2-20260809-23:07:21-359377,5,4,StadiumSPONGENT-2-20260809-23:07:21-359377|phase3|5|4,2,2,2,spongent,10,,,,0,4-5,1.373783,1.042069,0.197942
1516,1,0.463695,2.698607,0.234361,197,spongent,pair=UAV5<->UAV6; config=StadiumSPONGENT,0.616904,0.0,0.0,2.081703,0.234361,0.0,StadiumSPONGENT,StadiumSPONGENT-2-20260809-23:07:21-359377,5,6,StadiumSPONGENT-2-20260809-23:07:21-359377|phase3|5|6,2,2,2,spongent,10,,,,1,5-6,1.431388,1.046806,0.211708
1517,1,0.439303,2.926926,0.207887,197,spongent,pair=UAV5<->UAV7; config=StadiumSPONGENT,0.622314,0.0,0.0,2.304612,0.207887,0.0,StadiumSPONGENT,StadiumSPONGENT-2-20260809-23:07:21-359377,5,7,StadiumSPONGENT-2-20260809-23:07:21-359377|phase3|5|7,2,2,2,spongent,10,,,,1,5-7,1.662943,1.05946,0.196098
1518,1,0.498912,2.62011,0.263592,197,spongent,pair=UAV5<->UAV8; config=StadiumSPONGENT,0.620411,0.0,0.0,1.999699,0.263592,0.0,StadiumSPONGENT,StadiumSPONGENT-2-20260809-23:07:21-359377,5,8,StadiumSPONGENT-2-20260809-23:07:21-359377|phase3|5|8,2,2,2,spongent,10,,,,1,5-8,1.380873,1.033321,0.199635
1519,1,0.46093,2.606846,0.215214,197,spongent,pair=UAV5<->UAV9; config=StadiumSPONGENT,0.609321,0.0,0.0,1.997525,0.215214,0.0,StadiumSPONGENT,StadiumSPONGENT-2-20260809-23:07:21-359377,5,9,StadiumSPONGENT-2-20260809-23:07:21-359377|phase3|5|9,2,2,2,spongent,10,,,,1,5-9,1.371035,1.036898,0.190157
1520,1,0.38,1.052399,0.384502,197,spongent,pair=UAV6<->UAV0; config=StadiumSPONGENT,0.0,1.052399,0.227551,0.0,0.0,0.156951,StadiumSPONGENT,StadiumSPONGENT-2-20260809-23:07:21-359377,6,0,StadiumSPONGENT-2-20260809-23:07:21-359377|phase3|6|0,2,2,2,spongent,10,,,,0,0-6,1.388915,1.050924,0.190237
1521,1,0.380032,1.043702,0.40649,197,spongent,pair=UAV6<->UAV1; config=StadiumSPONGENT,0.0,1.043702,0.240436,0.0,0.0,0.166054,StadiumSPONGENT,StadiumSPONGENT-2-20260809-23:07:21-359377,6,1,StadiumSPONGENT-2-20260809-23:07:21-359377|phase3|6|1,2,2,2,spongent,10,,,,0,1-6,1.373993,1.057497,0.190588
1522,1,0.361913,1.045325,0.399175,197,spongent,pair=UAV6<->UAV2; config=StadiumSPONGENT,0.0,1.045325,0.255962,0.0,0.0,0.143213,StadiumSPONGENT,StadiumSPONGENT-2-20260809-23:07:21-359377,6,2,StadiumSPONGENT-2-20260809-23:07:21-359377|phase3|6|2,2,2,2,spongent,10,,,,0,2-6,1.365095,1.158326,0.190439
1523,1,0.359513,1.056506,0.37692,197,spongent,pair=UAV6<->UAV3; config=StadiumSPONGENT,0.0,1.056506,0.241611,0.0,0.0,0.13531,StadiumSPONGENT,StadiumSPONGENT-2-20260809-23:07:21-359377,6,3,StadiumSPONGENT-2-20260809-23:07:21-359377|phase3|6|3,2,2,2,spongent,10,,,,0,3-6,1.372851,1.073438,0.194195
1524,1,0.384839,1.048942,0.405594,197,spongent,pair=UAV6<->UAV4; config=StadiumSPONGENT,0.0,1.048942,0.230157,0.0,0.0,0.175437,StadiumSPONGENT,StadiumSPONGENT-2-20260809-23:07:21-359377,6,4,StadiumSPONGENT-2-20260809-23:07:21-359377|phase3|6|4,2,2,2,spongent,10,,,,0,4-6,1.368193,1.027121,0.198663
1525,1,0.382248,1.059372,0.37722,197,spongent,pair=UAV6<->UAV5; config=StadiumSPONGENT,0.0,1.059372,0.229334,0.0,0.0,0.147886,StadiumSPONGENT,StadiumSPONGENT-2-20260809-23:07:21-359377,6,5,StadiumSPONGENT-2-20260809-23:07:21-359377|phase3|6|5,2,2,2,spongent,10,,,,0,5-6,1.387358,1.048692,0.189715
1526,1,0.471678,2.686344,0.243033,197,spongent,pair=UAV6<->UAV7; config=StadiumSPONGENT,0.691284,0.0,0.0,1.99506,0.243033,0.0,StadiumSPONGENT,StadiumSPONGENT-2-20260809-23:07:21-359377,6,7,StadiumSPONGENT-2-20260809-23:07:21-359377|phase3|6|7,2,2,2,spongent,10,,,,1,6-7,1.382497,1.05965,0.232406
1527,1,0.485376,2.632775,0.244946,197,spongent,pair=UAV6<->UAV8; config=StadiumSPONGENT,0.626323,0.0,0.0,2.006452,0.244946,0.0,StadiumSPONGENT,StadiumSPONGENT-2-20260809-23:07:21-359377,6,8,StadiumSPONGENT-2-20260809-23:07:21-359377|phase3|6|8,2,2,2,spongent,10,,,,1,6-8,1.390921,1.032729,0.199796
1528,1,0.460427,2.600253,0.231824,197,spongent,pair=UAV6<->UAV9; config=StadiumSPONGENT,0.615091,0.0,0.0,1.985162,0.231824,0.0,StadiumSPONGENT,StadiumSPONGENT-2-20260809-23:07:21-359377,6,9,StadiumSPONGENT-2-20260809-23:07:21-359377|phase3|6|9,2,2,2,spongent,10,,,,1,6-9,1.36819,1.033632,0.190378
1529,1,0.385051,1.063469,0.434927,197,spongent,pair=UAV7<->UAV0; config=StadiumSPONGENT,0.0,1.063469,0.254555,0.0,0.0,0.180373,StadiumSPONGENT,StadiumSPONGENT-2-20260809-23:07:21-359377,7,0,StadiumSPONGENT-2-20260809-23:07:21-359377|phase3|7|0,2,2,2,spongent,10,,,,0,0-7,1.387588,1.043953,0.194155
1530,1,0.405135,1.150743,0.419556,197,spongent,pair=UAV7<->UAV1; config=StadiumSPONGENT,0.0,1.150743,0.259129,0.0,0.0,0.160428,StadiumSPONGENT,StadiumSPONGENT-2-20260809-23:07:21-359377,7,1,StadiumSPONGENT-2-20260809-23:07:21-359377|phase3|7|1,2,2,2,spongent,10,,,,0,1-7,1.387879,1.124374,0.196008
1531,1,0.341565,1.075011,0.390453,197,spongent,pair=UAV7<->UAV2; config=StadiumSPONGENT,0.0,1.075011,0.256715,0.0,0.0,0.133738,StadiumSPONGENT,StadiumSPONGENT-2-20260809-23:07:21-359377,7,2,StadiumSPONGENT-2-20260809-23:07:21-359377|phase3|7|2,2,2,2,spongent,10,,,,0,2-7,1.401023,1.050415,0.198543
1532,1,0.349022,1.046328,0.366341,197,spongent,pair=UAV7<->UAV3; config=StadiumSPONGENT,0.0,1.046328,0.227658,0.0,0.0,0.138683,StadiumSPONGENT,StadiumSPONGENT-2-20260809-23:07:21-359377,7,3,StadiumSPONGENT-2-20260809-23:07:21-359377|phase3|7|3,2,2,2,spongent,10,,,,0,3-7,1.383345,1.038019,0.189747
1533,1,0.358358,1.044034,0.375981,197,spongent,pair=UAV7<->UAV4; config=StadiumSPONGENT,0.0,1.044034,0.227509,0.0,0.0,0.148473,StadiumSPONGENT,StadiumSPONGENT-2-20260809-23:07:21-359377,7,4,StadiumSPONGENT-2-20260809-23:07:21-359377|phase3|7|4,2,2,2,spongent,10,,,,0,4-7,1.373296,1.039602,0.191119
1534,1,0.376513,1.045566,0.400042,197,spongent,pair=UAV7<->UAV5; config=StadiumSPONGENT,0.0,1.045566,0.231416,0.0,0.0,0.168626,StadiumSPONGENT,StadiumSPONGENT-2-20260809-23:07:21-359377,7,5,StadiumSPONGENT-2-20260809-23:07:21-359377|phase3|7|5,2,2,2,spongent,10,,,,0,5-7,1.374123,1.029736,0.194125
1535,1,0.378795,1.04357,0.364407,197,spongent,pair=UAV7<->UAV6; config=StadiumSPONGENT,0.0,1.04357,0.228645,0.0,0.0,0.135762,StadiumSPONGENT,StadiumSPONGENT-2-20260809-23:07:21-359377,7,6,StadiumSPONGENT-2-20260809-23:07:21-359377|phase3|7|6,2,2,2,spongent,10,,,,0,6-7,1.355349,1.043871,0.204094
1536,1,0.449576,2.617605,0.217778,197,spongent,pair=UAV7<->UAV8; config=StadiumSPONGENT,0.619198,0.0,0.0,1.998407,0.217778,0.0,StadiumSPONGENT,StadiumSPONGENT-2-20260809-23:07:21-359377,7,8,StadiumSPONGENT-2-20260809-23:07:21-359377|phase3|7|8,2,2,2,spongent,10,,,,1,7-8,1.383017,1.034592,0.191099
1537,1,0.458847,2.607587,0.211832,197,spongent,pair=UAV7<->UAV9; config=StadiumSPONGENT,0.61441,0.0,0.0,1.993177,0.211832,0.0,StadiumSPONGENT,StadiumSPONGENT-2-20260809-23:07:21-359377,7,9,StadiumSPONGENT-2-20260809-23:07:21-359377|phase3|7|9,2,2,2,spongent,10,,,,1,7-9,1.373539,1.035083,0.190367
1538,1,0.374749,1.083517,0.38193,197,spongent,pair=UAV8<->UAV0; config=StadiumSPONGENT,0.0,1.083517,0.229494,0.0,0.0,0.152435,StadiumSPONGENT,StadiumSPONGENT-2-20260809-23:07:21-359377,8,0,StadiumSPONGENT-2-20260809-23:07:21-359377|phase3|8|0,2,2,2,spongent,10,,,,0,0-8,1.373652,1.338957,0.205776
1539,1,0.357803,1.07499,0.404793,197,spongent,pair=UAV8<->UAV1; config=StadiumSPONGENT,0.0,1.07499,0.260635,0.0,0.0,0.144158,StadiumSPONGENT,StadiumSPONGENT-2-20260809-23:07:21-359377,8,1,StadiumSPONGENT-2-20260809-23:07:21-359377|phase3|8|1,2,2,2,spongent,10,,,,0,1-8,1.49979,1.045094,0.231605
1540,1,0.347021,1.116689,0.385952,197,spongent,pair=UAV8<->UAV2; config=StadiumSPONGENT,0.0,1.116689,0.246736,0.0,0.0,0.139216,StadiumSPONGENT,StadiumSPONGENT-2-20260809-23:07:21-359377,8,2,StadiumSPONGENT-2-20260809-23:07:21-359377|phase3|8|2,2,2,2,spongent,10,,,,0,2-8,1.659569,1.406294,0.240813
1541,1,0.385248,1.095159,0.372908,197,spongent,pair=UAV8<->UAV3; config=StadiumSPONGENT,0.0,1.095159,0.236409,0.0,0.0,0.136499,StadiumSPONGENT,StadiumSPONGENT-2-20260809-23:07:21-359377,8,3,StadiumSPONGENT-2-20260809-23:07:21-359377|phase3|8|3,2,2,2,spongent,10,,,,0,3-8,1.38874,1.076143,0.207029
1542,1,0.353404,1.136637,0.400284,197,spongent,pair=UAV8<->UAV4; config=StadiumSPONGENT,0.0,1.136637,0.260131,0.0,0.0,0.140153,StadiumSPONGENT,StadiumSPONGENT-2-20260809-23:07:21-359377,8,4,StadiumSPONGENT-2-20260809-23:07:21-359377|phase3|8|4,2,2,2,spongent,10,,,,0,4-8,1.439205,1.04771,0.197001
1543,1,0.415767,1.041638,0.387495,197,spongent,pair=UAV8<->UAV5; config=StadiumSPONGENT,0.0,1.041638,0.23532,0.0,0.0,0.152175,StadiumSPONGENT,StadiumSPONGENT-2-20260809-23:07:21-359377,8,5,StadiumSPONGENT-2-20260809-23:07:21-359377|phase3|8|5,2,2,2,spongent,10,,,,0,5-8,1.472128,1.064732,0.206068
1544,1,0.403956,1.046057,0.39944,197,spongent,pair=UAV8<->UAV6; config=StadiumSPONGENT,0.0,1.046057,0.24043,0.0,0.0,0.15901,StadiumSPONGENT,StadiumSPONGENT-2-20260809-23:07:21-359377,8,6,StadiumSPONGENT-2-20260809-23:07:21-359377|phase3|8|6,2,2,2,spongent,10,,,,0,6-8,1.355187,1.072636,0.190048
1545,1,0.357696,1.048601,0.371716,197,spongent,pair=UAV8<->UAV7; config=StadiumSPONGENT,0.0,1.048601,0.231798,0.0,0.0,0.139918,StadiumSPONGENT,StadiumSPONGENT-2-20260809-23:07:21-359377,8,7,StadiumSPONGENT-2-20260809-23:07:21-359377|phase3|8|7,2,2,2,spongent,10,,,,0,7-8,1.370055,1.037299,0.204614
1546,1,0.462253,2.750695,0.229485,197,spongent,pair=UAV8<->UAV9; config=StadiumSPONGENT,0.623737,0.0,0.0,2.126958,0.229485,0.0,StadiumSPONGENT,StadiumSPONGENT-2-20260809-23:07:21-359377,8,9,StadiumSPONGENT-2-20260809-23:07:21-359377|phase3|8|9,2,2,2,spongent,10,,,,1,8-9,1.36785,1.185647,0.189556
1547,1,0.397999,1.041808,0.381993,197,spongent,pair=UAV9<->UAV0; config=StadiumSPONGENT,0.0,1.041808,0.228881,0.0,0.0,0.153113,StadiumSPONGENT,StadiumSPONGENT-2-20260809-23:07:21-359377,9,0,StadiumSPONGENT-2-20260809-23:07:21-359377|phase3|9|0,2,2,2,spongent,10,,,,0,0-9,1.367461,1.056376,0.190528
1548,1,0.371568,1.049773,0.379981,197,spongent,pair=UAV9<->UAV1; config=StadiumSPONGENT,0.0,1.049773,0.241805,0.0,0.0,0.138175,StadiumSPONGENT,StadiumSPONGENT-2-20260809-23:07:21-359377,9,1,StadiumSPONGENT-2-20260809-23:07:21-359377|phase3|9|1,2,2,2,spongent,10,,,,0,1-9,1.373152,1.037369,0.189395
1549,1,0.388738,1.045996,0.408071,197,spongent,pair=UAV9<->UAV2; config=StadiumSPONGENT,0.0,1.045996,0.265288,0.0,0.0,0.142782,StadiumSPONGENT,StadiumSPONGENT-2-20260809-23:07:21-359377,9,2,StadiumSPONGENT-2-20260809-23:07:21-359377|phase3|9|2,2,2,2,spongent,10,,,,0,2-9,1.367662,1.046898,0.204203
1550,1,0.347891,1.04774,0.385248,197,spongent,pair=UAV9<->UAV3; config=StadiumSPONGENT,0.0,1.04774,0.245902,0.0,0.0,0.139347,StadiumSPONGENT,StadiumSPONGENT-2-20260809-23:07:21-359377,9,3,StadiumSPONGENT-2-20260809-23:07:21-359377|phase3|9|3,2,2,2,spongent,10,,,,0,3-9,1.634012,1.050575,0.236034
1551,1,0.372388,1.050635,0.377506,197,spongent,pair=UAV9<->UAV4; config=StadiumSPONGENT,0.0,1.050635,0.232008,0.0,0.0,0.145498,StadiumSPONGENT,StadiumSPONGENT-2-20260809-23:07:21-359377,9,4,StadiumSPONGENT-2-20260809-23:07:21-359377|phase3|9|4,2,2,2,spongent,10,,,,0,4-9,1.593114,1.26009,0.240232
1552,1,0.357635,1.049964,0.388137,197,spongent,pair=UAV9<->UAV5; config=StadiumSPONGENT,0.0,1.049964,0.245716,0.0,0.0,0.142421,StadiumSPONGENT,StadiumSPONGENT-2-20260809-23:07:21-359377,9,5,StadiumSPONGENT-2-20260809-23:07:21-359377|phase3|9|5,2,2,2,spongent,10,,,,0,5-9,1.373933,1.051016,0.190057
1553,1,0.377837,1.045697,0.374616,197,spongent,pair=UAV9<->UAV6; config=StadiumSPONGENT,0.0,1.045697,0.228603,0.0,0.0,0.146013,StadiumSPONGENT,StadiumSPONGENT-2-20260809-23:07:21-359377,9,6,StadiumSPONGENT-2-20260809-23:07:21-359377|phase3|9|6,2,2,2,spongent,10,,,,0,6-9,1.540688,1.064698,0.240992
1554,1,0.350987,1.081163,0.386169,197,spongent,pair=UAV9<->UAV7; config=StadiumSPONGENT,0.0,1.081163,0.247014,0.0,0.0,0.139155,StadiumSPONGENT,StadiumSPONGENT-2-20260809-23:07:21-359377,9,7,StadiumSPONGENT-2-20260809-23:07:21-359377|phase3|9|7,2,2,2,spongent,10,,,,0,7-9,1.382669,1.03699,0.201038
1555,1,0.374077,1.052088,0.377361,197,spongent,pair=UAV9<->UAV8; config=StadiumSPONGENT,0.0,1.052088,0.232769,0.0,0.0,0.144592,StadiumSPONGENT,StadiumSPONGENT-2-20260809-23:07:21-359377,9,8,StadiumSPONGENT-2-20260809-23:07:21-359377|phase3|9|8,2,2,2,spongent,10,,,,0,8-9,1.369194,1.042399,0.201148
1556,1,0.448224,2.635624,0.219298,197,spongent,pair=UAV0<->UAV1; config=StadiumSPONGENT,0.640725,0.0,0.0,1.994899,0.219298,0.0,StadiumSPONGENT,StadiumSPONGENT-3-20260809-23:07:22-359377,0,1,StadiumSPONGENT-3-20260809-23:07:22-359377|phase3|0|1,3,3,3,spongent,10,,,,1,0-1,1.37197,1.050113,0.20266
1557,1,0.478171,3.027211,0.227554,197,spongent,pair=UAV0<->UAV2; config=StadiumSPONGENT,0.640815,0.0,0.0,2.386396,0.227554,0.0,StadiumSPONGENT,StadiumSPONGENT-3-20260809-23:07:22-359377,0,2,StadiumSPONGENT-3-20260809-23:07:22-359377|phase3|0|2,3,3,3,spongent,10,,,,1,0-2,1.645974,1.136777,0.231204
1558,1,0.437144,2.638049,0.209524,197,spongent,pair=UAV0<->UAV3; config=StadiumSPONGENT,0.626919,0.0,0.0,2.01113,0.209524,0.0,StadiumSPONGENT,StadiumSPONGENT-3-20260809-23:07:22-359377,0,3,StadiumSPONGENT-3-20260809-23:07:22-359377|phase3|0|3,3,3,3,spongent,10,,,,1,0-3,1.384062,1.042169,0.199977
1559,1,0.445258,2.700396,0.212938,197,spongent,pair=UAV0<->UAV4; config=StadiumSPONGENT,0.708151,0.0,0.0,1.992245,0.212938,0.0,StadiumSPONGENT,StadiumSPONGENT-3-20260809-23:07:22-359377,0,4,StadiumSPONGENT-3-20260809-23:07:22-359377|phase3|0|4,3,3,3,spongent,10,,,,1,0-4,1.465906,1.037,0.189777
1560,1,0.444367,2.713231,0.212541,197,spongent,pair=UAV0<->UAV5; config=StadiumSPONGENT,0.710276,0.0,0.0,2.002955,0.212541,0.0,StadiumSPONGENT,StadiumSPONGENT-3-20260809-23:07:22-359377,0,5,StadiumSPONGENT-3-20260809-23:07:22-359377|phase3|0|5,3,3,3,spongent,10,,,,1,0-5,1.387208,1.11684,0.200748
1561,1,0.445223,2.667305,0.207683,197,spongent,pair=UAV0<->UAV6; config=StadiumSPONGENT,0.624915,0.0,0.0,2.04239,0.207683,0.0,StadiumSPONGENT,StadiumSPONGENT-3-20260809-23:07:22-359377,0,6,StadiumSPONGENT-3-20260809-23:07:22-359377|phase3|0|6,3,3,3,spongent,10,,,,1,0-6,1.392748,1.042109,0.225345
1562,1,0.463087,3.199845,0.231199,197,spongent,pair=UAV0<->UAV7; config=StadiumSPONGENT,0.614665,0.0,0.0,2.58518,0.231199,0.0,StadiumSPONGENT,StadiumSPONGENT-3-20260809-23:07:22-359377,0,7,StadiumSPONGENT-3-20260809-23:07:22-359377|phase3|0|7,3,3,3,spongent,10,,,,1,0-7,1.665992,1.29824,0.225584
1563,1,0.492513,2.647298,0.229012,197,spongent,pair=UAV0<->UAV8; config=StadiumSPONGENT,0.6326,0.0,0.0,2.014698,0.229012,0.0,StadiumSPONGENT,StadiumSPONGENT-3-20260809-23:07:22-359377,0,8,StadiumSPONGENT-3-20260809-23:07:22-359377|phase3|0|8,3,3,3,spongent,10,,,,1,0-8,1.374835,1.064691,0.198132
1564,1,0.481232,2.620797,0.22987,197,spongent,pair=UAV0<->UAV9; config=StadiumSPONGENT,0.62731,0.0,0.0,1.993487,0.22987,0.0,StadiumSPONGENT,StadiumSPONGENT-3-20260809-23:07:22-359377,0,9,StadiumSPONGENT-3-20260809-23:07:22-359377|phase3|0|9,3,3,3,spongent,10,,,,1,0-9,1.38308,1.039094,0.189897
1565,1,0.367688,1.179588,0.377315,197,spongent,pair=UAV1<->UAV0; config=StadiumSPONGENT,0.0,1.179588,0.228925,0.0,0.0,0.148389,StadiumSPONGENT,StadiumSPONGENT-3-20260809-23:07:22-359377,1,0,StadiumSPONGENT-3-20260809-23:07:22-359377|phase3|1|0,3,3,3,spongent,10,,,,0,0-1,1.482276,1.052168,0.208402
1566,1,0.442432,2.61681,0.211351,197,spongent,pair=UAV1<->UAV2; config=StadiumSPONGENT,0.62226,0.0,0.0,1.99455,0.211351,0.0,StadiumSPONGENT,StadiumSPONGENT-3-20260809-23:07:22-359377,1,2,StadiumSPONGENT-3-20260809-23:07:22-359377|phase3|1|2,3,3,3,spongent,10,,,,1,1-2,1.374192,1.042419,0.190589
1567,1,0.486907,2.695657,0.244298,197,spongent,pair=UAV1<->UAV3; config=StadiumSPONGENT,0.621197,0.0,0.0,2.07446,0.244298,0.0,StadiumSPONGENT,StadiumSPONGENT-3-20260809-23:07:22-359377,1,3,StadiumSPONGENT-3-20260809-23:07:22-359377|phase3|1|3,3,3,3,spongent,10,,,,1,1-3,1.380344,1.098024,0.207531
1568,1,0.456714,2.843776,0.226617,197,spongent,pair=UAV1<->UAV4; config=StadiumSPONGENT,0.608584,0.0,0.0,2.235192,0.226617,0.0,StadiumSPONGENT,StadiumSPONGENT-3-20260809-23:07:22-359377,1,4,StadiumSPONGENT-3-20260809-23:07:22-359377|phase3|1|4,3,3,3,spongent,10,,,,1,1-4,1.408388,1.183605,0.241895
1569,1,0.447893,2.610978,0.219375,197,spongent,pair=UAV1<->UAV5; config=StadiumSPONGENT,0.621508,0.0,0.0,1.98947,0.219375,0.0,StadiumSPONGENT,StadiumSPONGENT-3-20260809-23:07:22-359377,1,5,StadiumSPONGENT-3-20260809-23:07:22-359377|phase3|1|5,3,3,3,spongent,10,,,,1,1-5,1.364124,1.04789,0.189215
1570,1,0.489415,2.833907,0.249161,197,spongent,pair=UAV1<->UAV6; config=StadiumSPONGENT,0.616589,0.0,0.0,2.217318,0.249161,0.0,StadiumSPONGENT,StadiumSPONGENT-3-20260809-23:07:22-359377,1,6,StadiumSPONGENT-3-20260809-23:07:22-359377|phase3|1|6,3,3,3,spongent,10,,,,1,1-6,1.57521,1.041969,0.208112
1571,1,0.441499,2.627479,0.209358,197,spongent,pair=UAV1<->UAV7; config=StadiumSPONGENT,0.613393,0.0,0.0,2.014086,0.209358,0.0,StadiumSPONGENT,StadiumSPONGENT-3-20260809-23:07:22-359377,1,7,StadiumSPONGENT-3-20260809-23:07:22-359377|phase3|1|7,3,3,3,spongent,10,,,,1,1-7,1.386117,1.041889,0.190829
1572,1,0.475057,2.633901,0.244717,197,spongent,pair=UAV1<->UAV8; config=StadiumSPONGENT,0.636196,0.0,0.0,1.997705,0.244717,0.0,StadiumSPONGENT,StadiumSPONGENT-3-20260809-23:07:22-359377,1,8,StadiumSPONGENT-3-20260809-23:07:22-359377|phase3|1|8,3,3,3,spongent,10,,,,1,1-8,1.372249,1.05362,0.199876
1573,1,0.453971,2.633511,0.216788,197,spongent,pair=UAV1<->UAV9; config=StadiumSPONGENT,0.624374,0.0,0.0,2.009137,0.216788,0.0,StadiumSPONGENT,StadiumSPONGENT-3-20260809-23:07:22-359377,1,9,StadiumSPONGENT-3-20260809-23:07:22-359377|phase3|1|9,3,3,3,spongent,10,,,,1,1-9,1.384383,1.034946,0.206117
1574,1,0.385665,1.051547,0.408727,197,spongent,pair=UAV2<->UAV0; config=StadiumSPONGENT,0.0,1.051547,0.250616,0.0,0.0,0.158111,StadiumSPONGENT,StadiumSPONGENT-3-20260809-23:07:22-359377,2,0,StadiumSPONGENT-3-20260809-23:07:22-359377|phase3|2|0,3,3,3,spongent,10,,,,0,0-2,1.378662,1.052026,0.190688
1575,1,0.351317,1.046768,0.371048,197,spongent,pair=UAV2<->UAV1; config=StadiumSPONGENT,0.0,1.046768,0.231081,0.0,0.0,0.139966,StadiumSPONGENT,StadiumSPONGENT-3-20260809-23:07:22-359377,2,1,StadiumSPONGENT-3-20260809-23:07:22-359377|phase3|2|1,3,3,3,spongent,10,,,,0,1-2,1.363263,1.045025,0.189467
1576,1,0.479297,2.646235,0.248742,197,spongent,pair=UAV2<->UAV3; config=StadiumSPONGENT,0.64346,0.0,0.0,2.002775,0.248742,0.0,StadiumSPONGENT,StadiumSPONGENT-3-20260809-23:07:22-359377,2,3,StadiumSPONGENT-3-20260809-23:07:22-359377|phase3|2|3,3,3,3,spongent,10,,,,1,2-3,1.391706,1.042991,0.200357
1577,1,0.470899,2.61693,0.233078,197,spongent,pair=UAV2<->UAV4; config=StadiumSPONGENT,0.620086,0.0,0.0,1.996844,0.233078,0.0,StadiumSPONGENT,StadiumSPONGENT-3-20260809-23:07:22-359377,2,4,StadiumSPONGENT-3-20260809-23:07:22-359377|phase3|2|4,3,3,3,spongent,10,,,,1,2-4,1.373631,1.034945,0.198364
1578,1,0.445717,2.596021,0.206676,197,spongent,pair=UAV2<->UAV5; config=StadiumSPONGENT,0.6115,0.0,0.0,1.984521,0.206676,0.0,StadiumSPONGENT,StadiumSPONGENT-3-20260809-23:07:22-359377,2,5,StadiumSPONGENT-3-20260809-23:07:22-359377|phase3|2|5,3,3,3,spongent,10,,,,1,2-5,1.363402,1.038081,0.188986
1579,1,0.491134,2.625265,0.216222,197,spongent,pair=UAV2<->UAV6; config=StadiumSPONGENT,0.619966,0.0,0.0,2.005299,0.216222,0.0,StadiumSPONGENT,StadiumSPONGENT-3-20260809-23:07:22-359377,2,6,StadiumSPONGENT-3-20260809-23:07:22-359377|phase3|2|6,3,3,3,spongent,10,,,,1,2-6,1.378923,1.046497,0.190637
1580,1,0.474439,2.623522,0.230563,197,spongent,pair=UAV2<->UAV7; config=StadiumSPONGENT,0.630676,0.0,0.0,1.992846,0.230563,0.0,StadiumSPONGENT,StadiumSPONGENT-3-20260809-23:07:22-359377,2,7,StadiumSPONGENT-3-20260809-23:07:22-359377|phase3|2|7,3,3,3,spongent,10,,,,1,2-7,1.381377,1.039074,0.193664
1581,1,0.478952,2.629643,0.247134,197,spongent,pair=UAV2<->UAV8; config=StadiumSPONGENT,0.61209,0.0,0.0,2.017553,0.247134,0.0,StadiumSPONGENT,StadiumSPONGENT-3-20260809-23:07:22-359377,2,8,StadiumSPONGENT-3-20260809-23:07:22-359377|phase3|2|8,3,3,3,spongent,10,,,,1,2-8,1.380807,1.048251,0.191921
1582,1,0.441353,2.650662,0.21033,197,spongent,pair=UAV2<->UAV9; config=StadiumSPONGENT,0.662535,0.0,0.0,1.988127,0.21033,0.0,StadiumSPONGENT,StadiumSPONGENT-3-20260809-23:07:22-359377,2,9,StadiumSPONGENT-3-20260809-23:07:22-359377|phase3|2|9,3,3,3,spongent,10,,,,1,2-9,1.387698,1.050274,0.202751
1583,1,0.364386,1.069421,0.382481,197,spongent,pair=UAV3<->UAV0; config=StadiumSPONGENT,0.0,1.069421,0.22762,0.0,0.0,0.154861,StadiumSPONGENT,StadiumSPONGENT-3-20260809-23:07:22-359377,3,0,StadiumSPONGENT-3-20260809-23:07:22-359377|phase3|3|0,3,3,3,spongent,10,,,,0,0-3,1.373793,1.040366,0.208051
1584,1,0.39765,1.065283,0.395961,197,spongent,pair=UAV3<->UAV1; config=StadiumSPONGENT,0.0,1.065283,0.242609,0.0,0.0,0.153352,StadiumSPONGENT,StadiumSPONGENT-3-20260809-23:07:22-359377,3,1,StadiumSPONGENT-3-20260809-23:07:22-359377|phase3|3|1,3,3,3,spongent,10,,,,0,1-3,1.375816,1.086972,0.198002
1585,1,0.400081,1.043151,0.381895,197,spongent,pair=UAV3<->UAV2; config=StadiumSPONGENT,0.0,1.043151,0.230555,0.0,0.0,0.15134,StadiumSPONGENT,StadiumSPONGENT-3-20260809-23:07:22-359377,3,2,StadiumSPONGENT-3-20260809-23:07:22-359377|phase3|3|2,3,3,3,spongent,10,,,,0,2-3,1.532329,1.269227,0.228069
1586,1,0.504123,2.810202,0.251312,197,spongent,pair=UAV3<->UAV4; config=StadiumSPONGENT,0.749288,0.0,0.0,2.060914,0.251312,0.0,StadiumSPONGENT,StadiumSPONGENT-3-20260809-23:07:22-359377,3,4,StadiumSPONGENT-3-20260809-23:07:22-359377|phase3|3|4,3,3,3,spongent,10,,,,1,3-4,1.47953,1.092594,0.226305
1587,1,0.466518,3.281409,0.213501,197,spongent,pair=UAV3<->UAV5; config=StadiumSPONGENT,0.618082,0.0,0.0,2.663327,0.213501,0.0,StadiumSPONGENT,StadiumSPONGENT-3-20260809-23:07:22-359377,3,5,StadiumSPONGENT-3-20260809-23:07:22-359377|phase3|3|5,3,3,3,spongent,10,,,,1,3-5,1.767542,1.264958,0.237567
1588,1,0.438155,2.636115,0.208162,197,spongent,pair=UAV3<->UAV6; config=StadiumSPONGENT,0.639873,0.0,0.0,1.996242,0.208162,0.0,StadiumSPONGENT,StadiumSPONGENT-3-20260809-23:07:22-359377,3,6,StadiumSPONGENT-3-20260809-23:07:22-359377|phase3|3|6,3,3,3,spongent,10,,,,1,3-6,1.372099,1.053591,0.203493
1589,1,0.455656,2.758115,0.210741,197,spongent,pair=UAV3<->UAV7; config=StadiumSPONGENT,0.773013,0.0,0.0,1.985102,0.210741,0.0,StadiumSPONGENT,StadiumSPONGENT-3-20260809-23:07:22-359377,3,7,StadiumSPONGENT-3-20260809-23:07:22-359377|phase3|3|7,3,3,3,spongent,10,,,,1,3-7,1.418968,1.113593,0.211207
1590,1,0.453795,2.626808,0.224173,197,spongent,pair=UAV3<->UAV8; config=StadiumSPONGENT,0.620196,0.0,0.0,2.006612,0.224173,0.0,StadiumSPONGENT,StadiumSPONGENT-3-20260809-23:07:22-359377,3,8,StadiumSPONGENT-3-20260809-23:07:22-359377|phase3|3|8,3,3,3,spongent,10,,,,1,3-8,1.372841,1.057437,0.191029
1591,1,0.470687,2.625586,0.227618,197,spongent,pair=UAV3<->UAV9; config=StadiumSPONGENT,0.620547,0.0,0.0,2.005039,0.227618,0.0,StadiumSPONGENT,StadiumSPONGENT-3-20260809-23:07:22-359377,3,9,StadiumSPONGENT-3-20260809-23:07:22-359377|phase3|3|9,3,3,3,spongent,10,,,,1,3-9,1.369155,1.045235,0.20201
1592,1,0.346861,1.045826,0.366243,197,spongent,pair=UAV4<->UAV0; config=StadiumSPONGENT,0.0,1.045826,0.23232,0.0,0.0,0.133923,StadiumSPONGENT,StadiumSPONGENT-3-20260809-23:07:22-359377,4,0,StadiumSPONGENT-3-20260809-23:07:22-359377|phase3|4|0,3,3,3,spongent,10,,,,0,0-4,1.369515,1.044715,0.190928
1593,1,0.390614,1.050044,0.394093,197,spongent,pair=UAV4<->UAV1; config=StadiumSPONGENT,0.0,1.050044,0.230097,0.0,0.0,0.163996,StadiumSPONGENT,StadiumSPONGENT-3-20260809-23:07:22-359377,4,1,StadiumSPONGENT-3-20260809-23:07:22-359377|phase3|4|1,3,3,3,spongent,10,,,,0,1-4,1.379875,1.038302,0.189536
1594,1,0.395388,1.070703,0.400131,197,spongent,pair=UAV4<->UAV2; config=StadiumSPONGENT,0.0,1.070703,0.23782,0.0,0.0,0.16231,StadiumSPONGENT,StadiumSPONGENT-3-20260809-23:07:22-359377,4,2,StadiumSPONGENT-3-20260809-23:07:22-359377|phase3|4|2,3,3,3,spongent,10,,,,0,2-4,1.450276,1.035497,0.197622
1595,1,0.387486,1.05315,0.388984,197,spongent,pair=UAV4<->UAV3; config=StadiumSPONGENT,0.0,1.05315,0.25281,0.0,0.0,0.136174,StadiumSPONGENT,StadiumSPONGENT-3-20260809-23:07:22-359377,4,3,StadiumSPONGENT-3-20260809-23:07:22-359377|phase3|4|3,3,3,3,spongent,10,,,,0,3-4,1.49519,1.051807,0.203572
1596,1,0.443163,2.620997,0.206055,197,spongent,pair=UAV4<->UAV5; config=StadiumSPONGENT,0.626588,0.0,0.0,1.994409,0.206055,0.0,StadiumSPONGENT,StadiumSPONGENT-3-20260809-23:07:22-359377,4,5,StadiumSPONGENT-3-20260809-23:07:22-359377|phase3|4|5,3,3,3,spongent,10,,,,1,4-5,1.380505,1.044223,0.189667
1597,1,0.458369,2.621758,0.224299,197,spongent,pair=UAV4<->UAV6; config=StadiumSPONGENT,0.616789,0.0,0.0,2.004969,0.224299,0.0,StadiumSPONGENT,StadiumSPONGENT-3-20260809-23:07:22-359377,4,6,StadiumSPONGENT-3-20260809-23:07:22-359377|phase3|4|6,3,3,3,spongent,10,,,,1,4-6,1.372711,1.035256,0.202701
1598,1,0.458954,2.701719,0.222644,197,spongent,pair=UAV4<->UAV7; config=StadiumSPONGENT,0.621569,0.0,0.0,2.08015,0.222644,0.0,StadiumSPONGENT,StadiumSPONGENT-3-20260809-23:07:22-359377,4,7,StadiumSPONGENT-3-20260809-23:07:22-359377|phase3|4|7,3,3,3,spongent,10,,,,1,4-7,1.390312,1.07955,0.221476
1599,1,0.459635,2.6547,0.210182,197,spongent,pair=UAV4<->UAV8; config=StadiumSPONGENT,0.655141,0.0,0.0,1.999559,0.210182,0.0,StadiumSPONGENT,StadiumSPONGENT-3-20260809-23:07:22-359377,4,8,StadiumSPONGENT-3-20260809-23:07:22-359377|phase3|4|8,3,3,3,spongent,10,,,,1,4-8,1.418045,1.032221,0.197852
1600,1,0.477332,3.217309,0.212007,197,spongent,pair=UAV4<->UAV9; config=StadiumSPONGENT,0.62204,0.0,0.0,2.595269,0.212007,0.0,StadiumSPONGENT,StadiumSPONGENT-3-20260809-23:07:22-359377,4,9,StadiumSPONGENT-3-20260809-23:07:22-359377|phase3|4|9,3,3,3,spongent,10,,,,1,4-9,1.69217,1.275637,0.240302
1601,1,0.35473,1.046067,0.374016,197,spongent,pair=UAV5<->UAV0; config=StadiumSPONGENT,0.0,1.046067,0.231827,0.0,0.0,0.142189,StadiumSPONGENT,StadiumSPONGENT-3-20260809-23:07:22-359377,5,0,StadiumSPONGENT-3-20260809-23:07:22-359377|phase3|5|0,3,3,3,spongent,10,,,,0,0-5,1.365306,1.049883,0.189676
1602,1,0.359537,1.070663,0.368681,197,spongent,pair=UAV5<->UAV1; config=StadiumSPONGENT,0.0,1.070663,0.228519,0.0,0.0,0.140163,StadiumSPONGENT,StadiumSPONGENT-3-20260809-23:07:22-359377,5,1,StadiumSPONGENT-3-20260809-23:07:22-359377|phase3|5|1,3,3,3,spongent,10,,,,0,1-5,1.401183,1.034234,0.190528
1603,1,0.35103,1.046487,0.383394,197,spongent,pair=UAV5<->UAV2; config=StadiumSPONGENT,0.0,1.046487,0.23904,0.0,0.0,0.144354,StadiumSPONGENT,StadiumSPONGENT-3-20260809-23:07:22-359377,5,2,StadiumSPONGENT-3-20260809-23:07:22-359377|phase3|5|2,3,3,3,spongent,10,,,,0,2-5,1.380264,1.038161,0.189486
1604,1,0.353005,1.045435,0.392522,197,spongent,pair=UAV5<->UAV3; config=StadiumSPONGENT,0.0,1.045435,0.253018,0.0,0.0,0.139505,StadiumSPONGENT,StadiumSPONGENT-3-20260809-23:07:22-359377,5,3,StadiumSPONGENT-3-20260809-23:07:22-359377|phase3|5|3,3,3,3,spongent,10,,,,0,3-5,1.361068,1.053811,0.193695
1605,1,0.359446,1.043582,0.390498,197,spongent,pair=UAV5<->UAV4; config=StadiumSPONGENT,0.0,1.043582,0.237108,0.0,0.0,0.15339,StadiumSPONGENT,StadiumSPONGENT-3-20260809-23:07:22-359377,5,4,StadiumSPONGENT-3-20260809-23:07:22-359377|phase3|5|4,3,3,3,spongent,10,,,,0,4-5,1.362642,1.081624,0.189577
1606,1,0.463033,3.372239,0.212478,197,spongent,pair=UAV5<->UAV6; config=StadiumSPONGENT,0.628321,0.0,0.0,2.743918,0.212478,0.0,StadiumSPONGENT,StadiumSPONGENT-3-20260809-23:07:22-359377,5,6,StadiumSPONGENT-3-20260809-23:07:22-359377|phase3|5|6,3,3,3,spongent,10,,,,1,5-6,1.838937,1.268896,0.252184
1607,1,0.479952,2.675108,0.233686,197,spongent,pair=UAV5<->UAV7; config=StadiumSPONGENT,0.672714,0.0,0.0,2.002394,0.233686,0.0,StadiumSPONGENT,StadiumSPONGENT-3-20260809-23:07:22-359377,5,7,StadiumSPONGENT-3-20260809-23:07:22-359377|phase3|5|7,3,3,3,spongent,10,,,,1,5-7,1.42575,1.049302,0.189747
1608,1,0.476446,2.954384,0.228202,197,spongent,pair=UAV5<->UAV8; config=StadiumSPONGENT,0.754118,0.0,0.0,2.200266,0.228202,0.0,StadiumSPONGENT,StadiumSPONGENT-3-20260809-23:07:22-359377,5,8,StadiumSPONGENT-3-20260809-23:07:22-359377|phase3|5|8,3,3,3,spongent,10,,,,1,5-8,1.387959,1.337314,0.217649
1609,1,0.459315,2.661402,0.209982,197,spongent,pair=UAV5<->UAV9; config=StadiumSPONGENT,0.635544,0.0,0.0,2.025858,0.209982,0.0,StadiumSPONGENT,StadiumSPONGENT-3-20260809-23:07:22-359377,5,9,StadiumSPONGENT-3-20260809-23:07:22-359377|phase3|5|9,3,3,3,spongent,10,,,,1,5-9,1.392476,1.045055,0.211547
1610,1,0.341846,1.044704,0.371703,197,spongent,pair=UAV6<->UAV0; config=StadiumSPONGENT,0.0,1.044704,0.23754,0.0,0.0,0.134163,StadiumSPONGENT,StadiumSPONGENT-3-20260809-23:07:22-359377,6,0,StadiumSPONGENT-3-20260809-23:07:22-359377|phase3|6|0,3,3,3,spongent,10,,,,0,0-6,1.38272,1.041067,0.189878
1611,1,0.430893,1.065162,0.421986,197,spongent,pair=UAV6<->UAV1; config=StadiumSPONGENT,0.0,1.065162,0.240254,0.0,0.0,0.181732,StadiumSPONGENT,StadiumSPONGENT-3-20260809-23:07:22-359377,6,1,StadiumSPONGENT-3-20260809-23:07:22-359377|phase3|6|1,3,3,3,spongent,10,,,,0,1-6,1.378972,1.077195,0.195768
1612,1,0.391037,1.05841,0.449727,197,spongent,pair=UAV6<->UAV2; config=StadiumSPONGENT,0.0,1.05841,0.274912,0.0,0.0,0.174815,StadiumSPONGENT,StadiumSPONGENT-3-20260809-23:07:22-359377,6,2,StadiumSPONGENT-3-20260809-23:07:22-359377|phase3|6|2,3,3,3,spongent,10,,,,0,2-6,1.378191,1.039594,0.197642
1613,1,0.377122,1.057248,0.398952,197,spongent,pair=UAV6<->UAV3; config=StadiumSPONGENT,0.0,1.057248,0.229992,0.0,0.0,0.16896,StadiumSPONGENT,StadiumSPONGENT-3-20260809-23:07:22-359377,6,3,StadiumSPONGENT-3-20260809-23:07:22-359377|phase3|6|3,3,3,3,spongent,10,,,,0,3-6,1.376787,1.029847,0.197752
1614,1,0.371394,1.041057,0.381166,197,spongent,pair=UAV6<->UAV4; config=StadiumSPONGENT,0.0,1.041057,0.234071,0.0,0.0,0.147095,StadiumSPONGENT,StadiumSPONGENT-3-20260809-23:07:22-359377,6,4,StadiumSPONGENT-3-20260809-23:07:22-359377|phase3|6|4,3,3,3,spongent,10,,,,0,4-6,1.368532,1.174799,0.190298
1615,1,0.367469,1.056025,0.405546,197,spongent,pair=UAV6<->UAV5; config=StadiumSPONGENT,0.0,1.056025,0.250555,0.0,0.0,0.154991,StadiumSPONGENT,StadiumSPONGENT-3-20260809-23:07:22-359377,6,5,StadiumSPONGENT-3-20260809-23:07:22-359377|phase3|6|5,3,3,3,spongent,10,,,,0,5-6,1.388249,1.038012,0.191218
1616,1,0.461152,2.62264,0.214212,197,spongent,pair=UAV6<->UAV7; config=StadiumSPONGENT,0.629313,0.0,0.0,1.993327,0.214212,0.0,StadiumSPONGENT,StadiumSPONGENT-3-20260809-23:07:22-359377,6,7,StadiumSPONGENT-3-20260809-23:07:22-359377|phase3|6|7,3,3,3,spongent,10,,,,1,6-7,1.385415,1.031499,0.197271
1617,1,0.46196,3.149961,0.22692,197,spongent,pair=UAV6<->UAV8; config=StadiumSPONGENT,0.610017,0.0,0.0,2.539944,0.22692,0.0,StadiumSPONGENT,StadiumSPONGENT-3-20260809-23:07:22-359377,6,8,StadiumSPONGENT-3-20260809-23:07:22-359377|phase3|6|8,3,3,3,spongent,10,,,,1,6-8,1.469142,1.419839,0.253597
1618,1,0.485949,2.619374,0.226509,197,spongent,pair=UAV6<->UAV9; config=StadiumSPONGENT,0.618172,0.0,0.0,2.001202,0.226509,0.0,StadiumSPONGENT,StadiumSPONGENT-3-20260809-23:07:22-359377,6,9,StadiumSPONGENT-3-20260809-23:07:22-359377|phase3|6|9,3,3,3,spongent,10,,,,1,6-9,1.368843,1.044333,0.197241
1619,1,0.429934,1.064902,0.430624,197,spongent,pair=UAV7<->UAV0; config=StadiumSPONGENT,0.0,1.064902,0.231888,0.0,0.0,0.198736,StadiumSPONGENT,StadiumSPONGENT-3-20260809-23:07:22-359377,7,0,StadiumSPONGENT-3-20260809-23:07:22-359377|phase3|7|0,3,3,3,spongent,10,,,,0,0-7,1.390925,1.046207,0.189547
1620,1,0.37146,1.043622,0.394242,197,spongent,pair=UAV7<->UAV1; config=StadiumSPONGENT,0.0,1.043622,0.23214,0.0,0.0,0.162102,StadiumSPONGENT,StadiumSPONGENT-3-20260809-23:07:22-359377,7,1,StadiumSPONGENT-3-20260809-23:07:22-359377|phase3|7|1,3,3,3,spongent,10,,,,0,1-7,1.370858,1.040817,0.189155
1621,1,0.369081,1.065934,0.382393,197,spongent,pair=UAV7<->UAV2; config=StadiumSPONGENT,0.0,1.065934,0.243876,0.0,0.0,0.138518,StadiumSPONGENT,StadiumSPONGENT-3-20260809-23:07:22-359377,7,2,StadiumSPONGENT-3-20260809-23:07:22-359377|phase3|7|2,3,3,3,spongent,10,,,,0,2-7,1.378081,1.048191,0.189144
1622,1,0.36525,1.044083,0.399424,197,spongent,pair=UAV7<->UAV3; config=StadiumSPONGENT,0.0,1.044083,0.244915,0.0,0.0,0.154509,StadiumSPONGENT,StadiumSPONGENT-3-20260809-23:07:22-359377,7,3,StadiumSPONGENT-3-20260809-23:07:22-359377|phase3|7|3,3,3,3,spongent,10,,,,0,3-7,1.397537,1.039514,0.189826
1623,1,0.375687,1.059091,0.389353,197,spongent,pair=UAV7<->UAV4; config=StadiumSPONGENT,0.0,1.059091,0.23631,0.0,0.0,0.153043,StadiumSPONGENT,StadiumSPONGENT-3-20260809-23:07:22-359377,7,4,StadiumSPONGENT-3-20260809-23:07:22-359377|phase3|7|4,3,3,3,spongent,10,,,,0,4-7,1.378501,1.045516,0.197571
1624,1,0.372258,1.044583,0.384838,197,spongent,pair=UAV7<->UAV5; config=StadiumSPONGENT,0.0,1.044583,0.246266,0.0,0.0,0.138571,StadiumSPONGENT,StadiumSPONGENT-3-20260809-23:07:22-359377,7,5,StadiumSPONGENT-3-20260809-23:07:22-359377|phase3|7|5,3,3,3,spongent,10,,,,0,5-7,1.373582,1.033664,0.189897
1625,1,0.348768,1.045155,0.381497,197,spongent,pair=UAV7<->UAV6; config=StadiumSPONGENT,0.0,1.045155,0.246941,0.0,0.0,0.134557,StadiumSPONGENT,StadiumSPONGENT-3-20260809-23:07:22-359377,7,6,StadiumSPONGENT-3-20260809-23:07:22-359377|phase3|7|6,3,3,3,spongent,10,,,,0,6-7,1.389423,1.035466,0.190708
1626,1,0.440531,2.603113,0.208678,197,spongent,pair=UAV7<->UAV8; config=StadiumSPONGENT,0.610187,0.0,0.0,1.992926,0.208678,0.0,StadiumSPONGENT,StadiumSPONGENT-3-20260809-23:07:22-359377,7,8,StadiumSPONGENT-3-20260809-23:07:22-359377|phase3|7|8,3,3,3,spongent,10,,,,1,7-8,1.367329,1.039695,0.189757
1627,1,0.458414,2.662546,0.218718,197,spongent,pair=UAV7<->UAV9; config=StadiumSPONGENT,0.62756,0.0,0.0,2.034986,0.218718,0.0,StadiumSPONGENT,StadiumSPONGENT-3-20260809-23:07:22-359377,7,9,StadiumSPONGENT-3-20260809-23:07:22-359377|phase3|7|9,3,3,3,spongent,10,,,,1,7-9,1.369744,1.082193,0.197061
1628,1,0.370836,1.049123,0.405325,197,spongent,pair=UAV8<->UAV0; config=StadiumSPONGENT,0.0,1.049123,0.263501,0.0,0.0,0.141824,StadiumSPONGENT,StadiumSPONGENT-3-20260809-23:07:22-359377,8,0,StadiumSPONGENT-3-20260809-23:07:22-359377|phase3|8|0,3,3,3,spongent,10,,,,0,0-8,1.364635,1.03751,0.191681
1629,1,0.403851,1.047439,0.389474,197,spongent,pair=UAV8<->UAV1; config=StadiumSPONGENT,0.0,1.047439,0.23034,0.0,0.0,0.159134,StadiumSPONGENT,StadiumSPONGENT-3-20260809-23:07:22-359377,8,1,StadiumSPONGENT-3-20260809-23:07:22-359377|phase3|8|1,3,3,3,spongent,10,,,,0,1-8,1.370026,1.046447,0.20208
1630,1,0.425772,1.054372,0.410457,197,spongent,pair=UAV8<->UAV2; config=StadiumSPONGENT,0.0,1.054372,0.231818,0.0,0.0,0.178638,StadiumSPONGENT,StadiumSPONGENT-3-20260809-23:07:22-359377,8,2,StadiumSPONGENT-3-20260809-23:07:22-359377|phase3|8|2,3,3,3,spongent,10,,,,0,2-8,1.366619,1.050555,0.189847
1631,1,0.358786,1.050995,0.364235,197,spongent,pair=UAV8<->UAV3; config=StadiumSPONGENT,0.0,1.050995,0.229622,0.0,0.0,0.134613,StadiumSPONGENT,StadiumSPONGENT-3-20260809-23:07:22-359377,8,3,StadiumSPONGENT-3-20260809-23:07:22-359377|phase3|8|3,3,3,3,spongent,10,,,,0,3-8,1.366438,1.037281,0.189356
1632,1,0.343197,1.081623,0.382467,197,spongent,pair=UAV8<->UAV4; config=StadiumSPONGENT,0.0,1.081623,0.249452,0.0,0.0,0.133014,StadiumSPONGENT,StadiumSPONGENT-3-20260809-23:07:22-359377,8,4,StadiumSPONGENT-3-20260809-23:07:22-359377|phase3|8|4,3,3,3,spongent,10,,,,0,4-8,1.374645,1.070863,0.197631
1633,1,0.380546,1.066595,0.400587,197,spongent,pair=UAV8<->UAV5; config=StadiumSPONGENT,0.0,1.066595,0.248244,0.0,0.0,0.152344,StadiumSPONGENT,StadiumSPONGENT-3-20260809-23:07:22-359377,8,5,StadiumSPONGENT-3-20260809-23:07:22-359377|phase3|8|5,3,3,3,spongent,10,,,,0,5-8,1.567297,1.265769,0.244539
1634,1,0.371619,1.041538,0.379739,197,spongent,pair=UAV8<->UAV6; config=StadiumSPONGENT,0.0,1.041538,0.23504,0.0,0.0,0.144699,StadiumSPONGENT,StadiumSPONGENT-3-20260809-23:07:22-359377,8,6,StadiumSPONGENT-3-20260809-23:07:22-359377|phase3|8|6,3,3,3,spongent,10,,,,0,6-8,1.362831,1.040356,0.197192
1635,1,0.351688,1.051577,0.374863,197,spongent,pair=UAV8<->UAV7; config=StadiumSPONGENT,0.0,1.051577,0.231853,0.0,0.0,0.14301,StadiumSPONGENT,StadiumSPONGENT-3-20260809-23:07:22-359377,8,7,StadiumSPONGENT-3-20260809-23:07:22-359377|phase3|8|7,3,3,3,spongent,10,,,,0,7-8,1.381366,1.054993,0.190438
1636,1,0.45927,2.636446,0.208597,197,spongent,pair=UAV8<->UAV9; config=StadiumSPONGENT,0.623963,0.0,0.0,2.012483,0.208597,0.0,StadiumSPONGENT,StadiumSPONGENT-3-20260809-23:07:22-359377,8,9,StadiumSPONGENT-3-20260809-23:07:22-359377|phase3|8|9,3,3,3,spongent,10,,,,1,8-9,1.387809,1.045045,0.194255
1637,1,0.368775,1.043562,0.390268,197,spongent,pair=UAV9<->UAV0; config=StadiumSPONGENT,0.0,1.043562,0.251363,0.0,0.0,0.138906,StadiumSPONGENT,StadiumSPONGENT-3-20260809-23:07:22-359377,9,0,StadiumSPONGENT-3-20260809-23:07:22-359377|phase3|9|0,3,3,3,spongent,10,,,,0,0-9,1.366229,1.057919,0.189276
1638,1,0.378865,1.044493,0.39926,197,spongent,pair=UAV9<->UAV1; config=StadiumSPONGENT,0.0,1.044493,0.237183,0.0,0.0,0.162077,StadiumSPONGENT,StadiumSPONGENT-3-20260809-23:07:22-359377,9,1,StadiumSPONGENT-3-20260809-23:07:22-359377|phase3|9|1,3,3,3,spongent,10,,,,0,1-9,1.366017,1.047159,0.228158
1639,1,0.350712,1.051166,0.371404,197,spongent,pair=UAV9<->UAV2; config=StadiumSPONGENT,0.0,1.051166,0.231022,0.0,0.0,0.140382,StadiumSPONGENT,StadiumSPONGENT-3-20260809-23:07:22-359377,9,2,StadiumSPONGENT-3-20260809-23:07:22-359377|phase3|9|2,3,3,3,spongent,10,,,,0,2-9,1.365356,1.04819,0.1964
1640,1,0.371913,1.052328,0.387364,197,spongent,pair=UAV9<->UAV3; config=StadiumSPONGENT,0.0,1.052328,0.243069,0.0,0.0,0.144295,StadiumSPONGENT,StadiumSPONGENT-3-20260809-23:07:22-359377,9,3,StadiumSPONGENT-3-20260809-23:07:22-359377|phase3|9|3,3,3,3,spongent,10,,,,0,3-9,1.36787,1.085821,0.188724
1641,1,0.361943,1.044022,0.415261,197,spongent,pair=UAV9<->UAV4; config=StadiumSPONGENT,0.0,1.044022,0.265325,0.0,0.0,0.149936,StadiumSPONGENT,StadiumSPONGENT-3-20260809-23:07:22-359377,9,4,StadiumSPONGENT-3-20260809-23:07:22-359377|phase3|9|4,3,3,3,spongent,10,,,,0,4-9,1.365357,1.049794,0.191851
1642,1,0.358125,1.180489,0.397476,197,spongent,pair=UAV9<->UAV5; config=StadiumSPONGENT,0.0,1.180489,0.249333,0.0,0.0,0.148143,StadiumSPONGENT,StadiumSPONGENT-3-20260809-23:07:22-359377,9,5,StadiumSPONGENT-3-20260809-23:07:22-359377|phase3|9|5,3,3,3,spongent,10,,,,0,5-9,1.508905,1.04261,0.189536
1643,1,0.380524,1.046727,0.413455,197,spongent,pair=UAV9<->UAV6; config=StadiumSPONGENT,0.0,1.046727,0.25944,0.0,0.0,0.154015,StadiumSPONGENT,StadiumSPONGENT-3-20260809-23:07:22-359377,9,6,StadiumSPONGENT-3-20260809-23:07:22-359377|phase3|9|6,3,3,3,spongent,10,,,,0,6-9,1.369915,1.036649,0.189536
1644,1,0.368054,1.046728,0.389032,197,spongent,pair=UAV9<->UAV7; config=StadiumSPONGENT,0.0,1.046728,0.239696,0.0,0.0,0.149336,StadiumSPONGENT,StadiumSPONGENT-3-20260809-23:07:22-359377,9,7,StadiumSPONGENT-3-20260809-23:07:22-359377|phase3|9|7,3,3,3,spongent,10,,,,0,7-9,1.363994,1.058901,0.189857
1645,1,0.35259,1.058279,0.394666,197,spongent,pair=UAV9<->UAV8; config=StadiumSPONGENT,0.0,1.058279,0.250673,0.0,0.0,0.143993,StadiumSPONGENT,StadiumSPONGENT-3-20260809-23:07:22-359377,9,8,StadiumSPONGENT-3-20260809-23:07:22-359377|phase3|9|8,3,3,3,spongent,10,,,,0,8-9,1.367392,1.039072,0.197741
1646,1,0.461895,2.627539,0.213391,197,spongent,pair=UAV0<->UAV1; config=StadiumSPONGENT,0.636005,0.0,0.0,1.991534,0.213391,0.0,StadiumSPONGENT,StadiumSPONGENT-4-20260809-23:07:22-359377,0,1,StadiumSPONGENT-4-20260809-23:07:22-359377|phase3|0|1,4,4,4,spongent,10,,,,1,0-1,1.384713,1.039345,0.193524
1647,1,0.470531,2.618562,0.216033,197,spongent,pair=UAV0<->UAV2; config=StadiumSPONGENT,0.61182,0.0,0.0,2.006742,0.216033,0.0,StadiumSPONGENT,StadiumSPONGENT-4-20260809-23:07:22-359377,0,2,StadiumSPONGENT-4-20260809-23:07:22-359377|phase3|0|2,4,4,4,spongent,10,,,,1,0-2,1.370246,1.038153,0.20196
1648,1,0.475466,2.844788,0.233498,197,spongent,pair=UAV0<->UAV3; config=StadiumSPONGENT,0.621288,0.0,0.0,2.2235,0.233498,0.0,StadiumSPONGENT,StadiumSPONGENT-4-20260809-23:07:22-359377,0,3,StadiumSPONGENT-4-20260809-23:07:22-359377|phase3|0|3,4,4,4,spongent,10,,,,1,0-3,1.537349,1.097404,0.198653
1649,1,0.465892,2.663798,0.22609,197,spongent,pair=UAV0<->UAV4; config=StadiumSPONGENT,0.621358,0.0,0.0,2.04244,0.22609,0.0,StadiumSPONGENT,StadiumSPONGENT-4-20260809-23:07:22-359377,0,4,StadiumSPONGENT-4-20260809-23:07:22-359377|phase3|0|4,4,4,4,spongent,10,,,,1,0-4,1.416543,1.040466,0.197752
1650,1,0.4738,3.051206,0.224373,197,spongent,pair=UAV0<->UAV5; config=StadiumSPONGENT,0.640194,0.0,0.0,2.411012,0.224373,0.0,StadiumSPONGENT,StadiumSPONGENT-4-20260809-23:07:22-359377,0,5,StadiumSPONGENT-4-20260809-23:07:22-359377|phase3|0|5,4,4,4,spongent,10,,,,1,0-5,1.607833,1.176763,0.253496
1651,1,0.456973,3.128881,0.215735,197,spongent,pair=UAV0<->UAV6; config=StadiumSPONGENT,0.624073,0.0,0.0,2.504808,0.215735,0.0,StadiumSPONGENT,StadiumSPONGENT-4-20260809-23:07:22-359377,0,6,StadiumSPONGENT-4-20260809-23:07:22-359377|phase3|0|6,4,4,4,spongent,10,,,,1,0-6,1.823027,1.073658,0.219273
1652,1,0.496873,2.635194,0.234932,197,spongent,pair=UAV0<->UAV7; config=StadiumSPONGENT,0.618132,0.0,0.0,2.017062,0.234932,0.0,StadiumSPONGENT,StadiumSPONGENT-4-20260809-23:07:22-359377,0,7,StadiumSPONGENT-4-20260809-23:07:22-359377|phase3|0|7,4,4,4,spongent,10,,,,1,0-7,1.379653,1.055023,0.191741
1653,1,0.464244,2.685307,0.209864,197,spongent,pair=UAV0<->UAV8; config=StadiumSPONGENT,0.610968,0.0,0.0,2.074339,0.209864,0.0,StadiumSPONGENT,StadiumSPONGENT-4-20260809-23:07:22-359377,0,8,StadiumSPONGENT-4-20260809-23:07:22-359377|phase3|0|8,4,4,4,spongent,10,,,,1,0-8,1.434857,1.043902,0.195177
1654,1,0.488978,2.833315,0.215162,197,spongent,pair=UAV0<->UAV9; config=StadiumSPONGENT,0.655141,0.0,0.0,2.178174,0.215162,0.0,StadiumSPONGENT,StadiumSPONGENT-4-20260809-23:07:22-359377,0,9,StadiumSPONGENT-4-20260809-23:07:22-359377|phase3|0|9,4,4,4,spongent,10,,,,1,0-9,1.575994,1.039314,0.205557
1655,1,0.384878,1.053831,0.419992,197,spongent,pair=UAV1<->UAV0; config=StadiumSPONGENT,0.0,1.053831,0.248505,0.0,0.0,0.171488,StadiumSPONGENT,StadiumSPONGENT-4-20260809-23:07:22-359377,1,0,StadiumSPONGENT-4-20260809-23:07:22-359377|phase3|1|0,4,4,4,spongent,10,,,,0,0-1,1.391761,1.066921,0.190749
1656,1,0.446683,2.631657,0.215607,197,spongent,pair=UAV1<->UAV2; config=StadiumSPONGENT,0.641546,0.0,0.0,1.990111,0.215607,0.0,StadiumSPONGENT,StadiumSPONGENT-4-20260809-23:07:22-359377,1,2,StadiumSPONGENT-4-20260809-23:07:22-359377|phase3|1|2,4,4,4,spongent,10,,,,1,1-2,1.383841,1.045626,0.193383
1657,1,0.463318,2.982497,0.224826,197,spongent,pair=UAV1<->UAV3; config=StadiumSPONGENT,0.618412,0.0,0.0,2.364085,0.224826,0.0,StadiumSPONGENT,StadiumSPONGENT-4-20260809-23:07:22-359377,1,3,StadiumSPONGENT-4-20260809-23:07:22-359377|phase3|1|3,4,4,4,spongent,10,,,,1,1-3,1.522462,1.177534,0.273384
1658,1,0.476089,2.705144,0.226068,197,spongent,pair=UAV1<->UAV4; config=StadiumSPONGENT,0.617831,0.0,0.0,2.087313,0.226068,0.0,StadiumSPONGENT,StadiumSPONGENT-4-20260809-23:07:22-359377,1,4,StadiumSPONGENT-4-20260809-23:07:22-359377|phase3|1|4,4,4,4,spongent,10,,,,1,1-4,1.433123,1.056546,0.205457
1659,1,0.445314,2.66517,0.208021,197,spongent,pair=UAV1<->UAV5; config=StadiumSPONGENT,0.625826,0.0,0.0,2.039344,0.208021,0.0,StadiumSPONGENT,StadiumSPONGENT-4-20260809-23:07:22-359377,1,5,StadiumSPONGENT-4-20260809-23:07:22-359377|phase3|1|5,4,4,4,spongent,10,,,,1,1-5,1.419408,1.042409,0.194936
1660,1,0.4698,2.615467,0.22197,197,spongent,pair=UAV1<->UAV6; config=StadiumSPONGENT,0.62226,0.0,0.0,1.993207,0.22197,0.0,StadiumSPONGENT,StadiumSPONGENT-4-20260809-23:07:22-359377,1,6,StadiumSPONGENT-4-20260809-23:07:22-359377|phase3|1|6,4,4,4,spongent,10,,,,1,1-6,1.365628,1.048481,0.19155
1661,1,0.444832,2.627339,0.206742,197,spongent,pair=UAV1<->UAV7; config=StadiumSPONGENT,0.621899,0.0,0.0,2.00544,0.206742,0.0,StadiumSPONGENT,StadiumSPONGENT-4-20260809-23:07:22-359377,1,7,StadiumSPONGENT-4-20260809-23:07:22-359377|phase3|1|7,4,4,4,spongent,10,,,,1,1-7,1.389131,1.038383,0.189186
1662,1,0.462211,2.603625,0.208517,197,spongent,pair=UAV1<->UAV8; config=StadiumSPONGENT,0.607302,0.0,0.0,1.996323,0.208517,0.0,StadiumSPONGENT,StadiumSPONGENT-4-20260809-23:07:22-359377,1,8,StadiumSPONGENT-4-20260809-23:07:22-359377|phase3|1|8,4,4,4,spongent,10,,,,1,1-8,1.370076,1.036228,0.189806
1663,1,0.442532,2.639613,0.206585,197,spongent,pair=UAV1<->UAV9; config=StadiumSPONGENT,0.620557,0.0,0.0,2.019056,0.206585,0.0,StadiumSPONGENT,StadiumSPONGENT-4-20260809-23:07:22-359377,1,9,StadiumSPONGENT-4-20260809-23:07:22-359377|phase3|1|9,4,4,4,spongent,10,,,,1,1-9,1.391336,1.048612,0.190849
1664,1,0.350041,1.043552,0.388506,197,spongent,pair=UAV2<->UAV0; config=StadiumSPONGENT,0.0,1.043552,0.254498,0.0,0.0,0.134008,StadiumSPONGENT,StadiumSPONGENT-4-20260809-23:07:22-359377,2,0,StadiumSPONGENT-4-20260809-23:07:22-359377|phase3|2|0,4,4,4,spongent,10,,,,0,0-2,1.378802,1.036869,0.191901
1665,1,0.361617,1.052498,0.377085,197,spongent,pair=UAV2<->UAV1; config=StadiumSPONGENT,0.0,1.052498,0.231076,0.0,0.0,0.146009,StadiumSPONGENT,StadiumSPONGENT-4-20260809-23:07:22-359377,2,1,StadiumSPONGENT-4-20260809-23:07:22-359377|phase3|2|1,4,4,4,spongent,10,,,,0,1-2,1.45275,1.052479,0.203192
1666,1,0.462895,2.811806,0.224727,197,spongent,pair=UAV2<->UAV3; config=StadiumSPONGENT,0.621649,0.0,0.0,2.190157,0.224727,0.0,StadiumSPONGENT,StadiumSPONGENT-4-20260809-23:07:22-359377,2,3,StadiumSPONGENT-4-20260809-23:07:22-359377|phase3|2|3,4,4,4,spongent,10,,,,1,2-3,1.463681,1.133721,0.202901
1667,1,0.457824,2.665941,0.217727,197,spongent,pair=UAV2<->UAV4; config=StadiumSPONGENT,0.608634,0.0,0.0,2.057307,0.217727,0.0,StadiumSPONGENT,StadiumSPONGENT-4-20260809-23:07:22-359377,2,4,StadiumSPONGENT-4-20260809-23:07:22-359377|phase3|2|4,4,4,4,spongent,10,,,,1,2-4,1.368803,1.097393,0.190889
1668,1,0.469709,2.620926,0.232661,197,spongent,pair=UAV2<->UAV5; config=StadiumSPONGENT,0.623742,0.0,0.0,1.997184,0.232661,0.0,StadiumSPONGENT,StadiumSPONGENT-4-20260809-23:07:22-359377,2,5,StadiumSPONGENT-4-20260809-23:07:22-359377|phase3|2|5,4,4,4,spongent,10,,,,1,2-5,1.391165,1.034555,0.189326
1669,1,0.462156,2.606259,0.229279,197,spongent,pair=UAV2<->UAV6; config=StadiumSPONGENT,0.615878,0.0,0.0,1.990381,0.229279,0.0,StadiumSPONGENT,StadiumSPONGENT-4-20260809-23:07:22-359377,2,6,StadiumSPONGENT-4-20260809-23:07:22-359377|phase3|2|6,4,4,4,spongent,10,,,,1,2-6,1.369546,1.038242,0.189736
1670,1,0.469482,2.63836,0.222501,197,spongent,pair=UAV2<->UAV7; config=StadiumSPONGENT,0.626157,0.0,0.0,2.012203,0.222501,0.0,StadiumSPONGENT,StadiumSPONGENT-4-20260809-23:07:22-359377,2,7,StadiumSPONGENT-4-20260809-23:07:22-359377|phase3|2|7,4,4,4,spongent,10,,,,1,2-7,1.373201,1.050995,0.205886
1671,1,0.445258,2.62281,0.214831,197,spongent,pair=UAV2<->UAV8; config=StadiumSPONGENT,0.621789,0.0,0.0,2.001021,0.214831,0.0,StadiumSPONGENT,StadiumSPONGENT-4-20260809-23:07:22-359377,2,8,StadiumSPONGENT-4-20260809-23:07:22-359377|phase3|2|8,4,4,4,spongent,10,,,,1,2-8,1.385675,1.039906,0.189376
1672,1,0.456836,2.773663,0.214048,197,spongent,pair=UAV2<->UAV9; config=StadiumSPONGENT,0.608594,0.0,0.0,2.165069,0.214048,0.0,StadiumSPONGENT,StadiumSPONGENT-4-20260809-23:07:22-359377,2,9,StadiumSPONGENT-4-20260809-23:07:22-359377|phase3|2|9,4,4,4,spongent,10,,,,1,2-9,1.380084,1.184847,0.200026
1673,1,0.380861,1.039043,0.389331,197,spongent,pair=UAV3<->UAV0; config=StadiumSPONGENT,0.0,1.039043,0.241969,0.0,0.0,0.147363,StadiumSPONGENT,StadiumSPONGENT-4-20260809-23:07:22-359377,3,0,StadiumSPONGENT-4-20260809-23:07:22-359377|phase3|3|0,4,4,4,spongent,10,,,,0,0-3,1.368066,1.048817,0.191711
1674,1,0.390331,1.061636,0.403998,197,spongent,pair=UAV3<->UAV1; config=StadiumSPONGENT,0.0,1.061636,0.238492,0.0,0.0,0.165506,StadiumSPONGENT,StadiumSPONGENT-4-20260809-23:07:22-359377,3,1,StadiumSPONGENT-4-20260809-23:07:22-359377|phase3|3|1,4,4,4,spongent,10,,,,0,1-3,1.376993,1.039811,0.196801
1675,1,0.359819,1.049593,0.373261,197,spongent,pair=UAV3<->UAV2; config=StadiumSPONGENT,0.0,1.049593,0.238169,0.0,0.0,0.135092,StadiumSPONGENT,StadiumSPONGENT-4-20260809-23:07:22-359377,3,2,StadiumSPONGENT-4-20260809-23:07:22-359377|phase3|3|2,4,4,4,spongent,10,,,,0,2-3,1.377719,1.034946,0.190008
1676,1,0.45333,2.635945,0.212209,197,spongent,pair=UAV3<->UAV4; config=StadiumSPONGENT,0.622079,0.0,0.0,2.013866,0.212209,0.0,StadiumSPONGENT,StadiumSPONGENT-4-20260809-23:07:22-359377,3,4,StadiumSPONGENT-4-20260809-23:07:22-359377|phase3|3|4,4,4,4,spongent,10,,,,1,3-4,1.384944,1.049192,0.195268
1677,1,0.484029,2.753797,0.240662,197,spongent,pair=UAV3<->UAV5; config=StadiumSPONGENT,0.684437,0.0,0.0,2.06936,0.240662,0.0,StadiumSPONGENT,StadiumSPONGENT-4-20260809-23:07:22-359377,3,5,StadiumSPONGENT-4-20260809-23:07:22-359377|phase3|3|5,4,4,4,spongent,10,,,,1,3-5,1.417145,1.084869,0.238669
1678,1,0.459859,2.837774,0.218117,197,spongent,pair=UAV3<->UAV6; config=StadiumSPONGENT,0.828758,0.0,0.0,2.009016,0.218117,0.0,StadiumSPONGENT,StadiumSPONGENT-4-20260809-23:07:22-359377,3,6,StadiumSPONGENT-4-20260809-23:07:22-359377|phase3|3|6,4,4,4,spongent,10,,,,1,3-6,1.47329,1.125095,0.225204
1679,1,0.435577,3.01548,0.205913,197,spongent,pair=UAV3<->UAV7; config=StadiumSPONGENT,0.656064,0.0,0.0,2.359416,0.205913,0.0,StadiumSPONGENT,StadiumSPONGENT-4-20260809-23:07:22-359377,3,7,StadiumSPONGENT-4-20260809-23:07:22-359377|phase3|3|7,4,4,4,spongent,10,,,,1,3-7,1.685088,1.075623,0.243237
1680,1,0.447757,2.73454,0.219409,197,spongent,pair=UAV3<->UAV8; config=StadiumSPONGENT,0.620747,0.0,0.0,2.113793,0.219409,0.0,StadiumSPONGENT,StadiumSPONGENT-4-20260809-23:07:22-359377,3,8,StadiumSPONGENT-4-20260809-23:07:22-359377|phase3|3|8,4,4,4,spongent,10,,,,1,3-8,1.489099,1.041959,0.195698
1681,1,0.484099,2.800665,0.244941,197,spongent,pair=UAV3<->UAV9; config=StadiumSPONGENT,0.612031,0.0,0.0,2.188634,0.244941,0.0,StadiumSPONGENT,StadiumSPONGENT-4-20260809-23:07:22-359377,3,9,StadiumSPONGENT-4-20260809-23:07:22-359377|phase3|3|9,4,4,4,spongent,10,,,,1,3-9,1.380475,1.219432,0.190748
1682,1,0.397726,1.054803,0.411438,197,spongent,pair=UAV4<->UAV0; config=StadiumSPONGENT,0.0,1.054803,0.239802,0.0,0.0,0.171636,StadiumSPONGENT,StadiumSPONGENT-4-20260809-23:07:22-359377,4,0,StadiumSPONGENT-4-20260809-23:07:22-359377|phase3|4|0,4,4,4,spongent,10,,,,0,0-4,1.382333,1.036665,0.190239
1683,1,0.374234,1.052027,0.398187,197,spongent,pair=UAV4<->UAV1; config=StadiumSPONGENT,0.0,1.052027,0.250021,0.0,0.0,0.148166,StadiumSPONGENT,StadiumSPONGENT-4-20260809-23:07:22-359377,4,1,StadiumSPONGENT-4-20260809-23:07:22-359377|phase3|4|1,4,4,4,spongent,10,,,,0,1-4,1.367124,1.035273,0.190769
1684,1,0.355012,1.077596,0.377381,197,spongent,pair=UAV4<->UAV2; config=StadiumSPONGENT,0.0,1.077596,0.240096,0.0,0.0,0.137284,StadiumSPONGENT,StadiumSPONGENT-4-20260809-23:07:22-359377,4,2,StadiumSPONGENT-4-20260809-23:07:22-359377|phase3|4|2,4,4,4,spongent,10,,,,0,2-4,1.417304,1.238608,0.190288
1685,1,0.348236,1.052208,0.377149,197,spongent,pair=UAV4<->UAV3; config=StadiumSPONGENT,0.0,1.052208,0.241121,0.0,0.0,0.136027,StadiumSPONGENT,StadiumSPONGENT-4-20260809-23:07:22-359377,4,3,StadiumSPONGENT-4-20260809-23:07:22-359377|phase3|4|3,4,4,4,spongent,10,,,,0,3-4,1.375537,1.041458,0.192822
1686,1,0.463458,3.06929,0.205707,197,spongent,pair=UAV4<->UAV5; config=StadiumSPONGENT,0.622641,0.0,0.0,2.446649,0.205707,0.0,StadiumSPONGENT,StadiumSPONGENT-4-20260809-23:07:22-359377,4,5,StadiumSPONGENT-4-20260809-23:07:22-359377|phase3|4|5,4,4,4,spongent,10,,,,1,4-5,1.605278,1.215375,0.235262
1687,1,0.459681,2.616658,0.228033,197,spongent,pair=UAV4<->UAV6; config=StadiumSPONGENT,0.619434,0.0,0.0,1.997224,0.228033,0.0,StadiumSPONGENT,StadiumSPONGENT-4-20260809-23:07:22-359377,4,6,StadiumSPONGENT-4-20260809-23:07:22-359377|phase3|4|6,4,4,4,spongent,10,,,,1,4-6,1.381677,1.036409,0.190088
1688,1,0.477634,2.619114,0.229228,197,spongent,pair=UAV4<->UAV7; config=StadiumSPONGENT,0.615688,0.0,0.0,2.003426,0.229228,0.0,StadiumSPONGENT,StadiumSPONGENT-4-20260809-23:07:22-359377,4,7,StadiumSPONGENT-4-20260809-23:07:22-359377|phase3|4|7,4,4,4,spongent,10,,,,1,4-7,1.376376,1.043611,0.189817
1689,1,0.497693,2.633762,0.235717,197,spongent,pair=UAV4<->UAV8; config=StadiumSPONGENT,0.621158,0.0,0.0,2.012604,0.235717,0.0,StadiumSPONGENT,StadiumSPONGENT-4-20260809-23:07:22-359377,4,8,StadiumSPONGENT-4-20260809-23:07:22-359377|phase3|4|8,4,4,4,spongent,10,,,,1,4-8,1.383169,1.039945,0.201739
1690,1,0.474515,2.662084,0.229202,197,spongent,pair=UAV4<->UAV9; config=StadiumSPONGENT,0.607973,0.0,0.0,2.054111,0.229202,0.0,StadiumSPONGENT,StadiumSPONGENT-4-20260809-23:07:22-359377,4,9,StadiumSPONGENT-4-20260809-23:07:22-359377|phase3|4|9,4,4,4,spongent,10,,,,1,4-9,1.373201,1.050515,0.22848
1691,1,0.377857,1.047299,0.402911,197,spongent,pair=UAV5<->UAV0; config=StadiumSPONGENT,0.0,1.047299,0.249427,0.0,0.0,0.153484,StadiumSPONGENT,StadiumSPONGENT-4-20260809-23:07:22-359377,5,0,StadiumSPONGENT-4-20260809-23:07:22-359377|phase3|5|0,4,4,4,spongent,10,,,,0,0-5,1.379148,1.038268,0.189788
1692,1,0.34328,1.04789,0.372552,197,spongent,pair=UAV5<->UAV1; config=StadiumSPONGENT,0.0,1.04789,0.237293,0.0,0.0,0.135259,StadiumSPONGENT,StadiumSPONGENT-4-20260809-23:07:22-359377,5,1,StadiumSPONGENT-4-20260809-23:07:22-359377|phase3|5|1,4,4,4,spongent,10,,,,0,1-5,1.368382,1.038913,0.189667
1693,1,0.373272,1.049674,0.377658,197,spongent,pair=UAV5<->UAV2; config=StadiumSPONGENT,0.0,1.049674,0.237047,0.0,0.0,0.14061,StadiumSPONGENT,StadiumSPONGENT-4-20260809-23:07:22-359377,5,2,StadiumSPONGENT-4-20260809-23:07:22-359377|phase3|5|2,4,4,4,spongent,10,,,,0,2-5,1.375786,1.169458,0.192442
1694,1,0.381022,1.04796,0.383727,197,spongent,pair=UAV5<->UAV3; config=StadiumSPONGENT,0.0,1.04796,0.243367,0.0,0.0,0.140359,StadiumSPONGENT,StadiumSPONGENT-4-20260809-23:07:22-359377,5,3,StadiumSPONGENT-4-20260809-23:07:22-359377|phase3|5|3,4,4,4,spongent,10,,,,0,3-5,1.366284,1.061081,0.194266
1695,1,0.339341,1.046176,0.391386,197,spongent,pair=UAV5<->UAV4; config=StadiumSPONGENT,0.0,1.046176,0.257751,0.0,0.0,0.133634,StadiumSPONGENT,StadiumSPONGENT-4-20260809-23:07:22-359377,5,4,StadiumSPONGENT-4-20260809-23:07:22-359377|phase3|5|4,4,4,4,spongent,10,,,,0,4-5,1.375536,1.036988,0.190388
1696,1,0.446945,2.635264,0.215144,197,spongent,pair=UAV5<->UAV6; config=StadiumSPONGENT,0.628181,0.0,0.0,2.007083,0.215144,0.0,StadiumSPONGENT,StadiumSPONGENT-4-20260809-23:07:22-359377,5,6,StadiumSPONGENT-4-20260809-23:07:22-359377|phase3|5|6,4,4,4,spongent,10,,,,1,5-6,1.386796,1.049823,0.190259
1697,1,0.447155,2.717489,0.207582,197,spongent,pair=UAV5<->UAV7; config=StadiumSPONGENT,0.628832,0.0,0.0,2.088657,0.207582,0.0,StadiumSPONGENT,StadiumSPONGENT-4-20260809-23:07:22-359377,5,7,StadiumSPONGENT-4-20260809-23:07:22-359377|phase3|5|7,4,4,4,spongent,10,,,,1,5-7,1.398178,1.12239,0.188894
1698,1,0.490175,2.901324,0.245243,197,spongent,pair=UAV5<->UAV8; config=StadiumSPONGENT,0.608644,0.0,0.0,2.29268,0.245243,0.0,StadiumSPONGENT,StadiumSPONGENT-4-20260809-23:07:22-359377,5,8,StadiumSPONGENT-4-20260809-23:07:22-359377|phase3|5|8,4,4,4,spongent,10,,,,1,5-8,1.607291,1.06391,0.218381
1699,1,0.459856,2.616489,0.223022,197,spongent,pair=UAV5<->UAV9; config=StadiumSPONGENT,0.619174,0.0,0.0,1.997315,0.223022,0.0,StadiumSPONGENT,StadiumSPONGENT-4-20260809-23:07:22-359377,5,9,StadiumSPONGENT-4-20260809-23:07:22-359377|phase3|5|9,4,4,4,spongent,10,,,,1,5-9,1.371578,1.046207,0.189827
1700,1,0.361905,1.051717,0.387408,197,spongent,pair=UAV6<->UAV0; config=StadiumSPONGENT,0.0,1.051717,0.241238,0.0,0.0,0.14617,StadiumSPONGENT,StadiumSPONGENT-4-20260809-23:07:22-359377,6,0,StadiumSPONGENT-4-20260809-23:07:22-359377|phase3|6|0,4,4,4,spongent,10,,,,0,0-6,1.382919,1.03751,0.189626
1701,1,0.360898,1.115096,0.386759,197,spongent,pair=UAV6<->UAV1; config=StadiumSPONGENT,0.0,1.115096,0.247831,0.0,0.0,0.138928,StadiumSPONGENT,StadiumSPONGENT-4-20260809-23:07:22-359377,6,1,StadiumSPONGENT-4-20260809-23:07:22-359377|phase3|6|1,4,4,4,spongent,10,,,,0,1-6,1.490892,1.110006,0.246915
1702,1,0.383775,1.158087,0.387372,197,spongent,pair=UAV6<->UAV2; config=StadiumSPONGENT,0.0,1.158087,0.232877,0.0,0.0,0.154496,StadiumSPONGENT,StadiumSPONGENT-4-20260809-23:07:22-359377,6,2,StadiumSPONGENT-4-20260809-23:07:22-359377|phase3|6|2,4,4,4,spongent,10,,,,0,2-6,1.488263,1.040191,0.190909
1703,1,0.354697,1.045676,0.378321,197,spongent,pair=UAV6<->UAV3; config=StadiumSPONGENT,0.0,1.045676,0.241742,0.0,0.0,0.13658,StadiumSPONGENT,StadiumSPONGENT-4-20260809-23:07:22-359377,6,3,StadiumSPONGENT-4-20260809-23:07:22-359377|phase3|6|3,4,4,4,spongent,10,,,,0,3-6,1.378612,1.044433,0.192622
1704,1,0.399159,1.051898,0.402775,197,spongent,pair=UAV6<->UAV4; config=StadiumSPONGENT,0.0,1.051898,0.231649,0.0,0.0,0.171127,StadiumSPONGENT,StadiumSPONGENT-4-20260809-23:07:22-359377,6,4,StadiumSPONGENT-4-20260809-23:07:22-359377|phase3|6|4,4,4,4,spongent,10,,,,0,4-6,1.377123,1.03949,0.189998
1705,1,0.348761,1.046437,0.365417,197,spongent,pair=UAV6<->UAV5; config=StadiumSPONGENT,0.0,1.046437,0.231801,0.0,0.0,0.133616,StadiumSPONGENT,StadiumSPONGENT-4-20260809-23:07:22-359377,6,5,StadiumSPONGENT-4-20260809-23:07:22-359377|phase3|6|5,4,4,4,spongent,10,,,,0,5-6,1.375846,1.040265,0.199796
1706,1,0.456363,2.625425,0.223931,197,spongent,pair=UAV6<->UAV7; config=StadiumSPONGENT,0.625976,0.0,0.0,1.999449,0.223931,0.0,StadiumSPONGENT,StadiumSPONGENT-4-20260809-23:07:22-359377,6,7,StadiumSPONGENT-4-20260809-23:07:22-359377|phase3|6|7,4,4,4,spongent,10,,,,1,6-7,1.390143,1.035877,0.191751
1707,1,0.459588,2.634252,0.214876,197,spongent,pair=UAV6<->UAV8; config=StadiumSPONGENT,0.609596,0.0,0.0,2.024656,0.214876,0.0,StadiumSPONGENT,StadiumSPONGENT-4-20260809-23:07:22-359377,6,8,StadiumSPONGENT-4-20260809-23:07:22-359377|phase3|6|8,4,4,4,spongent,10,,,,1,6-8,1.369274,1.056486,0.198473
1708,1,0.439128,2.774575,0.208958,197,spongent,pair=UAV6<->UAV9; config=StadiumSPONGENT,0.617781,0.0,0.0,2.156794,0.208958,0.0,StadiumSPONGENT,StadiumSPONGENT-4-20260809-23:07:22-359377,6,9,StadiumSPONGENT-4-20260809-23:07:22-359377|phase3|6|9,4,4,4,spongent,10,,,,1,6-9,1.465835,1.05902,0.239421
1709,1,0.374522,1.044393,0.401532,197,spongent,pair=UAV7<->UAV0; config=StadiumSPONGENT,0.0,1.044393,0.261941,0.0,0.0,0.13959,StadiumSPONGENT,StadiumSPONGENT-4-20260809-23:07:22-359377,7,0,StadiumSPONGENT-4-20260809-23:07:22-359377|phase3|7|0,4,4,4,spongent,10,,,,0,0-7,1.37468,1.03378,0.189867
1710,1,0.362134,1.049112,0.393482,197,spongent,pair=UAV7<->UAV1; config=StadiumSPONGENT,0.0,1.049112,0.23809,0.0,0.0,0.155392,StadiumSPONGENT,StadiumSPONGENT-4-20260809-23:07:22-359377,7,1,StadiumSPONGENT-4-20260809-23:07:22-359377|phase3|7|1,4,4,4,spongent,10,,,,0,1-7,1.369857,1.039825,0.190698
1711,1,0.373404,1.244891,0.397884,197,spongent,pair=UAV7<->UAV2; config=StadiumSPONGENT,0.0,1.244891,0.246982,0.0,0.0,0.150903,StadiumSPONGENT,StadiumSPONGENT-4-20260809-23:07:22-359377,7,2,StadiumSPONGENT-4-20260809-23:07:22-359377|phase3|7|2,4,4,4,spongent,10,,,,0,2-7,1.530871,1.041885,0.221768
1712,1,0.358044,1.045094,0.381794,197,spongent,pair=UAV7<->UAV3; config=StadiumSPONGENT,0.0,1.045094,0.229664,0.0,0.0,0.152131,StadiumSPONGENT,StadiumSPONGENT-4-20260809-23:07:22-359377,7,3,StadiumSPONGENT-4-20260809-23:07:22-359377|phase3|7|3,4,4,4,spongent,10,,,,0,3-7,1.366198,1.034504,0.190708
1713,1,0.363678,1.051246,0.382856,197,spongent,pair=UAV7<->UAV4; config=StadiumSPONGENT,0.0,1.051246,0.248406,0.0,0.0,0.13445,StadiumSPONGENT,StadiumSPONGENT-4-20260809-23:07:22-359377,7,4,StadiumSPONGENT-4-20260809-23:07:22-359377|phase3|7|4,4,4,4,spongent,10,,,,0,4-7,1.370677,1.046779,0.190688
1714,1,0.362724,1.044804,0.394714,197,spongent,pair=UAV7<->UAV5; config=StadiumSPONGENT,0.0,1.044804,0.239573,0.0,0.0,0.155142,StadiumSPONGENT,StadiumSPONGENT-4-20260809-23:07:22-359377,7,5,StadiumSPONGENT-4-20260809-23:07:22-359377|phase3|7|5,4,4,4,spongent,10,,,,0,5-7,1.355619,1.037531,0.198322
1715,1,0.381208,1.041759,0.389709,197,spongent,pair=UAV7<->UAV6; config=StadiumSPONGENT,0.0,1.041759,0.232432,0.0,0.0,0.157277,StadiumSPONGENT,StadiumSPONGENT-4-20260809-23:07:22-359377,7,6,StadiumSPONGENT-4-20260809-23:07:22-359377|phase3|7|6,4,4,4,spongent,10,,,,0,6-7,1.377149,1.030537,0.192261
1716,1,0.476393,2.6168,0.229037,197,spongent,pair=UAV7<->UAV8; config=StadiumSPONGENT,0.617311,0.0,0.0,1.999489,0.229037,0.0,StadiumSPONGENT,StadiumSPONGENT-4-20260809-23:07:22-359377,7,8,StadiumSPONGENT-4-20260809-23:07:22-359377|phase3|7|8,4,4,4,spongent,10,,,,1,7-8,1.377319,1.039895,0.191089
1717,1,0.461452,2.617601,0.212243,197,spongent,pair=UAV7<->UAV9; config=StadiumSPONGENT,0.621629,0.0,0.0,1.995972,0.212243,0.0,StadiumSPONGENT,StadiumSPONGENT-4-20260809-23:07:22-359377,7,9,StadiumSPONGENT-4-20260809-23:07:22-359377|phase3|7|9,4,4,4,spongent,10,,,,1,7-9,1.370437,1.048361,0.189897
1718,1,0.346823,1.044333,0.39134,197,spongent,pair=UAV8<->UAV0; config=StadiumSPONGENT,0.0,1.044333,0.254381,0.0,0.0,0.136959,StadiumSPONGENT,StadiumSPONGENT-4-20260809-23:07:22-359377,8,0,StadiumSPONGENT-4-20260809-23:07:22-359377|phase3|8|0,4,4,4,spongent,10,,,,0,0-8,1.371319,1.040286,0.189616
1719,1,0.370892,1.049944,0.416069,197,spongent,pair=UAV8<->UAV1; config=StadiumSPONGENT,0.0,1.049944,0.253695,0.0,0.0,0.162375,StadiumSPONGENT,StadiumSPONGENT-4-20260809-23:07:22-359377,8,1,StadiumSPONGENT-4-20260809-23:07:22-359377|phase3|8|1,4,4,4,spongent,10,,,,0,1-8,1.375169,1.036735,0.189307
1720,1,0.364698,1.045886,0.380294,197,spongent,pair=UAV8<->UAV2; config=StadiumSPONGENT,0.0,1.045886,0.230427,0.0,0.0,0.149867,StadiumSPONGENT,StadiumSPONGENT-4-20260809-23:07:22-359377,8,2,StadiumSPONGENT-4-20260809-23:07:22-359377|phase3|8|2,4,4,4,spongent,10,,,,0,2-8,1.489951,1.049833,0.194596
1721,1,0.367205,1.052338,0.376144,197,spongent,pair=UAV8<->UAV3; config=StadiumSPONGENT,0.0,1.052338,0.228348,0.0,0.0,0.147796,StadiumSPONGENT,StadiumSPONGENT-4-20260809-23:07:22-359377,8,3,StadiumSPONGENT-4-20260809-23:07:22-359377|phase3|8|3,4,4,4,spongent,10,,,,0,3-8,1.417104,1.093806,0.238478
1722,1,0.39738,1.041618,0.42364,197,spongent,pair=UAV8<->UAV4; config=StadiumSPONGENT,0.0,1.041618,0.261976,0.0,0.0,0.161663,StadiumSPONGENT,StadiumSPONGENT-4-20260809-23:07:22-359377,8,4,StadiumSPONGENT-4-20260809-23:07:22-359377|phase3|8|4,4,4,4,spongent,10,,,,0,4-8,1.364491,1.032847,0.199476
1723,1,0.385657,1.046818,0.385345,197,spongent,pair=UAV8<->UAV5; config=StadiumSPONGENT,0.0,1.046818,0.244931,0.0,0.0,0.140413,StadiumSPONGENT,StadiumSPONGENT-4-20260809-23:07:22-359377,8,5,StadiumSPONGENT-4-20260809-23:07:22-359377|phase3|8|5,4,4,4,spongent,10,,,,0,5-8,1.369209,1.053096,0.194096
1724,1,0.366087,1.067046,0.395924,197,spongent,pair=UAV8<->UAV6; config=StadiumSPONGENT,0.0,1.067046,0.244713,0.0,0.0,0.151211,StadiumSPONGENT,StadiumSPONGENT-4-20260809-23:07:22-359377,8,6,StadiumSPONGENT-4-20260809-23:07:22-359377|phase3|8|6,4,4,4,spongent,10,,,,0,6-8,1.385084,1.0583,0.192122
1725,1,0.370572,1.248036,0.388891,197,spongent,pair=UAV8<->UAV7; config=StadiumSPONGENT,0.0,1.248036,0.247355,0.0,0.0,0.141535,StadiumSPONGENT,StadiumSPONGENT-4-20260809-23:07:22-359377,8,7,StadiumSPONGENT-4-20260809-23:07:22-359377|phase3|8|7,4,4,4,spongent,10,,,,0,7-8,1.474047,1.121605,0.200077
1726,1,0.445719,2.625455,0.206673,197,spongent,pair=UAV8<->UAV9; config=StadiumSPONGENT,0.618282,0.0,0.0,2.007173,0.206673,0.0,StadiumSPONGENT,StadiumSPONGENT-4-20260809-23:07:22-359377,8,9,StadiumSPONGENT-4-20260809-23:07:22-359377|phase3|8|9,4,4,4,spongent,10,,,,1,8-9,1.390063,1.036868,0.190778
1727,1,0.379727,1.051888,0.438381,197,spongent,pair=UAV9<->UAV0; config=StadiumSPONGENT,0.0,1.051888,0.273816,0.0,0.0,0.164565,StadiumSPONGENT,StadiumSPONGENT-4-20260809-23:07:22-359377,9,0,StadiumSPONGENT-4-20260809-23:07:22-359377|phase3|9|0,4,4,4,spongent,10,,,,0,0-9,1.365092,1.045131,0.193725
1728,1,0.349327,1.099136,0.378689,197,spongent,pair=UAV9<->UAV1; config=StadiumSPONGENT,0.0,1.099136,0.235947,0.0,0.0,0.142742,StadiumSPONGENT,StadiumSPONGENT-4-20260809-23:07:22-359377,9,1,StadiumSPONGENT-4-20260809-23:07:22-359377|phase3|9|1,4,4,4,spongent,10,,,,0,1-9,1.38859,1.093166,0.194056
1729,1,0.361819,1.053611,0.39056,197,spongent,pair=UAV9<->UAV2; config=StadiumSPONGENT,0.0,1.053611,0.242788,0.0,0.0,0.147771,StadiumSPONGENT,StadiumSPONGENT-4-20260809-23:07:22-359377,9,2,StadiumSPONGENT-4-20260809-23:07:22-359377|phase3|9|2,4,4,4,spongent,10,,,,0,2-9,1.367812,1.147768,0.189396
1730,1,0.393593,1.044584,0.387809,197,spongent,pair=UAV9<->UAV3; config=StadiumSPONGENT,0.0,1.044584,0.239157,0.0,0.0,0.148652,StadiumSPONGENT,StadiumSPONGENT-4-20260809-23:07:22-359377,9,3,StadiumSPONGENT-4-20260809-23:07:22-359377|phase3|9|3,4,4,4,spongent,10,,,,0,3-9,1.364259,1.037317,0.189978
1731,1,0.366316,1.05313,0.382426,197,spongent,pair=UAV9<->UAV4; config=StadiumSPONGENT,0.0,1.05313,0.245312,0.0,0.0,0.137114,StadiumSPONGENT,StadiumSPONGENT-4-20260809-23:07:22-359377,9,4,StadiumSPONGENT-4-20260809-23:07:22-359377|phase3|9|4,4,4,4,spongent,10,,,,0,4-9,1.373221,1.066926,0.190548
1732,1,0.355813,1.051046,0.369624,197,spongent,pair=UAV9<->UAV5; config=StadiumSPONGENT,0.0,1.051046,0.236834,0.0,0.0,0.132791,StadiumSPONGENT,StadiumSPONGENT-4-20260809-23:07:22-359377,9,5,StadiumSPONGENT-4-20260809-23:07:22-359377|phase3|9|5,4,4,4,spongent,10,,,,0,5-9,1.359324,1.04219,0.197061
1733,1,0.368531,1.049092,0.389743,197,spongent,pair=UAV9<->UAV6; config=StadiumSPONGENT,0.0,1.049092,0.23017,0.0,0.0,0.159573,StadiumSPONGENT,StadiumSPONGENT-4-20260809-23:07:22-359377,9,6,StadiumSPONGENT-4-20260809-23:07:22-359377|phase3|9|6,4,4,4,spongent,10,,,,0,6-9,1.37739,1.054132,0.189867
1734,1,0.384398,1.04831,0.421364,197,spongent,pair=UAV9<->UAV7; config=StadiumSPONGENT,0.0,1.04831,0.249209,0.0,0.0,0.172155,StadiumSPONGENT,StadiumSPONGENT-4-20260809-23:07:22-359377,9,7,StadiumSPONGENT-4-20260809-23:07:22-359377|phase3|9|7,4,4,4,spongent,10,,,,0,7-9,1.369379,1.039661,0.191782
1735,1,0.365381,1.052418,0.397755,197,spongent,pair=UAV9<->UAV8; config=StadiumSPONGENT,0.0,1.052418,0.239046,0.0,0.0,0.158709,StadiumSPONGENT,StadiumSPONGENT-4-20260809-23:07:22-359377,9,8,StadiumSPONGENT-4-20260809-23:07:22-359377|phase3|9|8,4,4,4,spongent,10,,,,0,8-9,1.375135,1.03227,0.197211
1736,1,0.456196,2.623351,0.210401,197,spongent,pair=UAV0<->UAV1; config=StadiumSPONGENT,0.628125,0.0,0.0,1.995226,0.210401,0.0,StadiumSPONGENT,StadiumSPONGENT-5-20260809-23:07:23-359377,0,1,StadiumSPONGENT-5-20260809-23:07:23-359377|phase3|0|1,5,5,5,spongent,10,,,,1,0-1,1.376758,1.03794,0.197052
1737,1,0.496563,2.772543,0.210051,197,spongent,pair=UAV0<->UAV2; config=StadiumSPONGENT,0.645368,0.0,0.0,2.127175,0.210051,0.0,StadiumSPONGENT,StadiumSPONGENT-5-20260809-23:07:23-359377,0,2,StadiumSPONGENT-5-20260809-23:07:23-359377|phase3|0|2,5,5,5,spongent,10,,,,1,0-2,1.458033,1.094376,0.206941
1738,1,0.473805,2.632249,0.215325,197,spongent,pair=UAV0<->UAV3; config=StadiumSPONGENT,0.63581,0.0,0.0,1.996439,0.215325,0.0,StadiumSPONGENT,StadiumSPONGENT-5-20260809-23:07:23-359377,0,3,StadiumSPONGENT-5-20260809-23:07:23-359377|phase3|0|3,5,5,5,spongent,10,,,,1,0-3,1.395524,1.032849,0.197292
1739,1,0.459601,2.618592,0.220229,197,spongent,pair=UAV0<->UAV4; config=StadiumSPONGENT,0.624298,0.0,0.0,1.994294,0.220229,0.0,StadiumSPONGENT,StadiumSPONGENT-5-20260809-23:07:23-359377,0,4,StadiumSPONGENT-5-20260809-23:07:23-359377|phase3|0|4,5,5,5,spongent,10,,,,1,0-4,1.369436,1.038891,0.200078
1740,1,0.440298,2.785739,0.206208,197,spongent,pair=UAV0<->UAV5; config=StadiumSPONGENT,0.638125,0.0,0.0,2.147614,0.206208,0.0,StadiumSPONGENT,StadiumSPONGENT-5-20260809-23:07:23-359377,0,5,StadiumSPONGENT-5-20260809-23:07:23-359377|phase3|0|5,5,5,5,spongent,10,,,,1,0-5,1.490052,1.058097,0.228912
1741,1,0.473041,2.614105,0.204421,197,spongent,pair=UAV0<->UAV6; config=StadiumSPONGENT,0.622485,0.0,0.0,1.99162,0.204421,0.0,StadiumSPONGENT,StadiumSPONGENT-5-20260809-23:07:23-359377,0,6,StadiumSPONGENT-5-20260809-23:07:23-359377|phase3|0|6,5,5,5,spongent,10,,,,1,0-6,1.375175,1.039942,0.19078
1742,1,0.454813,2.731847,0.216828,197,spongent,pair=UAV0<->UAV7; config=StadiumSPONGENT,0.739206,0.0,0.0,1.992641,0.216828,0.0,StadiumSPONGENT,StadiumSPONGENT-5-20260809-23:07:23-359377,0,7,StadiumSPONGENT-5-20260809-23:07:23-359377|phase3|0|7,5,5,5,spongent,10,,,,1,0-7,1.485935,1.032919,0.200058
1743,1,0.46166,2.641948,0.211584,197,spongent,pair=UAV0<->UAV8; config=StadiumSPONGENT,0.653604,0.0,0.0,1.988344,0.211584,0.0,StadiumSPONGENT,StadiumSPONGENT-5-20260809-23:07:23-359377,0,8,StadiumSPONGENT-5-20260809-23:07:23-359377|phase3|0|8,5,5,5,spongent,10,,,,1,0-8,1.367721,1.061414,0.20104
1744,1,0.492958,2.653459,0.234501,197,spongent,pair=UAV0<->UAV9; config=StadiumSPONGENT,0.636181,0.0,0.0,2.017278,0.234501,0.0,StadiumSPONGENT,StadiumSPONGENT-5-20260809-23:07:23-359377,0,9,StadiumSPONGENT-5-20260809-23:07:23-359377|phase3|0|9,5,5,5,spongent,10,,,,1,0-9,1.38384,1.067534,0.191782
1745,1,0.365207,1.056654,0.400601,197,spongent,pair=UAV1<->UAV0; config=StadiumSPONGENT,0.0,1.056654,0.245795,0.0,0.0,0.154806,StadiumSPONGENT,StadiumSPONGENT-5-20260809-23:07:23-359377,1,0,StadiumSPONGENT-5-20260809-23:07:23-359377|phase3|1|0,5,5,5,spongent,10,,,,0,0-1,1.375376,1.135303,0.196942
1746,1,0.475338,2.852103,0.237092,197,spongent,pair=UAV1<->UAV2; config=StadiumSPONGENT,0.629678,0.0,0.0,2.222425,0.237092,0.0,StadiumSPONGENT,StadiumSPONGENT-5-20260809-23:07:23-359377,1,2,StadiumSPONGENT-5-20260809-23:07:23-359377|phase3|1|2,5,5,5,spongent,10,,,,1,1-2,1.599699,1.044281,0.199366
1747,1,0.455603,2.632149,0.207109,197,spongent,pair=UAV1<->UAV3; config=StadiumSPONGENT,0.631432,0.0,0.0,2.000717,0.207109,0.0,StadiumSPONGENT,StadiumSPONGENT-5-20260809-23:07:23-359377,1,3,StadiumSPONGENT-5-20260809-23:07:23-359377|phase3|1|3,5,5,5,spongent,10,,,,1,1-3,1.373954,1.053739,0.194426
1748,1,0.476691,2.735183,0.246776,197,spongent,pair=UAV1<->UAV4; config=StadiumSPONGENT,0.723656,0.0,0.0,2.011527,0.246776,0.0,StadiumSPONGENT,StadiumSPONGENT-5-20260809-23:07:23-359377,1,4,StadiumSPONGENT-5-20260809-23:07:23-359377|phase3|1|4,5,5,5,spongent,10,,,,1,1-4,1.410762,1.091871,0.223732
1749,1,0.456739,2.614786,0.217565,197,spongent,pair=UAV1<->UAV5; config=StadiumSPONGENT,0.620802,0.0,0.0,1.993984,0.217565,0.0,StadiumSPONGENT,StadiumSPONGENT-5-20260809-23:07:23-359377,1,5,StadiumSPONGENT-5-20260809-23:07:23-359377|phase3|1|5,5,5,5,spongent,10,,,,1,1-5,1.370327,1.036576,0.194538
1750,1,0.455366,2.839379,0.217057,197,spongent,pair=UAV1<->UAV6; config=StadiumSPONGENT,0.622625,0.0,0.0,2.216754,0.217057,0.0,StadiumSPONGENT,StadiumSPONGENT-5-20260809-23:07:23-359377,1,6,StadiumSPONGENT-5-20260809-23:07:23-359377|phase3|1|6,5,5,5,spongent,10,,,,1,1-6,1.555646,1.052297,0.22259
1751,1,0.468181,2.658188,0.240423,197,spongent,pair=UAV1<->UAV7; config=StadiumSPONGENT,0.669033,0.0,0.0,1.989155,0.240423,0.0,StadiumSPONGENT,StadiumSPONGENT-5-20260809-23:07:23-359377,1,7,StadiumSPONGENT-5-20260809-23:07:23-359377|phase3|1|7,5,5,5,spongent,10,,,,1,1-7,1.381307,1.06995,0.197182
1752,1,0.446673,2.608935,0.21461,197,spongent,pair=UAV1<->UAV8; config=StadiumSPONGENT,0.616484,0.0,0.0,1.992451,0.21461,0.0,StadiumSPONGENT,StadiumSPONGENT-5-20260809-23:07:23-359377,1,8,StadiumSPONGENT-5-20260809-23:07:23-359377|phase3|1|8,5,5,5,spongent,10,,,,1,1-8,1.369715,1.039562,0.191381
1753,1,0.438598,2.61691,0.207671,197,spongent,pair=UAV1<->UAV9; config=StadiumSPONGENT,0.620241,0.0,0.0,1.996669,0.207671,0.0,StadiumSPONGENT,StadiumSPONGENT-5-20260809-23:07:23-359377,1,9,StadiumSPONGENT-5-20260809-23:07:23-359377|phase3|1|9,5,5,5,spongent,10,,,,1,1-9,1.363494,1.052797,0.191111
1754,1,0.361791,1.063447,0.438251,197,spongent,pair=UAV2<->UAV0; config=StadiumSPONGENT,0.0,1.063447,0.286511,0.0,0.0,0.151739,StadiumSPONGENT,StadiumSPONGENT-5-20260809-23:07:23-359377,2,0,StadiumSPONGENT-5-20260809-23:07:23-359377|phase3|2|0,5,5,5,spongent,10,,,,0,0-2,1.370056,1.102371,0.225335
1755,1,0.386126,1.043009,0.38728,197,spongent,pair=UAV2<->UAV1; config=StadiumSPONGENT,0.0,1.043009,0.238246,0.0,0.0,0.149034,StadiumSPONGENT,StadiumSPONGENT-5-20260809-23:07:23-359377,2,1,StadiumSPONGENT-5-20260809-23:07:23-359377|phase3|2|1,5,5,5,spongent,10,,,,0,1-2,1.384924,1.082283,0.194187
1756,1,0.473315,2.628321,0.214695,197,spongent,pair=UAV2<->UAV3; config=StadiumSPONGENT,0.631913,0.0,0.0,1.996408,0.214695,0.0,StadiumSPONGENT,StadiumSPONGENT-5-20260809-23:07:23-359377,2,3,StadiumSPONGENT-5-20260809-23:07:23-359377|phase3|2|3,5,5,5,spongent,10,,,,1,2-3,1.386847,1.041796,0.19001
1757,1,0.454523,2.624174,0.212685,197,spongent,pair=UAV2<->UAV4; config=StadiumSPONGENT,0.622706,0.0,0.0,2.001468,0.212685,0.0,StadiumSPONGENT,StadiumSPONGENT-5-20260809-23:07:23-359377,2,4,StadiumSPONGENT-5-20260809-23:07:23-359377|phase3|2|4,5,5,5,spongent,10,,,,1,2-4,1.374293,1.036616,0.202021
1758,1,0.477375,2.646245,0.218664,197,spongent,pair=UAV2<->UAV5; config=StadiumSPONGENT,0.649085,0.0,0.0,1.99716,0.218664,0.0,StadiumSPONGENT,StadiumSPONGENT-5-20260809-23:07:23-359377,2,5,StadiumSPONGENT-5-20260809-23:07:23-359377|phase3|2|5,5,5,5,spongent,10,,,,1,2-5,1.399572,1.039673,0.199157
1759,1,0.457958,2.614395,0.214726,197,spongent,pair=UAV2<->UAV6; config=StadiumSPONGENT,0.619129,0.0,0.0,1.995266,0.214726,0.0,StadiumSPONGENT,StadiumSPONGENT-5-20260809-23:07:23-359377,2,6,StadiumSPONGENT-5-20260809-23:07:23-359377|phase3|2|6,5,5,5,spongent,10,,,,1,2-6,1.379102,1.038831,0.188816
1760,1,0.490956,2.676513,0.211802,197,spongent,pair=UAV2<->UAV7; config=StadiumSPONGENT,0.61407,0.0,0.0,2.062443,0.211802,0.0,StadiumSPONGENT,StadiumSPONGENT-5-20260809-23:07:23-359377,2,7,StadiumSPONGENT-5-20260809-23:07:23-359377|phase3|2|7,5,5,5,spongent,10,,,,1,2-7,1.402738,1.055403,0.207983
1761,1,0.45565,2.615176,0.211072,197,spongent,pair=UAV2<->UAV8; config=StadiumSPONGENT,0.622716,0.0,0.0,1.99246,0.211072,0.0,StadiumSPONGENT,StadiumSPONGENT-5-20260809-23:07:23-359377,2,8,StadiumSPONGENT-5-20260809-23:07:23-359377|phase3|2|8,5,5,5,spongent,10,,,,1,2-8,1.381688,1.034984,0.189878
1762,1,0.493905,2.799134,0.243362,197,spongent,pair=UAV2<->UAV9; config=StadiumSPONGENT,0.610232,0.0,0.0,2.188902,0.243362,0.0,StadiumSPONGENT,StadiumSPONGENT-5-20260809-23:07:23-359377,2,9,StadiumSPONGENT-5-20260809-23:07:23-359377|phase3|2|9,5,5,5,spongent,10,,,,1,2-9,1.452462,1.130013,0.208113
1763,1,0.357205,1.056113,0.400359,197,spongent,pair=UAV3<->UAV0; config=StadiumSPONGENT,0.0,1.056113,0.25848,0.0,0.0,0.14188,StadiumSPONGENT,StadiumSPONGENT-5-20260809-23:07:23-359377,3,0,StadiumSPONGENT-5-20260809-23:07:23-359377|phase3|3|0,5,5,5,spongent,10,,,,0,0-3,1.362743,1.062676,0.191522
1764,1,0.343398,1.044091,0.384783,197,spongent,pair=UAV3<->UAV1; config=StadiumSPONGENT,0.0,1.044091,0.248494,0.0,0.0,0.136289,StadiumSPONGENT,StadiumSPONGENT-5-20260809-23:07:23-359377,3,1,StadiumSPONGENT-5-20260809-23:07:23-359377|phase3|3|1,5,5,5,spongent,10,,,,0,1-3,1.376208,1.039903,0.192232
1765,1,0.36984,1.042899,0.413765,197,spongent,pair=UAV3<->UAV2; config=StadiumSPONGENT,0.0,1.042899,0.25862,0.0,0.0,0.155145,StadiumSPONGENT,StadiumSPONGENT-5-20260809-23:07:23-359377,3,2,StadiumSPONGENT-5-20260809-23:07:23-359377|phase3|3|2,5,5,5,spongent,10,,,,0,2-3,1.563921,1.374024,0.259519
1766,1,0.442855,2.825684,0.214495,197,spongent,pair=UAV3<->UAV4; config=StadiumSPONGENT,0.621854,0.0,0.0,2.20383,0.214495,0.0,StadiumSPONGENT,StadiumSPONGENT-5-20260809-23:07:23-359377,3,4,StadiumSPONGENT-5-20260809-23:07:23-359377|phase3|3|4,5,5,5,spongent,10,,,,1,3-4,1.438374,1.134913,0.2435
1767,1,0.472,2.619765,0.211215,197,spongent,pair=UAV3<->UAV5; config=StadiumSPONGENT,0.622054,0.0,0.0,1.997711,0.211215,0.0,StadiumSPONGENT,StadiumSPONGENT-5-20260809-23:07:23-359377,3,5,StadiumSPONGENT-5-20260809-23:07:23-359377|phase3|3|5,5,5,5,spongent,10,,,,1,3-5,1.382911,1.031556,0.196711
1768,1,0.457128,2.614365,0.215318,197,spongent,pair=UAV3<->UAV6; config=StadiumSPONGENT,0.613929,0.0,0.0,2.000436,0.215318,0.0,StadiumSPONGENT,StadiumSPONGENT-5-20260809-23:07:23-359377,3,6,StadiumSPONGENT-5-20260809-23:07:23-359377|phase3|3|6,5,5,5,spongent,10,,,,1,3-6,1.379233,1.038149,0.19075
1769,1,0.482867,2.671122,0.223515,197,spongent,pair=UAV3<->UAV7; config=StadiumSPONGENT,0.65163,0.0,0.0,2.019492,0.223515,0.0,StadiumSPONGENT,StadiumSPONGENT-5-20260809-23:07:23-359377,3,7,StadiumSPONGENT-5-20260809-23:07:23-359377|phase3|3|7,5,5,5,spongent,10,,,,1,3-7,1.391686,1.066915,0.202503
1770,1,0.451166,2.618903,0.216296,197,spongent,pair=UAV3<->UAV8; config=StadiumSPONGENT,0.621533,0.0,0.0,1.99737,0.216296,0.0,StadiumSPONGENT,StadiumSPONGENT-5-20260809-23:07:23-359377,3,8,StadiumSPONGENT-5-20260809-23:07:23-359377|phase3|3|8,5,5,5,spongent,10,,,,1,3-8,1.380897,1.040294,0.189879
1771,1,0.454753,2.628361,0.212181,197,spongent,pair=UAV3<->UAV9; config=StadiumSPONGENT,0.627124,0.0,0.0,2.001237,0.212181,0.0,StadiumSPONGENT,StadiumSPONGENT-5-20260809-23:07:23-359377,3,9,StadiumSPONGENT-5-20260809-23:07:23-359377|phase3|3|9,5,5,5,spongent,10,,,,1,3-9,1.378972,1.040664,0.193335
1772,1,0.373431,1.04922,0.392575,197,spongent,pair=UAV4<->UAV0; config=StadiumSPONGENT,0.0,1.04922,0.239372,0.0,0.0,0.153203,StadiumSPONGENT,StadiumSPONGENT-5-20260809-23:07:23-359377,4,0,StadiumSPONGENT-5-20260809-23:07:23-359377|phase3|4|0,5,5,5,spongent,10,,,,0,0-4,1.389873,1.056744,0.2013
1773,1,0.421146,1.105096,0.404286,197,spongent,pair=UAV4<->UAV1; config=StadiumSPONGENT,0.0,1.105096,0.229915,0.0,0.0,0.17437,StadiumSPONGENT,StadiumSPONGENT-5-20260809-23:07:23-359377,4,1,StadiumSPONGENT-5-20260809-23:07:23-359377|phase3|4|1,5,5,5,spongent,10,,,,0,1-4,1.517695,1.138719,0.238491
1774,1,0.353246,1.056574,0.382399,197,spongent,pair=UAV4<->UAV2; config=StadiumSPONGENT,0.0,1.056574,0.241838,0.0,0.0,0.140561,StadiumSPONGENT,StadiumSPONGENT-5-20260809-23:07:23-359377,4,2,StadiumSPONGENT-5-20260809-23:07:23-359377|phase3|4|2,5,5,5,spongent,10,,,,0,2-4,1.367701,1.044082,0.194497
1775,1,0.348229,1.08646,0.362095,197,spongent,pair=UAV4<->UAV3; config=StadiumSPONGENT,0.0,1.08646,0.228361,0.0,0.0,0.133734,StadiumSPONGENT,StadiumSPONGENT-5-20260809-23:07:23-359377,4,3,StadiumSPONGENT-5-20260809-23:07:23-359377|phase3|4|3,5,5,5,spongent,10,,,,0,3-4,1.394843,1.037238,0.229202
1776,1,0.445393,2.831774,0.217586,197,spongent,pair=UAV4<->UAV5; config=StadiumSPONGENT,0.625039,0.0,0.0,2.206735,0.217586,0.0,StadiumSPONGENT,StadiumSPONGENT-5-20260809-23:07:23-359377,4,5,StadiumSPONGENT-5-20260809-23:07:23-359377|phase3|4|5,5,5,5,spongent,10,,,,1,4-5,1.575344,1.039963,0.207481
1777,1,0.459137,2.773044,0.221321,197,spongent,pair=UAV4<->UAV6; config=StadiumSPONGENT,0.613297,0.0,0.0,2.159747,0.221321,0.0,StadiumSPONGENT,StadiumSPONGENT-5-20260809-23:07:23-359377,4,6,StadiumSPONGENT-5-20260809-23:07:23-359377|phase3|4|6,5,5,5,spongent,10,,,,1,4-6,1.528795,1.039642,0.19564
1778,1,0.497432,2.742447,0.263687,197,spongent,pair=UAV4<->UAV7; config=StadiumSPONGENT,0.630801,0.0,0.0,2.111646,0.263687,0.0,StadiumSPONGENT,StadiumSPONGENT-5-20260809-23:07:23-359377,4,7,StadiumSPONGENT-5-20260809-23:07:23-359377|phase3|4|7,5,5,5,spongent,10,,,,1,4-7,1.474092,1.059841,0.200068
1779,1,0.452709,2.656986,0.207062,197,spongent,pair=UAV4<->UAV8; config=StadiumSPONGENT,0.625441,0.0,0.0,2.031545,0.207062,0.0,StadiumSPONGENT,StadiumSPONGENT-5-20260809-23:07:23-359377,4,8,StadiumSPONGENT-5-20260809-23:07:23-359377|phase3|4|8,5,5,5,spongent,10,,,,1,4-8,1.417186,1.037007,0.193175
1780,1,0.468893,2.594949,0.223852,197,spongent,pair=UAV4<->UAV9; config=StadiumSPONGENT,0.608609,0.0,0.0,1.98634,0.223852,0.0,StadiumSPONGENT,StadiumSPONGENT-5-20260809-23:07:23-359377,4,9,StadiumSPONGENT-5-20260809-23:07:23-359377|phase3|4|9,5,5,5,spongent,10,,,,1,4-9,1.364126,1.033851,0.190339
1781,1,0.351423,1.053248,0.379305,197,spongent,pair=UAV5<->UAV0; config=StadiumSPONGENT,0.0,1.053248,0.23409,0.0,0.0,0.145215,StadiumSPONGENT,StadiumSPONGENT-5-20260809-23:07:23-359377,5,0,StadiumSPONGENT-5-20260809-23:07:23-359377|phase3|5|0,5,5,5,spongent,10,,,,0,0-5,1.368152,1.050533,0.19094
1782,1,0.366899,1.052507,0.388507,197,spongent,pair=UAV5<->UAV1; config=StadiumSPONGENT,0.0,1.052507,0.239174,0.0,0.0,0.149334,StadiumSPONGENT,StadiumSPONGENT-5-20260809-23:07:23-359377,5,1,StadiumSPONGENT-5-20260809-23:07:23-359377|phase3|5|1,5,5,5,spongent,10,,,,0,1-5,1.405093,1.078125,0.194858
1783,1,0.362239,1.073035,0.402285,197,spongent,pair=UAV5<->UAV2; config=StadiumSPONGENT,0.0,1.073035,0.25871,0.0,0.0,0.143575,StadiumSPONGENT,StadiumSPONGENT-5-20260809-23:07:23-359377,5,2,StadiumSPONGENT-5-20260809-23:07:23-359377|phase3|5|2,5,5,5,spongent,10,,,,0,2-5,1.390013,1.066294,0.191902
1784,1,0.374839,1.053949,0.424409,197,spongent,pair=UAV5<->UAV3; config=StadiumSPONGENT,0.0,1.053949,0.260785,0.0,0.0,0.163624,StadiumSPONGENT,StadiumSPONGENT-5-20260809-23:07:23-359377,5,3,StadiumSPONGENT-5-20260809-23:07:23-359377|phase3|5|3,5,5,5,spongent,10,,,,0,3-5,1.374624,1.041216,0.197413
1785,1,0.357784,1.046055,0.368005,197,spongent,pair=UAV5<->UAV4; config=StadiumSPONGENT,0.0,1.046055,0.227807,0.0,0.0,0.140198,StadiumSPONGENT,StadiumSPONGENT-5-20260809-23:07:23-359377,5,4,StadiumSPONGENT-5-20260809-23:07:23-359377|phase3|5|4,5,5,5,spongent,10,,,,0,4-5,1.373674,1.037067,0.193365
1786,1,0.453382,2.633961,0.214835,197,spongent,pair=UAV5<->UAV6; config=StadiumSPONGENT,0.635529,0.0,0.0,1.998432,0.214835,0.0,StadiumSPONGENT,StadiumSPONGENT-5-20260809-23:07:23-359377,5,6,StadiumSPONGENT-5-20260809-23:07:23-359377|phase3|5|6,5,5,5,spongent,10,,,,1,5-6,1.376097,1.04932,0.198724
1787,1,0.520417,2.644151,0.253886,197,spongent,pair=UAV5<->UAV7; config=StadiumSPONGENT,0.623858,0.0,0.0,2.020293,0.253886,0.0,StadiumSPONGENT,StadiumSPONGENT-5-20260809-23:07:23-359377,5,7,StadiumSPONGENT-5-20260809-23:07:23-359377|phase3|5|7,5,5,5,spongent,10,,,,1,5-7,1.400814,1.042147,0.191291
1788,1,0.467265,2.604357,0.232988,197,spongent,pair=UAV5<->UAV8; config=StadiumSPONGENT,0.613799,0.0,0.0,1.990558,0.232988,0.0,StadiumSPONGENT,StadiumSPONGENT-5-20260809-23:07:23-359377,5,8,StadiumSPONGENT-5-20260809-23:07:23-359377|phase3|5|8,5,5,5,spongent,10,,,,1,5-8,1.365447,1.03316,0.197223
1789,1,0.438506,2.625807,0.206571,197,spongent,pair=UAV5<->UAV9; config=StadiumSPONGENT,0.619951,0.0,0.0,2.005856,0.206571,0.0,StadiumSPONGENT,StadiumSPONGENT-5-20260809-23:07:23-359377,5,9,StadiumSPONGENT-5-20260809-23:07:23-359377|phase3|5|9,5,5,5,spongent,10,,,,1,5-9,1.374845,1.034522,0.207541
1790,1,0.35507,1.050934,0.419269,197,spongent,pair=UAV6<->UAV0; config=StadiumSPONGENT,0.0,1.050934,0.26862,0.0,0.0,0.150649,StadiumSPONGENT,StadiumSPONGENT-5-20260809-23:07:23-359377,6,0,StadiumSPONGENT-5-20260809-23:07:23-359377|phase3|6|0,5,5,5,spongent,10,,,,0,0-6,1.523526,1.179697,0.235896
1791,1,0.351482,1.050754,0.372735,197,spongent,pair=UAV6<->UAV1; config=StadiumSPONGENT,0.0,1.050754,0.238309,0.0,0.0,0.134425,StadiumSPONGENT,StadiumSPONGENT-5-20260809-23:07:23-359377,6,1,StadiumSPONGENT-5-20260809-23:07:23-359377|phase3|6|1,5,5,5,spongent,10,,,,0,1-6,1.382569,1.050242,0.190139
1792,1,0.392441,1.057826,0.420946,197,spongent,pair=UAV6<->UAV2; config=StadiumSPONGENT,0.0,1.057826,0.243231,0.0,0.0,0.177715,StadiumSPONGENT,StadiumSPONGENT-5-20260809-23:07:23-359377,6,2,StadiumSPONGENT-5-20260809-23:07:23-359377|phase3|6|2,5,5,5,spongent,10,,,,0,2-6,1.381038,1.047087,0.192613
1793,1,0.388961,1.066683,0.415453,197,spongent,pair=UAV6<->UAV3; config=StadiumSPONGENT,0.0,1.066683,0.24181,0.0,0.0,0.173643,StadiumSPONGENT,StadiumSPONGENT-5-20260809-23:07:23-359377,6,3,StadiumSPONGENT-5-20260809-23:07:23-359377|phase3|6|3,5,5,5,spongent,10,,,,0,3-6,1.380565,1.046435,0.203544
1794,1,0.355713,1.058819,0.372209,197,spongent,pair=UAV6<->UAV4; config=StadiumSPONGENT,0.0,1.058819,0.237816,0.0,0.0,0.134392,StadiumSPONGENT,StadiumSPONGENT-5-20260809-23:07:23-359377,6,4,StadiumSPONGENT-5-20260809-23:07:23-359377|phase3|6|4,5,5,5,spongent,10,,,,0,4-6,1.386839,1.053248,0.209084
1795,1,0.352225,1.045663,0.375936,197,spongent,pair=UAV6<->UAV5; config=StadiumSPONGENT,0.0,1.045663,0.238547,0.0,0.0,0.13739,StadiumSPONGENT,StadiumSPONGENT-5-20260809-23:07:23-359377,6,5,StadiumSPONGENT-5-20260809-23:07:23-359377|phase3|6|5,5,5,5,spongent,10,,,,0,5-6,1.370817,1.045583,0.189347
1796,1,0.492495,2.635586,0.223681,197,spongent,pair=UAV6<->UAV7; config=StadiumSPONGENT,0.611615,0.0,0.0,2.023971,0.223681,0.0,StadiumSPONGENT,StadiumSPONGENT-5-20260809-23:07:23-359377,6,7,StadiumSPONGENT-5-20260809-23:07:23-359377|phase3|6|7,5,5,5,spongent,10,,,,1,6-7,1.367882,1.068998,0.190218
1797,1,0.458063,2.692832,0.224018,197,spongent,pair=UAV6<->UAV8; config=StadiumSPONGENT,0.635429,0.0,0.0,2.057403,0.224018,0.0,StadiumSPONGENT,StadiumSPONGENT-5-20260809-23:07:23-359377,6,8,StadiumSPONGENT-5-20260809-23:07:23-359377|phase3|6|8,5,5,5,spongent,10,,,,1,6-8,1.374866,1.110366,0.194056
1798,1,0.479926,2.623351,0.236019,197,spongent,pair=UAV6<->UAV9; config=StadiumSPONGENT,0.632443,0.0,0.0,1.990908,0.236019,0.0,StadiumSPONGENT,StadiumSPONGENT-5-20260809-23:07:23-359377,6,9,StadiumSPONGENT-5-20260809-23:07:23-359377|phase3|6|9,5,5,5,spongent,10,,,,1,6-9,1.379604,1.044391,0.189639
1799,1,0.354874,1.050092,0.376031,197,spongent,pair=UAV7<->UAV0; config=StadiumSPONGENT,0.0,1.050092,0.237985,0.0,0.0,0.138046,StadiumSPONGENT,StadiumSPONGENT-5-20260809-23:07:23-359377,7,0,StadiumSPONGENT-5-20260809-23:07:23-359377|phase3|7|0,5,5,5,spongent,10,,,,0,0-7,1.366409,1.070941,0.190229
1800,1,0.402075,1.052947,0.38941,197,spongent,pair=UAV7<->UAV1; config=StadiumSPONGENT,0.0,1.052947,0.227758,0.0,0.0,0.161652,StadiumSPONGENT,StadiumSPONGENT-5-20260809-23:07:23-359377,7,1,StadiumSPONGENT-5-20260809-23:07:23-359377|phase3|7|1,5,5,5,spongent,10,,,,0,1-7,1.610771,1.270097,0.261774
1801,1,0.358454,1.041796,0.425806,197,spongent,pair=UAV7<->UAV2; config=StadiumSPONGENT,0.0,1.041796,0.279154,0.0,0.0,0.146652,StadiumSPONGENT,StadiumSPONGENT-5-20260809-23:07:23-359377,7,2,StadiumSPONGENT-5-20260809-23:07:23-359377|phase3|7|2,5,5,5,spongent,10,,,,0,2-7,1.370056,1.03255,0.189338
1802,1,0.392035,1.051756,0.427873,197,spongent,pair=UAV7<->UAV3; config=StadiumSPONGENT,0.0,1.051756,0.259352,0.0,0.0,0.16852,StadiumSPONGENT,StadiumSPONGENT-5-20260809-23:07:23-359377,7,3,StadiumSPONGENT-5-20260809-23:07:23-359377|phase3|7|3,5,5,5,spongent,10,,,,0,3-7,1.524789,1.352093,0.250082
1803,1,0.407658,1.050102,0.377715,197,spongent,pair=UAV7<->UAV4; config=StadiumSPONGENT,0.0,1.050102,0.233744,0.0,0.0,0.143971,StadiumSPONGENT,StadiumSPONGENT-5-20260809-23:07:23-359377,7,4,StadiumSPONGENT-5-20260809-23:07:23-359377|phase3|7|4,5,5,5,spongent,10,,,,0,4-7,1.385506,1.111057,0.194407
1804,1,0.400114,1.044431,0.41276,197,spongent,pair=UAV7<->UAV5; config=StadiumSPONGENT,0.0,1.044431,0.266532,0.0,0.0,0.146228,StadiumSPONGENT,StadiumSPONGENT-5-20260809-23:07:23-359377,7,5,StadiumSPONGENT-5-20260809-23:07:23-359377|phase3|7|5,5,5,5,spongent,10,,,,0,5-7,1.458143,1.102992,0.244051
1805,1,0.379215,1.046305,0.424347,197,spongent,pair=UAV7<->UAV6; config=StadiumSPONGENT,0.0,1.046305,0.268813,0.0,0.0,0.155534,StadiumSPONGENT,StadiumSPONGENT-5-20260809-23:07:23-359377,7,6,StadiumSPONGENT-5-20260809-23:07:23-359377|phase3|7|6,5,5,5,spongent,10,,,,0,6-7,1.370196,1.054271,0.193105
1806,1,0.448292,2.615847,0.217696,197,spongent,pair=UAV7<->UAV8; config=StadiumSPONGENT,0.610462,0.0,0.0,2.005385,0.217696,0.0,StadiumSPONGENT,StadiumSPONGENT-5-20260809-23:07:23-359377,7,8,StadiumSPONGENT-5-20260809-23:07:23-359377|phase3|7|8,5,5,5,spongent,10,,,,1,7-8,1.371148,1.044081,0.191241
1807,1,0.459183,2.614945,0.217083,197,spongent,pair=UAV7<->UAV9; config=StadiumSPONGENT,0.621322,0.0,0.0,1.993623,0.217083,0.0,StadiumSPONGENT,StadiumSPONGENT-5-20260809-23:07:23-359377,7,9,StadiumSPONGENT-5-20260809-23:07:23-359377|phase3|7|9,5,5,5,spongent,10,,,,1,7-9,1.368694,1.039623,0.196691
1808,1,0.370514,1.062306,0.409005,197,spongent,pair=UAV8<->UAV0; config=StadiumSPONGENT,0.0,1.062306,0.250076,0.0,0.0,0.15893,StadiumSPONGENT,StadiumSPONGENT-5-20260809-23:07:23-359377,8,0,StadiumSPONGENT-5-20260809-23:07:23-359377|phase3|8|0,5,5,5,spongent,10,,,,0,0-8,1.368753,1.050162,0.247397
1809,1,0.38827,1.05397,0.405723,197,spongent,pair=UAV8<->UAV1; config=StadiumSPONGENT,0.0,1.05397,0.232063,0.0,0.0,0.17366,StadiumSPONGENT,StadiumSPONGENT-5-20260809-23:07:23-359377,8,1,StadiumSPONGENT-5-20260809-23:07:23-359377|phase3|8|1,5,5,5,spongent,10,,,,0,1-8,1.379685,1.041437,0.192904
1810,1,0.375325,1.051685,0.408831,197,spongent,pair=UAV8<->UAV2; config=StadiumSPONGENT,0.0,1.051685,0.244578,0.0,0.0,0.164253,StadiumSPONGENT,StadiumSPONGENT-5-20260809-23:07:23-359377,8,2,StadiumSPONGENT-5-20260809-23:07:23-359377|phase3|8|2,5,5,5,spongent,10,,,,0,2-8,1.357412,1.054682,0.190991
1811,1,0.363938,1.0435,0.382513,197,spongent,pair=UAV8<->UAV3; config=StadiumSPONGENT,0.0,1.0435,0.23487,0.0,0.0,0.147643,StadiumSPONGENT,StadiumSPONGENT-5-20260809-23:07:23-359377,8,3,StadiumSPONGENT-5-20260809-23:07:23-359377|phase3|8|3,5,5,5,spongent,10,,,,0,3-8,1.370326,1.039142,0.19111
1812,1,0.351539,1.042658,0.390125,197,spongent,pair=UAV8<->UAV4; config=StadiumSPONGENT,0.0,1.042658,0.245647,0.0,0.0,0.144478,StadiumSPONGENT,StadiumSPONGENT-5-20260809-23:07:23-359377,8,4,StadiumSPONGENT-5-20260809-23:07:23-359377|phase3|8|4,5,5,5,spongent,10,,,,0,4-8,1.368393,1.051846,0.188756
1813,1,0.391125,1.04363,0.392413,197,spongent,pair=UAV8<->UAV5; config=StadiumSPONGENT,0.0,1.04363,0.234277,0.0,0.0,0.158137,StadiumSPONGENT,StadiumSPONGENT-5-20260809-23:07:23-359377,8,5,StadiumSPONGENT-5-20260809-23:07:23-359377|phase3|8|5,5,5,5,spongent,10,,,,0,5-8,1.418819,1.193694,0.19537
1814,1,0.366932,1.048739,0.376959,197,spongent,pair=UAV8<->UAV6; config=StadiumSPONGENT,0.0,1.048739,0.234045,0.0,0.0,0.142914,StadiumSPONGENT,StadiumSPONGENT-5-20260809-23:07:23-359377,8,6,StadiumSPONGENT-5-20260809-23:07:23-359377|phase3|8|6,5,5,5,spongent,10,,,,0,6-8,1.3671,1.057546,0.189727
1815,1,0.351354,1.068497,0.364255,197,spongent,pair=UAV8<->UAV7; config=StadiumSPONGENT,0.0,1.068497,0.230597,0.0,0.0,0.133658,StadiumSPONGENT,StadiumSPONGENT-5-20260809-23:07:23-359377,8,7,StadiumSPONGENT-5-20260809-23:07:23-359377|phase3|8|7,5,5,5,spongent,10,,,,0,7-8,1.426201,1.040594,0.232059
1816,1,0.492288,2.625876,0.234923,197,spongent,pair=UAV8<->UAV9; config=StadiumSPONGENT,0.628847,0.0,0.0,1.997029,0.234923,0.0,StadiumSPONGENT,StadiumSPONGENT-5-20260809-23:07:23-359377,8,9,StadiumSPONGENT-5-20260809-23:07:23-359377|phase3|8|9,5,5,5,spongent,10,,,,1,8-9,1.383281,1.03826,0.19127
1817,1,0.417084,1.097782,0.44104,197,spongent,pair=UAV9<->UAV0; config=StadiumSPONGENT,0.0,1.097782,0.258457,0.0,0.0,0.182583,StadiumSPONGENT,StadiumSPONGENT-5-20260809-23:07:23-359377,9,0,StadiumSPONGENT-5-20260809-23:07:23-359377|phase3|9|0,5,5,5,spongent,10,,,,0,0-9,1.418767,1.061905,0.214023
1818,1,0.359153,1.068607,0.38241,197,spongent,pair=UAV9<->UAV1; config=StadiumSPONGENT,0.0,1.068607,0.230928,0.0,0.0,0.151482,StadiumSPONGENT,StadiumSPONGENT-5-20260809-23:07:23-359377,9,1,StadiumSPONGENT-5-20260809-23:07:23-359377|phase3|9|1,5,5,5,spongent,10,,,,0,1-9,1.376669,1.030695,0.209195
1819,1,0.387074,1.21837,0.394256,197,spongent,pair=UAV9<->UAV2; config=StadiumSPONGENT,0.0,1.21837,0.250543,0.0,0.0,0.143712,StadiumSPONGENT,StadiumSPONGENT-5-20260809-23:07:23-359377,9,2,StadiumSPONGENT-5-20260809-23:07:23-359377|phase3|9|2,5,5,5,spongent,10,,,,0,2-9,1.517062,1.040124,0.223813
1820,1,0.369551,1.088535,0.399942,197,spongent,pair=UAV9<->UAV3; config=StadiumSPONGENT,0.0,1.088535,0.242573,0.0,0.0,0.15737,StadiumSPONGENT,StadiumSPONGENT-5-20260809-23:07:23-359377,9,3,StadiumSPONGENT-5-20260809-23:07:23-359377|phase3|9|3,5,5,5,spongent,10,,,,0,3-9,1.48866,1.041366,0.202112
1821,1,0.366936,1.056083,0.388125,197,spongent,pair=UAV9<->UAV4; config=StadiumSPONGENT,0.0,1.056083,0.245041,0.0,0.0,0.143084,StadiumSPONGENT,StadiumSPONGENT-5-20260809-23:07:23-359377,9,4,StadiumSPONGENT-5-20260809-23:07:23-359377|phase3|9|4,5,5,5,spongent,10,,,,0,4-9,1.576486,1.171851,0.2378
1822,1,0.354684,1.045764,0.380049,197,spongent,pair=UAV9<->UAV5; config=StadiumSPONGENT,0.0,1.045764,0.231935,0.0,0.0,0.148113,StadiumSPONGENT,StadiumSPONGENT-5-20260809-23:07:23-359377,9,5,StadiumSPONGENT-5-20260809-23:07:23-359377|phase3|9|5,5,5,5,spongent,10,,,,0,5-9,1.370297,1.039944,0.189928
1823,1,0.371885,1.044892,0.379772,197,spongent,pair=UAV9<->UAV6; config=StadiumSPONGENT,0.0,1.044892,0.243907,0.0,0.0,0.135866,StadiumSPONGENT,StadiumSPONGENT-5-20260809-23:07:23-359377,9,6,StadiumSPONGENT-5-20260809-23:07:23-359377|phase3|9|6,5,5,5,spongent,10,,,,0,6-9,1.364756,1.051485,0.191522
1824,1,0.392107,1.048028,0.417123,197,spongent,pair=UAV9<->UAV7; config=StadiumSPONGENT,0.0,1.048028,0.2421,0.0,0.0,0.175023,StadiumSPONGENT,StadiumSPONGENT-5-20260809-23:07:23-359377,9,7,StadiumSPONGENT-5-20260809-23:07:23-359377|phase3|9|7,5,5,5,spongent,10,,,,0,7-9,1.374885,1.041385,0.190801
1825,1,0.40063,1.255711,0.423072,197,spongent,pair=UAV9<->UAV8; config=StadiumSPONGENT,0.0,1.255711,0.257365,0.0,0.0,0.165707,StadiumSPONGENT,StadiumSPONGENT-5-20260809-23:07:23-359377,9,8,StadiumSPONGENT-5-20260809-23:07:23-359377|phase3|9|8,5,5,5,spongent,10,,,,0,8-9,1.715537,1.376057,0.249491
1826,1,0.461636,2.981397,0.229002,197,spongent,pair=UAV0<->UAV1; config=StadiumSPONGENT,0.63606,0.0,0.0,2.345337,0.229002,0.0,StadiumSPONGENT,StadiumSPONGENT-6-20260809-23:07:23-359377,0,1,StadiumSPONGENT-6-20260809-23:07:23-359377|phase3|0|1,6,6,6,spongent,10,,,,1,0-1,1.710007,1.050914,0.209626
1827,1,0.464969,2.631347,0.229288,197,spongent,pair=UAV0<->UAV2; config=StadiumSPONGENT,0.627294,0.0,0.0,2.004053,0.229288,0.0,StadiumSPONGENT,StadiumSPONGENT-6-20260809-23:07:23-359377,0,2,StadiumSPONGENT-6-20260809-23:07:23-359377|phase3|0|2,6,6,6,spongent,10,,,,1,0-2,1.371569,1.049952,0.201821
1828,1,0.441663,2.638871,0.206972,197,spongent,pair=UAV0<->UAV3; config=StadiumSPONGENT,0.6253,0.0,0.0,2.013571,0.206972,0.0,StadiumSPONGENT,StadiumSPONGENT-6-20260809-23:07:23-359377,0,3,StadiumSPONGENT-6-20260809-23:07:23-359377|phase3|0|3,6,6,6,spongent,10,,,,1,0-3,1.393632,1.042398,0.19582
1829,1,0.453002,2.631819,0.211199,197,spongent,pair=UAV0<->UAV4; config=StadiumSPONGENT,0.622536,0.0,0.0,2.009283,0.211199,0.0,StadiumSPONGENT,StadiumSPONGENT-6-20260809-23:07:23-359377,0,4,StadiumSPONGENT-6-20260809-23:07:23-359377|phase3|0|4,6,6,6,spongent,10,,,,1,0-4,1.390044,1.041255,0.193305
1830,1,0.461904,2.709814,0.227633,197,spongent,pair=UAV0<->UAV5; config=StadiumSPONGENT,0.661127,0.0,0.0,2.048687,0.227633,0.0,StadiumSPONGENT,StadiumSPONGENT-6-20260809-23:07:23-359377,0,5,StadiumSPONGENT-6-20260809-23:07:23-359377|phase3|0|5,6,6,6,spongent,10,,,,1,0-5,1.405854,1.093735,0.199366
1831,1,0.4748,2.626749,0.211491,197,spongent,pair=UAV0<->UAV6; config=StadiumSPONGENT,0.624058,0.0,0.0,2.002691,0.211491,0.0,StadiumSPONGENT,StadiumSPONGENT-6-20260809-23:07:23-359377,0,6,StadiumSPONGENT-6-20260809-23:07:23-359377|phase3|0|6,6,6,6,spongent,10,,,,1,0-6,1.384393,1.047006,0.188927
1832,1,0.443866,2.623983,0.215055,197,spongent,pair=UAV0<->UAV7; config=StadiumSPONGENT,0.623076,0.0,0.0,2.000907,0.215055,0.0,StadiumSPONGENT,StadiumSPONGENT-6-20260809-23:07:23-359377,0,7,StadiumSPONGENT-6-20260809-23:07:23-359377|phase3|0|7,6,6,6,spongent,10,,,,1,0-7,1.375245,1.047698,0.194548
1833,1,0.474535,2.731987,0.231245,197,spongent,pair=UAV0<->UAV8; config=StadiumSPONGENT,0.732322,0.0,0.0,1.999665,0.231245,0.0,StadiumSPONGENT,StadiumSPONGENT-6-20260809-23:07:23-359377,0,8,StadiumSPONGENT-6-20260809-23:07:23-359377|phase3|0|8,6,6,6,spongent,10,,,,1,0-8,1.474642,1.051595,0.193836
1834,1,0.450312,2.665481,0.215726,197,spongent,pair=UAV0<->UAV9; config=StadiumSPONGENT,0.666648,0.0,0.0,1.998833,0.215726,0.0,StadiumSPONGENT,StadiumSPONGENT-6-20260809-23:07:23-359377,0,9,StadiumSPONGENT-6-20260809-23:07:23-359377|phase3|0|9,6,6,6,spongent,10,,,,1,0-9,1.385596,1.063888,0.205768
1835,1,0.401431,1.045083,0.405062,197,spongent,pair=UAV1<->UAV0; config=StadiumSPONGENT,0.0,1.045083,0.232634,0.0,0.0,0.172429,StadiumSPONGENT,StadiumSPONGENT-6-20260809-23:07:23-359377,1,0,StadiumSPONGENT-6-20260809-23:07:23-359377|phase3|1|0,6,6,6,spongent,10,,,,0,0-1,1.379484,1.0546,0.191171
1836,1,0.467989,2.619145,0.222418,197,spongent,pair=UAV1<->UAV2; config=StadiumSPONGENT,0.615272,0.0,0.0,2.003873,0.222418,0.0,StadiumSPONGENT,StadiumSPONGENT-6-20260809-23:07:23-359377,1,2,StadiumSPONGENT-6-20260809-23:07:23-359377|phase3|1|2,6,6,6,spongent,10,,,,1,1-2,1.374476,1.042548,0.194978
1837,1,0.45959,2.628742,0.219717,197,spongent,pair=UAV1<->UAV3; config=StadiumSPONGENT,0.631933,0.0,0.0,1.996809,0.219717,0.0,StadiumSPONGENT,StadiumSPONGENT-6-20260809-23:07:23-359377,1,3,StadiumSPONGENT-6-20260809-23:07:23-359377|phase3|1|3,6,6,6,spongent,10,,,,1,1-3,1.374195,1.056173,0.191451
1838,1,0.450541,2.672504,0.211009,197,spongent,pair=UAV1<->UAV4; config=StadiumSPONGENT,0.633365,0.0,0.0,2.039139,0.211009,0.0,StadiumSPONGENT,StadiumSPONGENT-6-20260809-23:07:23-359377,1,4,StadiumSPONGENT-6-20260809-23:07:23-359377|phase3|1|4,6,6,6,spongent,10,,,,1,1-4,1.390995,1.077775,0.1958
1839,1,0.51197,2.63842,0.273054,197,spongent,pair=UAV1<->UAV5; config=StadiumSPONGENT,0.637373,0.0,0.0,2.001047,0.273054,0.0,StadiumSPONGENT,StadiumSPONGENT-6-20260809-23:07:23-359377,1,5,StadiumSPONGENT-6-20260809-23:07:23-359377|phase3|1|5,6,6,6,spongent,10,,,,1,1-5,1.397358,1.037338,0.194235
1840,1,0.461555,2.667625,0.207111,197,spongent,pair=UAV1<->UAV6; config=StadiumSPONGENT,0.667219,0.0,0.0,2.000406,0.207111,0.0,StadiumSPONGENT,StadiumSPONGENT-6-20260809-23:07:23-359377,1,6,StadiumSPONGENT-6-20260809-23:07:23-359377|phase3|1|6,6,6,6,spongent,10,,,,1,1-6,1.376819,1.078806,0.201781
1841,1,0.458734,2.747487,0.230699,197,spongent,pair=UAV1<->UAV7; config=StadiumSPONGENT,0.726001,0.0,0.0,2.021486,0.230699,0.0,StadiumSPONGENT,StadiumSPONGENT-6-20260809-23:07:23-359377,1,7,StadiumSPONGENT-6-20260809-23:07:23-359377|phase3|1|7,6,6,6,spongent,10,,,,1,1-7,1.506774,1.041606,0.190028
1842,1,0.473664,2.772704,0.219907,197,spongent,pair=UAV1<->UAV8; config=StadiumSPONGENT,0.779351,0.0,0.0,1.993353,0.219907,0.0,StadiumSPONGENT,StadiumSPONGENT-6-20260809-23:07:23-359377,1,8,StadiumSPONGENT-6-20260809-23:07:23-359377|phase3|1|8,6,6,6,spongent,10,,,,1,1-8,1.401665,1.132487,0.228992
1843,1,0.472143,2.623582,0.209728,197,spongent,pair=UAV1<->UAV9; config=StadiumSPONGENT,0.627735,0.0,0.0,1.995847,0.209728,0.0,StadiumSPONGENT,StadiumSPONGENT-6-20260809-23:07:23-359377,1,9,StadiumSPONGENT-6-20260809-23:07:23-359377|phase3|1|9,6,6,6,spongent,10,,,,1,1-9,1.373842,1.04897,0.192012
1844,1,0.373384,1.057907,0.379777,197,spongent,pair=UAV2<->UAV0; config=StadiumSPONGENT,0.0,1.057907,0.235681,0.0,0.0,0.144096,StadiumSPONGENT,StadiumSPONGENT-6-20260809-23:07:23-359377,2,0,StadiumSPONGENT-6-20260809-23:07:23-359377|phase3|2|0,6,6,6,spongent,10,,,,0,0-2,1.385666,1.051185,0.193336
1845,1,0.380027,1.050924,0.40318,197,spongent,pair=UAV2<->UAV1; config=StadiumSPONGENT,0.0,1.050924,0.245571,0.0,0.0,0.157609,StadiumSPONGENT,StadiumSPONGENT-6-20260809-23:07:23-359377,2,1,StadiumSPONGENT-6-20260809-23:07:23-359377|phase3|2|1,6,6,6,spongent,10,,,,0,1-2,1.381528,1.042317,0.189978
1846,1,0.480876,2.638981,0.214401,197,spongent,pair=UAV2<->UAV3; config=StadiumSPONGENT,0.622946,0.0,0.0,2.016035,0.214401,0.0,StadiumSPONGENT,StadiumSPONGENT-6-20260809-23:07:23-359377,2,3,StadiumSPONGENT-6-20260809-23:07:23-359377|phase3|2|3,6,6,6,spongent,10,,,,1,2-3,1.390886,1.045033,0.196251
1847,1,0.478963,2.629553,0.222883,197,spongent,pair=UAV2<->UAV4; config=StadiumSPONGENT,0.616593,0.0,0.0,2.01296,0.222883,0.0,StadiumSPONGENT,StadiumSPONGENT-6-20260809-23:07:23-359377,2,4,StadiumSPONGENT-6-20260809-23:07:23-359377|phase3|2|4,6,6,6,spongent,10,,,,1,2-4,1.391707,1.040404,0.189838
1848,1,0.467979,2.869767,0.226381,197,spongent,pair=UAV2<->UAV5; config=StadiumSPONGENT,0.655708,0.0,0.0,2.214059,0.226381,0.0,StadiumSPONGENT,StadiumSPONGENT-6-20260809-23:07:23-359377,2,5,StadiumSPONGENT-6-20260809-23:07:23-359377|phase3|2|5,6,6,6,spongent,10,,,,1,2-5,1.451691,1.155691,0.25483
1849,1,0.464136,2.631457,0.221534,197,spongent,pair=UAV2<->UAV6; config=StadiumSPONGENT,0.628827,0.0,0.0,2.00263,0.221534,0.0,StadiumSPONGENT,StadiumSPONGENT-6-20260809-23:07:23-359377,2,6,StadiumSPONGENT-6-20260809-23:07:23-359377|phase3|2|6,6,6,6,spongent,10,,,,1,2-6,1.38283,1.043599,0.197011
1850,1,0.443985,2.608553,0.213832,197,spongent,pair=UAV2<->UAV7; config=StadiumSPONGENT,0.611133,0.0,0.0,1.99742,0.213832,0.0,StadiumSPONGENT,StadiumSPONGENT-6-20260809-23:07:23-359377,2,7,StadiumSPONGENT-6-20260809-23:07:23-359377|phase3|2|7,6,6,6,spongent,10,,,,1,2-7,1.373973,1.03819,0.189769
1851,1,0.487357,2.63858,0.232283,197,spongent,pair=UAV2<->UAV8; config=StadiumSPONGENT,0.630931,0.0,0.0,2.007649,0.232283,0.0,StadiumSPONGENT,StadiumSPONGENT-6-20260809-23:07:23-359377,2,8,StadiumSPONGENT-6-20260809-23:07:23-359377|phase3|2|8,6,6,6,spongent,10,,,,1,2-8,1.375748,1.051275,0.204406
1852,1,0.483674,2.629062,0.240755,197,spongent,pair=UAV2<->UAV9; config=StadiumSPONGENT,0.622605,0.0,0.0,2.006457,0.240755,0.0,StadiumSPONGENT,StadiumSPONGENT-6-20260809-23:07:23-359377,2,9,StadiumSPONGENT-6-20260809-23:07:23-359377|phase3|2|9,6,6,6,spongent,10,,,,1,2-9,1.382911,1.049642,0.189657
1853,1,0.356912,1.053769,0.384631,197,spongent,pair=UAV3<->UAV0; config=StadiumSPONGENT,0.0,1.053769,0.234691,0.0,0.0,0.14994,StadiumSPONGENT,StadiumSPONGENT-6-20260809-23:07:23-359377,3,0,StadiumSPONGENT-6-20260809-23:07:23-359377|phase3|3|0,6,6,6,spongent,10,,,,0,0-3,1.385536,1.044792,0.190279
1854,1,0.376557,1.052266,0.396713,197,spongent,pair=UAV3<->UAV1; config=StadiumSPONGENT,0.0,1.052266,0.239873,0.0,0.0,0.15684,StadiumSPONGENT,StadiumSPONGENT-6-20260809-23:07:23-359377,3,1,StadiumSPONGENT-6-20260809-23:07:23-359377|phase3|3|1,6,6,6,spongent,10,,,,0,1-3,1.384764,1.066603,0.198414
1855,1,0.378766,1.050313,0.430841,197,spongent,pair=UAV3<->UAV2; config=StadiumSPONGENT,0.0,1.050313,0.266476,0.0,0.0,0.164365,StadiumSPONGENT,StadiumSPONGENT-6-20260809-23:07:23-359377,3,2,StadiumSPONGENT-6-20260809-23:07:23-359377|phase3|3|2,6,6,6,spongent,10,,,,0,2-3,1.367642,1.076412,0.202702
1856,1,0.444853,2.621137,0.213744,197,spongent,pair=UAV3<->UAV4; config=StadiumSPONGENT,0.618918,0.0,0.0,2.002219,0.213744,0.0,StadiumSPONGENT,StadiumSPONGENT-6-20260809-23:07:23-359377,3,4,StadiumSPONGENT-6-20260809-23:07:23-359377|phase3|3|4,6,6,6,spongent,10,,,,1,3-4,1.380265,1.04386,0.190129
1857,1,0.45834,2.684106,0.206821,197,spongent,pair=UAV3<->UAV5; config=StadiumSPONGENT,0.637954,0.0,0.0,2.046152,0.206821,0.0,StadiumSPONGENT,StadiumSPONGENT-6-20260809-23:07:23-359377,3,5,StadiumSPONGENT-6-20260809-23:07:23-359377|phase3|3|5,6,6,6,spongent,10,,,,1,3-5,1.441402,1.041326,0.193996
1858,1,0.47741,2.618532,0.217045,197,spongent,pair=UAV3<->UAV6; config=StadiumSPONGENT,0.622084,0.0,0.0,1.996448,0.217045,0.0,StadiumSPONGENT,StadiumSPONGENT-6-20260809-23:07:23-359377,3,6,StadiumSPONGENT-6-20260809-23:07:23-359377|phase3|3|6,6,6,6,spongent,10,,,,1,3-6,1.37744,1.037337,0.195008
1859,1,0.50147,2.62803,0.246748,197,spongent,pair=UAV3<->UAV7; config=StadiumSPONGENT,0.625921,0.0,0.0,2.002109,0.246748,0.0,StadiumSPONGENT,StadiumSPONGENT-6-20260809-23:07:23-359377,3,7,StadiumSPONGENT-6-20260809-23:07:23-359377|phase3|3|7,6,6,6,spongent,10,,,,1,3-7,1.378101,1.051565,0.189538
1860,1,0.505351,2.64406,0.233762,197,spongent,pair=UAV3<->UAV8; config=StadiumSPONGENT,0.632664,0.0,0.0,2.011396,0.233762,0.0,StadiumSPONGENT,StadiumSPONGENT-6-20260809-23:07:23-359377,3,8,StadiumSPONGENT-6-20260809-23:07:23-359377|phase3|3|8,6,6,6,spongent,10,,,,1,3-8,1.397819,1.04343,0.196281
1861,1,0.449591,2.608373,0.213933,197,spongent,pair=UAV3<->UAV9; config=StadiumSPONGENT,0.610392,0.0,0.0,1.997981,0.213933,0.0,StadiumSPONGENT,StadiumSPONGENT-6-20260809-23:07:23-359377,3,9,StadiumSPONGENT-6-20260809-23:07:23-359377|phase3|3|9,6,6,6,spongent,10,,,,1,3-9,1.372351,1.040004,0.188817
1862,1,0.351061,1.054891,0.381666,197,spongent,pair=UAV4<->UAV0; config=StadiumSPONGENT,0.0,1.054891,0.241803,0.0,0.0,0.139862,StadiumSPONGENT,StadiumSPONGENT-6-20260809-23:07:23-359377,4,0,StadiumSPONGENT-6-20260809-23:07:23-359377|phase3|4|0,6,6,6,spongent,10,,,,0,0-4,1.376218,1.03905,0.189498
1863,1,0.345355,1.04412,0.373877,197,spongent,pair=UAV4<->UAV1; config=StadiumSPONGENT,0.0,1.04412,0.239532,0.0,0.0,0.134346,StadiumSPONGENT,StadiumSPONGENT-6-20260809-23:07:23-359377,4,1,StadiumSPONGENT-6-20260809-23:07:23-359377|phase3|4|1,6,6,6,spongent,10,,,,0,1-4,1.376418,1.036435,0.190109
1864,1,0.359411,1.051605,0.392607,197,spongent,pair=UAV4<->UAV2; config=StadiumSPONGENT,0.0,1.051605,0.256079,0.0,0.0,0.136528,StadiumSPONGENT,StadiumSPONGENT-6-20260809-23:07:23-359377,4,2,StadiumSPONGENT-6-20260809-23:07:23-359377|phase3|4|2,6,6,6,spongent,10,,,,0,2-4,1.37235,1.041966,0.188676
1865,1,0.363725,1.056784,0.38109,197,spongent,pair=UAV4<->UAV3; config=StadiumSPONGENT,0.0,1.056784,0.231109,0.0,0.0,0.149981,StadiumSPONGENT,StadiumSPONGENT-6-20260809-23:07:23-359377,4,3,StadiumSPONGENT-6-20260809-23:07:23-359377|phase3|4|3,6,6,6,spongent,10,,,,0,3-4,1.381879,1.130354,0.189679
1866,1,0.443537,2.620256,0.212511,197,spongent,pair=UAV4<->UAV5; config=StadiumSPONGENT,0.622886,0.0,0.0,1.99737,0.212511,0.0,StadiumSPONGENT,StadiumSPONGENT-6-20260809-23:07:23-359377,4,5,StadiumSPONGENT-6-20260809-23:07:23-359377|phase3|4|5,6,6,6,spongent,10,,,,1,4-5,1.373683,1.050293,0.19034
1867,1,0.479358,3.03538,0.206893,197,spongent,pair=UAV4<->UAV6; config=StadiumSPONGENT,0.63031,0.0,0.0,2.40507,0.206893,0.0,StadiumSPONGENT,StadiumSPONGENT-6-20260809-23:07:23-359377,4,6,StadiumSPONGENT-6-20260809-23:07:23-359377|phase3|4|6,6,6,6,spongent,10,,,,1,4-6,1.628664,1.177813,0.220716
1868,1,0.458292,2.631727,0.225075,197,spongent,pair=UAV4<->UAV7; config=StadiumSPONGENT,0.622014,0.0,0.0,2.009713,0.225075,0.0,StadiumSPONGENT,StadiumSPONGENT-6-20260809-23:07:23-359377,4,7,StadiumSPONGENT-6-20260809-23:07:23-359377|phase3|4|7,6,6,6,spongent,10,,,,1,4-7,1.381176,1.055512,0.189278
1869,1,0.435689,2.624394,0.207056,197,spongent,pair=UAV4<->UAV8; config=StadiumSPONGENT,0.622515,0.0,0.0,2.001879,0.207056,0.0,StadiumSPONGENT,StadiumSPONGENT-6-20260809-23:07:23-359377,4,8,StadiumSPONGENT-6-20260809-23:07:23-359377|phase3|4|8,6,6,6,spongent,10,,,,1,4-8,1.377099,1.043269,0.194958
1870,1,0.463081,2.642087,0.232171,197,spongent,pair=UAV4<->UAV9; config=StadiumSPONGENT,0.612967,0.0,0.0,2.02912,0.232171,0.0,StadiumSPONGENT,StadiumSPONGENT-6-20260809-23:07:23-359377,4,9,StadiumSPONGENT-6-20260809-23:07:23-359377|phase3|4|9,6,6,6,spongent,10,,,,1,4-9,1.402748,1.031006,0.20088
1871,1,0.383696,1.081542,0.390336,197,spongent,pair=UAV5<->UAV0; config=StadiumSPONGENT,0.0,1.081542,0.234272,0.0,0.0,0.156064,StadiumSPONGENT,StadiumSPONGENT-6-20260809-23:07:23-359377,5,0,StadiumSPONGENT-6-20260809-23:07:23-359377|phase3|5|0,6,6,6,spongent,10,,,,0,0-5,1.413859,1.042378,0.188746
1872,1,0.419596,1.04376,0.385458,197,spongent,pair=UAV5<->UAV1; config=StadiumSPONGENT,0.0,1.04376,0.238917,0.0,0.0,0.146542,StadiumSPONGENT,StadiumSPONGENT-6-20260809-23:07:23-359377,5,1,StadiumSPONGENT-6-20260809-23:07:23-359377|phase3|5|1,6,6,6,spongent,10,,,,0,1-5,1.3826,1.038571,0.189898
1873,1,0.406893,1.052056,0.42211,197,spongent,pair=UAV5<->UAV2; config=StadiumSPONGENT,0.0,1.052056,0.241598,0.0,0.0,0.180512,StadiumSPONGENT,StadiumSPONGENT-6-20260809-23:07:23-359377,5,2,StadiumSPONGENT-6-20260809-23:07:23-359377|phase3|5|2,6,6,6,spongent,10,,,,0,2-5,1.403609,1.073337,0.192363
1874,1,0.385461,1.044392,0.430158,197,spongent,pair=UAV5<->UAV3; config=StadiumSPONGENT,0.0,1.044392,0.251518,0.0,0.0,0.178639,StadiumSPONGENT,StadiumSPONGENT-6-20260809-23:07:23-359377,5,3,StadiumSPONGENT-6-20260809-23:07:23-359377|phase3|5|3,6,6,6,spongent,10,,,,0,3-5,1.369266,1.047197,0.191201
1875,1,0.361789,1.047657,0.380304,197,spongent,pair=UAV5<->UAV4; config=StadiumSPONGENT,0.0,1.047657,0.231026,0.0,0.0,0.149278,StadiumSPONGENT,StadiumSPONGENT-6-20260809-23:07:23-359377,5,4,StadiumSPONGENT-6-20260809-23:07:23-359377|phase3|5|4,6,6,6,spongent,10,,,,0,4-5,1.371719,1.047467,0.190369
1876,1,0.466363,2.673466,0.231608,197,spongent,pair=UAV5<->UAV6; config=StadiumSPONGENT,0.620902,0.0,0.0,2.052564,0.231608,0.0,StadiumSPONGENT,StadiumSPONGENT-6-20260809-23:07:23-359377,5,6,StadiumSPONGENT-6-20260809-23:07:23-359377|phase3|5|6,6,6,6,spongent,10,,,,1,5-6,1.372661,1.092212,0.20147
1877,1,0.466044,2.620507,0.220521,197,spongent,pair=UAV5<->UAV7; config=StadiumSPONGENT,0.617696,0.0,0.0,2.002811,0.220521,0.0,StadiumSPONGENT,StadiumSPONGENT-6-20260809-23:07:23-359377,5,7,StadiumSPONGENT-6-20260809-23:07:23-359377|phase3|5|7,6,6,6,spongent,10,,,,1,5-7,1.380435,1.029462,0.203875
1878,1,0.456169,2.608273,0.215588,197,spongent,pair=UAV5<->UAV8; config=StadiumSPONGENT,0.610112,0.0,0.0,1.998161,0.215588,0.0,StadiumSPONGENT,StadiumSPONGENT-6-20260809-23:07:23-359377,5,8,StadiumSPONGENT-6-20260809-23:07:23-359377|phase3|5|8,6,6,6,spongent,10,,,,1,5-8,1.369304,1.042448,0.190018
1879,1,0.462697,2.670089,0.211399,197,spongent,pair=UAV5<->UAV9; config=StadiumSPONGENT,0.622785,0.0,0.0,2.047304,0.211399,0.0,StadiumSPONGENT,StadiumSPONGENT-6-20260809-23:07:23-359377,5,9,StadiumSPONGENT-6-20260809-23:07:23-359377|phase3|5|9,6,6,6,spongent,10,,,,1,5-9,1.400924,1.057717,0.203363
1880,1,0.345716,1.047968,0.397535,197,spongent,pair=UAV6<->UAV0; config=StadiumSPONGENT,0.0,1.047968,0.26331,0.0,0.0,0.134226,StadiumSPONGENT,StadiumSPONGENT-6-20260809-23:07:23-359377,6,0,StadiumSPONGENT-6-20260809-23:07:23-359377|phase3|6|0,6,6,6,spongent,10,,,,0,0-6,1.367613,1.097992,0.202151
1881,1,0.360257,1.052606,0.40759,197,spongent,pair=UAV6<->UAV1; config=StadiumSPONGENT,0.0,1.052606,0.254444,0.0,0.0,0.153146,StadiumSPONGENT,StadiumSPONGENT-6-20260809-23:07:23-359377,6,1,StadiumSPONGENT-6-20260809-23:07:23-359377|phase3|6|1,6,6,6,spongent,10,,,,0,1-6,1.378852,1.041295,0.207371
1882,1,0.354914,1.052758,0.375982,197,spongent,pair=UAV6<->UAV2; config=StadiumSPONGENT,0.0,1.052758,0.242602,0.0,0.0,0.13338,StadiumSPONGENT,StadiumSPONGENT-6-20260809-23:07:23-359377,6,2,StadiumSPONGENT-6-20260809-23:07:23-359377|phase3|6|2,6,6,6,spongent,10,,,,0,2-6,1.372131,1.063287,0.190098
1883,1,0.36215,1.049391,0.405469,197,spongent,pair=UAV6<->UAV3; config=StadiumSPONGENT,0.0,1.049391,0.260364,0.0,0.0,0.145105,StadiumSPONGENT,StadiumSPONGENT-6-20260809-23:07:23-359377,6,3,StadiumSPONGENT-6-20260809-23:07:23-359377|phase3|6|3,6,6,6,spongent,10,,,,0,3-6,1.37208,1.044702,0.188987
1884,1,0.341041,1.074488,0.406613,197,spongent,pair=UAV6<->UAV4; config=StadiumSPONGENT,0.0,1.074488,0.272465,0.0,0.0,0.134148,StadiumSPONGENT,StadiumSPONGENT-6-20260809-23:07:23-359377,6,4,StadiumSPONGENT-6-20260809-23:07:23-359377|phase3|6|4,6,6,6,spongent,10,,,,0,4-6,1.388802,1.061684,0.194637
1885,1,0.422649,1.052316,0.425795,197,spongent,pair=UAV6<->UAV5; config=StadiumSPONGENT,0.0,1.052316,0.234755,0.0,0.0,0.191041,StadiumSPONGENT,StadiumSPONGENT-6-20260809-23:07:23-359377,6,5,StadiumSPONGENT-6-20260809-23:07:23-359377|phase3|6|5,6,6,6,spongent,10,,,,0,5-6,1.384794,1.046465,0.193526
1886,1,0.43627,2.628412,0.205652,197,spongent,pair=UAV6<->UAV7; config=StadiumSPONGENT,0.626082,0.0,0.0,2.00233,0.205652,0.0,StadiumSPONGENT,StadiumSPONGENT-6-20260809-23:07:23-359377,6,7,StadiumSPONGENT-6-20260809-23:07:23-359377|phase3|6|7,6,6,6,spongent,10,,,,1,6-7,1.385625,1.045854,0.19074
1887,1,0.463131,2.624003,0.232857,197,spongent,pair=UAV6<->UAV8; config=StadiumSPONGENT,0.618988,0.0,0.0,2.005015,0.232857,0.0,StadiumSPONGENT,StadiumSPONGENT-6-20260809-23:07:23-359377,6,8,StadiumSPONGENT-6-20260809-23:07:23-359377|phase3|6|8,6,6,6,spongent,10,,,,1,6-8,1.382079,1.0333,0.198073
1888,1,0.472921,2.622039,0.242696,197,spongent,pair=UAV6<->UAV9; config=StadiumSPONGENT,0.619609,0.0,0.0,2.00243,0.242696,0.0,StadiumSPONGENT,StadiumSPONGENT-6-20260809-23:07:23-359377,6,9,StadiumSPONGENT-6-20260809-23:07:23-359377|phase3|6|9,6,6,6,spongent,10,,,,1,6-9,1.3824,1.044201,0.189448
1889,1,0.383573,1.207159,0.397328,197,spongent,pair=UAV7<->UAV0; config=StadiumSPONGENT,0.0,1.207159,0.228811,0.0,0.0,0.168517,StadiumSPONGENT,StadiumSPONGENT-6-20260809-23:07:23-359377,7,0,StadiumSPONGENT-6-20260809-23:07:23-359377|phase3|7|0,6,6,6,spongent,10,,,,0,0-7,1.442803,1.119534,0.193505
1890,1,0.363889,1.054471,0.361225,197,spongent,pair=UAV7<->UAV1; config=StadiumSPONGENT,0.0,1.054471,0.228035,0.0,0.0,0.13319,StadiumSPONGENT,StadiumSPONGENT-6-20260809-23:07:23-359377,7,1,StadiumSPONGENT-6-20260809-23:07:23-359377|phase3|7|1,6,6,6,spongent,10,,,,0,1-7,1.371889,1.045653,0.194337
1891,1,0.370192,1.047207,0.386513,197,spongent,pair=UAV7<->UAV2; config=StadiumSPONGENT,0.0,1.047207,0.230153,0.0,0.0,0.15636,StadiumSPONGENT,StadiumSPONGENT-6-20260809-23:07:23-359377,7,2,StadiumSPONGENT-6-20260809-23:07:23-359377|phase3|7|2,6,6,6,spongent,10,,,,0,2-7,1.378441,1.038971,0.19067
1892,1,0.380435,1.055542,0.38841,197,spongent,pair=UAV7<->UAV3; config=StadiumSPONGENT,0.0,1.055542,0.254722,0.0,0.0,0.133687,StadiumSPONGENT,StadiumSPONGENT-6-20260809-23:07:23-359377,7,3,StadiumSPONGENT-6-20260809-23:07:23-359377|phase3|7|3,6,6,6,spongent,10,,,,0,3-7,1.390615,1.045824,0.192464
1893,1,0.36289,1.047116,0.371032,197,spongent,pair=UAV7<->UAV4; config=StadiumSPONGENT,0.0,1.047116,0.233217,0.0,0.0,0.137815,StadiumSPONGENT,StadiumSPONGENT-6-20260809-23:07:23-359377,7,4,StadiumSPONGENT-6-20260809-23:07:23-359377|phase3|7|4,6,6,6,spongent,10,,,,0,4-7,1.370847,1.034483,0.207462
1894,1,0.370887,1.047017,0.39589,197,spongent,pair=UAV7<->UAV5; config=StadiumSPONGENT,0.0,1.047017,0.245523,0.0,0.0,0.150366,StadiumSPONGENT,StadiumSPONGENT-6-20260809-23:07:23-359377,7,5,StadiumSPONGENT-6-20260809-23:07:23-359377|phase3|7|5,6,6,6,spongent,10,,,,0,5-7,1.378273,1.04933,0.190009
1895,1,0.371271,1.067174,0.396236,197,spongent,pair=UAV7<->UAV6; config=StadiumSPONGENT,0.0,1.067174,0.230618,0.0,0.0,0.165619,StadiumSPONGENT,StadiumSPONGENT-6-20260809-23:07:23-359377,7,6,StadiumSPONGENT-6-20260809-23:07:23-359377|phase3|7|6,6,6,6,spongent,10,,,,0,6-7,1.37259,1.060973,0.189618
1896,1,0.441277,2.609466,0.210781,197,spongent,pair=UAV7<->UAV8; config=StadiumSPONGENT,0.612667,0.0,0.0,1.996799,0.210781,0.0,StadiumSPONGENT,StadiumSPONGENT-6-20260809-23:07:23-359377,7,8,StadiumSPONGENT-6-20260809-23:07:23-359377|phase3|7|8,6,6,6,spongent,10,,,,1,7-8,1.373703,1.038119,0.191041
1897,1,0.45593,2.643169,0.214716,197,spongent,pair=UAV7<->UAV9; config=StadiumSPONGENT,0.626593,0.0,0.0,2.016576,0.214716,0.0,StadiumSPONGENT,StadiumSPONGENT-6-20260809-23:07:23-359377,7,9,StadiumSPONGENT-6-20260809-23:07:23-359377|phase3|7|9,6,6,6,spongent,10,,,,1,7-9,1.385997,1.055774,0.192274
1898,1,0.378436,1.05441,0.390481,197,spongent,pair=UAV8<->UAV0; config=StadiumSPONGENT,0.0,1.05441,0.24329,0.0,0.0,0.147191,StadiumSPONGENT,StadiumSPONGENT-6-20260809-23:07:23-359377,8,0,StadiumSPONGENT-6-20260809-23:07:23-359377|phase3|8|0,6,6,6,spongent,10,,,,0,0-8,1.373993,1.042258,0.189589
1899,1,0.3588,1.04911,0.39265,197,spongent,pair=UAV8<->UAV1; config=StadiumSPONGENT,0.0,1.04911,0.253757,0.0,0.0,0.138893,StadiumSPONGENT,StadiumSPONGENT-6-20260809-23:07:23-359377,8,1,StadiumSPONGENT-6-20260809-23:07:23-359377|phase3|8|1,6,6,6,spongent,10,,,,0,1-8,1.492267,1.066493,0.225776
1900,1,0.366932,1.049681,0.389721,197,spongent,pair=UAV8<->UAV2; config=StadiumSPONGENT,0.0,1.049681,0.255073,0.0,0.0,0.134648,StadiumSPONGENT,StadiumSPONGENT-6-20260809-23:07:23-359377,8,2,StadiumSPONGENT-6-20260809-23:07:23-359377|phase3|8|2,6,6,6,spongent,10,,,,0,2-8,1.379765,1.049611,0.189818
1901,1,0.368747,1.04912,0.406575,197,spongent,pair=UAV8<->UAV3; config=StadiumSPONGENT,0.0,1.04912,0.27159,0.0,0.0,0.134985,StadiumSPONGENT,StadiumSPONGENT-6-20260809-23:07:23-359377,8,3,StadiumSPONGENT-6-20260809-23:07:23-359377|phase3|8|3,6,6,6,spongent,10,,,,0,3-8,1.369345,1.053179,0.189579
1902,1,0.342869,1.047497,0.364445,197,spongent,pair=UAV8<->UAV4; config=StadiumSPONGENT,0.0,1.047497,0.228632,0.0,0.0,0.135813,StadiumSPONGENT,StadiumSPONGENT-6-20260809-23:07:23-359377,8,4,StadiumSPONGENT-6-20260809-23:07:23-359377|phase3|8|4,6,6,6,spongent,10,,,,0,4-8,1.384084,1.042298,0.190439
1903,1,0.358075,1.044311,0.383068,197,spongent,pair=UAV8<->UAV5; config=StadiumSPONGENT,0.0,1.044311,0.240581,0.0,0.0,0.142487,StadiumSPONGENT,StadiumSPONGENT-6-20260809-23:07:23-359377,8,5,StadiumSPONGENT-6-20260809-23:07:23-359377|phase3|8|5,6,6,6,spongent,10,,,,0,5-8,1.368212,1.036747,0.19022
1904,1,0.367485,1.050093,0.364902,197,spongent,pair=UAV8<->UAV6; config=StadiumSPONGENT,0.0,1.050093,0.230274,0.0,0.0,0.134628,StadiumSPONGENT,StadiumSPONGENT-6-20260809-23:07:23-359377,8,6,StadiumSPONGENT-6-20260809-23:07:23-359377|phase3|8|6,6,6,6,spongent,10,,,,0,6-8,1.380557,1.052886,0.1902
1905,1,0.353224,1.050724,0.372938,197,spongent,pair=UAV8<->UAV7; config=StadiumSPONGENT,0.0,1.050724,0.230496,0.0,0.0,0.142443,StadiumSPONGENT,StadiumSPONGENT-6-20260809-23:07:23-359377,8,7,StadiumSPONGENT-6-20260809-23:07:23-359377|phase3|8|7,6,6,6,spongent,10,,,,0,7-8,1.384664,1.031718,0.189447
1906,1,0.459646,2.692152,0.211937,197,spongent,pair=UAV8<->UAV9; config=StadiumSPONGENT,0.687768,0.0,0.0,2.004384,0.211937,0.0,StadiumSPONGENT,StadiumSPONGENT-6-20260809-23:07:23-359377,8,9,StadiumSPONGENT-6-20260809-23:07:23-359377|phase3|8|9,6,6,6,spongent,10,,,,1,8-9,1.447572,1.04933,0.189228
1907,1,0.356651,1.046856,0.37551,197,spongent,pair=UAV9<->UAV0; config=StadiumSPONGENT,0.0,1.046856,0.234586,0.0,0.0,0.140924,StadiumSPONGENT,StadiumSPONGENT-6-20260809-23:07:23-359377,9,0,StadiumSPONGENT-6-20260809-23:07:23-359377|phase3|9|0,6,6,6,spongent,10,,,,0,0-9,1.367181,1.045804,0.19043
1908,1,0.351774,1.04918,0.40446,197,spongent,pair=UAV9<->UAV1; config=StadiumSPONGENT,0.0,1.04918,0.262415,0.0,0.0,0.142045,StadiumSPONGENT,StadiumSPONGENT-6-20260809-23:07:23-359377,9,1,StadiumSPONGENT-6-20260809-23:07:23-359377|phase3|9|1,6,6,6,spongent,10,,,,0,1-9,1.370777,1.041346,0.189347
1909,1,0.382972,1.06487,0.385135,197,spongent,pair=UAV9<->UAV2; config=StadiumSPONGENT,0.0,1.06487,0.242919,0.0,0.0,0.142216,StadiumSPONGENT,StadiumSPONGENT-6-20260809-23:07:23-359377,9,2,StadiumSPONGENT-6-20260809-23:07:23-359377|phase3|9|2,6,6,6,spongent,10,,,,0,2-9,1.380596,1.04402,0.208984
1910,1,0.348452,1.051294,0.370176,197,spongent,pair=UAV9<->UAV3; config=StadiumSPONGENT,0.0,1.051294,0.235657,0.0,0.0,0.134519,StadiumSPONGENT,StadiumSPONGENT-6-20260809-23:07:23-359377,9,3,StadiumSPONGENT-6-20260809-23:07:23-359377|phase3|9|3,6,6,6,spongent,10,,,,0,3-9,1.372711,1.045754,0.197802
1911,1,0.385651,1.047287,0.38439,197,spongent,pair=UAV9<->UAV4; config=StadiumSPONGENT,0.0,1.047287,0.23091,0.0,0.0,0.15348,StadiumSPONGENT,StadiumSPONGENT-6-20260809-23:07:23-359377,9,4,StadiumSPONGENT-6-20260809-23:07:23-359377|phase3|9|4,6,6,6,spongent,10,,,,0,4-9,1.384743,1.056695,0.194157
1912,1,0.343792,1.045894,0.383691,197,spongent,pair=UAV9<->UAV5; config=StadiumSPONGENT,0.0,1.045894,0.251298,0.0,0.0,0.132393,StadiumSPONGENT,StadiumSPONGENT-6-20260809-23:07:23-359377,9,5,StadiumSPONGENT-6-20260809-23:07:23-359377|phase3|9|5,6,6,6,spongent,10,,,,0,5-9,1.473151,1.04956,0.221178
1913,1,0.395464,1.045143,0.382992,197,spongent,pair=UAV9<->UAV6; config=StadiumSPONGENT,0.0,1.045143,0.230224,0.0,0.0,0.152767,StadiumSPONGENT,StadiumSPONGENT-6-20260809-23:07:23-359377,9,6,StadiumSPONGENT-6-20260809-23:07:23-359377|phase3|9|6,6,6,6,spongent,10,,,,0,6-9,1.383141,1.296347,0.239773
1914,1,0.368939,1.061704,0.395438,197,spongent,pair=UAV9<->UAV7; config=StadiumSPONGENT,0.0,1.061704,0.241215,0.0,0.0,0.154223,StadiumSPONGENT,StadiumSPONGENT-6-20260809-23:07:23-359377,9,7,StadiumSPONGENT-6-20260809-23:07:23-359377|phase3|9|7,6,6,6,spongent,10,,,,0,7-9,1.392248,1.044571,0.19055
1915,1,0.360931,1.047808,0.396703,197,spongent,pair=UAV9<->UAV8; config=StadiumSPONGENT,0.0,1.047808,0.24771,0.0,0.0,0.148994,StadiumSPONGENT,StadiumSPONGENT-6-20260809-23:07:23-359377,9,8,StadiumSPONGENT-6-20260809-23:07:23-359377|phase3|9|8,6,6,6,spongent,10,,,,0,8-9,1.38779,1.048017,0.190149
1916,1,0.473844,3.052584,0.239959,197,spongent,pair=UAV0<->UAV1; config=StadiumSPONGENT,0.655132,0.0,0.0,2.397452,0.239959,0.0,StadiumSPONGENT,StadiumSPONGENT-7-20260809-23:07:23-359377,0,1,StadiumSPONGENT-7-20260809-23:07:23-359377|phase3|0|1,7,7,7,spongent,10,,,,1,0-1,1.630308,1.14517,0.268439
1917,1,0.448801,2.634962,0.217829,197,spongent,pair=UAV0<->UAV2; config=StadiumSPONGENT,0.627018,0.0,0.0,2.007944,0.217829,0.0,StadiumSPONGENT,StadiumSPONGENT-7-20260809-23:07:23-359377,0,2,StadiumSPONGENT-7-20260809-23:07:23-359377|phase3|0|2,7,7,7,spongent,10,,,,1,0-2,1.374384,1.03971,0.207975
1918,1,0.463741,2.660341,0.22278,197,spongent,pair=UAV0<->UAV3; config=StadiumSPONGENT,0.625515,0.0,0.0,2.034826,0.22278,0.0,StadiumSPONGENT,StadiumSPONGENT-7-20260809-23:07:23-359377,0,3,StadiumSPONGENT-7-20260809-23:07:23-359377|phase3|0|3,7,7,7,spongent,10,,,,1,0-3,1.389032,1.043536,0.222131
1919,1,0.463625,2.619033,0.231162,197,spongent,pair=UAV0<->UAV4; config=StadiumSPONGENT,0.618312,0.0,0.0,2.000721,0.231162,0.0,StadiumSPONGENT,StadiumSPONGENT-7-20260809-23:07:23-359377,0,4,StadiumSPONGENT-7-20260809-23:07:23-359377|phase3|0|4,7,7,7,spongent,10,,,,1,0-4,1.379114,1.040792,0.191423
1920,1,0.449507,2.634892,0.206985,197,spongent,pair=UAV0<->UAV5; config=StadiumSPONGENT,0.636185,0.0,0.0,1.998707,0.206985,0.0,StadiumSPONGENT,StadiumSPONGENT-7-20260809-23:07:23-359377,0,5,StadiumSPONGENT-7-20260809-23:07:23-359377|phase3|0|5,7,7,7,spongent,10,,,,1,0-5,1.376558,1.049108,0.196413
1921,1,0.487881,2.644221,0.250607,197,spongent,pair=UAV0<->UAV6; config=StadiumSPONGENT,0.639722,0.0,0.0,2.004499,0.250607,0.0,StadiumSPONGENT,StadiumSPONGENT-7-20260809-23:07:23-359377,0,6,StadiumSPONGENT-7-20260809-23:07:23-359377|phase3|0|6,7,7,7,spongent,10,,,,1,0-6,1.403901,1.040802,0.189889
1922,1,0.446178,2.982631,0.20736,197,spongent,pair=UAV0<->UAV7; config=StadiumSPONGENT,0.642046,0.0,0.0,2.340585,0.20736,0.0,StadiumSPONGENT,StadiumSPONGENT-7-20260809-23:07:23-359377,0,7,StadiumSPONGENT-7-20260809-23:07:23-359377|phase3|0|7,7,7,7,spongent,10,,,,1,0-7,1.711032,1.046143,0.21099
1923,1,0.459678,2.645202,0.223312,197,spongent,pair=UAV0<->UAV8; config=StadiumSPONGENT,0.643609,0.0,0.0,2.001593,0.223312,0.0,StadiumSPONGENT,StadiumSPONGENT-7-20260809-23:07:23-359377,0,8,StadiumSPONGENT-7-20260809-23:07:23-359377|phase3|0|8,7,7,7,spongent,10,,,,1,0-8,1.375276,1.050461,0.203416
1924,1,0.541655,2.627529,0.280823,197,spongent,pair=UAV0<->UAV9; config=StadiumSPONGENT,0.622049,0.0,0.0,2.00548,0.280823,0.0,StadiumSPONGENT,StadiumSPONGENT-7-20260809-23:07:23-359377,0,9,StadiumSPONGENT-7-20260809-23:07:23-359377|phase3|0|9,7,7,7,spongent,10,,,,1,0-9,1.388722,1.041203,0.191633
1925,1,0.372813,1.061161,0.36674,197,spongent,pair=UAV1<->UAV0; config=StadiumSPONGENT,0.0,1.061161,0.233885,0.0,0.0,0.132854,StadiumSPONGENT,StadiumSPONGENT-7-20260809-23:07:23-359377,1,0,StadiumSPONGENT-7-20260809-23:07:23-359377|phase3|1|0,7,7,7,spongent,10,,,,0,0-1,1.380988,1.054127,0.190661
1926,1,0.452998,2.607922,0.214029,197,spongent,pair=UAV1<->UAV2; config=StadiumSPONGENT,0.614164,0.0,0.0,1.993758,0.214029,0.0,StadiumSPONGENT,StadiumSPONGENT-7-20260809-23:07:23-359377,1,2,StadiumSPONGENT-7-20260809-23:07:23-359377|phase3|1|2,7,7,7,spongent,10,,,,1,1-2,1.371339,1.031144,0.197112
1927,1,0.466191,2.677282,0.216856,197,spongent,pair=UAV1<->UAV3; config=StadiumSPONGENT,0.664228,0.0,0.0,2.013054,0.216856,0.0,StadiumSPONGENT,StadiumSPONGENT-7-20260809-23:07:23-359377,1,3,StadiumSPONGENT-7-20260809-23:07:23-359377|phase3|1|3,7,7,7,spongent,10,,,,1,1-3,1.407878,1.057474,0.201101
1928,1,0.437744,2.633731,0.209563,197,spongent,pair=UAV1<->UAV4; config=StadiumSPONGENT,0.62798,0.0,0.0,2.005751,0.209563,0.0,StadiumSPONGENT,StadiumSPONGENT-7-20260809-23:07:23-359377,1,4,StadiumSPONGENT-7-20260809-23:07:23-359377|phase3|1|4,7,7,7,spongent,10,,,,1,1-4,1.385014,1.042265,0.198276
1929,1,0.442878,2.604045,0.214766,197,spongent,pair=UAV1<->UAV5; config=StadiumSPONGENT,0.610908,0.0,0.0,1.993137,0.214766,0.0,StadiumSPONGENT,StadiumSPONGENT-7-20260809-23:07:23-359377,1,5,StadiumSPONGENT-7-20260809-23:07:23-359377|phase3|1|5,7,7,7,spongent,10,,,,1,1-5,1.367991,1.038528,0.19024
1930,1,0.472013,2.658057,0.210514,197,spongent,pair=UAV1<->UAV6; config=StadiumSPONGENT,0.62775,0.0,0.0,2.030307,0.210514,0.0,StadiumSPONGENT,StadiumSPONGENT-7-20260809-23:07:23-359377,1,6,StadiumSPONGENT-7-20260809-23:07:23-359377|phase3|1|6,7,7,7,spongent,10,,,,1,1-6,1.413108,1.038007,0.200871
1931,1,0.448294,2.647125,0.207978,197,spongent,pair=UAV1<->UAV7; config=StadiumSPONGENT,0.619083,0.0,0.0,2.028042,0.207978,0.0,StadiumSPONGENT,StadiumSPONGENT-7-20260809-23:07:23-359377,1,7,StadiumSPONGENT-7-20260809-23:07:23-359377|phase3|1|7,7,7,7,spongent,10,,,,1,1-7,1.380595,1.054799,0.203416
1932,1,0.448356,2.681802,0.206015,197,spongent,pair=UAV1<->UAV8; config=StadiumSPONGENT,0.634523,0.0,0.0,2.047279,0.206015,0.0,StadiumSPONGENT,StadiumSPONGENT-7-20260809-23:07:23-359377,1,8,StadiumSPONGENT-7-20260809-23:07:23-359377|phase3|1|8,7,7,7,spongent,10,,,,1,1-8,1.408889,1.057944,0.207423
1933,1,0.445765,2.65442,0.212577,197,spongent,pair=UAV1<->UAV9; config=StadiumSPONGENT,0.624994,0.0,0.0,2.029426,0.212577,0.0,StadiumSPONGENT,StadiumSPONGENT-7-20260809-23:07:23-359377,1,9,StadiumSPONGENT-7-20260809-23:07:23-359377|phase3|1|9,7,7,7,spongent,10,,,,1,1-9,1.383121,1.074575,0.188747
1934,1,0.356959,1.21379,0.370102,197,spongent,pair=UAV2<->UAV0; config=StadiumSPONGENT,0.0,1.21379,0.230972,0.0,0.0,0.13913,StadiumSPONGENT,StadiumSPONGENT-7-20260809-23:07:23-359377,2,0,StadiumSPONGENT-7-20260809-23:07:23-359377|phase3|2|0,7,7,7,spongent,10,,,,0,0-2,1.534968,1.238156,0.24318
1935,1,0.360166,1.067553,0.385106,197,spongent,pair=UAV2<->UAV1; config=StadiumSPONGENT,0.0,1.067553,0.238969,0.0,0.0,0.146137,StadiumSPONGENT,StadiumSPONGENT-7-20260809-23:07:23-359377,2,1,StadiumSPONGENT-7-20260809-23:07:23-359377|phase3|2|1,7,7,7,spongent,10,,,,0,1-2,1.389042,1.031684,0.201492
1936,1,0.45063,2.684938,0.21223,197,spongent,pair=UAV2<->UAV3; config=StadiumSPONGENT,0.610788,0.0,0.0,2.07415,0.21223,0.0,StadiumSPONGENT,StadiumSPONGENT-7-20260809-23:07:23-359377,2,3,StadiumSPONGENT-7-20260809-23:07:23-359377|phase3|2|3,7,7,7,spongent,10,,,,1,2-3,1.381058,1.097409,0.197063
1937,1,0.452196,2.623762,0.212077,197,spongent,pair=UAV2<->UAV4; config=StadiumSPONGENT,0.620937,0.0,0.0,2.002825,0.212077,0.0,StadiumSPONGENT,StadiumSPONGENT-7-20260809-23:07:23-359377,2,4,StadiumSPONGENT-7-20260809-23:07:23-359377|phase3|2|4,7,7,7,spongent,10,,,,1,2-4,1.373071,1.046532,0.197444
1938,1,0.468304,2.661524,0.214623,197,spongent,pair=UAV2<->UAV5; config=StadiumSPONGENT,0.616519,0.0,0.0,2.045005,0.214623,0.0,StadiumSPONGENT,StadiumSPONGENT-7-20260809-23:07:23-359377,2,5,StadiumSPONGENT-7-20260809-23:07:23-359377|phase3|2|5,7,7,7,spongent,10,,,,1,2-5,1.423127,1.037376,0.194148
1939,1,0.442927,2.616097,0.208337,197,spongent,pair=UAV2<->UAV6; config=StadiumSPONGENT,0.614454,0.0,0.0,2.001643,0.208337,0.0,StadiumSPONGENT,StadiumSPONGENT-7-20260809-23:07:23-359377,2,6,StadiumSPONGENT-7-20260809-23:07:23-359377|phase3|2|6,7,7,7,spongent,10,,,,1,2-6,1.37176,1.046503,0.19043
1940,1,0.458947,2.626056,0.207499,197,spongent,pair=UAV2<->UAV7; config=StadiumSPONGENT,0.622219,0.0,0.0,2.003837,0.207499,0.0,StadiumSPONGENT,StadiumSPONGENT-7-20260809-23:07:23-359377,2,7,StadiumSPONGENT-7-20260809-23:07:23-359377|phase3|2|7,7,7,7,spongent,10,,,,1,2-7,1.380436,1.040452,0.198536
1941,1,0.501133,2.664369,0.248621,197,spongent,pair=UAV2<->UAV8; config=StadiumSPONGENT,0.652326,0.0,0.0,2.012043,0.248621,0.0,StadiumSPONGENT,StadiumSPONGENT-7-20260809-23:07:23-359377,2,8,StadiumSPONGENT-7-20260809-23:07:23-359377|phase3|2|8,7,7,7,spongent,10,,,,1,2-8,1.422416,1.042004,0.19005
1942,1,0.453575,2.713631,0.210876,197,spongent,pair=UAV2<->UAV9; config=StadiumSPONGENT,0.718952,0.0,0.0,1.994679,0.210876,0.0,StadiumSPONGENT,StadiumSPONGENT-7-20260809-23:07:23-359377,2,9,StadiumSPONGENT-7-20260809-23:07:23-359377|phase3|2|9,7,7,7,spongent,10,,,,1,2-9,1.372682,1.119141,0.214325
1943,1,0.390329,1.058827,0.40851,197,spongent,pair=UAV3<->UAV0; config=StadiumSPONGENT,0.0,1.058827,0.240961,0.0,0.0,0.167549,StadiumSPONGENT,StadiumSPONGENT-7-20260809-23:07:23-359377,3,0,StadiumSPONGENT-7-20260809-23:07:23-359377|phase3|3|0,7,7,7,spongent,10,,,,0,0-3,1.409421,1.048787,0.192194
1944,1,0.354659,1.04492,0.387137,197,spongent,pair=UAV3<->UAV1; config=StadiumSPONGENT,0.0,1.04492,0.249335,0.0,0.0,0.137802,StadiumSPONGENT,StadiumSPONGENT-7-20260809-23:07:23-359377,3,1,StadiumSPONGENT-7-20260809-23:07:23-359377|phase3|3|1,7,7,7,spongent,10,,,,0,1-3,1.365928,1.040342,0.198225
1945,1,0.357658,1.25071,0.383828,197,spongent,pair=UAV3<->UAV2; config=StadiumSPONGENT,0.0,1.25071,0.2384,0.0,0.0,0.145428,StadiumSPONGENT,StadiumSPONGENT-7-20260809-23:07:23-359377,3,2,StadiumSPONGENT-7-20260809-23:07:23-359377|phase3|3|2,7,7,7,spongent,10,,,,0,2-3,1.487027,1.120774,0.196523
1946,1,0.469712,2.663327,0.215369,197,spongent,pair=UAV3<->UAV4; config=StadiumSPONGENT,0.655132,0.0,0.0,2.008195,0.215369,0.0,StadiumSPONGENT,StadiumSPONGENT-7-20260809-23:07:23-359377,3,4,StadiumSPONGENT-7-20260809-23:07:23-359377|phase3|3|4,7,7,7,spongent,10,,,,1,3-4,1.415061,1.040062,0.202013
1947,1,0.451155,2.634592,0.214387,197,spongent,pair=UAV3<->UAV5; config=StadiumSPONGENT,0.62815,0.0,0.0,2.006442,0.214387,0.0,StadiumSPONGENT,StadiumSPONGENT-7-20260809-23:07:23-359377,3,5,StadiumSPONGENT-7-20260809-23:07:23-359377|phase3|3|5,7,7,7,spongent,10,,,,1,3-5,1.389121,1.047495,0.190641
1948,1,0.469473,2.632038,0.211785,197,spongent,pair=UAV3<->UAV6; config=StadiumSPONGENT,0.613393,0.0,0.0,2.018645,0.211785,0.0,StadiumSPONGENT,StadiumSPONGENT-7-20260809-23:07:23-359377,3,6,StadiumSPONGENT-7-20260809-23:07:23-359377|phase3|3|6,7,7,7,spongent,10,,,,1,3-6,1.383943,1.05049,0.191533
1949,1,0.463159,2.620576,0.204467,197,spongent,pair=UAV3<->UAV7; config=StadiumSPONGENT,0.619975,0.0,0.0,2.000601,0.204467,0.0,StadiumSPONGENT,StadiumSPONGENT-7-20260809-23:07:23-359377,3,7,StadiumSPONGENT-7-20260809-23:07:23-359377|phase3|3|7,7,7,7,spongent,10,,,,1,3-7,1.380866,1.037777,0.195571
1950,1,0.449323,2.611749,0.215055,197,spongent,pair=UAV3<->UAV8; config=StadiumSPONGENT,0.611469,0.0,0.0,2.00028,0.215055,0.0,StadiumSPONGENT,StadiumSPONGENT-7-20260809-23:07:23-359377,3,8,StadiumSPONGENT-7-20260809-23:07:23-359377|phase3|3|8,7,7,7,spongent,10,,,,1,3-8,1.374094,1.039561,0.191173
1951,1,0.45221,2.627689,0.21863,197,spongent,pair=UAV3<->UAV9; config=StadiumSPONGENT,0.624514,0.0,0.0,2.003175,0.21863,0.0,StadiumSPONGENT,StadiumSPONGENT-7-20260809-23:07:23-359377,3,9,StadiumSPONGENT-7-20260809-23:07:23-359377|phase3|3|9,7,7,7,spongent,10,,,,1,3-9,1.384984,1.039269,0.196361
1952,1,0.369877,1.054027,0.371179,197,spongent,pair=UAV4<->UAV0; config=StadiumSPONGENT,0.0,1.054027,0.232463,0.0,0.0,0.138716,StadiumSPONGENT,StadiumSPONGENT-7-20260809-23:07:23-359377,4,0,StadiumSPONGENT-7-20260809-23:07:23-359377|phase3|4|0,7,7,7,spongent,10,,,,0,0-4,1.382219,1.041213,0.190521
1953,1,0.359588,1.054408,0.378206,197,spongent,pair=UAV4<->UAV1; config=StadiumSPONGENT,0.0,1.054408,0.228181,0.0,0.0,0.150025,StadiumSPONGENT,StadiumSPONGENT-7-20260809-23:07:23-359377,4,1,StadiumSPONGENT-7-20260809-23:07:23-359377|phase3|4|1,7,7,7,spongent,10,,,,0,1-4,1.383031,1.057614,0.191383
1954,1,0.365175,1.050992,0.393218,197,spongent,pair=UAV4<->UAV2; config=StadiumSPONGENT,0.0,1.050992,0.24012,0.0,0.0,0.153098,StadiumSPONGENT,StadiumSPONGENT-7-20260809-23:07:23-359377,4,2,StadiumSPONGENT-7-20260809-23:07:23-359377|phase3|4|2,7,7,7,spongent,10,,,,0,2-4,1.383332,1.042857,0.192426
1955,1,0.370267,1.183713,0.409241,197,spongent,pair=UAV4<->UAV3; config=StadiumSPONGENT,0.0,1.183713,0.254343,0.0,0.0,0.154898,StadiumSPONGENT,StadiumSPONGENT-7-20260809-23:07:23-359377,4,3,StadiumSPONGENT-7-20260809-23:07:23-359377|phase3|4|3,7,7,7,spongent,10,,,,0,3-4,1.471539,1.072643,0.197063
1956,1,0.449125,2.69731,0.219562,197,spongent,pair=UAV4<->UAV5; config=StadiumSPONGENT,0.632398,0.0,0.0,2.064912,0.219562,0.0,StadiumSPONGENT,StadiumSPONGENT-7-20260809-23:07:23-359377,4,5,StadiumSPONGENT-7-20260809-23:07:23-359377|phase3|4|5,7,7,7,spongent,10,,,,1,4-5,1.438536,1.047285,0.202564
1957,1,0.481611,2.793985,0.228143,197,spongent,pair=UAV4<->UAV6; config=StadiumSPONGENT,0.613763,0.0,0.0,2.180222,0.228143,0.0,StadiumSPONGENT,StadiumSPONGENT-7-20260809-23:07:23-359377,4,6,StadiumSPONGENT-7-20260809-23:07:23-359377|phase3|4|6,7,7,7,spongent,10,,,,1,4-6,1.530541,1.059747,0.195941
1958,1,0.452026,2.634812,0.217369,197,spongent,pair=UAV4<->UAV7; config=StadiumSPONGENT,0.619113,0.0,0.0,2.015699,0.217369,0.0,StadiumSPONGENT,StadiumSPONGENT-7-20260809-23:07:23-359377,4,7,StadiumSPONGENT-7-20260809-23:07:23-359377|phase3|4|7,7,7,7,spongent,10,,,,1,4-7,1.383832,1.053947,0.190321
1959,1,0.443436,2.614203,0.210157,197,spongent,pair=UAV4<->UAV8; config=StadiumSPONGENT,0.618432,0.0,0.0,1.995771,0.210157,0.0,StadiumSPONGENT,StadiumSPONGENT-7-20260809-23:07:23-359377,4,8,StadiumSPONGENT-7-20260809-23:07:23-359377|phase3|4|8,7,7,7,spongent,10,,,,1,4-8,1.378712,1.038929,0.189329
1960,1,0.484889,2.615326,0.216799,197,spongent,pair=UAV4<->UAV9; config=StadiumSPONGENT,0.613112,0.0,0.0,2.002214,0.216799,0.0,StadiumSPONGENT,StadiumSPONGENT-7-20260809-23:07:23-359377,4,9,StadiumSPONGENT-7-20260809-23:07:23-359377|phase3|4|9,7,7,7,spongent,10,,,,1,4-9,1.376258,1.040421,0.192284
1961,1,0.363553,1.050671,0.39909,197,spongent,pair=UAV5<->UAV0; config=StadiumSPONGENT,0.0,1.050671,0.242522,0.0,0.0,0.156568,StadiumSPONGENT,StadiumSPONGENT-7-20260809-23:07:23-359377,5,0,StadiumSPONGENT-7-20260809-23:07:23-359377|phase3|5|0,7,7,7,spongent,10,,,,0,0-5,1.370738,1.034851,0.197003
1962,1,0.389217,1.051101,0.402563,197,spongent,pair=UAV5<->UAV1; config=StadiumSPONGENT,0.0,1.051101,0.228112,0.0,0.0,0.174451,StadiumSPONGENT,StadiumSPONGENT-7-20260809-23:07:23-359377,5,1,StadiumSPONGENT-7-20260809-23:07:23-359377|phase3|5|1,7,7,7,spongent,10,,,,0,1-5,1.366258,1.050231,0.191202
1963,1,0.364842,1.072953,0.4039,197,spongent,pair=UAV5<->UAV2; config=StadiumSPONGENT,0.0,1.072953,0.253681,0.0,0.0,0.150219,StadiumSPONGENT,StadiumSPONGENT-7-20260809-23:07:23-359377,5,2,StadiumSPONGENT-7-20260809-23:07:23-359377|phase3|5|2,7,7,7,spongent,10,,,,0,2-5,1.377762,1.055039,0.199708
1964,1,0.365769,1.048076,0.388149,197,spongent,pair=UAV5<->UAV3; config=StadiumSPONGENT,0.0,1.048076,0.236768,0.0,0.0,0.151382,StadiumSPONGENT,StadiumSPONGENT-7-20260809-23:07:23-359377,5,3,StadiumSPONGENT-7-20260809-23:07:23-359377|phase3|5|3,7,7,7,spongent,10,,,,0,3-5,1.374115,1.057884,0.190902
1965,1,0.368725,1.048416,0.378726,197,spongent,pair=UAV5<->UAV4; config=StadiumSPONGENT,0.0,1.048416,0.229563,0.0,0.0,0.149163,StadiumSPONGENT,StadiumSPONGENT-7-20260809-23:07:23-359377,5,4,StadiumSPONGENT-7-20260809-23:07:23-359377|phase3|5|4,7,7,7,spongent,10,,,,0,4-5,1.381388,1.038778,0.191102
1966,1,0.472784,2.636066,0.24321,197,spongent,pair=UAV5<->UAV6; config=StadiumSPONGENT,0.630796,0.0,0.0,2.00527,0.24321,0.0,StadiumSPONGENT,StadiumSPONGENT-7-20260809-23:07:23-359377,5,6,StadiumSPONGENT-7-20260809-23:07:23-359377|phase3|5|6,7,7,7,spongent,10,,,,1,5-6,1.390464,1.047816,0.190281
1967,1,0.464424,2.803863,0.21104,197,spongent,pair=UAV5<->UAV7; config=StadiumSPONGENT,0.618592,0.0,0.0,2.185271,0.21104,0.0,StadiumSPONGENT,StadiumSPONGENT-7-20260809-23:07:23-359377,5,7,StadiumSPONGENT-7-20260809-23:07:23-359377|phase3|5|7,7,7,7,spongent,10,,,,1,5-7,1.427766,1.142385,0.22149
1968,1,0.445537,2.63307,0.216411,197,spongent,pair=UAV5<->UAV8; config=StadiumSPONGENT,0.623762,0.0,0.0,2.009308,0.216411,0.0,StadiumSPONGENT,StadiumSPONGENT-7-20260809-23:07:23-359377,5,8,StadiumSPONGENT-7-20260809-23:07:23-359377|phase3|5|8,7,7,7,spongent,10,,,,1,5-8,1.378683,1.057875,0.19008
1969,1,0.451258,2.623361,0.219308,197,spongent,pair=UAV5<->UAV9; config=StadiumSPONGENT,0.620997,0.0,0.0,2.002364,0.219308,0.0,StadiumSPONGENT,StadiumSPONGENT-7-20260809-23:07:23-359377,5,9,StadiumSPONGENT-7-20260809-23:07:23-359377|phase3|5|9,7,7,7,spongent,10,,,,1,5-9,1.384463,1.041064,0.1902
1970,1,0.389283,1.209742,0.375951,197,spongent,pair=UAV6<->UAV0; config=StadiumSPONGENT,0.0,1.209742,0.237274,0.0,0.0,0.138676,StadiumSPONGENT,StadiumSPONGENT-7-20260809-23:07:23-359377,6,0,StadiumSPONGENT-7-20260809-23:07:23-359377|phase3|6|0,7,7,7,spongent,10,,,,0,0-6,1.533467,1.060539,0.189239
1971,1,0.344463,1.046442,0.395448,197,spongent,pair=UAV6<->UAV1; config=StadiumSPONGENT,0.0,1.046442,0.261499,0.0,0.0,0.133949,StadiumSPONGENT,StadiumSPONGENT-7-20260809-23:07:23-359377,6,1,StadiumSPONGENT-7-20260809-23:07:23-359377|phase3|6|1,7,7,7,spongent,10,,,,0,1-6,1.37737,1.038678,0.190982
1972,1,0.378721,1.046503,0.404974,197,spongent,pair=UAV6<->UAV2; config=StadiumSPONGENT,0.0,1.046503,0.234589,0.0,0.0,0.170384,StadiumSPONGENT,StadiumSPONGENT-7-20260809-23:07:23-359377,6,2,StadiumSPONGENT-7-20260809-23:07:23-359377|phase3|6|2,7,7,7,spongent,10,,,,0,2-6,1.371749,1.046463,0.188247
1973,1,0.390549,1.062884,0.436452,197,spongent,pair=UAV6<->UAV3; config=StadiumSPONGENT,0.0,1.062884,0.257688,0.0,0.0,0.178764,StadiumSPONGENT,StadiumSPONGENT-7-20260809-23:07:23-359377,6,3,StadiumSPONGENT-7-20260809-23:07:23-359377|phase3|6|3,7,7,7,spongent,10,,,,0,3-6,1.380435,1.036133,0.200238
1974,1,0.393327,1.05553,0.418652,197,spongent,pair=UAV6<->UAV4; config=StadiumSPONGENT,0.0,1.05553,0.253468,0.0,0.0,0.165184,StadiumSPONGENT,StadiumSPONGENT-7-20260809-23:07:23-359377,6,4,StadiumSPONGENT-7-20260809-23:07:23-359377|phase3|6|4,7,7,7,spongent,10,,,,0,4-6,1.379083,1.052334,0.189789
1975,1,0.392491,1.099223,0.378854,197,spongent,pair=UAV6<->UAV5; config=StadiumSPONGENT,0.0,1.099223,0.229574,0.0,0.0,0.149281,StadiumSPONGENT,StadiumSPONGENT-7-20260809-23:07:23-359377,6,5,StadiumSPONGENT-7-20260809-23:07:23-359377|phase3|6|5,7,7,7,spongent,10,,,,0,5-6,1.401796,1.04484,0.201973
1976,1,0.488613,2.620064,0.232901,197,spongent,pair=UAV6<->UAV7; config=StadiumSPONGENT,0.61764,0.0,0.0,2.002424,0.232901,0.0,StadiumSPONGENT,StadiumSPONGENT-7-20260809-23:07:23-359377,6,7,StadiumSPONGENT-7-20260809-23:07:23-359377|phase3|6|7,7,7,7,spongent,10,,,,1,6-7,1.373433,1.046363,0.193668
1977,1,0.458307,2.625555,0.207848,197,spongent,pair=UAV6<->UAV8; config=StadiumSPONGENT,0.620816,0.0,0.0,2.004739,0.207848,0.0,StadiumSPONGENT,StadiumSPONGENT-7-20260809-23:07:23-359377,6,8,StadiumSPONGENT-7-20260809-23:07:23-359377|phase3|6|8,7,7,7,spongent,10,,,,1,6-8,1.371618,1.05556,0.19019
1978,1,0.467259,2.615777,0.209657,197,spongent,pair=UAV6<->UAV9; config=StadiumSPONGENT,0.620576,0.0,0.0,1.995201,0.209657,0.0,StadiumSPONGENT,StadiumSPONGENT-7-20260809-23:07:23-359377,6,9,StadiumSPONGENT-7-20260809-23:07:23-359377|phase3|6|9,7,7,7,spongent,10,,,,1,6-9,1.381136,1.038718,0.189751
1979,1,0.371171,1.157864,0.402628,197,spongent,pair=UAV7<->UAV0; config=StadiumSPONGENT,0.0,1.157864,0.238817,0.0,0.0,0.163811,StadiumSPONGENT,StadiumSPONGENT-7-20260809-23:07:23-359377,7,0,StadiumSPONGENT-7-20260809-23:07:23-359377|phase3|7|0,7,7,7,spongent,10,,,,0,0-7,1.429508,1.096327,0.204707
1980,1,0.354427,1.044008,0.386764,197,spongent,pair=UAV7<->UAV1; config=StadiumSPONGENT,0.0,1.044008,0.240316,0.0,0.0,0.146449,StadiumSPONGENT,StadiumSPONGENT-7-20260809-23:07:23-359377,7,1,StadiumSPONGENT-7-20260809-23:07:23-359377|phase3|7|1,7,7,7,spongent,10,,,,0,1-7,1.375537,1.040812,0.190361
1981,1,0.350546,1.04491,0.394494,197,spongent,pair=UAV7<->UAV2; config=StadiumSPONGENT,0.0,1.04491,0.251448,0.0,0.0,0.143046,StadiumSPONGENT,StadiumSPONGENT-7-20260809-23:07:23-359377,7,2,StadiumSPONGENT-7-20260809-23:07:23-359377|phase3|7|2,7,7,7,spongent,10,,,,0,2-7,1.368114,1.06051,0.204317
1982,1,0.337096,1.059237,0.39132,197,spongent,pair=UAV7<->UAV3; config=StadiumSPONGENT,0.0,1.059237,0.258691,0.0,0.0,0.132629,StadiumSPONGENT,StadiumSPONGENT-7-20260809-23:07:23-359377,7,3,StadiumSPONGENT-7-20260809-23:07:23-359377|phase3|7|3,7,7,7,spongent,10,,,,0,3-7,1.381017,1.041925,0.192826
1983,1,0.355597,1.077441,0.372884,197,spongent,pair=UAV7<->UAV4; config=StadiumSPONGENT,0.0,1.077441,0.234657,0.0,0.0,0.138228,StadiumSPONGENT,StadiumSPONGENT-7-20260809-23:07:23-359377,7,4,StadiumSPONGENT-7-20260809-23:07:23-359377|phase3|7|4,7,7,7,spongent,10,,,,0,4-7,1.403501,1.044249,0.202915
1984,1,0.346003,1.046233,0.388347,197,spongent,pair=UAV7<->UAV5; config=StadiumSPONGENT,0.0,1.046233,0.253384,0.0,0.0,0.134963,StadiumSPONGENT,StadiumSPONGENT-7-20260809-23:07:23-359377,7,5,StadiumSPONGENT-7-20260809-23:07:23-359377|phase3|7|5,7,7,7,spongent,10,,,,0,5-7,1.383492,1.110915,0.189849
1985,1,0.38277,1.222907,0.405581,197,spongent,pair=UAV7<->UAV6; config=StadiumSPONGENT,0.0,1.222907,0.255712,0.0,0.0,0.149869,StadiumSPONGENT,StadiumSPONGENT-7-20260809-23:07:23-359377,7,6,StadiumSPONGENT-7-20260809-23:07:23-359377|phase3|7|6,7,7,7,spongent,10,,,,0,6-7,1.501666,1.035752,0.228634
1986,1,0.456419,2.82869,0.222345,197,spongent,pair=UAV7<->UAV8; config=StadiumSPONGENT,0.614414,0.0,0.0,2.214276,0.222345,0.0,StadiumSPONGENT,StadiumSPONGENT-7-20260809-23:07:23-359377,7,8,StadiumSPONGENT-7-20260809-23:07:23-359377|phase3|7|8,7,7,7,spongent,10,,,,1,7-8,1.574533,1.048637,0.19525
1987,1,0.450145,2.852766,0.221208,197,spongent,pair=UAV7<->UAV9; config=StadiumSPONGENT,0.623161,0.0,0.0,2.229605,0.221208,0.0,StadiumSPONGENT,StadiumSPONGENT-7-20260809-23:07:23-359377,7,9,StadiumSPONGENT-7-20260809-23:07:23-359377|phase3|7|9,7,7,7,spongent,10,,,,1,7-9,1.447584,1.16106,0.234995
1988,1,0.361387,1.05566,0.374442,197,spongent,pair=UAV8<->UAV0; config=StadiumSPONGENT,0.0,1.05566,0.236367,0.0,0.0,0.138075,StadiumSPONGENT,StadiumSPONGENT-7-20260809-23:07:23-359377,8,0,StadiumSPONGENT-7-20260809-23:07:23-359377|phase3|8|0,7,7,7,spongent,10,,,,0,0-8,1.514229,1.091538,0.245815
1989,1,0.36346,1.053877,0.399786,197,spongent,pair=UAV8<->UAV1; config=StadiumSPONGENT,0.0,1.053877,0.242341,0.0,0.0,0.157445,StadiumSPONGENT,StadiumSPONGENT-7-20260809-23:07:23-359377,8,1,StadiumSPONGENT-7-20260809-23:07:23-359377|phase3|8|1,7,7,7,spongent,10,,,,0,1-8,1.370599,1.042907,0.190321
1990,1,0.397204,1.051362,0.401093,197,spongent,pair=UAV8<->UAV2; config=StadiumSPONGENT,0.0,1.051362,0.252511,0.0,0.0,0.148582,StadiumSPONGENT,StadiumSPONGENT-7-20260809-23:07:23-359377,8,2,StadiumSPONGENT-7-20260809-23:07:23-359377|phase3|8|2,7,7,7,spongent,10,,,,0,2-8,1.372912,1.034782,0.189971
1991,1,0.360847,1.042435,0.38006,197,spongent,pair=UAV8<->UAV3; config=StadiumSPONGENT,0.0,1.042435,0.234268,0.0,0.0,0.145792,StadiumSPONGENT,StadiumSPONGENT-7-20260809-23:07:23-359377,8,3,StadiumSPONGENT-7-20260809-23:07:23-359377|phase3|8|3,7,7,7,spongent,10,,,,0,3-8,1.370688,1.041684,0.190131
1992,1,0.368256,1.046843,0.391377,197,spongent,pair=UAV8<->UAV4; config=StadiumSPONGENT,0.0,1.046843,0.233279,0.0,0.0,0.158099,StadiumSPONGENT,StadiumSPONGENT-7-20260809-23:07:23-359377,8,4,StadiumSPONGENT-7-20260809-23:07:23-359377|phase3|8|4,7,7,7,spongent,10,,,,0,4-8,1.58276,1.052965,0.194439
1993,1,0.362876,1.057223,0.37559,197,spongent,pair=UAV8<->UAV5; config=StadiumSPONGENT,0.0,1.057223,0.229126,0.0,0.0,0.146465,StadiumSPONGENT,StadiumSPONGENT-7-20260809-23:07:23-359377,8,5,StadiumSPONGENT-7-20260809-23:07:23-359377|phase3|8|5,7,7,7,spongent,10,,,,0,5-8,1.396576,1.046583,0.192595
1994,1,0.36722,1.049619,0.409832,197,spongent,pair=UAV8<->UAV6; config=StadiumSPONGENT,0.0,1.049619,0.250459,0.0,0.0,0.159373,StadiumSPONGENT,StadiumSPONGENT-7-20260809-23:07:23-359377,8,6,StadiumSPONGENT-7-20260809-23:07:23-359377|phase3|8|6,7,7,7,spongent,10,,,,0,6-8,1.376098,1.033478,0.196162
1995,1,0.369087,1.056251,0.380816,197,spongent,pair=UAV8<->UAV7; config=StadiumSPONGENT,0.0,1.056251,0.234074,0.0,0.0,0.146742,StadiumSPONGENT,StadiumSPONGENT-7-20260809-23:07:23-359377,8,7,StadiumSPONGENT-7-20260809-23:07:23-359377|phase3|8|7,7,7,7,spongent,10,,,,0,7-8,1.37731,1.052754,0.190902
1996,1,0.450945,2.63374,0.215184,197,spongent,pair=UAV8<->UAV9; config=StadiumSPONGENT,0.616508,0.0,0.0,2.017232,0.215184,0.0,StadiumSPONGENT,StadiumSPONGENT-7-20260809-23:07:23-359377,8,9,StadiumSPONGENT-7-20260809-23:07:23-359377|phase3|8|9,7,7,7,spongent,10,,,,1,8-9,1.382931,1.045382,0.197093
1997,1,0.446424,1.06577,0.426434,197,spongent,pair=UAV9<->UAV0; config=StadiumSPONGENT,0.0,1.06577,0.260832,0.0,0.0,0.165602,StadiumSPONGENT,StadiumSPONGENT-7-20260809-23:07:23-359377,9,0,StadiumSPONGENT-7-20260809-23:07:23-359377|phase3|9|0,7,7,7,spongent,10,,,,0,0-9,1.386798,1.062874,0.189921
1998,1,0.345612,1.05051,0.366223,197,spongent,pair=UAV9<->UAV1; config=StadiumSPONGENT,0.0,1.05051,0.233188,0.0,0.0,0.133035,StadiumSPONGENT,StadiumSPONGENT-7-20260809-23:07:23-359377,9,1,StadiumSPONGENT-7-20260809-23:07:23-359377|phase3|9|1,7,7,7,spongent,10,,,,0,1-9,1.370636,1.158325,0.191352
1999,1,0.362284,1.05017,0.394108,197,spongent,pair=UAV9<->UAV2; config=StadiumSPONGENT,0.0,1.05017,0.242699,0.0,0.0,0.151408,StadiumSPONGENT,StadiumSPONGENT-7-20260809-23:07:23-359377,9,2,StadiumSPONGENT-7-20260809-23:07:23-359377|phase3|9|2,7,7,7,spongent,10,,,,0,2-9,1.372048,1.19758,0.201702
2000,1,0.358441,1.083493,0.373392,197,spongent,pair=UAV9<->UAV3; config=StadiumSPONGENT,0.0,1.083493,0.233581,0.0,0.0,0.139811,StadiumSPONGENT,StadiumSPONGENT-7-20260809-23:07:23-359377,9,3,StadiumSPONGENT-7-20260809-23:07:23-359377|phase3|9|3,7,7,7,spongent,10,,,,0,3-9,1.3671,1.078793,0.192916
2001,1,0.349796,1.070438,0.401088,197,spongent,pair=UAV9<->UAV4; config=StadiumSPONGENT,0.0,1.070438,0.26809,0.0,0.0,0.132997,StadiumSPONGENT,StadiumSPONGENT-7-20260809-23:07:23-359377,9,4,StadiumSPONGENT-7-20260809-23:07:23-359377|phase3|9|4,7,7,7,spongent,10,,,,0,4-9,1.384233,1.040312,0.208295
2002,1,0.379264,1.064537,0.391905,197,spongent,pair=UAV9<->UAV5; config=StadiumSPONGENT,0.0,1.064537,0.23195,0.0,0.0,0.159955,StadiumSPONGENT,StadiumSPONGENT-7-20260809-23:07:23-359377,9,5,StadiumSPONGENT-7-20260809-23:07:23-359377|phase3|9|5,7,7,7,spongent,10,,,,0,5-9,1.383912,1.047425,0.190952
2003,1,0.35512,1.057444,0.403065,197,spongent,pair=UAV9<->UAV6; config=StadiumSPONGENT,0.0,1.057444,0.257602,0.0,0.0,0.145463,StadiumSPONGENT,StadiumSPONGENT-7-20260809-23:07:23-359377,9,6,StadiumSPONGENT-7-20260809-23:07:23-359377|phase3|9|6,7,7,7,spongent,10,,,,0,6-9,1.383713,1.04466,0.193205
2004,1,0.373093,1.04492,0.380822,197,spongent,pair=UAV9<->UAV7; config=StadiumSPONGENT,0.0,1.04492,0.228937,0.0,0.0,0.151885,StadiumSPONGENT,StadiumSPONGENT-7-20260809-23:07:23-359377,9,7,StadiumSPONGENT-7-20260809-23:07:23-359377|phase3|9|7,7,7,7,spongent,10,,,,0,7-9,1.376809,1.052274,0.191913
2005,1,0.349327,1.05559,0.369905,197,spongent,pair=UAV9<->UAV8; config=StadiumSPONGENT,0.0,1.05559,0.235762,0.0,0.0,0.134144,StadiumSPONGENT,StadiumSPONGENT-7-20260809-23:07:23-359377,9,8,StadiumSPONGENT-7-20260809-23:07:23-359377|phase3|9|8,7,7,7,spongent,10,,,,0,8-9,1.384994,1.049319,0.194328
