idx,run_id,config,runnumber,repetition,seedset,uav_id,sig_suite,success,wall_latency_ms,compute_ms,net_ms,sign_ms,verify_ms,mac_ms,kdf_ms,dh_ms,overhead_bytes,bytes_b1,bytes_b2,bytes_b3,bytes_b4
0,BaselineRSA-0-20260922-20:33:04-1128111,BaselineRSA,0,0,0,0,rsa2048,1,1.419876,1.353415,0.703512,1.000482,0.025668,0.008165,0.020918,0.144547,703,330,325,24,24
1,BaselineRSA-0-20260922-20:33:04-1128111,BaselineRSA,0,0,0,1,rsa2048,1,1.40047,1.080671,0.707386,0.818254,0.032601,0.00499,0.007554,0.101899,703,330,325,24,24
2,BaselineRSA-0-20260922-20:33:04-1128111,BaselineRSA,0,0,0,2,rsa2048,1,1.373585,1.043423,0.678801,0.804689,0.023904,0.004829,0.006833,0.099915,703,330,325,24,24
3,BaselineRSA-0-20260922-20:33:04-1128111,BaselineRSA,0,0,0,3,rsa2048,1,1.395154,1.05977,0.685433,0.807705,0.024876,0.004879,0.007243,0.105194,703,330,325,24,24
4,BaselineRSA-0-20260922-20:33:04-1128111,BaselineRSA,0,0,0,4,rsa2048,1,1.439213,1.049441,0.732542,0.81015,0.023764,0.004919,0.007113,0.100015,703,330,325,24,24
5,BaselineRSA-0-20260922-20:33:04-1128111,BaselineRSA,0,0,0,5,rsa2048,1,1.387226,1.047348,0.701233,0.795512,0.024816,0.004919,0.007044,0.105335,703,330,325,24,24
6,BaselineRSA-0-20260922-20:33:04-1128111,BaselineRSA,0,0,0,6,rsa2048,1,1.410177,1.055073,0.709557,0.813977,0.024475,0.004889,0.006983,0.100296,703,330,325,24,24
7,BaselineRSA-0-20260922-20:33:04-1128111,BaselineRSA,0,0,0,7,rsa2048,1,1.383066,1.130632,0.676895,0.850374,0.036508,0.005329,0.01033,0.10301,703,330,325,24,24
8,BaselineRSA-0-20260922-20:33:04-1128111,BaselineRSA,0,0,0,8,rsa2048,1,1.442465,1.101619,0.689708,0.853239,0.025117,0.00508,0.008055,0.102159,703,330,325,24,24
9,BaselineRSA-0-20260922-20:33:04-1128111,BaselineRSA,0,0,0,9,rsa2048,1,1.40048,1.047389,0.701856,0.804359,0.024716,0.004859,0.007134,0.100947,703,330,325,24,24
10,BaselineRSA-1-20260922-20:33:04-1128111,BaselineRSA,1,1,1,0,rsa2048,1,1.384817,1.115464,0.681807,0.832451,0.025387,0.00519,0.014597,0.112738,703,330,325,24,24
11,BaselineRSA-1-20260922-20:33:04-1128111,BaselineRSA,1,1,1,1,rsa2048,1,1.397648,1.06965,0.682113,0.811181,0.031799,0.00507,0.007243,0.100787,703,330,325,24,24
12,BaselineRSA-1-20260922-20:33:04-1128111,BaselineRSA,1,1,1,2,rsa2048,1,1.412723,1.039002,0.714559,0.800882,0.023694,0.004939,0.007123,0.099475,703,330,325,24,24
13,BaselineRSA-1-20260922-20:33:04-1128111,BaselineRSA,1,1,1,3,rsa2048,1,1.393817,1.037099,0.700302,0.79408,0.024365,0.004999,0.007214,0.100986,703,330,325,24,24
14,BaselineRSA-1-20260922-20:33:04-1128111,BaselineRSA,1,1,1,4,rsa2048,1,1.414113,1.032631,0.686879,0.794952,0.023654,0.004919,0.006973,0.099475,703,330,325,24,24
15,BaselineRSA-1-20260922-20:33:04-1128111,BaselineRSA,1,1,1,5,rsa2048,1,1.385314,1.030597,0.707773,0.78857,0.024655,0.004899,0.007063,0.100526,703,330,325,24,24
16,BaselineRSA-1-20260922-20:33:04-1128111,BaselineRSA,1,1,1,6,rsa2048,1,1.461495,1.045765,0.699861,0.806133,0.024215,0.004939,0.006893,0.099875,703,330,325,24,24
17,BaselineRSA-1-20260922-20:33:04-1128111,BaselineRSA,1,1,1,7,rsa2048,1,1.408456,1.038753,0.702499,0.797867,0.023634,0.00494,0.006712,0.102831,703,330,325,24,24
18,BaselineRSA-1-20260922-20:33:04-1128111,BaselineRSA,1,1,1,8,rsa2048,1,1.452823,1.036157,0.747403,0.797536,0.024475,0.005149,0.006622,0.099414,703,330,325,24,24
19,BaselineRSA-1-20260922-20:33:04-1128111,BaselineRSA,1,1,1,9,rsa2048,1,1.384561,1.191607,0.699699,0.88086,0.037159,0.00519,0.012794,0.115343,703,330,325,24,24
20,BaselineRSA-10-20260922-20:33:08-1128111,BaselineRSA,10,10,10,0,rsa2048,1,1.425129,1.160549,0.697189,0.816151,0.040926,0.00529,0.014106,0.127106,703,330,325,24,24
21,BaselineRSA-10-20260922-20:33:08-1128111,BaselineRSA,10,10,10,1,rsa2048,1,1.381388,1.099684,0.698515,0.829476,0.026579,0.00525,0.011792,0.110585,703,330,325,24,24
22,BaselineRSA-10-20260922-20:33:08-1128111,BaselineRSA,10,10,10,2,rsa2048,1,1.426366,1.064992,0.715195,0.82114,0.024636,0.004989,0.007253,0.101469,703,330,325,24,24
23,BaselineRSA-10-20260922-20:33:08-1128111,BaselineRSA,10,10,10,3,rsa2048,1,1.369075,1.035437,0.689005,0.79399,0.024545,0.004939,0.006903,0.100746,703,330,325,24,24
24,BaselineRSA-10-20260922-20:33:08-1128111,BaselineRSA,10,10,10,4,rsa2048,1,1.357821,1.04821,0.667396,0.809158,0.024305,0.00481,0.006893,0.099795,703,330,325,24,24
25,BaselineRSA-10-20260922-20:33:08-1128111,BaselineRSA,10,10,10,5,rsa2048,1,1.419878,1.036298,0.70637,0.797055,0.024105,0.004849,0.006832,0.099865,703,330,325,24,24
26,BaselineRSA-10-20260922-20:33:08-1128111,BaselineRSA,10,10,10,6,rsa2048,1,1.407218,1.041006,0.686854,0.797056,0.024005,0.004859,0.006552,0.106266,703,330,325,24,24
27,BaselineRSA-10-20260922-20:33:08-1128111,BaselineRSA,10,10,10,7,rsa2048,1,1.400367,1.044915,0.711686,0.804349,0.024545,0.00488,0.006953,0.099875,703,330,325,24,24
28,BaselineRSA-10-20260922-20:33:08-1128111,BaselineRSA,10,10,10,8,rsa2048,1,1.43115,1.053381,0.726211,0.816301,0.023674,0.004909,0.006602,0.099755,703,330,325,24,24
29,BaselineRSA-10-20260922-20:33:08-1128111,BaselineRSA,10,10,10,9,rsa2048,1,1.395243,1.054272,0.691175,0.812685,0.024465,0.004859,0.007224,0.100556,703,330,325,24,24
30,BaselineRSA-11-20260922-20:33:09-1128111,BaselineRSA,11,11,11,0,rsa2048,1,1.41108,1.144428,0.713368,0.832582,0.024846,0.00545,0.013575,0.13498,703,330,325,24,24
31,BaselineRSA-11-20260922-20:33:09-1128111,BaselineRSA,11,11,11,1,rsa2048,1,1.394384,1.048892,0.717634,0.805872,0.024906,0.005159,0.007193,0.100115,703,330,325,24,24
32,BaselineRSA-11-20260922-20:33:09-1128111,BaselineRSA,11,11,11,2,rsa2048,1,1.415383,1.045215,0.727677,0.802957,0.024776,0.004888,0.006902,0.100587,703,330,325,24,24
33,BaselineRSA-11-20260922-20:33:09-1128111,BaselineRSA,11,11,11,3,rsa2048,1,1.38358,1.03128,0.688876,0.793799,0.023694,0.004808,0.006592,0.099914,703,330,325,24,24
34,BaselineRSA-11-20260922-20:33:09-1128111,BaselineRSA,11,11,11,4,rsa2048,1,1.414382,1.039506,0.705527,0.798708,0.024425,0.004829,0.007113,0.100156,703,330,325,24,24
35,BaselineRSA-11-20260922-20:33:09-1128111,BaselineRSA,11,11,11,5,rsa2048,1,1.385455,1.031341,0.704503,0.791695,0.024375,0.00487,0.006722,0.100336,703,330,325,24,24
36,BaselineRSA-11-20260922-20:33:09-1128111,BaselineRSA,11,11,11,6,rsa2048,1,1.411402,1.175885,0.704957,0.920314,0.025117,0.005219,0.011331,0.101949,703,330,325,24,24
37,BaselineRSA-11-20260922-20:33:09-1128111,BaselineRSA,11,11,11,7,rsa2048,1,1.440095,1.06978,0.706045,0.821851,0.025196,0.00494,0.007874,0.101839,703,330,325,24,24
38,BaselineRSA-11-20260922-20:33:09-1128111,BaselineRSA,11,11,11,8,rsa2048,1,1.403693,1.045094,0.690772,0.802746,0.024746,0.004898,0.007063,0.100396,703,330,325,24,24
39,BaselineRSA-11-20260922-20:33:09-1128111,BaselineRSA,11,11,11,9,rsa2048,1,1.424833,1.04264,0.717523,0.803628,0.023984,0.004889,0.006802,0.100066,703,330,325,24,24
40,BaselineRSA-12-20260922-20:33:09-1128111,BaselineRSA,12,12,12,0,rsa2048,1,1.431777,1.090728,0.726929,0.812865,0.025026,0.005601,0.013255,0.111286,703,330,325,24,24
41,BaselineRSA-12-20260922-20:33:09-1128111,BaselineRSA,12,12,12,1,rsa2048,1,1.391028,1.061063,0.711987,0.805841,0.030356,0.00504,0.007203,0.100748,703,330,325,24,24
42,BaselineRSA-12-20260922-20:33:09-1128111,BaselineRSA,12,12,12,2,rsa2048,1,1.403864,1.052166,0.721356,0.812624,0.024104,0.004898,0.006813,0.100256,703,330,325,24,24
43,BaselineRSA-12-20260922-20:33:09-1128111,BaselineRSA,12,12,12,3,rsa2048,1,1.41557,1.046518,0.695231,0.804029,0.024586,0.004819,0.006963,0.101869,703,330,325,24,24
44,BaselineRSA-12-20260922-20:33:09-1128111,BaselineRSA,12,12,12,4,rsa2048,1,1.416991,1.103954,0.700595,0.839945,0.024535,0.005018,0.010249,0.108289,703,330,325,24,24
45,BaselineRSA-12-20260922-20:33:09-1128111,BaselineRSA,12,12,12,5,rsa2048,1,1.445625,1.053661,0.699421,0.81008,0.024645,0.00496,0.007434,0.100867,703,330,325,24,24
46,BaselineRSA-12-20260922-20:33:09-1128111,BaselineRSA,12,12,12,6,rsa2048,1,1.416866,1.044883,0.721067,0.803488,0.024275,0.004939,0.006963,0.100827,703,330,325,24,24
47,BaselineRSA-12-20260922-20:33:09-1128111,BaselineRSA,12,12,12,7,rsa2048,1,1.412788,1.032341,0.701058,0.79412,0.023824,0.004979,0.006853,0.099785,703,330,325,24,24
48,BaselineRSA-12-20260922-20:33:09-1128111,BaselineRSA,12,12,12,8,rsa2048,1,1.377531,1.04199,0.679011,0.795462,0.024525,0.004879,0.006733,0.106496,703,330,325,24,24
49,BaselineRSA-12-20260922-20:33:09-1128111,BaselineRSA,12,12,12,9,rsa2048,1,1.374653,1.037842,0.674748,0.798117,0.024125,0.00501,0.006713,0.100346,703,330,325,24,24
50,BaselineRSA-13-20260922-20:33:10-1128111,BaselineRSA,13,13,13,0,rsa2048,1,1.384638,1.117038,0.704528,0.822723,0.028853,0.005491,0.013986,0.114883,703,330,325,24,24
51,BaselineRSA-13-20260922-20:33:10-1128111,BaselineRSA,13,13,13,1,rsa2048,1,1.380546,1.045144,0.679622,0.791125,0.025237,0.004949,0.008125,0.1081,703,330,325,24,24
52,BaselineRSA-13-20260922-20:33:10-1128111,BaselineRSA,13,13,13,2,rsa2048,1,1.392546,1.089537,0.679018,0.805131,0.034494,0.005119,0.008436,0.109664,703,330,325,24,24
53,BaselineRSA-13-20260922-20:33:10-1128111,BaselineRSA,13,13,13,3,rsa2048,1,1.366158,1.04838,0.685737,0.802325,0.025767,0.004999,0.007504,0.100647,703,330,325,24,24
54,BaselineRSA-13-20260922-20:33:10-1128111,BaselineRSA,13,13,13,4,rsa2048,1,1.410067,1.043201,0.714398,0.803307,0.024756,0.00496,0.006692,0.099685,703,330,325,24,24
55,BaselineRSA-13-20260922-20:33:10-1128111,BaselineRSA,13,13,13,5,rsa2048,1,1.374912,1.065951,0.685124,0.814719,0.024235,0.004919,0.006913,0.105636,703,330,325,24,24
56,BaselineRSA-13-20260922-20:33:10-1128111,BaselineRSA,13,13,13,6,rsa2048,1,1.386751,1.045164,0.674158,0.798137,0.026629,0.004899,0.007324,0.100796,703,330,325,24,24
57,BaselineRSA-13-20260922-20:33:10-1128111,BaselineRSA,13,13,13,7,rsa2048,1,1.438295,1.08001,0.73897,0.802074,0.024635,0.00537,0.011611,0.113229,703,330,325,24,24
58,BaselineRSA-13-20260922-20:33:10-1128111,BaselineRSA,13,13,13,8,rsa2048,1,1.432786,1.07476,0.708281,0.816171,0.024395,0.005369,0.014046,0.101357,703,330,325,24,24
59,BaselineRSA-13-20260922-20:33:10-1128111,BaselineRSA,13,13,13,9,rsa2048,1,1.40162,1.091491,0.709851,0.818014,0.025588,0.00503,0.008626,0.112929,703,330,325,24,24
60,BaselineRSA-14-20260922-20:33:10-1128111,BaselineRSA,14,14,14,0,rsa2048,1,1.399543,1.10669,0.697194,0.822022,0.025447,0.00537,0.015108,0.112548,703,330,325,24,24
61,BaselineRSA-14-20260922-20:33:10-1128111,BaselineRSA,14,14,14,1,rsa2048,1,1.395869,1.043692,0.684411,0.801684,0.024966,0.004869,0.006852,0.100116,703,330,325,24,24
62,BaselineRSA-14-20260922-20:33:10-1128111,BaselineRSA,14,14,14,2,rsa2048,1,1.397002,1.050425,0.693129,0.799269,0.024776,0.004809,0.006982,0.105094,703,330,325,24,24
63,BaselineRSA-14-20260922-20:33:10-1128111,BaselineRSA,14,14,14,3,rsa2048,1,1.416466,1.044083,0.717304,0.803708,0.024615,0.004899,0.006993,0.099836,703,330,325,24,24
64,BaselineRSA-14-20260922-20:33:10-1128111,BaselineRSA,14,14,14,4,rsa2048,1,1.389156,1.038864,0.685784,0.800602,0.024145,0.004879,0.006863,0.099654,703,330,325,24,24
65,BaselineRSA-14-20260922-20:33:10-1128111,BaselineRSA,14,14,14,5,rsa2048,1,1.391493,1.044304,0.679059,0.806713,0.024215,0.004759,0.006502,0.099644,703,330,325,24,24
66,BaselineRSA-14-20260922-20:33:10-1128111,BaselineRSA,14,14,14,6,rsa2048,1,1.375898,1.062709,0.693646,0.808677,0.024435,0.004899,0.007324,0.106507,703,330,325,24,24
67,BaselineRSA-14-20260922-20:33:10-1128111,BaselineRSA,14,14,14,7,rsa2048,1,1.386073,1.047019,0.690756,0.808636,0.024355,0.004848,0.006643,0.099794,703,330,325,24,24
68,BaselineRSA-14-20260922-20:33:10-1128111,BaselineRSA,14,14,14,8,rsa2048,1,1.425627,1.038794,0.689897,0.800461,0.024245,0.00484,0.006783,0.099344,703,330,325,24,24
69,BaselineRSA-14-20260922-20:33:10-1128111,BaselineRSA,14,14,14,9,rsa2048,1,1.419301,1.042531,0.702016,0.801173,0.023924,0.004898,0.007604,0.100386,703,330,325,24,24
70,BaselineRSA-15-20260922-20:33:11-1128111,BaselineRSA,15,15,15,0,rsa2048,1,1.432159,1.099184,0.71585,0.812304,0.025107,0.00527,0.013945,0.11903,703,330,325,24,24
71,BaselineRSA-15-20260922-20:33:11-1128111,BaselineRSA,15,15,15,1,rsa2048,1,1.384431,1.051476,0.673576,0.801033,0.02697,0.005038,0.007804,0.101078,703,330,325,24,24
72,BaselineRSA-15-20260922-20:33:11-1128111,BaselineRSA,15,15,15,2,rsa2048,1,1.402456,1.047098,0.685268,0.805721,0.024445,0.004889,0.007064,0.100246,703,330,325,24,24
73,BaselineRSA-15-20260922-20:33:11-1128111,BaselineRSA,15,15,15,3,rsa2048,1,1.395041,1.042941,0.694179,0.805381,0.023744,0.00485,0.006813,0.099544,703,330,325,24,24
74,BaselineRSA-15-20260922-20:33:11-1128111,BaselineRSA,15,15,15,4,rsa2048,1,1.403418,1.040927,0.685994,0.802857,0.024044,0.004828,0.006743,0.099675,703,330,325,24,24
75,BaselineRSA-15-20260922-20:33:11-1128111,BaselineRSA,15,15,15,5,rsa2048,1,1.381453,1.083616,0.693899,0.822021,0.024225,0.00505,0.008446,0.108891,703,330,325,24,24
76,BaselineRSA-15-20260922-20:33:11-1128111,BaselineRSA,15,15,15,6,rsa2048,1,1.416778,1.056856,0.722805,0.811562,0.024325,0.004949,0.008085,0.101307,703,330,325,24,24
77,BaselineRSA-15-20260922-20:33:11-1128111,BaselineRSA,15,15,15,7,rsa2048,1,1.401956,1.048992,0.71693,0.79966,0.02694,0.005029,0.007464,0.101267,703,330,325,24,24
78,BaselineRSA-15-20260922-20:33:11-1128111,BaselineRSA,15,15,15,8,rsa2048,1,1.403228,1.04859,0.708275,0.811512,0.023864,0.004798,0.006733,0.099544,703,330,325,24,24
79,BaselineRSA-15-20260922-20:33:11-1128111,BaselineRSA,15,15,15,9,rsa2048,1,1.397771,1.038895,0.697594,0.800883,0.023974,0.00482,0.006823,0.099684,703,330,325,24,24
80,BaselineRSA-16-20260922-20:33:11-1128111,BaselineRSA,16,16,16,0,rsa2048,1,1.385973,1.108471,0.691125,0.826871,0.025647,0.005359,0.013595,0.112359,703,330,325,24,24
81,BaselineRSA-16-20260922-20:33:11-1128111,BaselineRSA,16,16,16,1,rsa2048,1,1.383358,1.048851,0.676976,0.806233,0.024856,0.004948,0.007044,0.100375,703,330,325,24,24
82,BaselineRSA-16-20260922-20:33:11-1128111,BaselineRSA,16,16,16,2,rsa2048,1,1.373328,1.057718,0.678211,0.816051,0.024366,0.00514,0.006873,0.100526,703,330,325,24,24
83,BaselineRSA-16-20260922-20:33:11-1128111,BaselineRSA,16,16,16,3,rsa2048,1,1.371978,1.046087,0.683647,0.806533,0.024275,0.004899,0.006693,0.100085,703,330,325,24,24
84,BaselineRSA-16-20260922-20:33:11-1128111,BaselineRSA,16,16,16,4,rsa2048,1,1.380053,1.041666,0.674474,0.803167,0.023795,0.004848,0.006743,0.100085,703,330,325,24,24
85,BaselineRSA-16-20260922-20:33:11-1128111,BaselineRSA,16,16,16,5,rsa2048,1,1.43587,1.070332,0.717674,0.802626,0.031378,0.005119,0.009547,0.103743,703,330,325,24,24
86,BaselineRSA-16-20260922-20:33:11-1128111,BaselineRSA,16,16,16,6,rsa2048,1,1.409708,1.083857,0.689919,0.8265,0.027881,0.005109,0.007725,0.103972,703,330,325,24,24
87,BaselineRSA-16-20260922-20:33:11-1128111,BaselineRSA,16,16,16,7,rsa2048,1,1.390566,1.074538,0.699574,0.828223,0.024996,0.005079,0.007424,0.101447,703,330,325,24,24
88,BaselineRSA-16-20260922-20:33:11-1128111,BaselineRSA,16,16,16,8,rsa2048,1,1.38503,1.042199,0.676288,0.79942,0.024255,0.004888,0.007153,0.101277,703,330,325,24,24
89,BaselineRSA-16-20260922-20:33:11-1128111,BaselineRSA,16,16,16,9,rsa2048,1,1.431962,1.065032,0.729105,0.808687,0.024365,0.00494,0.007123,0.108,703,330,325,24,24
90,BaselineRSA-17-20260922-20:33:12-1128111,BaselineRSA,17,17,17,0,rsa2048,1,1.410151,1.125683,0.691407,0.831339,0.029756,0.00531,0.014266,0.114021,703,330,325,24,24
91,BaselineRSA-17-20260922-20:33:12-1128111,BaselineRSA,17,17,17,1,rsa2048,1,1.386202,1.049261,0.692833,0.803878,0.025086,0.005079,0.007334,0.101158,703,330,325,24,24
92,BaselineRSA-17-20260922-20:33:12-1128111,BaselineRSA,17,17,17,2,rsa2048,1,1.363002,1.056075,0.680654,0.811472,0.025096,0.004988,0.007263,0.100887,703,330,325,24,24
93,BaselineRSA-17-20260922-20:33:12-1128111,BaselineRSA,17,17,17,3,rsa2048,1,1.411656,1.102492,0.689713,0.802215,0.028332,0.007143,0.012133,0.117958,703,330,325,24,24
94,BaselineRSA-17-20260922-20:33:12-1128111,BaselineRSA,17,17,17,4,rsa2048,1,1.415989,1.138467,0.734714,0.831599,0.039583,0.00534,0.009698,0.113239,703,330,325,24,24
95,BaselineRSA-17-20260922-20:33:12-1128111,BaselineRSA,17,17,17,5,rsa2048,1,1.41928,1.064932,0.69772,0.818054,0.025387,0.004939,0.007414,0.101959,703,330,325,24,24
96,BaselineRSA-17-20260922-20:33:12-1128111,BaselineRSA,17,17,17,6,rsa2048,1,1.427768,1.061044,0.696915,0.812143,0.026218,0.005019,0.007334,0.101948,703,330,325,24,24
97,BaselineRSA-17-20260922-20:33:12-1128111,BaselineRSA,17,17,17,7,rsa2048,1,1.456335,1.054953,0.705141,0.813315,0.023974,0.00505,0.007494,0.100455,703,330,325,24,24
98,BaselineRSA-17-20260922-20:33:12-1128111,BaselineRSA,17,17,17,8,rsa2048,1,1.39794,1.04327,0.701731,0.79977,0.024686,0.004999,0.007123,0.101378,703,330,325,24,24
99,BaselineRSA-17-20260922-20:33:12-1128111,BaselineRSA,17,17,17,9,rsa2048,1,1.425789,1.045967,0.680375,0.801314,0.025558,0.004968,0.007234,0.100586,703,330,325,24,24
100,BaselineRSA-18-20260922-20:33:12-1128111,BaselineRSA,18,18,18,0,rsa2048,1,1.444893,1.16678,0.767591,0.814397,0.038191,0.006552,0.015719,0.131925,703,330,325,24,24
101,BaselineRSA-18-20260922-20:33:12-1128111,BaselineRSA,18,18,18,1,rsa2048,1,1.383082,1.209037,0.689445,0.912479,0.034163,0.005189,0.011081,0.116827,703,330,325,24,24
102,BaselineRSA-18-20260922-20:33:12-1128111,BaselineRSA,18,18,18,2,rsa2048,1,1.410461,1.102152,0.69449,0.838623,0.028884,0.005179,0.010189,0.10279,703,330,325,24,24
103,BaselineRSA-18-20260922-20:33:12-1128111,BaselineRSA,18,18,18,3,rsa2048,1,1.441487,1.055354,0.682225,0.813867,0.024446,0.005029,0.007093,0.100175,703,330,325,24,24
104,BaselineRSA-18-20260922-20:33:12-1128111,BaselineRSA,18,18,18,4,rsa2048,1,1.420892,1.041147,0.71404,0.79974,0.024776,0.004849,0.007043,0.099915,703,330,325,24,24
105,BaselineRSA-18-20260922-20:33:12-1128111,BaselineRSA,18,18,18,5,rsa2048,1,1.437954,1.037841,0.730065,0.798899,0.023954,0.00486,0.007263,0.099584,703,330,325,24,24
106,BaselineRSA-18-20260922-20:33:12-1128111,BaselineRSA,18,18,18,6,rsa2048,1,1.423453,1.03731,0.734187,0.800993,0.023804,0.004749,0.006542,0.099285,703,330,325,24,24
107,BaselineRSA-18-20260922-20:33:12-1128111,BaselineRSA,18,18,18,7,rsa2048,1,1.420947,1.035357,0.713603,0.797666,0.023764,0.004849,0.006543,0.099914,703,330,325,24,24
108,BaselineRSA-18-20260922-20:33:12-1128111,BaselineRSA,18,18,18,8,rsa2048,1,1.395627,1.047999,0.717728,0.794901,0.024325,0.004919,0.006922,0.106666,703,330,325,24,24
109,BaselineRSA-18-20260922-20:33:12-1128111,BaselineRSA,18,18,18,9,rsa2048,1,1.415261,1.026749,0.685821,0.789261,0.023604,0.004889,0.007153,0.099274,703,330,325,24,24
110,BaselineRSA-19-20260922-20:33:13-1128111,BaselineRSA,19,19,19,0,rsa2048,1,1.436074,1.113451,0.726178,0.827331,0.026629,0.00522,0.014657,0.11334,703,330,325,24,24
111,BaselineRSA-19-20260922-20:33:13-1128111,BaselineRSA,19,19,19,1,rsa2048,1,1.384903,1.083586,0.679271,0.814959,0.028754,0.00521,0.009017,0.106918,703,330,325,24,24
112,BaselineRSA-19-20260922-20:33:13-1128111,BaselineRSA,19,19,19,2,rsa2048,1,1.407333,1.053369,0.679315,0.805361,0.025357,0.005,0.008015,0.101608,703,330,325,24,24
113,BaselineRSA-19-20260922-20:33:13-1128111,BaselineRSA,19,19,19,3,rsa2048,1,1.366347,1.061095,0.691295,0.816902,0.024856,0.005039,0.007543,0.100896,703,330,325,24,24
114,BaselineRSA-19-20260922-20:33:13-1128111,BaselineRSA,19,19,19,4,rsa2048,1,1.368883,1.049183,0.670585,0.809128,0.024165,0.00489,0.007093,0.099855,703,330,325,24,24
115,BaselineRSA-19-20260922-20:33:13-1128111,BaselineRSA,19,19,19,5,rsa2048,1,1.390416,1.041717,0.710415,0.800542,0.024695,0.004898,0.007003,0.100156,703,330,325,24,24
116,BaselineRSA-19-20260922-20:33:13-1128111,BaselineRSA,19,19,19,6,rsa2048,1,1.365048,1.076112,0.680321,0.800191,0.023584,0.00504,0.007795,0.117978,703,330,325,24,24
117,BaselineRSA-19-20260922-20:33:13-1128111,BaselineRSA,19,19,19,7,rsa2048,1,1.450539,1.048622,0.746517,0.808567,0.024405,0.004929,0.006752,0.100086,703,330,325,24,24
118,BaselineRSA-19-20260922-20:33:13-1128111,BaselineRSA,19,19,19,8,rsa2048,1,1.400532,1.045466,0.716766,0.802586,0.025096,0.00504,0.007013,0.100617,703,330,325,24,24
119,BaselineRSA-19-20260922-20:33:13-1128111,BaselineRSA,19,19,19,9,rsa2048,1,1.377673,1.040468,0.676464,0.801123,0.024105,0.00503,0.006743,0.100005,703,330,325,24,24
120,BaselineRSA-2-20260922-20:33:05-1128111,BaselineRSA,2,2,2,0,rsa2048,1,1.414856,1.220809,0.703493,0.932306,0.025918,0.0054,0.013745,0.118119,703,330,325,24,24
121,BaselineRSA-2-20260922-20:33:05-1128111,BaselineRSA,2,2,2,1,rsa2048,1,1.404311,1.053381,0.698796,0.809418,0.025217,0.005049,0.007073,0.100576,703,330,325,24,24
122,BaselineRSA-2-20260922-20:33:05-1128111,BaselineRSA,2,2,2,2,rsa2048,1,1.403467,1.041347,0.708665,0.802425,0.023884,0.004879,0.006842,0.100135,703,330,325,24,24
123,BaselineRSA-2-20260922-20:33:05-1128111,BaselineRSA,2,2,2,3,rsa2048,1,1.395331,1.033954,0.674533,0.793198,0.024475,0.004929,0.007013,0.100255,703,330,325,24,24
124,BaselineRSA-2-20260922-20:33:05-1128111,BaselineRSA,2,2,2,4,rsa2048,1,1.397031,1.040274,0.695904,0.798859,0.024425,0.004919,0.007203,0.100126,703,330,325,24,24
125,BaselineRSA-2-20260922-20:33:05-1128111,BaselineRSA,2,2,2,5,rsa2048,1,1.434819,1.032371,0.689596,0.794611,0.023644,0.00487,0.006812,0.099746,703,330,325,24,24
126,BaselineRSA-2-20260922-20:33:05-1128111,BaselineRSA,2,2,2,6,rsa2048,1,1.385352,1.046739,0.691783,0.797827,0.024315,0.00489,0.006773,0.104863,703,330,325,24,24
127,BaselineRSA-2-20260922-20:33:05-1128111,BaselineRSA,2,2,2,7,rsa2048,1,1.420482,1.061656,0.697977,0.808557,0.023914,0.004799,0.007023,0.107099,703,330,325,24,24
128,BaselineRSA-2-20260922-20:33:05-1128111,BaselineRSA,2,2,2,8,rsa2048,1,1.434789,1.034726,0.715694,0.797476,0.023754,0.00495,0.006782,0.099475,703,330,325,24,24
129,BaselineRSA-2-20260922-20:33:05-1128111,BaselineRSA,2,2,2,9,rsa2048,1,1.383609,1.149939,0.689609,0.882674,0.028272,0.00531,0.011371,0.104234,703,330,325,24,24
130,BaselineRSA-20-20260922-20:33:13-1128111,BaselineRSA,20,20,20,0,rsa2048,1,1.432871,1.121836,0.734404,0.815429,0.027661,0.008576,0.019906,0.113311,703,330,325,24,24
131,BaselineRSA-20-20260922-20:33:13-1128111,BaselineRSA,20,20,20,1,rsa2048,1,1.406116,1.100958,0.714571,0.832451,0.026629,0.009158,0.011431,0.103993,703,330,325,24,24
132,BaselineRSA-20-20260922-20:33:13-1128111,BaselineRSA,20,20,20,2,rsa2048,1,1.414606,1.122207,0.708371,0.864901,0.025757,0.005179,0.008125,0.107479,703,330,325,24,24
133,BaselineRSA-20-20260922-20:33:13-1128111,BaselineRSA,20,20,20,3,rsa2048,1,1.429703,1.053931,0.698406,0.813887,0.024405,0.005009,0.007183,0.099525,703,330,325,24,24
134,BaselineRSA-20-20260922-20:33:13-1128111,BaselineRSA,20,20,20,4,rsa2048,1,1.395863,1.04764,0.699162,0.808497,0.024385,0.004839,0.006732,0.099775,703,330,325,24,24
135,BaselineRSA-20-20260922-20:33:13-1128111,BaselineRSA,20,20,20,5,rsa2048,1,1.471728,1.059491,0.73815,0.809279,0.023824,0.01118,0.006883,0.099093,703,330,325,24,24
136,BaselineRSA-20-20260922-20:33:13-1128111,BaselineRSA,20,20,20,6,rsa2048,1,1.404085,1.043243,0.698264,0.803207,0.024235,0.004859,0.006923,0.100276,703,330,325,24,24
137,BaselineRSA-20-20260922-20:33:13-1128111,BaselineRSA,20,20,20,7,rsa2048,1,1.391447,1.055907,0.704584,0.816211,0.024215,0.00488,0.007093,0.099935,703,330,325,24,24
138,BaselineRSA-20-20260922-20:33:13-1128111,BaselineRSA,20,20,20,8,rsa2048,1,1.38801,1.054793,0.689932,0.818265,0.023804,0.00489,0.006452,0.099394,703,330,325,24,24
139,BaselineRSA-20-20260922-20:33:13-1128111,BaselineRSA,20,20,20,9,rsa2048,1,1.436359,1.026061,0.722564,0.787979,0.024095,0.004839,0.006692,0.099664,703,330,325,24,24
140,BaselineRSA-21-20260922-20:33:14-1128111,BaselineRSA,21,21,21,0,rsa2048,1,1.40856,1.109033,0.723515,0.823665,0.02689,0.00537,0.013435,0.11333,703,330,325,24,24
141,BaselineRSA-21-20260922-20:33:14-1128111,BaselineRSA,21,21,21,1,rsa2048,1,1.463181,1.051285,0.747918,0.806994,0.024796,0.00504,0.007153,0.100977,703,330,325,24,24
142,BaselineRSA-21-20260922-20:33:14-1128111,BaselineRSA,21,21,21,2,rsa2048,1,1.43759,1.080168,0.750985,0.801854,0.030717,0.005119,0.007955,0.111266,703,330,325,24,24
143,BaselineRSA-21-20260922-20:33:14-1128111,BaselineRSA,21,21,21,3,rsa2048,1,1.358353,1.102451,0.68015,0.840336,0.027722,0.005229,0.010159,0.103281,703,330,325,24,24
144,BaselineRSA-21-20260922-20:33:14-1128111,BaselineRSA,21,21,21,4,rsa2048,1,1.412963,1.107099,0.718497,0.858459,0.025037,0.005139,0.008305,0.101818,703,330,325,24,24
145,BaselineRSA-21-20260922-20:33:14-1128111,BaselineRSA,21,21,21,5,rsa2048,1,1.365106,1.070182,0.684844,0.818345,0.024806,0.004969,0.007303,0.104873,703,330,325,24,24
146,BaselineRSA-21-20260922-20:33:14-1128111,BaselineRSA,21,21,21,6,rsa2048,1,1.388168,1.045766,0.689625,0.800983,0.023924,0.010359,0.006722,0.100426,703,330,325,24,24
147,BaselineRSA-21-20260922-20:33:14-1128111,BaselineRSA,21,21,21,7,rsa2048,1,1.394147,1.03833,0.690338,0.797487,0.024265,0.004908,0.006812,0.100626,703,330,325,24,24
148,BaselineRSA-21-20260922-20:33:14-1128111,BaselineRSA,21,21,21,8,rsa2048,1,1.39584,1.036299,0.683023,0.796855,0.024274,0.004909,0.007073,0.099784,703,330,325,24,24
149,BaselineRSA-21-20260922-20:33:14-1128111,BaselineRSA,21,21,21,9,rsa2048,1,1.370556,1.057537,0.685609,0.814177,0.025256,0.004899,0.007193,0.100407,703,330,325,24,24
150,BaselineRSA-22-20260922-20:33:14-1128111,BaselineRSA,22,22,22,0,rsa2048,1,1.399713,1.109285,0.681179,0.829105,0.025427,0.0053,0.013245,0.113019,703,330,325,24,24
151,BaselineRSA-22-20260922-20:33:14-1128111,BaselineRSA,22,22,22,1,rsa2048,1,1.399809,1.052289,0.709729,0.809288,0.024786,0.004969,0.007073,0.100476,703,330,325,24,24
152,BaselineRSA-22-20260922-20:33:14-1128111,BaselineRSA,22,22,22,2,rsa2048,1,1.405888,1.046938,0.716484,0.807034,0.024044,0.004959,0.006943,0.100035,703,330,325,24,24
153,BaselineRSA-22-20260922-20:33:14-1128111,BaselineRSA,22,22,22,3,rsa2048,1,1.398905,1.055175,0.71496,0.804109,0.02726,0.004948,0.007534,0.101759,703,330,325,24,24
154,BaselineRSA-22-20260922-20:33:14-1128111,BaselineRSA,22,22,22,4,rsa2048,1,1.391866,1.201705,0.679465,0.860322,0.04328,0.009066,0.012874,0.120703,703,330,325,24,24
155,BaselineRSA-22-20260922-20:33:14-1128111,BaselineRSA,22,22,22,5,rsa2048,1,1.383378,1.341354,0.686667,1.056486,0.027911,0.0052,0.01073,0.121515,703,330,325,24,24
156,BaselineRSA-22-20260922-20:33:14-1128111,BaselineRSA,22,22,22,6,rsa2048,1,1.408804,1.05775,0.725513,0.813165,0.025327,0.00501,0.007213,0.100747,703,330,325,24,24
157,BaselineRSA-22-20260922-20:33:14-1128111,BaselineRSA,22,22,22,7,rsa2048,1,1.412767,1.051105,0.692657,0.811503,0.024275,0.004899,0.006613,0.100105,703,330,325,24,24
158,BaselineRSA-22-20260922-20:33:14-1128111,BaselineRSA,22,22,22,8,rsa2048,1,1.394699,1.078297,0.711288,0.832952,0.024836,0.005109,0.007755,0.100977,703,330,325,24,24
159,BaselineRSA-22-20260922-20:33:14-1128111,BaselineRSA,22,22,22,9,rsa2048,1,1.377617,1.061174,0.68083,0.809107,0.029775,0.004939,0.006802,0.100397,703,330,325,24,24
160,BaselineRSA-23-20260922-20:33:15-1128111,BaselineRSA,23,23,23,0,rsa2048,1,1.413076,1.114001,0.71254,0.834244,0.025267,0.005179,0.013345,0.112578,703,330,325,24,24
161,BaselineRSA-23-20260922-20:33:15-1128111,BaselineRSA,23,23,23,1,rsa2048,1,1.416271,1.059804,0.707078,0.816992,0.024496,0.005009,0.007023,0.100736,703,330,325,24,24
162,BaselineRSA-23-20260922-20:33:15-1128111,BaselineRSA,23,23,23,2,rsa2048,1,1.396982,1.04278,0.695593,0.798498,0.025146,0.004979,0.007113,0.100987,703,330,325,24,24
163,BaselineRSA-23-20260922-20:33:15-1128111,BaselineRSA,23,23,23,3,rsa2048,1,1.384816,1.054382,0.69877,0.813296,0.024846,0.00485,0.006772,0.100236,703,330,325,24,24
164,BaselineRSA-23-20260922-20:33:15-1128111,BaselineRSA,23,23,23,4,rsa2048,1,1.454346,1.040477,0.709191,0.800612,0.024054,0.006442,0.006703,0.099695,703,330,325,24,24
165,BaselineRSA-23-20260922-20:33:15-1128111,BaselineRSA,23,23,23,5,rsa2048,1,1.434033,1.09721,0.684207,0.822212,0.025697,0.004978,0.01104,0.120253,703,330,325,24,24
166,BaselineRSA-23-20260922-20:33:15-1128111,BaselineRSA,23,23,23,6,rsa2048,1,1.400991,1.051307,0.710974,0.807335,0.024856,0.005089,0.007133,0.101237,703,330,325,24,24
167,BaselineRSA-23-20260922-20:33:15-1128111,BaselineRSA,23,23,23,7,rsa2048,1,1.355929,1.051526,0.675636,0.811462,0.024475,0.00503,0.006542,0.100015,703,330,325,24,24
168,BaselineRSA-23-20260922-20:33:15-1128111,BaselineRSA,23,23,23,8,rsa2048,1,1.408925,1.094897,0.677726,0.849312,0.025177,0.00503,0.007704,0.100836,703,330,325,24,24
169,BaselineRSA-23-20260922-20:33:15-1128111,BaselineRSA,23,23,23,9,rsa2048,1,1.395215,1.047568,0.698223,0.80526,0.024886,0.004929,0.006833,0.100536,703,330,325,24,24
170,BaselineRSA-24-20260922-20:33:15-1128111,BaselineRSA,24,24,24,0,rsa2048,1,1.379629,1.125495,0.699791,0.837991,0.025707,0.005309,0.014186,0.114833,703,330,325,24,24
171,BaselineRSA-24-20260922-20:33:15-1128111,BaselineRSA,24,24,24,1,rsa2048,1,1.41409,1.049915,0.713604,0.805471,0.025498,0.00503,0.007073,0.100406,703,330,325,24,24
172,BaselineRSA-24-20260922-20:33:15-1128111,BaselineRSA,24,24,24,2,rsa2048,1,1.401837,1.052388,0.682864,0.808417,0.025296,0.00496,0.007073,0.100625,703,330,325,24,24
173,BaselineRSA-24-20260922-20:33:15-1128111,BaselineRSA,24,24,24,3,rsa2048,1,1.402802,1.044365,0.691043,0.805141,0.024165,0.004889,0.006843,0.100024,703,330,325,24,24
174,BaselineRSA-24-20260922-20:33:15-1128111,BaselineRSA,24,24,24,4,rsa2048,1,1.386249,1.043711,0.698605,0.803778,0.024265,0.004889,0.006903,0.100196,703,330,325,24,24
175,BaselineRSA-24-20260922-20:33:15-1128111,BaselineRSA,24,24,24,5,rsa2048,1,1.406269,1.036378,0.692702,0.797747,0.024134,0.004949,0.006632,0.099895,703,330,325,24,24
176,BaselineRSA-24-20260922-20:33:15-1128111,BaselineRSA,24,24,24,6,rsa2048,1,1.394547,1.030037,0.708877,0.790052,0.024425,0.004889,0.006873,0.100306,703,330,325,24,24
177,BaselineRSA-24-20260922-20:33:15-1128111,BaselineRSA,24,24,24,7,rsa2048,1,1.457309,1.114154,0.708522,0.871914,0.024946,0.004868,0.007144,0.100405,703,330,325,24,24
178,BaselineRSA-24-20260922-20:33:15-1128111,BaselineRSA,24,24,24,8,rsa2048,1,1.391134,1.044976,0.683012,0.805902,0.024225,0.00488,0.006813,0.099795,703,330,325,24,24
179,BaselineRSA-24-20260922-20:33:15-1128111,BaselineRSA,24,24,24,9,rsa2048,1,1.388241,1.056576,0.675667,0.795373,0.026769,0.00508,0.008826,0.108672,703,330,325,24,24
180,BaselineRSA-25-20260922-20:33:16-1128111,BaselineRSA,25,25,25,0,rsa2048,1,1.393116,1.129792,0.682583,0.832772,0.024836,0.00533,0.014166,0.120723,703,330,325,24,24
181,BaselineRSA-25-20260922-20:33:16-1128111,BaselineRSA,25,25,25,1,rsa2048,1,1.404599,1.038211,0.722668,0.796013,0.024416,0.005009,0.007364,0.099854,703,330,325,24,24
182,BaselineRSA-25-20260922-20:33:16-1128111,BaselineRSA,25,25,25,2,rsa2048,1,1.483181,1.049762,0.765798,0.807535,0.024816,0.004959,0.007103,0.100236,703,330,325,24,24
183,BaselineRSA-25-20260922-20:33:16-1128111,BaselineRSA,25,25,25,3,rsa2048,1,1.373258,1.040846,0.687487,0.801564,0.024164,0.004949,0.006973,0.099695,703,330,325,24,24
184,BaselineRSA-25-20260922-20:33:16-1128111,BaselineRSA,25,25,25,4,rsa2048,1,1.36985,1.127406,0.680203,0.882163,0.024906,0.005109,0.007554,0.101178,703,330,325,24,24
185,BaselineRSA-25-20260922-20:33:16-1128111,BaselineRSA,25,25,25,5,rsa2048,1,1.409809,1.041319,0.691682,0.798939,0.024566,0.00492,0.006973,0.100846,703,330,325,24,24
186,BaselineRSA-25-20260922-20:33:16-1128111,BaselineRSA,25,25,25,6,rsa2048,1,1.371475,1.092673,0.685391,0.844002,0.024415,0.0051,0.009297,0.101669,703,330,325,24,24
187,BaselineRSA-25-20260922-20:33:16-1128111,BaselineRSA,25,25,25,7,rsa2048,1,1.380829,1.068901,0.675102,0.825468,0.024426,0.005019,0.007524,0.101047,703,330,325,24,24
188,BaselineRSA-25-20260922-20:33:16-1128111,BaselineRSA,25,25,25,8,rsa2048,1,1.418209,1.044585,0.697124,0.804309,0.024135,0.005009,0.006863,0.100286,703,330,325,24,24
189,BaselineRSA-25-20260922-20:33:16-1128111,BaselineRSA,25,25,25,9,rsa2048,1,1.389246,1.048361,0.682666,0.810941,0.023954,0.00483,0.006512,0.099615,703,330,325,24,24
190,BaselineRSA-26-20260922-20:33:16-1128111,BaselineRSA,26,26,26,0,rsa2048,1,1.41463,1.290768,0.696571,0.970056,0.028883,0.007283,0.015048,0.126493,703,330,325,24,24
191,BaselineRSA-26-20260922-20:33:16-1128111,BaselineRSA,26,26,26,1,rsa2048,1,1.428081,1.082623,0.721819,0.824747,0.025187,0.005169,0.007755,0.111185,703,330,325,24,24
192,BaselineRSA-26-20260922-20:33:16-1128111,BaselineRSA,26,26,26,2,rsa2048,1,1.389452,1.054744,0.689004,0.81022,0.024826,0.004839,0.007133,0.101017,703,330,325,24,24
193,BaselineRSA-26-20260922-20:33:16-1128111,BaselineRSA,26,26,26,3,rsa2048,1,1.390418,1.067187,0.687425,0.811712,0.024425,0.005531,0.014217,0.099685,703,330,325,24,24
194,BaselineRSA-26-20260922-20:33:16-1128111,BaselineRSA,26,26,26,4,rsa2048,1,1.405456,1.039194,0.710927,0.797807,0.024846,0.004899,0.006813,0.100196,703,330,325,24,24
195,BaselineRSA-26-20260922-20:33:16-1128111,BaselineRSA,26,26,26,5,rsa2048,1,1.405497,1.058441,0.702772,0.814127,0.024926,0.00491,0.007394,0.101398,703,330,325,24,24
196,BaselineRSA-26-20260922-20:33:16-1128111,BaselineRSA,26,26,26,6,rsa2048,1,1.396682,1.041226,0.695228,0.800692,0.024566,0.004888,0.006962,0.100046,703,330,325,24,24
197,BaselineRSA-26-20260922-20:33:16-1128111,BaselineRSA,26,26,26,7,rsa2048,1,1.397959,1.051115,0.715392,0.802205,0.024716,0.004958,0.006872,0.108141,703,330,325,24,24
198,BaselineRSA-26-20260922-20:33:16-1128111,BaselineRSA,26,26,26,8,rsa2048,1,1.361347,1.043943,0.674113,0.802275,0.024685,0.004959,0.007033,0.100656,703,330,325,24,24
199,BaselineRSA-26-20260922-20:33:16-1128111,BaselineRSA,26,26,26,9,rsa2048,1,1.395638,1.080421,0.670588,0.806844,0.032791,0.00553,0.007925,0.106798,703,330,325,24,24
200,BaselineRSA-27-20260922-20:33:16-1128111,BaselineRSA,27,27,27,0,rsa2048,1,1.389523,1.106088,0.688301,0.82081,0.025878,0.0052,0.014167,0.112829,703,330,325,24,24
201,BaselineRSA-27-20260922-20:33:16-1128111,BaselineRSA,27,27,27,1,rsa2048,1,1.425501,1.069811,0.702189,0.812684,0.024966,0.004879,0.008035,0.106386,703,330,325,24,24
202,BaselineRSA-27-20260922-20:33:16-1128111,BaselineRSA,27,27,27,2,rsa2048,1,1.370664,1.046277,0.674931,0.803878,0.025207,0.00489,0.006782,0.100396,703,330,325,24,24
203,BaselineRSA-27-20260922-20:33:16-1128111,BaselineRSA,27,27,27,3,rsa2048,1,1.432412,1.049455,0.691628,0.807915,0.024596,0.00494,0.006903,0.100396,703,330,325,24,24
204,BaselineRSA-27-20260922-20:33:16-1128111,BaselineRSA,27,27,27,4,rsa2048,1,1.435345,1.043392,0.704623,0.805862,0.024195,0.004809,0.006642,0.099393,703,330,325,24,24
205,BaselineRSA-27-20260922-20:33:16-1128111,BaselineRSA,27,27,27,5,rsa2048,1,1.356789,1.031891,0.673541,0.787368,0.024144,0.00481,0.006773,0.105866,703,330,325,24,24
206,BaselineRSA-27-20260922-20:33:16-1128111,BaselineRSA,27,27,27,6,rsa2048,1,1.432268,1.043421,0.722962,0.803578,0.024165,0.0049,0.007223,0.099876,703,330,325,24,24
207,BaselineRSA-27-20260922-20:33:16-1128111,BaselineRSA,27,27,27,7,rsa2048,1,1.434815,1.032471,0.691864,0.79439,0.024265,0.004879,0.006573,0.099273,703,330,325,24,24
208,BaselineRSA-27-20260922-20:33:16-1128111,BaselineRSA,27,27,27,8,rsa2048,1,1.422701,1.115764,0.685248,0.867867,0.025357,0.00509,0.008716,0.100717,703,330,325,24,24
209,BaselineRSA-27-20260922-20:33:16-1128111,BaselineRSA,27,27,27,9,rsa2048,1,1.380549,1.052658,0.691927,0.79961,0.030216,0.004868,0.007143,0.100386,703,330,325,24,24
210,BaselineRSA-28-20260922-20:33:17-1128111,BaselineRSA,28,28,28,0,rsa2048,1,1.392258,1.120023,0.696536,0.83727,0.025477,0.005339,0.014166,0.11271,703,330,325,24,24
211,BaselineRSA-28-20260922-20:33:17-1128111,BaselineRSA,28,28,28,1,rsa2048,1,1.41908,1.044244,0.719369,0.800963,0.024706,0.004969,0.007063,0.100927,703,330,325,24,24
212,BaselineRSA-28-20260922-20:33:17-1128111,BaselineRSA,28,28,28,2,rsa2048,1,1.42502,1.060723,0.698485,0.814548,0.024786,0.004909,0.008195,0.100866,703,330,325,24,24
213,BaselineRSA-28-20260922-20:33:17-1128111,BaselineRSA,28,28,28,3,rsa2048,1,1.422972,1.056353,0.702892,0.81538,0.024415,0.005008,0.007053,0.100205,703,330,325,24,24
214,BaselineRSA-28-20260922-20:33:17-1128111,BaselineRSA,28,28,28,4,rsa2048,1,1.392025,1.041537,0.699606,0.801314,0.024525,0.004808,0.006832,0.100056,703,330,325,24,24
215,BaselineRSA-28-20260922-20:33:17-1128111,BaselineRSA,28,28,28,5,rsa2048,1,1.417053,1.052631,0.697554,0.800612,0.024205,0.00501,0.013055,0.099975,703,330,325,24,24
216,BaselineRSA-28-20260922-20:33:17-1128111,BaselineRSA,28,28,28,6,rsa2048,1,1.437262,1.043341,0.732963,0.795853,0.024014,0.004989,0.006772,0.104243,703,330,325,24,24
217,BaselineRSA-28-20260922-20:33:17-1128111,BaselineRSA,28,28,28,7,rsa2048,1,1.382642,1.047149,0.685631,0.80454,0.025146,0.004918,0.007164,0.100276,703,330,325,24,24
218,BaselineRSA-28-20260922-20:33:17-1128111,BaselineRSA,28,28,28,8,rsa2048,1,1.418941,1.050664,0.701901,0.811993,0.023664,0.004888,0.006993,0.100266,703,330,325,24,24
219,BaselineRSA-28-20260922-20:33:17-1128111,BaselineRSA,28,28,28,9,rsa2048,1,1.409316,1.040406,0.695213,0.795793,0.024095,0.00486,0.006792,0.105856,703,330,325,24,24
220,BaselineRSA-29-20260922-20:33:17-1128111,BaselineRSA,29,29,29,0,rsa2048,1,1.421555,1.106388,0.732283,0.824847,0.025326,0.00533,0.013886,0.113279,703,330,325,24,24
221,BaselineRSA-29-20260922-20:33:17-1128111,BaselineRSA,29,29,29,1,rsa2048,1,1.393246,1.050645,0.686143,0.805761,0.025607,0.00499,0.007153,0.100496,703,330,325,24,24
222,BaselineRSA-29-20260922-20:33:17-1128111,BaselineRSA,29,29,29,2,rsa2048,1,1.420955,1.045836,0.685246,0.806563,0.024055,0.00498,0.006913,0.099965,703,330,325,24,24
223,BaselineRSA-29-20260922-20:33:17-1128111,BaselineRSA,29,29,29,3,rsa2048,1,1.387362,1.042609,0.691862,0.801623,0.024466,0.004829,0.006853,0.100936,703,330,325,24,24
224,BaselineRSA-29-20260922-20:33:17-1128111,BaselineRSA,29,29,29,4,rsa2048,1,1.397302,1.172602,0.676373,0.889957,0.037169,0.00517,0.010088,0.103673,703,330,325,24,24
225,BaselineRSA-29-20260922-20:33:17-1128111,BaselineRSA,29,29,29,5,rsa2048,1,1.398962,1.104555,0.704849,0.84258,0.025106,0.005069,0.008075,0.108691,703,330,325,24,24
226,BaselineRSA-29-20260922-20:33:17-1128111,BaselineRSA,29,29,29,6,rsa2048,1,1.42256,1.052628,0.730404,0.812393,0.023974,0.004949,0.007364,0.100025,703,330,325,24,24
227,BaselineRSA-29-20260922-20:33:17-1128111,BaselineRSA,29,29,29,7,rsa2048,1,1.44072,1.040307,0.714932,0.796314,0.025357,0.00499,0.007274,0.100506,703,330,325,24,24
228,BaselineRSA-29-20260922-20:33:17-1128111,BaselineRSA,29,29,29,8,rsa2048,1,1.37706,1.044764,0.685905,0.80463,0.024184,0.00521,0.007033,0.100036,703,330,325,24,24
229,BaselineRSA-29-20260922-20:33:17-1128111,BaselineRSA,29,29,29,9,rsa2048,1,1.385974,1.031219,0.692118,0.78828,0.024685,0.00504,0.007123,0.100967,703,330,325,24,24
230,BaselineRSA-3-20260922-20:33:05-1128111,BaselineRSA,3,3,3,0,rsa2048,1,1.409012,1.100436,0.696315,0.822072,0.024826,0.005259,0.013324,0.112527,703,330,325,24,24
231,BaselineRSA-3-20260922-20:33:05-1128111,BaselineRSA,3,3,3,1,rsa2048,1,1.434486,1.165828,0.695564,0.842059,0.03786,0.00543,0.014847,0.11906,703,330,325,24,24
232,BaselineRSA-3-20260922-20:33:05-1128111,BaselineRSA,3,3,3,2,rsa2048,1,1.39823,1.083567,0.692519,0.834725,0.024936,0.005129,0.008496,0.101468,703,330,325,24,24
233,BaselineRSA-3-20260922-20:33:05-1128111,BaselineRSA,3,3,3,3,rsa2048,1,1.39862,1.056927,0.681789,0.805341,0.024936,0.004898,0.007333,0.108862,703,330,325,24,24
234,BaselineRSA-3-20260922-20:33:05-1128111,BaselineRSA,3,3,3,4,rsa2048,1,1.415461,1.041679,0.684742,0.799179,0.024706,0.00493,0.007133,0.100356,703,330,325,24,24
235,BaselineRSA-3-20260922-20:33:05-1128111,BaselineRSA,3,3,3,5,rsa2048,1,1.401849,1.049714,0.678883,0.809859,0.023974,0.00512,0.007013,0.099855,703,330,325,24,24
236,BaselineRSA-3-20260922-20:33:05-1128111,BaselineRSA,3,3,3,6,rsa2048,1,1.371253,1.051105,0.674299,0.810009,0.024665,0.004869,0.007073,0.100125,703,330,325,24,24
237,BaselineRSA-3-20260922-20:33:05-1128111,BaselineRSA,3,3,3,7,rsa2048,1,1.416408,1.029756,0.71269,0.792907,0.023544,0.00498,0.006883,0.099103,703,330,325,24,24
238,BaselineRSA-3-20260922-20:33:05-1128111,BaselineRSA,3,3,3,8,rsa2048,1,1.391529,1.023573,0.688215,0.785364,0.024135,0.004808,0.006833,0.099665,703,330,325,24,24
239,BaselineRSA-3-20260922-20:33:05-1128111,BaselineRSA,3,3,3,9,rsa2048,1,1.404478,1.046076,0.710881,0.803918,0.023914,0.005239,0.006983,0.101087,703,330,325,24,24
240,BaselineRSA-4-20260922-20:33:06-1128111,BaselineRSA,4,4,4,0,rsa2048,1,1.396855,1.108833,0.694003,0.828083,0.025136,0.00524,0.014477,0.111948,703,330,325,24,24
241,BaselineRSA-4-20260922-20:33:06-1128111,BaselineRSA,4,4,4,1,rsa2048,1,1.37048,1.057086,0.68764,0.802245,0.024325,0.00505,0.007454,0.106227,703,330,325,24,24
242,BaselineRSA-4-20260922-20:33:06-1128111,BaselineRSA,4,4,4,2,rsa2048,1,1.412035,1.041148,0.706615,0.803077,0.024024,0.004798,0.006692,0.099484,703,330,325,24,24
243,BaselineRSA-4-20260922-20:33:06-1128111,BaselineRSA,4,4,4,3,rsa2048,1,1.424721,1.049672,0.698978,0.805231,0.025658,0.00495,0.007183,0.100596,703,330,325,24,24
244,BaselineRSA-4-20260922-20:33:06-1128111,BaselineRSA,4,4,4,4,rsa2048,1,1.417166,1.03185,0.699711,0.794971,0.023724,0.005099,0.006522,0.099524,703,330,325,24,24
245,BaselineRSA-4-20260922-20:33:06-1128111,BaselineRSA,4,4,4,5,rsa2048,1,1.405842,1.104464,0.682419,0.795863,0.031659,0.006923,0.011701,0.119663,703,330,325,24,24
246,BaselineRSA-4-20260922-20:33:06-1128111,BaselineRSA,4,4,4,6,rsa2048,1,1.37859,1.218777,0.686033,0.910485,0.027571,0.005481,0.014547,0.122036,703,330,325,24,24
247,BaselineRSA-4-20260922-20:33:06-1128111,BaselineRSA,4,4,4,7,rsa2048,1,1.373328,1.096811,0.681884,0.846387,0.025767,0.00509,0.007665,0.10288,703,330,325,24,24
248,BaselineRSA-4-20260922-20:33:06-1128111,BaselineRSA,4,4,4,8,rsa2048,1,1.388551,1.046166,0.689246,0.806543,0.023954,0.004879,0.006852,0.100136,703,330,325,24,24
249,BaselineRSA-4-20260922-20:33:06-1128111,BaselineRSA,4,4,4,9,rsa2048,1,1.413712,1.045015,0.673657,0.806152,0.024094,0.004819,0.006872,0.099714,703,330,325,24,24
250,BaselineRSA-5-20260922-20:33:06-1128111,BaselineRSA,5,5,5,0,rsa2048,1,1.378229,1.100086,0.680893,0.813226,0.024956,0.005309,0.013495,0.119191,703,330,325,24,24
251,BaselineRSA-5-20260922-20:33:06-1128111,BaselineRSA,5,5,5,1,rsa2048,1,1.37632,1.060994,0.693257,0.813866,0.024756,0.00492,0.007424,0.102279,703,330,325,24,24
252,BaselineRSA-5-20260922-20:33:06-1128111,BaselineRSA,5,5,5,2,rsa2048,1,1.438386,1.051535,0.690212,0.797827,0.030236,0.004838,0.006943,0.100947,703,330,325,24,24
253,BaselineRSA-5-20260922-20:33:06-1128111,BaselineRSA,5,5,5,3,rsa2048,1,1.430133,1.0814,0.702098,0.836258,0.024726,0.00512,0.008025,0.100757,703,330,325,24,24
254,BaselineRSA-5-20260922-20:33:06-1128111,BaselineRSA,5,5,5,4,rsa2048,1,1.420825,1.046076,0.713927,0.805061,0.024315,0.004999,0.006732,0.100687,703,330,325,24,24
255,BaselineRSA-5-20260922-20:33:06-1128111,BaselineRSA,5,5,5,5,rsa2048,1,1.389297,1.039423,0.689648,0.800823,0.023674,0.004849,0.006722,0.100025,703,330,325,24,24
256,BaselineRSA-5-20260922-20:33:06-1128111,BaselineRSA,5,5,5,6,rsa2048,1,1.365594,1.036026,0.673726,0.800652,0.023543,0.004788,0.006462,0.099265,703,330,325,24,24
257,BaselineRSA-5-20260922-20:33:06-1128111,BaselineRSA,5,5,5,7,rsa2048,1,1.422639,1.059802,0.713902,0.806172,0.024255,0.006723,0.011181,0.100055,703,330,325,24,24
258,BaselineRSA-5-20260922-20:33:06-1128111,BaselineRSA,5,5,5,8,rsa2048,1,1.398583,1.056706,0.691179,0.802847,0.02701,0.005049,0.008466,0.101788,703,330,325,24,24
259,BaselineRSA-5-20260922-20:33:06-1128111,BaselineRSA,5,5,5,9,rsa2048,1,1.400742,1.045305,0.693474,0.805201,0.024124,0.00482,0.006832,0.100736,703,330,325,24,24
260,BaselineRSA-6-20260922-20:33:07-1128111,BaselineRSA,6,6,6,0,rsa2048,1,1.422074,1.124,0.717805,0.842129,0.025186,0.005199,0.014267,0.113259,703,330,325,24,24
261,BaselineRSA-6-20260922-20:33:07-1128111,BaselineRSA,6,6,6,1,rsa2048,1,1.371425,1.065662,0.670217,0.801964,0.03249,0.00501,0.007935,0.101989,703,330,325,24,24
262,BaselineRSA-6-20260922-20:33:07-1128111,BaselineRSA,6,6,6,2,rsa2048,1,1.388408,1.046779,0.690573,0.80459,0.024435,0.005019,0.007444,0.100075,703,330,325,24,24
263,BaselineRSA-6-20260922-20:33:07-1128111,BaselineRSA,6,6,6,3,rsa2048,1,1.370275,1.046528,0.692748,0.805992,0.024656,0.004899,0.007023,0.099985,703,330,325,24,24
264,BaselineRSA-6-20260922-20:33:07-1128111,BaselineRSA,6,6,6,4,rsa2048,1,1.414366,1.035427,0.709548,0.797706,0.024045,0.00491,0.006632,0.099414,703,330,325,24,24
265,BaselineRSA-6-20260922-20:33:07-1128111,BaselineRSA,6,6,6,5,rsa2048,1,1.389085,1.035164,0.707345,0.795914,0.024606,0.004809,0.006652,0.099905,703,330,325,24,24
266,BaselineRSA-6-20260922-20:33:07-1128111,BaselineRSA,6,6,6,6,rsa2048,1,1.440712,1.032082,0.70923,0.793769,0.024075,0.004839,0.006833,0.099775,703,330,325,24,24
267,BaselineRSA-6-20260922-20:33:07-1128111,BaselineRSA,6,6,6,7,rsa2048,1,1.429103,1.040468,0.730416,0.804539,0.023563,0.00485,0.006562,0.099365,703,330,325,24,24
268,BaselineRSA-6-20260922-20:33:07-1128111,BaselineRSA,6,6,6,8,rsa2048,1,1.412167,1.046507,0.681869,0.801163,0.024145,0.00503,0.007233,0.104453,703,330,325,24,24
269,BaselineRSA-6-20260922-20:33:07-1128111,BaselineRSA,6,6,6,9,rsa2048,1,1.430453,1.05811,0.702045,0.804599,0.023884,0.004919,0.013665,0.100947,703,330,325,24,24
270,BaselineRSA-7-20260922-20:33:07-1128111,BaselineRSA,7,7,7,0,rsa2048,1,1.375099,1.203167,0.681409,0.855634,0.034594,0.008194,0.019917,0.127696,703,330,325,24,24
271,BaselineRSA-7-20260922-20:33:07-1128111,BaselineRSA,7,7,7,1,rsa2048,1,1.393724,1.122128,0.694183,0.844273,0.030767,0.00518,0.008335,0.115515,703,330,325,24,24
272,BaselineRSA-7-20260922-20:33:07-1128111,BaselineRSA,7,7,7,2,rsa2048,1,1.388808,1.045575,0.694879,0.804769,0.024495,0.004849,0.006913,0.100056,703,330,325,24,24
273,BaselineRSA-7-20260922-20:33:07-1128111,BaselineRSA,7,7,7,3,rsa2048,1,1.405004,1.061835,0.717204,0.817834,0.024726,0.005,0.007824,0.100687,703,330,325,24,24
274,BaselineRSA-7-20260922-20:33:07-1128111,BaselineRSA,7,7,7,4,rsa2048,1,1.372616,1.066774,0.678035,0.813576,0.023834,0.004939,0.007234,0.106768,703,330,325,24,24
275,BaselineRSA-7-20260922-20:33:07-1128111,BaselineRSA,7,7,7,5,rsa2048,1,1.441683,1.045867,0.712538,0.805922,0.024305,0.00517,0.006903,0.099664,703,330,325,24,24
276,BaselineRSA-7-20260922-20:33:07-1128111,BaselineRSA,7,7,7,6,rsa2048,1,1.429938,1.060123,0.722323,0.812033,0.025868,0.005099,0.008295,0.100406,703,330,325,24,24
277,BaselineRSA-7-20260922-20:33:07-1128111,BaselineRSA,7,7,7,7,rsa2048,1,1.402587,1.044634,0.706461,0.803848,0.023985,0.00502,0.007364,0.099875,703,330,325,24,24
278,BaselineRSA-7-20260922-20:33:07-1128111,BaselineRSA,7,7,7,8,rsa2048,1,1.43586,1.038021,0.680626,0.796405,0.024325,0.005239,0.006913,0.100576,703,330,325,24,24
279,BaselineRSA-7-20260922-20:33:07-1128111,BaselineRSA,7,7,7,9,rsa2048,1,1.381965,1.153065,0.703362,0.829416,0.037178,0.006904,0.013114,0.119582,703,330,325,24,24
280,BaselineRSA-8-20260922-20:33:08-1128111,BaselineRSA,8,8,8,0,rsa2048,1,1.418106,1.097311,0.712696,0.81549,0.025548,0.006542,0.013825,0.112007,703,330,325,24,24
281,BaselineRSA-8-20260922-20:33:08-1128111,BaselineRSA,8,8,8,1,rsa2048,1,1.415946,1.156809,0.693704,0.864982,0.025708,0.00539,0.012283,0.122517,703,330,325,24,24
282,BaselineRSA-8-20260922-20:33:08-1128111,BaselineRSA,8,8,8,2,rsa2048,1,1.368002,1.084767,0.667944,0.841066,0.024225,0.004929,0.006973,0.101908,703,330,325,24,24
283,BaselineRSA-8-20260922-20:33:08-1128111,BaselineRSA,8,8,8,3,rsa2048,1,1.423904,1.045858,0.725601,0.802105,0.024796,0.00502,0.007204,0.100556,703,330,325,24,24
284,BaselineRSA-8-20260922-20:33:08-1128111,BaselineRSA,8,8,8,4,rsa2048,1,1.390082,1.078768,0.695042,0.817463,0.026048,0.00497,0.007784,0.107948,703,330,325,24,24
285,BaselineRSA-8-20260922-20:33:08-1128111,BaselineRSA,8,8,8,5,rsa2048,1,1.376734,1.040526,0.6901,0.79927,0.024526,0.004929,0.007113,0.100156,703,330,325,24,24
286,BaselineRSA-8-20260922-20:33:08-1128111,BaselineRSA,8,8,8,6,rsa2048,1,1.385477,1.033124,0.678319,0.791194,0.024525,0.00496,0.007053,0.100517,703,330,325,24,24
287,BaselineRSA-8-20260922-20:33:08-1128111,BaselineRSA,8,8,8,7,rsa2048,1,1.400312,1.045165,0.682091,0.797066,0.023964,0.004879,0.006702,0.104804,703,330,325,24,24
288,BaselineRSA-8-20260922-20:33:08-1128111,BaselineRSA,8,8,8,8,rsa2048,1,1.402729,1.043211,0.704688,0.802956,0.024385,0.004839,0.006883,0.100366,703,330,325,24,24
289,BaselineRSA-8-20260922-20:33:08-1128111,BaselineRSA,8,8,8,9,rsa2048,1,1.405719,1.053732,0.692564,0.813455,0.024245,0.00492,0.006863,0.100386,703,330,325,24,24
290,BaselineRSA-9-20260922-20:33:08-1128111,BaselineRSA,9,9,9,0,rsa2048,1,1.41968,1.105908,0.711903,0.825358,0.025607,0.005289,0.013384,0.112819,703,330,325,24,24
291,BaselineRSA-9-20260922-20:33:08-1128111,BaselineRSA,9,9,9,1,rsa2048,1,1.372796,1.048491,0.676684,0.797176,0.024956,0.00488,0.006923,0.104704,703,330,325,24,24
292,BaselineRSA-9-20260922-20:33:08-1128111,BaselineRSA,9,9,9,2,rsa2048,1,1.433275,1.172681,0.697964,0.865943,0.028243,0.005329,0.01087,0.12408,703,330,325,24,24
293,BaselineRSA-9-20260922-20:33:08-1128111,BaselineRSA,9,9,9,3,rsa2048,1,1.43159,1.059412,0.712788,0.808156,0.026529,0.00507,0.007915,0.101819,703,330,325,24,24
294,BaselineRSA-9-20260922-20:33:08-1128111,BaselineRSA,9,9,9,4,rsa2048,1,1.405635,1.055295,0.689942,0.812213,0.024916,0.004978,0.007013,0.100747,703,330,325,24,24
295,BaselineRSA-9-20260922-20:33:08-1128111,BaselineRSA,9,9,9,5,rsa2048,1,1.407,1.064141,0.72324,0.807785,0.024085,0.00493,0.007203,0.10814,703,330,325,24,24
296,BaselineRSA-9-20260922-20:33:08-1128111,BaselineRSA,9,9,9,6,rsa2048,1,1.409125,1.030599,0.710352,0.791004,0.024415,0.004919,0.006652,0.100086,703,330,325,24,24
297,BaselineRSA-9-20260922-20:33:08-1128111,BaselineRSA,9,9,9,7,rsa2048,1,1.430041,1.060815,0.72916,0.820318,0.024585,0.004848,0.006863,0.100176,703,330,325,24,24
298,BaselineRSA-9-20260922-20:33:08-1128111,BaselineRSA,9,9,9,8,rsa2048,1,1.411441,1.046626,0.714682,0.808747,0.023824,0.004918,0.006743,0.099835,703,330,325,24,24
299,BaselineRSA-9-20260922-20:33:08-1128111,BaselineRSA,9,9,9,9,rsa2048,1,1.363254,1.061966,0.671463,0.803357,0.024035,0.005029,0.007444,0.109172,703,330,325,24,24
300,BaselineECDSA-0-20260922-20:33:18-1128295,BaselineECDSA,0,0,0,0,ecdsa-p256,1,0.926543,0.635155,0.455512,0.196654,0.068817,0.008956,0.018194,0.135651,333,146,139,24,24
301,BaselineECDSA-0-20260922-20:33:18-1128295,BaselineECDSA,0,0,0,1,ecdsa-p256,1,0.907136,0.343858,0.459386,0.026279,0.060452,0.004788,0.007324,0.102469,333,146,139,24,24
302,BaselineECDSA-0-20260922-20:33:18-1128295,BaselineECDSA,0,0,0,2,ecdsa-p256,1,0.881585,0.348134,0.432135,0.024445,0.057346,0.004909,0.014257,0.101719,334,146,140,24,24
303,BaselineECDSA-0-20260922-20:33:18-1128295,BaselineECDSA,0,0,0,3,ecdsa-p256,1,0.900488,0.332876,0.438766,0.025377,0.057837,0.004849,0.006662,0.101036,332,144,140,24,24
304,BaselineECDSA-0-20260922-20:33:18-1128295,BaselineECDSA,0,0,0,4,ecdsa-p256,1,0.94588,0.330675,0.484542,0.024585,0.057947,0.004789,0.006632,0.100185,333,146,139,24,24
305,BaselineECDSA-0-20260922-20:33:18-1128295,BaselineECDSA,0,0,0,5,ecdsa-p256,1,0.892559,0.328929,0.454566,0.024445,0.057667,0.004708,0.006512,0.099785,332,144,140,24,24
306,BaselineECDSA-0-20260922-20:33:18-1128295,BaselineECDSA,0,0,0,6,ecdsa-p256,1,0.91951,0.331273,0.464224,0.024616,0.058428,0.004819,0.006612,0.099674,335,146,141,24,24
307,BaselineECDSA-0-20260922-20:33:18-1128295,BaselineECDSA,0,0,0,7,ecdsa-p256,1,0.889733,0.344226,0.430228,0.024506,0.06478,0.004899,0.006782,0.099495,333,145,140,24,24
308,BaselineECDSA-0-20260922-20:33:18-1128295,BaselineECDSA,0,0,0,8,ecdsa-p256,1,0.947798,0.330102,0.441708,0.025127,0.057656,0.00487,0.006803,0.099474,332,145,139,24,24
309,BaselineECDSA-0-20260922-20:33:18-1128295,BaselineECDSA,0,0,0,9,ecdsa-p256,1,0.907146,0.344467,0.455189,0.024115,0.060763,0.004828,0.006422,0.104323,333,145,140,24,24
310,BaselineECDSA-1-20260922-20:33:18-1128295,BaselineECDSA,1,1,1,0,ecdsa-p256,1,0.891483,0.371588,0.43514,0.029925,0.057867,0.00507,0.008757,0.126434,333,145,140,24,24
311,BaselineECDSA-1-20260922-20:33:18-1128295,BaselineECDSA,1,1,1,1,ecdsa-p256,1,0.905648,0.327695,0.436779,0.024224,0.057106,0.004769,0.006532,0.099305,334,145,141,24,24
312,BaselineECDSA-1-20260922-20:33:18-1128295,BaselineECDSA,1,1,1,2,ecdsa-p256,1,0.918057,0.330121,0.467892,0.023574,0.057957,0.004849,0.006862,0.099765,332,144,140,24,24
313,BaselineECDSA-1-20260922-20:33:18-1128295,BaselineECDSA,1,1,1,3,ecdsa-p256,1,0.900483,0.326346,0.453635,0.023875,0.057196,0.004769,0.006272,0.099294,333,145,140,24,24
314,BaselineECDSA-1-20260922-20:33:18-1128295,BaselineECDSA,1,1,1,4,ecdsa-p256,1,0.919446,0.334338,0.438879,0.023223,0.058989,0.004949,0.007153,0.100646,332,145,139,24,24
315,BaselineECDSA-1-20260922-20:33:18-1128295,BaselineECDSA,1,1,1,5,ecdsa-p256,1,0.890648,0.328398,0.461106,0.025037,0.057406,0.004749,0.006502,0.099385,332,144,140,24,24
316,BaselineECDSA-1-20260922-20:33:18-1128295,BaselineECDSA,1,1,1,6,ecdsa-p256,1,0.966829,0.334067,0.451861,0.023323,0.056855,0.004769,0.006301,0.103772,332,145,139,24,24
317,BaselineECDSA-1-20260922-20:33:18-1128295,BaselineECDSA,1,1,1,7,ecdsa-p256,1,0.913789,0.326944,0.454499,0.023083,0.057316,0.004748,0.006572,0.099554,332,145,139,24,24
318,BaselineECDSA-1-20260922-20:33:18-1128295,BaselineECDSA,1,1,1,8,ecdsa-p256,1,0.95949,0.326374,0.500737,0.023394,0.057346,0.004789,0.006462,0.099133,333,145,140,24,24
319,BaselineECDSA-1-20260922-20:33:18-1128295,BaselineECDSA,1,1,1,9,ecdsa-p256,1,0.889895,0.339227,0.451699,0.023484,0.056866,0.004909,0.013094,0.099193,332,145,139,24,24
320,BaselineECDSA-10-20260922-20:33:18-1128295,BaselineECDSA,10,10,10,0,ecdsa-p256,1,0.933129,0.369053,0.451856,0.034674,0.058128,0.005169,0.008216,0.114923,334,145,141,24,24
321,BaselineECDSA-10-20260922-20:33:18-1128295,BaselineECDSA,10,10,10,1,ecdsa-p256,1,0.886722,0.329501,0.450515,0.024736,0.057276,0.004808,0.006612,0.099724,332,145,139,24,24
322,BaselineECDSA-10-20260922-20:33:18-1128295,BaselineECDSA,10,10,10,2,ecdsa-p256,1,0.934366,0.343025,0.469862,0.023684,0.064189,0.004828,0.006963,0.099895,334,145,141,24,24
323,BaselineECDSA-10-20260922-20:33:18-1128295,BaselineECDSA,10,10,10,3,ecdsa-p256,1,0.875742,0.327057,0.442339,0.024466,0.056945,0.004749,0.006412,0.099495,333,145,140,24,24
324,BaselineECDSA-10-20260922-20:33:18-1128295,BaselineECDSA,10,10,10,4,ecdsa-p256,1,0.863154,0.337925,0.420729,0.024906,0.056836,0.004859,0.006382,0.1082,332,144,140,24,24
325,BaselineECDSA-10-20260922-20:33:18-1128295,BaselineECDSA,10,10,10,5,ecdsa-p256,1,0.925211,0.328717,0.45837,0.024716,0.057326,0.004758,0.006502,0.099975,332,145,139,24,24
326,BaselineECDSA-10-20260922-20:33:18-1128295,BaselineECDSA,10,10,10,6,ecdsa-p256,1,0.915218,0.326263,0.440187,0.023494,0.057066,0.004819,0.006292,0.099555,334,146,140,24,24
327,BaselineECDSA-10-20260922-20:33:18-1128295,BaselineECDSA,10,10,10,7,ecdsa-p256,1,0.908367,0.32975,0.465019,0.023774,0.058047,0.004748,0.006562,0.099785,334,146,140,24,24
328,BaselineECDSA-10-20260922-20:33:18-1128295,BaselineECDSA,10,10,10,8,ecdsa-p256,1,0.940483,0.327957,0.480878,0.024125,0.057627,0.004769,0.006452,0.099325,335,146,141,24,24
329,BaselineECDSA-10-20260922-20:33:18-1128295,BaselineECDSA,10,10,10,9,ecdsa-p256,1,0.900577,0.327998,0.443175,0.023864,0.057156,0.0048,0.006482,0.100466,332,145,139,24,24
330,BaselineECDSA-11-20260922-20:33:18-1128295,BaselineECDSA,11,11,11,0,ecdsa-p256,1,0.91508,0.402005,0.465368,0.036848,0.058458,0.005241,0.011962,0.125833,331,144,139,24,24
331,BaselineECDSA-11-20260922-20:33:18-1128295,BaselineECDSA,11,11,11,1,ecdsa-p256,1,0.902384,0.332315,0.470967,0.026048,0.057497,0.004849,0.006632,0.100255,334,146,140,24,24
332,BaselineECDSA-11-20260922-20:33:18-1128295,BaselineECDSA,11,11,11,2,ecdsa-p256,1,0.919383,0.32944,0.479677,0.024005,0.057436,0.004839,0.006602,0.100245,331,144,139,24,24
333,BaselineECDSA-11-20260922-20:33:18-1128295,BaselineECDSA,11,11,11,3,ecdsa-p256,1,0.89158,0.338416,0.443542,0.024876,0.057316,0.004778,0.006682,0.108361,334,145,141,24,24
334,BaselineECDSA-11-20260922-20:33:18-1128295,BaselineECDSA,11,11,11,4,ecdsa-p256,1,0.921049,0.328387,0.457527,0.023814,0.057246,0.004758,0.006502,0.100146,333,146,139,24,24
335,BaselineECDSA-11-20260922-20:33:18-1128295,BaselineECDSA,11,11,11,5,ecdsa-p256,1,0.890788,0.353416,0.457836,0.023624,0.064569,0.00484,0.006883,0.104973,332,144,140,24,24
336,BaselineECDSA-11-20260922-20:33:18-1128295,BaselineECDSA,11,11,11,6,ecdsa-p256,1,0.918069,0.329319,0.458291,0.024616,0.057356,0.004799,0.006422,0.100124,333,145,140,24,24
337,BaselineECDSA-11-20260922-20:33:18-1128295,BaselineECDSA,11,11,11,7,ecdsa-p256,1,0.946761,0.328578,0.459379,0.023724,0.057477,0.004759,0.006482,0.100035,333,145,140,24,24
338,BaselineECDSA-11-20260922-20:33:18-1128295,BaselineECDSA,11,11,11,8,ecdsa-p256,1,0.909026,0.330171,0.444106,0.024755,0.057316,0.004769,0.006482,0.100707,332,144,140,24,24
339,BaselineECDSA-11-20260922-20:33:18-1128295,BaselineECDSA,11,11,11,9,ecdsa-p256,1,0.9315,0.329709,0.470856,0.023895,0.057577,0.004759,0.006512,0.100286,333,145,140,24,24
340,BaselineECDSA-12-20260922-20:33:18-1128295,BaselineECDSA,12,12,12,0,ecdsa-p256,1,0.938444,0.352693,0.480262,0.029144,0.058087,0.005078,0.008175,0.109422,333,145,140,24,24
341,BaselineECDSA-12-20260922-20:33:18-1128295,BaselineECDSA,12,12,12,1,ecdsa-p256,1,0.896361,0.32883,0.466653,0.024876,0.057156,0.004838,0.006572,0.099534,332,143,141,24,24
342,BaselineECDSA-12-20260922-20:33:18-1128295,BaselineECDSA,12,12,12,2,ecdsa-p256,1,0.909197,0.330152,0.473356,0.025507,0.057166,0.00485,0.006572,0.100186,332,145,139,24,24
343,BaselineECDSA-12-20260922-20:33:18-1128295,BaselineECDSA,12,12,12,3,ecdsa-p256,1,0.92357,0.327245,0.449897,0.023734,0.057045,0.004738,0.006502,0.099715,334,145,141,24,24
344,BaselineECDSA-12-20260922-20:33:18-1128295,BaselineECDSA,12,12,12,4,ecdsa-p256,1,0.923658,0.327727,0.455261,0.023584,0.057126,0.004738,0.006732,0.099684,333,144,141,24,24
345,BaselineECDSA-12-20260922-20:33:18-1128295,BaselineECDSA,12,12,12,5,ecdsa-p256,1,0.954958,0.33528,0.454088,0.023914,0.056956,0.004749,0.006402,0.103892,335,146,141,24,24
346,BaselineECDSA-12-20260922-20:33:18-1128295,BaselineECDSA,12,12,12,6,ecdsa-p256,1,0.923532,0.326253,0.473067,0.023704,0.056926,0.004739,0.006442,0.099505,333,146,139,24,24
347,BaselineECDSA-12-20260922-20:33:18-1128295,BaselineECDSA,12,12,12,7,ecdsa-p256,1,0.919455,0.337055,0.455725,0.024656,0.057035,0.004779,0.006432,0.104082,333,144,141,24,24
348,BaselineECDSA-12-20260922-20:33:18-1128295,BaselineECDSA,12,12,12,8,ecdsa-p256,1,0.884198,0.335341,0.432344,0.023654,0.057085,0.004729,0.006412,0.103913,333,145,140,24,24
349,BaselineECDSA-12-20260922-20:33:18-1128295,BaselineECDSA,12,12,12,9,ecdsa-p256,1,0.878653,0.326584,0.426748,0.023463,0.057206,0.004749,0.006502,0.099334,331,144,139,24,24
350,BaselineECDSA-13-20260922-20:33:18-1128295,BaselineECDSA,13,13,13,0,ecdsa-p256,1,0.892638,0.400341,0.457861,0.040936,0.058628,0.00534,0.013135,0.123769,334,146,140,24,24
351,BaselineECDSA-13-20260922-20:33:18-1128295,BaselineECDSA,13,13,13,1,ecdsa-p256,1,0.885879,0.331662,0.431622,0.024927,0.057877,0.004838,0.006553,0.100265,332,145,139,24,24
352,BaselineECDSA-13-20260922-20:33:18-1128295,BaselineECDSA,13,13,13,2,ecdsa-p256,1,0.899213,0.348514,0.431018,0.024034,0.066042,0.004809,0.007053,0.100646,333,146,139,24,24
353,BaselineECDSA-13-20260922-20:33:18-1128295,BaselineECDSA,13,13,13,3,ecdsa-p256,1,0.874158,0.330001,0.440404,0.025066,0.057506,0.004809,0.006402,0.100174,334,145,141,24,24
354,BaselineECDSA-13-20260922-20:33:18-1128295,BaselineECDSA,13,13,13,4,ecdsa-p256,1,0.919401,0.328448,0.469065,0.023945,0.057316,0.00481,0.006502,0.099985,335,146,141,24,24
355,BaselineECDSA-13-20260922-20:33:18-1128295,BaselineECDSA,13,13,13,5,ecdsa-p256,1,0.881578,0.338696,0.439791,0.024806,0.057747,0.004778,0.006692,0.10809,333,144,141,24,24
356,BaselineECDSA-13-20260922-20:33:18-1128295,BaselineECDSA,13,13,13,6,ecdsa-p256,1,0.892085,0.351391,0.427491,0.024245,0.063147,0.004829,0.006552,0.105415,332,144,140,24,24
357,BaselineECDSA-13-20260922-20:33:18-1128295,BaselineECDSA,13,13,13,7,ecdsa-p256,1,0.944962,0.332805,0.492303,0.024445,0.058268,0.00488,0.006712,0.100697,333,145,140,24,24
358,BaselineECDSA-13-20260922-20:33:18-1128295,BaselineECDSA,13,13,13,8,ecdsa-p256,1,0.939453,0.330622,0.461614,0.024165,0.057947,0.004778,0.006532,0.100285,333,145,140,24,24
359,BaselineECDSA-13-20260922-20:33:18-1128295,BaselineECDSA,13,13,13,9,ecdsa-p256,1,0.908287,0.34608,0.463184,0.023834,0.061174,0.004798,0.006583,0.104953,333,145,140,24,24
360,BaselineECDSA-14-20260922-20:33:18-1128295,BaselineECDSA,14,14,14,0,ecdsa-p256,1,0.907543,0.352112,0.451861,0.029014,0.057646,0.00513,0.008245,0.109543,334,145,141,24,24
361,BaselineECDSA-14-20260922-20:33:18-1128295,BaselineECDSA,14,14,14,1,ecdsa-p256,1,0.903869,0.348184,0.437744,0.025397,0.057376,0.00486,0.006833,0.112117,334,146,140,24,24
362,BaselineECDSA-14-20260922-20:33:18-1128295,BaselineECDSA,14,14,14,2,ecdsa-p256,1,0.905002,0.328308,0.447795,0.024045,0.057626,0.004838,0.006502,0.099414,334,145,141,24,24
363,BaselineECDSA-14-20260922-20:33:18-1128295,BaselineECDSA,14,14,14,3,ecdsa-p256,1,0.9218,0.343226,0.470637,0.023804,0.06462,0.00483,0.006803,0.099815,332,144,140,24,24
364,BaselineECDSA-14-20260922-20:33:18-1128295,BaselineECDSA,14,14,14,4,ecdsa-p256,1,0.897156,0.327327,0.439117,0.024576,0.057005,0.004759,0.006522,0.099333,334,146,140,24,24
365,BaselineECDSA-14-20260922-20:33:18-1128295,BaselineECDSA,14,14,14,5,ecdsa-p256,1,0.899493,0.326815,0.432393,0.023614,0.057396,0.004879,0.006432,0.099264,334,146,140,24,24
366,BaselineECDSA-14-20260922-20:33:18-1128295,BaselineECDSA,14,14,14,6,ecdsa-p256,1,0.885231,0.328418,0.448313,0.024426,0.056935,0.004768,0.006492,0.100257,335,146,141,24,24
367,BaselineECDSA-14-20260922-20:33:18-1128295,BaselineECDSA,14,14,14,7,ecdsa-p256,1,0.89274,0.335641,0.44409,0.023463,0.057436,0.004709,0.006362,0.103842,333,145,140,24,24
368,BaselineECDSA-14-20260922-20:33:18-1128295,BaselineECDSA,14,14,14,8,ecdsa-p256,1,0.932294,0.329771,0.444563,0.023444,0.057697,0.00477,0.006913,0.099855,333,144,141,24,24
369,BaselineECDSA-14-20260922-20:33:18-1128295,BaselineECDSA,14,14,14,9,ecdsa-p256,1,0.925968,0.326444,0.454016,0.023894,0.057045,0.004729,0.006422,0.099345,333,146,139,24,24
370,BaselineECDSA-15-20260922-20:33:18-1128295,BaselineECDSA,15,15,15,0,ecdsa-p256,1,0.936159,0.360075,0.46785,0.030948,0.057667,0.005249,0.009628,0.111527,331,144,139,24,24
371,BaselineECDSA-15-20260922-20:33:18-1128295,BaselineECDSA,15,15,15,1,ecdsa-p256,1,0.892431,0.332524,0.426909,0.024906,0.058168,0.004808,0.006732,0.100206,334,146,140,24,24
372,BaselineECDSA-15-20260922-20:33:18-1128295,BaselineECDSA,15,15,15,2,ecdsa-p256,1,0.907789,0.345752,0.437268,0.024135,0.06474,0.004889,0.006963,0.100466,332,145,139,24,24
373,BaselineECDSA-15-20260922-20:33:18-1128295,BaselineECDSA,15,15,15,3,ecdsa-p256,1,0.899041,0.333458,0.446179,0.025197,0.058087,0.004768,0.006612,0.101568,331,144,139,24,24
374,BaselineECDSA-15-20260922-20:33:18-1128295,BaselineECDSA,15,15,15,4,ecdsa-p256,1,0.910085,0.331895,0.439327,0.024355,0.057787,0.004939,0.006553,0.101087,333,145,140,24,24
375,BaselineECDSA-15-20260922-20:33:18-1128295,BaselineECDSA,15,15,15,5,ecdsa-p256,1,0.889453,0.339027,0.447233,0.025969,0.058138,0.004849,0.006593,0.105826,334,146,140,24,24
376,BaselineECDSA-15-20260922-20:33:18-1128295,BaselineECDSA,15,15,15,6,ecdsa-p256,1,0.923445,0.331364,0.476138,0.024506,0.058108,0.004749,0.006672,0.100196,333,145,140,24,24
377,BaselineECDSA-15-20260922-20:33:18-1128295,BaselineECDSA,15,15,15,7,ecdsa-p256,1,0.909956,0.333086,0.470264,0.024104,0.058589,0.004808,0.006803,0.100425,334,146,140,24,24
378,BaselineECDSA-15-20260922-20:33:18-1128295,BaselineECDSA,15,15,15,8,ecdsa-p256,1,0.908562,0.330232,0.461609,0.024606,0.057706,0.004769,0.006422,0.100255,332,144,140,24,24
379,BaselineECDSA-15-20260922-20:33:18-1128295,BaselineECDSA,15,15,15,9,ecdsa-p256,1,0.904438,0.331854,0.449594,0.024255,0.058278,0.005169,0.006422,0.100124,333,146,139,24,24
380,BaselineECDSA-16-20260922-20:33:18-1128295,BaselineECDSA,16,16,16,0,ecdsa-p256,1,0.891306,0.374783,0.443125,0.029565,0.057857,0.005149,0.009207,0.11902,332,145,139,24,24
381,BaselineECDSA-16-20260922-20:33:18-1128295,BaselineECDSA,16,16,16,1,ecdsa-p256,1,0.888691,0.331462,0.428976,0.025998,0.057546,0.004838,0.006763,0.099575,332,145,139,24,24
382,BaselineECDSA-16-20260922-20:33:18-1128295,BaselineECDSA,16,16,16,2,ecdsa-p256,1,0.878662,0.326874,0.431545,0.023784,0.057056,0.004778,0.006602,0.099274,332,144,140,24,24
383,BaselineECDSA-16-20260922-20:33:18-1128295,BaselineECDSA,16,16,16,3,ecdsa-p256,1,0.878645,0.343877,0.438313,0.031038,0.057026,0.00481,0.006782,0.104084,333,144,141,24,24
384,BaselineECDSA-16-20260922-20:33:18-1128295,BaselineECDSA,16,16,16,4,ecdsa-p256,1,0.885386,0.335821,0.427808,0.023654,0.057176,0.004739,0.006452,0.103973,332,144,140,24,24
385,BaselineECDSA-16-20260922-20:33:18-1128295,BaselineECDSA,16,16,16,5,ecdsa-p256,1,0.942537,0.341803,0.47234,0.023693,0.064059,0.004869,0.006753,0.099624,333,144,141,24,24
386,BaselineECDSA-16-20260922-20:33:18-1128295,BaselineECDSA,16,16,16,6,ecdsa-p256,1,0.916375,0.326394,0.443253,0.024475,0.056855,0.004749,0.006272,0.099324,333,145,140,24,24
387,BaselineECDSA-16-20260922-20:33:18-1128295,BaselineECDSA,16,16,16,7,ecdsa-p256,1,0.898566,0.332837,0.452908,0.023443,0.057015,0.00479,0.006622,0.10249,334,146,140,24,24
388,BaselineECDSA-16-20260922-20:33:18-1128295,BaselineECDSA,16,16,16,8,ecdsa-p256,1,0.890363,0.33496,0.428288,0.025176,0.056985,0.004769,0.006512,0.106287,332,145,139,24,24
389,BaselineECDSA-16-20260922-20:33:18-1128295,BaselineECDSA,16,16,16,9,ecdsa-p256,1,0.938629,0.327055,0.482439,0.023583,0.057126,0.004779,0.006492,0.099584,333,145,140,24,24
390,BaselineECDSA-17-20260922-20:33:18-1128295,BaselineECDSA,17,17,17,0,ecdsa-p256,1,0.915484,0.390594,0.44474,0.033191,0.068837,0.005199,0.01103,0.112639,332,144,140,24,24
391,BaselineECDSA-17-20260922-20:33:18-1128295,BaselineECDSA,17,17,17,1,ecdsa-p256,1,0.892869,0.334128,0.447499,0.026289,0.057447,0.004878,0.007353,0.100436,333,144,141,24,24
392,BaselineECDSA-17-20260922-20:33:18-1128295,BaselineECDSA,17,17,17,2,ecdsa-p256,1,0.869668,0.33996,0.432654,0.024516,0.057908,0.00486,0.006762,0.104473,333,146,139,24,24
393,BaselineECDSA-17-20260922-20:33:18-1128295,BaselineECDSA,17,17,17,3,ecdsa-p256,1,0.916989,0.332927,0.443046,0.026549,0.057757,0.00481,0.006642,0.100536,332,144,140,24,24
394,BaselineECDSA-17-20260922-20:33:18-1128295,BaselineECDSA,17,17,17,4,ecdsa-p256,1,0.919989,0.331594,0.486714,0.024556,0.058358,0.00479,0.006412,0.100165,331,144,139,24,24
395,BaselineECDSA-17-20260922-20:33:18-1128295,BaselineECDSA,17,17,17,5,ecdsa-p256,1,0.92728,0.337245,0.451054,0.025086,0.059089,0.00493,0.007033,0.101358,334,146,140,24,24
396,BaselineECDSA-17-20260922-20:33:18-1128295,BaselineECDSA,17,17,17,6,ecdsa-p256,1,0.934435,0.341703,0.450248,0.025006,0.058539,0.004819,0.006552,0.104854,333,145,140,24,24
397,BaselineECDSA-17-20260922-20:33:18-1128295,BaselineECDSA,17,17,17,7,ecdsa-p256,1,0.963002,0.346723,0.458474,0.024996,0.058087,0.004868,0.006713,0.107139,333,145,140,24,24
398,BaselineECDSA-17-20260922-20:33:18-1128295,BaselineECDSA,17,17,17,8,ecdsa-p256,1,0.907273,0.333419,0.456397,0.025738,0.058568,0.00483,0.006552,0.100016,335,146,141,24,24
399,BaselineECDSA-17-20260922-20:33:18-1128295,BaselineECDSA,17,17,17,9,ecdsa-p256,1,0.935122,0.332395,0.435042,0.025227,0.058077,0.00484,0.006492,0.100436,335,146,141,24,24
400,BaselineECDSA-18-20260922-20:33:18-1128295,BaselineECDSA,18,18,18,0,ecdsa-p256,1,0.954226,0.352062,0.522258,0.030105,0.057958,0.005209,0.009187,0.105054,335,146,141,24,24
401,BaselineECDSA-18-20260922-20:33:18-1128295,BaselineECDSA,18,18,18,1,ecdsa-p256,1,0.889748,0.34036,0.444112,0.024986,0.057527,0.004799,0.006652,0.104844,333,144,141,24,24
402,BaselineECDSA-18-20260922-20:33:18-1128295,BaselineECDSA,18,18,18,2,ecdsa-p256,1,0.919795,0.341211,0.449157,0.033412,0.057727,0.004909,0.007143,0.100406,335,146,141,24,24
403,BaselineECDSA-18-20260922-20:33:18-1128295,BaselineECDSA,18,18,18,3,ecdsa-p256,1,0.948153,0.32904,0.434225,0.024014,0.057557,0.004738,0.006502,0.100045,333,146,139,24,24
404,BaselineECDSA-18-20260922-20:33:18-1128295,BaselineECDSA,18,18,18,4,ecdsa-p256,1,0.926226,0.342795,0.46604,0.024014,0.063648,0.00486,0.006863,0.100496,332,145,139,24,24
405,BaselineECDSA-18-20260922-20:33:18-1128295,BaselineECDSA,18,18,18,5,ecdsa-p256,1,0.941954,0.329579,0.482065,0.024535,0.057567,0.004758,0.006452,0.100236,331,144,139,24,24
406,BaselineECDSA-18-20260922-20:33:18-1128295,BaselineECDSA,18,18,18,6,ecdsa-p256,1,0.928786,0.334088,0.486187,0.023844,0.057165,0.010739,0.006522,0.100085,332,145,139,24,24
407,BaselineECDSA-18-20260922-20:33:18-1128295,BaselineECDSA,18,18,18,7,ecdsa-p256,1,0.927614,0.330824,0.465603,0.024555,0.057677,0.004759,0.006592,0.100496,333,146,139,24,24
408,BaselineECDSA-18-20260922-20:33:18-1128295,BaselineECDSA,18,18,18,8,ecdsa-p256,1,0.902294,0.337244,0.471062,0.023914,0.057286,0.00481,0.006552,0.104494,333,145,140,24,24
409,BaselineECDSA-18-20260922-20:33:18-1128295,BaselineECDSA,18,18,18,9,ecdsa-p256,1,0.920594,0.332146,0.437821,0.023915,0.058208,0.004779,0.006712,0.100676,332,145,139,24,24
410,BaselineECDSA-19-20260922-20:33:18-1128295,BaselineECDSA,19,19,19,0,ecdsa-p256,1,0.942741,0.383579,0.480845,0.033792,0.060402,0.00542,0.011772,0.117296,333,144,141,24,24
411,BaselineECDSA-19-20260922-20:33:18-1128295,BaselineECDSA,19,19,19,1,ecdsa-p256,1,0.892903,0.375736,0.433937,0.025978,0.072164,0.006863,0.008306,0.105015,334,145,141,24,24
412,BaselineECDSA-19-20260922-20:33:18-1128295,BaselineECDSA,19,19,19,2,ecdsa-p256,1,0.912666,0.434185,0.431315,0.03781,0.073206,0.005761,0.009217,0.131954,332,145,139,24,24
413,BaselineECDSA-19-20260922-20:33:18-1128295,BaselineECDSA,19,19,19,3,ecdsa-p256,1,0.870347,0.401944,0.443295,0.031618,0.069859,0.00547,0.008596,0.122066,331,144,139,24,24
414,BaselineECDSA-19-20260922-20:33:18-1128295,BaselineECDSA,19,19,19,4,ecdsa-p256,1,0.876883,0.411212,0.423918,0.03244,0.071713,0.0055,0.008325,0.12444,334,146,140,24,24
415,BaselineECDSA-19-20260922-20:33:18-1128295,BaselineECDSA,19,19,19,5,ecdsa-p256,1,0.894416,0.43757,0.462415,0.03233,0.072825,0.007475,0.011551,0.134991,331,144,139,24,24
416,BaselineECDSA-19-20260922-20:33:18-1128295,BaselineECDSA,19,19,19,6,ecdsa-p256,1,0.871714,0.399758,0.433654,0.034233,0.070912,0.00514,0.008045,0.117637,333,145,140,24,24
417,BaselineECDSA-19-20260922-20:33:18-1128295,BaselineECDSA,19,19,19,7,ecdsa-p256,1,0.958539,0.419796,0.499851,0.03216,0.069148,0.007373,0.011451,0.12413,334,146,140,24,24
418,BaselineECDSA-19-20260922-20:33:18-1128295,BaselineECDSA,19,19,19,8,ecdsa-p256,1,0.905866,0.40975,0.468766,0.032821,0.067165,0.007695,0.012413,0.121514,332,145,139,24,24
419,BaselineECDSA-19-20260922-20:33:18-1128295,BaselineECDSA,19,19,19,9,ecdsa-p256,1,0.885673,0.369405,0.429797,0.033391,0.066483,0.005219,0.008024,0.105294,334,146,140,24,24
420,BaselineECDSA-2-20260922-20:33:18-1128295,BaselineECDSA,2,2,2,0,ecdsa-p256,1,0.921523,0.372818,0.458159,0.032961,0.057747,0.005479,0.012032,0.114842,333,144,141,24,24
421,BaselineECDSA-2-20260922-20:33:18-1128295,BaselineECDSA,2,2,2,1,ecdsa-p256,1,0.910978,0.358824,0.453463,0.026519,0.058418,0.00491,0.007143,0.118229,333,144,141,24,24
422,BaselineECDSA-2-20260922-20:33:18-1128295,BaselineECDSA,2,2,2,2,ecdsa-p256,1,0.911467,0.328628,0.463332,0.024095,0.057417,0.004799,0.006512,0.099884,334,145,141,24,24
423,BaselineECDSA-2-20260922-20:33:18-1128295,BaselineECDSA,2,2,2,3,ecdsa-p256,1,0.903331,0.332205,0.4292,0.024134,0.058618,0.004799,0.006743,0.100226,334,145,141,24,24
424,BaselineECDSA-2-20260922-20:33:18-1128295,BaselineECDSA,2,2,2,4,ecdsa-p256,1,0.902364,0.330344,0.447904,0.024365,0.057927,0.004808,0.006612,0.100096,332,145,139,24,24
425,BaselineECDSA-2-20260922-20:33:18-1128295,BaselineECDSA,2,2,2,5,ecdsa-p256,1,0.941486,0.33008,0.44293,0.024095,0.057888,0.004798,0.006553,0.100045,333,145,140,24,24
426,BaselineECDSA-2-20260922-20:33:18-1128295,BaselineECDSA,2,2,2,6,ecdsa-p256,1,0.893352,0.3454,0.445116,0.024897,0.058268,0.004769,0.006402,0.109673,334,146,140,24,24
427,BaselineECDSA-2-20260922-20:33:18-1128295,BaselineECDSA,2,2,2,7,ecdsa-p256,1,0.928482,0.331704,0.45131,0.024095,0.058448,0.005029,0.006282,0.100225,334,146,140,24,24
428,BaselineECDSA-2-20260922-20:33:18-1128295,BaselineECDSA,2,2,2,8,ecdsa-p256,1,0.940123,0.331454,0.467694,0.024055,0.058538,0.004839,0.006752,0.099735,332,145,139,24,24
429,BaselineECDSA-2-20260922-20:33:18-1128295,BaselineECDSA,2,2,2,9,ecdsa-p256,1,0.891609,0.326835,0.442942,0.024064,0.057166,0.004729,0.006392,0.099274,334,146,140,24,24
430,BaselineECDSA-20-20260922-20:33:18-1128295,BaselineECDSA,20,20,20,0,ecdsa-p256,1,0.939538,0.375425,0.487737,0.034153,0.057697,0.005229,0.01114,0.11326,333,145,140,24,24
431,BaselineECDSA-20-20260922-20:33:18-1128295,BaselineECDSA,20,20,20,1,ecdsa-p256,1,0.912783,0.333416,0.467904,0.026268,0.058068,0.004799,0.007213,0.099495,333,145,140,24,24
432,BaselineECDSA-20-20260922-20:33:18-1128295,BaselineECDSA,20,20,20,2,ecdsa-p256,1,0.921273,0.32903,0.463038,0.024415,0.057185,0.004799,0.006762,0.099824,333,144,141,24,24
433,BaselineECDSA-20-20260922-20:33:18-1128295,BaselineECDSA,20,20,20,3,ecdsa-p256,1,0.935036,0.335581,0.451739,0.024986,0.057767,0.004779,0.006632,0.105335,332,144,140,24,24
434,BaselineECDSA-20-20260922-20:33:18-1128295,BaselineECDSA,20,20,20,4,ecdsa-p256,1,0.903863,0.335143,0.453828,0.029575,0.058318,0.004779,0.006402,0.099615,334,145,141,24,24
435,BaselineECDSA-20-20260922-20:33:18-1128295,BaselineECDSA,20,20,20,5,ecdsa-p256,1,0.978395,0.343856,0.491484,0.023724,0.06476,0.004849,0.006792,0.100005,333,145,140,24,24
436,BaselineECDSA-20-20260922-20:33:18-1128295,BaselineECDSA,20,20,20,6,ecdsa-p256,1,0.912085,0.328409,0.452931,0.025186,0.057266,0.00474,0.006372,0.099464,334,145,141,24,24
437,BaselineECDSA-20-20260922-20:33:18-1128295,BaselineECDSA,20,20,20,7,ecdsa-p256,1,0.90078,0.336903,0.459251,0.023984,0.057306,0.004788,0.006512,0.104143,335,146,141,24,24
438,BaselineECDSA-20-20260922-20:33:18-1128295,BaselineECDSA,20,20,20,8,ecdsa-p256,1,0.897343,0.334719,0.444598,0.024686,0.057427,0.004789,0.006462,0.105225,335,146,141,24,24
439,BaselineECDSA-20-20260922-20:33:18-1128295,BaselineECDSA,20,20,20,9,ecdsa-p256,1,0.943026,0.327536,0.475897,0.023875,0.057195,0.004768,0.006422,0.099825,333,145,140,24,24
440,BaselineECDSA-21-20260922-20:33:18-1128295,BaselineECDSA,21,21,21,0,ecdsa-p256,1,0.915227,0.373963,0.476848,0.029084,0.058228,0.005159,0.01059,0.114702,333,145,140,24,24
441,BaselineECDSA-21-20260922-20:33:18-1128295,BaselineECDSA,21,21,21,1,ecdsa-p256,1,0.969848,0.332646,0.502585,0.026168,0.057437,0.004809,0.006942,0.100126,333,144,141,24,24
442,BaselineECDSA-21-20260922-20:33:18-1128295,BaselineECDSA,21,21,21,2,ecdsa-p256,1,0.944257,0.330271,0.505651,0.024285,0.057606,0.004858,0.006732,0.100115,333,144,141,24,24
443,BaselineECDSA-21-20260922-20:33:18-1128295,BaselineECDSA,21,21,21,3,ecdsa-p256,1,0.863686,0.342393,0.433483,0.025367,0.058739,0.004869,0.007214,0.10767,332,144,140,24,24
444,BaselineECDSA-21-20260922-20:33:18-1128295,BaselineECDSA,21,21,21,4,ecdsa-p256,1,0.91963,0.331644,0.471831,0.024816,0.058088,0.00475,0.006542,0.100366,333,145,140,24,24
445,BaselineECDSA-21-20260922-20:33:18-1128295,BaselineECDSA,21,21,21,5,ecdsa-p256,1,0.871772,0.347093,0.438178,0.024976,0.065091,0.004849,0.006813,0.100576,333,145,140,24,24
446,BaselineECDSA-21-20260922-20:33:18-1128295,BaselineECDSA,21,21,21,6,ecdsa-p256,1,0.894835,0.334099,0.442959,0.026048,0.058588,0.004859,0.006552,0.100256,333,145,140,24,24
447,BaselineECDSA-21-20260922-20:33:18-1128295,BaselineECDSA,21,21,21,7,ecdsa-p256,1,0.899481,0.333607,0.443671,0.025047,0.058679,0.00488,0.006562,0.100326,332,144,140,24,24
448,BaselineECDSA-21-20260922-20:33:18-1128295,BaselineECDSA,21,21,21,8,ecdsa-p256,1,0.90384,0.342293,0.43769,0.025267,0.058047,0.004859,0.006652,0.105344,334,145,141,24,24
449,BaselineECDSA-21-20260922-20:33:18-1128295,BaselineECDSA,21,21,21,9,ecdsa-p256,1,0.877223,0.333758,0.438942,0.024215,0.058979,0.005159,0.006431,0.100316,333,145,140,24,24
450,BaselineECDSA-22-20260922-20:33:18-1128295,BaselineECDSA,22,22,22,0,ecdsa-p256,1,0.905046,0.358463,0.433179,0.028483,0.057847,0.005169,0.008586,0.109543,332,145,139,24,24
451,BaselineECDSA-22-20260922-20:33:18-1128295,BaselineECDSA,22,22,22,1,ecdsa-p256,1,0.906476,0.330501,0.461729,0.025717,0.057246,0.004828,0.006603,0.099785,333,146,139,24,24
452,BaselineECDSA-22-20260922-20:33:18-1128295,BaselineECDSA,22,22,22,2,ecdsa-p256,1,0.912554,0.327986,0.471151,0.024045,0.057256,0.004809,0.006472,0.099745,333,144,141,24,24
453,BaselineECDSA-22-20260922-20:33:18-1128295,BaselineECDSA,22,22,22,3,ecdsa-p256,1,0.906905,0.328569,0.468293,0.024014,0.057386,0.004779,0.006632,0.099735,334,146,140,24,24
454,BaselineECDSA-22-20260922-20:33:18-1128295,BaselineECDSA,22,22,22,4,ecdsa-p256,1,0.897199,0.336491,0.432798,0.023724,0.057316,0.004778,0.006412,0.104262,332,144,140,24,24
455,BaselineECDSA-22-20260922-20:33:18-1128295,BaselineECDSA,22,22,22,5,ecdsa-p256,1,0.890045,0.343026,0.44,0.023975,0.064449,0.004809,0.006822,0.099736,333,145,140,24,24
456,BaselineECDSA-22-20260922-20:33:18-1128295,BaselineECDSA,22,22,22,6,ecdsa-p256,1,0.915471,0.328048,0.478846,0.024755,0.057136,0.004789,0.006462,0.099404,333,145,140,24,24
457,BaselineECDSA-22-20260922-20:33:18-1128295,BaselineECDSA,22,22,22,7,ecdsa-p256,1,0.9181,0.328358,0.445991,0.023724,0.057666,0.004829,0.006421,0.099674,332,144,140,24,24
458,BaselineECDSA-22-20260922-20:33:18-1128295,BaselineECDSA,22,22,22,8,ecdsa-p256,1,0.901366,0.336524,0.464621,0.024595,0.057386,0.00483,0.006622,0.106548,333,145,140,24,24
459,BaselineECDSA-22-20260922-20:33:18-1128295,BaselineECDSA,22,22,22,9,ecdsa-p256,1,0.884284,0.327416,0.434163,0.023784,0.057376,0.00477,0.006302,0.099503,333,145,140,24,24
460,BaselineECDSA-23-20260922-20:33:18-1128295,BaselineECDSA,23,23,23,0,ecdsa-p256,1,0.921076,0.363382,0.467207,0.033061,0.057697,0.00533,0.011872,0.107009,334,145,141,24,24
461,BaselineECDSA-23-20260922-20:33:18-1128295,BaselineECDSA,23,23,23,1,ecdsa-p256,1,0.924271,0.35686,0.461744,0.025166,0.057136,0.004969,0.008966,0.110806,334,145,141,24,24
462,BaselineECDSA-23-20260922-20:33:18-1128295,BaselineECDSA,23,23,23,2,ecdsa-p256,1,0.902316,0.338977,0.447593,0.02676,0.057186,0.004748,0.007264,0.106086,332,145,139,24,24
463,BaselineECDSA-23-20260922-20:33:18-1128295,BaselineECDSA,23,23,23,3,ecdsa-p256,1,0.892816,0.333577,0.452104,0.024856,0.057897,0.006493,0.007073,0.100206,334,146,140,24,24
464,BaselineECDSA-23-20260922-20:33:18-1128295,BaselineECDSA,23,23,23,4,ecdsa-p256,1,0.963679,0.363674,0.463858,0.03245,0.06436,0.0051,0.009087,0.103021,335,146,141,24,24
465,BaselineECDSA-23-20260922-20:33:18-1128295,BaselineECDSA,23,23,23,5,ecdsa-p256,1,0.942033,0.365256,0.43754,0.028052,0.059701,0.005079,0.010029,0.11319,334,146,140,24,24
466,BaselineECDSA-23-20260922-20:33:18-1128295,BaselineECDSA,23,23,23,6,ecdsa-p256,1,0.907658,0.36702,0.464307,0.028092,0.069429,0.005159,0.007724,0.104794,333,145,140,24,24
467,BaselineECDSA-23-20260922-20:33:18-1128295,BaselineECDSA,23,23,23,7,ecdsa-p256,1,0.861262,0.339439,0.428969,0.027751,0.05898,0.00489,0.006953,0.101458,332,144,140,24,24
468,BaselineECDSA-23-20260922-20:33:18-1128295,BaselineECDSA,23,23,23,8,ecdsa-p256,1,0.915591,0.332307,0.429726,0.024946,0.058028,0.004829,0.006662,0.100095,333,146,139,24,24
469,BaselineECDSA-23-20260922-20:33:18-1128295,BaselineECDSA,23,23,23,9,ecdsa-p256,1,0.901882,0.339437,0.451556,0.026599,0.059129,0.00495,0.007063,0.101247,333,145,140,24,24
470,BaselineECDSA-24-20260922-20:33:18-1128295,BaselineECDSA,24,24,24,0,ecdsa-p256,1,0.883629,0.355159,0.451791,0.028894,0.057777,0.00518,0.008305,0.10803,331,144,139,24,24
471,BaselineECDSA-24-20260922-20:33:18-1128295,BaselineECDSA,24,24,24,1,ecdsa-p256,1,0.919423,0.340531,0.465604,0.024997,0.057496,0.00488,0.006702,0.104824,332,145,139,24,24
472,BaselineECDSA-24-20260922-20:33:18-1128295,BaselineECDSA,24,24,24,2,ecdsa-p256,1,0.908504,0.337854,0.436197,0.024816,0.057757,0.004869,0.006733,0.106828,333,145,140,24,24
473,BaselineECDSA-24-20260922-20:33:18-1128295,BaselineECDSA,24,24,24,3,ecdsa-p256,1,0.906802,0.329097,0.443043,0.023905,0.057516,0.004818,0.006512,0.100185,331,144,139,24,24
474,BaselineECDSA-24-20260922-20:33:18-1128295,BaselineECDSA,24,24,24,4,ecdsa-p256,1,0.892916,0.346001,0.451938,0.023974,0.06491,0.004868,0.007063,0.100576,333,145,140,24,24
475,BaselineECDSA-24-20260922-20:33:18-1128295,BaselineECDSA,24,24,24,5,ecdsa-p256,1,0.910269,0.337113,0.444702,0.024555,0.057276,0.004738,0.006522,0.104133,331,144,139,24,24
476,BaselineECDSA-24-20260922-20:33:18-1128295,BaselineECDSA,24,24,24,6,ecdsa-p256,1,0.902547,0.327346,0.463544,0.023623,0.057416,0.004779,0.006482,0.099514,334,145,141,24,24
477,BaselineECDSA-24-20260922-20:33:18-1128295,BaselineECDSA,24,24,24,7,ecdsa-p256,1,0.966642,0.333838,0.463188,0.024696,0.057427,0.004768,0.006432,0.104714,335,146,141,24,24
478,BaselineECDSA-24-20260922-20:33:18-1128295,BaselineECDSA,24,24,24,8,ecdsa-p256,1,0.897801,0.326224,0.435012,0.023524,0.056985,0.004759,0.006422,0.099485,333,146,139,24,24
479,BaselineECDSA-24-20260922-20:33:18-1128295,BaselineECDSA,24,24,24,9,ecdsa-p256,1,0.896241,0.329049,0.429,0.023694,0.057606,0.004748,0.006682,0.099775,334,146,140,24,24
480,BaselineECDSA-25-20260922-20:33:18-1128295,BaselineECDSA,25,25,25,0,ecdsa-p256,1,0.898449,0.343875,0.435916,0.027781,0.057887,0.005139,0.008205,0.103122,332,144,140,24,24
481,BaselineECDSA-25-20260922-20:33:18-1128295,BaselineECDSA,25,25,25,1,ecdsa-p256,1,0.908599,0.339959,0.474668,0.025567,0.057186,0.006142,0.006832,0.107549,331,144,139,24,24
482,BaselineECDSA-25-20260922-20:33:18-1128295,BaselineECDSA,25,25,25,2,ecdsa-p256,1,0.988514,0.342274,0.517798,0.026749,0.057527,0.00481,0.006863,0.108922,332,145,139,24,24
483,BaselineECDSA-25-20260922-20:33:18-1128295,BaselineECDSA,25,25,25,3,ecdsa-p256,1,0.879924,0.330833,0.440821,0.024064,0.058038,0.004809,0.006873,0.099674,333,145,140,24,24
484,BaselineECDSA-25-20260922-20:33:18-1128295,BaselineECDSA,25,25,25,4,ecdsa-p256,1,0.87785,0.343636,0.433536,0.024265,0.057086,0.004929,0.007204,0.106627,334,146,140,24,24
485,BaselineECDSA-25-20260922-20:33:18-1128295,BaselineECDSA,25,25,25,5,ecdsa-p256,1,0.917809,0.360096,0.446348,0.025597,0.057507,0.006121,0.012754,0.106897,334,145,141,24,24
486,BaselineECDSA-25-20260922-20:33:18-1128295,BaselineECDSA,25,25,25,6,ecdsa-p256,1,0.878141,0.351432,0.437391,0.029685,0.058247,0.005049,0.007474,0.105866,333,146,139,24,24
487,BaselineECDSA-25-20260922-20:33:18-1128295,BaselineECDSA,25,25,25,7,ecdsa-p256,1,0.884829,0.341222,0.427102,0.025998,0.060131,0.00498,0.007043,0.101628,331,144,139,24,24
488,BaselineECDSA-25-20260922-20:33:18-1128295,BaselineECDSA,25,25,25,8,ecdsa-p256,1,0.926209,0.363735,0.450457,0.03238,0.0595,0.004928,0.007364,0.117969,334,146,140,24,24
489,BaselineECDSA-25-20260922-20:33:18-1128295,BaselineECDSA,25,25,25,9,ecdsa-p256,1,0.894579,0.337644,0.435999,0.02708,0.058478,0.004969,0.007284,0.100435,332,144,140,24,24
490,BaselineECDSA-26-20260922-20:33:18-1128295,BaselineECDSA,26,26,26,0,ecdsa-p256,1,0.921297,0.379662,0.449905,0.033462,0.057847,0.00528,0.0113,0.114703,333,145,140,24,24
491,BaselineECDSA-26-20260922-20:33:18-1128295,BaselineECDSA,26,26,26,1,ecdsa-p256,1,0.937414,0.331925,0.476486,0.026078,0.057286,0.00482,0.007183,0.099574,335,146,141,24,24
492,BaselineECDSA-26-20260922-20:33:18-1128295,BaselineECDSA,26,26,26,2,ecdsa-p256,1,0.897452,0.385894,0.443671,0.023985,0.05919,0.00528,0.012213,0.119842,334,145,141,24,24
493,BaselineECDSA-26-20260922-20:33:18-1128295,BaselineECDSA,26,26,26,3,ecdsa-p256,1,0.897085,0.348164,0.439425,0.029705,0.058268,0.004809,0.006973,0.105105,333,146,139,24,24
494,BaselineECDSA-26-20260922-20:33:18-1128295,BaselineECDSA,26,26,26,4,ecdsa-p256,1,0.912123,0.33529,0.46426,0.024545,0.058588,0.004908,0.007243,0.100637,333,145,140,24,24
495,BaselineECDSA-26-20260922-20:33:18-1128295,BaselineECDSA,26,26,26,5,ecdsa-p256,1,0.910831,0.332797,0.456105,0.024776,0.058348,0.004799,0.006802,0.100426,332,144,140,24,24
496,BaselineECDSA-26-20260922-20:33:18-1128295,BaselineECDSA,26,26,26,6,ecdsa-p256,1,0.903349,0.328988,0.448562,0.024165,0.058118,0.004749,0.006332,0.099503,333,145,140,24,24
497,BaselineECDSA-26-20260922-20:33:18-1128295,BaselineECDSA,26,26,26,7,ecdsa-p256,1,0.904626,0.340441,0.468725,0.023864,0.057376,0.004768,0.006753,0.105606,333,145,140,24,24
498,BaselineECDSA-26-20260922-20:33:18-1128295,BaselineECDSA,26,26,26,8,ecdsa-p256,1,0.868013,0.327967,0.427446,0.024846,0.057246,0.004859,0.006382,0.099415,333,145,140,24,24
499,BaselineECDSA-26-20260922-20:33:18-1128295,BaselineECDSA,26,26,26,9,ecdsa-p256,1,0.902305,0.327946,0.423921,0.024185,0.057366,0.0048,0.006322,0.099745,333,145,140,24,24
500,BaselineECDSA-27-20260922-20:33:18-1128295,BaselineECDSA,27,27,27,0,ecdsa-p256,1,0.896189,0.353315,0.441634,0.029475,0.057867,0.00515,0.008526,0.108731,333,145,140,24,24
501,BaselineECDSA-27-20260922-20:33:18-1128295,BaselineECDSA,27,27,27,1,ecdsa-p256,1,0.932167,0.333508,0.455522,0.024816,0.058098,0.004889,0.006923,0.100435,333,145,140,24,24
502,BaselineECDSA-27-20260922-20:33:18-1128295,BaselineECDSA,27,27,27,2,ecdsa-p256,1,0.878664,0.328649,0.429598,0.024135,0.057556,0.004759,0.006572,0.099635,334,145,141,24,24
503,BaselineECDSA-27-20260922-20:33:18-1128295,BaselineECDSA,27,27,27,3,ecdsa-p256,1,0.939079,0.327878,0.443628,0.023945,0.057016,0.006011,0.006432,0.099455,333,146,139,24,24
504,BaselineECDSA-27-20260922-20:33:18-1128295,BaselineECDSA,27,27,27,4,ecdsa-p256,1,0.943345,0.351632,0.45929,0.026829,0.057136,0.004808,0.006852,0.114482,334,145,141,24,24
505,BaselineECDSA-27-20260922-20:33:18-1128295,BaselineECDSA,27,27,27,5,ecdsa-p256,1,0.863455,0.327737,0.425541,0.023694,0.057456,0.004739,0.006452,0.099654,333,146,139,24,24
506,BaselineECDSA-27-20260922-20:33:18-1128295,BaselineECDSA,27,27,27,6,ecdsa-p256,1,0.938935,0.340791,0.477629,0.023343,0.060652,0.00488,0.007223,0.102059,333,144,141,24,24
507,BaselineECDSA-27-20260922-20:33:18-1128295,BaselineECDSA,27,27,27,7,ecdsa-p256,1,0.944148,0.329811,0.446531,0.025336,0.057396,0.00488,0.006351,0.099745,335,146,141,24,24
508,BaselineECDSA-27-20260922-20:33:18-1128295,BaselineECDSA,27,27,27,8,ecdsa-p256,1,0.928034,0.381297,0.437248,0.030957,0.057416,0.006702,0.01037,0.118059,332,145,139,24,24
509,BaselineECDSA-27-20260922-20:33:18-1128295,BaselineECDSA,27,27,27,9,ecdsa-p256,1,0.885882,0.349756,0.445261,0.027471,0.059911,0.00509,0.008065,0.105885,332,144,140,24,24
510,BaselineECDSA-28-20260922-20:33:18-1128295,BaselineECDSA,28,28,28,0,ecdsa-p256,1,0.900258,0.370777,0.449869,0.034353,0.057987,0.005381,0.011701,0.112028,334,146,140,24,24
511,BaselineECDSA-28-20260922-20:33:18-1128295,BaselineECDSA,28,28,28,1,ecdsa-p256,1,0.925746,0.334189,0.472702,0.025016,0.058067,0.0049,0.007153,0.100475,333,145,140,24,24
512,BaselineECDSA-28-20260922-20:33:18-1128295,BaselineECDSA,28,28,28,2,ecdsa-p256,1,0.930354,0.327655,0.450485,0.024275,0.057246,0.004778,0.006532,0.099505,332,145,139,24,24
513,BaselineECDSA-28-20260922-20:33:18-1128295,BaselineECDSA,28,28,28,3,ecdsa-p256,1,0.930972,0.342556,0.456225,0.023723,0.057436,0.004779,0.006853,0.107269,334,146,140,24,24
514,BaselineECDSA-28-20260922-20:33:18-1128295,BaselineECDSA,28,28,28,4,ecdsa-p256,1,0.898692,0.327637,0.452939,0.024786,0.056835,0.00479,0.006482,0.099614,333,145,140,24,24
515,BaselineECDSA-28-20260922-20:33:18-1128295,BaselineECDSA,28,28,28,5,ecdsa-p256,1,0.923719,0.326916,0.450887,0.024014,0.057266,0.004768,0.006452,0.099334,333,145,140,24,24
516,BaselineECDSA-28-20260922-20:33:18-1128295,BaselineECDSA,28,28,28,6,ecdsa-p256,1,0.941262,0.327627,0.484963,0.023634,0.057276,0.004718,0.006703,0.099555,331,144,139,24,24
517,BaselineECDSA-28-20260922-20:33:18-1128295,BaselineECDSA,28,28,28,7,ecdsa-p256,1,0.889309,0.327077,0.437631,0.023894,0.056996,0.004719,0.006372,0.099884,333,146,139,24,24
518,BaselineECDSA-28-20260922-20:33:18-1128295,BaselineECDSA,28,28,28,8,ecdsa-p256,1,0.926941,0.340941,0.456567,0.023593,0.057606,0.004838,0.006743,0.105745,334,145,141,24,24
519,BaselineECDSA-28-20260922-20:33:18-1128295,BaselineECDSA,28,28,28,9,ecdsa-p256,1,0.918649,0.327086,0.449879,0.024495,0.056845,0.004749,0.006372,0.099484,335,146,141,24,24
520,BaselineECDSA-29-20260922-20:33:18-1128295,BaselineECDSA,29,29,29,0,ecdsa-p256,1,0.925555,0.379994,0.484283,0.056395,0.058027,0.005139,0.008325,0.108771,331,144,139,24,24
521,BaselineECDSA-29-20260922-20:33:18-1128295,BaselineECDSA,29,29,29,1,ecdsa-p256,1,0.897246,0.328969,0.438143,0.024946,0.056995,0.004818,0.006612,0.099764,331,144,139,24,24
522,BaselineECDSA-29-20260922-20:33:18-1128295,BaselineECDSA,29,29,29,2,ecdsa-p256,1,0.926288,0.342393,0.437246,0.024045,0.063928,0.004868,0.006823,0.099816,332,145,139,24,24
523,BaselineECDSA-29-20260922-20:33:18-1128295,BaselineECDSA,29,29,29,3,ecdsa-p256,1,0.895362,0.327577,0.446528,0.024795,0.056975,0.004748,0.006502,0.099444,334,145,141,24,24
524,BaselineECDSA-29-20260922-20:33:18-1128295,BaselineECDSA,29,29,29,4,ecdsa-p256,1,0.903969,0.326033,0.429706,0.023544,0.056835,0.004799,0.006402,0.099484,333,145,140,24,24
525,BaselineECDSA-29-20260922-20:33:18-1128295,BaselineECDSA,29,29,29,5,ecdsa-p256,1,0.904295,0.328259,0.458183,0.024705,0.056985,0.004719,0.006523,0.100115,332,144,140,24,24
526,BaselineECDSA-29-20260922-20:33:18-1128295,BaselineECDSA,29,29,29,6,ecdsa-p256,1,0.92656,0.326042,0.482404,0.023633,0.056955,0.004749,0.006422,0.099404,331,144,139,24,24
527,BaselineECDSA-29-20260922-20:33:18-1128295,BaselineECDSA,29,29,29,7,ecdsa-p256,1,0.947387,0.328909,0.468265,0.023644,0.057687,0.004768,0.006623,0.099684,333,145,140,24,24
528,BaselineECDSA-29-20260922-20:33:18-1128295,BaselineECDSA,29,29,29,8,ecdsa-p256,1,0.88506,0.335632,0.440571,0.024035,0.056975,0.00491,0.007133,0.103002,334,145,141,24,24
529,BaselineECDSA-29-20260922-20:33:18-1128295,BaselineECDSA,29,29,29,9,ecdsa-p256,1,0.895308,0.329079,0.446785,0.025568,0.056905,0.004799,0.006351,0.099735,335,146,141,24,24
530,BaselineECDSA-3-20260922-20:33:18-1128295,BaselineECDSA,3,3,3,0,ecdsa-p256,1,0.914345,0.354076,0.449648,0.029144,0.058388,0.005078,0.008335,0.109583,332,144,140,24,24
531,BaselineECDSA-3-20260922-20:33:18-1128295,BaselineECDSA,3,3,3,1,ecdsa-p256,1,0.941153,0.330219,0.450231,0.024485,0.057667,0.004828,0.006803,0.099534,333,144,141,24,24
532,BaselineECDSA-3-20260922-20:33:18-1128295,BaselineECDSA,3,3,3,2,ecdsa-p256,1,0.90623,0.326695,0.445852,0.023573,0.057135,0.004758,0.006532,0.099313,334,146,140,24,24
533,BaselineECDSA-3-20260922-20:33:18-1128295,BaselineECDSA,3,3,3,3,ecdsa-p256,1,0.90662,0.335731,0.436456,0.023433,0.057206,0.004828,0.006522,0.103914,334,145,141,24,24
534,BaselineECDSA-3-20260922-20:33:18-1128295,BaselineECDSA,3,3,3,4,ecdsa-p256,1,0.924794,0.326915,0.439409,0.024264,0.056985,0.004778,0.006372,0.099364,335,146,141,24,24
535,BaselineECDSA-3-20260922-20:33:18-1128295,BaselineECDSA,3,3,3,5,ecdsa-p256,1,0.908516,0.334439,0.432216,0.023634,0.056825,0.004769,0.006322,0.103832,333,145,140,24,24
536,BaselineECDSA-3-20260922-20:33:18-1128295,BaselineECDSA,3,3,3,6,ecdsa-p256,1,0.877919,0.327026,0.428966,0.023374,0.057155,0.004759,0.006712,0.099414,333,144,141,24,24
537,BaselineECDSA-3-20260922-20:33:18-1128295,BaselineECDSA,3,3,3,7,ecdsa-p256,1,0.924408,0.325783,0.466023,0.023524,0.056885,0.004698,0.006402,0.099345,334,146,140,24,24
538,BaselineECDSA-3-20260922-20:33:18-1128295,BaselineECDSA,3,3,3,8,ecdsa-p256,1,0.896862,0.350948,0.441549,0.023433,0.057136,0.004859,0.006792,0.111156,332,144,140,24,24
539,BaselineECDSA-3-20260922-20:33:18-1128295,BaselineECDSA,3,3,3,9,ecdsa-p256,1,0.911144,0.336964,0.464214,0.024816,0.056985,0.004789,0.006412,0.104054,333,145,140,24,24
540,BaselineECDSA-4-20260922-20:33:18-1128295,BaselineECDSA,4,4,4,0,ecdsa-p256,1,0.903521,0.362432,0.447336,0.029735,0.057757,0.005029,0.008486,0.11869,333,145,140,24,24
541,BaselineECDSA-4-20260922-20:33:18-1128295,BaselineECDSA,4,4,4,1,ecdsa-p256,1,0.877146,0.329529,0.440973,0.025157,0.057196,0.004778,0.006492,0.099654,333,145,140,24,24
542,BaselineECDSA-4-20260922-20:33:18-1128295,BaselineECDSA,4,4,4,2,ecdsa-p256,1,0.917368,0.350668,0.459949,0.024065,0.067555,0.004839,0.007064,0.100035,332,144,140,24,24
543,BaselineECDSA-4-20260922-20:33:18-1128295,BaselineECDSA,4,4,4,3,ecdsa-p256,1,0.931387,0.330472,0.452311,0.025046,0.057937,0.004778,0.006472,0.099965,333,145,140,24,24
544,BaselineECDSA-4-20260922-20:33:18-1128295,BaselineECDSA,4,4,4,4,ecdsa-p256,1,0.923832,0.331544,0.454377,0.024435,0.057967,0.004879,0.006702,0.100447,333,144,141,24,24
545,BaselineECDSA-4-20260922-20:33:18-1128295,BaselineECDSA,4,4,4,5,ecdsa-p256,1,0.909842,0.336405,0.434419,0.025236,0.058057,0.00477,0.006512,0.105225,331,144,139,24,24
546,BaselineECDSA-4-20260922-20:33:18-1128295,BaselineECDSA,4,4,4,6,ecdsa-p256,1,0.88659,0.331424,0.4407,0.025106,0.058338,0.004718,0.006432,0.099954,334,145,141,24,24
547,BaselineECDSA-4-20260922-20:33:18-1128295,BaselineECDSA,4,4,4,7,ecdsa-p256,1,0.879995,0.332726,0.435218,0.024586,0.058298,0.004749,0.006733,0.100546,333,145,140,24,24
548,BaselineECDSA-4-20260922-20:33:18-1128295,BaselineECDSA,4,4,4,8,ecdsa-p256,1,0.895218,0.330412,0.441246,0.024205,0.058057,0.004809,0.006732,0.099624,333,146,139,24,24
549,BaselineECDSA-4-20260922-20:33:18-1128295,BaselineECDSA,4,4,4,9,ecdsa-p256,1,0.921712,0.3509,0.42699,0.024055,0.057346,0.016721,0.006352,0.099133,334,146,140,24,24
550,BaselineECDSA-5-20260922-20:33:18-1128295,BaselineECDSA,5,5,5,0,ecdsa-p256,1,0.883562,0.354455,0.434226,0.029525,0.057666,0.00512,0.008396,0.110885,332,144,140,24,24
551,BaselineECDSA-5-20260922-20:33:18-1128295,BaselineECDSA,5,5,5,1,ecdsa-p256,1,0.881653,0.32971,0.44659,0.024766,0.057616,0.004818,0.006562,0.099484,332,144,140,24,24
552,BaselineECDSA-5-20260922-20:33:18-1128295,BaselineECDSA,5,5,5,2,ecdsa-p256,1,0.945052,0.326834,0.444879,0.023664,0.057256,0.004779,0.006552,0.099255,333,144,141,24,24
553,BaselineECDSA-5-20260922-20:33:18-1128295,BaselineECDSA,5,5,5,3,ecdsa-p256,1,0.935467,0.327857,0.454098,0.024796,0.057145,0.004779,0.006502,0.099373,332,145,139,24,24
554,BaselineECDSA-5-20260922-20:33:18-1128295,BaselineECDSA,5,5,5,4,ecdsa-p256,1,0.928825,0.326674,0.468594,0.023553,0.056985,0.004758,0.006542,0.099614,334,145,141,24,24
555,BaselineECDSA-5-20260922-20:33:18-1128295,BaselineECDSA,5,5,5,5,ecdsa-p256,1,0.897297,0.327326,0.444315,0.023724,0.057026,0.004719,0.006572,0.099725,334,145,141,24,24
556,BaselineECDSA-5-20260922-20:33:18-1128295,BaselineECDSA,5,5,5,6,ecdsa-p256,1,0.873594,0.327146,0.428393,0.023634,0.057547,0.004719,0.006442,0.099304,334,145,141,24,24
557,BaselineECDSA-5-20260922-20:33:18-1128295,BaselineECDSA,5,5,5,7,ecdsa-p256,1,0.929305,0.337035,0.467235,0.023383,0.056935,0.004809,0.006662,0.104664,333,145,140,24,24
558,BaselineECDSA-5-20260922-20:33:18-1128295,BaselineECDSA,5,5,5,8,ecdsa-p256,1,0.903916,0.327978,0.444512,0.024285,0.057366,0.004759,0.006552,0.099405,332,144,140,24,24
559,BaselineECDSA-5-20260922-20:33:18-1128295,BaselineECDSA,5,5,5,9,ecdsa-p256,1,0.906075,0.359256,0.446807,0.023564,0.058328,0.006812,0.011271,0.107298,332,144,140,24,24
560,BaselineECDSA-6-20260922-20:33:18-1128295,BaselineECDSA,6,6,6,0,ecdsa-p256,1,0.931407,0.353254,0.472472,0.029124,0.057737,0.005099,0.008525,0.109773,335,146,141,24,24
561,BaselineECDSA-6-20260922-20:33:18-1128295,BaselineECDSA,6,6,6,1,ecdsa-p256,1,0.876758,0.330552,0.422217,0.024776,0.057507,0.00484,0.006883,0.099714,332,145,139,24,24
562,BaselineECDSA-6-20260922-20:33:18-1128295,BaselineECDSA,6,6,6,2,ecdsa-p256,1,0.896408,0.326906,0.44524,0.023914,0.057286,0.00476,0.006522,0.099083,334,145,141,24,24
563,BaselineECDSA-6-20260922-20:33:18-1128295,BaselineECDSA,6,6,6,3,ecdsa-p256,1,0.876942,0.34111,0.444748,0.023764,0.057186,0.004819,0.006813,0.106126,333,146,139,24,24
564,BaselineECDSA-6-20260922-20:33:18-1128295,BaselineECDSA,6,6,6,4,ecdsa-p256,1,0.9197,0.327595,0.462881,0.024715,0.056966,0.004728,0.006532,0.099424,332,144,140,24,24
565,BaselineECDSA-6-20260922-20:33:18-1128295,BaselineECDSA,6,6,6,5,ecdsa-p256,1,0.894418,0.326974,0.460678,0.023673,0.057396,0.004868,0.006502,0.099253,332,144,140,24,24
566,BaselineECDSA-6-20260922-20:33:18-1128295,BaselineECDSA,6,6,6,6,ecdsa-p256,1,0.950046,0.330462,0.463896,0.023975,0.058188,0.00485,0.006632,0.099795,335,146,141,24,24
567,BaselineECDSA-6-20260922-20:33:18-1128295,BaselineECDSA,6,6,6,7,ecdsa-p256,1,0.935769,0.328931,0.48375,0.023944,0.057526,0.004829,0.006432,0.100074,333,145,140,24,24
568,BaselineECDSA-6-20260922-20:33:18-1128295,BaselineECDSA,6,6,6,8,ecdsa-p256,1,0.918834,0.348604,0.435203,0.024356,0.065731,0.005029,0.007113,0.100567,333,145,140,24,24
569,BaselineECDSA-6-20260922-20:33:18-1128295,BaselineECDSA,6,6,6,9,ecdsa-p256,1,0.938453,0.336483,0.456711,0.025347,0.060001,0.004758,0.006892,0.100106,334,145,141,24,24
570,BaselineECDSA-7-20260922-20:33:18-1128295,BaselineECDSA,7,7,7,0,ecdsa-p256,1,0.883099,0.353643,0.434743,0.030005,0.057537,0.005079,0.008576,0.109623,334,146,140,24,24
571,BaselineECDSA-7-20260922-20:33:18-1128295,BaselineECDSA,7,7,7,1,ecdsa-p256,1,0.903058,0.328827,0.44885,0.024416,0.057126,0.004798,0.006673,0.099604,335,146,141,24,24
572,BaselineECDSA-7-20260922-20:33:18-1128295,BaselineECDSA,7,7,7,2,ecdsa-p256,1,0.894142,0.327898,0.446879,0.024786,0.056915,0.0048,0.006512,0.099565,332,145,139,24,24
573,BaselineECDSA-7-20260922-20:33:18-1128295,BaselineECDSA,7,7,7,3,ecdsa-p256,1,0.911671,0.326514,0.470537,0.024034,0.057126,0.004719,0.006341,0.099414,333,145,140,24,24
574,BaselineECDSA-7-20260922-20:33:18-1128295,BaselineECDSA,7,7,7,4,ecdsa-p256,1,0.877949,0.327157,0.431369,0.023443,0.057155,0.004769,0.006672,0.099484,332,144,140,24,24
575,BaselineECDSA-7-20260922-20:33:18-1128295,BaselineECDSA,7,7,7,5,ecdsa-p256,1,0.949683,0.336164,0.465871,0.023704,0.056915,0.004779,0.006352,0.105165,334,146,140,24,24
576,BaselineECDSA-7-20260922-20:33:18-1128295,BaselineECDSA,7,7,7,6,ecdsa-p256,1,0.936605,0.339809,0.475656,0.023584,0.056886,0.004749,0.006632,0.106157,333,145,140,24,24
577,BaselineECDSA-7-20260922-20:33:18-1128295,BaselineECDSA,7,7,7,7,ecdsa-p256,1,0.90792,0.326754,0.458461,0.024245,0.056966,0.004749,0.006462,0.099353,332,145,139,24,24
578,BaselineECDSA-7-20260922-20:33:18-1128295,BaselineECDSA,7,7,7,8,ecdsa-p256,1,0.942527,0.326094,0.43396,0.023473,0.056916,0.004748,0.006372,0.099434,333,145,140,24,24
579,BaselineECDSA-7-20260922-20:33:18-1128295,BaselineECDSA,7,7,7,9,ecdsa-p256,1,0.888631,0.336834,0.456695,0.023554,0.057146,0.004788,0.006642,0.104232,333,145,140,24,24
580,BaselineECDSA-8-20260922-20:33:18-1128295,BaselineECDSA,8,8,8,0,ecdsa-p256,1,0.924773,0.354267,0.466029,0.029084,0.057627,0.00512,0.008426,0.111186,333,145,140,24,24
581,BaselineECDSA-8-20260922-20:33:18-1128295,BaselineECDSA,8,8,8,1,ecdsa-p256,1,0.923946,0.330171,0.447038,0.025127,0.057306,0.004819,0.006742,0.099514,334,146,140,24,24
582,BaselineECDSA-8-20260922-20:33:18-1128295,BaselineECDSA,8,8,8,2,ecdsa-p256,1,0.876002,0.327606,0.422611,0.023935,0.057126,0.004769,0.006632,0.099465,334,145,141,24,24
583,BaselineECDSA-8-20260922-20:33:18-1128295,BaselineECDSA,8,8,8,3,ecdsa-p256,1,0.931904,0.328566,0.480268,0.023794,0.057376,0.004778,0.006642,0.099764,334,145,141,24,24
584,BaselineECDSA-8-20260922-20:33:18-1128295,BaselineECDSA,8,8,8,4,ecdsa-p256,1,0.899415,0.326234,0.449709,0.023654,0.056996,0.004799,0.006372,0.099334,335,146,141,24,24
585,BaselineECDSA-8-20260922-20:33:18-1128295,BaselineECDSA,8,8,8,5,ecdsa-p256,1,0.884734,0.34017,0.444766,0.023543,0.056885,0.004819,0.006522,0.106367,334,145,141,24,24
586,BaselineECDSA-8-20260922-20:33:18-1128295,BaselineECDSA,8,8,8,6,ecdsa-p256,1,0.893477,0.337596,0.432986,0.024595,0.056905,0.004749,0.006402,0.105264,334,145,141,24,24
587,BaselineECDSA-8-20260922-20:33:18-1128295,BaselineECDSA,8,8,8,7,ecdsa-p256,1,0.908312,0.325303,0.435425,0.023463,0.056845,0.004758,0.006261,0.099284,334,146,140,24,24
588,BaselineECDSA-8-20260922-20:33:18-1128295,BaselineECDSA,8,8,8,8,ecdsa-p256,1,0.909395,0.329378,0.459354,0.023694,0.057998,0.004839,0.006642,0.099544,333,144,141,24,24
589,BaselineECDSA-8-20260922-20:33:18-1128295,BaselineECDSA,8,8,8,9,ecdsa-p256,1,0.912386,0.329911,0.44723,0.024264,0.057767,0.00476,0.006352,0.100176,333,144,141,24,24
590,BaselineECDSA-9-20260922-20:33:18-1128295,BaselineECDSA,9,9,9,0,ecdsa-p256,1,0.92768,0.366629,0.46657,0.03265,0.058037,0.00511,0.01078,0.112548,334,145,141,24,24
591,BaselineECDSA-9-20260922-20:33:18-1128295,BaselineECDSA,9,9,9,1,ecdsa-p256,1,0.879462,0.339448,0.428684,0.033903,0.057456,0.004829,0.006692,0.099866,333,146,139,24,24
592,BaselineECDSA-9-20260922-20:33:18-1128295,BaselineECDSA,9,9,9,2,ecdsa-p256,1,0.941275,0.327246,0.452631,0.024215,0.056965,0.004759,0.006542,0.099504,334,145,141,24,24
593,BaselineECDSA-9-20260922-20:33:18-1128295,BaselineECDSA,9,9,9,3,ecdsa-p256,1,0.93959,0.353104,0.467455,0.023714,0.064941,0.004799,0.006783,0.104434,334,145,141,24,24
594,BaselineECDSA-9-20260922-20:33:18-1128295,BaselineECDSA,9,9,9,4,ecdsa-p256,1,0.912301,0.327987,0.443275,0.024445,0.057005,0.004819,0.006562,0.099655,333,145,140,24,24
595,BaselineECDSA-9-20260922-20:33:18-1128295,BaselineECDSA,9,9,9,5,ecdsa-p256,1,0.913667,0.325882,0.47524,0.023734,0.057076,0.004749,0.006362,0.099193,333,146,139,24,24
596,BaselineECDSA-9-20260922-20:33:18-1128295,BaselineECDSA,9,9,9,6,ecdsa-p256,1,0.915791,0.334989,0.463686,0.024395,0.057036,0.004769,0.006552,0.106728,333,145,140,24,24
597,BaselineECDSA-9-20260922-20:33:18-1128295,BaselineECDSA,9,9,9,7,ecdsa-p256,1,0.936708,0.335921,0.482494,0.023513,0.057477,0.004718,0.006272,0.103972,333,145,140,24,24
598,BaselineECDSA-9-20260922-20:33:18-1128295,BaselineECDSA,9,9,9,8,ecdsa-p256,1,0.919441,0.32929,0.469349,0.023393,0.057857,0.004789,0.006753,0.099664,334,145,141,24,24
599,BaselineECDSA-9-20260922-20:33:18-1128295,BaselineECDSA,9,9,9,9,ecdsa-p256,1,0.86992,0.327227,0.42613,0.024335,0.057045,0.00475,0.006262,0.099585,333,144,141,24,24
