idx,success,latency_ms,compute_ms,net_ms,overhead_bytes,hash_mode,details,p1_i_compute_ms,p1_p2_j_compute_ms,p1_net_ms,p2_p3_i_compute_ms,p2_net_ms,p3_net_ms,config,run_id,uav_id,peer_uav_id,row_uid,runnumber,repetition,seedset,suite,num_uavs,puf_ber,fe_profile,attack_mode,initiator,pair_id,mac_ms,kdf_ms,dh_ms
0,1,0.469704,0.227934,0.217907,197,sha3,pair=UAV0<->UAV1; config=HighNoise,0.085342,0.0,0.0,0.142592,0.217907,0.0,HighNoise,HighNoise-0-20260809-23:07:24-359440,0,1,HighNoise-0-20260809-23:07:24-359440|phase3|0|1,0,0,0,sha3,10,,,,1,0-1,0.013244,0.018886,0.189591
1,1,0.456053,0.225869,0.218043,197,sha3,pair=UAV0<->UAV2; config=HighNoise,0.082597,0.0,0.0,0.143272,0.218043,0.0,HighNoise,HighNoise-0-20260809-23:07:24-359440,0,2,HighNoise-0-20260809-23:07:24-359440|phase3|0|2,0,0,0,sha3,10,,,,1,0-2,0.012835,0.018656,0.188037
2,1,0.43351,0.242271,0.205477,197,sha3,pair=UAV0<->UAV3; config=HighNoise,0.095171,0.0,0.0,0.1471,0.205477,0.0,HighNoise,HighNoise-0-20260809-23:07:24-359440,0,3,HighNoise-0-20260809-23:07:24-359440|phase3|0|3,0,0,0,sha3,10,,,,1,0-3,0.013697,0.019768,0.202255
3,0,0.084059,0.084059,0.0,95,sha3,pair=UAV0<->UAV4; config=HighNoise,0.084059,0.0,0.0,0.0,0.0,0.0,HighNoise,HighNoise-0-20260809-23:07:24-359440,0,4,HighNoise-0-20260809-23:07:24-359440|phase3|0|4,0,0,0,sha3,10,,,,1,0-4,0.004368,0.008947,0.066877
4,1,0.458256,0.231891,0.215662,197,sha3,pair=UAV0<->UAV5; config=HighNoise,0.080723,0.0,0.0,0.151168,0.215662,0.0,HighNoise,HighNoise-0-20260809-23:07:24-359440,0,5,HighNoise-0-20260809-23:07:24-359440|phase3|0|5,0,0,0,sha3,10,,,,1,0-5,0.018755,0.018745,0.18879
5,1,0.475307,0.224898,0.236375,197,sha3,pair=UAV0<->UAV6; config=HighNoise,0.081155,0.0,0.0,0.143743,0.236375,0.0,HighNoise,HighNoise-0-20260809-23:07:24-359440,0,6,HighNoise-0-20260809-23:07:24-359440|phase3|0|6,0,0,0,sha3,10,,,,1,0-6,0.012754,0.019066,0.187818
6,1,0.447546,0.223114,0.208207,197,sha3,pair=UAV0<->UAV7; config=HighNoise,0.080493,0.0,0.0,0.142621,0.208207,0.0,HighNoise,HighNoise-0-20260809-23:07:24-359440,0,7,HighNoise-0-20260809-23:07:24-359440|phase3|0|7,0,0,0,sha3,10,,,,1,0-7,0.012774,0.018505,0.187357
7,1,0.472955,0.225107,0.207507,197,sha3,pair=UAV0<->UAV8; config=HighNoise,0.082206,0.0,0.0,0.142901,0.207507,0.0,HighNoise,HighNoise-0-20260809-23:07:24-359440,0,8,HighNoise-0-20260809-23:07:24-359440|phase3|0|8,0,0,0,sha3,10,,,,1,0-8,0.012754,0.018986,0.187436
8,1,0.464979,0.224317,0.208686,197,sha3,pair=UAV0<->UAV9; config=HighNoise,0.081355,0.0,0.0,0.142962,0.208686,0.0,HighNoise,HighNoise-0-20260809-23:07:24-359440,0,9,HighNoise-0-20260809-23:07:24-359440|phase3|0|9,0,0,0,sha3,10,,,,1,0-9,0.012764,0.018956,0.187887
9,1,0.350522,0.086194,0.384413,197,sha3,pair=UAV1<->UAV0; config=HighNoise,0.0,0.086194,0.251797,0.0,0.0,0.132616,HighNoise,HighNoise-0-20260809-23:07:24-359440,1,0,HighNoise-0-20260809-23:07:24-359440|phase3|1|0,0,0,0,sha3,10,,,,0,0-1,0.012513,0.018466,0.187507
10,1,0.482924,0.224336,0.240286,197,sha3,pair=UAV1<->UAV2; config=HighNoise,0.081685,0.0,0.0,0.142651,0.240286,0.0,HighNoise,HighNoise-0-20260809-23:07:24-359440,1,2,HighNoise-0-20260809-23:07:24-359440|phase3|1|2,0,0,0,sha3,10,,,,1,1-2,0.012955,0.018876,0.187787
11,1,0.495756,0.237603,0.253805,197,sha3,pair=UAV1<->UAV3; config=HighNoise,0.086645,0.0,0.0,0.150958,0.253805,0.0,HighNoise,HighNoise-0-20260809-23:07:24-359440,1,3,HighNoise-0-20260809-23:07:24-359440|phase3|1|3,0,0,0,sha3,10,,,,1,1-3,0.017865,0.018725,0.195432
12,0,0.080633,0.080633,0.0,95,sha3,pair=UAV1<->UAV4; config=HighNoise,0.080633,0.0,0.0,0.0,0.0,0.0,HighNoise,HighNoise-0-20260809-23:07:24-359440,1,4,HighNoise-0-20260809-23:07:24-359440|phase3|1|4,0,0,0,sha3,10,,,,1,1-4,0.004238,0.008667,0.065224
13,1,0.484157,0.227684,0.251006,197,sha3,pair=UAV1<->UAV5; config=HighNoise,0.085082,0.0,0.0,0.142602,0.251006,0.0,HighNoise,HighNoise-0-20260809-23:07:24-359440,1,5,HighNoise-0-20260809-23:07:24-359440|phase3|1|5,0,0,0,sha3,10,,,,1,1-5,0.012734,0.018405,0.187386
14,1,0.480307,0.236069,0.205298,197,sha3,pair=UAV1<->UAV6; config=HighNoise,0.093638,0.0,0.0,0.142431,0.205298,0.0,HighNoise,HighNoise-0-20260809-23:07:24-359440,1,6,HighNoise-0-20260809-23:07:24-359440|phase3|1|6,0,0,0,sha3,10,,,,1,1-6,0.012885,0.018576,0.200161
15,1,0.474907,0.238294,0.216941,197,sha3,pair=UAV1<->UAV7; config=HighNoise,0.087006,0.0,0.0,0.151288,0.216941,0.0,HighNoise,HighNoise-0-20260809-23:07:24-359440,1,7,HighNoise-0-20260809-23:07:24-359440|phase3|1|7,0,0,0,sha3,10,,,,1,1-7,0.012664,0.019066,0.196564
16,1,0.438507,0.224527,0.207696,197,sha3,pair=UAV1<->UAV8; config=HighNoise,0.080854,0.0,0.0,0.143673,0.207696,0.0,HighNoise,HighNoise-0-20260809-23:07:24-359440,1,8,HighNoise-0-20260809-23:07:24-359440|phase3|1|8,0,0,0,sha3,10,,,,1,1-8,0.012955,0.018766,0.188008
17,1,0.473746,0.239265,0.239866,197,sha3,pair=UAV1<->UAV9; config=HighNoise,0.096123,0.0,0.0,0.143142,0.239866,0.0,HighNoise,HighNoise-0-20260809-23:07:24-359440,1,9,HighNoise-0-20260809-23:07:24-359440|phase3|1|9,0,0,0,sha3,10,,,,1,1-9,0.012734,0.018585,0.187697
18,1,0.353842,0.087637,0.373809,197,sha3,pair=UAV2<->UAV0; config=HighNoise,0.0,0.087637,0.23801,0.0,0.0,0.135799,HighNoise,HighNoise-0-20260809-23:07:24-359440,2,0,HighNoise-0-20260809-23:07:24-359440|phase3|2|0,0,0,0,sha3,10,,,,0,0-2,0.012614,0.018736,0.188719
19,1,0.401644,0.086124,0.403996,197,sha3,pair=UAV2<->UAV1; config=HighNoise,0.0,0.086124,0.242638,0.0,0.0,0.161358,HighNoise,HighNoise-0-20260809-23:07:24-359440,2,1,HighNoise-0-20260809-23:07:24-359440|phase3|2|1,0,0,0,sha3,10,,,,0,1-2,0.012593,0.018505,0.187606
20,1,0.466522,0.225158,0.214757,197,sha3,pair=UAV2<->UAV3; config=HighNoise,0.082146,0.0,0.0,0.143012,0.214757,0.0,HighNoise,HighNoise-0-20260809-23:07:24-359440,2,3,HighNoise-0-20260809-23:07:24-359440|phase3|2|3,0,0,0,sha3,10,,,,1,2-3,0.012945,0.019207,0.188318
21,0,0.085252,0.085252,0.0,95,sha3,pair=UAV2<->UAV4; config=HighNoise,0.085252,0.0,0.0,0.0,0.0,0.0,HighNoise,HighNoise-0-20260809-23:07:24-359440,2,4,HighNoise-0-20260809-23:07:24-359440|phase3|2|4,0,0,0,sha3,10,,,,1,2-4,0.004178,0.008557,0.064984
22,1,0.494744,0.223355,0.253882,197,sha3,pair=UAV2<->UAV5; config=HighNoise,0.080613,0.0,0.0,0.142742,0.253882,0.0,HighNoise,HighNoise-0-20260809-23:07:24-359440,2,5,HighNoise-0-20260809-23:07:24-359440|phase3|2|5,0,0,0,sha3,10,,,,1,2-5,0.012835,0.018566,0.187586
23,1,0.461217,0.223635,0.209406,197,sha3,pair=UAV2<->UAV6; config=HighNoise,0.081234,0.0,0.0,0.142401,0.209406,0.0,HighNoise,HighNoise-0-20260809-23:07:24-359440,2,6,HighNoise-0-20260809-23:07:24-359440|phase3|2|6,0,0,0,sha3,10,,,,1,2-6,0.012604,0.018415,0.187376
24,1,0.443471,0.223424,0.214251,197,sha3,pair=UAV2<->UAV7; config=HighNoise,0.080583,0.0,0.0,0.142841,0.214251,0.0,HighNoise,HighNoise-0-20260809-23:07:24-359440,2,7,HighNoise-0-20260809-23:07:24-359440|phase3|2|7,0,0,0,sha3,10,,,,1,2-7,0.012674,0.018675,0.187616
25,1,0.450068,0.224647,0.215356,197,sha3,pair=UAV2<->UAV8; config=HighNoise,0.081415,0.0,0.0,0.143232,0.215356,0.0,HighNoise,HighNoise-0-20260809-23:07:24-359440,2,8,HighNoise-0-20260809-23:07:24-359440|phase3|2|8,0,0,0,sha3,10,,,,1,2-8,0.012664,0.018936,0.187837
26,1,0.43453,0.233594,0.204662,197,sha3,pair=UAV2<->UAV9; config=HighNoise,0.080904,0.0,0.0,0.15269,0.204662,0.0,HighNoise,HighNoise-0-20260809-23:07:24-359440,2,9,HighNoise-0-20260809-23:07:24-359440|phase3|2|9,0,0,0,sha3,10,,,,1,2-9,0.012866,0.019027,0.196814
27,1,0.361763,0.093558,0.384319,197,sha3,pair=UAV3<->UAV0; config=HighNoise,0.0,0.093558,0.228033,0.0,0.0,0.156286,HighNoise,HighNoise-0-20260809-23:07:24-359440,3,0,HighNoise-0-20260809-23:07:24-359440|phase3|3|0,0,0,0,sha3,10,,,,0,0-3,0.013214,0.019587,0.188118
28,1,0.3935,0.087486,0.381647,197,sha3,pair=UAV3<->UAV1; config=HighNoise,0.0,0.087486,0.241952,0.0,0.0,0.139695,HighNoise,HighNoise-0-20260809-23:07:24-359440,3,1,HighNoise-0-20260809-23:07:24-359440|phase3|3|1,0,0,0,sha3,10,,,,0,1-3,0.012693,0.018715,0.187616
29,1,0.356549,0.086395,0.393556,197,sha3,pair=UAV3<->UAV2; config=HighNoise,0.0,0.086395,0.251764,0.0,0.0,0.141792,HighNoise,HighNoise-0-20260809-23:07:24-359440,3,2,HighNoise-0-20260809-23:07:24-359440|phase3|3|2,0,0,0,sha3,10,,,,0,2-3,0.012944,0.025008,0.201023
30,0,0.081124,0.081124,0.0,95,sha3,pair=UAV3<->UAV4; config=HighNoise,0.081124,0.0,0.0,0.0,0.0,0.0,HighNoise,HighNoise-0-20260809-23:07:24-359440,3,4,HighNoise-0-20260809-23:07:24-359440|phase3|3|4,0,0,0,sha3,10,,,,1,3-4,0.004309,0.008777,0.065244
31,1,0.446371,0.229918,0.213651,197,sha3,pair=UAV3<->UAV5; config=HighNoise,0.086595,0.0,0.0,0.143323,0.213651,0.0,HighNoise,HighNoise-0-20260809-23:07:24-359440,3,5,HighNoise-0-20260809-23:07:24-359440|phase3|3|5,0,0,0,sha3,10,,,,1,3-5,0.012794,0.019157,0.192486
32,1,0.453024,0.222943,0.219464,197,sha3,pair=UAV3<->UAV6; config=HighNoise,0.080573,0.0,0.0,0.14237,0.219464,0.0,HighNoise,HighNoise-0-20260809-23:07:24-359440,3,6,HighNoise-0-20260809-23:07:24-359440|phase3|3|6,0,0,0,sha3,10,,,,1,3-6,0.012624,0.018476,0.187597
33,1,0.46083,0.229275,0.224465,197,sha3,pair=UAV3<->UAV7; config=HighNoise,0.086404,0.0,0.0,0.142871,0.224465,0.0,HighNoise,HighNoise-0-20260809-23:07:24-359440,3,7,HighNoise-0-20260809-23:07:24-359440|phase3|3|7,0,0,0,sha3,10,,,,1,3-7,0.012975,0.018946,0.187938
34,1,0.462095,0.222914,0.233233,197,sha3,pair=UAV3<->UAV8; config=HighNoise,0.080433,0.0,0.0,0.142481,0.233233,0.0,HighNoise,HighNoise-0-20260809-23:07:24-359440,3,8,HighNoise-0-20260809-23:07:24-359440|phase3|3|8,0,0,0,sha3,10,,,,1,3-8,0.012604,0.018466,0.187436
35,1,0.444476,0.23656,0.211906,197,sha3,pair=UAV3<->UAV9; config=HighNoise,0.084671,0.0,0.0,0.151889,0.211906,0.0,HighNoise,HighNoise-0-20260809-23:07:24-359440,3,9,HighNoise-0-20260809-23:07:24-359440|phase3|3|9,0,0,0,sha3,10,,,,1,3-9,0.014297,0.019006,0.197566
36,0,0.252486,0.0,0.252486,95,sha3,pair=UAV4<->UAV0; config=HighNoise,0.0,0.0,0.252486,0.0,0.0,0.0,HighNoise,HighNoise-0-20260809-23:07:24-359440,4,0,HighNoise-0-20260809-23:07:24-359440|phase3|4|0,0,0,0,sha3,10,,,,0,0-4,0.0,0.0,0.0
37,0,0.254385,0.0,0.254385,95,sha3,pair=UAV4<->UAV1; config=HighNoise,0.0,0.0,0.254385,0.0,0.0,0.0,HighNoise,HighNoise-0-20260809-23:07:24-359440,4,1,HighNoise-0-20260809-23:07:24-359440|phase3|4|1,0,0,0,sha3,10,,,,0,1-4,0.0,0.0,0.0
38,0,0.233649,0.0,0.233649,95,sha3,pair=UAV4<->UAV2; config=HighNoise,0.0,0.0,0.233649,0.0,0.0,0.0,HighNoise,HighNoise-0-20260809-23:07:24-359440,4,2,HighNoise-0-20260809-23:07:24-359440|phase3|4|2,0,0,0,sha3,10,,,,0,2-4,0.0,0.0,0.0
39,0,0.238996,0.0,0.238996,95,sha3,pair=UAV4<->UAV3; config=HighNoise,0.0,0.0,0.238996,0.0,0.0,0.0,HighNoise,HighNoise-0-20260809-23:07:24-359440,4,3,HighNoise-0-20260809-23:07:24-359440|phase3|4|3,0,0,0,sha3,10,,,,0,3-4,0.0,0.0,0.0
40,1,0.362103,0.086645,0.389034,197,sha3,pair=UAV5<->UAV0; config=HighNoise,0.0,0.086645,0.242594,0.0,0.0,0.14644,HighNoise,HighNoise-0-20260809-23:07:24-359440,5,0,HighNoise-0-20260809-23:07:24-359440|phase3|5|0,0,0,0,sha3,10,,,,0,0-5,0.012605,0.018615,0.187637
41,1,0.410503,0.087516,0.392647,197,sha3,pair=UAV5<->UAV1; config=HighNoise,0.0,0.087516,0.233151,0.0,0.0,0.159497,HighNoise,HighNoise-0-20260809-23:07:24-359440,5,1,HighNoise-0-20260809-23:07:24-359440|phase3|5|1,0,0,0,sha3,10,,,,0,1-5,0.012724,0.018746,0.187929
42,1,0.395612,0.086424,0.382593,197,sha3,pair=UAV5<->UAV2; config=HighNoise,0.0,0.086424,0.240863,0.0,0.0,0.14173,HighNoise,HighNoise-0-20260809-23:07:24-359440,5,2,HighNoise-0-20260809-23:07:24-359440|phase3|5|2,0,0,0,sha3,10,,,,0,2-5,0.012634,0.018925,0.196264
43,1,0.354361,0.092386,0.37343,197,sha3,pair=UAV5<->UAV3; config=HighNoise,0.0,0.092386,0.23272,0.0,0.0,0.14071,HighNoise,HighNoise-0-20260809-23:07:24-359440,5,3,HighNoise-0-20260809-23:07:24-359440|phase3|5|3,0,0,0,sha3,10,,,,0,3-5,0.013265,0.018616,0.190523
44,1,0.441475,0.227081,0.209285,197,sha3,pair=UAV5<->UAV6; config=HighNoise,0.08437,0.0,0.0,0.142711,0.209285,0.0,HighNoise,HighNoise-0-20260809-23:07:24-359440,5,6,HighNoise-0-20260809-23:07:24-359440|phase3|5|6,0,0,0,sha3,10,,,,1,5-6,0.012915,0.021832,0.187617
45,1,0.441634,0.224698,0.208775,197,sha3,pair=UAV5<->UAV7; config=HighNoise,0.081475,0.0,0.0,0.143223,0.208775,0.0,HighNoise,HighNoise-0-20260809-23:07:24-359440,5,7,HighNoise-0-20260809-23:07:24-359440|phase3|5|7,0,0,0,sha3,10,,,,1,5-7,0.012634,0.018917,0.187847
46,1,0.448127,0.222874,0.211873,197,sha3,pair=UAV5<->UAV8; config=HighNoise,0.080323,0.0,0.0,0.142551,0.211873,0.0,HighNoise,HighNoise-0-20260809-23:07:24-359440,5,8,HighNoise-0-20260809-23:07:24-359440|phase3|5|8,0,0,0,sha3,10,,,,1,5-8,0.012624,0.018466,0.187417
47,1,0.491518,0.223706,0.245015,197,sha3,pair=UAV5<->UAV9; config=HighNoise,0.081325,0.0,0.0,0.142381,0.245015,0.0,HighNoise,HighNoise-0-20260809-23:07:24-359440,5,9,HighNoise-0-20260809-23:07:24-359440|phase3|5|9,0,0,0,sha3,10,,,,1,5-9,0.012694,0.018405,0.187146
48,1,0.368942,0.087306,0.3715,197,sha3,pair=UAV6<->UAV0; config=HighNoise,0.0,0.087306,0.238933,0.0,0.0,0.132567,HighNoise,HighNoise-0-20260809-23:07:24-359440,6,0,HighNoise-0-20260809-23:07:24-359440|phase3|6|0,0,0,0,sha3,10,,,,0,0-6,0.016422,0.020569,0.230658
49,1,0.350329,0.092125,0.420041,197,sha3,pair=UAV6<->UAV1; config=HighNoise,0.0,0.092125,0.275009,0.0,0.0,0.145031,HighNoise,HighNoise-0-20260809-23:07:24-359440,6,1,HighNoise-0-20260809-23:07:24-359440|phase3|6|1,0,0,0,sha3,10,,,,0,1-6,0.012625,0.018474,0.192555
50,1,0.3491,0.091404,0.391505,197,sha3,pair=UAV6<->UAV2; config=HighNoise,0.0,0.091404,0.251811,0.0,0.0,0.139694,HighNoise,HighNoise-0-20260809-23:07:24-359440,6,2,HighNoise-0-20260809-23:07:24-359440|phase3|6|2,0,0,0,sha3,10,,,,0,2-6,0.012734,0.019116,0.192475
51,1,0.373954,0.086093,0.388049,197,sha3,pair=UAV6<->UAV3; config=HighNoise,0.0,0.086093,0.23356,0.0,0.0,0.15449,HighNoise,HighNoise-0-20260809-23:07:24-359440,6,3,HighNoise-0-20260809-23:07:24-359440|phase3|6|3,0,0,0,sha3,10,,,,0,3-6,0.012475,0.029526,0.213186
52,1,0.352516,0.089741,0.375421,197,sha3,pair=UAV6<->UAV5; config=HighNoise,0.0,0.089741,0.23219,0.0,0.0,0.143231,HighNoise,HighNoise-0-20260809-23:07:24-359440,6,5,HighNoise-0-20260809-23:07:24-359440|phase3|6|5,0,0,0,sha3,10,,,,0,5-6,0.012513,0.018835,0.190111
53,1,0.455809,0.240797,0.214881,197,sha3,pair=UAV6<->UAV7; config=HighNoise,0.08975,0.0,0.0,0.151047,0.214881,0.0,HighNoise,HighNoise-0-20260809-23:07:24-359440,6,7,HighNoise-0-20260809-23:07:24-359440|phase3|6|7,0,0,0,sha3,10,,,,1,6-7,0.013596,0.018846,0.196383
54,1,0.450209,0.224216,0.21848,197,sha3,pair=UAV6<->UAV8; config=HighNoise,0.081555,0.0,0.0,0.142661,0.21848,0.0,HighNoise,HighNoise-0-20260809-23:07:24-359440,6,8,HighNoise-0-20260809-23:07:24-359440|phase3|6|8,0,0,0,sha3,10,,,,1,6-8,0.012624,0.018666,0.187666
55,1,0.444142,0.250787,0.210232,197,sha3,pair=UAV6<->UAV9; config=HighNoise,0.107815,0.0,0.0,0.142972,0.210232,0.0,HighNoise,HighNoise-0-20260809-23:07:24-359440,6,9,HighNoise-0-20260809-23:07:24-359440|phase3|6|9,0,0,0,sha3,10,,,,1,6-9,0.012704,0.037471,0.191424
56,1,0.376943,0.087006,0.408075,197,sha3,pair=UAV7<->UAV0; config=HighNoise,0.0,0.087006,0.239339,0.0,0.0,0.168736,HighNoise,HighNoise-0-20260809-23:07:24-359440,7,0,HighNoise-0-20260809-23:07:24-359440|phase3|7|0,0,0,0,sha3,10,,,,0,0-7,0.012624,0.018655,0.187607
57,1,0.363566,0.087085,0.404591,197,sha3,pair=UAV7<->UAV1; config=HighNoise,0.0,0.087085,0.257966,0.0,0.0,0.146625,HighNoise,HighNoise-0-20260809-23:07:24-359440,7,1,HighNoise-0-20260809-23:07:24-359440|phase3|7|1,0,0,0,sha3,10,,,,0,1-7,0.012604,0.018586,0.187748
58,1,0.358268,0.086404,0.373236,197,sha3,pair=UAV7<->UAV2; config=HighNoise,0.0,0.086404,0.22922,0.0,0.0,0.144016,HighNoise,HighNoise-0-20260809-23:07:24-359440,7,2,HighNoise-0-20260809-23:07:24-359440|phase3|7|2,0,0,0,sha3,10,,,,0,2-7,0.012584,0.018486,0.188028
59,1,0.361611,0.092937,0.373511,197,sha3,pair=UAV7<->UAV3; config=HighNoise,0.0,0.092937,0.236365,0.0,0.0,0.137146,HighNoise,HighNoise-0-20260809-23:07:24-359440,7,3,HighNoise-0-20260809-23:07:24-359440|phase3|7|3,0,0,0,sha3,10,,,,0,3-7,0.012704,0.019537,0.195672
60,1,0.353134,0.090692,0.377218,197,sha3,pair=UAV7<->UAV5; config=HighNoise,0.0,0.090692,0.232859,0.0,0.0,0.144359,HighNoise,HighNoise-0-20260809-23:07:24-359440,7,5,HighNoise-0-20260809-23:07:24-359440|phase3|7|5,0,0,0,sha3,10,,,,0,5-7,0.012625,0.018565,0.190122
61,1,0.361781,0.086795,0.387827,197,sha3,pair=UAV7<->UAV6; config=HighNoise,0.0,0.086795,0.240928,0.0,0.0,0.146899,HighNoise,HighNoise-0-20260809-23:07:24-359440,7,6,HighNoise-0-20260809-23:07:24-359440|phase3|7|6,0,0,0,sha3,10,,,,0,6-7,0.012624,0.018786,0.188128
62,1,0.457406,0.226881,0.212812,197,sha3,pair=UAV7<->UAV8; config=HighNoise,0.08425,0.0,0.0,0.142631,0.212812,0.0,HighNoise,HighNoise-0-20260809-23:07:24-359440,7,8,HighNoise-0-20260809-23:07:24-359440|phase3|7|8,0,0,0,sha3,10,,,,1,7-8,0.012794,0.018947,0.190622
63,1,0.462366,0.234667,0.230926,197,sha3,pair=UAV7<->UAV9; config=HighNoise,0.081185,0.0,0.0,0.153482,0.230926,0.0,HighNoise,HighNoise-0-20260809-23:07:24-359440,7,9,HighNoise-0-20260809-23:07:24-359440|phase3|7|9,0,0,0,sha3,10,,,,1,7-9,0.022704,0.018895,0.187877
64,1,0.344678,0.086835,0.40262,197,sha3,pair=UAV8<->UAV0; config=HighNoise,0.0,0.086835,0.265449,0.0,0.0,0.137171,HighNoise,HighNoise-0-20260809-23:07:24-359440,8,0,HighNoise-0-20260809-23:07:24-359440|phase3|8|0,0,0,0,sha3,10,,,,0,0-8,0.015249,0.02083,0.204298
65,1,0.356707,0.091194,0.379822,197,sha3,pair=UAV8<->UAV1; config=HighNoise,0.0,0.091194,0.230811,0.0,0.0,0.149011,HighNoise,HighNoise-0-20260809-23:07:24-359440,8,1,HighNoise-0-20260809-23:07:24-359440|phase3|8|1,0,0,0,sha3,10,,,,0,1-8,0.012585,0.018836,0.201102
66,1,0.359954,0.086013,0.379311,197,sha3,pair=UAV8<->UAV2; config=HighNoise,0.0,0.086013,0.234712,0.0,0.0,0.144599,HighNoise,HighNoise-0-20260809-23:07:24-359440,8,2,HighNoise-0-20260809-23:07:24-359440|phase3|8|2,0,0,0,sha3,10,,,,0,2-8,0.012484,0.018475,0.187477
67,1,0.398736,0.088368,0.394366,197,sha3,pair=UAV8<->UAV3; config=HighNoise,0.0,0.088368,0.228863,0.0,0.0,0.165504,HighNoise,HighNoise-0-20260809-23:07:24-359440,8,3,HighNoise-0-20260809-23:07:24-359440|phase3|8|3,0,0,0,sha3,10,,,,0,3-8,0.012723,0.018806,0.187698
68,1,0.374307,0.086935,0.398689,197,sha3,pair=UAV8<->UAV5; config=HighNoise,0.0,0.086935,0.236255,0.0,0.0,0.162435,HighNoise,HighNoise-0-20260809-23:07:24-359440,8,5,HighNoise-0-20260809-23:07:24-359440|phase3|8|5,0,0,0,sha3,10,,,,0,5-8,0.013546,0.018845,0.190803
69,1,0.388948,0.097967,0.402197,197,sha3,pair=UAV8<->UAV6; config=HighNoise,0.0,0.097967,0.231729,0.0,0.0,0.170469,HighNoise,HighNoise-0-20260809-23:07:24-359440,8,6,HighNoise-0-20260809-23:07:24-359440|phase3|8|6,0,0,0,sha3,10,,,,0,6-8,0.012654,0.018494,0.198187
70,1,0.349585,0.106993,0.381367,197,sha3,pair=UAV8<->UAV7; config=HighNoise,0.0,0.106993,0.244594,0.0,0.0,0.136773,HighNoise,HighNoise-0-20260809-23:07:24-359440,8,7,HighNoise-0-20260809-23:07:24-359440|phase3|8|7,0,0,0,sha3,10,,,,0,7-8,0.012944,0.018534,0.207856
71,1,0.534411,0.22646,0.260741,197,sha3,pair=UAV8<->UAV9; config=HighNoise,0.083478,0.0,0.0,0.142982,0.260741,0.0,HighNoise,HighNoise-0-20260809-23:07:24-359440,8,9,HighNoise-0-20260809-23:07:24-359440|phase3|8|9,0,0,0,sha3,10,,,,1,8-9,0.012794,0.018955,0.189961
72,1,0.353689,0.086675,0.401297,197,sha3,pair=UAV9<->UAV0; config=HighNoise,0.0,0.086675,0.256294,0.0,0.0,0.145003,HighNoise,HighNoise-0-20260809-23:07:24-359440,9,0,HighNoise-0-20260809-23:07:24-359440|phase3|9|0,0,0,0,sha3,10,,,,0,0-9,0.0154,0.027532,0.23672
73,1,0.383895,0.087476,0.377909,197,sha3,pair=UAV9<->UAV1; config=HighNoise,0.0,0.087476,0.23388,0.0,0.0,0.144029,HighNoise,HighNoise-0-20260809-23:07:24-359440,9,1,HighNoise-0-20260809-23:07:24-359440|phase3|9|1,0,0,0,sha3,10,,,,0,1-9,0.012563,0.019156,0.198307
74,1,0.340773,0.086124,0.365979,197,sha3,pair=UAV9<->UAV2; config=HighNoise,0.0,0.086124,0.229868,0.0,0.0,0.136111,HighNoise,HighNoise-0-20260809-23:07:24-359440,9,2,HighNoise-0-20260809-23:07:24-359440|phase3|9|2,0,0,0,sha3,10,,,,0,2-9,0.012844,0.018696,0.187606
75,1,0.359411,0.090743,0.380075,197,sha3,pair=UAV9<->UAV3; config=HighNoise,0.0,0.090743,0.23257,0.0,0.0,0.147505,HighNoise,HighNoise-0-20260809-23:07:24-359440,9,3,HighNoise-0-20260809-23:07:24-359440|phase3|9|3,0,0,0,sha3,10,,,,0,3-9,0.012645,0.019026,0.187878
76,1,0.377914,0.099169,0.379402,197,sha3,pair=UAV9<->UAV5; config=HighNoise,0.0,0.099169,0.246503,0.0,0.0,0.132899,HighNoise,HighNoise-0-20260809-23:07:24-359440,9,5,HighNoise-0-20260809-23:07:24-359440|phase3|9|5,0,0,0,sha3,10,,,,0,5-9,0.012824,0.019297,0.197757
77,1,0.361157,0.086204,0.384834,197,sha3,pair=UAV9<->UAV6; config=HighNoise,0.0,0.086204,0.23391,0.0,0.0,0.150925,HighNoise,HighNoise-0-20260809-23:07:24-359440,9,6,HighNoise-0-20260809-23:07:24-359440|phase3|9|6,0,0,0,sha3,10,,,,0,6-9,0.012454,0.018545,0.187557
78,1,0.367392,0.087166,0.367907,197,sha3,pair=UAV9<->UAV7; config=HighNoise,0.0,0.087166,0.23144,0.0,0.0,0.136467,HighNoise,HighNoise-0-20260809-23:07:24-359440,9,7,HighNoise-0-20260809-23:07:24-359440|phase3|9|7,0,0,0,sha3,10,,,,0,7-9,0.012604,0.018635,0.192336
79,1,0.410006,0.087206,0.422934,197,sha3,pair=UAV9<->UAV8; config=HighNoise,0.0,0.087206,0.273669,0.0,0.0,0.149264,HighNoise,HighNoise-0-20260809-23:07:24-359440,9,8,HighNoise-0-20260809-23:07:24-359440|phase3|9|8,0,0,0,sha3,10,,,,0,8-9,0.012685,0.018786,0.187636
80,1,0.463596,0.236222,0.230857,197,sha3,pair=UAV0<->UAV1; config=HighNoise,0.092908,0.0,0.0,0.143314,0.230857,0.0,HighNoise,HighNoise-1-20260809-23:07:25-359440,0,1,HighNoise-1-20260809-23:07:25-359440|phase3|0|1,1,1,1,sha3,10,,,,1,0-1,0.013385,0.023365,0.192649
81,1,0.484171,0.226714,0.244835,197,sha3,pair=UAV0<->UAV2; config=HighNoise,0.083991,0.0,0.0,0.142723,0.244835,0.0,HighNoise,HighNoise-1-20260809-23:07:25-359440,0,2,HighNoise-1-20260809-23:07:25-359440|phase3|0|2,1,1,1,sha3,10,,,,1,0-2,0.012674,0.019156,0.1883
82,1,0.464337,0.233937,0.209914,197,sha3,pair=UAV0<->UAV3; config=HighNoise,0.091004,0.0,0.0,0.142933,0.209914,0.0,HighNoise,HighNoise-1-20260809-23:07:25-359440,0,3,HighNoise-1-20260809-23:07:25-359440|phase3|0|3,1,1,1,sha3,10,,,,1,0-3,0.013174,0.019087,0.196005
83,1,0.479529,0.22484,0.227726,197,sha3,pair=UAV0<->UAV4; config=HighNoise,0.082227,0.0,0.0,0.142613,0.227726,0.0,HighNoise,HighNoise-1-20260809-23:07:25-359440,0,4,HighNoise-1-20260809-23:07:25-359440|phase3|0|4,1,1,1,sha3,10,,,,1,0-4,0.012694,0.018846,0.187569
84,0,0.080795,0.080795,0.0,95,sha3,pair=UAV0<->UAV5; config=HighNoise,0.080795,0.0,0.0,0.0,0.0,0.0,HighNoise,HighNoise-1-20260809-23:07:25-359440,0,5,HighNoise-1-20260809-23:07:25-359440|phase3|0|5,1,1,1,sha3,10,,,,1,0-5,0.004258,0.008647,0.065004
85,0,0.082198,0.082198,0.0,95,sha3,pair=UAV0<->UAV6; config=HighNoise,0.082198,0.0,0.0,0.0,0.0,0.0,HighNoise,HighNoise-1-20260809-23:07:25-359440,0,6,HighNoise-1-20260809-23:07:25-359440|phase3|0|6,1,1,1,sha3,10,,,,1,0-6,0.004318,0.008727,0.065375
86,1,0.45978,0.2243,0.216981,197,sha3,pair=UAV0<->UAV7; config=HighNoise,0.080945,0.0,0.0,0.143355,0.216981,0.0,HighNoise,HighNoise-1-20260809-23:07:25-359440,0,7,HighNoise-1-20260809-23:07:25-359440|phase3|0|7,1,1,1,sha3,10,,,,1,0-7,0.012876,0.018895,0.187579
87,1,0.49178,0.22523,0.213575,197,sha3,pair=UAV0<->UAV8; config=HighNoise,0.081706,0.0,0.0,0.143524,0.213575,0.0,HighNoise,HighNoise-1-20260809-23:07:25-359440,0,8,HighNoise-1-20260809-23:07:25-359440|phase3|0|8,1,1,1,sha3,10,,,,1,0-8,0.012684,0.018505,0.188341
88,0,0.082598,0.082598,0.0,95,sha3,pair=UAV0<->UAV9; config=HighNoise,0.082598,0.0,0.0,0.0,0.0,0.0,HighNoise,HighNoise-1-20260809-23:07:25-359440,0,9,HighNoise-1-20260809-23:07:25-359440|phase3|0|9,1,1,1,sha3,10,,,,1,0-9,0.00518,0.008686,0.065796
89,1,0.383305,0.086065,0.385188,197,sha3,pair=UAV1<->UAV0; config=HighNoise,0.0,0.086065,0.23274,0.0,0.0,0.152448,HighNoise,HighNoise-1-20260809-23:07:25-359440,1,0,HighNoise-1-20260809-23:07:25-359440|phase3|1|0,1,1,1,sha3,10,,,,0,0-1,0.012585,0.018947,0.197729
90,1,0.465318,0.224049,0.228913,197,sha3,pair=UAV1<->UAV2; config=HighNoise,0.081195,0.0,0.0,0.142854,0.228913,0.0,HighNoise,HighNoise-1-20260809-23:07:25-359440,1,2,HighNoise-1-20260809-23:07:25-359440|phase3|1|2,1,1,1,sha3,10,,,,1,1-2,0.012885,0.018716,0.18768
91,1,0.466344,0.225251,0.234895,197,sha3,pair=UAV1<->UAV3; config=HighNoise,0.082688,0.0,0.0,0.142563,0.234895,0.0,HighNoise,HighNoise-1-20260809-23:07:25-359440,1,3,HighNoise-1-20260809-23:07:25-359440|phase3|1|3,1,1,1,sha3,10,,,,1,1-3,0.012735,0.018606,0.187289
92,1,0.465461,0.223648,0.214295,197,sha3,pair=UAV1<->UAV4; config=HighNoise,0.081245,0.0,0.0,0.142403,0.214295,0.0,HighNoise,HighNoise-1-20260809-23:07:25-359440,1,4,HighNoise-1-20260809-23:07:25-359440|phase3|1|4,1,1,1,sha3,10,,,,1,1-4,0.012724,0.018595,0.187769
93,0,0.081766,0.081766,0.0,95,sha3,pair=UAV1<->UAV5; config=HighNoise,0.081766,0.0,0.0,0.0,0.0,0.0,HighNoise,HighNoise-1-20260809-23:07:25-359440,1,5,HighNoise-1-20260809-23:07:25-359440|phase3|1|5,1,1,1,sha3,10,,,,1,1-5,0.004198,0.008607,0.065104
94,0,0.080764,0.080764,0.0,95,sha3,pair=UAV1<->UAV6; config=HighNoise,0.080764,0.0,0.0,0.0,0.0,0.0,HighNoise,HighNoise-1-20260809-23:07:25-359440,1,6,HighNoise-1-20260809-23:07:25-359440|phase3|1|6,1,1,1,sha3,10,,,,1,1-6,0.004479,0.008556,0.065084
95,1,0.498422,0.235101,0.251885,197,sha3,pair=UAV1<->UAV7; config=HighNoise,0.082609,0.0,0.0,0.152492,0.251885,0.0,HighNoise,HighNoise-1-20260809-23:07:25-359440,1,7,HighNoise-1-20260809-23:07:25-359440|phase3|1|7,1,1,1,sha3,10,,,,1,1-7,0.012723,0.019207,0.197228
96,1,0.440266,0.228157,0.209387,197,sha3,pair=UAV1<->UAV8; config=HighNoise,0.081075,0.0,0.0,0.147082,0.209387,0.0,HighNoise,HighNoise-1-20260809-23:07:25-359440,1,8,HighNoise-1-20260809-23:07:25-359440|phase3|1|8,1,1,1,sha3,10,,,,1,1-8,0.012925,0.019466,0.189813
97,0,0.081747,0.081747,0.0,95,sha3,pair=UAV1<->UAV9; config=HighNoise,0.081747,0.0,0.0,0.0,0.0,0.0,HighNoise,HighNoise-1-20260809-23:07:25-359440,1,9,HighNoise-1-20260809-23:07:25-359440|phase3|1|9,1,1,1,sha3,10,,,,1,1-9,0.004228,0.008716,0.065145
98,1,0.413036,0.086175,0.407536,197,sha3,pair=UAV2<->UAV0; config=HighNoise,0.0,0.086175,0.239335,0.0,0.0,0.168201,HighNoise,HighNoise-1-20260809-23:07:25-359440,2,0,HighNoise-1-20260809-23:07:25-359440|phase3|2|0,1,1,1,sha3,10,,,,0,0-2,0.012563,0.018556,0.187539
99,1,0.387337,0.086676,0.39483,197,sha3,pair=UAV2<->UAV1; config=HighNoise,0.0,0.086676,0.236405,0.0,0.0,0.158424,HighNoise,HighNoise-1-20260809-23:07:25-359440,2,1,HighNoise-1-20260809-23:07:25-359440|phase3|2|1,1,1,1,sha3,10,,,,0,1-2,0.012704,0.018646,0.187389
100,1,0.452075,0.225602,0.206009,197,sha3,pair=UAV2<->UAV3; config=HighNoise,0.082538,0.0,0.0,0.143064,0.206009,0.0,HighNoise,HighNoise-1-20260809-23:07:25-359440,2,3,HighNoise-1-20260809-23:07:25-359440|phase3|2|3,1,1,1,sha3,10,,,,1,2-3,0.013175,0.018946,0.18832
101,1,0.460554,0.235901,0.224889,197,sha3,pair=UAV2<->UAV4; config=HighNoise,0.081405,0.0,0.0,0.154496,0.224889,0.0,HighNoise,HighNoise-1-20260809-23:07:25-359440,2,4,HighNoise-1-20260809-23:07:25-359440|phase3|2|4,1,1,1,sha3,10,,,,1,2-4,0.012864,0.019197,0.19832
102,0,0.081266,0.081266,0.0,95,sha3,pair=UAV2<->UAV5; config=HighNoise,0.081266,0.0,0.0,0.0,0.0,0.0,HighNoise,HighNoise-1-20260809-23:07:25-359440,2,5,HighNoise-1-20260809-23:07:25-359440|phase3|2|5,1,1,1,sha3,10,,,,1,2-5,0.004318,0.008747,0.065596
103,0,0.082408,0.082408,0.0,95,sha3,pair=UAV2<->UAV6; config=HighNoise,0.082408,0.0,0.0,0.0,0.0,0.0,HighNoise,HighNoise-1-20260809-23:07:25-359440,2,6,HighNoise-1-20260809-23:07:25-359440|phase3|2|6,1,1,1,sha3,10,,,,1,2-6,0.004319,0.008597,0.065104
104,1,0.471194,0.223618,0.214075,197,sha3,pair=UAV2<->UAV7; config=HighNoise,0.080955,0.0,0.0,0.142663,0.214075,0.0,HighNoise,HighNoise-1-20260809-23:07:25-359440,2,7,HighNoise-1-20260809-23:07:25-359440|phase3|2|7,1,1,1,sha3,10,,,,1,2-7,0.012654,0.018786,0.187228
105,1,0.467167,0.233657,0.219211,197,sha3,pair=UAV2<->UAV8; config=HighNoise,0.082137,0.0,0.0,0.15152,0.219211,0.0,HighNoise,HighNoise-1-20260809-23:07:25-359440,2,8,HighNoise-1-20260809-23:07:25-359440|phase3|2|8,1,1,1,sha3,10,,,,1,2-8,0.012574,0.018956,0.196106
106,0,0.081526,0.081526,0.0,95,sha3,pair=UAV2<->UAV9; config=HighNoise,0.081526,0.0,0.0,0.0,0.0,0.0,HighNoise,HighNoise-1-20260809-23:07:25-359440,2,9,HighNoise-1-20260809-23:07:25-359440|phase3|2|9,1,1,1,sha3,10,,,,1,2-9,0.004308,0.008696,0.065004
107,1,0.354696,0.086866,0.399205,197,sha3,pair=UAV3<->UAV0; config=HighNoise,0.0,0.086866,0.254423,0.0,0.0,0.144782,HighNoise,HighNoise-1-20260809-23:07:25-359440,3,0,HighNoise-1-20260809-23:07:25-359440|phase3|3|0,1,1,1,sha3,10,,,,0,0-3,0.012664,0.018626,0.188301
108,1,0.415389,0.086586,0.411944,197,sha3,pair=UAV3<->UAV1; config=HighNoise,0.0,0.086586,0.23145,0.0,0.0,0.180494,HighNoise,HighNoise-1-20260809-23:07:25-359440,3,1,HighNoise-1-20260809-23:07:25-359440|phase3|3|1,1,1,1,sha3,10,,,,0,1-3,0.012674,0.018746,0.187509
109,1,0.368633,0.087838,0.40869,197,sha3,pair=UAV3<->UAV2; config=HighNoise,0.0,0.087838,0.246066,0.0,0.0,0.162624,HighNoise,HighNoise-1-20260809-23:07:25-359440,3,2,HighNoise-1-20260809-23:07:25-359440|phase3|3|2,1,1,1,sha3,10,,,,0,2-3,0.01619,0.03138,0.221494
110,1,0.508507,0.22463,0.243089,197,sha3,pair=UAV3<->UAV4; config=HighNoise,0.082147,0.0,0.0,0.142483,0.243089,0.0,HighNoise,HighNoise-1-20260809-23:07:25-359440,3,4,HighNoise-1-20260809-23:07:25-359440|phase3|3|4,1,1,1,sha3,10,,,,1,3-4,0.013075,0.018686,0.18762
111,0,0.109549,0.109549,0.0,95,sha3,pair=UAV3<->UAV5; config=HighNoise,0.109549,0.0,0.0,0.0,0.0,0.0,HighNoise,HighNoise-1-20260809-23:07:25-359440,3,5,HighNoise-1-20260809-23:07:25-359440|phase3|3|5,1,1,1,sha3,10,,,,1,3-5,0.004509,0.008736,0.092698
112,0,0.081736,0.081736,0.0,95,sha3,pair=UAV3<->UAV6; config=HighNoise,0.081736,0.0,0.0,0.0,0.0,0.0,HighNoise,HighNoise-1-20260809-23:07:25-359440,3,6,HighNoise-1-20260809-23:07:25-359440|phase3|3|6,1,1,1,sha3,10,,,,1,3-6,0.004278,0.008897,0.065396
113,1,0.445925,0.22478,0.204669,197,sha3,pair=UAV3<->UAV7; config=HighNoise,0.081416,0.0,0.0,0.143364,0.204669,0.0,HighNoise,HighNoise-1-20260809-23:07:25-359440,3,7,HighNoise-1-20260809-23:07:25-359440|phase3|3|7,1,1,1,sha3,10,,,,1,3-7,0.012844,0.018565,0.18787
114,1,0.494981,0.224249,0.235163,197,sha3,pair=UAV3<->UAV8; config=HighNoise,0.080815,0.0,0.0,0.143434,0.235163,0.0,HighNoise,HighNoise-1-20260809-23:07:25-359440,3,8,HighNoise-1-20260809-23:07:25-359440|phase3|3|8,1,1,1,sha3,10,,,,1,3-8,0.012864,0.018506,0.188281
115,0,0.082468,0.082468,0.0,95,sha3,pair=UAV3<->UAV9; config=HighNoise,0.082468,0.0,0.0,0.0,0.0,0.0,HighNoise,HighNoise-1-20260809-23:07:25-359440,3,9,HighNoise-1-20260809-23:07:25-359440|phase3|3|9,1,1,1,sha3,10,,,,1,3-9,0.004278,0.008837,0.065185
116,1,0.364196,0.087307,0.388274,197,sha3,pair=UAV4<->UAV0; config=HighNoise,0.0,0.087307,0.251803,0.0,0.0,0.13647,HighNoise,HighNoise-1-20260809-23:07:25-359440,4,0,HighNoise-1-20260809-23:07:25-359440|phase3|4|0,1,1,1,sha3,10,,,,0,0-4,0.012764,0.018816,0.187999
117,1,0.357602,0.086797,0.394472,197,sha3,pair=UAV4<->UAV1; config=HighNoise,0.0,0.086797,0.251166,0.0,0.0,0.143306,HighNoise,HighNoise-1-20260809-23:07:25-359440,4,1,HighNoise-1-20260809-23:07:25-359440|phase3|4|1,1,1,1,sha3,10,,,,0,1-4,0.012634,0.020209,0.197759
118,1,0.359113,0.087147,0.369888,197,sha3,pair=UAV4<->UAV2; config=HighNoise,0.0,0.087147,0.235665,0.0,0.0,0.134223,HighNoise,HighNoise-1-20260809-23:07:25-359440,4,2,HighNoise-1-20260809-23:07:25-359440|phase3|4|2,1,1,1,sha3,10,,,,0,2-4,0.012774,0.018736,0.187649
119,1,0.391462,0.095974,0.413792,197,sha3,pair=UAV4<->UAV3; config=HighNoise,0.0,0.095974,0.265418,0.0,0.0,0.148373,HighNoise,HighNoise-1-20260809-23:07:25-359440,4,3,HighNoise-1-20260809-23:07:25-359440|phase3|4|3,1,1,1,sha3,10,,,,0,3-4,0.012813,0.018796,0.206836
120,0,0.081206,0.081206,0.0,95,sha3,pair=UAV4<->UAV5; config=HighNoise,0.081206,0.0,0.0,0.0,0.0,0.0,HighNoise,HighNoise-1-20260809-23:07:25-359440,4,5,HighNoise-1-20260809-23:07:25-359440|phase3|4|5,1,1,1,sha3,10,,,,1,4-5,0.004368,0.008647,0.065135
121,0,0.081626,0.081626,0.0,95,sha3,pair=UAV4<->UAV6; config=HighNoise,0.081626,0.0,0.0,0.0,0.0,0.0,HighNoise,HighNoise-1-20260809-23:07:25-359440,4,6,HighNoise-1-20260809-23:07:25-359440|phase3|4|6,1,1,1,sha3,10,,,,1,4-6,0.004208,0.008657,0.065114
122,1,0.460897,0.22453,0.23006,197,sha3,pair=UAV4<->UAV7; config=HighNoise,0.080404,0.0,0.0,0.144126,0.23006,0.0,HighNoise,HighNoise-1-20260809-23:07:25-359440,4,7,HighNoise-1-20260809-23:07:25-359440|phase3|4|7,1,1,1,sha3,10,,,,1,4-7,0.012804,0.018895,0.188261
123,1,0.444508,0.226003,0.211586,197,sha3,pair=UAV4<->UAV8; config=HighNoise,0.083059,0.0,0.0,0.142944,0.211586,0.0,HighNoise,HighNoise-1-20260809-23:07:25-359440,4,8,HighNoise-1-20260809-23:07:25-359440|phase3|4|8,1,1,1,sha3,10,,,,1,4-8,0.012984,0.018637,0.187229
124,0,0.080795,0.080795,0.0,95,sha3,pair=UAV4<->UAV9; config=HighNoise,0.080795,0.0,0.0,0.0,0.0,0.0,HighNoise,HighNoise-1-20260809-23:07:25-359440,4,9,HighNoise-1-20260809-23:07:25-359440|phase3|4|9,1,1,1,sha3,10,,,,1,4-9,0.004278,0.008716,0.065195
125,0,0.244466,0.0,0.244466,95,sha3,pair=UAV5<->UAV0; config=HighNoise,0.0,0.0,0.244466,0.0,0.0,0.0,HighNoise,HighNoise-1-20260809-23:07:25-359440,5,0,HighNoise-1-20260809-23:07:25-359440|phase3|5|0,1,1,1,sha3,10,,,,0,0-5,0.0,0.0,0.0
126,0,0.231723,0.0,0.231723,95,sha3,pair=UAV5<->UAV1; config=HighNoise,0.0,0.0,0.231723,0.0,0.0,0.0,HighNoise,HighNoise-1-20260809-23:07:25-359440,5,1,HighNoise-1-20260809-23:07:25-359440|phase3|5|1,1,1,1,sha3,10,,,,0,1-5,0.0,0.0,0.0
127,0,0.263075,0.0,0.263075,95,sha3,pair=UAV5<->UAV2; config=HighNoise,0.0,0.0,0.263075,0.0,0.0,0.0,HighNoise,HighNoise-1-20260809-23:07:25-359440,5,2,HighNoise-1-20260809-23:07:25-359440|phase3|5|2,1,1,1,sha3,10,,,,0,2-5,0.0,0.0,0.0
128,0,0.270264,0.0,0.270264,95,sha3,pair=UAV5<->UAV3; config=HighNoise,0.0,0.0,0.270264,0.0,0.0,0.0,HighNoise,HighNoise-1-20260809-23:07:25-359440,5,3,HighNoise-1-20260809-23:07:25-359440|phase3|5|3,1,1,1,sha3,10,,,,0,3-5,0.0,0.0,0.0
129,0,0.249334,0.0,0.249334,95,sha3,pair=UAV5<->UAV4; config=HighNoise,0.0,0.0,0.249334,0.0,0.0,0.0,HighNoise,HighNoise-1-20260809-23:07:25-359440,5,4,HighNoise-1-20260809-23:07:25-359440|phase3|5|4,1,1,1,sha3,10,,,,0,4-5,0.0,0.0,0.0
130,0,0.257294,0.0,0.257294,95,sha3,pair=UAV6<->UAV0; config=HighNoise,0.0,0.0,0.257294,0.0,0.0,0.0,HighNoise,HighNoise-1-20260809-23:07:25-359440,6,0,HighNoise-1-20260809-23:07:25-359440|phase3|6|0,1,1,1,sha3,10,,,,0,0-6,0.0,0.0,0.0
131,0,0.274652,0.0,0.274652,95,sha3,pair=UAV6<->UAV1; config=HighNoise,0.0,0.0,0.274652,0.0,0.0,0.0,HighNoise,HighNoise-1-20260809-23:07:25-359440,6,1,HighNoise-1-20260809-23:07:25-359440|phase3|6|1,1,1,1,sha3,10,,,,0,1-6,0.0,0.0,0.0
132,0,0.231635,0.0,0.231635,95,sha3,pair=UAV6<->UAV2; config=HighNoise,0.0,0.0,0.231635,0.0,0.0,0.0,HighNoise,HighNoise-1-20260809-23:07:25-359440,6,2,HighNoise-1-20260809-23:07:25-359440|phase3|6|2,1,1,1,sha3,10,,,,0,2-6,0.0,0.0,0.0
133,0,0.247374,0.0,0.247374,95,sha3,pair=UAV6<->UAV3; config=HighNoise,0.0,0.0,0.247374,0.0,0.0,0.0,HighNoise,HighNoise-1-20260809-23:07:25-359440,6,3,HighNoise-1-20260809-23:07:25-359440|phase3|6|3,1,1,1,sha3,10,,,,0,3-6,0.0,0.0,0.0
134,0,0.23815,0.0,0.23815,95,sha3,pair=UAV6<->UAV4; config=HighNoise,0.0,0.0,0.23815,0.0,0.0,0.0,HighNoise,HighNoise-1-20260809-23:07:25-359440,6,4,HighNoise-1-20260809-23:07:25-359440|phase3|6|4,1,1,1,sha3,10,,,,0,4-6,0.0,0.0,0.0
135,1,0.363543,0.095643,0.389362,197,sha3,pair=UAV7<->UAV0; config=HighNoise,0.0,0.095643,0.242799,0.0,0.0,0.146562,HighNoise,HighNoise-1-20260809-23:07:25-359440,7,0,HighNoise-1-20260809-23:07:25-359440|phase3|7|0,1,1,1,sha3,10,,,,0,0-7,0.021682,0.018656,0.1879
136,1,0.414153,0.087227,0.408805,197,sha3,pair=UAV7<->UAV1; config=HighNoise,0.0,0.087227,0.246537,0.0,0.0,0.162268,HighNoise,HighNoise-1-20260809-23:07:25-359440,7,1,HighNoise-1-20260809-23:07:25-359440|phase3|7|1,1,1,1,sha3,10,,,,0,1-7,0.012855,0.018836,0.18769
137,1,0.349529,0.085945,0.392573,197,sha3,pair=UAV7<->UAV2; config=HighNoise,0.0,0.085945,0.257119,0.0,0.0,0.135454,HighNoise,HighNoise-1-20260809-23:07:25-359440,7,2,HighNoise-1-20260809-23:07:25-359440|phase3|7|2,1,1,1,sha3,10,,,,0,2-7,0.012564,0.018606,0.188721
138,1,0.338529,0.087287,0.375116,197,sha3,pair=UAV7<->UAV3; config=HighNoise,0.0,0.087287,0.241256,0.0,0.0,0.13386,HighNoise,HighNoise-1-20260809-23:07:25-359440,7,3,HighNoise-1-20260809-23:07:25-359440|phase3|7|3,1,1,1,sha3,10,,,,0,3-7,0.013085,0.018636,0.18786
139,1,0.3832,0.089421,0.383978,197,sha3,pair=UAV7<->UAV4; config=HighNoise,0.0,0.089421,0.230837,0.0,0.0,0.15314,HighNoise,HighNoise-1-20260809-23:07:25-359440,7,4,HighNoise-1-20260809-23:07:25-359440|phase3|7|4,1,1,1,sha3,10,,,,0,4-7,0.016791,0.029397,0.238548
140,1,0.473758,0.225372,0.221747,197,sha3,pair=UAV7<->UAV8; config=HighNoise,0.081967,0.0,0.0,0.143405,0.221747,0.0,HighNoise,HighNoise-1-20260809-23:07:25-359440,7,8,HighNoise-1-20260809-23:07:25-359440|phase3|7|8,1,1,1,sha3,10,,,,1,7-8,0.012854,0.018886,0.18797
141,0,0.092006,0.092006,0.0,95,sha3,pair=UAV7<->UAV9; config=HighNoise,0.092006,0.0,0.0,0.0,0.0,0.0,HighNoise,HighNoise-1-20260809-23:07:25-359440,7,9,HighNoise-1-20260809-23:07:25-359440|phase3|7|9,1,1,1,sha3,10,,,,1,7-9,0.004479,0.008607,0.074503
142,1,0.384714,0.086857,0.449345,197,sha3,pair=UAV8<->UAV0; config=HighNoise,0.0,0.086857,0.278205,0.0,0.0,0.171139,HighNoise,HighNoise-1-20260809-23:07:25-359440,8,0,HighNoise-1-20260809-23:07:25-359440|phase3|8|0,1,1,1,sha3,10,,,,0,0-8,0.012683,0.018837,0.187739
143,1,0.367274,0.087959,0.388766,197,sha3,pair=UAV8<->UAV1; config=HighNoise,0.0,0.087959,0.230879,0.0,0.0,0.157887,HighNoise,HighNoise-1-20260809-23:07:25-359440,8,1,HighNoise-1-20260809-23:07:25-359440|phase3|8|1,1,1,1,sha3,10,,,,0,1-8,0.012695,0.018626,0.187629
144,1,0.363506,0.087207,0.392252,197,sha3,pair=UAV8<->UAV2; config=HighNoise,0.0,0.087207,0.247957,0.0,0.0,0.144296,HighNoise,HighNoise-1-20260809-23:07:25-359440,8,2,HighNoise-1-20260809-23:07:25-359440|phase3|8|2,1,1,1,sha3,10,,,,0,2-8,0.012654,0.028334,0.211936
145,1,0.377294,0.086856,0.40195,197,sha3,pair=UAV8<->UAV3; config=HighNoise,0.0,0.086856,0.259818,0.0,0.0,0.142132,HighNoise,HighNoise-1-20260809-23:07:25-359440,8,3,HighNoise-1-20260809-23:07:25-359440|phase3|8|3,1,1,1,sha3,10,,,,0,3-8,0.012484,0.018816,0.187389
146,1,0.384517,0.086114,0.405852,197,sha3,pair=UAV8<->UAV4; config=HighNoise,0.0,0.086114,0.232922,0.0,0.0,0.17293,HighNoise,HighNoise-1-20260809-23:07:25-359440,8,4,HighNoise-1-20260809-23:07:25-359440|phase3|8|4,1,1,1,sha3,10,,,,0,4-8,0.012643,0.018876,0.187329
147,1,0.376348,0.086766,0.406611,197,sha3,pair=UAV8<->UAV7; config=HighNoise,0.0,0.086766,0.252011,0.0,0.0,0.1546,HighNoise,HighNoise-1-20260809-23:07:25-359440,8,7,HighNoise-1-20260809-23:07:25-359440|phase3|8|7,1,1,1,sha3,10,,,,0,7-8,0.012725,0.018496,0.187699
148,0,0.082478,0.082478,0.0,95,sha3,pair=UAV8<->UAV9; config=HighNoise,0.082478,0.0,0.0,0.0,0.0,0.0,HighNoise,HighNoise-1-20260809-23:07:25-359440,8,9,HighNoise-1-20260809-23:07:25-359440|phase3|8|9,1,1,1,sha3,10,,,,1,8-9,0.00474,0.008977,0.065616
149,0,0.235682,0.0,0.235682,95,sha3,pair=UAV9<->UAV0; config=HighNoise,0.0,0.0,0.235682,0.0,0.0,0.0,HighNoise,HighNoise-1-20260809-23:07:25-359440,9,0,HighNoise-1-20260809-23:07:25-359440|phase3|9|0,1,1,1,sha3,10,,,,0,0-9,0.0,0.0,0.0
150,0,0.237448,0.0,0.237448,95,sha3,pair=UAV9<->UAV1; config=HighNoise,0.0,0.0,0.237448,0.0,0.0,0.0,HighNoise,HighNoise-1-20260809-23:07:25-359440,9,1,HighNoise-1-20260809-23:07:25-359440|phase3|9|1,1,1,1,sha3,10,,,,0,1-9,0.0,0.0,0.0
151,0,0.229486,0.0,0.229486,95,sha3,pair=UAV9<->UAV2; config=HighNoise,0.0,0.0,0.229486,0.0,0.0,0.0,HighNoise,HighNoise-1-20260809-23:07:25-359440,9,2,HighNoise-1-20260809-23:07:25-359440|phase3|9|2,1,1,1,sha3,10,,,,0,2-9,0.0,0.0,0.0
152,0,0.239511,0.0,0.239511,95,sha3,pair=UAV9<->UAV3; config=HighNoise,0.0,0.0,0.239511,0.0,0.0,0.0,HighNoise,HighNoise-1-20260809-23:07:25-359440,9,3,HighNoise-1-20260809-23:07:25-359440|phase3|9|3,1,1,1,sha3,10,,,,0,3-9,0.0,0.0,0.0
153,0,0.227627,0.0,0.227627,95,sha3,pair=UAV9<->UAV4; config=HighNoise,0.0,0.0,0.227627,0.0,0.0,0.0,HighNoise,HighNoise-1-20260809-23:07:25-359440,9,4,HighNoise-1-20260809-23:07:25-359440|phase3|9|4,1,1,1,sha3,10,,,,0,4-9,0.0,0.0,0.0
154,0,0.229776,0.0,0.229776,95,sha3,pair=UAV9<->UAV7; config=HighNoise,0.0,0.0,0.229776,0.0,0.0,0.0,HighNoise,HighNoise-1-20260809-23:07:25-359440,9,7,HighNoise-1-20260809-23:07:25-359440|phase3|9|7,1,1,1,sha3,10,,,,0,7-9,0.0,0.0,0.0
155,0,0.243847,0.0,0.243847,95,sha3,pair=UAV9<->UAV8; config=HighNoise,0.0,0.0,0.243847,0.0,0.0,0.0,HighNoise,HighNoise-1-20260809-23:07:25-359440,9,8,HighNoise-1-20260809-23:07:25-359440|phase3|9|8,1,1,1,sha3,10,,,,0,8-9,0.0,0.0,0.0
156,1,0.446836,0.247907,0.210319,197,sha3,pair=UAV0<->UAV1; config=HighNoise,0.089923,0.0,0.0,0.157984,0.210319,0.0,HighNoise,HighNoise-2-20260809-23:07:27-359440,0,1,HighNoise-2-20260809-23:07:27-359440|phase3|0|1,2,2,2,sha3,10,,,,1,0-1,0.013155,0.02074,0.205024
157,0,0.082359,0.082359,0.0,95,sha3,pair=UAV0<->UAV2; config=HighNoise,0.082359,0.0,0.0,0.0,0.0,0.0,HighNoise,HighNoise-2-20260809-23:07:27-359440,0,2,HighNoise-2-20260809-23:07:27-359440|phase3|0|2,2,2,2,sha3,10,,,,1,0-2,0.004258,0.008806,0.065055
158,1,0.462284,0.254399,0.223596,197,sha3,pair=UAV0<->UAV3; config=HighNoise,0.111424,0.0,0.0,0.142975,0.223596,0.0,HighNoise,HighNoise-2-20260809-23:07:27-359440,0,3,HighNoise-2-20260809-23:07:27-359440|phase3|0|3,2,2,2,sha3,10,,,,1,0-3,0.017193,0.018757,0.210815
159,1,0.439059,0.263847,0.205409,197,sha3,pair=UAV0<->UAV4; config=HighNoise,0.119199,0.0,0.0,0.144648,0.205409,0.0,HighNoise,HighNoise-2-20260809-23:07:27-359440,0,4,HighNoise-2-20260809-23:07:27-359440|phase3|0|4,2,2,2,sha3,10,,,,1,0-4,0.01576,0.024287,0.21353
160,1,0.481433,0.279557,0.230552,197,sha3,pair=UAV0<->UAV5; config=HighNoise,0.136662,0.0,0.0,0.142895,0.230552,0.0,HighNoise,HighNoise-2-20260809-23:07:27-359440,0,5,HighNoise-2-20260809-23:07:27-359440|phase3|0|5,2,2,2,sha3,10,,,,1,0-5,0.016672,0.03637,0.217378
161,1,0.436423,0.27643,0.205899,197,sha3,pair=UAV0<->UAV6; config=HighNoise,0.118507,0.0,0.0,0.157923,0.205899,0.0,HighNoise,HighNoise-2-20260809-23:07:27-359440,0,6,HighNoise-2-20260809-23:07:27-359440|phase3|0|6,2,2,2,sha3,10,,,,1,0-6,0.016512,0.027182,0.220613
162,1,0.453756,0.27138,0.208139,197,sha3,pair=UAV0<->UAV7; config=HighNoise,0.126953,0.0,0.0,0.144427,0.208139,0.0,HighNoise,HighNoise-2-20260809-23:07:27-359440,0,7,HighNoise-2-20260809-23:07:27-359440|phase3|0|7,2,2,2,sha3,10,,,,1,0-7,0.016461,0.026892,0.218258
163,1,0.492332,0.281551,0.232006,197,sha3,pair=UAV0<->UAV8; config=HighNoise,0.138576,0.0,0.0,0.142975,0.232006,0.0,HighNoise,HighNoise-2-20260809-23:07:27-359440,0,8,HighNoise-2-20260809-23:07:27-359440|phase3|0|8,2,2,2,sha3,10,,,,1,0-8,0.017093,0.02586,0.228409
164,1,0.467914,0.268647,0.222422,197,sha3,pair=UAV0<->UAV9; config=HighNoise,0.125161,0.0,0.0,0.143486,0.222422,0.0,HighNoise,HighNoise-2-20260809-23:07:27-359440,0,9,HighNoise-2-20260809-23:07:27-359440|phase3|0|9,2,2,2,sha3,10,,,,1,0-9,0.017042,0.02609,0.217308
165,1,0.350082,0.087368,0.376281,197,sha3,pair=UAV1<->UAV0; config=HighNoise,0.0,0.087368,0.236518,0.0,0.0,0.139763,HighNoise,HighNoise-2-20260809-23:07:27-359440,1,0,HighNoise-2-20260809-23:07:27-359440|phase3|1|0,2,2,2,sha3,10,,,,0,0-1,0.012595,0.018716,0.188743
166,0,0.126182,0.126182,0.0,95,sha3,pair=UAV1<->UAV2; config=HighNoise,0.126182,0.0,0.0,0.0,0.0,0.0,HighNoise,HighNoise-2-20260809-23:07:27-359440,1,2,HighNoise-2-20260809-23:07:27-359440|phase3|1|2,2,2,2,sha3,10,,,,1,1-2,0.007805,0.016411,0.095844
167,1,0.474958,0.28107,0.220008,197,sha3,pair=UAV1<->UAV3; config=HighNoise,0.127355,0.0,0.0,0.153715,0.220008,0.0,HighNoise,HighNoise-2-20260809-23:07:27-359440,1,3,HighNoise-2-20260809-23:07:27-359440|phase3|1|3,2,2,2,sha3,10,,,,1,1-3,0.016772,0.026952,0.227717
168,1,0.45257,0.261392,0.223597,197,sha3,pair=UAV1<->UAV4; config=HighNoise,0.117666,0.0,0.0,0.143726,0.223597,0.0,HighNoise,HighNoise-2-20260809-23:07:27-359440,1,4,HighNoise-2-20260809-23:07:27-359440|phase3|1|4,2,2,2,sha3,10,,,,1,1-4,0.013776,0.025429,0.215434
169,1,0.441484,0.235972,0.213049,197,sha3,pair=UAV1<->UAV5; config=HighNoise,0.092106,0.0,0.0,0.143866,0.213049,0.0,HighNoise,HighNoise-2-20260809-23:07:27-359440,1,5,HighNoise-2-20260809-23:07:27-359440|phase3|1|5,2,2,2,sha3,10,,,,1,1-5,0.013056,0.02585,0.189133
170,1,0.442175,0.224752,0.208372,197,sha3,pair=UAV1<->UAV6; config=HighNoise,0.081417,0.0,0.0,0.143335,0.208372,0.0,HighNoise,HighNoise-2-20260809-23:07:27-359440,1,6,HighNoise-2-20260809-23:07:27-359440|phase3|1|6,2,2,2,sha3,10,,,,1,1-6,0.012704,0.019017,0.18773
171,1,0.475782,0.228419,0.227065,197,sha3,pair=UAV1<->UAV7; config=HighNoise,0.082398,0.0,0.0,0.146021,0.227065,0.0,HighNoise,HighNoise-2-20260809-23:07:27-359440,1,7,HighNoise-2-20260809-23:07:27-359440|phase3|1|7,2,2,2,sha3,10,,,,1,1-7,0.012885,0.018816,0.189965
172,1,0.433976,0.235101,0.20599,197,sha3,pair=UAV1<->UAV8; config=HighNoise,0.080815,0.0,0.0,0.154286,0.20599,0.0,HighNoise,HighNoise-2-20260809-23:07:27-359440,1,8,HighNoise-2-20260809-23:07:27-359440|phase3|1|8,2,2,2,sha3,10,,,,1,1-8,0.013175,0.020009,0.195756
173,1,0.500026,0.246313,0.233393,197,sha3,pair=UAV1<->UAV9; config=HighNoise,0.103579,0.0,0.0,0.142734,0.233393,0.0,HighNoise,HighNoise-2-20260809-23:07:27-359440,1,9,HighNoise-2-20260809-23:07:27-359440|phase3|1|9,2,2,2,sha3,10,,,,1,1-9,0.013656,0.032914,0.19249
174,0,0.244599,0.0,0.244599,95,sha3,pair=UAV2<->UAV0; config=HighNoise,0.0,0.0,0.244599,0.0,0.0,0.0,HighNoise,HighNoise-2-20260809-23:07:27-359440,2,0,HighNoise-2-20260809-23:07:27-359440|phase3|2|0,2,2,2,sha3,10,,,,0,0-2,0.0,0.0,0.0
175,0,0.227848,0.0,0.227848,95,sha3,pair=UAV2<->UAV1; config=HighNoise,0.0,0.0,0.227848,0.0,0.0,0.0,HighNoise,HighNoise-2-20260809-23:07:27-359440,2,1,HighNoise-2-20260809-23:07:27-359440|phase3|2|1,2,2,2,sha3,10,,,,0,1-2,0.0,0.0,0.0
176,1,0.368254,0.090083,0.383346,197,sha3,pair=UAV3<->UAV0; config=HighNoise,0.0,0.090083,0.238688,0.0,0.0,0.144658,HighNoise,HighNoise-2-20260809-23:07:27-359440,3,0,HighNoise-2-20260809-23:07:27-359440|phase3|3|0,2,2,2,sha3,10,,,,0,0-3,0.013085,0.019899,0.187921
177,1,0.359422,0.087889,0.394364,197,sha3,pair=UAV3<->UAV1; config=HighNoise,0.0,0.087889,0.25495,0.0,0.0,0.139414,HighNoise,HighNoise-2-20260809-23:07:27-359440,3,1,HighNoise-2-20260809-23:07:27-359440|phase3|3|1,2,2,2,sha3,10,,,,0,1-3,0.012724,0.019177,0.187761
178,1,0.451231,0.240441,0.210997,197,sha3,pair=UAV3<->UAV4; config=HighNoise,0.096996,0.0,0.0,0.143445,0.210997,0.0,HighNoise,HighNoise-2-20260809-23:07:27-359440,3,4,HighNoise-2-20260809-23:07:27-359440|phase3|3|4,2,2,2,sha3,10,,,,1,3-4,0.013737,0.02094,0.199794
179,1,0.501276,0.240161,0.241941,197,sha3,pair=UAV3<->UAV5; config=HighNoise,0.097016,0.0,0.0,0.143145,0.241941,0.0,HighNoise,HighNoise-2-20260809-23:07:27-359440,3,5,HighNoise-2-20260809-23:07:27-359440|phase3|3|5,2,2,2,sha3,10,,,,1,3-5,0.013686,0.02047,0.198401
180,1,0.50454,0.246033,0.244068,197,sha3,pair=UAV3<->UAV6; config=HighNoise,0.094742,0.0,0.0,0.151291,0.244068,0.0,HighNoise,HighNoise-2-20260809-23:07:27-359440,3,6,HighNoise-2-20260809-23:07:27-359440|phase3|3|6,2,2,2,sha3,10,,,,1,3-6,0.013386,0.020328,0.206948
181,1,0.484084,0.237997,0.242953,197,sha3,pair=UAV3<->UAV7; config=HighNoise,0.095433,0.0,0.0,0.142564,0.242953,0.0,HighNoise,HighNoise-2-20260809-23:07:27-359440,3,7,HighNoise-2-20260809-23:07:27-359440|phase3|3|7,2,2,2,sha3,10,,,,1,3-7,0.013525,0.019848,0.1983
182,1,0.45138,0.237446,0.211515,197,sha3,pair=UAV3<->UAV8; config=HighNoise,0.094592,0.0,0.0,0.142854,0.211515,0.0,HighNoise,HighNoise-2-20260809-23:07:27-359440,3,8,HighNoise-2-20260809-23:07:27-359440|phase3|3|8,2,2,2,sha3,10,,,,1,3-8,0.013647,0.019999,0.19859
183,1,0.4787,0.238387,0.234253,197,sha3,pair=UAV3<->UAV9; config=HighNoise,0.095683,0.0,0.0,0.142704,0.234253,0.0,HighNoise,HighNoise-2-20260809-23:07:27-359440,3,9,HighNoise-2-20260809-23:07:27-359440|phase3|3|9,2,2,2,sha3,10,,,,1,3-9,0.013395,0.020329,0.198571
184,1,0.348289,0.096625,0.37653,197,sha3,pair=UAV4<->UAV0; config=HighNoise,0.0,0.096625,0.23365,0.0,0.0,0.14288,HighNoise,HighNoise-2-20260809-23:07:27-359440,4,0,HighNoise-2-20260809-23:07:27-359440|phase3|4|0,2,2,2,sha3,10,,,,0,0-4,0.012865,0.018846,0.19758
185,1,0.358795,0.088841,0.364172,197,sha3,pair=UAV4<->UAV1; config=HighNoise,0.0,0.088841,0.228974,0.0,0.0,0.135198,HighNoise,HighNoise-2-20260809-23:07:27-359440,4,1,HighNoise-2-20260809-23:07:27-359440|phase3|4|1,2,2,2,sha3,10,,,,0,1-4,0.012673,0.018986,0.188543
186,1,0.343636,0.090493,0.372872,197,sha3,pair=UAV4<->UAV3; config=HighNoise,0.0,0.090493,0.240233,0.0,0.0,0.132639,HighNoise,HighNoise-2-20260809-23:07:27-359440,4,3,HighNoise-2-20260809-23:07:27-359440|phase3|4|3,2,2,2,sha3,10,,,,0,3-4,0.012554,0.018887,0.198542
187,1,0.446393,0.240512,0.209683,197,sha3,pair=UAV4<->UAV5; config=HighNoise,0.096996,0.0,0.0,0.143516,0.209683,0.0,HighNoise,HighNoise-2-20260809-23:07:27-359440,4,5,HighNoise-2-20260809-23:07:27-359440|phase3|4|5,2,2,2,sha3,10,,,,1,4-5,0.013846,0.020089,0.199503
188,1,0.519498,0.241023,0.26393,197,sha3,pair=UAV4<->UAV6; config=HighNoise,0.097758,0.0,0.0,0.143265,0.26393,0.0,HighNoise,HighNoise-2-20260809-23:07:27-359440,4,6,HighNoise-2-20260809-23:07:27-359440|phase3|4|6,2,2,2,sha3,10,,,,1,4-6,0.013907,0.019929,0.200153
189,1,0.504109,0.247615,0.248072,197,sha3,pair=UAV4<->UAV7; config=HighNoise,0.104701,0.0,0.0,0.142914,0.248072,0.0,HighNoise,HighNoise-2-20260809-23:07:27-359440,4,7,HighNoise-2-20260809-23:07:27-359440|phase3|4|7,2,2,2,sha3,10,,,,1,4-7,0.013606,0.020239,0.208701
190,1,0.464604,0.238468,0.217194,197,sha3,pair=UAV4<->UAV8; config=HighNoise,0.095182,0.0,0.0,0.143286,0.217194,0.0,HighNoise,HighNoise-2-20260809-23:07:27-359440,4,8,HighNoise-2-20260809-23:07:27-359440|phase3|4|8,2,2,2,sha3,10,,,,1,4-8,0.012754,0.020369,0.199783
191,1,0.489818,0.239179,0.224367,197,sha3,pair=UAV4<->UAV9; config=HighNoise,0.081567,0.0,0.0,0.157612,0.224367,0.0,HighNoise,HighNoise-2-20260809-23:07:27-359440,4,9,HighNoise-2-20260809-23:07:27-359440|phase3|4|9,2,2,2,sha3,10,,,,1,4-9,0.021402,0.021731,0.188523
192,1,0.373705,0.086827,0.394033,197,sha3,pair=UAV5<->UAV0; config=HighNoise,0.0,0.086827,0.250881,0.0,0.0,0.143153,HighNoise,HighNoise-2-20260809-23:07:27-359440,5,0,HighNoise-2-20260809-23:07:27-359440|phase3|5|0,2,2,2,sha3,10,,,,0,0-5,0.012663,0.018957,0.187539
193,1,0.349256,0.086957,0.364643,197,sha3,pair=UAV5<->UAV1; config=HighNoise,0.0,0.086957,0.228435,0.0,0.0,0.136207,HighNoise,HighNoise-2-20260809-23:07:27-359440,5,1,HighNoise-2-20260809-23:07:27-359440|phase3|5|1,2,2,2,sha3,10,,,,0,1-5,0.012845,0.018906,0.187339
194,1,0.3811,0.087798,0.398495,197,sha3,pair=UAV5<->UAV3; config=HighNoise,0.0,0.087798,0.259335,0.0,0.0,0.13916,HighNoise,HighNoise-2-20260809-23:07:27-359440,5,3,HighNoise-2-20260809-23:07:27-359440|phase3|5|3,2,2,2,sha3,10,,,,0,3-5,0.012624,0.027253,0.1875
195,1,0.348598,0.089121,0.375624,197,sha3,pair=UAV5<->UAV4; config=HighNoise,0.0,0.089121,0.236709,0.0,0.0,0.138915,HighNoise,HighNoise-2-20260809-23:07:27-359440,5,4,HighNoise-2-20260809-23:07:27-359440|phase3|5|4,2,2,2,sha3,10,,,,0,4-5,0.013526,0.018946,0.189223
196,1,0.455517,0.255922,0.209904,197,sha3,pair=UAV5<->UAV6; config=HighNoise,0.111985,0.0,0.0,0.143937,0.209904,0.0,HighNoise,HighNoise-2-20260809-23:07:27-359440,5,6,HighNoise-2-20260809-23:07:27-359440|phase3|5|6,2,2,2,sha3,10,,,,1,5-6,0.01603,0.018967,0.213561
197,1,0.471877,0.272443,0.231634,197,sha3,pair=UAV5<->UAV7; config=HighNoise,0.127395,0.0,0.0,0.145048,0.231634,0.0,HighNoise,HighNoise-2-20260809-23:07:27-359440,5,7,HighNoise-2-20260809-23:07:27-359440|phase3|5|7,2,2,2,sha3,10,,,,1,5-7,0.016081,0.026591,0.221054
198,1,0.485657,0.264337,0.244047,197,sha3,pair=UAV5<->UAV8; config=HighNoise,0.121693,0.0,0.0,0.142644,0.244047,0.0,HighNoise,HighNoise-2-20260809-23:07:27-359440,5,8,HighNoise-2-20260809-23:07:27-359440|phase3|5|8,2,2,2,sha3,10,,,,1,5-8,0.016151,0.025649,0.215945
199,1,0.436501,0.254488,0.208842,197,sha3,pair=UAV5<->UAV9; config=HighNoise,0.108809,0.0,0.0,0.145679,0.208842,0.0,HighNoise,HighNoise-2-20260809-23:07:27-359440,5,9,HighNoise-2-20260809-23:07:27-359440|phase3|5|9,2,2,2,sha3,10,,,,1,5-9,0.013366,0.024146,0.209121
200,1,0.365852,0.087829,0.390477,197,sha3,pair=UAV6<->UAV0; config=HighNoise,0.0,0.087829,0.230524,0.0,0.0,0.159953,HighNoise,HighNoise-2-20260809-23:07:27-359440,6,0,HighNoise-2-20260809-23:07:27-359440|phase3|6|0,2,2,2,sha3,10,,,,0,0-6,0.012634,0.018976,0.195826
201,1,0.344676,0.086757,0.370108,197,sha3,pair=UAV6<->UAV1; config=HighNoise,0.0,0.086757,0.233804,0.0,0.0,0.136304,HighNoise,HighNoise-2-20260809-23:07:27-359440,6,1,HighNoise-2-20260809-23:07:27-359440|phase3|6|1,2,2,2,sha3,10,,,,0,1-6,0.012452,0.018787,0.187661
202,1,0.382345,0.087398,0.398749,197,sha3,pair=UAV6<->UAV3; config=HighNoise,0.0,0.087398,0.260472,0.0,0.0,0.138277,HighNoise,HighNoise-2-20260809-23:07:27-359440,6,3,HighNoise-2-20260809-23:07:27-359440|phase3|6|3,2,2,2,sha3,10,,,,0,3-6,0.012674,0.019006,0.188222
203,1,0.409603,0.086897,0.401242,197,sha3,pair=UAV6<->UAV4; config=HighNoise,0.0,0.086897,0.255568,0.0,0.0,0.145673,HighNoise,HighNoise-2-20260809-23:07:27-359440,6,4,HighNoise-2-20260809-23:07:27-359440|phase3|6|4,2,2,2,sha3,10,,,,0,4-6,0.012886,0.018877,0.200556
204,1,0.351657,0.087017,0.387366,197,sha3,pair=UAV6<->UAV5; config=HighNoise,0.0,0.087017,0.245613,0.0,0.0,0.141753,HighNoise,HighNoise-2-20260809-23:07:27-359440,6,5,HighNoise-2-20260809-23:07:27-359440|phase3|6|5,2,2,2,sha3,10,,,,0,5-6,0.012584,0.018736,0.18758
205,1,0.458526,0.228057,0.223214,197,sha3,pair=UAV6<->UAV7; config=HighNoise,0.085123,0.0,0.0,0.142934,0.223214,0.0,HighNoise,HighNoise-2-20260809-23:07:27-359440,6,7,HighNoise-2-20260809-23:07:27-359440|phase3|6|7,2,2,2,sha3,10,,,,1,6-7,0.013086,0.019759,0.188762
206,1,0.454082,0.234059,0.208033,197,sha3,pair=UAV6<->UAV8; config=HighNoise,0.081426,0.0,0.0,0.152633,0.208033,0.0,HighNoise,HighNoise-2-20260809-23:07:27-359440,6,8,HighNoise-2-20260809-23:07:27-359440|phase3|6|8,2,2,2,sha3,10,,,,1,6-8,0.012754,0.019117,0.196868
207,1,0.478416,0.225453,0.214737,197,sha3,pair=UAV6<->UAV9; config=HighNoise,0.081787,0.0,0.0,0.143666,0.214737,0.0,HighNoise,HighNoise-2-20260809-23:07:27-359440,6,9,HighNoise-2-20260809-23:07:27-359440|phase3|6|9,2,2,2,sha3,10,,,,1,6-9,0.012754,0.018877,0.187981
208,1,0.380508,0.087097,0.417985,197,sha3,pair=UAV7<->UAV0; config=HighNoise,0.0,0.087097,0.245616,0.0,0.0,0.172369,HighNoise,HighNoise-2-20260809-23:07:27-359440,7,0,HighNoise-2-20260809-23:07:27-359440|phase3|7|0,2,2,2,sha3,10,,,,0,0-7,0.012533,0.018576,0.187581
209,1,0.367914,0.086375,0.389567,197,sha3,pair=UAV7<->UAV1; config=HighNoise,0.0,0.086375,0.248718,0.0,0.0,0.14085,HighNoise,HighNoise-2-20260809-23:07:27-359440,7,1,HighNoise-2-20260809-23:07:27-359440|phase3|7|1,2,2,2,sha3,10,,,,0,1-7,0.012444,0.018988,0.195596
210,1,0.381613,0.086576,0.379791,197,sha3,pair=UAV7<->UAV3; config=HighNoise,0.0,0.086576,0.241131,0.0,0.0,0.13866,HighNoise,HighNoise-2-20260809-23:07:27-359440,7,3,HighNoise-2-20260809-23:07:27-359440|phase3|7|3,2,2,2,sha3,10,,,,0,3-7,0.012415,0.018907,0.188812
211,1,0.387787,0.10393,0.395753,197,sha3,pair=UAV7<->UAV4; config=HighNoise,0.0,0.10393,0.256038,0.0,0.0,0.139715,HighNoise,HighNoise-2-20260809-23:07:27-359440,7,4,HighNoise-2-20260809-23:07:27-359440|phase3|7|4,2,2,2,sha3,10,,,,0,4-7,0.012845,0.029095,0.190175
212,1,0.380675,0.087538,0.389284,197,sha3,pair=UAV7<->UAV5; config=HighNoise,0.0,0.087538,0.240243,0.0,0.0,0.149041,HighNoise,HighNoise-2-20260809-23:07:27-359440,7,5,HighNoise-2-20260809-23:07:27-359440|phase3|7|5,2,2,2,sha3,10,,,,0,5-7,0.012655,0.019106,0.188472
213,1,0.364439,0.086967,0.376538,197,sha3,pair=UAV7<->UAV6; config=HighNoise,0.0,0.086967,0.235312,0.0,0.0,0.141226,HighNoise,HighNoise-2-20260809-23:07:27-359440,7,6,HighNoise-2-20260809-23:07:27-359440|phase3|7|6,2,2,2,sha3,10,,,,0,6-7,0.012793,0.018756,0.18783
214,1,0.448549,0.254699,0.217808,197,sha3,pair=UAV7<->UAV8; config=HighNoise,0.111384,0.0,0.0,0.143315,0.217808,0.0,HighNoise,HighNoise-2-20260809-23:07:27-359440,7,8,HighNoise-2-20260809-23:07:27-359440|phase3|7|8,2,2,2,sha3,10,,,,1,7-8,0.013546,0.019227,0.214933
215,1,0.43712,0.226215,0.208896,197,sha3,pair=UAV7<->UAV9; config=HighNoise,0.08308,0.0,0.0,0.143135,0.208896,0.0,HighNoise,HighNoise-2-20260809-23:07:27-359440,7,9,HighNoise-2-20260809-23:07:27-359440|phase3|7|9,2,2,2,sha3,10,,,,1,7-9,0.012664,0.019278,0.188031
216,1,0.384442,0.087728,0.412761,197,sha3,pair=UAV8<->UAV0; config=HighNoise,0.0,0.087728,0.260326,0.0,0.0,0.152435,HighNoise,HighNoise-2-20260809-23:07:27-359440,8,0,HighNoise-2-20260809-23:07:27-359440|phase3|8|0,2,2,2,sha3,10,,,,0,0-8,0.012675,0.018475,0.188511
217,1,0.340812,0.089592,0.362809,197,sha3,pair=UAV8<->UAV1; config=HighNoise,0.0,0.089592,0.227986,0.0,0.0,0.134822,HighNoise,HighNoise-2-20260809-23:07:27-359440,8,1,HighNoise-2-20260809-23:07:27-359440|phase3|8|1,2,2,2,sha3,10,,,,0,1-8,0.013036,0.019337,0.189093
218,1,0.358323,0.087077,0.386673,197,sha3,pair=UAV8<->UAV3; config=HighNoise,0.0,0.087077,0.239865,0.0,0.0,0.146808,HighNoise,HighNoise-2-20260809-23:07:27-359440,8,3,HighNoise-2-20260809-23:07:27-359440|phase3|8|3,2,2,2,sha3,10,,,,0,3-8,0.012584,0.018446,0.187449
219,1,0.391487,0.085815,0.421704,197,sha3,pair=UAV8<->UAV4; config=HighNoise,0.0,0.085815,0.24741,0.0,0.0,0.174293,HighNoise,HighNoise-2-20260809-23:07:27-359440,8,4,HighNoise-2-20260809-23:07:27-359440|phase3|8|4,2,2,2,sha3,10,,,,0,4-8,0.012515,0.018696,0.18744
220,1,0.401334,0.09881,0.398898,197,sha3,pair=UAV8<->UAV5; config=HighNoise,0.0,0.09881,0.241611,0.0,0.0,0.157287,HighNoise,HighNoise-2-20260809-23:07:27-359440,8,5,HighNoise-2-20260809-23:07:27-359440|phase3|8|5,2,2,2,sha3,10,,,,0,5-8,0.012723,0.018555,0.199773
221,1,0.342618,0.086737,0.380633,197,sha3,pair=UAV8<->UAV6; config=HighNoise,0.0,0.086737,0.246048,0.0,0.0,0.134585,HighNoise,HighNoise-2-20260809-23:07:27-359440,8,6,HighNoise-2-20260809-23:07:27-359440|phase3|8|6,2,2,2,sha3,10,,,,0,6-8,0.012485,0.018496,0.18754
222,1,0.356997,0.086456,0.369931,197,sha3,pair=UAV8<->UAV7; config=HighNoise,0.0,0.086456,0.230741,0.0,0.0,0.13919,HighNoise,HighNoise-2-20260809-23:07:27-359440,8,7,HighNoise-2-20260809-23:07:27-359440|phase3|8|7,2,2,2,sha3,10,,,,0,7-8,0.012585,0.018585,0.188391
223,1,0.494054,0.225773,0.234517,197,sha3,pair=UAV8<->UAV9; config=HighNoise,0.082819,0.0,0.0,0.142954,0.234517,0.0,HighNoise,HighNoise-2-20260809-23:07:27-359440,8,9,HighNoise-2-20260809-23:07:27-359440|phase3|8|9,2,2,2,sha3,10,,,,1,8-9,0.013165,0.018956,0.187991
224,1,0.368793,0.086727,0.391863,197,sha3,pair=UAV9<->UAV0; config=HighNoise,0.0,0.086727,0.245492,0.0,0.0,0.146371,HighNoise,HighNoise-2-20260809-23:07:27-359440,9,0,HighNoise-2-20260809-23:07:27-359440|phase3|9|0,2,2,2,sha3,10,,,,0,0-9,0.012605,0.018586,0.18738
225,1,0.399622,0.087769,0.432863,197,sha3,pair=UAV9<->UAV1; config=HighNoise,0.0,0.087769,0.266634,0.0,0.0,0.166229,HighNoise,HighNoise-2-20260809-23:07:27-359440,9,1,HighNoise-2-20260809-23:07:27-359440|phase3|9|1,2,2,2,sha3,10,,,,0,1-9,0.013366,0.018967,0.187981
226,1,0.410083,0.087237,0.420277,197,sha3,pair=UAV9<->UAV3; config=HighNoise,0.0,0.087237,0.244447,0.0,0.0,0.17583,HighNoise,HighNoise-2-20260809-23:07:27-359440,9,3,HighNoise-2-20260809-23:07:27-359440|phase3|9|3,2,2,2,sha3,10,,,,0,3-9,0.012554,0.018706,0.189054
227,1,0.366188,0.086797,0.407272,197,sha3,pair=UAV9<->UAV4; config=HighNoise,0.0,0.086797,0.265451,0.0,0.0,0.141821,HighNoise,HighNoise-2-20260809-23:07:27-359440,9,4,HighNoise-2-20260809-23:07:27-359440|phase3|9|4,2,2,2,sha3,10,,,,0,4-9,0.012736,0.018646,0.18753
228,1,0.358755,0.092728,0.377571,197,sha3,pair=UAV9<->UAV5; config=HighNoise,0.0,0.092728,0.227658,0.0,0.0,0.149913,HighNoise,HighNoise-2-20260809-23:07:27-359440,9,5,HighNoise-2-20260809-23:07:27-359440|phase3|9|5,2,2,2,sha3,10,,,,0,5-9,0.013527,0.019116,0.188852
229,1,0.383554,0.087478,0.432496,197,sha3,pair=UAV9<->UAV6; config=HighNoise,0.0,0.087478,0.263679,0.0,0.0,0.168817,HighNoise,HighNoise-2-20260809-23:07:27-359440,9,6,HighNoise-2-20260809-23:07:27-359440|phase3|9|6,2,2,2,sha3,10,,,,0,6-9,0.012554,0.018916,0.188221
230,1,0.353325,0.087879,0.372652,197,sha3,pair=UAV9<->UAV7; config=HighNoise,0.0,0.087879,0.228224,0.0,0.0,0.144428,HighNoise,HighNoise-2-20260809-23:07:27-359440,9,7,HighNoise-2-20260809-23:07:27-359440|phase3|9|7,2,2,2,sha3,10,,,,0,7-9,0.013867,0.018756,0.188683
231,1,0.38445,0.086376,0.40947,197,sha3,pair=UAV9<->UAV8; config=HighNoise,0.0,0.086376,0.259537,0.0,0.0,0.149933,HighNoise,HighNoise-2-20260809-23:07:27-359440,9,8,HighNoise-2-20260809-23:07:27-359440|phase3|9|8,2,2,2,sha3,10,,,,0,8-9,0.012473,0.018556,0.188623
232,1,0.459232,0.2125,0.224491,197,sha3,pair=UAV0<->UAV1; config=HighNoise,0.079303,0.0,0.0,0.133197,0.224491,0.0,HighNoise,HighNoise-3-20260809-23:07:28-359440,0,1,HighNoise-3-20260809-23:07:28-359440|phase3|0|1,3,3,3,sha3,10,,,,1,0-1,0.012165,0.017704,0.176801
233,1,0.455069,0.210656,0.208707,197,sha3,pair=UAV0<->UAV2; config=HighNoise,0.077469,0.0,0.0,0.133187,0.208707,0.0,HighNoise,HighNoise-3-20260809-23:07:28-359440,0,2,HighNoise-3-20260809-23:07:28-359440|phase3|0|2,3,3,3,sha3,10,,,,1,0-2,0.012032,0.017384,0.175147
234,0,0.076397,0.076397,0.0,95,sha3,pair=UAV0<->UAV3; config=HighNoise,0.076397,0.0,0.0,0.0,0.0,0.0,HighNoise,HighNoise-3-20260809-23:07:28-359440,0,3,HighNoise-3-20260809-23:07:28-359440|phase3|0|3,3,3,3,sha3,10,,,,1,0-3,0.004088,0.008216,0.060917
235,1,0.441954,0.209915,0.211461,197,sha3,pair=UAV0<->UAV4; config=HighNoise,0.076628,0.0,0.0,0.133287,0.211461,0.0,HighNoise,HighNoise-3-20260809-23:07:28-359440,0,4,HighNoise-3-20260809-23:07:28-359440|phase3|0|4,3,3,3,sha3,10,,,,1,0-4,0.011914,0.017464,0.174566
236,1,0.469055,0.209183,0.229074,197,sha3,pair=UAV0<->UAV5; config=HighNoise,0.075756,0.0,0.0,0.133427,0.229074,0.0,HighNoise,HighNoise-3-20260809-23:07:28-359440,0,5,HighNoise-3-20260809-23:07:28-359440|phase3|0|5,3,3,3,sha3,10,,,,1,0-5,0.012074,0.017322,0.175138
237,0,0.076367,0.076367,0.0,95,sha3,pair=UAV0<->UAV6; config=HighNoise,0.076367,0.0,0.0,0.0,0.0,0.0,HighNoise,HighNoise-3-20260809-23:07:28-359440,0,6,HighNoise-3-20260809-23:07:28-359440|phase3|0|6,3,3,3,sha3,10,,,,1,0-6,0.003968,0.008175,0.060847
238,1,0.446957,0.209293,0.211495,197,sha3,pair=UAV0<->UAV7; config=HighNoise,0.075516,0.0,0.0,0.133777,0.211495,0.0,HighNoise,HighNoise-3-20260809-23:07:28-359440,0,7,HighNoise-3-20260809-23:07:28-359440|phase3|0|7,3,3,3,sha3,10,,,,1,0-7,0.011944,0.017284,0.175728
239,1,0.461684,0.210555,0.219711,197,sha3,pair=UAV0<->UAV8; config=HighNoise,0.077028,0.0,0.0,0.133527,0.219711,0.0,HighNoise,HighNoise-3-20260809-23:07:28-359440,0,8,HighNoise-3-20260809-23:07:28-359440|phase3|0|8,3,3,3,sha3,10,,,,1,0-8,0.012064,0.017223,0.175408
240,1,0.43676,0.212149,0.206955,197,sha3,pair=UAV0<->UAV9; config=HighNoise,0.075455,0.0,0.0,0.136694,0.206955,0.0,HighNoise,HighNoise-3-20260809-23:07:28-359440,0,9,HighNoise-3-20260809-23:07:28-359440|phase3|0|9,3,3,3,sha3,10,,,,1,0-9,0.012043,0.018025,0.17674
241,1,0.40145,0.088561,0.4117,197,sha3,pair=UAV1<->UAV0; config=HighNoise,0.0,0.088561,0.234741,0.0,0.0,0.176959,HighNoise,HighNoise-3-20260809-23:07:28-359440,1,0,HighNoise-3-20260809-23:07:28-359440|phase3|1|0,3,3,3,sha3,10,,,,0,0-1,0.012013,0.022914,0.17667
242,1,0.4764,0.237327,0.226367,197,sha3,pair=UAV1<->UAV2; config=HighNoise,0.076267,0.0,0.0,0.16106,0.226367,0.0,HighNoise,HighNoise-3-20260809-23:07:28-359440,1,2,HighNoise-3-20260809-23:07:28-359440|phase3|1|2,3,3,3,sha3,10,,,,1,1-2,0.012044,0.027582,0.190888
243,0,0.102096,0.102096,0.0,95,sha3,pair=UAV1<->UAV3; config=HighNoise,0.102096,0.0,0.0,0.0,0.0,0.0,HighNoise,HighNoise-3-20260809-23:07:28-359440,1,3,HighNoise-3-20260809-23:07:28-359440|phase3|1|3,3,3,3,sha3,10,,,,1,1-3,0.006172,0.008055,0.08293
244,1,0.455215,0.210175,0.223079,197,sha3,pair=UAV1<->UAV4; config=HighNoise,0.076197,0.0,0.0,0.133978,0.223079,0.0,HighNoise,HighNoise-3-20260809-23:07:28-359440,1,4,HighNoise-3-20260809-23:07:28-359440|phase3|1|4,3,3,3,sha3,10,,,,1,1-4,0.012043,0.017883,0.175677
245,1,0.4743,0.210005,0.24289,197,sha3,pair=UAV1<->UAV5; config=HighNoise,0.076698,0.0,0.0,0.133307,0.24289,0.0,HighNoise,HighNoise-3-20260809-23:07:28-359440,1,5,HighNoise-3-20260809-23:07:28-359440|phase3|1|5,3,3,3,sha3,10,,,,1,1-5,0.012254,0.017324,0.174987
246,0,0.076337,0.076337,0.0,95,sha3,pair=UAV1<->UAV6; config=HighNoise,0.076337,0.0,0.0,0.0,0.0,0.0,HighNoise,HighNoise-3-20260809-23:07:28-359440,1,6,HighNoise-3-20260809-23:07:28-359440|phase3|1|6,3,3,3,sha3,10,,,,1,1-6,0.004058,0.008005,0.060968
247,1,0.458141,0.210135,0.225915,197,sha3,pair=UAV1<->UAV7; config=HighNoise,0.076347,0.0,0.0,0.133788,0.225915,0.0,HighNoise,HighNoise-3-20260809-23:07:28-359440,1,7,HighNoise-3-20260809-23:07:28-359440|phase3|1|7,3,3,3,sha3,10,,,,1,1-7,0.011892,0.017434,0.175548
248,1,0.474486,0.208691,0.211553,197,sha3,pair=UAV1<->UAV8; config=HighNoise,0.075625,0.0,0.0,0.133066,0.211553,0.0,HighNoise,HighNoise-3-20260809-23:07:28-359440,1,8,HighNoise-3-20260809-23:07:28-359440|phase3|1|8,3,3,3,sha3,10,,,,1,1-8,0.011914,0.017223,0.175057
249,1,0.495753,0.254409,0.244892,197,sha3,pair=UAV1<->UAV9; config=HighNoise,0.077328,0.0,0.0,0.177081,0.244892,0.0,HighNoise,HighNoise-3-20260809-23:07:28-359440,1,9,HighNoise-3-20260809-23:07:28-359440|phase3|1|9,3,3,3,sha3,10,,,,1,1-9,0.018506,0.020619,0.20794
250,1,0.343346,0.092488,0.381001,197,sha3,pair=UAV2<->UAV0; config=HighNoise,0.0,0.092488,0.246362,0.0,0.0,0.134639,HighNoise,HighNoise-3-20260809-23:07:28-359440,2,0,HighNoise-3-20260809-23:07:28-359440|phase3|2|0,3,3,3,sha3,10,,,,0,0-2,0.012113,0.017334,0.186509
251,1,0.365966,0.081506,0.389631,197,sha3,pair=UAV2<->UAV1; config=HighNoise,0.0,0.081506,0.250033,0.0,0.0,0.139599,HighNoise,HighNoise-3-20260809-23:07:28-359440,2,1,HighNoise-3-20260809-23:07:28-359440|phase3|2|1,3,3,3,sha3,10,,,,0,1-2,0.011762,0.017613,0.175558
252,0,0.076287,0.076287,0.0,95,sha3,pair=UAV2<->UAV3; config=HighNoise,0.076287,0.0,0.0,0.0,0.0,0.0,HighNoise,HighNoise-3-20260809-23:07:28-359440,2,3,HighNoise-3-20260809-23:07:28-359440|phase3|2|3,3,3,3,sha3,10,,,,1,2-3,0.004379,0.008116,0.060987
253,1,0.462342,0.219492,0.219733,197,sha3,pair=UAV2<->UAV4; config=HighNoise,0.076196,0.0,0.0,0.143296,0.219733,0.0,HighNoise,HighNoise-3-20260809-23:07:28-359440,2,4,HighNoise-3-20260809-23:07:28-359440|phase3|2|4,3,3,3,sha3,10,,,,1,2-4,0.011854,0.017654,0.184816
254,1,0.449978,0.210505,0.219881,197,sha3,pair=UAV2<->UAV5; config=HighNoise,0.076798,0.0,0.0,0.133707,0.219881,0.0,HighNoise,HighNoise-3-20260809-23:07:28-359440,2,5,HighNoise-3-20260809-23:07:28-359440|phase3|2|5,3,3,3,sha3,10,,,,1,2-5,0.012063,0.017314,0.175538
255,0,0.076347,0.076347,0.0,95,sha3,pair=UAV2<->UAV6; config=HighNoise,0.076347,0.0,0.0,0.0,0.0,0.0,HighNoise,HighNoise-3-20260809-23:07:28-359440,2,6,HighNoise-3-20260809-23:07:28-359440|phase3|2|6,3,3,3,sha3,10,,,,1,2-6,0.003947,0.007995,0.060857
256,1,0.451085,0.209422,0.210154,197,sha3,pair=UAV2<->UAV7; config=HighNoise,0.075595,0.0,0.0,0.133827,0.210154,0.0,HighNoise,HighNoise-3-20260809-23:07:28-359440,2,7,HighNoise-3-20260809-23:07:28-359440|phase3|2|7,3,3,3,sha3,10,,,,1,2-7,0.011752,0.017213,0.17609
257,1,0.458179,0.220756,0.226712,197,sha3,pair=UAV2<->UAV8; config=HighNoise,0.087339,0.0,0.0,0.133417,0.226712,0.0,HighNoise,HighNoise-3-20260809-23:07:28-359440,2,8,HighNoise-3-20260809-23:07:28-359440|phase3|2|8,3,3,3,sha3,10,,,,1,2-8,0.012304,0.017383,0.185236
258,1,0.444657,0.222488,0.214481,197,sha3,pair=UAV2<->UAV9; config=HighNoise,0.079212,0.0,0.0,0.143276,0.214481,0.0,HighNoise,HighNoise-3-20260809-23:07:28-359440,2,9,HighNoise-3-20260809-23:07:28-359440|phase3|2|9,3,3,3,sha3,10,,,,1,2-9,0.011984,0.020429,0.175407
259,0,0.249778,0.0,0.249778,95,sha3,pair=UAV3<->UAV0; config=HighNoise,0.0,0.0,0.249778,0.0,0.0,0.0,HighNoise,HighNoise-3-20260809-23:07:28-359440,3,0,HighNoise-3-20260809-23:07:28-359440|phase3|3|0,3,3,3,sha3,10,,,,0,0-3,0.0,0.0,0.0
260,0,0.227804,0.0,0.227804,95,sha3,pair=UAV3<->UAV1; config=HighNoise,0.0,0.0,0.227804,0.0,0.0,0.0,HighNoise,HighNoise-3-20260809-23:07:28-359440,3,1,HighNoise-3-20260809-23:07:28-359440|phase3|3|1,3,3,3,sha3,10,,,,0,1-3,0.0,0.0,0.0
261,0,0.231932,0.0,0.231932,95,sha3,pair=UAV3<->UAV2; config=HighNoise,0.0,0.0,0.231932,0.0,0.0,0.0,HighNoise,HighNoise-3-20260809-23:07:28-359440,3,2,HighNoise-3-20260809-23:07:28-359440|phase3|3|2,3,3,3,sha3,10,,,,0,2-3,0.0,0.0,0.0
262,1,0.347611,0.081346,0.366644,197,sha3,pair=UAV4<->UAV0; config=HighNoise,0.0,0.081346,0.230493,0.0,0.0,0.136151,HighNoise,HighNoise-3-20260809-23:07:28-359440,4,0,HighNoise-3-20260809-23:07:28-359440|phase3|4|0,3,3,3,sha3,10,,,,0,0-4,0.011823,0.017464,0.175117
263,1,0.36774,0.080656,0.376797,197,sha3,pair=UAV4<->UAV1; config=HighNoise,0.0,0.080656,0.232136,0.0,0.0,0.144661,HighNoise,HighNoise-3-20260809-23:07:28-359440,4,1,HighNoise-3-20260809-23:07:28-359440|phase3|4|1,3,3,3,sha3,10,,,,0,1-4,0.012344,0.017503,0.175669
264,1,0.377851,0.081347,0.400727,197,sha3,pair=UAV4<->UAV2; config=HighNoise,0.0,0.081347,0.242609,0.0,0.0,0.158118,HighNoise,HighNoise-3-20260809-23:07:28-359440,4,2,HighNoise-3-20260809-23:07:28-359440|phase3|4|2,3,3,3,sha3,10,,,,0,2-4,0.011793,0.017334,0.175268
265,1,0.472617,0.209712,0.235811,197,sha3,pair=UAV4<->UAV5; config=HighNoise,0.075805,0.0,0.0,0.133907,0.235811,0.0,HighNoise,HighNoise-3-20260809-23:07:28-359440,4,5,HighNoise-3-20260809-23:07:28-359440|phase3|4|5,3,3,3,sha3,10,,,,1,4-5,0.012073,0.017413,0.175958
266,0,0.076237,0.076237,0.0,95,sha3,pair=UAV4<->UAV6; config=HighNoise,0.076237,0.0,0.0,0.0,0.0,0.0,HighNoise,HighNoise-3-20260809-23:07:28-359440,4,6,HighNoise-3-20260809-23:07:28-359440|phase3|4|6,3,3,3,sha3,10,,,,1,4-6,0.004037,0.008076,0.060888
267,1,0.446015,0.208691,0.208427,197,sha3,pair=UAV4<->UAV7; config=HighNoise,0.075204,0.0,0.0,0.133487,0.208427,0.0,HighNoise,HighNoise-3-20260809-23:07:28-359440,4,7,HighNoise-3-20260809-23:07:28-359440|phase3|4|7,3,3,3,sha3,10,,,,1,4-7,0.011993,0.017233,0.175167
268,1,0.455657,0.217759,0.216489,197,sha3,pair=UAV4<->UAV8; config=HighNoise,0.075796,0.0,0.0,0.141963,0.216489,0.0,HighNoise,HighNoise-3-20260809-23:07:28-359440,4,8,HighNoise-3-20260809-23:07:28-359440|phase3|4|8,3,3,3,sha3,10,,,,1,4-8,0.011801,0.017714,0.183414
269,1,0.521976,0.209333,0.247633,197,sha3,pair=UAV4<->UAV9; config=HighNoise,0.075325,0.0,0.0,0.134008,0.247633,0.0,HighNoise,HighNoise-3-20260809-23:07:28-359440,4,9,HighNoise-3-20260809-23:07:28-359440|phase3|4|9,3,3,3,sha3,10,,,,1,4-9,0.011944,0.017394,0.175277
270,1,0.372354,0.081276,0.38326,197,sha3,pair=UAV5<->UAV0; config=HighNoise,0.0,0.081276,0.239981,0.0,0.0,0.143279,HighNoise,HighNoise-3-20260809-23:07:28-359440,5,0,HighNoise-3-20260809-23:07:28-359440|phase3|5|0,3,3,3,sha3,10,,,,0,0-5,0.011743,0.017474,0.175198
271,1,0.381603,0.081527,0.370123,197,sha3,pair=UAV5<->UAV1; config=HighNoise,0.0,0.081527,0.23141,0.0,0.0,0.138713,HighNoise,HighNoise-3-20260809-23:07:28-359440,5,1,HighNoise-3-20260809-23:07:28-359440|phase3|5|1,3,3,3,sha3,10,,,,0,1-5,0.011753,0.017503,0.175127
272,1,0.374134,0.080826,0.38435,197,sha3,pair=UAV5<->UAV2; config=HighNoise,0.0,0.080826,0.230097,0.0,0.0,0.154253,HighNoise,HighNoise-3-20260809-23:07:28-359440,5,2,HighNoise-3-20260809-23:07:28-359440|phase3|5|2,3,3,3,sha3,10,,,,0,2-5,0.011963,0.017404,0.18123
273,1,0.391974,0.080615,0.392969,197,sha3,pair=UAV5<->UAV4; config=HighNoise,0.0,0.080615,0.236806,0.0,0.0,0.156163,HighNoise,HighNoise-3-20260809-23:07:28-359440,5,4,HighNoise-3-20260809-23:07:28-359440|phase3|5|4,3,3,3,sha3,10,,,,0,4-5,0.011703,0.017443,0.175277
274,0,0.075556,0.075556,0.0,95,sha3,pair=UAV5<->UAV6; config=HighNoise,0.075556,0.0,0.0,0.0,0.0,0.0,HighNoise,HighNoise-3-20260809-23:07:28-359440,5,6,HighNoise-3-20260809-23:07:28-359440|phase3|5|6,3,3,3,sha3,10,,,,1,5-6,0.004068,0.008105,0.061057
275,1,0.46062,0.209543,0.227734,197,sha3,pair=UAV5<->UAV7; config=HighNoise,0.076387,0.0,0.0,0.133156,0.227734,0.0,HighNoise,HighNoise-3-20260809-23:07:28-359440,5,7,HighNoise-3-20260809-23:07:28-359440|phase3|5|7,3,3,3,sha3,10,,,,1,5-7,0.011874,0.017283,0.175117
276,1,0.45747,0.209413,0.226448,197,sha3,pair=UAV5<->UAV8; config=HighNoise,0.075636,0.0,0.0,0.133777,0.226448,0.0,HighNoise,HighNoise-3-20260809-23:07:28-359440,5,8,HighNoise-3-20260809-23:07:28-359440|phase3|5|8,3,3,3,sha3,10,,,,1,5-8,0.012043,0.017363,0.175759
277,1,0.500108,0.217058,0.247594,197,sha3,pair=UAV5<->UAV9; config=HighNoise,0.076397,0.0,0.0,0.140661,0.247594,0.0,HighNoise,HighNoise-3-20260809-23:07:28-359440,5,9,HighNoise-3-20260809-23:07:28-359440|phase3|5|9,3,3,3,sha3,10,,,,1,5-9,0.012453,0.017745,0.180918
278,0,0.257005,0.0,0.257005,95,sha3,pair=UAV6<->UAV0; config=HighNoise,0.0,0.0,0.257005,0.0,0.0,0.0,HighNoise,HighNoise-3-20260809-23:07:28-359440,6,0,HighNoise-3-20260809-23:07:28-359440|phase3|6|0,3,3,3,sha3,10,,,,0,0-6,0.0,0.0,0.0
279,0,0.238039,0.0,0.238039,95,sha3,pair=UAV6<->UAV1; config=HighNoise,0.0,0.0,0.238039,0.0,0.0,0.0,HighNoise,HighNoise-3-20260809-23:07:28-359440,6,1,HighNoise-3-20260809-23:07:28-359440|phase3|6|1,3,3,3,sha3,10,,,,0,1-6,0.0,0.0,0.0
280,0,0.228855,0.0,0.228855,95,sha3,pair=UAV6<->UAV2; config=HighNoise,0.0,0.0,0.228855,0.0,0.0,0.0,HighNoise,HighNoise-3-20260809-23:07:28-359440,6,2,HighNoise-3-20260809-23:07:28-359440|phase3|6|2,3,3,3,sha3,10,,,,0,2-6,0.0,0.0,0.0
281,0,0.230082,0.0,0.230082,95,sha3,pair=UAV6<->UAV4; config=HighNoise,0.0,0.0,0.230082,0.0,0.0,0.0,HighNoise,HighNoise-3-20260809-23:07:28-359440,6,4,HighNoise-3-20260809-23:07:28-359440|phase3|6|4,3,3,3,sha3,10,,,,0,4-6,0.0,0.0,0.0
282,0,0.243876,0.0,0.243876,95,sha3,pair=UAV6<->UAV5; config=HighNoise,0.0,0.0,0.243876,0.0,0.0,0.0,HighNoise,HighNoise-3-20260809-23:07:28-359440,6,5,HighNoise-3-20260809-23:07:28-359440|phase3|6|5,3,3,3,sha3,10,,,,0,5-6,0.0,0.0,0.0
283,1,0.363456,0.080535,0.387422,197,sha3,pair=UAV7<->UAV0; config=HighNoise,0.0,0.080535,0.235462,0.0,0.0,0.151961,HighNoise,HighNoise-3-20260809-23:07:28-359440,7,0,HighNoise-3-20260809-23:07:28-359440|phase3|7|0,3,3,3,sha3,10,,,,0,0-7,0.011572,0.017383,0.175457
284,1,0.360718,0.080124,0.36703,197,sha3,pair=UAV7<->UAV1; config=HighNoise,0.0,0.080124,0.232226,0.0,0.0,0.134803,HighNoise,HighNoise-3-20260809-23:07:28-359440,7,1,HighNoise-3-20260809-23:07:28-359440|phase3|7|1,3,3,3,sha3,10,,,,0,1-7,0.011643,0.017242,0.175137
285,1,0.361474,0.081306,0.392252,197,sha3,pair=UAV7<->UAV2; config=HighNoise,0.0,0.081306,0.240931,0.0,0.0,0.151321,HighNoise,HighNoise-3-20260809-23:07:28-359440,7,2,HighNoise-3-20260809-23:07:28-359440|phase3|7|2,3,3,3,sha3,10,,,,0,2-7,0.011813,0.017403,0.175157
286,1,0.349133,0.083791,0.378294,197,sha3,pair=UAV7<->UAV4; config=HighNoise,0.0,0.083791,0.237589,0.0,0.0,0.140706,HighNoise,HighNoise-3-20260809-23:07:28-359440,7,4,HighNoise-3-20260809-23:07:28-359440|phase3|7|4,3,3,3,sha3,10,,,,0,4-7,0.011982,0.017885,0.195767
287,1,0.400369,0.102067,0.405521,197,sha3,pair=UAV7<->UAV5; config=HighNoise,0.0,0.102067,0.232886,0.0,0.0,0.172635,HighNoise,HighNoise-3-20260809-23:07:28-359440,7,5,HighNoise-3-20260809-23:07:28-359440|phase3|7|5,3,3,3,sha3,10,,,,0,5-7,0.015089,0.017414,0.182831
288,1,0.464648,0.209334,0.211252,197,sha3,pair=UAV7<->UAV8; config=HighNoise,0.075616,0.0,0.0,0.133718,0.211252,0.0,HighNoise,HighNoise-3-20260809-23:07:28-359440,7,8,HighNoise-3-20260809-23:07:28-359440|phase3|7|8,3,3,3,sha3,10,,,,1,7-8,0.011961,0.017433,0.175679
289,1,0.445228,0.221436,0.214358,197,sha3,pair=UAV7<->UAV9; config=HighNoise,0.086887,0.0,0.0,0.134549,0.214358,0.0,HighNoise,HighNoise-3-20260809-23:07:28-359440,7,9,HighNoise-3-20260809-23:07:28-359440|phase3|7|9,3,3,3,sha3,10,,,,1,7-9,0.012143,0.018024,0.186119
290,1,0.375329,0.080274,0.397591,197,sha3,pair=UAV8<->UAV0; config=HighNoise,0.0,0.080274,0.241973,0.0,0.0,0.155618,HighNoise,HighNoise-3-20260809-23:07:28-359440,8,0,HighNoise-3-20260809-23:07:28-359440|phase3|8|0,3,3,3,sha3,10,,,,0,0-8,0.011743,0.017853,0.188383
291,1,0.34956,0.080585,0.40094,197,sha3,pair=UAV8<->UAV1; config=HighNoise,0.0,0.080585,0.262933,0.0,0.0,0.138007,HighNoise,HighNoise-3-20260809-23:07:28-359440,8,1,HighNoise-3-20260809-23:07:28-359440|phase3|8|1,3,3,3,sha3,10,,,,0,1-8,0.011643,0.017384,0.175117
292,1,0.372217,0.080154,0.376971,197,sha3,pair=UAV8<->UAV2; config=HighNoise,0.0,0.080154,0.231466,0.0,0.0,0.145504,HighNoise,HighNoise-3-20260809-23:07:28-359440,8,2,HighNoise-3-20260809-23:07:28-359440|phase3|8|2,3,3,3,sha3,10,,,,0,2-8,0.011672,0.017584,0.184365
293,1,0.352846,0.081116,0.375524,197,sha3,pair=UAV8<->UAV4; config=HighNoise,0.0,0.081116,0.239168,0.0,0.0,0.136357,HighNoise,HighNoise-3-20260809-23:07:28-359440,8,4,HighNoise-3-20260809-23:07:28-359440|phase3|8|4,3,3,3,sha3,10,,,,0,4-8,0.011894,0.017404,0.175287
294,1,0.387131,0.081627,0.391706,197,sha3,pair=UAV8<->UAV5; config=HighNoise,0.0,0.081627,0.231022,0.0,0.0,0.160683,HighNoise,HighNoise-3-20260809-23:07:28-359440,8,5,HighNoise-3-20260809-23:07:28-359440|phase3|8|5,3,3,3,sha3,10,,,,0,5-8,0.011602,0.017713,0.175357
295,1,0.351252,0.080866,0.393394,197,sha3,pair=UAV8<->UAV7; config=HighNoise,0.0,0.080866,0.253395,0.0,0.0,0.139999,HighNoise,HighNoise-3-20260809-23:07:28-359440,8,7,HighNoise-3-20260809-23:07:28-359440|phase3|8|7,3,3,3,sha3,10,,,,0,7-8,0.011742,0.017363,0.17657
296,1,0.468072,0.210305,0.223077,197,sha3,pair=UAV8<->UAV9; config=HighNoise,0.076768,0.0,0.0,0.133537,0.223077,0.0,HighNoise,HighNoise-3-20260809-23:07:28-359440,8,9,HighNoise-3-20260809-23:07:28-359440|phase3|8|9,3,3,3,sha3,10,,,,1,8-9,0.012004,0.017814,0.175908
297,1,0.347524,0.08337,0.370374,197,sha3,pair=UAV9<->UAV0; config=HighNoise,0.0,0.08337,0.229805,0.0,0.0,0.140569,HighNoise,HighNoise-3-20260809-23:07:28-359440,9,0,HighNoise-3-20260809-23:07:28-359440|phase3|9|0,3,3,3,sha3,10,,,,0,0-9,0.012475,0.017554,0.17621
298,1,0.40024,0.080635,0.406209,197,sha3,pair=UAV9<->UAV1; config=HighNoise,0.0,0.080635,0.250861,0.0,0.0,0.155348,HighNoise,HighNoise-3-20260809-23:07:28-359440,9,1,HighNoise-3-20260809-23:07:28-359440|phase3|9|1,3,3,3,sha3,10,,,,0,1-9,0.011704,0.017403,0.175658
299,1,0.373679,0.081056,0.389375,197,sha3,pair=UAV9<->UAV2; config=HighNoise,0.0,0.081056,0.230177,0.0,0.0,0.159199,HighNoise,HighNoise-3-20260809-23:07:28-359440,9,2,HighNoise-3-20260809-23:07:28-359440|phase3|9|2,3,3,3,sha3,10,,,,0,2-9,0.011763,0.017334,0.175508
300,1,0.404826,0.080365,0.431536,197,sha3,pair=UAV9<->UAV4; config=HighNoise,0.0,0.080365,0.274343,0.0,0.0,0.157193,HighNoise,HighNoise-3-20260809-23:07:28-359440,9,4,HighNoise-3-20260809-23:07:28-359440|phase3|9|4,3,3,3,sha3,10,,,,0,4-9,0.011652,0.017474,0.175237
301,1,0.384111,0.081166,0.389031,197,sha3,pair=UAV9<->UAV5; config=HighNoise,0.0,0.081166,0.252514,0.0,0.0,0.136517,HighNoise,HighNoise-3-20260809-23:07:28-359440,9,5,HighNoise-3-20260809-23:07:28-359440|phase3|9|5,3,3,3,sha3,10,,,,0,5-9,0.011613,0.017574,0.192651
302,1,0.352257,0.080264,0.368768,197,sha3,pair=UAV9<->UAV7; config=HighNoise,0.0,0.080264,0.23087,0.0,0.0,0.137898,HighNoise,HighNoise-3-20260809-23:07:28-359440,9,7,HighNoise-3-20260809-23:07:28-359440|phase3|9|7,3,3,3,sha3,10,,,,0,7-9,0.011713,0.017253,0.175178
303,1,0.383776,0.081076,0.405693,197,sha3,pair=UAV9<->UAV8; config=HighNoise,0.0,0.081076,0.244995,0.0,0.0,0.160698,HighNoise,HighNoise-3-20260809-23:07:28-359440,9,8,HighNoise-3-20260809-23:07:28-359440|phase3|9|8,3,3,3,sha3,10,,,,0,8-9,0.011762,0.017264,0.175127
304,1,0.502881,0.212621,0.229,197,sha3,pair=UAV0<->UAV1; config=HighNoise,0.079003,0.0,0.0,0.133618,0.229,0.0,HighNoise,HighNoise-4-20260809-23:07:29-359440,0,1,HighNoise-4-20260809-23:07:29-359440|phase3|0|1,4,4,4,sha3,10,,,,1,0-1,0.012395,0.018035,0.17624
305,1,0.439833,0.235575,0.210566,197,sha3,pair=UAV0<->UAV2; config=HighNoise,0.087349,0.0,0.0,0.148226,0.210566,0.0,HighNoise,HighNoise-4-20260809-23:07:29-359440,0,2,HighNoise-4-20260809-23:07:29-359440|phase3|0|2,4,4,4,sha3,10,,,,1,0-2,0.012984,0.018075,0.197883
306,1,0.491802,0.210177,0.244421,197,sha3,pair=UAV0<->UAV3; config=HighNoise,0.076919,0.0,0.0,0.133258,0.244421,0.0,HighNoise,HighNoise-4-20260809-23:07:29-359440,0,3,HighNoise-4-20260809-23:07:29-359440|phase3|0|3,4,4,4,sha3,10,,,,1,0-3,0.011993,0.017644,0.17568
307,1,0.451993,0.215758,0.218964,197,sha3,pair=UAV0<->UAV4; config=HighNoise,0.076969,0.0,0.0,0.138789,0.218964,0.0,HighNoise,HighNoise-4-20260809-23:07:29-359440,0,4,HighNoise-4-20260809-23:07:29-359440|phase3|0|4,4,4,4,sha3,10,,,,1,0-4,0.011953,0.019738,0.177334
308,1,0.475862,0.227761,0.226507,197,sha3,pair=UAV0<->UAV5; config=HighNoise,0.075977,0.0,0.0,0.151784,0.226507,0.0,HighNoise,HighNoise-4-20260809-23:07:29-359440,0,5,HighNoise-4-20260809-23:07:29-359440|phase3|0|5,4,4,4,sha3,10,,,,1,0-5,0.012184,0.018126,0.192313
309,1,0.469352,0.211659,0.215735,197,sha3,pair=UAV0<->UAV6; config=HighNoise,0.077149,0.0,0.0,0.13451,0.215735,0.0,HighNoise,HighNoise-4-20260809-23:07:29-359440,0,6,HighNoise-4-20260809-23:07:29-359440|phase3|0|6,4,4,4,sha3,10,,,,1,0-6,0.012043,0.017774,0.17565
310,0,0.075606,0.075606,0.0,95,sha3,pair=UAV0<->UAV7; config=HighNoise,0.075606,0.0,0.0,0.0,0.0,0.0,HighNoise,HighNoise-4-20260809-23:07:29-359440,0,7,HighNoise-4-20260809-23:07:29-359440|phase3|0|7,4,4,4,sha3,10,,,,1,0-7,0.004108,0.008055,0.060758
311,1,0.447116,0.210177,0.206978,197,sha3,pair=UAV0<->UAV8; config=HighNoise,0.076859,0.0,0.0,0.133318,0.206978,0.0,HighNoise,HighNoise-4-20260809-23:07:29-359440,0,8,HighNoise-4-20260809-23:07:29-359440|phase3|0|8,4,4,4,sha3,10,,,,1,0-8,0.011863,0.017694,0.175298
312,1,0.467628,0.269631,0.218173,197,sha3,pair=UAV0<->UAV9; config=HighNoise,0.076728,0.0,0.0,0.192903,0.218173,0.0,HighNoise,HighNoise-4-20260809-23:07:29-359440,0,9,HighNoise-4-20260809-23:07:29-359440|phase3|0|9,4,4,4,sha3,10,,,,1,0-9,0.019177,0.025509,0.218002
313,1,0.365541,0.097929,0.410421,197,sha3,pair=UAV1<->UAV0; config=HighNoise,0.0,0.097929,0.273881,0.0,0.0,0.13654,HighNoise,HighNoise-4-20260809-23:07:29-359440,1,0,HighNoise-4-20260809-23:07:29-359440|phase3|1|0,4,4,4,sha3,10,,,,0,0-1,0.01524,0.017284,0.187964
314,1,0.464854,0.228672,0.223319,197,sha3,pair=UAV1<->UAV2; config=HighNoise,0.079974,0.0,0.0,0.148698,0.223319,0.0,HighNoise,HighNoise-4-20260809-23:07:29-359440,1,2,HighNoise-4-20260809-23:07:29-359440|phase3|1|2,4,4,4,sha3,10,,,,1,1-2,0.012124,0.024467,0.185259
315,1,0.476729,0.212081,0.214393,197,sha3,pair=UAV1<->UAV3; config=HighNoise,0.07712,0.0,0.0,0.134961,0.214393,0.0,HighNoise,HighNoise-4-20260809-23:07:29-359440,1,3,HighNoise-4-20260809-23:07:29-359440|phase3|1|3,4,4,4,sha3,10,,,,1,1-3,0.012053,0.017924,0.17561
316,1,0.487358,0.209785,0.233498,197,sha3,pair=UAV1<->UAV4; config=HighNoise,0.076057,0.0,0.0,0.133728,0.233498,0.0,HighNoise,HighNoise-4-20260809-23:07:29-359440,1,4,HighNoise-4-20260809-23:07:29-359440|phase3|1|4,4,4,4,sha3,10,,,,1,1-4,0.012004,0.017344,0.175309
317,1,0.519009,0.210547,0.245638,197,sha3,pair=UAV1<->UAV5; config=HighNoise,0.076768,0.0,0.0,0.133779,0.245638,0.0,HighNoise,HighNoise-4-20260809-23:07:29-359440,1,5,HighNoise-4-20260809-23:07:29-359440|phase3|1|5,4,4,4,sha3,10,,,,1,1-5,0.012003,0.017474,0.175199
318,1,0.455208,0.218592,0.22393,197,sha3,pair=UAV1<->UAV6; config=HighNoise,0.085265,0.0,0.0,0.133327,0.22393,0.0,HighNoise,HighNoise-4-20260809-23:07:29-359440,1,6,HighNoise-4-20260809-23:07:29-359440|phase3|1|6,4,4,4,sha3,10,,,,1,1-6,0.011951,0.017684,0.184537
319,0,0.076839,0.076839,0.0,95,sha3,pair=UAV1<->UAV7; config=HighNoise,0.076839,0.0,0.0,0.0,0.0,0.0,HighNoise,HighNoise-4-20260809-23:07:29-359440,1,7,HighNoise-4-20260809-23:07:29-359440|phase3|1|7,4,4,4,sha3,10,,,,1,1-7,0.004018,0.008306,0.060948
320,1,0.462384,0.208564,0.212411,197,sha3,pair=UAV1<->UAV8; config=HighNoise,0.075396,0.0,0.0,0.133168,0.212411,0.0,HighNoise,HighNoise-4-20260809-23:07:29-359440,1,8,HighNoise-4-20260809-23:07:29-359440|phase3|1|8,4,4,4,sha3,10,,,,1,1-8,0.012023,0.017364,0.174889
321,1,0.453221,0.210268,0.215985,197,sha3,pair=UAV1<->UAV9; config=HighNoise,0.076579,0.0,0.0,0.133689,0.215985,0.0,HighNoise,HighNoise-4-20260809-23:07:29-359440,1,9,HighNoise-4-20260809-23:07:29-359440|phase3|1|9,4,4,4,sha3,10,,,,1,1-9,0.011884,0.017212,0.175229
322,1,0.367225,0.084203,0.385927,197,sha3,pair=UAV2<->UAV0; config=HighNoise,0.0,0.084203,0.229268,0.0,0.0,0.156659,HighNoise,HighNoise-4-20260809-23:07:29-359440,2,0,HighNoise-4-20260809-23:07:29-359440|phase3|2|0,4,4,4,sha3,10,,,,0,0-2,0.012303,0.017704,0.193063
323,1,0.373483,0.080315,0.391699,197,sha3,pair=UAV2<->UAV1; config=HighNoise,0.0,0.080315,0.241535,0.0,0.0,0.150164,HighNoise,HighNoise-4-20260809-23:07:29-359440,2,1,HighNoise-4-20260809-23:07:29-359440|phase3|2|1,4,4,4,sha3,10,,,,0,1-2,0.011633,0.017263,0.175419
324,1,0.456142,0.210397,0.207662,197,sha3,pair=UAV2<->UAV3; config=HighNoise,0.076929,0.0,0.0,0.133468,0.207662,0.0,HighNoise,HighNoise-4-20260809-23:07:29-359440,2,3,HighNoise-4-20260809-23:07:29-359440|phase3|2|3,4,4,4,sha3,10,,,,1,2-3,0.012254,0.017624,0.175269
325,1,0.466236,0.278419,0.228089,197,sha3,pair=UAV2<->UAV4; config=HighNoise,0.076699,0.0,0.0,0.20172,0.228089,0.0,HighNoise,HighNoise-4-20260809-23:07:29-359440,2,4,HighNoise-4-20260809-23:07:29-359440|phase3|2|4,4,4,4,sha3,10,,,,1,2-4,0.018957,0.025719,0.226689
326,1,0.47207,0.210397,0.218328,197,sha3,pair=UAV2<->UAV5; config=HighNoise,0.077049,0.0,0.0,0.133348,0.218328,0.0,HighNoise,HighNoise-4-20260809-23:07:29-359440,2,5,HighNoise-4-20260809-23:07:29-359440|phase3|2|5,4,4,4,sha3,10,,,,1,2-5,0.012683,0.017494,0.174738
327,1,0.443321,0.230245,0.206981,197,sha3,pair=UAV2<->UAV6; config=HighNoise,0.076608,0.0,0.0,0.153637,0.206981,0.0,HighNoise,HighNoise-4-20260809-23:07:29-359440,2,6,HighNoise-4-20260809-23:07:29-359440|phase3|2|6,4,4,4,sha3,10,,,,1,2-6,0.012243,0.017745,0.194576
328,0,0.075336,0.075336,0.0,95,sha3,pair=UAV2<->UAV7; config=HighNoise,0.075336,0.0,0.0,0.0,0.0,0.0,HighNoise,HighNoise-4-20260809-23:07:29-359440,2,7,HighNoise-4-20260809-23:07:29-359440|phase3|2|7,4,4,4,sha3,10,,,,1,2-7,0.004158,0.008015,0.060728
329,1,0.463217,0.209826,0.223851,197,sha3,pair=UAV2<->UAV8; config=HighNoise,0.076247,0.0,0.0,0.133579,0.223851,0.0,HighNoise,HighNoise-4-20260809-23:07:29-359440,2,8,HighNoise-4-20260809-23:07:29-359440|phase3|2|8,4,4,4,sha3,10,,,,1,2-8,0.011891,0.017254,0.175389
330,1,0.444873,0.209426,0.208036,197,sha3,pair=UAV2<->UAV9; config=HighNoise,0.075747,0.0,0.0,0.133679,0.208036,0.0,HighNoise,HighNoise-4-20260809-23:07:29-359440,2,9,HighNoise-4-20260809-23:07:29-359440|phase3|2|9,4,4,4,sha3,10,,,,1,2-9,0.011984,0.017283,0.175399
331,1,0.41542,0.080346,0.418381,197,sha3,pair=UAV3<->UAV0; config=HighNoise,0.0,0.080346,0.247381,0.0,0.0,0.171,HighNoise,HighNoise-4-20260809-23:07:29-359440,3,0,HighNoise-4-20260809-23:07:29-359440|phase3|3|0,4,4,4,sha3,10,,,,0,0-3,0.011742,0.017384,0.175249
332,1,0.351677,0.080175,0.399621,197,sha3,pair=UAV3<->UAV1; config=HighNoise,0.0,0.080175,0.262336,0.0,0.0,0.137284,HighNoise,HighNoise-4-20260809-23:07:29-359440,3,1,HighNoise-4-20260809-23:07:29-359440|phase3|3|1,4,4,4,sha3,10,,,,0,1-3,0.011682,0.017304,0.175449
333,1,0.360941,0.080987,0.401758,197,sha3,pair=UAV3<->UAV2; config=HighNoise,0.0,0.080987,0.248479,0.0,0.0,0.153278,HighNoise,HighNoise-4-20260809-23:07:29-359440,3,2,HighNoise-4-20260809-23:07:29-359440|phase3|3|2,4,4,4,sha3,10,,,,0,2-3,0.011713,0.017424,0.175248
334,1,0.457731,0.221189,0.225625,197,sha3,pair=UAV3<->UAV4; config=HighNoise,0.078823,0.0,0.0,0.142366,0.225625,0.0,HighNoise,HighNoise-4-20260809-23:07:29-359440,3,4,HighNoise-4-20260809-23:07:29-359440|phase3|3|4,4,4,4,sha3,10,,,,1,3-4,0.012505,0.017964,0.184236
335,1,0.454159,0.221288,0.207473,197,sha3,pair=UAV3<->UAV5; config=HighNoise,0.088131,0.0,0.0,0.133157,0.207473,0.0,HighNoise,HighNoise-4-20260809-23:07:29-359440,3,5,HighNoise-4-20260809-23:07:29-359440|phase3|3|5,4,4,4,sha3,10,,,,1,3-5,0.023054,0.017254,0.175359
336,1,0.437344,0.275733,0.206581,197,sha3,pair=UAV3<->UAV6; config=HighNoise,0.077129,0.0,0.0,0.198604,0.206581,0.0,HighNoise,HighNoise-4-20260809-23:07:29-359440,3,6,HighNoise-4-20260809-23:07:29-359440|phase3|3|6,4,4,4,sha3,10,,,,1,3-6,0.018918,0.027634,0.22227
337,0,0.077259,0.077259,0.0,95,sha3,pair=UAV3<->UAV7; config=HighNoise,0.077259,0.0,0.0,0.0,0.0,0.0,HighNoise,HighNoise-4-20260809-23:07:29-359440,3,7,HighNoise-4-20260809-23:07:29-359440|phase3|3|7,4,4,4,sha3,10,,,,1,3-7,0.003958,0.008096,0.061329
338,1,0.450466,0.209295,0.208466,197,sha3,pair=UAV3<->UAV8; config=HighNoise,0.075817,0.0,0.0,0.133478,0.208466,0.0,HighNoise,HighNoise-4-20260809-23:07:29-359440,3,8,HighNoise-4-20260809-23:07:29-359440|phase3|3|8,4,4,4,sha3,10,,,,1,3-8,0.012073,0.017413,0.175239
339,1,0.450689,0.209656,0.207135,197,sha3,pair=UAV3<->UAV9; config=HighNoise,0.076548,0.0,0.0,0.133108,0.207135,0.0,HighNoise,HighNoise-4-20260809-23:07:29-359440,3,9,HighNoise-4-20260809-23:07:29-359440|phase3|3|9,4,4,4,sha3,10,,,,1,3-9,0.011883,0.017544,0.175079
340,1,0.362847,0.090094,0.376912,197,sha3,pair=UAV4<->UAV0; config=HighNoise,0.0,0.090094,0.233029,0.0,0.0,0.143883,HighNoise,HighNoise-4-20260809-23:07:29-359440,4,0,HighNoise-4-20260809-23:07:29-359440|phase3|4|0,4,4,4,sha3,10,,,,0,0-4,0.011903,0.017583,0.184526
341,1,0.384042,0.081177,0.404404,197,sha3,pair=UAV4<->UAV1; config=HighNoise,0.0,0.081177,0.25386,0.0,0.0,0.150544,HighNoise,HighNoise-4-20260809-23:07:29-359440,4,1,HighNoise-4-20260809-23:07:29-359440|phase3|4|1,4,4,4,sha3,10,,,,0,1-4,0.011944,0.017464,0.17544
342,1,0.363348,0.081468,0.373406,197,sha3,pair=UAV4<->UAV2; config=HighNoise,0.0,0.081468,0.238147,0.0,0.0,0.135259,HighNoise,HighNoise-4-20260809-23:07:29-359440,4,2,HighNoise-4-20260809-23:07:29-359440|phase3|4|2,4,4,4,sha3,10,,,,0,2-4,0.011822,0.017324,0.174968
343,1,0.384236,0.081749,0.390717,197,sha3,pair=UAV4<->UAV3; config=HighNoise,0.0,0.081749,0.232106,0.0,0.0,0.158611,HighNoise,HighNoise-4-20260809-23:07:29-359440,4,3,HighNoise-4-20260809-23:07:29-359440|phase3|4|3,4,4,4,sha3,10,,,,0,3-4,0.011732,0.017323,0.175208
344,1,0.474113,0.214114,0.232411,197,sha3,pair=UAV4<->UAV5; config=HighNoise,0.080456,0.0,0.0,0.133658,0.232411,0.0,HighNoise,HighNoise-4-20260809-23:07:29-359440,4,5,HighNoise-4-20260809-23:07:29-359440|phase3|4|5,4,4,4,sha3,10,,,,1,4-5,0.012324,0.019127,0.176853
345,1,0.451844,0.218463,0.221506,197,sha3,pair=UAV4<->UAV6; config=HighNoise,0.076077,0.0,0.0,0.142386,0.221506,0.0,HighNoise,HighNoise-4-20260809-23:07:29-359440,4,6,HighNoise-4-20260809-23:07:29-359440|phase3|4|6,4,4,4,sha3,10,,,,1,4-6,0.011874,0.017654,0.183995
346,0,0.075886,0.075886,0.0,95,sha3,pair=UAV4<->UAV7; config=HighNoise,0.075886,0.0,0.0,0.0,0.0,0.0,HighNoise,HighNoise-4-20260809-23:07:29-359440,4,7,HighNoise-4-20260809-23:07:29-359440|phase3|4|7,4,4,4,sha3,10,,,,1,4-7,0.004038,0.008026,0.061188
347,1,0.453406,0.210017,0.214642,197,sha3,pair=UAV4<->UAV8; config=HighNoise,0.076829,0.0,0.0,0.133188,0.214642,0.0,HighNoise,HighNoise-4-20260809-23:07:29-359440,4,8,HighNoise-4-20260809-23:07:29-359440|phase3|4|8,4,4,4,sha3,10,,,,1,4-8,0.011794,0.017333,0.175179
348,1,0.472164,0.209495,0.214211,197,sha3,pair=UAV4<->UAV9; config=HighNoise,0.075556,0.0,0.0,0.133939,0.214211,0.0,HighNoise,HighNoise-4-20260809-23:07:29-359440,4,9,HighNoise-4-20260809-23:07:29-359440|phase3|4|9,4,4,4,sha3,10,,,,1,4-9,0.011942,0.017394,0.1754
349,1,0.373825,0.080074,0.396673,197,sha3,pair=UAV5<->UAV0; config=HighNoise,0.0,0.080074,0.249356,0.0,0.0,0.147318,HighNoise,HighNoise-4-20260809-23:07:29-359440,5,0,HighNoise-4-20260809-23:07:29-359440|phase3|5|0,4,4,4,sha3,10,,,,0,0-5,0.011762,0.017323,0.175299
350,1,0.41731,0.080256,0.445043,197,sha3,pair=UAV5<->UAV1; config=HighNoise,0.0,0.080256,0.273371,0.0,0.0,0.171672,HighNoise,HighNoise-4-20260809-23:07:29-359440,5,1,HighNoise-4-20260809-23:07:29-359440|phase3|5|1,4,4,4,sha3,10,,,,0,1-5,0.011623,0.017434,0.175229
351,1,0.354606,0.091116,0.39002,197,sha3,pair=UAV5<->UAV2; config=HighNoise,0.0,0.091116,0.253743,0.0,0.0,0.136278,HighNoise,HighNoise-4-20260809-23:07:29-359440,5,2,HighNoise-4-20260809-23:07:29-359440|phase3|5|2,4,4,4,sha3,10,,,,0,2-5,0.011933,0.017354,0.185318
352,1,0.371396,0.081487,0.410609,197,sha3,pair=UAV5<->UAV3; config=HighNoise,0.0,0.081487,0.246686,0.0,0.0,0.163923,HighNoise,HighNoise-4-20260809-23:07:29-359440,5,3,HighNoise-4-20260809-23:07:29-359440|phase3|5|3,4,4,4,sha3,10,,,,0,3-5,0.011793,0.017554,0.175339
353,1,0.380143,0.080004,0.389434,197,sha3,pair=UAV5<->UAV4; config=HighNoise,0.0,0.080004,0.241702,0.0,0.0,0.147732,HighNoise,HighNoise-4-20260809-23:07:29-359440,5,4,HighNoise-4-20260809-23:07:29-359440|phase3|5|4,4,4,4,sha3,10,,,,0,4-5,0.011712,0.017243,0.175159
354,1,0.449626,0.209946,0.217476,197,sha3,pair=UAV5<->UAV6; config=HighNoise,0.076518,0.0,0.0,0.133428,0.217476,0.0,HighNoise,HighNoise-4-20260809-23:07:29-359440,5,6,HighNoise-4-20260809-23:07:29-359440|phase3|5|6,4,4,4,sha3,10,,,,1,5-6,0.011943,0.017453,0.17571
355,0,0.076648,0.076648,0.0,95,sha3,pair=UAV5<->UAV7; config=HighNoise,0.076648,0.0,0.0,0.0,0.0,0.0,HighNoise,HighNoise-4-20260809-23:07:29-359440,5,7,HighNoise-4-20260809-23:07:29-359440|phase3|5|7,4,4,4,sha3,10,,,,1,5-7,0.003987,0.008085,0.060798
356,1,0.501756,0.210256,0.240118,197,sha3,pair=UAV5<->UAV8; config=HighNoise,0.075896,0.0,0.0,0.13436,0.240118,0.0,HighNoise,HighNoise-4-20260809-23:07:29-359440,5,8,HighNoise-4-20260809-23:07:29-359440|phase3|5|8,4,4,4,sha3,10,,,,1,5-8,0.012083,0.017513,0.175059
357,1,0.468392,0.266696,0.223579,197,sha3,pair=UAV5<->UAV9; config=HighNoise,0.086066,0.0,0.0,0.18063,0.223579,0.0,HighNoise,HighNoise-4-20260809-23:07:29-359440,5,9,HighNoise-4-20260809-23:07:29-359440|phase3|5|9,4,4,4,sha3,10,,,,1,5-9,0.018716,0.041811,0.195919
358,1,0.369809,0.080105,0.407691,197,sha3,pair=UAV6<->UAV0; config=HighNoise,0.0,0.080105,0.253617,0.0,0.0,0.154074,HighNoise,HighNoise-4-20260809-23:07:29-359440,6,0,HighNoise-4-20260809-23:07:29-359440|phase3|6|0,4,4,4,sha3,10,,,,0,0-6,0.011632,0.017264,0.175138
359,1,0.366415,0.082049,0.373763,197,sha3,pair=UAV6<->UAV1; config=HighNoise,0.0,0.082049,0.231278,0.0,0.0,0.142485,HighNoise,HighNoise-4-20260809-23:07:29-359440,6,1,HighNoise-4-20260809-23:07:29-359440|phase3|6|1,4,4,4,sha3,10,,,,0,1-6,0.011753,0.017423,0.176101
360,1,0.357519,0.08247,0.386879,197,sha3,pair=UAV6<->UAV2; config=HighNoise,0.0,0.08247,0.23634,0.0,0.0,0.150538,HighNoise,HighNoise-4-20260809-23:07:29-359440,6,2,HighNoise-4-20260809-23:07:29-359440|phase3|6|2,4,4,4,sha3,10,,,,0,2-6,0.011833,0.017755,0.175691
361,1,0.356242,0.081558,0.380424,197,sha3,pair=UAV6<->UAV3; config=HighNoise,0.0,0.081558,0.230763,0.0,0.0,0.149661,HighNoise,HighNoise-4-20260809-23:07:29-359440,6,3,HighNoise-4-20260809-23:07:29-359440|phase3|6|3,4,4,4,sha3,10,,,,0,3-6,0.011894,0.017805,0.184326
362,1,0.358976,0.082159,0.367808,197,sha3,pair=UAV6<->UAV4; config=HighNoise,0.0,0.082159,0.230338,0.0,0.0,0.13747,HighNoise,HighNoise-4-20260809-23:07:29-359440,6,4,HighNoise-4-20260809-23:07:29-359440|phase3|6|4,4,4,4,sha3,10,,,,0,4-6,0.011853,0.017453,0.175599
363,1,0.357681,0.081137,0.372356,197,sha3,pair=UAV6<->UAV5; config=HighNoise,0.0,0.081137,0.232151,0.0,0.0,0.140205,HighNoise,HighNoise-4-20260809-23:07:29-359440,6,5,HighNoise-4-20260809-23:07:29-359440|phase3|6|5,4,4,4,sha3,10,,,,0,5-6,0.012133,0.018055,0.175169
364,0,0.076147,0.076147,0.0,95,sha3,pair=UAV6<->UAV7; config=HighNoise,0.076147,0.0,0.0,0.0,0.0,0.0,HighNoise,HighNoise-4-20260809-23:07:29-359440,6,7,HighNoise-4-20260809-23:07:29-359440|phase3|6|7,4,4,4,sha3,10,,,,1,6-7,0.004258,0.008266,0.061028
365,1,0.469145,0.210808,0.229426,197,sha3,pair=UAV6<->UAV8; config=HighNoise,0.075927,0.0,0.0,0.134881,0.229426,0.0,HighNoise,HighNoise-4-20260809-23:07:29-359440,6,8,HighNoise-4-20260809-23:07:29-359440|phase3|6|8,4,4,4,sha3,10,,,,1,6-8,0.012194,0.017504,0.17597
366,1,0.471207,0.209456,0.225353,197,sha3,pair=UAV6<->UAV9; config=HighNoise,0.076358,0.0,0.0,0.133098,0.225353,0.0,HighNoise,HighNoise-4-20260809-23:07:29-359440,6,9,HighNoise-4-20260809-23:07:29-359440|phase3|6|9,4,4,4,sha3,10,,,,1,6-9,0.012053,0.017554,0.174888
367,0,0.241758,0.0,0.241758,95,sha3,pair=UAV7<->UAV0; config=HighNoise,0.0,0.0,0.241758,0.0,0.0,0.0,HighNoise,HighNoise-4-20260809-23:07:29-359440,7,0,HighNoise-4-20260809-23:07:29-359440|phase3|7|0,4,4,4,sha3,10,,,,0,0-7,0.0,0.0,0.0
368,0,0.238436,0.0,0.238436,95,sha3,pair=UAV7<->UAV1; config=HighNoise,0.0,0.0,0.238436,0.0,0.0,0.0,HighNoise,HighNoise-4-20260809-23:07:29-359440,7,1,HighNoise-4-20260809-23:07:29-359440|phase3|7|1,4,4,4,sha3,10,,,,0,1-7,0.0,0.0,0.0
369,0,0.238197,0.0,0.238197,95,sha3,pair=UAV7<->UAV2; config=HighNoise,0.0,0.0,0.238197,0.0,0.0,0.0,HighNoise,HighNoise-4-20260809-23:07:29-359440,7,2,HighNoise-4-20260809-23:07:29-359440|phase3|7|2,4,4,4,sha3,10,,,,0,2-7,0.0,0.0,0.0
370,0,0.242452,0.0,0.242452,95,sha3,pair=UAV7<->UAV3; config=HighNoise,0.0,0.0,0.242452,0.0,0.0,0.0,HighNoise,HighNoise-4-20260809-23:07:29-359440,7,3,HighNoise-4-20260809-23:07:29-359440|phase3|7|3,4,4,4,sha3,10,,,,0,3-7,0.0,0.0,0.0
371,0,0.227671,0.0,0.227671,95,sha3,pair=UAV7<->UAV4; config=HighNoise,0.0,0.0,0.227671,0.0,0.0,0.0,HighNoise,HighNoise-4-20260809-23:07:29-359440,7,4,HighNoise-4-20260809-23:07:29-359440|phase3|7|4,4,4,4,sha3,10,,,,0,4-7,0.0,0.0,0.0
372,0,0.248975,0.0,0.248975,95,sha3,pair=UAV7<->UAV5; config=HighNoise,0.0,0.0,0.248975,0.0,0.0,0.0,HighNoise,HighNoise-4-20260809-23:07:29-359440,7,5,HighNoise-4-20260809-23:07:29-359440|phase3|7|5,4,4,4,sha3,10,,,,0,5-7,0.0,0.0,0.0
373,0,0.230705,0.0,0.230705,95,sha3,pair=UAV7<->UAV6; config=HighNoise,0.0,0.0,0.230705,0.0,0.0,0.0,HighNoise,HighNoise-4-20260809-23:07:29-359440,7,6,HighNoise-4-20260809-23:07:29-359440|phase3|7|6,4,4,4,sha3,10,,,,0,6-7,0.0,0.0,0.0
374,1,0.349139,0.080035,0.3823,197,sha3,pair=UAV8<->UAV0; config=HighNoise,0.0,0.080035,0.240138,0.0,0.0,0.142161,HighNoise,HighNoise-4-20260809-23:07:29-359440,8,0,HighNoise-4-20260809-23:07:29-359440|phase3|8|0,4,4,4,sha3,10,,,,0,0-8,0.011884,0.017494,0.175309
375,1,0.354978,0.080125,0.39254,197,sha3,pair=UAV8<->UAV1; config=HighNoise,0.0,0.080125,0.249973,0.0,0.0,0.142567,HighNoise,HighNoise-4-20260809-23:07:29-359440,8,1,HighNoise-4-20260809-23:07:29-359440|phase3|8|1,4,4,4,sha3,10,,,,0,1-8,0.011652,0.017294,0.175098
376,1,0.378569,0.080446,0.394083,197,sha3,pair=UAV8<->UAV2; config=HighNoise,0.0,0.080446,0.239365,0.0,0.0,0.154718,HighNoise,HighNoise-4-20260809-23:07:29-359440,8,2,HighNoise-4-20260809-23:07:29-359440|phase3|8|2,4,4,4,sha3,10,,,,0,2-8,0.011663,0.017434,0.183425
377,1,0.360868,0.120363,0.394402,197,sha3,pair=UAV8<->UAV3; config=HighNoise,0.0,0.120363,0.242001,0.0,0.0,0.152402,HighNoise,HighNoise-4-20260809-23:07:29-359440,8,3,HighNoise-4-20260809-23:07:29-359440|phase3|8|3,4,4,4,sha3,10,,,,0,3-8,0.012374,0.017384,0.213413
378,1,0.377912,0.081117,0.402033,197,sha3,pair=UAV8<->UAV4; config=HighNoise,0.0,0.081117,0.238764,0.0,0.0,0.16327,HighNoise,HighNoise-4-20260809-23:07:29-359440,8,4,HighNoise-4-20260809-23:07:29-359440|phase3|8|4,4,4,4,sha3,10,,,,0,4-8,0.011843,0.017635,0.175139
379,1,0.373245,0.081538,0.394765,197,sha3,pair=UAV8<->UAV5; config=HighNoise,0.0,0.081538,0.261638,0.0,0.0,0.133127,HighNoise,HighNoise-4-20260809-23:07:29-359440,8,5,HighNoise-4-20260809-23:07:29-359440|phase3|8|5,4,4,4,sha3,10,,,,0,5-8,0.011743,0.017383,0.1757
380,1,0.36308,0.081137,0.373374,197,sha3,pair=UAV8<->UAV6; config=HighNoise,0.0,0.081137,0.239719,0.0,0.0,0.133654,HighNoise,HighNoise-4-20260809-23:07:29-359440,8,6,HighNoise-4-20260809-23:07:29-359440|phase3|8|6,4,4,4,sha3,10,,,,0,6-8,0.011672,0.017232,0.175209
381,1,0.451825,0.208784,0.214911,197,sha3,pair=UAV8<->UAV9; config=HighNoise,0.075566,0.0,0.0,0.133218,0.214911,0.0,HighNoise,HighNoise-4-20260809-23:07:29-359440,8,9,HighNoise-4-20260809-23:07:29-359440|phase3|8|9,4,4,4,sha3,10,,,,1,8-9,0.011994,0.017233,0.174779
382,1,0.377978,0.079994,0.40926,197,sha3,pair=UAV9<->UAV0; config=HighNoise,0.0,0.079994,0.249455,0.0,0.0,0.159805,HighNoise,HighNoise-4-20260809-23:07:29-359440,9,0,HighNoise-4-20260809-23:07:29-359440|phase3|9|0,4,4,4,sha3,10,,,,0,0-9,0.011602,0.017263,0.175079
383,1,0.350069,0.080606,0.371321,197,sha3,pair=UAV9<->UAV1; config=HighNoise,0.0,0.080606,0.237237,0.0,0.0,0.134084,HighNoise,HighNoise-4-20260809-23:07:29-359440,9,1,HighNoise-4-20260809-23:07:29-359440|phase3|9|1,4,4,4,sha3,10,,,,0,1-9,0.011843,0.017263,0.17581
384,1,0.365101,0.080486,0.393902,197,sha3,pair=UAV9<->UAV2; config=HighNoise,0.0,0.080486,0.236837,0.0,0.0,0.157065,HighNoise,HighNoise-4-20260809-23:07:29-359440,9,2,HighNoise-4-20260809-23:07:29-359440|phase3|9|2,4,4,4,sha3,10,,,,0,2-9,0.011974,0.017443,0.175439
385,1,0.361724,0.0829,0.398143,197,sha3,pair=UAV9<->UAV3; config=HighNoise,0.0,0.0829,0.243554,0.0,0.0,0.154589,HighNoise,HighNoise-4-20260809-23:07:29-359440,9,3,HighNoise-4-20260809-23:07:29-359440|phase3|9|3,4,4,4,sha3,10,,,,0,3-9,0.011732,0.018395,0.184216
386,1,0.371907,0.081307,0.41565,197,sha3,pair=UAV9<->UAV4; config=HighNoise,0.0,0.081307,0.257954,0.0,0.0,0.157696,HighNoise,HighNoise-4-20260809-23:07:29-359440,9,4,HighNoise-4-20260809-23:07:29-359440|phase3|9|4,4,4,4,sha3,10,,,,0,4-9,0.011823,0.017705,0.182673
387,1,0.369291,0.080275,0.390526,197,sha3,pair=UAV9<->UAV5; config=HighNoise,0.0,0.080275,0.244813,0.0,0.0,0.145712,HighNoise,HighNoise-4-20260809-23:07:29-359440,9,5,HighNoise-4-20260809-23:07:29-359440|phase3|9|5,4,4,4,sha3,10,,,,0,5-9,0.011863,0.017354,0.174859
388,1,0.373231,0.081267,0.393732,197,sha3,pair=UAV9<->UAV6; config=HighNoise,0.0,0.081267,0.245854,0.0,0.0,0.147878,HighNoise,HighNoise-4-20260809-23:07:29-359440,9,6,HighNoise-4-20260809-23:07:29-359440|phase3|9|6,4,4,4,sha3,10,,,,0,6-9,0.011782,0.017604,0.175299
389,1,0.351009,0.081107,0.373012,197,sha3,pair=UAV9<->UAV8; config=HighNoise,0.0,0.081107,0.236914,0.0,0.0,0.136098,HighNoise,HighNoise-4-20260809-23:07:29-359440,9,8,HighNoise-4-20260809-23:07:29-359440|phase3|9|8,4,4,4,sha3,10,,,,0,8-9,0.011793,0.017414,0.175199
390,1,0.454652,0.23701,0.215441,197,sha3,pair=UAV0<->UAV1; config=HighNoise,0.093261,0.0,0.0,0.143749,0.215441,0.0,HighNoise,HighNoise-5-20260809-23:07:31-359440,0,1,HighNoise-5-20260809-23:07:31-359440|phase3|0|1,5,5,5,sha3,10,,,,1,0-1,0.012465,0.021302,0.197002
391,1,0.452947,0.214076,0.209778,197,sha3,pair=UAV0<->UAV2; config=HighNoise,0.078743,0.0,0.0,0.135333,0.209778,0.0,HighNoise,HighNoise-5-20260809-23:07:31-359440,0,2,HighNoise-5-20260809-23:07:31-359440|phase3|0|2,5,5,5,sha3,10,,,,1,0-2,0.011963,0.018175,0.177424
392,0,0.076789,0.076789,0.0,95,sha3,pair=UAV0<->UAV3; config=HighNoise,0.076789,0.0,0.0,0.0,0.0,0.0,HighNoise,HighNoise-5-20260809-23:07:31-359440,0,3,HighNoise-5-20260809-23:07:31-359440|phase3|0|3,5,5,5,sha3,10,,,,1,0-3,0.004098,0.008156,0.061028
393,0,0.07731,0.07731,0.0,95,sha3,pair=UAV0<->UAV4; config=HighNoise,0.07731,0.0,0.0,0.0,0.0,0.0,HighNoise,HighNoise-5-20260809-23:07:31-359440,0,4,HighNoise-5-20260809-23:07:31-359440|phase3|0|4,5,5,5,sha3,10,,,,1,0-4,0.003998,0.008126,0.061138
394,1,0.455284,0.212512,0.216924,197,sha3,pair=UAV0<->UAV5; config=HighNoise,0.076057,0.0,0.0,0.136455,0.216924,0.0,HighNoise,HighNoise-5-20260809-23:07:31-359440,0,5,HighNoise-5-20260809-23:07:31-359440|phase3|0|5,5,5,5,sha3,10,,,,1,0-5,0.012986,0.017364,0.177033
395,0,0.076659,0.076659,0.0,95,sha3,pair=UAV0<->UAV6; config=HighNoise,0.076659,0.0,0.0,0.0,0.0,0.0,HighNoise,HighNoise-5-20260809-23:07:31-359440,0,6,HighNoise-5-20260809-23:07:31-359440|phase3|0|6,5,5,5,sha3,10,,,,1,0-6,0.003978,0.008126,0.060838
396,1,0.442391,0.214135,0.207038,197,sha3,pair=UAV0<->UAV7; config=HighNoise,0.076328,0.0,0.0,0.137807,0.207038,0.0,HighNoise,HighNoise-5-20260809-23:07:31-359440,0,7,HighNoise-5-20260809-23:07:31-359440|phase3|0|7,5,5,5,sha3,10,,,,1,0-7,0.012264,0.018576,0.177304
397,0,0.076929,0.076929,0.0,95,sha3,pair=UAV0<->UAV8; config=HighNoise,0.076929,0.0,0.0,0.0,0.0,0.0,HighNoise,HighNoise-5-20260809-23:07:31-359440,0,8,HighNoise-5-20260809-23:07:31-359440|phase3|0|8,5,5,5,sha3,10,,,,1,0-8,0.004018,0.008035,0.061158
398,0,0.075797,0.075797,0.0,95,sha3,pair=UAV0<->UAV9; config=HighNoise,0.075797,0.0,0.0,0.0,0.0,0.0,HighNoise,HighNoise-5-20260809-23:07:31-359440,0,9,HighNoise-5-20260809-23:07:31-359440|phase3|0|9,5,5,5,sha3,10,,,,1,0-9,0.003957,0.008126,0.061038
399,1,0.349135,0.080997,0.372906,197,sha3,pair=UAV1<->UAV0; config=HighNoise,0.0,0.080997,0.239212,0.0,0.0,0.133694,HighNoise,HighNoise-5-20260809-23:07:31-359440,1,0,HighNoise-5-20260809-23:07:31-359440|phase3|1|0,5,5,5,sha3,10,,,,0,0-1,0.012043,0.017524,0.175921
400,1,0.444626,0.210008,0.204714,197,sha3,pair=UAV1<->UAV2; config=HighNoise,0.076559,0.0,0.0,0.133449,0.204714,0.0,HighNoise,HighNoise-5-20260809-23:07:31-359440,1,2,HighNoise-5-20260809-23:07:31-359440|phase3|1|2,5,5,5,sha3,10,,,,1,1-2,0.012835,0.017494,0.174869
401,0,0.076819,0.076819,0.0,95,sha3,pair=UAV1<->UAV3; config=HighNoise,0.076819,0.0,0.0,0.0,0.0,0.0,HighNoise,HighNoise-5-20260809-23:07:31-359440,1,3,HighNoise-5-20260809-23:07:31-359440|phase3|1|3,5,5,5,sha3,10,,,,1,1-3,0.004118,0.008106,0.060868
402,0,0.076278,0.076278,0.0,95,sha3,pair=UAV1<->UAV4; config=HighNoise,0.076278,0.0,0.0,0.0,0.0,0.0,HighNoise,HighNoise-5-20260809-23:07:31-359440,1,4,HighNoise-5-20260809-23:07:31-359440|phase3|1|4,5,5,5,sha3,10,,,,1,1-4,0.003968,0.008065,0.061329
403,1,0.481018,0.219205,0.235536,197,sha3,pair=UAV1<->UAV5; config=HighNoise,0.085265,0.0,0.0,0.13394,0.235536,0.0,HighNoise,HighNoise-5-20260809-23:07:31-359440,1,5,HighNoise-5-20260809-23:07:31-359440|phase3|1|5,5,5,5,sha3,10,,,,1,1-5,0.012254,0.017373,0.183907
404,0,0.076358,0.076358,0.0,95,sha3,pair=UAV1<->UAV6; config=HighNoise,0.076358,0.0,0.0,0.0,0.0,0.0,HighNoise,HighNoise-5-20260809-23:07:31-359440,1,6,HighNoise-5-20260809-23:07:31-359440|phase3|1|6,5,5,5,sha3,10,,,,1,1-6,0.004278,0.008346,0.061069
405,1,0.451951,0.210829,0.208261,197,sha3,pair=UAV1<->UAV7; config=HighNoise,0.076609,0.0,0.0,0.13422,0.208261,0.0,HighNoise,HighNoise-5-20260809-23:07:31-359440,1,7,HighNoise-5-20260809-23:07:31-359440|phase3|1|7,5,5,5,sha3,10,,,,1,1-7,0.011883,0.017253,0.17575
406,0,0.075797,0.075797,0.0,95,sha3,pair=UAV1<->UAV8; config=HighNoise,0.075797,0.0,0.0,0.0,0.0,0.0,HighNoise,HighNoise-5-20260809-23:07:31-359440,1,8,HighNoise-5-20260809-23:07:31-359440|phase3|1|8,5,5,5,sha3,10,,,,1,1-8,0.004098,0.007995,0.061109
407,0,0.076368,0.076368,0.0,95,sha3,pair=UAV1<->UAV9; config=HighNoise,0.076368,0.0,0.0,0.0,0.0,0.0,HighNoise,HighNoise-5-20260809-23:07:31-359440,1,9,HighNoise-5-20260809-23:07:31-359440|phase3|1|9,5,5,5,sha3,10,,,,1,1-9,0.003978,0.008096,0.060807
408,1,0.366199,0.080636,0.399591,197,sha3,pair=UAV2<->UAV0; config=HighNoise,0.0,0.080636,0.24317,0.0,0.0,0.156421,HighNoise,HighNoise-5-20260809-23:07:31-359440,2,0,HighNoise-5-20260809-23:07:31-359440|phase3|2|0,5,5,5,sha3,10,,,,0,0-2,0.011804,0.017464,0.176182
409,1,0.388322,0.081458,0.423519,197,sha3,pair=UAV2<->UAV1; config=HighNoise,0.0,0.081458,0.239911,0.0,0.0,0.183608,HighNoise,HighNoise-5-20260809-23:07:31-359440,2,1,HighNoise-5-20260809-23:07:31-359440|phase3|2|1,5,5,5,sha3,10,,,,0,1-2,0.011612,0.017534,0.17541
410,0,0.076388,0.076388,0.0,95,sha3,pair=UAV2<->UAV3; config=HighNoise,0.076388,0.0,0.0,0.0,0.0,0.0,HighNoise,HighNoise-5-20260809-23:07:31-359440,2,3,HighNoise-5-20260809-23:07:31-359440|phase3|2|3,5,5,5,sha3,10,,,,1,2-3,0.004379,0.008076,0.061269
411,0,0.076178,0.076178,0.0,95,sha3,pair=UAV2<->UAV4; config=HighNoise,0.076178,0.0,0.0,0.0,0.0,0.0,HighNoise,HighNoise-5-20260809-23:07:31-359440,2,4,HighNoise-5-20260809-23:07:31-359440|phase3|2|4,5,5,5,sha3,10,,,,1,2-4,0.004038,0.008156,0.060868
412,1,0.456919,0.209326,0.225644,197,sha3,pair=UAV2<->UAV5; config=HighNoise,0.075627,0.0,0.0,0.133699,0.225644,0.0,HighNoise,HighNoise-5-20260809-23:07:31-359440,2,5,HighNoise-5-20260809-23:07:31-359440|phase3|2|5,5,5,5,sha3,10,,,,1,2-5,0.012054,0.017333,0.17534
413,0,0.076458,0.076458,0.0,95,sha3,pair=UAV2<->UAV6; config=HighNoise,0.076458,0.0,0.0,0.0,0.0,0.0,HighNoise,HighNoise-5-20260809-23:07:31-359440,2,6,HighNoise-5-20260809-23:07:31-359440|phase3|2|6,5,5,5,sha3,10,,,,1,2-6,0.003977,0.008026,0.060878
414,1,0.52348,0.209906,0.236673,197,sha3,pair=UAV2<->UAV7; config=HighNoise,0.076057,0.0,0.0,0.133849,0.236673,0.0,HighNoise,HighNoise-5-20260809-23:07:31-359440,2,7,HighNoise-5-20260809-23:07:31-359440|phase3|2|7,5,5,5,sha3,10,,,,1,2-7,0.011853,0.017534,0.17557
415,0,0.076288,0.076288,0.0,95,sha3,pair=UAV2<->UAV8; config=HighNoise,0.076288,0.0,0.0,0.0,0.0,0.0,HighNoise,HighNoise-5-20260809-23:07:31-359440,2,8,HighNoise-5-20260809-23:07:31-359440|phase3|2|8,5,5,5,sha3,10,,,,1,2-8,0.003957,0.008135,0.060868
416,0,0.075457,0.075457,0.0,95,sha3,pair=UAV2<->UAV9; config=HighNoise,0.075457,0.0,0.0,0.0,0.0,0.0,HighNoise,HighNoise-5-20260809-23:07:31-359440,2,9,HighNoise-5-20260809-23:07:31-359440|phase3|2|9,5,5,5,sha3,10,,,,1,2-9,0.004047,0.008026,0.060738
417,0,0.241754,0.0,0.241754,95,sha3,pair=UAV3<->UAV0; config=HighNoise,0.0,0.0,0.241754,0.0,0.0,0.0,HighNoise,HighNoise-5-20260809-23:07:31-359440,3,0,HighNoise-5-20260809-23:07:31-359440|phase3|3|0,5,5,5,sha3,10,,,,0,0-3,0.0,0.0,0.0
418,0,0.246911,0.0,0.246911,95,sha3,pair=UAV3<->UAV1; config=HighNoise,0.0,0.0,0.246911,0.0,0.0,0.0,HighNoise,HighNoise-5-20260809-23:07:31-359440,3,1,HighNoise-5-20260809-23:07:31-359440|phase3|3|1,5,5,5,sha3,10,,,,0,1-3,0.0,0.0,0.0
419,0,0.250922,0.0,0.250922,95,sha3,pair=UAV3<->UAV2; config=HighNoise,0.0,0.0,0.250922,0.0,0.0,0.0,HighNoise,HighNoise-5-20260809-23:07:31-359440,3,2,HighNoise-5-20260809-23:07:31-359440|phase3|3|2,5,5,5,sha3,10,,,,0,2-3,0.0,0.0,0.0
420,0,0.235229,0.0,0.235229,95,sha3,pair=UAV4<->UAV0; config=HighNoise,0.0,0.0,0.235229,0.0,0.0,0.0,HighNoise,HighNoise-5-20260809-23:07:31-359440,4,0,HighNoise-5-20260809-23:07:31-359440|phase3|4|0,5,5,5,sha3,10,,,,0,0-4,0.0,0.0,0.0
421,0,0.261863,0.0,0.261863,95,sha3,pair=UAV4<->UAV1; config=HighNoise,0.0,0.0,0.261863,0.0,0.0,0.0,HighNoise,HighNoise-5-20260809-23:07:31-359440,4,1,HighNoise-5-20260809-23:07:31-359440|phase3|4|1,5,5,5,sha3,10,,,,0,1-4,0.0,0.0,0.0
422,0,0.243968,0.0,0.243968,95,sha3,pair=UAV4<->UAV2; config=HighNoise,0.0,0.0,0.243968,0.0,0.0,0.0,HighNoise,HighNoise-5-20260809-23:07:31-359440,4,2,HighNoise-5-20260809-23:07:31-359440|phase3|4|2,5,5,5,sha3,10,,,,0,2-4,0.0,0.0,0.0
423,1,0.383309,0.083011,0.404745,197,sha3,pair=UAV5<->UAV0; config=HighNoise,0.0,0.083011,0.23836,0.0,0.0,0.166385,HighNoise,HighNoise-5-20260809-23:07:31-359440,5,0,HighNoise-5-20260809-23:07:31-359440|phase3|5|0,5,5,5,sha3,10,,,,0,0-5,0.011913,0.018316,0.17532
424,1,0.400953,0.081758,0.410898,197,sha3,pair=UAV5<->UAV1; config=HighNoise,0.0,0.081758,0.245482,0.0,0.0,0.165417,HighNoise,HighNoise-5-20260809-23:07:31-359440,5,1,HighNoise-5-20260809-23:07:31-359440|phase3|5|1,5,5,5,sha3,10,,,,0,1-5,0.011792,0.017794,0.175991
425,1,0.372998,0.083412,0.378629,197,sha3,pair=UAV5<->UAV2; config=HighNoise,0.0,0.083412,0.231275,0.0,0.0,0.147354,HighNoise,HighNoise-5-20260809-23:07:31-359440,5,2,HighNoise-5-20260809-23:07:31-359440|phase3|5|2,5,5,5,sha3,10,,,,0,2-5,0.012224,0.017574,0.176343
426,0,0.084263,0.084263,0.0,95,sha3,pair=UAV5<->UAV6; config=HighNoise,0.084263,0.0,0.0,0.0,0.0,0.0,HighNoise,HighNoise-5-20260809-23:07:31-359440,5,6,HighNoise-5-20260809-23:07:31-359440|phase3|5|6,5,5,5,sha3,10,,,,1,5-6,0.004298,0.008196,0.069054
427,1,0.489196,0.210427,0.219508,197,sha3,pair=UAV5<->UAV7; config=HighNoise,0.076698,0.0,0.0,0.133729,0.219508,0.0,HighNoise,HighNoise-5-20260809-23:07:31-359440,5,7,HighNoise-5-20260809-23:07:31-359440|phase3|5|7,5,5,5,sha3,10,,,,1,5-7,0.012003,0.017665,0.17536
428,0,0.075616,0.075616,0.0,95,sha3,pair=UAV5<->UAV8; config=HighNoise,0.075616,0.0,0.0,0.0,0.0,0.0,HighNoise,HighNoise-5-20260809-23:07:31-359440,5,8,HighNoise-5-20260809-23:07:31-359440|phase3|5|8,5,5,5,sha3,10,,,,1,5-8,0.004008,0.008056,0.060758
429,0,0.076117,0.076117,0.0,95,sha3,pair=UAV5<->UAV9; config=HighNoise,0.076117,0.0,0.0,0.0,0.0,0.0,HighNoise,HighNoise-5-20260809-23:07:31-359440,5,9,HighNoise-5-20260809-23:07:31-359440|phase3|5|9,5,5,5,sha3,10,,,,1,5-9,0.003917,0.008026,0.060808
430,0,0.227925,0.0,0.227925,95,sha3,pair=UAV6<->UAV0; config=HighNoise,0.0,0.0,0.227925,0.0,0.0,0.0,HighNoise,HighNoise-5-20260809-23:07:31-359440,6,0,HighNoise-5-20260809-23:07:31-359440|phase3|6|0,5,5,5,sha3,10,,,,0,0-6,0.0,0.0,0.0
431,0,0.237949,0.0,0.237949,95,sha3,pair=UAV6<->UAV1; config=HighNoise,0.0,0.0,0.237949,0.0,0.0,0.0,HighNoise,HighNoise-5-20260809-23:07:31-359440,6,1,HighNoise-5-20260809-23:07:31-359440|phase3|6|1,5,5,5,sha3,10,,,,0,1-6,0.0,0.0,0.0
432,0,0.246566,0.0,0.246566,95,sha3,pair=UAV6<->UAV2; config=HighNoise,0.0,0.0,0.246566,0.0,0.0,0.0,HighNoise,HighNoise-5-20260809-23:07:31-359440,6,2,HighNoise-5-20260809-23:07:31-359440|phase3|6|2,5,5,5,sha3,10,,,,0,2-6,0.0,0.0,0.0
433,0,0.234118,0.0,0.234118,95,sha3,pair=UAV6<->UAV5; config=HighNoise,0.0,0.0,0.234118,0.0,0.0,0.0,HighNoise,HighNoise-5-20260809-23:07:31-359440,6,5,HighNoise-5-20260809-23:07:31-359440|phase3|6|5,5,5,5,sha3,10,,,,0,5-6,0.0,0.0,0.0
434,1,0.354871,0.084123,0.383186,197,sha3,pair=UAV7<->UAV0; config=HighNoise,0.0,0.084123,0.235353,0.0,0.0,0.147833,HighNoise,HighNoise-5-20260809-23:07:31-359440,7,0,HighNoise-5-20260809-23:07:31-359440|phase3|7|0,5,5,5,sha3,10,,,,0,0-7,0.012204,0.017814,0.184507
435,1,0.358846,0.091517,0.394275,197,sha3,pair=UAV7<->UAV1; config=HighNoise,0.0,0.091517,0.24369,0.0,0.0,0.150585,HighNoise,HighNoise-5-20260809-23:07:31-359440,7,1,HighNoise-5-20260809-23:07:31-359440|phase3|7|1,5,5,5,sha3,10,,,,0,1-7,0.012385,0.017333,0.186431
436,1,0.384687,0.081718,0.434821,197,sha3,pair=UAV7<->UAV2; config=HighNoise,0.0,0.081718,0.286807,0.0,0.0,0.148014,HighNoise,HighNoise-5-20260809-23:07:31-359440,7,2,HighNoise-5-20260809-23:07:31-359440|phase3|7|2,5,5,5,sha3,10,,,,0,2-7,0.011773,0.017875,0.183335
437,1,0.359603,0.080917,0.409783,197,sha3,pair=UAV7<->UAV5; config=HighNoise,0.0,0.080917,0.269688,0.0,0.0,0.140095,HighNoise,HighNoise-5-20260809-23:07:31-359440,7,5,HighNoise-5-20260809-23:07:31-359440|phase3|7|5,5,5,5,sha3,10,,,,0,5-7,0.011753,0.017533,0.17566
438,0,0.075496,0.075496,0.0,95,sha3,pair=UAV7<->UAV8; config=HighNoise,0.075496,0.0,0.0,0.0,0.0,0.0,HighNoise,HighNoise-5-20260809-23:07:31-359440,7,8,HighNoise-5-20260809-23:07:31-359440|phase3|7|8,5,5,5,sha3,10,,,,1,7-8,0.004008,0.008056,0.060838
439,0,0.076208,0.076208,0.0,95,sha3,pair=UAV7<->UAV9; config=HighNoise,0.076208,0.0,0.0,0.0,0.0,0.0,HighNoise,HighNoise-5-20260809-23:07:31-359440,7,9,HighNoise-5-20260809-23:07:31-359440|phase3|7|9,5,5,5,sha3,10,,,,1,7-9,0.003938,0.008055,0.060828
440,0,0.233898,0.0,0.233898,95,sha3,pair=UAV8<->UAV0; config=HighNoise,0.0,0.0,0.233898,0.0,0.0,0.0,HighNoise,HighNoise-5-20260809-23:07:31-359440,8,0,HighNoise-5-20260809-23:07:31-359440|phase3|8|0,5,5,5,sha3,10,,,,0,0-8,0.0,0.0,0.0
441,0,0.241256,0.0,0.241256,95,sha3,pair=UAV8<->UAV1; config=HighNoise,0.0,0.0,0.241256,0.0,0.0,0.0,HighNoise,HighNoise-5-20260809-23:07:31-359440,8,1,HighNoise-5-20260809-23:07:31-359440|phase3|8|1,5,5,5,sha3,10,,,,0,1-8,0.0,0.0,0.0
442,0,0.257933,0.0,0.257933,95,sha3,pair=UAV8<->UAV2; config=HighNoise,0.0,0.0,0.257933,0.0,0.0,0.0,HighNoise,HighNoise-5-20260809-23:07:31-359440,8,2,HighNoise-5-20260809-23:07:31-359440|phase3|8|2,5,5,5,sha3,10,,,,0,2-8,0.0,0.0,0.0
443,0,0.237985,0.0,0.237985,95,sha3,pair=UAV8<->UAV5; config=HighNoise,0.0,0.0,0.237985,0.0,0.0,0.0,HighNoise,HighNoise-5-20260809-23:07:31-359440,8,5,HighNoise-5-20260809-23:07:31-359440|phase3|8|5,5,5,5,sha3,10,,,,0,5-8,0.0,0.0,0.0
444,0,0.258539,0.0,0.258539,95,sha3,pair=UAV8<->UAV7; config=HighNoise,0.0,0.0,0.258539,0.0,0.0,0.0,HighNoise,HighNoise-5-20260809-23:07:31-359440,8,7,HighNoise-5-20260809-23:07:31-359440|phase3|8|7,5,5,5,sha3,10,,,,0,7-8,0.0,0.0,0.0
445,0,0.244095,0.0,0.244095,95,sha3,pair=UAV9<->UAV0; config=HighNoise,0.0,0.0,0.244095,0.0,0.0,0.0,HighNoise,HighNoise-5-20260809-23:07:31-359440,9,0,HighNoise-5-20260809-23:07:31-359440|phase3|9|0,5,5,5,sha3,10,,,,0,0-9,0.0,0.0,0.0
446,0,0.245068,0.0,0.245068,95,sha3,pair=UAV9<->UAV1; config=HighNoise,0.0,0.0,0.245068,0.0,0.0,0.0,HighNoise,HighNoise-5-20260809-23:07:31-359440,9,1,HighNoise-5-20260809-23:07:31-359440|phase3|9|1,5,5,5,sha3,10,,,,0,1-9,0.0,0.0,0.0
447,0,0.238977,0.0,0.238977,95,sha3,pair=UAV9<->UAV2; config=HighNoise,0.0,0.0,0.238977,0.0,0.0,0.0,HighNoise,HighNoise-5-20260809-23:07:31-359440,9,2,HighNoise-5-20260809-23:07:31-359440|phase3|9|2,5,5,5,sha3,10,,,,0,2-9,0.0,0.0,0.0
448,0,0.249008,0.0,0.249008,95,sha3,pair=UAV9<->UAV5; config=HighNoise,0.0,0.0,0.249008,0.0,0.0,0.0,HighNoise,HighNoise-5-20260809-23:07:31-359440,9,5,HighNoise-5-20260809-23:07:31-359440|phase3|9|5,5,5,5,sha3,10,,,,0,5-9,0.0,0.0,0.0
449,0,0.239163,0.0,0.239163,95,sha3,pair=UAV9<->UAV7; config=HighNoise,0.0,0.0,0.239163,0.0,0.0,0.0,HighNoise,HighNoise-5-20260809-23:07:31-359440,9,7,HighNoise-5-20260809-23:07:31-359440|phase3|9|7,5,5,5,sha3,10,,,,0,7-9,0.0,0.0,0.0
450,1,0.467965,0.213925,0.217631,197,sha3,pair=UAV0<->UAV1; config=HighNoise,0.080707,0.0,0.0,0.133218,0.217631,0.0,HighNoise,HighNoise-6-20260809-23:07:32-359440,0,1,HighNoise-6-20260809-23:07:32-359440|phase3|0|1,6,6,6,sha3,10,,,,1,0-1,0.012242,0.017985,0.177305
451,1,0.458874,0.21146,0.222669,197,sha3,pair=UAV0<->UAV2; config=HighNoise,0.077981,0.0,0.0,0.133479,0.222669,0.0,HighNoise,HighNoise-6-20260809-23:07:32-359440,0,2,HighNoise-6-20260809-23:07:32-359440|phase3|0|2,6,6,6,sha3,10,,,,1,0-2,0.012043,0.017694,0.174769
452,0,0.078453,0.078453,0.0,95,sha3,pair=UAV0<->UAV3; config=HighNoise,0.078453,0.0,0.0,0.0,0.0,0.0,HighNoise,HighNoise-6-20260809-23:07:32-359440,0,3,HighNoise-6-20260809-23:07:32-359440|phase3|0|3,6,6,6,sha3,10,,,,1,0-3,0.004098,0.008126,0.062562
453,0,0.078522,0.078522,0.0,95,sha3,pair=UAV0<->UAV4; config=HighNoise,0.078522,0.0,0.0,0.0,0.0,0.0,HighNoise,HighNoise-6-20260809-23:07:32-359440,0,4,HighNoise-6-20260809-23:07:32-359440|phase3|0|4,6,6,6,sha3,10,,,,1,0-4,0.003978,0.008537,0.06174
454,1,0.508752,0.302958,0.23282,197,sha3,pair=UAV0<->UAV5; config=HighNoise,0.077961,0.0,0.0,0.224997,0.23282,0.0,HighNoise,HighNoise-6-20260809-23:07:32-359440,0,5,HighNoise-6-20260809-23:07:32-359440|phase3|0|5,6,6,6,sha3,10,,,,1,0-5,0.0156,0.034267,0.24716
455,1,0.443407,0.210198,0.211923,197,sha3,pair=UAV0<->UAV6; config=HighNoise,0.076348,0.0,0.0,0.13385,0.211923,0.0,HighNoise,HighNoise-6-20260809-23:07:32-359440,0,6,HighNoise-6-20260809-23:07:32-359440|phase3|0|6,6,6,6,sha3,10,,,,1,0-6,0.012003,0.017464,0.175592
456,1,0.442403,0.210639,0.208081,197,sha3,pair=UAV0<->UAV7; config=HighNoise,0.076719,0.0,0.0,0.13392,0.208081,0.0,HighNoise,HighNoise-6-20260809-23:07:32-359440,0,7,HighNoise-6-20260809-23:07:32-359440|phase3|0|7,6,6,6,sha3,10,,,,1,0-7,0.012155,0.017413,0.175802
457,1,0.501163,0.251017,0.242506,197,sha3,pair=UAV0<->UAV8; config=HighNoise,0.076659,0.0,0.0,0.174358,0.242506,0.0,HighNoise,HighNoise-6-20260809-23:07:32-359440,0,8,HighNoise-6-20260809-23:07:32-359440|phase3|0|8,6,6,6,sha3,10,,,,1,0-8,0.015671,0.023305,0.2056
458,1,0.483814,0.270225,0.2503,197,sha3,pair=UAV0<->UAV9; config=HighNoise,0.078783,0.0,0.0,0.191442,0.2503,0.0,HighNoise,HighNoise-6-20260809-23:07:32-359440,0,9,HighNoise-6-20260809-23:07:32-359440|phase3|0|9,6,6,6,sha3,10,,,,1,0-9,0.018306,0.023967,0.219657
459,1,0.371762,0.080106,0.404466,197,sha3,pair=UAV1<->UAV0; config=HighNoise,0.0,0.080106,0.250335,0.0,0.0,0.154131,HighNoise,HighNoise-6-20260809-23:07:32-359440,1,0,HighNoise-6-20260809-23:07:32-359440|phase3|1|0,6,6,6,sha3,10,,,,0,0-1,0.011812,0.017444,0.17502
460,1,0.446306,0.220359,0.211208,197,sha3,pair=UAV1<->UAV2; config=HighNoise,0.082431,0.0,0.0,0.137928,0.211208,0.0,HighNoise,HighNoise-6-20260809-23:07:32-359440,1,2,HighNoise-6-20260809-23:07:32-359440|phase3|1|2,6,6,6,sha3,10,,,,1,1-2,0.014758,0.017955,0.181292
461,0,0.07712,0.07712,0.0,95,sha3,pair=UAV1<->UAV3; config=HighNoise,0.07712,0.0,0.0,0.0,0.0,0.0,HighNoise,HighNoise-6-20260809-23:07:32-359440,1,3,HighNoise-6-20260809-23:07:32-359440|phase3|1|3,6,6,6,sha3,10,,,,1,1-3,0.004038,0.008045,0.060708
462,0,0.085195,0.085195,0.0,95,sha3,pair=UAV1<->UAV4; config=HighNoise,0.085195,0.0,0.0,0.0,0.0,0.0,HighNoise,HighNoise-6-20260809-23:07:32-359440,1,4,HighNoise-6-20260809-23:07:32-359440|phase3|1|4,6,6,6,sha3,10,,,,1,1-4,0.004118,0.008116,0.070066
463,1,0.444637,0.220488,0.210782,197,sha3,pair=UAV1<->UAV5; config=HighNoise,0.077821,0.0,0.0,0.142667,0.210782,0.0,HighNoise,HighNoise-6-20260809-23:07:32-359440,1,5,HighNoise-6-20260809-23:07:32-359440|phase3|1|5,6,6,6,sha3,10,,,,1,1-5,0.011792,0.018416,0.184399
464,1,0.47383,0.264724,0.210022,197,sha3,pair=UAV1<->UAV6; config=HighNoise,0.075406,0.0,0.0,0.189318,0.210022,0.0,HighNoise,HighNoise-6-20260809-23:07:32-359440,1,6,HighNoise-6-20260809-23:07:32-359440|phase3|1|6,6,6,6,sha3,10,,,,1,1-6,0.018666,0.026893,0.213565
465,1,0.461878,0.209516,0.23273,197,sha3,pair=UAV1<->UAV7; config=HighNoise,0.075947,0.0,0.0,0.133569,0.23273,0.0,HighNoise,HighNoise-6-20260809-23:07:32-359440,1,7,HighNoise-6-20260809-23:07:32-359440|phase3|1|7,6,6,6,sha3,10,,,,1,1-7,0.011892,0.017443,0.17499
466,1,0.44952,0.276457,0.206799,197,sha3,pair=UAV1<->UAV8; config=HighNoise,0.075246,0.0,0.0,0.201211,0.206799,0.0,HighNoise,HighNoise-6-20260809-23:07:32-359440,1,8,HighNoise-6-20260809-23:07:32-359440|phase3|1|8,6,6,6,sha3,10,,,,1,1-8,0.018576,0.027333,0.223715
467,1,0.440049,0.214467,0.205966,197,sha3,pair=UAV1<->UAV9; config=HighNoise,0.077571,0.0,0.0,0.136896,0.205966,0.0,HighNoise,HighNoise-6-20260809-23:07:32-359440,1,9,HighNoise-6-20260809-23:07:32-359440|phase3|1|9,6,6,6,sha3,10,,,,1,1-9,0.012144,0.018225,0.176973
468,1,0.362012,0.080687,0.375547,197,sha3,pair=UAV2<->UAV0; config=HighNoise,0.0,0.080687,0.236204,0.0,0.0,0.139342,HighNoise,HighNoise-6-20260809-23:07:32-359440,2,0,HighNoise-6-20260809-23:07:32-359440|phase3|2|0,6,6,6,sha3,10,,,,0,0-2,0.011763,0.017725,0.175631
469,1,0.354056,0.082129,0.377945,197,sha3,pair=UAV2<->UAV1; config=HighNoise,0.0,0.082129,0.235098,0.0,0.0,0.142847,HighNoise,HighNoise-6-20260809-23:07:32-359440,2,1,HighNoise-6-20260809-23:07:32-359440|phase3|2|1,6,6,6,sha3,10,,,,0,1-2,0.011903,0.017765,0.175422
470,0,0.07747,0.07747,0.0,95,sha3,pair=UAV2<->UAV3; config=HighNoise,0.07747,0.0,0.0,0.0,0.0,0.0,HighNoise,HighNoise-6-20260809-23:07:32-359440,2,3,HighNoise-6-20260809-23:07:32-359440|phase3|2|3,6,6,6,sha3,10,,,,1,2-3,0.004218,0.008647,0.061099
471,0,0.076609,0.076609,0.0,95,sha3,pair=UAV2<->UAV4; config=HighNoise,0.076609,0.0,0.0,0.0,0.0,0.0,HighNoise,HighNoise-6-20260809-23:07:32-359440,2,4,HighNoise-6-20260809-23:07:32-359440|phase3|2|4,6,6,6,sha3,10,,,,1,2-4,0.003968,0.008005,0.060838
472,1,0.46871,0.211051,0.229178,197,sha3,pair=UAV2<->UAV5; config=HighNoise,0.076689,0.0,0.0,0.134362,0.229178,0.0,HighNoise,HighNoise-6-20260809-23:07:32-359440,2,5,HighNoise-6-20260809-23:07:32-359440|phase3|2|5,6,6,6,sha3,10,,,,1,2-5,0.012655,0.017314,0.176764
473,1,0.457899,0.248132,0.218646,197,sha3,pair=UAV2<->UAV6; config=HighNoise,0.076689,0.0,0.0,0.171443,0.218646,0.0,HighNoise,HighNoise-6-20260809-23:07:32-359440,2,6,HighNoise-6-20260809-23:07:32-359440|phase3|2|6,6,6,6,sha3,10,,,,1,2-6,0.016172,0.018896,0.20624
474,1,0.46268,0.208566,0.207558,197,sha3,pair=UAV2<->UAV7; config=HighNoise,0.075226,0.0,0.0,0.13334,0.207558,0.0,HighNoise,HighNoise-6-20260809-23:07:32-359440,2,7,HighNoise-6-20260809-23:07:32-359440|phase3|2|7,6,6,6,sha3,10,,,,1,2-7,0.011883,0.017294,0.17517
475,1,0.464722,0.209968,0.237361,197,sha3,pair=UAV2<->UAV8; config=HighNoise,0.07703,0.0,0.0,0.132938,0.237361,0.0,HighNoise,HighNoise-6-20260809-23:07:32-359440,2,8,HighNoise-6-20260809-23:07:32-359440|phase3|2|8,6,6,6,sha3,10,,,,1,2-8,0.011964,0.017764,0.17484
476,1,0.483955,0.258553,0.230361,197,sha3,pair=UAV2<->UAV9; config=HighNoise,0.076399,0.0,0.0,0.182154,0.230361,0.0,HighNoise,HighNoise-6-20260809-23:07:32-359440,2,9,HighNoise-6-20260809-23:07:32-359440|phase3|2|9,6,6,6,sha3,10,,,,1,2-9,0.016271,0.023506,0.212241
477,0,0.261169,0.0,0.261169,95,sha3,pair=UAV3<->UAV0; config=HighNoise,0.0,0.0,0.261169,0.0,0.0,0.0,HighNoise,HighNoise-6-20260809-23:07:32-359440,3,0,HighNoise-6-20260809-23:07:32-359440|phase3|3|0,6,6,6,sha3,10,,,,0,0-3,0.0,0.0,0.0
478,0,0.234875,0.0,0.234875,95,sha3,pair=UAV3<->UAV1; config=HighNoise,0.0,0.0,0.234875,0.0,0.0,0.0,HighNoise,HighNoise-6-20260809-23:07:32-359440,3,1,HighNoise-6-20260809-23:07:32-359440|phase3|3|1,6,6,6,sha3,10,,,,0,1-3,0.0,0.0,0.0
479,0,0.246422,0.0,0.246422,95,sha3,pair=UAV3<->UAV2; config=HighNoise,0.0,0.0,0.246422,0.0,0.0,0.0,HighNoise,HighNoise-6-20260809-23:07:32-359440,3,2,HighNoise-6-20260809-23:07:32-359440|phase3|3|2,6,6,6,sha3,10,,,,0,2-3,0.0,0.0,0.0
480,0,0.234305,0.0,0.234305,95,sha3,pair=UAV4<->UAV0; config=HighNoise,0.0,0.0,0.234305,0.0,0.0,0.0,HighNoise,HighNoise-6-20260809-23:07:32-359440,4,0,HighNoise-6-20260809-23:07:32-359440|phase3|4|0,6,6,6,sha3,10,,,,0,0-4,0.0,0.0,0.0
481,0,0.241619,0.0,0.241619,95,sha3,pair=UAV4<->UAV1; config=HighNoise,0.0,0.0,0.241619,0.0,0.0,0.0,HighNoise,HighNoise-6-20260809-23:07:32-359440,4,1,HighNoise-6-20260809-23:07:32-359440|phase3|4|1,6,6,6,sha3,10,,,,0,1-4,0.0,0.0,0.0
482,0,0.239873,0.0,0.239873,95,sha3,pair=UAV4<->UAV2; config=HighNoise,0.0,0.0,0.239873,0.0,0.0,0.0,HighNoise,HighNoise-6-20260809-23:07:32-359440,4,2,HighNoise-6-20260809-23:07:32-359440|phase3|4|2,6,6,6,sha3,10,,,,0,2-4,0.0,0.0,0.0
483,1,0.408715,0.081007,0.451828,197,sha3,pair=UAV5<->UAV0; config=HighNoise,0.0,0.081007,0.275932,0.0,0.0,0.175896,HighNoise,HighNoise-6-20260809-23:07:32-359440,5,0,HighNoise-6-20260809-23:07:32-359440|phase3|5|0,6,6,6,sha3,10,,,,0,0-5,0.011672,0.017574,0.175401
484,1,0.365998,0.080456,0.389071,197,sha3,pair=UAV5<->UAV1; config=HighNoise,0.0,0.080456,0.233855,0.0,0.0,0.155216,HighNoise,HighNoise-6-20260809-23:07:32-359440,5,1,HighNoise-6-20260809-23:07:32-359440|phase3|5|1,6,6,6,sha3,10,,,,0,1-5,0.011804,0.017454,0.17525
485,1,0.368193,0.080907,0.378547,197,sha3,pair=UAV5<->UAV2; config=HighNoise,0.0,0.080907,0.239532,0.0,0.0,0.139015,HighNoise,HighNoise-6-20260809-23:07:32-359440,5,2,HighNoise-6-20260809-23:07:32-359440|phase3|5|2,6,6,6,sha3,10,,,,0,2-5,0.011683,0.017264,0.17494
486,1,0.495736,0.269755,0.232819,197,sha3,pair=UAV5<->UAV6; config=HighNoise,0.087611,0.0,0.0,0.182144,0.232819,0.0,HighNoise,HighNoise-6-20260809-23:07:32-359440,5,6,HighNoise-6-20260809-23:07:32-359440|phase3|5|6,6,6,6,sha3,10,,,,1,5-6,0.019267,0.023385,0.213114
487,1,0.473035,0.25763,0.206639,197,sha3,pair=UAV5<->UAV7; config=HighNoise,0.076869,0.0,0.0,0.180761,0.206639,0.0,HighNoise,HighNoise-6-20260809-23:07:32-359440,5,7,HighNoise-6-20260809-23:07:32-359440|phase3|5|7,6,6,6,sha3,10,,,,1,5-7,0.017575,0.023416,0.208735
488,1,0.47074,0.270726,0.215055,197,sha3,pair=UAV5<->UAV8; config=HighNoise,0.075216,0.0,0.0,0.19551,0.215055,0.0,HighNoise,HighNoise-6-20260809-23:07:32-359440,5,8,HighNoise-6-20260809-23:07:32-359440|phase3|5|8,6,6,6,sha3,10,,,,1,5-8,0.019237,0.021291,0.224356
489,1,0.448922,0.237673,0.207871,197,sha3,pair=UAV5<->UAV9; config=HighNoise,0.076449,0.0,0.0,0.161224,0.207871,0.0,HighNoise,HighNoise-6-20260809-23:07:32-359440,5,9,HighNoise-6-20260809-23:07:32-359440|phase3|5|9,6,6,6,sha3,10,,,,1,5-9,0.011992,0.028396,0.190991
490,1,0.364499,0.081799,0.38406,197,sha3,pair=UAV6<->UAV0; config=HighNoise,0.0,0.081799,0.231484,0.0,0.0,0.152576,HighNoise,HighNoise-6-20260809-23:07:32-359440,6,0,HighNoise-6-20260809-23:07:32-359440|phase3|6|0,6,6,6,sha3,10,,,,0,0-6,0.011974,0.018035,0.18522
491,1,0.357974,0.084174,0.411761,197,sha3,pair=UAV6<->UAV1; config=HighNoise,0.0,0.084174,0.263809,0.0,0.0,0.147952,HighNoise,HighNoise-6-20260809-23:07:32-359440,6,1,HighNoise-6-20260809-23:07:32-359440|phase3|6|1,6,6,6,sha3,10,,,,0,1-6,0.011813,0.020239,0.175771
492,1,0.420036,0.080236,0.440643,197,sha3,pair=UAV6<->UAV2; config=HighNoise,0.0,0.080236,0.239253,0.0,0.0,0.20139,HighNoise,HighNoise-6-20260809-23:07:32-359440,6,2,HighNoise-6-20260809-23:07:32-359440|phase3|6|2,6,6,6,sha3,10,,,,0,2-6,0.011663,0.017554,0.175221
493,1,0.381404,0.090646,0.411502,197,sha3,pair=UAV6<->UAV5; config=HighNoise,0.0,0.090646,0.262917,0.0,0.0,0.148585,HighNoise,HighNoise-6-20260809-23:07:32-359440,6,5,HighNoise-6-20260809-23:07:32-359440|phase3|6|5,6,6,6,sha3,10,,,,0,5-6,0.011893,0.017464,0.184639
494,1,0.448087,0.211651,0.206473,197,sha3,pair=UAV6<->UAV7; config=HighNoise,0.076188,0.0,0.0,0.135463,0.206473,0.0,HighNoise,HighNoise-6-20260809-23:07:32-359440,6,7,HighNoise-6-20260809-23:07:32-359440|phase3|6|7,6,6,6,sha3,10,,,,1,6-7,0.011893,0.017695,0.176863
495,1,0.479152,0.269504,0.248961,197,sha3,pair=UAV6<->UAV8; config=HighNoise,0.076449,0.0,0.0,0.193055,0.248961,0.0,HighNoise,HighNoise-6-20260809-23:07:32-359440,6,8,HighNoise-6-20260809-23:07:32-359440|phase3|6|8,6,6,6,sha3,10,,,,1,6-8,0.017033,0.02609,0.219557
496,1,0.470245,0.277229,0.213914,197,sha3,pair=UAV6<->UAV9; config=HighNoise,0.075918,0.0,0.0,0.201311,0.213914,0.0,HighNoise,HighNoise-6-20260809-23:07:32-359440,6,9,HighNoise-6-20260809-23:07:32-359440|phase3|6|9,6,6,6,sha3,10,,,,1,6-9,0.017725,0.026952,0.226109
497,1,0.365122,0.081228,0.391364,197,sha3,pair=UAV7<->UAV0; config=HighNoise,0.0,0.081228,0.234322,0.0,0.0,0.157042,HighNoise,HighNoise-6-20260809-23:07:32-359440,7,0,HighNoise-6-20260809-23:07:32-359440|phase3|7|0,6,6,6,sha3,10,,,,0,0-7,0.011864,0.017354,0.175782
498,1,0.38039,0.081218,0.376809,197,sha3,pair=UAV7<->UAV1; config=HighNoise,0.0,0.081218,0.229149,0.0,0.0,0.14766,HighNoise,HighNoise-6-20260809-23:07:32-359440,7,1,HighNoise-6-20260809-23:07:32-359440|phase3|7|1,6,6,6,sha3,10,,,,0,1-7,0.011893,0.017344,0.175451
499,1,0.351986,0.087109,0.399549,197,sha3,pair=UAV7<->UAV2; config=HighNoise,0.0,0.087109,0.255121,0.0,0.0,0.144428,HighNoise,HighNoise-6-20260809-23:07:32-359440,7,2,HighNoise-6-20260809-23:07:32-359440|phase3|7|2,6,6,6,sha3,10,,,,0,2-7,0.0158,0.017354,0.176693
500,1,0.365885,0.080958,0.425641,197,sha3,pair=UAV7<->UAV5; config=HighNoise,0.0,0.080958,0.266396,0.0,0.0,0.159245,HighNoise,HighNoise-6-20260809-23:07:32-359440,7,5,HighNoise-6-20260809-23:07:32-359440|phase3|7|5,6,6,6,sha3,10,,,,0,5-7,0.011833,0.017514,0.175441
501,1,0.340977,0.084313,0.376119,197,sha3,pair=UAV7<->UAV6; config=HighNoise,0.0,0.084313,0.241614,0.0,0.0,0.134505,HighNoise,HighNoise-6-20260809-23:07:32-359440,7,6,HighNoise-6-20260809-23:07:32-359440|phase3|7|6,6,6,6,sha3,10,,,,0,6-7,0.014898,0.021081,0.209778
502,1,0.45167,0.2774,0.207829,197,sha3,pair=UAV7<->UAV8; config=HighNoise,0.07707,0.0,0.0,0.20033,0.207829,0.0,HighNoise,HighNoise-6-20260809-23:07:32-359440,7,8,HighNoise-6-20260809-23:07:32-359440|phase3|7|8,6,6,6,sha3,10,,,,1,7-8,0.018817,0.026571,0.223754
503,1,0.441302,0.212573,0.209276,197,sha3,pair=UAV7<->UAV9; config=HighNoise,0.075767,0.0,0.0,0.136806,0.209276,0.0,HighNoise,HighNoise-6-20260809-23:07:32-359440,7,9,HighNoise-6-20260809-23:07:32-359440|phase3|7|9,6,6,6,sha3,10,,,,1,7-9,0.011894,0.019187,0.175221
504,1,0.378185,0.079915,0.394336,197,sha3,pair=UAV8<->UAV0; config=HighNoise,0.0,0.079915,0.258657,0.0,0.0,0.135679,HighNoise,HighNoise-6-20260809-23:07:32-359440,8,0,HighNoise-6-20260809-23:07:32-359440|phase3|8|0,6,6,6,sha3,10,,,,0,0-8,0.011652,0.017183,0.17506
505,1,0.348163,0.081057,0.384087,197,sha3,pair=UAV8<->UAV1; config=HighNoise,0.0,0.081057,0.242722,0.0,0.0,0.141365,HighNoise,HighNoise-6-20260809-23:07:32-359440,8,1,HighNoise-6-20260809-23:07:32-359440|phase3|8|1,6,6,6,sha3,10,,,,0,1-8,0.012004,0.017534,0.175953
506,1,0.378863,0.084324,0.368862,197,sha3,pair=UAV8<->UAV2; config=HighNoise,0.0,0.084324,0.227361,0.0,0.0,0.141502,HighNoise,HighNoise-6-20260809-23:07:32-359440,8,2,HighNoise-6-20260809-23:07:32-359440|phase3|8|2,6,6,6,sha3,10,,,,0,2-8,0.012253,0.017244,0.17516
507,1,0.383811,0.084605,0.42444,197,sha3,pair=UAV8<->UAV5; config=HighNoise,0.0,0.084605,0.255685,0.0,0.0,0.168755,HighNoise,HighNoise-6-20260809-23:07:32-359440,8,5,HighNoise-6-20260809-23:07:32-359440|phase3|8|5,6,6,6,sha3,10,,,,0,5-8,0.011882,0.018796,0.175241
508,1,0.390032,0.091948,0.371262,197,sha3,pair=UAV8<->UAV6; config=HighNoise,0.0,0.091948,0.230191,0.0,0.0,0.141071,HighNoise,HighNoise-6-20260809-23:07:32-359440,8,6,HighNoise-6-20260809-23:07:32-359440|phase3|8|6,6,6,6,sha3,10,,,,0,6-8,0.021453,0.017384,0.176213
509,1,0.365494,0.080146,0.401506,197,sha3,pair=UAV8<->UAV7; config=HighNoise,0.0,0.080146,0.243841,0.0,0.0,0.157666,HighNoise,HighNoise-6-20260809-23:07:32-359440,8,7,HighNoise-6-20260809-23:07:32-359440|phase3|8|7,6,6,6,sha3,10,,,,0,7-8,0.011652,0.017474,0.183025
510,1,0.475761,0.270805,0.225043,197,sha3,pair=UAV8<->UAV9; config=HighNoise,0.075907,0.0,0.0,0.194898,0.225043,0.0,HighNoise,HighNoise-6-20260809-23:07:32-359440,8,9,HighNoise-6-20260809-23:07:32-359440|phase3|8|9,6,6,6,sha3,10,,,,1,8-9,0.016752,0.024999,0.222793
511,1,0.390876,0.081498,0.374089,197,sha3,pair=UAV9<->UAV0; config=HighNoise,0.0,0.081498,0.233513,0.0,0.0,0.140575,HighNoise,HighNoise-6-20260809-23:07:32-359440,9,0,HighNoise-6-20260809-23:07:32-359440|phase3|9|0,6,6,6,sha3,10,,,,0,0-9,0.011713,0.019909,0.206782
512,1,0.346854,0.080706,0.374972,197,sha3,pair=UAV9<->UAV1; config=HighNoise,0.0,0.080706,0.234084,0.0,0.0,0.140888,HighNoise,HighNoise-6-20260809-23:07:32-359440,9,1,HighNoise-6-20260809-23:07:32-359440|phase3|9|1,6,6,6,sha3,10,,,,0,1-9,0.016201,0.02549,0.207935
513,1,0.364638,0.083803,0.387871,197,sha3,pair=UAV9<->UAV2; config=HighNoise,0.0,0.083803,0.253594,0.0,0.0,0.134277,HighNoise,HighNoise-6-20260809-23:07:32-359440,9,2,HighNoise-6-20260809-23:07:32-359440|phase3|9|2,6,6,6,sha3,10,,,,0,2-9,0.011692,0.018075,0.175401
514,1,0.366303,0.09814,0.399483,197,sha3,pair=UAV9<->UAV5; config=HighNoise,0.0,0.09814,0.241051,0.0,0.0,0.158432,HighNoise,HighNoise-6-20260809-23:07:32-359440,9,5,HighNoise-6-20260809-23:07:32-359440|phase3|9|5,6,6,6,sha3,10,,,,0,5-9,0.01553,0.017234,0.187144
515,1,0.363639,0.084124,0.406056,197,sha3,pair=UAV9<->UAV6; config=HighNoise,0.0,0.084124,0.256331,0.0,0.0,0.149725,HighNoise,HighNoise-6-20260809-23:07:32-359440,9,6,HighNoise-6-20260809-23:07:32-359440|phase3|9|6,6,6,6,sha3,10,,,,0,6-9,0.012023,0.018446,0.177916
516,1,0.351938,0.081318,0.374687,197,sha3,pair=UAV9<->UAV7; config=HighNoise,0.0,0.081318,0.232026,0.0,0.0,0.142661,HighNoise,HighNoise-6-20260809-23:07:32-359440,9,7,HighNoise-6-20260809-23:07:32-359440|phase3|9|7,6,6,6,sha3,10,,,,0,7-9,0.011993,0.017583,0.176382
517,1,0.375244,0.089193,0.400919,197,sha3,pair=UAV9<->UAV8; config=HighNoise,0.0,0.089193,0.250718,0.0,0.0,0.150201,HighNoise,HighNoise-6-20260809-23:07:32-359440,9,8,HighNoise-6-20260809-23:07:32-359440|phase3|9|8,6,6,6,sha3,10,,,,0,8-9,0.013688,0.019088,0.185149
518,0,0.083743,0.083743,0.0,95,sha3,pair=UAV1<->UAV2; config=HighNoise,0.083743,0.0,0.0,0.0,0.0,0.0,HighNoise,HighNoise-7-20260809-23:07:33-359440,1,2,HighNoise-7-20260809-23:07:33-359440|phase3|1|2,7,7,7,sha3,10,,,,1,1-2,0.00537,0.008296,0.064866
519,1,0.478755,0.213425,0.235416,197,sha3,pair=UAV1<->UAV3; config=HighNoise,0.079825,0.0,0.0,0.1336,0.235416,0.0,HighNoise,HighNoise-7-20260809-23:07:33-359440,1,3,HighNoise-7-20260809-23:07:33-359440|phase3|1|3,7,7,7,sha3,10,,,,1,1-3,0.011903,0.017525,0.175892
520,0,0.076168,0.076168,0.0,95,sha3,pair=UAV1<->UAV4; config=HighNoise,0.076168,0.0,0.0,0.0,0.0,0.0,HighNoise,HighNoise-7-20260809-23:07:33-359440,1,4,HighNoise-7-20260809-23:07:33-359440|phase3|1|4,7,7,7,sha3,10,,,,1,1-4,0.003998,0.008086,0.060959
521,1,0.462189,0.209598,0.210577,197,sha3,pair=UAV1<->UAV5; config=HighNoise,0.076519,0.0,0.0,0.133079,0.210577,0.0,HighNoise,HighNoise-7-20260809-23:07:33-359440,1,5,HighNoise-7-20260809-23:07:33-359440|phase3|1|5,7,7,7,sha3,10,,,,1,1-5,0.012134,0.017414,0.175041
522,1,0.463777,0.217063,0.207098,197,sha3,pair=UAV1<->UAV6; config=HighNoise,0.076349,0.0,0.0,0.140714,0.207098,0.0,HighNoise,HighNoise-7-20260809-23:07:33-359440,1,6,HighNoise-7-20260809-23:07:33-359440|phase3|1|6,7,7,7,sha3,10,,,,1,1-6,0.012164,0.018396,0.181965
523,1,0.444964,0.233094,0.210522,197,sha3,pair=UAV1<->UAV7; config=HighNoise,0.098692,0.0,0.0,0.134402,0.210522,0.0,HighNoise,HighNoise-7-20260809-23:07:33-359440,1,7,HighNoise-7-20260809-23:07:33-359440|phase3|1|7,7,7,7,sha3,10,,,,1,1-7,0.012374,0.017393,0.197285
524,1,0.491905,0.216613,0.21199,197,sha3,pair=UAV1<->UAV8; config=HighNoise,0.082361,0.0,0.0,0.134252,0.21199,0.0,HighNoise,HighNoise-7-20260809-23:07:33-359440,1,8,HighNoise-7-20260809-23:07:33-359440|phase3|1|8,7,7,7,sha3,10,,,,1,1-8,0.015068,0.017553,0.178568
525,1,0.449821,0.211913,0.21526,197,sha3,pair=UAV1<->UAV9; config=HighNoise,0.07708,0.0,0.0,0.134833,0.21526,0.0,HighNoise,HighNoise-7-20260809-23:07:33-359440,1,9,HighNoise-7-20260809-23:07:33-359440|phase3|1|9,7,7,7,sha3,10,,,,1,1-9,0.012384,0.017984,0.176112
526,0,0.228743,0.0,0.228743,95,sha3,pair=UAV2<->UAV1; config=HighNoise,0.0,0.0,0.228743,0.0,0.0,0.0,HighNoise,HighNoise-7-20260809-23:07:33-359440,2,1,HighNoise-7-20260809-23:07:33-359440|phase3|2|1,7,7,7,sha3,10,,,,0,1-2,0.0,0.0,0.0
527,1,0.406181,0.080596,0.414104,197,sha3,pair=UAV3<->UAV1; config=HighNoise,0.0,0.080596,0.243339,0.0,0.0,0.170765,HighNoise,HighNoise-7-20260809-23:07:33-359440,3,1,HighNoise-7-20260809-23:07:33-359440|phase3|3|1,7,7,7,sha3,10,,,,0,1-3,0.011833,0.017585,0.175342
528,0,0.076599,0.076599,0.0,95,sha3,pair=UAV3<->UAV4; config=HighNoise,0.076599,0.0,0.0,0.0,0.0,0.0,HighNoise,HighNoise-7-20260809-23:07:33-359440,3,4,HighNoise-7-20260809-23:07:33-359440|phase3|3|4,7,7,7,sha3,10,,,,1,3-4,0.004669,0.008106,0.060938
529,1,0.485501,0.219448,0.236905,197,sha3,pair=UAV3<->UAV5; config=HighNoise,0.07668,0.0,0.0,0.142768,0.236905,0.0,HighNoise,HighNoise-7-20260809-23:07:33-359440,3,5,HighNoise-7-20260809-23:07:33-359440|phase3|3|5,7,7,7,sha3,10,,,,1,3-5,0.011814,0.017815,0.184259
530,1,0.469352,0.208777,0.23867,197,sha3,pair=UAV3<->UAV6; config=HighNoise,0.075658,0.0,0.0,0.133119,0.23867,0.0,HighNoise,HighNoise-7-20260809-23:07:33-359440,3,6,HighNoise-7-20260809-23:07:33-359440|phase3|3|6,7,7,7,sha3,10,,,,1,3-6,0.011984,0.017313,0.175021
531,1,0.455895,0.209558,0.21322,197,sha3,pair=UAV3<->UAV7; config=HighNoise,0.076038,0.0,0.0,0.13352,0.21322,0.0,HighNoise,HighNoise-7-20260809-23:07:33-359440,3,7,HighNoise-7-20260809-23:07:33-359440|phase3|3|7,7,7,7,sha3,10,,,,1,3-7,0.011814,0.017353,0.175422
532,1,0.452663,0.209358,0.217898,197,sha3,pair=UAV3<->UAV8; config=HighNoise,0.075718,0.0,0.0,0.13364,0.217898,0.0,HighNoise,HighNoise-7-20260809-23:07:33-359440,3,8,HighNoise-7-20260809-23:07:33-359440|phase3|3|8,7,7,7,sha3,10,,,,1,3-8,0.011982,0.017354,0.175502
533,1,0.449202,0.209868,0.218042,197,sha3,pair=UAV3<->UAV9; config=HighNoise,0.076409,0.0,0.0,0.133459,0.218042,0.0,HighNoise,HighNoise-7-20260809-23:07:33-359440,3,9,HighNoise-7-20260809-23:07:33-359440|phase3|3|9,7,7,7,sha3,10,,,,1,3-9,0.011874,0.017384,0.175221
534,0,0.24859,0.0,0.24859,95,sha3,pair=UAV4<->UAV1; config=HighNoise,0.0,0.0,0.24859,0.0,0.0,0.0,HighNoise,HighNoise-7-20260809-23:07:33-359440,4,1,HighNoise-7-20260809-23:07:33-359440|phase3|4|1,7,7,7,sha3,10,,,,0,1-4,0.0,0.0,0.0
535,0,0.228916,0.0,0.228916,95,sha3,pair=UAV4<->UAV3; config=HighNoise,0.0,0.0,0.228916,0.0,0.0,0.0,HighNoise,HighNoise-7-20260809-23:07:33-359440,4,3,HighNoise-7-20260809-23:07:33-359440|phase3|4|3,7,7,7,sha3,10,,,,0,3-4,0.0,0.0,0.0
536,1,0.349457,0.08227,0.390492,197,sha3,pair=UAV5<->UAV1; config=HighNoise,0.0,0.08227,0.251612,0.0,0.0,0.13888,HighNoise,HighNoise-7-20260809-23:07:33-359440,5,1,HighNoise-7-20260809-23:07:33-359440|phase3|5|1,7,7,7,sha3,10,,,,0,1-5,0.011822,0.017574,0.175773
537,1,0.382734,0.079946,0.394425,197,sha3,pair=UAV5<->UAV3; config=HighNoise,0.0,0.079946,0.248596,0.0,0.0,0.145829,HighNoise,HighNoise-7-20260809-23:07:33-359440,5,3,HighNoise-7-20260809-23:07:33-359440|phase3|5|3,7,7,7,sha3,10,,,,0,3-5,0.011782,0.017374,0.175202
538,1,0.462463,0.208926,0.220873,197,sha3,pair=UAV5<->UAV6; config=HighNoise,0.075867,0.0,0.0,0.133059,0.220873,0.0,HighNoise,HighNoise-7-20260809-23:07:33-359440,5,6,HighNoise-7-20260809-23:07:33-359440|phase3|5|6,7,7,7,sha3,10,,,,1,5-6,0.011821,0.017364,0.175231
539,1,0.453043,0.21072,0.220243,197,sha3,pair=UAV5<->UAV7; config=HighNoise,0.077361,0.0,0.0,0.133359,0.220243,0.0,HighNoise,HighNoise-7-20260809-23:07:33-359440,5,7,HighNoise-7-20260809-23:07:33-359440|phase3|5|7,7,7,7,sha3,10,,,,1,5-7,0.011983,0.017393,0.175411
540,1,0.473426,0.208637,0.231716,197,sha3,pair=UAV5<->UAV8; config=HighNoise,0.075457,0.0,0.0,0.13318,0.231716,0.0,HighNoise,HighNoise-7-20260809-23:07:33-359440,5,8,HighNoise-7-20260809-23:07:33-359440|phase3|5|8,7,7,7,sha3,10,,,,1,5-8,0.012042,0.017383,0.175181
541,1,0.44813,0.232923,0.210855,197,sha3,pair=UAV5<->UAV9; config=HighNoise,0.099043,0.0,0.0,0.13388,0.210855,0.0,HighNoise,HighNoise-7-20260809-23:07:33-359440,5,9,HighNoise-7-20260809-23:07:33-359440|phase3|5|9,7,7,7,sha3,10,,,,1,5-9,0.012343,0.017565,0.196784
542,1,0.348612,0.081979,0.398193,197,sha3,pair=UAV6<->UAV1; config=HighNoise,0.0,0.081979,0.256679,0.0,0.0,0.141514,HighNoise,HighNoise-7-20260809-23:07:33-359440,6,1,HighNoise-7-20260809-23:07:33-359440|phase3|6|1,7,7,7,sha3,10,,,,0,1-6,0.012044,0.017534,0.175321
543,1,0.387,0.08201,0.379012,197,sha3,pair=UAV6<->UAV3; config=HighNoise,0.0,0.08201,0.230682,0.0,0.0,0.14833,HighNoise,HighNoise-7-20260809-23:07:33-359440,6,3,HighNoise-7-20260809-23:07:33-359440|phase3|6|3,7,7,7,sha3,10,,,,0,3-6,0.011954,0.017364,0.175461
544,1,0.355105,0.080767,0.375823,197,sha3,pair=UAV6<->UAV5; config=HighNoise,0.0,0.080767,0.241591,0.0,0.0,0.134232,HighNoise,HighNoise-7-20260809-23:07:33-359440,6,5,HighNoise-7-20260809-23:07:33-359440|phase3|6|5,7,7,7,sha3,10,,,,0,5-6,0.011582,0.017733,0.183317
545,1,0.466246,0.211401,0.227685,197,sha3,pair=UAV6<->UAV7; config=HighNoise,0.077872,0.0,0.0,0.133529,0.227685,0.0,HighNoise,HighNoise-7-20260809-23:07:33-359440,6,7,HighNoise-7-20260809-23:07:33-359440|phase3|6|7,7,7,7,sha3,10,,,,1,6-7,0.012213,0.018206,0.175722
546,1,0.468194,0.210088,0.231681,197,sha3,pair=UAV6<->UAV8; config=HighNoise,0.076979,0.0,0.0,0.133109,0.231681,0.0,HighNoise,HighNoise-7-20260809-23:07:33-359440,6,8,HighNoise-7-20260809-23:07:33-359440|phase3|6|8,7,7,7,sha3,10,,,,1,6-8,0.011902,0.017524,0.17508
547,1,0.492299,0.209007,0.231385,197,sha3,pair=UAV6<->UAV9; config=HighNoise,0.075797,0.0,0.0,0.13321,0.231385,0.0,HighNoise,HighNoise-7-20260809-23:07:33-359440,6,9,HighNoise-7-20260809-23:07:33-359440|phase3|6|9,7,7,7,sha3,10,,,,1,6-9,0.011973,0.017203,0.175102
548,1,0.38412,0.117429,0.408041,197,sha3,pair=UAV7<->UAV1; config=HighNoise,0.0,0.117429,0.234442,0.0,0.0,0.173599,HighNoise,HighNoise-7-20260809-23:07:33-359440,7,1,HighNoise-7-20260809-23:07:33-359440|phase3|7|1,7,7,7,sha3,10,,,,0,1-7,0.012234,0.017304,0.21043
549,1,0.367799,0.081599,0.397253,197,sha3,pair=UAV7<->UAV3; config=HighNoise,0.0,0.081599,0.242675,0.0,0.0,0.154578,HighNoise,HighNoise-7-20260809-23:07:33-359440,7,3,HighNoise-7-20260809-23:07:33-359440|phase3|7|3,7,7,7,sha3,10,,,,0,3-7,0.011762,0.017474,0.176113
550,1,0.382275,0.080957,0.394833,197,sha3,pair=UAV7<->UAV5; config=HighNoise,0.0,0.080957,0.2328,0.0,0.0,0.162033,HighNoise,HighNoise-7-20260809-23:07:33-359440,7,5,HighNoise-7-20260809-23:07:33-359440|phase3|7|5,7,7,7,sha3,10,,,,0,5-7,0.011732,0.017383,0.175381
551,1,0.3698,0.080747,0.380676,197,sha3,pair=UAV7<->UAV6; config=HighNoise,0.0,0.080747,0.238561,0.0,0.0,0.142115,HighNoise,HighNoise-7-20260809-23:07:33-359440,7,6,HighNoise-7-20260809-23:07:33-359440|phase3|7|6,7,7,7,sha3,10,,,,0,6-7,0.011673,0.017384,0.175923
552,1,0.471033,0.211341,0.231103,197,sha3,pair=UAV7<->UAV8; config=HighNoise,0.076619,0.0,0.0,0.134722,0.231103,0.0,HighNoise,HighNoise-7-20260809-23:07:33-359440,7,8,HighNoise-7-20260809-23:07:33-359440|phase3|7|8,7,7,7,sha3,10,,,,1,7-8,0.012184,0.017786,0.175211
553,1,0.461457,0.210339,0.211639,197,sha3,pair=UAV7<->UAV9; config=HighNoise,0.076318,0.0,0.0,0.134021,0.211639,0.0,HighNoise,HighNoise-7-20260809-23:07:33-359440,7,9,HighNoise-7-20260809-23:07:33-359440|phase3|7|9,7,7,7,sha3,10,,,,1,7-9,0.012355,0.017464,0.175411
554,1,0.359798,0.081709,0.427723,197,sha3,pair=UAV8<->UAV1; config=HighNoise,0.0,0.081709,0.279915,0.0,0.0,0.147807,HighNoise,HighNoise-7-20260809-23:07:33-359440,8,1,HighNoise-7-20260809-23:07:33-359440|phase3|8|1,7,7,7,sha3,10,,,,0,1-8,0.011703,0.018286,0.175251
555,1,0.356357,0.081658,0.373224,197,sha3,pair=UAV8<->UAV3; config=HighNoise,0.0,0.081658,0.234765,0.0,0.0,0.138459,HighNoise,HighNoise-7-20260809-23:07:33-359440,8,3,HighNoise-7-20260809-23:07:33-359440|phase3|8|3,7,7,7,sha3,10,,,,0,3-8,0.011762,0.017555,0.175362
556,1,0.379317,0.080557,0.389312,197,sha3,pair=UAV8<->UAV5; config=HighNoise,0.0,0.080557,0.24171,0.0,0.0,0.147602,HighNoise,HighNoise-7-20260809-23:07:33-359440,8,5,HighNoise-7-20260809-23:07:33-359440|phase3|8|5,7,7,7,sha3,10,,,,0,5-8,0.013016,0.017233,0.176043
557,1,0.369912,0.080487,0.374743,197,sha3,pair=UAV8<->UAV6; config=HighNoise,0.0,0.080487,0.236513,0.0,0.0,0.13823,HighNoise,HighNoise-7-20260809-23:07:33-359440,8,6,HighNoise-7-20260809-23:07:33-359440|phase3|8|6,7,7,7,sha3,10,,,,0,6-8,0.011823,0.017344,0.17511
558,1,0.376436,0.080867,0.385264,197,sha3,pair=UAV8<->UAV7; config=HighNoise,0.0,0.080867,0.23993,0.0,0.0,0.145333,HighNoise,HighNoise-7-20260809-23:07:33-359440,8,7,HighNoise-7-20260809-23:07:33-359440|phase3|8|7,7,7,7,sha3,10,,,,0,7-8,0.011643,0.017353,0.182717
559,1,0.432508,0.212745,0.204794,197,sha3,pair=UAV8<->UAV9; config=HighNoise,0.075738,0.0,0.0,0.137007,0.204794,0.0,HighNoise,HighNoise-7-20260809-23:07:33-359440,8,9,HighNoise-7-20260809-23:07:33-359440|phase3|8|9,7,7,7,sha3,10,,,,1,8-9,0.012053,0.017954,0.177555
560,1,0.350057,0.082651,0.369358,197,sha3,pair=UAV9<->UAV1; config=HighNoise,0.0,0.082651,0.234561,0.0,0.0,0.134797,HighNoise,HighNoise-7-20260809-23:07:33-359440,9,1,HighNoise-7-20260809-23:07:33-359440|phase3|9|1,7,7,7,sha3,10,,,,0,1-9,0.011683,0.017845,0.176564
561,1,0.37676,0.082,0.389877,197,sha3,pair=UAV9<->UAV3; config=HighNoise,0.0,0.082,0.231159,0.0,0.0,0.158718,HighNoise,HighNoise-7-20260809-23:07:33-359440,9,3,HighNoise-7-20260809-23:07:33-359440|phase3|9|3,7,7,7,sha3,10,,,,0,3-9,0.011713,0.017264,0.17535
562,1,0.344586,0.081248,0.371005,197,sha3,pair=UAV9<->UAV5; config=HighNoise,0.0,0.081248,0.237274,0.0,0.0,0.133731,HighNoise,HighNoise-7-20260809-23:07:33-359440,9,5,HighNoise-7-20260809-23:07:33-359440|phase3|9|5,7,7,7,sha3,10,,,,0,5-9,0.011963,0.017374,0.175182
563,1,0.391074,0.08205,0.420603,197,sha3,pair=UAV9<->UAV6; config=HighNoise,0.0,0.08205,0.260914,0.0,0.0,0.159689,HighNoise,HighNoise-7-20260809-23:07:33-359440,9,6,HighNoise-7-20260809-23:07:33-359440|phase3|9|6,7,7,7,sha3,10,,,,0,6-9,0.011903,0.017684,0.184709
564,1,0.37453,0.081779,0.412709,197,sha3,pair=UAV9<->UAV7; config=HighNoise,0.0,0.081779,0.249818,0.0,0.0,0.162891,HighNoise,HighNoise-7-20260809-23:07:33-359440,9,7,HighNoise-7-20260809-23:07:33-359440|phase3|9|7,7,7,7,sha3,10,,,,0,7-9,0.011703,0.017775,0.175503
565,1,0.342812,0.084214,0.365732,197,sha3,pair=UAV9<->UAV8; config=HighNoise,0.0,0.084214,0.227714,0.0,0.0,0.138018,HighNoise,HighNoise-7-20260809-23:07:33-359440,9,8,HighNoise-7-20260809-23:07:33-359440|phase3|9|8,7,7,7,sha3,10,,,,0,8-9,0.012413,0.017554,0.175743
566,1,0.457331,0.231421,0.215588,197,sha3,pair=UAV0<->UAV1; config=StadiumSHA3,0.088405,0.0,0.0,0.143016,0.215588,0.0,StadiumSHA3,StadiumSHA3-0-20260809-23:07:20-359376,0,1,StadiumSHA3-0-20260809-23:07:20-359376|phase3|0|1,0,0,0,sha3,10,,,,1,0-1,0.013155,0.019025,0.190905
567,1,0.445492,0.228706,0.205679,197,sha3,pair=UAV0<->UAV2; config=StadiumSHA3,0.083876,0.0,0.0,0.14483,0.205679,0.0,StadiumSHA3,StadiumSHA3-0-20260809-23:07:20-359376,0,2,StadiumSHA3-0-20260809-23:07:20-359376|phase3|0|2,0,0,0,sha3,10,,,,1,0-2,0.013024,0.019947,0.189452
568,1,0.446536,0.235129,0.206986,197,sha3,pair=UAV0<->UAV3; config=StadiumSHA3,0.081693,0.0,0.0,0.153436,0.206986,0.0,StadiumSHA3,StadiumSHA3-0-20260809-23:07:20-359376,0,3,StadiumSHA3-0-20260809-23:07:20-359376|phase3|0|3,0,0,0,sha3,10,,,,1,0-3,0.012875,0.019015,0.197989
569,1,0.472762,0.22533,0.20765,197,sha3,pair=UAV0<->UAV4; config=StadiumSHA3,0.082223,0.0,0.0,0.143107,0.20765,0.0,StadiumSHA3,StadiumSHA3-0-20260809-23:07:20-359376,0,4,StadiumSHA3-0-20260809-23:07:20-359376|phase3|0|4,0,0,0,sha3,10,,,,1,0-4,0.012933,0.018515,0.18778
570,1,0.483566,0.232674,0.227301,197,sha3,pair=UAV0<->UAV5; config=StadiumSHA3,0.089497,0.0,0.0,0.143177,0.227301,0.0,StadiumSHA3,StadiumSHA3-0-20260809-23:07:20-359376,0,5,StadiumSHA3-0-20260809-23:07:20-359376|phase3|0|5,0,0,0,sha3,10,,,,1,0-5,0.012793,0.018565,0.18786
571,1,0.457181,0.22516,0.21484,197,sha3,pair=UAV0<->UAV6; config=StadiumSHA3,0.082243,0.0,0.0,0.142917,0.21484,0.0,StadiumSHA3,StadiumSHA3-0-20260809-23:07:20-359376,0,6,StadiumSHA3-0-20260809-23:07:20-359376|phase3|0|6,0,0,0,sha3,10,,,,1,0-6,0.012703,0.018845,0.188101
572,1,0.455948,0.223646,0.214391,197,sha3,pair=UAV0<->UAV7; config=StadiumSHA3,0.08053,0.0,0.0,0.143116,0.214391,0.0,StadiumSHA3,StadiumSHA3-0-20260809-23:07:20-359376,0,7,StadiumSHA3-0-20260809-23:07:20-359376|phase3|0|7,0,0,0,sha3,10,,,,1,0-7,0.012764,0.018363,0.187999
573,1,0.472572,0.22533,0.217666,197,sha3,pair=UAV0<->UAV8; config=StadiumSHA3,0.081863,0.0,0.0,0.143467,0.217666,0.0,StadiumSHA3,StadiumSHA3-0-20260809-23:07:20-359376,0,8,StadiumSHA3-0-20260809-23:07:20-359376|phase3|0|8,0,0,0,sha3,10,,,,1,0-8,0.012755,0.018675,0.188451
574,1,0.479787,0.22548,0.246191,197,sha3,pair=UAV0<->UAV9; config=StadiumSHA3,0.080219,0.0,0.0,0.145261,0.246191,0.0,StadiumSHA3,StadiumSHA3-0-20260809-23:07:20-359376,0,9,StadiumSHA3-0-20260809-23:07:20-359376|phase3|0|9,0,0,0,sha3,10,,,,1,0-9,0.012644,0.018835,0.188761
575,1,0.363096,0.086291,0.389251,197,sha3,pair=UAV1<->UAV0; config=StadiumSHA3,0.0,0.086291,0.241743,0.0,0.0,0.147508,StadiumSHA3,StadiumSHA3-0-20260809-23:07:20-359376,1,0,StadiumSHA3-0-20260809-23:07:20-359376|phase3|1|0,0,0,0,sha3,10,,,,0,0-1,0.012604,0.018495,0.18773
576,1,0.492396,0.240218,0.217589,197,sha3,pair=UAV1<->UAV2; config=StadiumSHA3,0.097101,0.0,0.0,0.143117,0.217589,0.0,StadiumSHA3,StadiumSHA3-0-20260809-23:07:20-359376,1,2,StadiumSHA3-0-20260809-23:07:20-359376|phase3|1|2,0,0,0,sha3,10,,,,1,1-2,0.013245,0.018645,0.18791
577,1,0.477573,0.22549,0.21955,197,sha3,pair=UAV1<->UAV3; config=StadiumSHA3,0.082443,0.0,0.0,0.143047,0.21955,0.0,StadiumSHA3,StadiumSHA3-0-20260809-23:07:20-359376,1,3,StadiumSHA3-0-20260809-23:07:20-359376|phase3|1|3,0,0,0,sha3,10,,,,1,1-3,0.012734,0.019015,0.188271
578,1,0.446762,0.239657,0.215903,197,sha3,pair=UAV1<->UAV4; config=StadiumSHA3,0.096009,0.0,0.0,0.143648,0.215903,0.0,StadiumSHA3,StadiumSHA3-0-20260809-23:07:20-359376,1,4,StadiumSHA3-0-20260809-23:07:20-359376|phase3|1|4,0,0,0,sha3,10,,,,1,1-4,0.012963,0.018465,0.188261
579,1,0.448277,0.22519,0.214341,197,sha3,pair=UAV1<->UAV5; config=StadiumSHA3,0.082133,0.0,0.0,0.143057,0.214341,0.0,StadiumSHA3,StadiumSHA3-0-20260809-23:07:20-359376,1,5,StadiumSHA3-0-20260809-23:07:20-359376|phase3|1|5,0,0,0,sha3,10,,,,1,1-5,0.012784,0.018795,0.18819
580,1,0.463444,0.227874,0.212328,197,sha3,pair=UAV1<->UAV6; config=StadiumSHA3,0.084838,0.0,0.0,0.143036,0.212328,0.0,StadiumSHA3,StadiumSHA3-0-20260809-23:07:20-359376,1,6,StadiumSHA3-0-20260809-23:07:20-359376|phase3|1|6,0,0,0,sha3,10,,,,1,1-6,0.012814,0.018454,0.18778
581,1,0.44582,0.225299,0.212228,197,sha3,pair=UAV1<->UAV7; config=StadiumSHA3,0.081862,0.0,0.0,0.143437,0.212228,0.0,StadiumSHA3,StadiumSHA3-0-20260809-23:07:20-359376,1,7,StadiumSHA3-0-20260809-23:07:20-359376|phase3|1|7,0,0,0,sha3,10,,,,1,1-7,0.012825,0.018574,0.188261
582,1,0.469053,0.227655,0.228238,197,sha3,pair=UAV1<->UAV8; config=StadiumSHA3,0.084648,0.0,0.0,0.143007,0.228238,0.0,StadiumSHA3,StadiumSHA3-0-20260809-23:07:20-359376,1,8,StadiumSHA3-0-20260809-23:07:20-359376|phase3|1|8,0,0,0,sha3,10,,,,1,1-8,0.012714,0.018524,0.18784
583,1,0.492492,0.227093,0.241074,197,sha3,pair=UAV1<->UAV9; config=StadiumSHA3,0.084277,0.0,0.0,0.142816,0.241074,0.0,StadiumSHA3,StadiumSHA3-0-20260809-23:07:20-359376,1,9,StadiumSHA3-0-20260809-23:07:20-359376|phase3|1|9,0,0,0,sha3,10,,,,1,1-9,0.012874,0.018575,0.189062
584,1,0.342663,0.087323,0.376798,197,sha3,pair=UAV2<->UAV0; config=StadiumSHA3,0.0,0.087323,0.239813,0.0,0.0,0.136984,StadiumSHA3,StadiumSHA3-0-20260809-23:07:20-359376,2,0,StadiumSHA3-0-20260809-23:07:20-359376|phase3|2|0,0,0,0,sha3,10,,,,0,0-2,0.012614,0.018906,0.200183
585,1,0.367249,0.088946,0.424467,197,sha3,pair=UAV2<->UAV1; config=StadiumSHA3,0.0,0.088946,0.274807,0.0,0.0,0.14966,StadiumSHA3,StadiumSHA3-0-20260809-23:07:20-359376,2,1,StadiumSHA3-0-20260809-23:07:20-359376|phase3|2|1,0,0,0,sha3,10,,,,0,1-2,0.012743,0.019327,0.188802
586,1,0.449467,0.237122,0.220276,197,sha3,pair=UAV2<->UAV3; config=StadiumSHA3,0.084177,0.0,0.0,0.152945,0.220276,0.0,StadiumSHA3,StadiumSHA3-0-20260809-23:07:20-359376,2,3,StadiumSHA3-0-20260809-23:07:20-359376|phase3|2|3,0,0,0,sha3,10,,,,1,2-3,0.012783,0.019306,0.197738
587,1,0.453784,0.233445,0.218341,197,sha3,pair=UAV2<->UAV4; config=StadiumSHA3,0.090088,0.0,0.0,0.143357,0.218341,0.0,StadiumSHA3,StadiumSHA3-0-20260809-23:07:20-359376,2,4,StadiumSHA3-0-20260809-23:07:20-359376|phase3|2|4,0,0,0,sha3,10,,,,1,2-4,0.015078,0.019226,0.192789
588,1,0.469818,0.232192,0.239739,197,sha3,pair=UAV2<->UAV5; config=StadiumSHA3,0.08054,0.0,0.0,0.151652,0.239739,0.0,StadiumSHA3,StadiumSHA3-0-20260809-23:07:20-359376,2,5,StadiumSHA3-0-20260809-23:07:20-359376|phase3|2|5,0,0,0,sha3,10,,,,1,2-5,0.012934,0.018865,0.195784
589,1,0.501496,0.236261,0.261729,197,sha3,pair=UAV2<->UAV6; config=StadiumSHA3,0.093184,0.0,0.0,0.143077,0.261729,0.0,StadiumSHA3,StadiumSHA3-0-20260809-23:07:20-359376,2,6,StadiumSHA3-0-20260809-23:07:20-359376|phase3|2|6,0,0,0,sha3,10,,,,1,2-6,0.012934,0.018655,0.199031
590,1,0.448993,0.223987,0.215978,197,sha3,pair=UAV2<->UAV7; config=StadiumSHA3,0.081021,0.0,0.0,0.142966,0.215978,0.0,StadiumSHA3,StadiumSHA3-0-20260809-23:07:20-359376,2,7,StadiumSHA3-0-20260809-23:07:20-359376|phase3|2|7,0,0,0,sha3,10,,,,1,2-7,0.012733,0.018635,0.18819
591,1,0.447738,0.229478,0.214515,197,sha3,pair=UAV2<->UAV8; config=StadiumSHA3,0.086231,0.0,0.0,0.143247,0.214515,0.0,StadiumSHA3,StadiumSHA3-0-20260809-23:07:20-359376,2,8,StadiumSHA3-0-20260809-23:07:20-359376|phase3|2|8,0,0,0,sha3,10,,,,1,2-8,0.013016,0.018475,0.192569
592,1,0.444547,0.230179,0.207846,197,sha3,pair=UAV2<->UAV9; config=StadiumSHA3,0.08044,0.0,0.0,0.149739,0.207846,0.0,StadiumSHA3,StadiumSHA3-0-20260809-23:07:20-359376,2,9,StadiumSHA3-0-20260809-23:07:20-359376|phase3|2|9,0,0,0,sha3,10,,,,1,2-9,0.014677,0.018644,0.192398
593,1,0.353484,0.087202,0.386048,197,sha3,pair=UAV3<->UAV0; config=StadiumSHA3,0.0,0.087202,0.23955,0.0,0.0,0.146498,StadiumSHA3,StadiumSHA3-0-20260809-23:07:20-359376,3,0,StadiumSHA3-0-20260809-23:07:20-359376|phase3|3|0,0,0,0,sha3,10,,,,0,0-3,0.012653,0.018504,0.187901
594,1,0.364999,0.091952,0.403472,197,sha3,pair=UAV3<->UAV1; config=StadiumSHA3,0.0,0.091952,0.258023,0.0,0.0,0.145449,StadiumSHA3,StadiumSHA3-0-20260809-23:07:20-359376,3,1,StadiumSHA3-0-20260809-23:07:20-359376|phase3|3|1,0,0,0,sha3,10,,,,0,1-3,0.012593,0.018514,0.18791
595,1,0.360388,0.087773,0.369303,197,sha3,pair=UAV3<->UAV2; config=StadiumSHA3,0.0,0.087773,0.229192,0.0,0.0,0.140112,StadiumSHA3,StadiumSHA3-0-20260809-23:07:20-359376,3,2,StadiumSHA3-0-20260809-23:07:20-359376|phase3|3|2,0,0,0,sha3,10,,,,0,2-3,0.012734,0.019336,0.187799
596,1,0.435987,0.232763,0.208004,197,sha3,pair=UAV3<->UAV4; config=StadiumSHA3,0.08587,0.0,0.0,0.146893,0.208004,0.0,StadiumSHA3,StadiumSHA3-0-20260809-23:07:20-359376,3,4,StadiumSHA3-0-20260809-23:07:20-359376|phase3|3|4,0,0,0,sha3,10,,,,1,3-4,0.013306,0.019447,0.189904
597,1,0.486598,0.22613,0.254215,197,sha3,pair=UAV3<->UAV5; config=StadiumSHA3,0.083024,0.0,0.0,0.143106,0.254215,0.0,StadiumSHA3,StadiumSHA3-0-20260809-23:07:20-359376,3,5,StadiumSHA3-0-20260809-23:07:20-359376|phase3|3|5,0,0,0,sha3,10,,,,1,3-5,0.012954,0.018795,0.188501
598,1,0.448848,0.223888,0.217499,197,sha3,pair=UAV3<->UAV6; config=StadiumSHA3,0.080821,0.0,0.0,0.143067,0.217499,0.0,StadiumSHA3,StadiumSHA3-0-20260809-23:07:20-359376,3,6,StadiumSHA3-0-20260809-23:07:20-359376|phase3|3|6,0,0,0,sha3,10,,,,1,3-6,0.012876,0.018524,0.18802
599,1,0.468166,0.224568,0.236375,197,sha3,pair=UAV3<->UAV7; config=StadiumSHA3,0.081471,0.0,0.0,0.143097,0.236375,0.0,StadiumSHA3,StadiumSHA3-0-20260809-23:07:20-359376,3,7,StadiumSHA3-0-20260809-23:07:20-359376|phase3|3|7,0,0,0,sha3,10,,,,1,3-7,0.012704,0.018534,0.187839
600,1,0.454538,0.223767,0.217443,197,sha3,pair=UAV3<->UAV8; config=StadiumSHA3,0.080189,0.0,0.0,0.143578,0.217443,0.0,StadiumSHA3,StadiumSHA3-0-20260809-23:07:20-359376,3,8,StadiumSHA3-0-20260809-23:07:20-359376|phase3|3|8,0,0,0,sha3,10,,,,1,3-8,0.012834,0.018485,0.188011
601,1,0.467076,0.224388,0.219505,197,sha3,pair=UAV3<->UAV9; config=StadiumSHA3,0.081502,0.0,0.0,0.142886,0.219505,0.0,StadiumSHA3,StadiumSHA3-0-20260809-23:07:20-359376,3,9,StadiumSHA3-0-20260809-23:07:20-359376|phase3|3|9,0,0,0,sha3,10,,,,1,3-9,0.012724,0.018444,0.18768
602,1,0.358185,0.087102,0.415647,197,sha3,pair=UAV4<->UAV0; config=StadiumSHA3,0.0,0.087102,0.265112,0.0,0.0,0.150535,StadiumSHA3,StadiumSHA3-0-20260809-23:07:20-359376,4,0,StadiumSHA3-0-20260809-23:07:20-359376|phase3|4|0,0,0,0,sha3,10,,,,0,0-4,0.012624,0.018976,0.195704
603,1,0.349017,0.086571,0.363973,197,sha3,pair=UAV4<->UAV1; config=StadiumSHA3,0.0,0.086571,0.230859,0.0,0.0,0.133114,StadiumSHA3,StadiumSHA3-0-20260809-23:07:20-359376,4,1,StadiumSHA3-0-20260809-23:07:20-359376|phase3|4|1,0,0,0,sha3,10,,,,0,1-4,0.012593,0.018535,0.18796
604,1,0.368256,0.096019,0.385358,197,sha3,pair=UAV4<->UAV2; config=StadiumSHA3,0.0,0.096019,0.235443,0.0,0.0,0.149915,StadiumSHA3,StadiumSHA3-0-20260809-23:07:20-359376,4,2,StadiumSHA3-0-20260809-23:07:20-359376|phase3|4|2,0,0,0,sha3,10,,,,0,2-4,0.012634,0.018544,0.196455
605,1,0.345447,0.089146,0.365426,197,sha3,pair=UAV4<->UAV3; config=StadiumSHA3,0.0,0.089146,0.227983,0.0,0.0,0.137443,StadiumSHA3,StadiumSHA3-0-20260809-23:07:20-359376,4,3,StadiumSHA3-0-20260809-23:07:20-359376|phase3|4|3,0,0,0,sha3,10,,,,0,3-4,0.013274,0.019165,0.188561
606,1,0.449216,0.225109,0.208072,197,sha3,pair=UAV4<->UAV5; config=StadiumSHA3,0.082103,0.0,0.0,0.143006,0.208072,0.0,StadiumSHA3,StadiumSHA3-0-20260809-23:07:20-359376,4,5,StadiumSHA3-0-20260809-23:07:20-359376|phase3|4|5,0,0,0,sha3,10,,,,1,4-5,0.012844,0.018786,0.188262
607,1,0.456328,0.238635,0.225139,197,sha3,pair=UAV4<->UAV6; config=StadiumSHA3,0.095719,0.0,0.0,0.142916,0.225139,0.0,StadiumSHA3,StadiumSHA3-0-20260809-23:07:20-359376,4,6,StadiumSHA3-0-20260809-23:07:20-359376|phase3|4|6,0,0,0,sha3,10,,,,1,4-6,0.02157,0.018544,0.187749
608,1,0.486723,0.22496,0.253573,197,sha3,pair=UAV4<->UAV7; config=StadiumSHA3,0.081883,0.0,0.0,0.143077,0.253573,0.0,StadiumSHA3,StadiumSHA3-0-20260809-23:07:20-359376,4,7,StadiumSHA3-0-20260809-23:07:20-359376|phase3|4|7,0,0,0,sha3,10,,,,1,4-7,0.012784,0.018954,0.18851
609,1,0.466351,0.228955,0.22234,197,sha3,pair=UAV4<->UAV8; config=StadiumSHA3,0.085659,0.0,0.0,0.143296,0.22234,0.0,StadiumSHA3,StadiumSHA3-0-20260809-23:07:20-359376,4,8,StadiumSHA3-0-20260809-23:07:20-359376|phase3|4|8,0,0,0,sha3,10,,,,1,4-8,0.012743,0.018354,0.18811
610,1,0.440198,0.223788,0.209473,197,sha3,pair=UAV4<->UAV9; config=StadiumSHA3,0.080581,0.0,0.0,0.143207,0.209473,0.0,StadiumSHA3,StadiumSHA3-0-20260809-23:07:20-359376,4,9,StadiumSHA3-0-20260809-23:07:20-359376|phase3|4|9,0,0,0,sha3,10,,,,1,4-9,0.012704,0.018665,0.187929
611,1,0.362047,0.09631,0.391011,197,sha3,pair=UAV5<->UAV0; config=StadiumSHA3,0.0,0.09631,0.256265,0.0,0.0,0.134746,StadiumSHA3,StadiumSHA3-0-20260809-23:07:20-359376,5,0,StadiumSHA3-0-20260809-23:07:20-359376|phase3|5|0,0,0,0,sha3,10,,,,0,0-5,0.012604,0.027591,0.188962
612,1,0.376133,0.102841,0.395728,197,sha3,pair=UAV5<->UAV1; config=StadiumSHA3,0.0,0.102841,0.233936,0.0,0.0,0.161792,StadiumSHA3,StadiumSHA3-0-20260809-23:07:20-359376,5,1,StadiumSHA3-0-20260809-23:07:20-359376|phase3|5|1,0,0,0,sha3,10,,,,0,1-5,0.012704,0.033712,0.188832
613,1,0.387066,0.086151,0.377405,197,sha3,pair=UAV5<->UAV2; config=StadiumSHA3,0.0,0.086151,0.230078,0.0,0.0,0.147327,StadiumSHA3,StadiumSHA3-0-20260809-23:07:20-359376,5,2,StadiumSHA3-0-20260809-23:07:20-359376|phase3|5|2,0,0,0,sha3,10,,,,0,2-5,0.012573,0.018515,0.18751
614,1,0.423194,0.088144,0.401362,197,sha3,pair=UAV5<->UAV3; config=StadiumSHA3,0.0,0.088144,0.232383,0.0,0.0,0.168979,StadiumSHA3,StadiumSHA3-0-20260809-23:07:20-359376,5,3,StadiumSHA3-0-20260809-23:07:20-359376|phase3|5|3,0,0,0,sha3,10,,,,0,3-5,0.012673,0.018865,0.18825
615,1,0.349552,0.087172,0.382625,197,sha3,pair=UAV5<->UAV4; config=StadiumSHA3,0.0,0.087172,0.241144,0.0,0.0,0.14148,StadiumSHA3,StadiumSHA3-0-20260809-23:07:20-359376,5,4,StadiumSHA3-0-20260809-23:07:20-359376|phase3|5|4,0,0,0,sha3,10,,,,0,4-5,0.012633,0.018515,0.18775
616,1,0.483456,0.237934,0.208691,197,sha3,pair=UAV5<->UAV6; config=StadiumSHA3,0.085169,0.0,0.0,0.152765,0.208691,0.0,StadiumSHA3,StadiumSHA3-0-20260809-23:07:20-359376,5,6,StadiumSHA3-0-20260809-23:07:20-359376|phase3|5|6,0,0,0,sha3,10,,,,1,5-6,0.012743,0.018957,0.197458
617,1,0.480007,0.226111,0.251343,197,sha3,pair=UAV5<->UAV7; config=StadiumSHA3,0.081682,0.0,0.0,0.144429,0.251343,0.0,StadiumSHA3,StadiumSHA3-0-20260809-23:07:20-359376,5,7,StadiumSHA3-0-20260809-23:07:20-359376|phase3|5|7,0,0,0,sha3,10,,,,1,5-7,0.014097,0.018564,0.188
618,1,0.49665,0.234277,0.241591,197,sha3,pair=UAV5<->UAV8; config=StadiumSHA3,0.08042,0.0,0.0,0.153857,0.241591,0.0,StadiumSHA3,StadiumSHA3-0-20260809-23:07:20-359376,5,8,StadiumSHA3-0-20260809-23:07:20-359376|phase3|5|8,0,0,0,sha3,10,,,,1,5-8,0.012803,0.018805,0.198299
619,1,0.44408,0.224609,0.208338,197,sha3,pair=UAV5<->UAV9; config=StadiumSHA3,0.081552,0.0,0.0,0.143057,0.208338,0.0,StadiumSHA3,StadiumSHA3-0-20260809-23:07:20-359376,5,9,StadiumSHA3-0-20260809-23:07:20-359376|phase3|5|9,0,0,0,sha3,10,,,,1,5-9,0.012773,0.018636,0.187901
620,1,0.36567,0.086141,0.393171,197,sha3,pair=UAV6<->UAV0; config=StadiumSHA3,0.0,0.086141,0.242341,0.0,0.0,0.15083,StadiumSHA3,StadiumSHA3-0-20260809-23:07:20-359376,6,0,StadiumSHA3-0-20260809-23:07:20-359376|phase3|6|0,0,0,0,sha3,10,,,,0,0-6,0.012593,0.018555,0.18759
621,1,0.357737,0.087102,0.396524,197,sha3,pair=UAV6<->UAV1; config=StadiumSHA3,0.0,0.087102,0.251115,0.0,0.0,0.145409,StadiumSHA3,StadiumSHA3-0-20260809-23:07:20-359376,6,1,StadiumSHA3-0-20260809-23:07:20-359376|phase3|6|1,0,0,0,sha3,10,,,,0,1-6,0.012704,0.018444,0.187539
622,1,0.423543,0.091811,0.401581,197,sha3,pair=UAV6<->UAV2; config=StadiumSHA3,0.0,0.091811,0.239767,0.0,0.0,0.161814,StadiumSHA3,StadiumSHA3-0-20260809-23:07:20-359376,6,2,StadiumSHA3-0-20260809-23:07:20-359376|phase3|6|2,0,0,0,sha3,10,,,,0,2-6,0.017352,0.018695,0.187539
623,1,0.376601,0.09127,0.390452,197,sha3,pair=UAV6<->UAV3; config=StadiumSHA3,0.0,0.09127,0.23135,0.0,0.0,0.159102,StadiumSHA3,StadiumSHA3-0-20260809-23:07:20-359376,6,3,StadiumSHA3-0-20260809-23:07:20-359376|phase3|6|3,0,0,0,sha3,10,,,,0,3-6,0.012543,0.019005,0.191988
624,1,0.386438,0.09683,0.392487,197,sha3,pair=UAV6<->UAV4; config=StadiumSHA3,0.0,0.09683,0.231189,0.0,0.0,0.161299,StadiumSHA3,StadiumSHA3-0-20260809-23:07:20-359376,6,4,StadiumSHA3-0-20260809-23:07:20-359376|phase3|6|4,0,0,0,sha3,10,,,,0,4-6,0.012735,0.018464,0.197007
625,1,0.361942,0.086501,0.428017,197,sha3,pair=UAV6<->UAV5; config=StadiumSHA3,0.0,0.086501,0.274766,0.0,0.0,0.153252,StadiumSHA3,StadiumSHA3-0-20260809-23:07:20-359376,6,5,StadiumSHA3-0-20260809-23:07:20-359376|phase3|6|5,0,0,0,sha3,10,,,,0,5-6,0.012584,0.018524,0.18819
626,1,0.439923,0.224719,0.21285,197,sha3,pair=UAV6<->UAV7; config=StadiumSHA3,0.080861,0.0,0.0,0.143858,0.21285,0.0,StadiumSHA3,StadiumSHA3-0-20260809-23:07:20-359376,6,7,StadiumSHA3-0-20260809-23:07:20-359376|phase3|6|7,0,0,0,sha3,10,,,,1,6-7,0.012964,0.018675,0.188211
627,1,0.443828,0.226222,0.21275,197,sha3,pair=UAV6<->UAV8; config=StadiumSHA3,0.083045,0.0,0.0,0.143177,0.21275,0.0,StadiumSHA3,StadiumSHA3-0-20260809-23:07:20-359376,6,8,StadiumSHA3-0-20260809-23:07:20-359376|phase3|6|8,0,0,0,sha3,10,,,,1,6-8,0.012944,0.018596,0.189273
628,1,0.488993,0.223376,0.235357,197,sha3,pair=UAV6<->UAV9; config=StadiumSHA3,0.08036,0.0,0.0,0.143016,0.235357,0.0,StadiumSHA3,StadiumSHA3-0-20260809-23:07:20-359376,6,9,StadiumSHA3-0-20260809-23:07:20-359376|phase3|6|9,0,0,0,sha3,10,,,,1,6-9,0.012764,0.018364,0.18793
629,1,0.368825,0.087172,0.395991,197,sha3,pair=UAV7<->UAV0; config=StadiumSHA3,0.0,0.087172,0.241557,0.0,0.0,0.154434,StadiumSHA3,StadiumSHA3-0-20260809-23:07:20-359376,7,0,StadiumSHA3-0-20260809-23:07:20-359376|phase3|7|0,0,0,0,sha3,10,,,,0,0-7,0.012543,0.018805,0.18806
630,1,0.356257,0.092031,0.377621,197,sha3,pair=UAV7<->UAV1; config=StadiumSHA3,0.0,0.092031,0.233592,0.0,0.0,0.144029,StadiumSHA3,StadiumSHA3-0-20260809-23:07:20-359376,7,1,StadiumSHA3-0-20260809-23:07:20-359376|phase3|7|1,0,0,0,sha3,10,,,,0,1-7,0.012655,0.018494,0.192729
631,1,0.350053,0.088104,0.367091,197,sha3,pair=UAV7<->UAV2; config=StadiumSHA3,0.0,0.088104,0.233015,0.0,0.0,0.134076,StadiumSHA3,StadiumSHA3-0-20260809-23:07:20-359376,7,2,StadiumSHA3-0-20260809-23:07:20-359376|phase3|7|2,0,0,0,sha3,10,,,,0,2-7,0.012723,0.018885,0.1881
632,1,0.376986,0.086201,0.372404,197,sha3,pair=UAV7<->UAV3; config=StadiumSHA3,0.0,0.086201,0.231792,0.0,0.0,0.140612,StadiumSHA3,StadiumSHA3-0-20260809-23:07:20-359376,7,3,StadiumSHA3-0-20260809-23:07:20-359376|phase3|7|3,0,0,0,sha3,10,,,,0,3-7,0.012533,0.018545,0.18778
633,1,0.394216,0.086311,0.373794,197,sha3,pair=UAV7<->UAV4; config=StadiumSHA3,0.0,0.086311,0.233151,0.0,0.0,0.140643,StadiumSHA3,StadiumSHA3-0-20260809-23:07:20-359376,7,4,StadiumSHA3-0-20260809-23:07:20-359376|phase3|7|4,0,0,0,sha3,10,,,,0,4-7,0.012674,0.018515,0.18776
634,1,0.387114,0.088715,0.364436,197,sha3,pair=UAV7<->UAV5; config=StadiumSHA3,0.0,0.088715,0.228664,0.0,0.0,0.135771,StadiumSHA3,StadiumSHA3-0-20260809-23:07:20-359376,7,5,StadiumSHA3-0-20260809-23:07:20-359376|phase3|7|5,0,0,0,sha3,10,,,,0,5-7,0.012695,0.018525,0.1883
635,1,0.351556,0.094647,0.365779,197,sha3,pair=UAV7<->UAV6; config=StadiumSHA3,0.0,0.094647,0.227073,0.0,0.0,0.138706,StadiumSHA3,StadiumSHA3-0-20260809-23:07:20-359376,7,6,StadiumSHA3-0-20260809-23:07:20-359376|phase3|7|6,0,0,0,sha3,10,,,,0,6-7,0.013425,0.018726,0.189272
636,1,0.462961,0.246779,0.22177,197,sha3,pair=UAV7<->UAV8; config=StadiumSHA3,0.088575,0.0,0.0,0.158204,0.22177,0.0,StadiumSHA3,StadiumSHA3-0-20260809-23:07:20-359376,7,8,StadiumSHA3-0-20260809-23:07:20-359376|phase3|7|8,0,0,0,sha3,10,,,,1,7-8,0.012814,0.018785,0.210342
637,1,0.441074,0.251207,0.209085,197,sha3,pair=UAV7<->UAV9; config=StadiumSHA3,0.092221,0.0,0.0,0.158986,0.209085,0.0,StadiumSHA3,StadiumSHA3-0-20260809-23:07:20-359376,7,9,StadiumSHA3-0-20260809-23:07:20-359376|phase3|7|9,0,0,0,sha3,10,,,,1,7-9,0.012924,0.018895,0.213688
638,1,0.357764,0.087203,0.395004,197,sha3,pair=UAV8<->UAV0; config=StadiumSHA3,0.0,0.087203,0.254906,0.0,0.0,0.140098,StadiumSHA3,StadiumSHA3-0-20260809-23:07:20-359376,8,0,StadiumSHA3-0-20260809-23:07:20-359376|phase3|8|0,0,0,0,sha3,10,,,,0,0-8,0.012643,0.018785,0.195665
639,1,0.380957,0.08618,0.393534,197,sha3,pair=UAV8<->UAV1; config=StadiumSHA3,0.0,0.08618,0.240815,0.0,0.0,0.152719,StadiumSHA3,StadiumSHA3-0-20260809-23:07:20-359376,8,1,StadiumSHA3-0-20260809-23:07:20-359376|phase3|8|1,0,0,0,sha3,10,,,,0,1-8,0.012583,0.018404,0.187739
640,1,0.359047,0.08625,0.377756,197,sha3,pair=UAV8<->UAV2; config=StadiumSHA3,0.0,0.08625,0.233224,0.0,0.0,0.144532,StadiumSHA3,StadiumSHA3-0-20260809-23:07:20-359376,8,2,StadiumSHA3-0-20260809-23:07:20-359376|phase3|8|2,0,0,0,sha3,10,,,,0,2-8,0.012693,0.018776,0.196587
641,1,0.365974,0.087002,0.385625,197,sha3,pair=UAV8<->UAV3; config=StadiumSHA3,0.0,0.087002,0.237095,0.0,0.0,0.14853,StadiumSHA3,StadiumSHA3-0-20260809-23:07:20-359376,8,3,StadiumSHA3-0-20260809-23:07:20-359376|phase3|8|3,0,0,0,sha3,10,,,,0,3-8,0.012554,0.018485,0.187549
642,1,0.385492,0.091209,0.407161,197,sha3,pair=UAV8<->UAV4; config=StadiumSHA3,0.0,0.091209,0.24401,0.0,0.0,0.163151,StadiumSHA3,StadiumSHA3-0-20260809-23:07:20-359376,8,4,StadiumSHA3-0-20260809-23:07:20-359376|phase3|8|4,0,0,0,sha3,10,,,,0,4-8,0.012663,0.018444,0.18799
643,1,0.397453,0.086441,0.410922,197,sha3,pair=UAV8<->UAV5; config=StadiumSHA3,0.0,0.086441,0.255059,0.0,0.0,0.155862,StadiumSHA3,StadiumSHA3-0-20260809-23:07:20-359376,8,5,StadiumSHA3-0-20260809-23:07:20-359376|phase3|8|5,0,0,0,sha3,10,,,,0,5-8,0.012693,0.018444,0.18774
644,1,0.357792,0.087383,0.376118,197,sha3,pair=UAV8<->UAV6; config=StadiumSHA3,0.0,0.087383,0.231077,0.0,0.0,0.145041,StadiumSHA3,StadiumSHA3-0-20260809-23:07:20-359376,8,6,StadiumSHA3-0-20260809-23:07:20-359376|phase3|8|6,0,0,0,sha3,10,,,,0,6-8,0.012685,0.018625,0.18787
645,1,0.364397,0.102862,0.383817,197,sha3,pair=UAV8<->UAV7; config=StadiumSHA3,0.0,0.102862,0.241191,0.0,0.0,0.142626,StadiumSHA3,StadiumSHA3-0-20260809-23:07:20-359376,8,7,StadiumSHA3-0-20260809-23:07:20-359376|phase3|8|7,0,0,0,sha3,10,,,,0,7-8,0.012935,0.018886,0.209851
646,1,0.473655,0.235559,0.24007,197,sha3,pair=UAV8<->UAV9; config=StadiumSHA3,0.092322,0.0,0.0,0.143237,0.24007,0.0,StadiumSHA3,StadiumSHA3-0-20260809-23:07:20-359376,8,9,StadiumSHA3-0-20260809-23:07:20-359376|phase3|8|9,0,0,0,sha3,10,,,,1,8-9,0.013135,0.019656,0.192197
647,1,0.392526,0.087322,0.37993,197,sha3,pair=UAV9<->UAV0; config=StadiumSHA3,0.0,0.087322,0.233596,0.0,0.0,0.146335,StadiumSHA3,StadiumSHA3-0-20260809-23:07:20-359376,9,0,StadiumSHA3-0-20260809-23:07:20-359376|phase3|9|0,0,0,0,sha3,10,,,,0,0-9,0.012633,0.018524,0.187931
648,1,0.396597,0.087022,0.406942,197,sha3,pair=UAV9<->UAV1; config=StadiumSHA3,0.0,0.087022,0.251418,0.0,0.0,0.155524,StadiumSHA3,StadiumSHA3-0-20260809-23:07:20-359376,9,1,StadiumSHA3-0-20260809-23:07:20-359376|phase3|9|1,0,0,0,sha3,10,,,,0,1-9,0.012653,0.018624,0.196116
649,1,0.340501,0.087412,0.369356,197,sha3,pair=UAV9<->UAV2; config=StadiumSHA3,0.0,0.087412,0.236701,0.0,0.0,0.132655,StadiumSHA3,StadiumSHA3-0-20260809-23:07:20-359376,9,2,StadiumSHA3-0-20260809-23:07:20-359376|phase3|9|2,0,0,0,sha3,10,,,,0,2-9,0.012645,0.018664,0.188029
650,1,0.356525,0.086822,0.38459,197,sha3,pair=UAV9<->UAV3; config=StadiumSHA3,0.0,0.086822,0.247571,0.0,0.0,0.13702,StadiumSHA3,StadiumSHA3-0-20260809-23:07:20-359376,9,3,StadiumSHA3-0-20260809-23:07:20-359376|phase3|9|3,0,0,0,sha3,10,,,,0,3-9,0.012603,0.018634,0.187969
651,1,0.374299,0.087143,0.395551,197,sha3,pair=UAV9<->UAV4; config=StadiumSHA3,0.0,0.087143,0.230725,0.0,0.0,0.164826,StadiumSHA3,StadiumSHA3-0-20260809-23:07:20-359376,9,4,StadiumSHA3-0-20260809-23:07:20-359376|phase3|9|4,0,0,0,sha3,10,,,,0,4-9,0.012664,0.018745,0.188051
652,1,0.348982,0.091971,0.376386,197,sha3,pair=UAV9<->UAV5; config=StadiumSHA3,0.0,0.091971,0.235742,0.0,0.0,0.140644,StadiumSHA3,StadiumSHA3-0-20260809-23:07:20-359376,9,5,StadiumSHA3-0-20260809-23:07:20-359376|phase3|9|5,0,0,0,sha3,10,,,,0,5-9,0.012705,0.018624,0.19355
653,1,0.386816,0.090969,0.405096,197,sha3,pair=UAV9<->UAV6; config=StadiumSHA3,0.0,0.090969,0.253637,0.0,0.0,0.15146,StadiumSHA3,StadiumSHA3-0-20260809-23:07:20-359376,9,6,StadiumSHA3-0-20260809-23:07:20-359376|phase3|9|6,0,0,0,sha3,10,,,,0,6-9,0.012553,0.018404,0.192498
654,1,0.345551,0.087322,0.368456,197,sha3,pair=UAV9<->UAV7; config=StadiumSHA3,0.0,0.087322,0.231989,0.0,0.0,0.136467,StadiumSHA3,StadiumSHA3-0-20260809-23:07:20-359376,9,7,StadiumSHA3-0-20260809-23:07:20-359376|phase3|9|7,0,0,0,sha3,10,,,,0,7-9,0.012525,0.018595,0.18792
655,1,0.399007,0.08607,0.392522,197,sha3,pair=UAV9<->UAV8; config=StadiumSHA3,0.0,0.08607,0.233585,0.0,0.0,0.158937,StadiumSHA3,StadiumSHA3-0-20260809-23:07:20-359376,9,8,StadiumSHA3-0-20260809-23:07:20-359376|phase3|9|8,0,0,0,sha3,10,,,,0,8-9,0.012574,0.018474,0.1876
656,1,0.449811,0.240678,0.218523,197,sha3,pair=UAV0<->UAV1; config=StadiumSHA3,0.097652,0.0,0.0,0.143026,0.218523,0.0,StadiumSHA3,StadiumSHA3-1-20260809-23:07:20-359376,0,1,StadiumSHA3-1-20260809-23:07:20-359376|phase3|0|1,1,1,1,sha3,10,,,,1,0-1,0.013385,0.019226,0.201145
657,1,0.498665,0.233495,0.223632,197,sha3,pair=UAV0<->UAV2; config=StadiumSHA3,0.090669,0.0,0.0,0.142826,0.223632,0.0,StadiumSHA3,StadiumSHA3-1-20260809-23:07:20-359376,0,2,StadiumSHA3-1-20260809-23:07:20-359376|phase3|0|2,1,1,1,sha3,10,,,,1,0-2,0.012793,0.019226,0.194151
658,1,0.466845,0.242081,0.220436,197,sha3,pair=UAV0<->UAV3; config=StadiumSHA3,0.081892,0.0,0.0,0.160189,0.220436,0.0,StadiumSHA3,StadiumSHA3-1-20260809-23:07:20-359376,0,3,StadiumSHA3-1-20260809-23:07:20-359376|phase3|0|3,1,1,1,sha3,10,,,,1,0-3,0.012834,0.02193,0.202056
659,1,0.465318,0.224649,0.234207,197,sha3,pair=UAV0<->UAV4; config=StadiumSHA3,0.081793,0.0,0.0,0.142856,0.234207,0.0,StadiumSHA3,StadiumSHA3-1-20260809-23:07:20-359376,0,4,StadiumSHA3-1-20260809-23:07:20-359376|phase3|0|4,1,1,1,sha3,10,,,,1,0-4,0.012773,0.018444,0.187909
660,1,0.464412,0.223978,0.22649,197,sha3,pair=UAV0<->UAV5; config=StadiumSHA3,0.081212,0.0,0.0,0.142766,0.22649,0.0,StadiumSHA3,StadiumSHA3-1-20260809-23:07:20-359376,0,5,StadiumSHA3-1-20260809-23:07:20-359376|phase3|0|5,1,1,1,sha3,10,,,,1,0-5,0.012714,0.018624,0.18784
661,1,0.487223,0.22528,0.242305,197,sha3,pair=UAV0<->UAV6; config=StadiumSHA3,0.082494,0.0,0.0,0.142786,0.242305,0.0,StadiumSHA3,StadiumSHA3-1-20260809-23:07:20-359376,0,6,StadiumSHA3-1-20260809-23:07:20-359376|phase3|0|6,1,1,1,sha3,10,,,,1,0-6,0.012743,0.018586,0.187609
662,1,0.487369,0.23577,0.252099,197,sha3,pair=UAV0<->UAV7; config=StadiumSHA3,0.083426,0.0,0.0,0.152344,0.252099,0.0,StadiumSHA3,StadiumSHA3-1-20260809-23:07:20-359376,0,7,StadiumSHA3-1-20260809-23:07:20-359376|phase3|0|7,1,1,1,sha3,10,,,,1,0-7,0.013485,0.028033,0.1877
663,1,0.493141,0.228166,0.229546,197,sha3,pair=UAV0<->UAV8; config=StadiumSHA3,0.085089,0.0,0.0,0.143077,0.229546,0.0,StadiumSHA3,StadiumSHA3-1-20260809-23:07:20-359376,0,8,StadiumSHA3-1-20260809-23:07:20-359376|phase3|0|8,1,1,1,sha3,10,,,,1,0-8,0.012704,0.019677,0.189202
664,1,0.457071,0.224087,0.225327,197,sha3,pair=UAV0<->UAV9; config=StadiumSHA3,0.0807,0.0,0.0,0.143387,0.225327,0.0,StadiumSHA3,StadiumSHA3-1-20260809-23:07:20-359376,0,9,StadiumSHA3-1-20260809-23:07:20-359376|phase3|0|9,1,1,1,sha3,10,,,,1,0-9,0.012863,0.018615,0.18794
665,1,0.354121,0.08603,0.366887,197,sha3,pair=UAV1<->UAV0; config=StadiumSHA3,0.0,0.08603,0.231289,0.0,0.0,0.135598,StadiumSHA3,StadiumSHA3-1-20260809-23:07:20-359376,1,0,StadiumSHA3-1-20260809-23:07:20-359376|phase3|1|0,1,1,1,sha3,10,,,,0,0-1,0.012863,0.018584,0.18809
666,1,0.466179,0.22521,0.20994,197,sha3,pair=UAV1<->UAV2; config=StadiumSHA3,0.082304,0.0,0.0,0.142906,0.20994,0.0,StadiumSHA3,StadiumSHA3-1-20260809-23:07:20-359376,1,2,StadiumSHA3-1-20260809-23:07:20-359376|phase3|1|2,1,1,1,sha3,10,,,,1,1-2,0.013033,0.018814,0.18832
667,1,0.484965,0.224639,0.236277,197,sha3,pair=UAV1<->UAV3; config=StadiumSHA3,0.081833,0.0,0.0,0.142806,0.236277,0.0,StadiumSHA3,StadiumSHA3-1-20260809-23:07:20-359376,1,3,StadiumSHA3-1-20260809-23:07:20-359376|phase3|1|3,1,1,1,sha3,10,,,,1,1-3,0.012824,0.018565,0.18775
668,1,0.436104,0.255075,0.206407,197,sha3,pair=UAV1<->UAV4; config=StadiumSHA3,0.0968,0.0,0.0,0.158275,0.206407,0.0,StadiumSHA3,StadiumSHA3-1-20260809-23:07:20-359376,1,4,StadiumSHA3-1-20260809-23:07:20-359376|phase3|1|4,1,1,1,sha3,10,,,,1,1-4,0.013355,0.020017,0.215773
669,1,0.507425,0.231471,0.241572,197,sha3,pair=UAV1<->UAV5; config=StadiumSHA3,0.088284,0.0,0.0,0.143187,0.241572,0.0,StadiumSHA3,StadiumSHA3-1-20260809-23:07:20-359376,1,5,StadiumSHA3-1-20260809-23:07:20-359376|phase3|1|5,1,1,1,sha3,10,,,,1,1-5,0.014327,0.018905,0.191096
670,1,0.484623,0.224207,0.214741,197,sha3,pair=UAV1<->UAV6; config=StadiumSHA3,0.081261,0.0,0.0,0.142946,0.214741,0.0,StadiumSHA3,StadiumSHA3-1-20260809-23:07:20-359376,1,6,StadiumSHA3-1-20260809-23:07:20-359376|phase3|1|6,1,1,1,sha3,10,,,,1,1-6,0.012875,0.018605,0.187829
671,1,0.475236,0.224469,0.227524,197,sha3,pair=UAV1<->UAV7; config=StadiumSHA3,0.081602,0.0,0.0,0.142867,0.227524,0.0,StadiumSHA3,StadiumSHA3-1-20260809-23:07:20-359376,1,7,StadiumSHA3-1-20260809-23:07:20-359376|phase3|1|7,1,1,1,sha3,10,,,,1,1-7,0.012743,0.018764,0.187569
672,1,0.455209,0.2249,0.213455,197,sha3,pair=UAV1<->UAV8; config=StadiumSHA3,0.082003,0.0,0.0,0.142897,0.213455,0.0,StadiumSHA3,StadiumSHA3-1-20260809-23:07:20-359376,1,8,StadiumSHA3-1-20260809-23:07:20-359376|phase3|1|8,1,1,1,sha3,10,,,,1,1-8,0.012673,0.018604,0.187879
673,1,0.466745,0.22576,0.207429,197,sha3,pair=UAV1<->UAV9; config=StadiumSHA3,0.082073,0.0,0.0,0.143687,0.207429,0.0,StadiumSHA3,StadiumSHA3-1-20260809-23:07:20-359376,1,9,StadiumSHA3-1-20260809-23:07:20-359376|phase3|1|9,1,1,1,sha3,10,,,,1,1-9,0.012954,0.018645,0.188081
674,1,0.366948,0.087934,0.41835,197,sha3,pair=UAV2<->UAV0; config=StadiumSHA3,0.0,0.087934,0.275034,0.0,0.0,0.143316,StadiumSHA3,StadiumSHA3-1-20260809-23:07:20-359376,2,0,StadiumSHA3-1-20260809-23:07:20-359376|phase3|2|0,1,1,1,sha3,10,,,,0,0-2,0.012643,0.019176,0.18831
675,1,0.354329,0.086871,0.400628,197,sha3,pair=UAV2<->UAV1; config=StadiumSHA3,0.0,0.086871,0.256239,0.0,0.0,0.144389,StadiumSHA3,StadiumSHA3-1-20260809-23:07:20-359376,2,1,StadiumSHA3-1-20260809-23:07:20-359376|phase3|2|1,1,1,1,sha3,10,,,,0,1-2,0.012624,0.018475,0.187529
676,1,0.480059,0.224478,0.240468,197,sha3,pair=UAV2<->UAV3; config=StadiumSHA3,0.081342,0.0,0.0,0.143136,0.240468,0.0,StadiumSHA3,StadiumSHA3-1-20260809-23:07:20-359376,2,3,StadiumSHA3-1-20260809-23:07:20-359376|phase3|2|3,1,1,1,sha3,10,,,,1,2-3,0.012894,0.018704,0.18801
677,1,0.477491,0.22587,0.227723,197,sha3,pair=UAV2<->UAV4; config=StadiumSHA3,0.083074,0.0,0.0,0.142796,0.227723,0.0,StadiumSHA3,StadiumSHA3-1-20260809-23:07:20-359376,2,4,StadiumSHA3-1-20260809-23:07:20-359376|phase3|2|4,1,1,1,sha3,10,,,,1,2-4,0.013505,0.018705,0.18789
678,1,0.446309,0.240328,0.208286,197,sha3,pair=UAV2<->UAV5; config=StadiumSHA3,0.080971,0.0,0.0,0.159357,0.208286,0.0,StadiumSHA3,StadiumSHA3-1-20260809-23:07:20-359376,2,5,StadiumSHA3-1-20260809-23:07:20-359376|phase3|2|5,1,1,1,sha3,10,,,,1,2-5,0.012784,0.023694,0.19911
679,1,0.437966,0.225829,0.20656,197,sha3,pair=UAV2<->UAV6; config=StadiumSHA3,0.081571,0.0,0.0,0.144258,0.20656,0.0,StadiumSHA3,StadiumSHA3-1-20260809-23:07:20-359376,2,6,StadiumSHA3-1-20260809-23:07:20-359376|phase3|2|6,1,1,1,sha3,10,,,,1,2-6,0.013004,0.018845,0.188231
680,1,0.464728,0.235729,0.231304,197,sha3,pair=UAV2<->UAV7; config=StadiumSHA3,0.080911,0.0,0.0,0.154818,0.231304,0.0,StadiumSHA3,StadiumSHA3-1-20260809-23:07:20-359376,2,7,StadiumSHA3-1-20260809-23:07:20-359376|phase3|2|7,1,1,1,sha3,10,,,,1,2-7,0.012593,0.018936,0.199592
681,1,0.46992,0.224809,0.242792,197,sha3,pair=UAV2<->UAV8; config=StadiumSHA3,0.081933,0.0,0.0,0.142876,0.242792,0.0,StadiumSHA3,StadiumSHA3-1-20260809-23:07:20-359376,2,8,StadiumSHA3-1-20260809-23:07:20-359376|phase3|2|8,1,1,1,sha3,10,,,,1,2-8,0.012613,0.018625,0.187739
682,1,0.479388,0.25768,0.228299,197,sha3,pair=UAV2<->UAV9; config=StadiumSHA3,0.099556,0.0,0.0,0.158124,0.228299,0.0,StadiumSHA3,StadiumSHA3-1-20260809-23:07:20-359376,2,9,StadiumSHA3-1-20260809-23:07:20-359376|phase3|2|9,1,1,1,sha3,10,,,,1,2-9,0.013695,0.031679,0.206325
683,1,0.364414,0.086902,0.390388,197,sha3,pair=UAV3<->UAV0; config=StadiumSHA3,0.0,0.086902,0.24641,0.0,0.0,0.143978,StadiumSHA3,StadiumSHA3-1-20260809-23:07:20-359376,3,0,StadiumSHA3-1-20260809-23:07:20-359376|phase3|3|0,1,1,1,sha3,10,,,,0,0-3,0.012573,0.018465,0.18803
684,1,0.384334,0.0859,0.396744,197,sha3,pair=UAV3<->UAV1; config=StadiumSHA3,0.0,0.0859,0.248687,0.0,0.0,0.148057,StadiumSHA3,StadiumSHA3-1-20260809-23:07:20-359376,3,1,StadiumSHA3-1-20260809-23:07:20-359376|phase3|3|1,1,1,1,sha3,10,,,,0,1-3,0.012464,0.028673,0.187911
685,1,0.397005,0.0863,0.396128,197,sha3,pair=UAV3<->UAV2; config=StadiumSHA3,0.0,0.0863,0.239591,0.0,0.0,0.156537,StadiumSHA3,StadiumSHA3-1-20260809-23:07:20-359376,3,2,StadiumSHA3-1-20260809-23:07:20-359376|phase3|3|2,1,1,1,sha3,10,,,,0,2-3,0.012683,0.018645,0.188161
686,1,0.473412,0.229077,0.244553,197,sha3,pair=UAV3<->UAV4; config=StadiumSHA3,0.086221,0.0,0.0,0.142856,0.244553,0.0,StadiumSHA3,StadiumSHA3-1-20260809-23:07:20-359376,3,4,StadiumSHA3-1-20260809-23:07:20-359376|phase3|3|4,1,1,1,sha3,10,,,,1,3-4,0.012744,0.023624,0.18792
687,1,0.454419,0.226343,0.209772,197,sha3,pair=UAV3<->UAV5; config=StadiumSHA3,0.083336,0.0,0.0,0.143007,0.209772,0.0,StadiumSHA3,StadiumSHA3-1-20260809-23:07:20-359376,3,5,StadiumSHA3-1-20260809-23:07:20-359376|phase3|3|5,1,1,1,sha3,10,,,,1,3-5,0.012774,0.019225,0.188501
688,1,0.469191,0.227613,0.216628,197,sha3,pair=UAV3<->UAV6; config=StadiumSHA3,0.082383,0.0,0.0,0.14523,0.216628,0.0,StadiumSHA3,StadiumSHA3-1-20260809-23:07:20-359376,3,6,StadiumSHA3-1-20260809-23:07:20-359376|phase3|3|6,1,1,1,sha3,10,,,,1,3-6,0.012945,0.018765,0.190314
689,1,0.456196,0.239606,0.224641,197,sha3,pair=UAV3<->UAV7; config=StadiumSHA3,0.082624,0.0,0.0,0.156982,0.224641,0.0,StadiumSHA3,StadiumSHA3-1-20260809-23:07:20-359376,3,7,StadiumSHA3-1-20260809-23:07:20-359376|phase3|3|7,1,1,1,sha3,10,,,,1,3-7,0.012574,0.018845,0.201747
690,1,0.518282,0.235439,0.260275,197,sha3,pair=UAV3<->UAV8; config=StadiumSHA3,0.083606,0.0,0.0,0.151833,0.260275,0.0,StadiumSHA3,StadiumSHA3-1-20260809-23:07:20-359376,3,8,StadiumSHA3-1-20260809-23:07:20-359376|phase3|3|8,1,1,1,sha3,10,,,,1,3-8,0.014138,0.018844,0.196556
691,1,0.460724,0.224529,0.20643,197,sha3,pair=UAV3<->UAV9; config=StadiumSHA3,0.081462,0.0,0.0,0.143067,0.20643,0.0,StadiumSHA3,StadiumSHA3-1-20260809-23:07:20-359376,3,9,StadiumSHA3-1-20260809-23:07:20-359376|phase3|3|9,1,1,1,sha3,10,,,,1,3-9,0.012573,0.018685,0.18785
692,1,0.371844,0.087443,0.368747,197,sha3,pair=UAV4<->UAV0; config=StadiumSHA3,0.0,0.087443,0.231111,0.0,0.0,0.137637,StadiumSHA3,StadiumSHA3-1-20260809-23:07:20-359376,4,0,StadiumSHA3-1-20260809-23:07:20-359376|phase3|4|0,1,1,1,sha3,10,,,,0,0-4,0.012605,0.018525,0.18781
693,1,0.357421,0.08595,0.380711,197,sha3,pair=UAV4<->UAV1; config=StadiumSHA3,0.0,0.08595,0.229697,0.0,0.0,0.151014,StadiumSHA3,StadiumSHA3-1-20260809-23:07:20-359376,4,1,StadiumSHA3-1-20260809-23:07:20-359376|phase3|4|1,1,1,1,sha3,10,,,,0,1-4,0.012592,0.018554,0.187649
694,1,0.374594,0.086431,0.396639,197,sha3,pair=UAV4<->UAV2; config=StadiumSHA3,0.0,0.086431,0.249768,0.0,0.0,0.146871,StadiumSHA3,StadiumSHA3-1-20260809-23:07:20-359376,4,2,StadiumSHA3-1-20260809-23:07:20-359376|phase3|4|2,1,1,1,sha3,10,,,,0,2-4,0.012825,0.018504,0.18795
695,1,0.396638,0.087442,0.380945,197,sha3,pair=UAV4<->UAV3; config=StadiumSHA3,0.0,0.087442,0.228859,0.0,0.0,0.152086,StadiumSHA3,StadiumSHA3-1-20260809-23:07:20-359376,4,3,StadiumSHA3-1-20260809-23:07:20-359376|phase3|4|3,1,1,1,sha3,10,,,,0,3-4,0.012704,0.018754,0.187989
696,1,0.448932,0.22505,0.215056,197,sha3,pair=UAV4<->UAV5; config=StadiumSHA3,0.081442,0.0,0.0,0.143608,0.215056,0.0,StadiumSHA3,StadiumSHA3-1-20260809-23:07:20-359376,4,5,StadiumSHA3-1-20260809-23:07:20-359376|phase3|4|5,1,1,1,sha3,10,,,,1,4-5,0.012693,0.018776,0.188542
697,1,0.466735,0.224919,0.219236,197,sha3,pair=UAV4<->UAV6; config=StadiumSHA3,0.082143,0.0,0.0,0.142776,0.219236,0.0,StadiumSHA3,StadiumSHA3-1-20260809-23:07:20-359376,4,6,StadiumSHA3-1-20260809-23:07:20-359376|phase3|4|6,1,1,1,sha3,10,,,,1,4-6,0.012643,0.018746,0.187839
698,1,0.465043,0.224388,0.213261,197,sha3,pair=UAV4<->UAV7; config=StadiumSHA3,0.08091,0.0,0.0,0.143478,0.213261,0.0,StadiumSHA3,StadiumSHA3-1-20260809-23:07:20-359376,4,7,StadiumSHA3-1-20260809-23:07:20-359376|phase3|4|7,1,1,1,sha3,10,,,,1,4-7,0.012733,0.018554,0.188441
699,1,0.488569,0.22557,0.221273,197,sha3,pair=UAV4<->UAV8; config=StadiumSHA3,0.081572,0.0,0.0,0.143998,0.221273,0.0,StadiumSHA3,StadiumSHA3-1-20260809-23:07:20-359376,4,8,StadiumSHA3-1-20260809-23:07:20-359376|phase3|4|8,1,1,1,sha3,10,,,,1,4-8,0.012713,0.018765,0.188521
700,1,0.440841,0.238314,0.213006,197,sha3,pair=UAV4<->UAV9; config=StadiumSHA3,0.095027,0.0,0.0,0.143287,0.213006,0.0,StadiumSHA3,StadiumSHA3-1-20260809-23:07:20-359376,4,9,StadiumSHA3-1-20260809-23:07:20-359376|phase3|4|9,1,1,1,sha3,10,,,,1,4-9,0.012803,0.029816,0.190785
701,1,0.366073,0.087283,0.377505,197,sha3,pair=UAV5<->UAV0; config=StadiumSHA3,0.0,0.087283,0.237922,0.0,0.0,0.139583,StadiumSHA3,StadiumSHA3-1-20260809-23:07:20-359376,5,0,StadiumSHA3-1-20260809-23:07:20-359376|phase3|5|0,1,1,1,sha3,10,,,,0,0-5,0.012575,0.018845,0.195433
702,1,0.379151,0.087453,0.403431,197,sha3,pair=UAV5<->UAV1; config=StadiumSHA3,0.0,0.087453,0.265852,0.0,0.0,0.137578,StadiumSHA3,StadiumSHA3-1-20260809-23:07:20-359376,5,1,StadiumSHA3-1-20260809-23:07:20-359376|phase3|5|1,1,1,1,sha3,10,,,,0,1-5,0.012663,0.018845,0.18795
703,1,0.384247,0.086181,0.413984,197,sha3,pair=UAV5<->UAV2; config=StadiumSHA3,0.0,0.086181,0.238023,0.0,0.0,0.17596,StadiumSHA3,StadiumSHA3-1-20260809-23:07:20-359376,5,2,StadiumSHA3-1-20260809-23:07:20-359376|phase3|5|2,1,1,1,sha3,10,,,,0,2-5,0.012482,0.018554,0.187529
704,1,0.3547,0.086972,0.389576,197,sha3,pair=UAV5<->UAV3; config=StadiumSHA3,0.0,0.086972,0.244648,0.0,0.0,0.144928,StadiumSHA3,StadiumSHA3-1-20260809-23:07:20-359376,5,3,StadiumSHA3-1-20260809-23:07:20-359376|phase3|5|3,1,1,1,sha3,10,,,,0,3-5,0.012604,0.018665,0.18784
705,1,0.390559,0.089788,0.409378,197,sha3,pair=UAV5<->UAV4; config=StadiumSHA3,0.0,0.089788,0.233876,0.0,0.0,0.175503,StadiumSHA3,StadiumSHA3-1-20260809-23:07:20-359376,5,4,StadiumSHA3-1-20260809-23:07:20-359376|phase3|5|4,1,1,1,sha3,10,,,,0,4-5,0.012514,0.022051,0.189754
706,1,0.483735,0.224438,0.243248,197,sha3,pair=UAV5<->UAV6; config=StadiumSHA3,0.081492,0.0,0.0,0.142946,0.243248,0.0,StadiumSHA3,StadiumSHA3-1-20260809-23:07:20-359376,5,6,StadiumSHA3-1-20260809-23:07:20-359376|phase3|5|6,1,1,1,sha3,10,,,,1,5-6,0.012784,0.018664,0.188181
707,1,0.459051,0.22507,0.230455,197,sha3,pair=UAV5<->UAV7; config=StadiumSHA3,0.081522,0.0,0.0,0.143548,0.230455,0.0,StadiumSHA3,StadiumSHA3-1-20260809-23:07:20-359376,5,7,StadiumSHA3-1-20260809-23:07:20-359376|phase3|5|7,1,1,1,sha3,10,,,,1,5-7,0.012794,0.018836,0.18801
708,1,0.49057,0.224409,0.216357,197,sha3,pair=UAV5<->UAV8; config=StadiumSHA3,0.081663,0.0,0.0,0.142746,0.216357,0.0,StadiumSHA3,StadiumSHA3-1-20260809-23:07:20-359376,5,8,StadiumSHA3-1-20260809-23:07:20-359376|phase3|5|8,1,1,1,sha3,10,,,,1,5-8,0.012693,0.018645,0.18796
709,1,0.475471,0.224307,0.233594,197,sha3,pair=UAV5<->UAV9; config=StadiumSHA3,0.081522,0.0,0.0,0.142785,0.233594,0.0,StadiumSHA3,StadiumSHA3-1-20260809-23:07:20-359376,5,9,StadiumSHA3-1-20260809-23:07:20-359376|phase3|5|9,1,1,1,sha3,10,,,,1,5-9,0.012604,0.018574,0.18771
710,1,0.401039,0.087052,0.403652,197,sha3,pair=UAV6<->UAV0; config=StadiumSHA3,0.0,0.087052,0.244918,0.0,0.0,0.158734,StadiumSHA3,StadiumSHA3-1-20260809-23:07:20-359376,6,0,StadiumSHA3-1-20260809-23:07:20-359376|phase3|6|0,1,1,1,sha3,10,,,,0,0-6,0.012504,0.018596,0.187659
711,1,0.375979,0.101639,0.431121,197,sha3,pair=UAV6<->UAV1; config=StadiumSHA3,0.0,0.101639,0.269882,0.0,0.0,0.161238,StadiumSHA3,StadiumSHA3-1-20260809-23:07:20-359376,6,1,StadiumSHA3-1-20260809-23:07:20-359376|phase3|6|1,1,1,1,sha3,10,,,,0,1-6,0.012864,0.018604,0.202337
712,1,0.348091,0.086731,0.372937,197,sha3,pair=UAV6<->UAV2; config=StadiumSHA3,0.0,0.086731,0.231406,0.0,0.0,0.141531,StadiumSHA3,StadiumSHA3-1-20260809-23:07:20-359376,6,2,StadiumSHA3-1-20260809-23:07:20-359376|phase3|6|2,1,1,1,sha3,10,,,,0,2-6,0.012934,0.018774,0.189273
713,1,0.369758,0.087342,0.405694,197,sha3,pair=UAV6<->UAV3; config=StadiumSHA3,0.0,0.087342,0.252564,0.0,0.0,0.15313,StadiumSHA3,StadiumSHA3-1-20260809-23:07:20-359376,6,3,StadiumSHA3-1-20260809-23:07:20-359376|phase3|6|3,1,1,1,sha3,10,,,,0,3-6,0.012594,0.018794,0.18762
714,1,0.366127,0.086441,0.39439,197,sha3,pair=UAV6<->UAV4; config=StadiumSHA3,0.0,0.086441,0.247499,0.0,0.0,0.146891,StadiumSHA3,StadiumSHA3-1-20260809-23:07:20-359376,6,4,StadiumSHA3-1-20260809-23:07:20-359376|phase3|6|4,1,1,1,sha3,10,,,,0,4-6,0.012883,0.018705,0.18783
715,1,0.40158,0.08609,0.39882,197,sha3,pair=UAV6<->UAV5; config=StadiumSHA3,0.0,0.08609,0.240487,0.0,0.0,0.158333,StadiumSHA3,StadiumSHA3-1-20260809-23:07:20-359376,6,5,StadiumSHA3-1-20260809-23:07:20-359376|phase3|6|5,1,1,1,sha3,10,,,,0,5-6,0.012593,0.018524,0.187669
716,1,0.452871,0.224939,0.216376,197,sha3,pair=UAV6<->UAV7; config=StadiumSHA3,0.082023,0.0,0.0,0.142916,0.216376,0.0,StadiumSHA3,StadiumSHA3-1-20260809-23:07:20-359376,6,7,StadiumSHA3-1-20260809-23:07:20-359376|phase3|6|7,1,1,1,sha3,10,,,,1,6-7,0.012713,0.018805,0.18801
717,1,0.490458,0.224359,0.239582,197,sha3,pair=UAV6<->UAV8; config=StadiumSHA3,0.081402,0.0,0.0,0.142957,0.239582,0.0,StadiumSHA3,StadiumSHA3-1-20260809-23:07:20-359376,6,8,StadiumSHA3-1-20260809-23:07:20-359376|phase3|6|8,1,1,1,sha3,10,,,,1,6-8,0.012714,0.018715,0.187779
718,1,0.465749,0.224057,0.221335,197,sha3,pair=UAV6<->UAV9; config=StadiumSHA3,0.081151,0.0,0.0,0.142906,0.221335,0.0,StadiumSHA3,StadiumSHA3-1-20260809-23:07:20-359376,6,9,StadiumSHA3-1-20260809-23:07:20-359376|phase3|6|9,1,1,1,sha3,10,,,,1,6-9,0.012793,0.018555,0.187819
719,1,0.401754,0.087363,0.384925,197,sha3,pair=UAV7<->UAV0; config=StadiumSHA3,0.0,0.087363,0.23527,0.0,0.0,0.149655,StadiumSHA3,StadiumSHA3-1-20260809-23:07:20-359376,7,0,StadiumSHA3-1-20260809-23:07:20-359376|phase3|7|0,1,1,1,sha3,10,,,,0,0-7,0.012915,0.018615,0.187639
720,1,0.368067,0.087073,0.388255,197,sha3,pair=UAV7<->UAV1; config=StadiumSHA3,0.0,0.087073,0.247712,0.0,0.0,0.140543,StadiumSHA3,StadiumSHA3-1-20260809-23:07:20-359376,7,1,StadiumSHA3-1-20260809-23:07:20-359376|phase3|7|1,1,1,1,sha3,10,,,,0,1-7,0.012964,0.018545,0.187911
721,1,0.371933,0.090048,0.374053,197,sha3,pair=UAV7<->UAV2; config=StadiumSHA3,0.0,0.090048,0.233424,0.0,0.0,0.140629,StadiumSHA3,StadiumSHA3-1-20260809-23:07:20-359376,7,2,StadiumSHA3-1-20260809-23:07:20-359376|phase3|7|2,1,1,1,sha3,10,,,,0,2-7,0.013365,0.019165,0.188411
722,1,0.370586,0.086822,0.377499,197,sha3,pair=UAV7<->UAV3; config=StadiumSHA3,0.0,0.086822,0.231555,0.0,0.0,0.145945,StadiumSHA3,StadiumSHA3-1-20260809-23:07:20-359376,7,3,StadiumSHA3-1-20260809-23:07:20-359376|phase3|7|3,1,1,1,sha3,10,,,,0,3-7,0.012814,0.018505,0.187599
723,1,0.352092,0.117128,0.390613,197,sha3,pair=UAV7<->UAV4; config=StadiumSHA3,0.0,0.117128,0.251782,0.0,0.0,0.138832,StadiumSHA3,StadiumSHA3-1-20260809-23:07:20-359376,7,4,StadiumSHA3-1-20260809-23:07:20-359376|phase3|7|4,1,1,1,sha3,10,,,,0,4-7,0.012885,0.048139,0.188661
724,1,0.400534,0.086982,0.398674,197,sha3,pair=UAV7<->UAV5; config=StadiumSHA3,0.0,0.086982,0.228596,0.0,0.0,0.170079,StadiumSHA3,StadiumSHA3-1-20260809-23:07:20-359376,7,5,StadiumSHA3-1-20260809-23:07:20-359376|phase3|7|5,1,1,1,sha3,10,,,,0,5-7,0.012593,0.018655,0.18789
725,1,0.361738,0.08607,0.381858,197,sha3,pair=UAV7<->UAV6; config=StadiumSHA3,0.0,0.08607,0.236495,0.0,0.0,0.145363,StadiumSHA3,StadiumSHA3-1-20260809-23:07:20-359376,7,6,StadiumSHA3-1-20260809-23:07:20-359376|phase3|7|6,1,1,1,sha3,10,,,,0,6-7,0.012593,0.018605,0.188111
726,1,0.450785,0.224518,0.217494,197,sha3,pair=UAV7<->UAV8; config=StadiumSHA3,0.081482,0.0,0.0,0.143036,0.217494,0.0,StadiumSHA3,StadiumSHA3-1-20260809-23:07:20-359376,7,8,StadiumSHA3-1-20260809-23:07:20-359376|phase3|7|8,1,1,1,sha3,10,,,,1,7-8,0.012744,0.018784,0.188041
727,1,0.444272,0.225129,0.207492,197,sha3,pair=UAV7<->UAV9; config=StadiumSHA3,0.081872,0.0,0.0,0.143257,0.207492,0.0,StadiumSHA3,StadiumSHA3-1-20260809-23:07:20-359376,7,9,StadiumSHA3-1-20260809-23:07:20-359376|phase3|7|9,1,1,1,sha3,10,,,,1,7-9,0.012784,0.018645,0.187941
728,1,0.385734,0.086641,0.419783,197,sha3,pair=UAV8<->UAV0; config=StadiumSHA3,0.0,0.086641,0.263595,0.0,0.0,0.156188,StadiumSHA3,StadiumSHA3-1-20260809-23:07:20-359376,8,0,StadiumSHA3-1-20260809-23:07:20-359376|phase3|8|0,1,1,1,sha3,10,,,,0,0-8,0.012693,0.018724,0.18819
729,1,0.37849,0.086942,0.40679,197,sha3,pair=UAV8<->UAV1; config=StadiumSHA3,0.0,0.086942,0.241755,0.0,0.0,0.165035,StadiumSHA3,StadiumSHA3-1-20260809-23:07:20-359376,8,1,StadiumSHA3-1-20260809-23:07:20-359376|phase3|8|1,1,1,1,sha3,10,,,,0,1-8,0.012583,0.018454,0.1878
730,1,0.388604,0.108241,0.37294,197,sha3,pair=UAV8<->UAV2; config=StadiumSHA3,0.0,0.108241,0.227128,0.0,0.0,0.145812,StadiumSHA3,StadiumSHA3-1-20260809-23:07:20-359376,8,2,StadiumSHA3-1-20260809-23:07:20-359376|phase3|8|2,1,1,1,sha3,10,,,,0,2-8,0.013486,0.018724,0.205733
731,1,0.427414,0.087493,0.425145,197,sha3,pair=UAV8<->UAV3; config=StadiumSHA3,0.0,0.087493,0.258006,0.0,0.0,0.167139,StadiumSHA3,StadiumSHA3-1-20260809-23:07:20-359376,8,3,StadiumSHA3-1-20260809-23:07:20-359376|phase3|8|3,1,1,1,sha3,10,,,,0,3-8,0.012573,0.018634,0.18776
732,1,0.362954,0.095588,0.408976,197,sha3,pair=UAV8<->UAV4; config=StadiumSHA3,0.0,0.095588,0.267296,0.0,0.0,0.141681,StadiumSHA3,StadiumSHA3-1-20260809-23:07:20-359376,8,4,StadiumSHA3-1-20260809-23:07:20-359376|phase3|8|4,1,1,1,sha3,10,,,,0,4-8,0.013295,0.02131,0.188943
733,1,0.350792,0.088155,0.408649,197,sha3,pair=UAV8<->UAV5; config=StadiumSHA3,0.0,0.088155,0.274214,0.0,0.0,0.134435,StadiumSHA3,StadiumSHA3-1-20260809-23:07:20-359376,8,5,StadiumSHA3-1-20260809-23:07:20-359376|phase3|8|5,1,1,1,sha3,10,,,,0,5-8,0.012693,0.020608,0.243784
734,1,0.377919,0.086311,0.389213,197,sha3,pair=UAV8<->UAV6; config=StadiumSHA3,0.0,0.086311,0.250876,0.0,0.0,0.138337,StadiumSHA3,StadiumSHA3-1-20260809-23:07:20-359376,8,6,StadiumSHA3-1-20260809-23:07:20-359376|phase3|8|6,1,1,1,sha3,10,,,,0,6-8,0.012654,0.018565,0.18784
735,1,0.360073,0.096459,0.375871,197,sha3,pair=UAV8<->UAV7; config=StadiumSHA3,0.0,0.096459,0.233292,0.0,0.0,0.14258,StadiumSHA3,StadiumSHA3-1-20260809-23:07:20-359376,8,7,StadiumSHA3-1-20260809-23:07:20-359376|phase3|8|7,1,1,1,sha3,10,,,,0,7-8,0.012594,0.018604,0.18793
736,1,0.461703,0.224468,0.20497,197,sha3,pair=UAV8<->UAV9; config=StadiumSHA3,0.081351,0.0,0.0,0.143117,0.20497,0.0,StadiumSHA3,StadiumSHA3-1-20260809-23:07:20-359376,8,9,StadiumSHA3-1-20260809-23:07:20-359376|phase3|8|9,1,1,1,sha3,10,,,,1,8-9,0.012995,0.018684,0.18823
737,1,0.365803,0.086982,0.372218,197,sha3,pair=UAV9<->UAV0; config=StadiumSHA3,0.0,0.086982,0.231743,0.0,0.0,0.140475,StadiumSHA3,StadiumSHA3-1-20260809-23:07:20-359376,9,0,StadiumSHA3-1-20260809-23:07:20-359376|phase3|9|0,1,1,1,sha3,10,,,,0,0-9,0.012604,0.018895,0.197027
738,1,0.369472,0.08638,0.42136,197,sha3,pair=UAV9<->UAV1; config=StadiumSHA3,0.0,0.08638,0.259316,0.0,0.0,0.162043,StadiumSHA3,StadiumSHA3-1-20260809-23:07:20-359376,9,1,StadiumSHA3-1-20260809-23:07:20-359376|phase3|9|1,1,1,1,sha3,10,,,,0,1-9,0.012433,0.018595,0.18786
739,1,0.396425,0.087333,0.419215,197,sha3,pair=UAV9<->UAV2; config=StadiumSHA3,0.0,0.087333,0.251088,0.0,0.0,0.168126,StadiumSHA3,StadiumSHA3-1-20260809-23:07:20-359376,9,2,StadiumSHA3-1-20260809-23:07:20-359376|phase3|9|2,1,1,1,sha3,10,,,,0,2-9,0.012513,0.018775,0.204171
740,1,0.351162,0.086752,0.399026,197,sha3,pair=UAV9<->UAV3; config=StadiumSHA3,0.0,0.086752,0.254294,0.0,0.0,0.144732,StadiumSHA3,StadiumSHA3-1-20260809-23:07:20-359376,9,3,StadiumSHA3-1-20260809-23:07:20-359376|phase3|9|3,1,1,1,sha3,10,,,,0,3-9,0.012483,0.018585,0.18776
741,1,0.359978,0.090729,0.374806,197,sha3,pair=UAV9<->UAV4; config=StadiumSHA3,0.0,0.090729,0.227834,0.0,0.0,0.146972,StadiumSHA3,StadiumSHA3-1-20260809-23:07:20-359376,9,4,StadiumSHA3-1-20260809-23:07:20-359376|phase3|9|4,1,1,1,sha3,10,,,,0,4-9,0.012853,0.018915,0.190525
742,1,0.367454,0.100127,0.375737,197,sha3,pair=UAV9<->UAV5; config=StadiumSHA3,0.0,0.100127,0.241877,0.0,0.0,0.13386,StadiumSHA3,StadiumSHA3-1-20260809-23:07:20-359376,9,5,StadiumSHA3-1-20260809-23:07:20-359376|phase3|9|5,1,1,1,sha3,10,,,,0,5-9,0.012874,0.018595,0.200173
743,1,0.358423,0.087062,0.381502,197,sha3,pair=UAV9<->UAV6; config=StadiumSHA3,0.0,0.087062,0.244414,0.0,0.0,0.137088,StadiumSHA3,StadiumSHA3-1-20260809-23:07:20-359376,9,6,StadiumSHA3-1-20260809-23:07:20-359376|phase3|9|6,1,1,1,sha3,10,,,,0,6-9,0.012613,0.018795,0.188152
744,1,0.352084,0.0861,0.381372,197,sha3,pair=UAV9<->UAV7; config=StadiumSHA3,0.0,0.0861,0.23678,0.0,0.0,0.144592,StadiumSHA3,StadiumSHA3-1-20260809-23:07:20-359376,9,7,StadiumSHA3-1-20260809-23:07:20-359376|phase3|9|7,1,1,1,sha3,10,,,,0,7-9,0.012614,0.018545,0.187739
745,1,0.359211,0.087674,0.410974,197,sha3,pair=UAV9<->UAV8; config=StadiumSHA3,0.0,0.087674,0.256733,0.0,0.0,0.154241,StadiumSHA3,StadiumSHA3-1-20260809-23:07:20-359376,9,8,StadiumSHA3-1-20260809-23:07:20-359376|phase3|9|8,1,1,1,sha3,10,,,,0,8-9,0.012794,0.018535,0.187771
746,1,0.460258,0.286544,0.210228,197,sha3,pair=UAV0<->UAV1; config=StadiumSHA3,0.13946,0.0,0.0,0.147084,0.210228,0.0,StadiumSHA3,StadiumSHA3-2-20260809-23:07:20-359376,0,1,StadiumSHA3-2-20260809-23:07:20-359376|phase3|0|1,2,2,2,sha3,10,,,,1,0-1,0.02172,0.026109,0.222875
747,1,0.440088,0.2357,0.208684,197,sha3,pair=UAV0<->UAV2; config=StadiumSHA3,0.086892,0.0,0.0,0.148808,0.208684,0.0,StadiumSHA3,StadiumSHA3-2-20260809-23:07:20-359376,0,2,StadiumSHA3-2-20260809-23:07:20-359376|phase3|0|2,2,2,2,sha3,10,,,,1,0-2,0.014887,0.020638,0.191327
748,1,0.460523,0.225629,0.214696,197,sha3,pair=UAV0<->UAV3; config=StadiumSHA3,0.082022,0.0,0.0,0.143607,0.214696,0.0,StadiumSHA3,StadiumSHA3-2-20260809-23:07:20-359376,0,3,StadiumSHA3-2-20260809-23:07:20-359376|phase3|0|3,2,2,2,sha3,10,,,,1,0-3,0.013205,0.018654,0.188461
749,1,0.466091,0.225421,0.206102,197,sha3,pair=UAV0<->UAV4; config=StadiumSHA3,0.082384,0.0,0.0,0.143037,0.206102,0.0,StadiumSHA3,StadiumSHA3-2-20260809-23:07:20-359376,0,4,StadiumSHA3-2-20260809-23:07:20-359376|phase3|0|4,2,2,2,sha3,10,,,,1,0-4,0.012764,0.018654,0.187799
750,1,0.468524,0.226421,0.223061,197,sha3,pair=UAV0<->UAV5; config=StadiumSHA3,0.081221,0.0,0.0,0.1452,0.223061,0.0,StadiumSHA3,StadiumSHA3-2-20260809-23:07:20-359376,0,5,StadiumSHA3-2-20260809-23:07:20-359376|phase3|0|5,2,2,2,sha3,10,,,,1,0-5,0.012644,0.019196,0.1882
751,1,0.4506,0.228526,0.223049,197,sha3,pair=UAV0<->UAV6; config=StadiumSHA3,0.082654,0.0,0.0,0.145872,0.223049,0.0,StadiumSHA3,StadiumSHA3-2-20260809-23:07:20-359376,0,6,StadiumSHA3-2-20260809-23:07:20-359376|phase3|0|6,2,2,2,sha3,10,,,,1,0-6,0.012914,0.018664,0.189502
752,1,0.459233,0.229177,0.204678,197,sha3,pair=UAV0<->UAV7; config=StadiumSHA3,0.081131,0.0,0.0,0.148046,0.204678,0.0,StadiumSHA3,StadiumSHA3-2-20260809-23:07:20-359376,0,7,StadiumSHA3-2-20260809-23:07:20-359376|phase3|0|7,2,2,2,sha3,10,,,,1,0-7,0.013806,0.018435,0.191017
753,1,0.451808,0.249043,0.222313,197,sha3,pair=UAV0<->UAV8; config=StadiumSHA3,0.082323,0.0,0.0,0.16672,0.222313,0.0,StadiumSHA3,StadiumSHA3-2-20260809-23:07:20-359376,0,8,StadiumSHA3-2-20260809-23:07:20-359376|phase3|0|8,2,2,2,sha3,10,,,,1,0-8,0.025127,0.019387,0.195935
754,1,0.473767,0.225239,0.244887,197,sha3,pair=UAV0<->UAV9; config=StadiumSHA3,0.081201,0.0,0.0,0.144038,0.244887,0.0,StadiumSHA3,StadiumSHA3-2-20260809-23:07:20-359376,0,9,StadiumSHA3-2-20260809-23:07:20-359376|phase3|0|9,2,2,2,sha3,10,,,,1,0-9,0.012794,0.018545,0.18805
755,1,0.354663,0.120164,0.394464,197,sha3,pair=UAV1<->UAV0; config=StadiumSHA3,0.0,0.120164,0.25003,0.0,0.0,0.144435,StadiumSHA3,StadiumSHA3-2-20260809-23:07:20-359376,1,0,StadiumSHA3-2-20260809-23:07:20-359376|phase3|1|0,2,2,2,sha3,10,,,,0,0-1,0.01593,0.023354,0.245126
756,1,0.453175,0.226693,0.219574,197,sha3,pair=UAV1<->UAV2; config=StadiumSHA3,0.082815,0.0,0.0,0.143878,0.219574,0.0,StadiumSHA3,StadiumSHA3-2-20260809-23:07:20-359376,1,2,StadiumSHA3-2-20260809-23:07:20-359376|phase3|1|2,2,2,2,sha3,10,,,,1,1-2,0.013235,0.018976,0.188451
757,1,0.460971,0.22524,0.212197,197,sha3,pair=UAV1<->UAV3; config=StadiumSHA3,0.081983,0.0,0.0,0.143257,0.212197,0.0,StadiumSHA3,StadiumSHA3-2-20260809-23:07:20-359376,1,3,StadiumSHA3-2-20260809-23:07:20-359376|phase3|1|3,2,2,2,sha3,10,,,,1,1-3,0.012653,0.018826,0.187999
758,1,0.439282,0.293396,0.211247,197,sha3,pair=UAV1<->UAV4; config=StadiumSHA3,0.081341,0.0,0.0,0.212055,0.211247,0.0,StadiumSHA3,StadiumSHA3-2-20260809-23:07:20-359376,1,4,StadiumSHA3-2-20260809-23:07:20-359376|phase3|1|4,2,2,2,sha3,10,,,,1,1-4,0.013395,0.033973,0.237352
759,1,0.484616,0.243794,0.217926,197,sha3,pair=UAV1<->UAV5; config=StadiumSHA3,0.100156,0.0,0.0,0.143638,0.217926,0.0,StadiumSHA3,StadiumSHA3-2-20260809-23:07:20-359376,1,5,StadiumSHA3-2-20260809-23:07:20-359376|phase3|1|5,2,2,2,sha3,10,,,,1,1-5,0.014166,0.018564,0.202057
760,1,0.454414,0.230109,0.213978,197,sha3,pair=UAV1<->UAV6; config=StadiumSHA3,0.085429,0.0,0.0,0.14468,0.213978,0.0,StadiumSHA3,StadiumSHA3-2-20260809-23:07:20-359376,1,6,StadiumSHA3-2-20260809-23:07:20-359376|phase3|1|6,2,2,2,sha3,10,,,,1,1-6,0.012984,0.018765,0.192037
761,1,0.503835,0.225891,0.244707,197,sha3,pair=UAV1<->UAV7; config=StadiumSHA3,0.082253,0.0,0.0,0.143638,0.244707,0.0,StadiumSHA3,StadiumSHA3-2-20260809-23:07:20-359376,1,7,StadiumSHA3-2-20260809-23:07:20-359376|phase3|1|7,2,2,2,sha3,10,,,,1,1-7,0.012774,0.018524,0.188521
762,1,0.47428,0.225341,0.213645,197,sha3,pair=UAV1<->UAV8; config=StadiumSHA3,0.081222,0.0,0.0,0.144119,0.213645,0.0,StadiumSHA3,StadiumSHA3-2-20260809-23:07:20-359376,1,8,StadiumSHA3-2-20260809-23:07:20-359376|phase3|1|8,2,2,2,sha3,10,,,,1,1-8,0.013024,0.018985,0.188041
763,1,0.475198,0.22561,0.233393,197,sha3,pair=UAV1<->UAV9; config=StadiumSHA3,0.081732,0.0,0.0,0.143878,0.233393,0.0,StadiumSHA3,StadiumSHA3-2-20260809-23:07:20-359376,1,9,StadiumSHA3-2-20260809-23:07:20-359376|phase3|1|9,2,2,2,sha3,10,,,,1,1-9,0.012802,0.018253,0.187721
764,1,0.351569,0.111908,0.37429,197,sha3,pair=UAV2<->UAV0; config=StadiumSHA3,0.0,0.111908,0.231405,0.0,0.0,0.142886,StadiumSHA3,StadiumSHA3-2-20260809-23:07:20-359376,2,0,StadiumSHA3-2-20260809-23:07:20-359376|phase3|2|0,2,2,2,sha3,10,,,,0,0-2,0.016722,0.022532,0.199692
765,1,0.369724,0.134431,0.383751,197,sha3,pair=UAV2<->UAV1; config=StadiumSHA3,0.0,0.134431,0.233601,0.0,0.0,0.15015,StadiumSHA3,StadiumSHA3-2-20260809-23:07:20-359376,2,1,StadiumSHA3-2-20260809-23:07:20-359376|phase3|2|1,2,2,2,sha3,10,,,,0,1-2,0.022632,0.028002,0.24673
766,1,0.475421,0.240017,0.235585,197,sha3,pair=UAV2<->UAV3; config=StadiumSHA3,0.085419,0.0,0.0,0.154598,0.235585,0.0,StadiumSHA3,StadiumSHA3-2-20260809-23:07:20-359376,2,3,StadiumSHA3-2-20260809-23:07:20-359376|phase3|2|3,2,2,2,sha3,10,,,,1,2-3,0.013254,0.020688,0.19913
767,1,0.451165,0.253982,0.207054,197,sha3,pair=UAV2<->UAV4; config=StadiumSHA3,0.081772,0.0,0.0,0.17221,0.207054,0.0,StadiumSHA3,StadiumSHA3-2-20260809-23:07:20-359376,2,4,StadiumSHA3-2-20260809-23:07:20-359376|phase3|2|4,2,2,2,sha3,10,,,,1,2-4,0.013235,0.028022,0.20431
768,1,0.478567,0.225381,0.241607,197,sha3,pair=UAV2<->UAV5; config=StadiumSHA3,0.081272,0.0,0.0,0.144109,0.241607,0.0,StadiumSHA3,StadiumSHA3-2-20260809-23:07:20-359376,2,5,StadiumSHA3-2-20260809-23:07:20-359376|phase3|2|5,2,2,2,sha3,10,,,,1,2-5,0.013034,0.018385,0.18842
769,1,0.474661,0.22537,0.218699,197,sha3,pair=UAV2<->UAV6; config=StadiumSHA3,0.081512,0.0,0.0,0.143858,0.218699,0.0,StadiumSHA3,StadiumSHA3-2-20260809-23:07:20-359376,2,6,StadiumSHA3-2-20260809-23:07:20-359376|phase3|2|6,2,2,2,sha3,10,,,,1,2-6,0.012592,0.018183,0.18796
770,1,0.464542,0.225711,0.207827,197,sha3,pair=UAV2<->UAV7; config=StadiumSHA3,0.082023,0.0,0.0,0.143688,0.207827,0.0,StadiumSHA3,StadiumSHA3-2-20260809-23:07:20-359376,2,7,StadiumSHA3-2-20260809-23:07:20-359376|phase3|2|7,2,2,2,sha3,10,,,,1,2-7,0.012894,0.018164,0.18828
771,1,0.454541,0.225811,0.207805,197,sha3,pair=UAV2<->UAV8; config=StadiumSHA3,0.081742,0.0,0.0,0.144069,0.207805,0.0,StadiumSHA3,StadiumSHA3-2-20260809-23:07:20-359376,2,8,StadiumSHA3-2-20260809-23:07:20-359376|phase3|2|8,2,2,2,sha3,10,,,,1,2-8,0.012984,0.018434,0.18821
772,1,0.511244,0.244265,0.245955,197,sha3,pair=UAV2<->UAV9; config=StadiumSHA3,0.101088,0.0,0.0,0.143177,0.245955,0.0,StadiumSHA3,StadiumSHA3-2-20260809-23:07:20-359376,2,9,StadiumSHA3-2-20260809-23:07:20-359376|phase3|2|9,2,2,2,sha3,10,,,,1,2-9,0.01642,0.018445,0.202196
773,1,0.347607,0.103002,0.378738,197,sha3,pair=UAV3<->UAV0; config=StadiumSHA3,0.0,0.103002,0.245827,0.0,0.0,0.132911,StadiumSHA3,StadiumSHA3-2-20260809-23:07:20-359376,3,0,StadiumSHA3-2-20260809-23:07:20-359376|phase3|3|0,2,2,2,sha3,10,,,,0,0-3,0.014177,0.020188,0.19891
774,1,0.345315,0.12343,0.381892,197,sha3,pair=UAV3<->UAV1; config=StadiumSHA3,0.0,0.12343,0.248774,0.0,0.0,0.133118,StadiumSHA3,StadiumSHA3-2-20260809-23:07:20-359376,3,1,StadiumSHA3-2-20260809-23:07:20-359376|phase3|3|1,2,2,2,sha3,10,,,,0,1-3,0.018174,0.02694,0.208128
775,1,0.379991,0.175266,0.384242,197,sha3,pair=UAV3<->UAV2; config=StadiumSHA3,0.0,0.175266,0.239836,0.0,0.0,0.144406,StadiumSHA3,StadiumSHA3-2-20260809-23:07:20-359376,3,2,StadiumSHA3-2-20260809-23:07:20-359376|phase3|3|2,2,2,2,sha3,10,,,,0,2-3,0.022353,0.034114,0.259664
776,1,0.476984,0.269502,0.23225,197,sha3,pair=UAV3<->UAV4; config=StadiumSHA3,0.124693,0.0,0.0,0.144809,0.23225,0.0,StadiumSHA3,StadiumSHA3-2-20260809-23:07:20-359376,3,4,StadiumSHA3-2-20260809-23:07:20-359376|phase3|3|4,2,2,2,sha3,10,,,,1,3-4,0.017213,0.026249,0.216935
777,1,0.471876,0.25243,0.231819,197,sha3,pair=UAV3<->UAV5; config=StadiumSHA3,0.108211,0.0,0.0,0.144219,0.231819,0.0,StadiumSHA3,StadiumSHA3-2-20260809-23:07:20-359376,3,5,StadiumSHA3-2-20260809-23:07:20-359376|phase3|3|5,2,2,2,sha3,10,,,,1,3-5,0.013406,0.025788,0.205362
778,1,0.465814,0.225901,0.224204,197,sha3,pair=UAV3<->UAV6; config=StadiumSHA3,0.082995,0.0,0.0,0.142906,0.224204,0.0,StadiumSHA3,StadiumSHA3-2-20260809-23:07:20-359376,3,6,StadiumSHA3-2-20260809-23:07:20-359376|phase3|3|6,2,2,2,sha3,10,,,,1,3-6,0.012734,0.019107,0.189123
779,1,0.437998,0.270905,0.210339,197,sha3,pair=UAV3<->UAV7; config=StadiumSHA3,0.081963,0.0,0.0,0.188942,0.210339,0.0,StadiumSHA3,StadiumSHA3-2-20260809-23:07:20-359376,3,7,StadiumSHA3-2-20260809-23:07:20-359376|phase3|3|7,2,2,2,sha3,10,,,,1,3-7,0.019356,0.020478,0.222444
780,1,0.485157,0.229066,0.248749,197,sha3,pair=UAV3<->UAV8; config=StadiumSHA3,0.086311,0.0,0.0,0.142755,0.248749,0.0,StadiumSHA3,StadiumSHA3-2-20260809-23:07:20-359376,3,8,StadiumSHA3-2-20260809-23:07:20-359376|phase3|3|8,2,2,2,sha3,10,,,,1,3-8,0.012743,0.018424,0.189654
781,1,0.454446,0.228144,0.208544,197,sha3,pair=UAV3<->UAV9; config=StadiumSHA3,0.081722,0.0,0.0,0.146422,0.208544,0.0,StadiumSHA3,StadiumSHA3-2-20260809-23:07:20-359376,3,9,StadiumSHA3-2-20260809-23:07:20-359376|phase3|3|9,2,2,2,sha3,10,,,,1,3-9,0.013676,0.018374,0.187961
782,1,0.340248,0.10163,0.394136,197,sha3,pair=UAV4<->UAV0; config=StadiumSHA3,0.0,0.10163,0.259989,0.0,0.0,0.134147,StadiumSHA3,StadiumSHA3-2-20260809-23:07:20-359376,4,0,StadiumSHA3-2-20260809-23:07:20-359376|phase3|4|0,2,2,2,sha3,10,,,,0,0-4,0.0167,0.033162,0.25764
783,1,0.35197,0.136735,0.368757,197,sha3,pair=UAV4<->UAV1; config=StadiumSHA3,0.0,0.136735,0.228034,0.0,0.0,0.140722,StadiumSHA3,StadiumSHA3-2-20260809-23:07:20-359376,4,1,StadiumSHA3-2-20260809-23:07:20-359376|phase3|4|1,2,2,2,sha3,10,,,,0,1-4,0.019186,0.022492,0.220079
784,1,0.349108,0.135533,0.386163,197,sha3,pair=UAV4<->UAV2; config=StadiumSHA3,0.0,0.135533,0.24411,0.0,0.0,0.142053,StadiumSHA3,StadiumSHA3-2-20260809-23:07:20-359376,4,2,StadiumSHA3-2-20260809-23:07:20-359376|phase3|4|2,2,2,2,sha3,10,,,,0,2-4,0.022312,0.030197,0.211184
785,1,0.371272,0.1396,0.383756,197,sha3,pair=UAV4<->UAV3; config=StadiumSHA3,0.0,0.1396,0.244734,0.0,0.0,0.139022,StadiumSHA3,StadiumSHA3-2-20260809-23:07:20-359376,4,3,StadiumSHA3-2-20260809-23:07:20-359376|phase3|4|3,2,2,2,sha3,10,,,,0,3-4,0.018635,0.028734,0.22017
786,1,0.479125,0.226522,0.216408,197,sha3,pair=UAV4<->UAV5; config=StadiumSHA3,0.082514,0.0,0.0,0.144008,0.216408,0.0,StadiumSHA3,StadiumSHA3-2-20260809-23:07:20-359376,4,5,StadiumSHA3-2-20260809-23:07:20-359376|phase3|4|5,2,2,2,sha3,10,,,,1,4-5,0.013775,0.018785,0.188221
787,1,0.439559,0.23074,0.209402,197,sha3,pair=UAV4<->UAV6; config=StadiumSHA3,0.083335,0.0,0.0,0.147405,0.209402,0.0,StadiumSHA3,StadiumSHA3-2-20260809-23:07:20-359376,4,6,StadiumSHA3-2-20260809-23:07:20-359376|phase3|4|6,2,2,2,sha3,10,,,,1,4-6,0.013085,0.020037,0.190234
788,1,0.437394,0.303566,0.209886,197,sha3,pair=UAV4<->UAV7; config=StadiumSHA3,0.082614,0.0,0.0,0.220952,0.209886,0.0,StadiumSHA3,StadiumSHA3-2-20260809-23:07:20-359376,4,7,StadiumSHA3-2-20260809-23:07:20-359376|phase3|4|7,2,2,2,sha3,10,,,,1,4-7,0.019366,0.029476,0.244966
789,1,0.473382,0.251268,0.213251,197,sha3,pair=UAV4<->UAV8; config=StadiumSHA3,0.106108,0.0,0.0,0.14516,0.213251,0.0,StadiumSHA3,StadiumSHA3-2-20260809-23:07:20-359376,4,8,StadiumSHA3-2-20260809-23:07:20-359376|phase3|4|8,2,2,2,sha3,10,,,,1,4-8,0.013144,0.018584,0.212165
790,1,0.458897,0.269863,0.226889,197,sha3,pair=UAV4<->UAV9; config=StadiumSHA3,0.114283,0.0,0.0,0.15558,0.226889,0.0,StadiumSHA3,StadiumSHA3-2-20260809-23:07:20-359376,4,9,StadiumSHA3-2-20260809-23:07:20-359376|phase3|4|9,2,2,2,sha3,10,,,,1,4-9,0.020838,0.024556,0.213307
791,1,0.363135,0.103513,0.385538,197,sha3,pair=UAV5<->UAV0; config=StadiumSHA3,0.0,0.103513,0.245464,0.0,0.0,0.140075,StadiumSHA3,StadiumSHA3-2-20260809-23:07:20-359376,5,0,StadiumSHA3-2-20260809-23:07:20-359376|phase3|5|0,2,2,2,sha3,10,,,,0,0-5,0.014267,0.021189,0.199612
792,1,0.355325,0.13393,0.40409,197,sha3,pair=UAV5<->UAV1; config=StadiumSHA3,0.0,0.13393,0.26669,0.0,0.0,0.137399,StadiumSHA3,StadiumSHA3-2-20260809-23:07:20-359376,5,1,StadiumSHA3-2-20260809-23:07:20-359376|phase3|5|1,2,2,2,sha3,10,,,,0,1-5,0.017764,0.033192,0.210482
793,1,0.37917,0.138859,0.374523,197,sha3,pair=UAV5<->UAV2; config=StadiumSHA3,0.0,0.138859,0.23696,0.0,0.0,0.137563,StadiumSHA3,StadiumSHA3-2-20260809-23:07:20-359376,5,2,StadiumSHA3-2-20260809-23:07:20-359376|phase3|5|2,2,2,2,sha3,10,,,,0,2-5,0.021791,0.030887,0.213257
794,1,0.402106,0.105276,0.410343,197,sha3,pair=UAV5<->UAV3; config=StadiumSHA3,0.0,0.105276,0.240056,0.0,0.0,0.170287,StadiumSHA3,StadiumSHA3-2-20260809-23:07:20-359376,5,3,StadiumSHA3-2-20260809-23:07:20-359376|phase3|5|3,2,2,2,sha3,10,,,,0,3-5,0.014287,0.021029,0.202747
795,1,0.366593,0.089347,0.412902,197,sha3,pair=UAV5<->UAV4; config=StadiumSHA3,0.0,0.089347,0.262717,0.0,0.0,0.150185,StadiumSHA3,StadiumSHA3-2-20260809-23:07:20-359376,5,4,StadiumSHA3-2-20260809-23:07:20-359376|phase3|5|4,2,2,2,sha3,10,,,,0,4-5,0.012714,0.020759,0.189032
796,1,0.463695,0.269982,0.234361,197,sha3,pair=UAV5<->UAV6; config=StadiumSHA3,0.125994,0.0,0.0,0.143988,0.234361,0.0,StadiumSHA3,StadiumSHA3-2-20260809-23:07:20-359376,5,6,StadiumSHA3-2-20260809-23:07:20-359376|phase3|5|6,2,2,2,sha3,10,,,,1,5-6,0.017372,0.025908,0.217034
797,1,0.439303,0.329474,0.207887,197,sha3,pair=UAV5<->UAV7; config=StadiumSHA3,0.12865,0.0,0.0,0.200824,0.207887,0.0,StadiumSHA3,StadiumSHA3-2-20260809-23:07:20-359376,5,7,StadiumSHA3-2-20260809-23:07:20-359376|phase3|5|7,2,2,2,sha3,10,,,,1,5-7,0.018495,0.037749,0.260446
798,1,0.498912,0.279982,0.263592,197,sha3,pair=UAV5<->UAV8; config=StadiumSHA3,0.123991,0.0,0.0,0.155991,0.263592,0.0,StadiumSHA3,StadiumSHA3-2-20260809-23:07:20-359376,5,8,StadiumSHA3-2-20260809-23:07:20-359376|phase3|5|8,2,2,2,sha3,10,,,,1,5-8,0.02699,0.026429,0.218155
799,1,0.46093,0.261196,0.215214,197,sha3,pair=UAV5<->UAV9; config=StadiumSHA3,0.117368,0.0,0.0,0.143828,0.215214,0.0,StadiumSHA3,StadiumSHA3-2-20260809-23:07:20-359376,5,9,StadiumSHA3-2-20260809-23:07:20-359376|phase3|5|9,2,2,2,sha3,10,,,,1,5-9,0.01614,0.024746,0.211154
800,1,0.38,0.150781,0.384502,197,sha3,pair=UAV6<->UAV0; config=StadiumSHA3,0.0,0.150781,0.227551,0.0,0.0,0.156951,StadiumSHA3,StadiumSHA3-2-20260809-23:07:20-359376,6,0,StadiumSHA3-2-20260809-23:07:20-359376|phase3|6|0,2,2,2,sha3,10,,,,0,0-6,0.018774,0.029274,0.2414
801,1,0.380032,0.12364,0.40649,197,sha3,pair=UAV6<->UAV1; config=StadiumSHA3,0.0,0.12364,0.240436,0.0,0.0,0.166054,StadiumSHA3,StadiumSHA3-2-20260809-23:07:20-359376,6,1,StadiumSHA3-2-20260809-23:07:20-359376|phase3|6|1,2,2,2,sha3,10,,,,0,1-6,0.018976,0.025878,0.227413
802,1,0.361913,0.10195,0.399175,197,sha3,pair=UAV6<->UAV2; config=StadiumSHA3,0.0,0.10195,0.255962,0.0,0.0,0.143213,StadiumSHA3,StadiumSHA3-2-20260809-23:07:20-359376,6,2,StadiumSHA3-2-20260809-23:07:20-359376|phase3|6|2,2,2,2,sha3,10,,,,0,2-6,0.013747,0.020287,0.19897
803,1,0.359513,0.137065,0.37692,197,sha3,pair=UAV6<->UAV3; config=StadiumSHA3,0.0,0.137065,0.241611,0.0,0.0,0.13531,StadiumSHA3,StadiumSHA3-2-20260809-23:07:20-359376,6,3,StadiumSHA3-2-20260809-23:07:20-359376|phase3|6|3,2,2,2,sha3,10,,,,0,3-6,0.023324,0.047559,0.281364
804,1,0.384839,0.088084,0.405594,197,sha3,pair=UAV6<->UAV4; config=StadiumSHA3,0.0,0.088084,0.230157,0.0,0.0,0.175437,StadiumSHA3,StadiumSHA3-2-20260809-23:07:20-359376,6,4,StadiumSHA3-2-20260809-23:07:20-359376|phase3|6|4,2,2,2,sha3,10,,,,0,4-6,0.013334,0.018835,0.192139
805,1,0.382248,0.093905,0.37722,197,sha3,pair=UAV6<->UAV5; config=StadiumSHA3,0.0,0.093905,0.229334,0.0,0.0,0.147886,StadiumSHA3,StadiumSHA3-2-20260809-23:07:20-359376,6,5,StadiumSHA3-2-20260809-23:07:20-359376|phase3|6|5,2,2,2,sha3,10,,,,0,5-6,0.013734,0.018564,0.193671
806,1,0.471678,0.265325,0.243033,197,sha3,pair=UAV6<->UAV7; config=StadiumSHA3,0.114103,0.0,0.0,0.151222,0.243033,0.0,StadiumSHA3,StadiumSHA3-2-20260809-23:07:20-359376,6,7,StadiumSHA3-2-20260809-23:07:20-359376|phase3|6|7,2,2,2,sha3,10,,,,1,6-7,0.016971,0.026509,0.211745
807,1,0.485376,0.257811,0.244946,197,sha3,pair=UAV6<->UAV8; config=StadiumSHA3,0.114173,0.0,0.0,0.143638,0.244946,0.0,StadiumSHA3,StadiumSHA3-2-20260809-23:07:20-359376,6,8,StadiumSHA3-2-20260809-23:07:20-359376|phase3|6|8,2,2,2,sha3,10,,,,1,6-8,0.013716,0.025618,0.209881
808,1,0.460427,0.256308,0.231824,197,sha3,pair=UAV6<->UAV9; config=StadiumSHA3,0.111608,0.0,0.0,0.1447,0.231824,0.0,StadiumSHA3,StadiumSHA3-2-20260809-23:07:20-359376,6,9,StadiumSHA3-2-20260809-23:07:20-359376|phase3|6|9,2,2,2,sha3,10,,,,1,6-9,0.017371,0.019676,0.211473
809,1,0.385051,0.115976,0.434927,197,sha3,pair=UAV7<->UAV0; config=StadiumSHA3,0.0,0.115976,0.254555,0.0,0.0,0.180373,StadiumSHA3,StadiumSHA3-2-20260809-23:07:20-359376,7,0,StadiumSHA3-2-20260809-23:07:20-359376|phase3|7|0,2,2,2,sha3,10,,,,0,0-7,0.016421,0.033543,0.204621
810,1,0.405135,0.100667,0.419556,197,sha3,pair=UAV7<->UAV1; config=StadiumSHA3,0.0,0.100667,0.259129,0.0,0.0,0.160428,StadiumSHA3,StadiumSHA3-2-20260809-23:07:20-359376,7,1,StadiumSHA3-2-20260809-23:07:20-359376|phase3|7|1,2,2,2,sha3,10,,,,0,1-7,0.014026,0.020057,0.198741
811,1,0.341565,0.101759,0.390453,197,sha3,pair=UAV7<->UAV2; config=StadiumSHA3,0.0,0.101759,0.256715,0.0,0.0,0.133738,StadiumSHA3,StadiumSHA3-2-20260809-23:07:20-359376,7,2,StadiumSHA3-2-20260809-23:07:20-359376|phase3|7|2,2,2,2,sha3,10,,,,0,2-7,0.013876,0.034764,0.295059
812,1,0.349022,0.124623,0.366341,197,sha3,pair=UAV7<->UAV3; config=StadiumSHA3,0.0,0.124623,0.227658,0.0,0.0,0.138683,StadiumSHA3,StadiumSHA3-2-20260809-23:07:20-359376,7,3,StadiumSHA3-2-20260809-23:07:20-359376|phase3|7|3,2,2,2,sha3,10,,,,0,3-7,0.018643,0.021159,0.207426
813,1,0.358358,0.105176,0.375981,197,sha3,pair=UAV7<->UAV4; config=StadiumSHA3,0.0,0.105176,0.227509,0.0,0.0,0.148473,StadiumSHA3,StadiumSHA3-2-20260809-23:07:20-359376,7,4,StadiumSHA3-2-20260809-23:07:20-359376|phase3|7|4,2,2,2,sha3,10,,,,0,4-7,0.018033,0.026379,0.195494
814,1,0.376513,0.089777,0.400042,197,sha3,pair=UAV7<->UAV5; config=StadiumSHA3,0.0,0.089777,0.231416,0.0,0.0,0.168626,StadiumSHA3,StadiumSHA3-2-20260809-23:07:20-359376,7,5,StadiumSHA3-2-20260809-23:07:20-359376|phase3|7|5,2,2,2,sha3,10,,,,0,5-7,0.012904,0.019265,0.18807
815,1,0.378795,0.114613,0.364407,197,sha3,pair=UAV7<->UAV6; config=StadiumSHA3,0.0,0.114613,0.228645,0.0,0.0,0.135762,StadiumSHA3,StadiumSHA3-2-20260809-23:07:20-359376,7,6,StadiumSHA3-2-20260809-23:07:20-359376|phase3|7|6,2,2,2,sha3,10,,,,0,6-7,0.020237,0.028392,0.240908
816,1,0.449576,0.25218,0.217778,197,sha3,pair=UAV7<->UAV8; config=StadiumSHA3,0.10727,0.0,0.0,0.14491,0.217778,0.0,StadiumSHA3,StadiumSHA3-2-20260809-23:07:20-359376,7,8,StadiumSHA3-2-20260809-23:07:20-359376|phase3|7|8,2,2,2,sha3,10,,,,1,7-8,0.017211,0.020869,0.205603
817,1,0.458847,0.233905,0.211832,197,sha3,pair=UAV7<->UAV9; config=StadiumSHA3,0.090598,0.0,0.0,0.143307,0.211832,0.0,StadiumSHA3,StadiumSHA3-2-20260809-23:07:20-359376,7,9,StadiumSHA3-2-20260809-23:07:20-359376|phase3|7|9,2,2,2,sha3,10,,,,1,7-9,0.013115,0.019255,0.194532
818,1,0.374749,0.089868,0.38193,197,sha3,pair=UAV8<->UAV0; config=StadiumSHA3,0.0,0.089868,0.229494,0.0,0.0,0.152435,StadiumSHA3,StadiumSHA3-2-20260809-23:07:20-359376,8,0,StadiumSHA3-2-20260809-23:07:20-359376|phase3|8|0,2,2,2,sha3,10,,,,0,0-8,0.014146,0.021911,0.219619
819,1,0.357803,0.117689,0.404793,197,sha3,pair=UAV8<->UAV1; config=StadiumSHA3,0.0,0.117689,0.260635,0.0,0.0,0.144158,StadiumSHA3,StadiumSHA3-2-20260809-23:07:20-359376,8,1,StadiumSHA3-2-20260809-23:07:20-359376|phase3|8|1,2,2,2,sha3,10,,,,0,1-8,0.016371,0.036668,0.192889
820,1,0.347021,0.113121,0.385952,197,sha3,pair=UAV8<->UAV2; config=StadiumSHA3,0.0,0.113121,0.246736,0.0,0.0,0.139216,StadiumSHA3,StadiumSHA3-2-20260809-23:07:20-359376,8,2,StadiumSHA3-2-20260809-23:07:20-359376|phase3|8|2,2,2,2,sha3,10,,,,0,2-8,0.017323,0.020158,0.206325
821,1,0.385248,0.143948,0.372908,197,sha3,pair=UAV8<->UAV3; config=StadiumSHA3,0.0,0.143948,0.236409,0.0,0.0,0.136499,StadiumSHA3,StadiumSHA3-2-20260809-23:07:20-359376,8,3,StadiumSHA3-2-20260809-23:07:20-359376|phase3|8|3,2,2,2,sha3,10,,,,0,3-8,0.024786,0.028874,0.228656
822,1,0.353404,0.135903,0.400284,197,sha3,pair=UAV8<->UAV4; config=StadiumSHA3,0.0,0.135903,0.260131,0.0,0.0,0.140153,StadiumSHA3,StadiumSHA3-2-20260809-23:07:20-359376,8,4,StadiumSHA3-2-20260809-23:07:20-359376|phase3|8|4,2,2,2,sha3,10,,,,0,4-8,0.021129,0.040555,0.231401
823,1,0.415767,0.146643,0.387495,197,sha3,pair=UAV8<->UAV5; config=StadiumSHA3,0.0,0.146643,0.23532,0.0,0.0,0.152175,StadiumSHA3,StadiumSHA3-2-20260809-23:07:20-359376,8,5,StadiumSHA3-2-20260809-23:07:20-359376|phase3|8|5,2,2,2,sha3,10,,,,0,5-8,0.023635,0.028473,0.223136
824,1,0.403956,0.121076,0.39944,197,sha3,pair=UAV8<->UAV6; config=StadiumSHA3,0.0,0.121076,0.24043,0.0,0.0,0.15901,StadiumSHA3,StadiumSHA3-2-20260809-23:07:20-359376,8,6,StadiumSHA3-2-20260809-23:07:20-359376|phase3|8|6,2,2,2,sha3,10,,,,0,6-8,0.018786,0.024686,0.223868
825,1,0.357696,0.087814,0.371716,197,sha3,pair=UAV8<->UAV7; config=StadiumSHA3,0.0,0.087814,0.231798,0.0,0.0,0.139918,StadiumSHA3,StadiumSHA3-2-20260809-23:07:20-359376,8,7,StadiumSHA3-2-20260809-23:07:20-359376|phase3|8|7,2,2,2,sha3,10,,,,0,7-8,0.012784,0.020548,0.218266
826,1,0.462253,0.258581,0.229485,197,sha3,pair=UAV8<->UAV9; config=StadiumSHA3,0.100827,0.0,0.0,0.157754,0.229485,0.0,StadiumSHA3,StadiumSHA3-2-20260809-23:07:20-359376,8,9,StadiumSHA3-2-20260809-23:07:20-359376|phase3|8|9,2,2,2,sha3,10,,,,1,8-9,0.014026,0.022242,0.214128
827,1,0.397999,0.090429,0.381993,197,sha3,pair=UAV9<->UAV0; config=StadiumSHA3,0.0,0.090429,0.228881,0.0,0.0,0.153113,StadiumSHA3,StadiumSHA3-2-20260809-23:07:20-359376,9,0,StadiumSHA3-2-20260809-23:07:20-359376|phase3|9|0,2,2,2,sha3,10,,,,0,0-9,0.012703,0.019666,0.189422
828,1,0.371568,0.151632,0.379981,197,sha3,pair=UAV9<->UAV1; config=StadiumSHA3,0.0,0.151632,0.241805,0.0,0.0,0.138175,StadiumSHA3,StadiumSHA3-2-20260809-23:07:20-359376,9,1,StadiumSHA3-2-20260809-23:07:20-359376|phase3|9|1,2,2,2,sha3,10,,,,0,1-9,0.022962,0.028282,0.228906
829,1,0.388738,0.088986,0.408071,197,sha3,pair=UAV9<->UAV2; config=StadiumSHA3,0.0,0.088986,0.265288,0.0,0.0,0.142782,StadiumSHA3,StadiumSHA3-2-20260809-23:07:20-359376,9,2,StadiumSHA3-2-20260809-23:07:20-359376|phase3|9|2,2,2,2,sha3,10,,,,0,2-9,0.012624,0.019417,0.188401
830,1,0.347891,0.100978,0.385248,197,sha3,pair=UAV9<->UAV3; config=StadiumSHA3,0.0,0.100978,0.245902,0.0,0.0,0.139347,StadiumSHA3,StadiumSHA3-2-20260809-23:07:20-359376,9,3,StadiumSHA3-2-20260809-23:07:20-359376|phase3|9|3,2,2,2,sha3,10,,,,0,3-9,0.013865,0.020108,0.199051
831,1,0.372388,0.103533,0.377506,197,sha3,pair=UAV9<->UAV4; config=StadiumSHA3,0.0,0.103533,0.232008,0.0,0.0,0.145498,StadiumSHA3,StadiumSHA3-2-20260809-23:07:20-359376,9,4,StadiumSHA3-2-20260809-23:07:20-359376|phase3|9|4,2,2,2,sha3,10,,,,0,4-9,0.014117,0.033652,0.222134
832,1,0.357635,0.102891,0.388137,197,sha3,pair=UAV9<->UAV5; config=StadiumSHA3,0.0,0.102891,0.245716,0.0,0.0,0.142421,StadiumSHA3,StadiumSHA3-2-20260809-23:07:20-359376,9,5,StadiumSHA3-2-20260809-23:07:20-359376|phase3|9|5,2,2,2,sha3,10,,,,0,5-9,0.015509,0.027812,0.247961
833,1,0.377837,0.132286,0.374616,197,sha3,pair=UAV9<->UAV6; config=StadiumSHA3,0.0,0.132286,0.228603,0.0,0.0,0.146013,StadiumSHA3,StadiumSHA3-2-20260809-23:07:20-359376,9,6,StadiumSHA3-2-20260809-23:07:20-359376|phase3|9|6,2,2,2,sha3,10,,,,0,6-9,0.022172,0.030276,0.218587
834,1,0.350987,0.143488,0.386169,197,sha3,pair=UAV9<->UAV7; config=StadiumSHA3,0.0,0.143488,0.247014,0.0,0.0,0.139155,StadiumSHA3,StadiumSHA3-2-20260809-23:07:20-359376,9,7,StadiumSHA3-2-20260809-23:07:20-359376|phase3|9|7,2,2,2,sha3,10,,,,0,7-9,0.020487,0.025197,0.233724
835,1,0.374077,0.122919,0.377361,197,sha3,pair=UAV9<->UAV8; config=StadiumSHA3,0.0,0.122919,0.232769,0.0,0.0,0.144592,StadiumSHA3,StadiumSHA3-2-20260809-23:07:20-359376,9,8,StadiumSHA3-2-20260809-23:07:20-359376|phase3|9|8,2,2,2,sha3,10,,,,0,8-9,0.018665,0.025878,0.22587
836,1,0.448224,0.231201,0.219298,197,sha3,pair=UAV0<->UAV1; config=StadiumSHA3,0.084999,0.0,0.0,0.146202,0.219298,0.0,StadiumSHA3,StadiumSHA3-3-20260809-23:07:20-359376,0,1,StadiumSHA3-3-20260809-23:07:20-359376|phase3|0|1,3,3,3,sha3,10,,,,1,0-1,0.013405,0.019246,0.191607
837,1,0.478171,0.22549,0.227554,197,sha3,pair=UAV0<->UAV2; config=StadiumSHA3,0.082533,0.0,0.0,0.142957,0.227554,0.0,StadiumSHA3,StadiumSHA3-3-20260809-23:07:20-359376,0,2,StadiumSHA3-3-20260809-23:07:20-359376|phase3|0|2,3,3,3,sha3,10,,,,1,0-2,0.012813,0.018624,0.18782
838,1,0.437144,0.24118,0.209524,197,sha3,pair=UAV0<->UAV3; config=StadiumSHA3,0.083897,0.0,0.0,0.157283,0.209524,0.0,StadiumSHA3,StadiumSHA3-3-20260809-23:07:20-359376,0,3,StadiumSHA3-3-20260809-23:07:20-359376|phase3|0|3,3,3,3,sha3,10,,,,1,0-3,0.014487,0.023544,0.19337
839,1,0.445258,0.226171,0.212938,197,sha3,pair=UAV0<->UAV4; config=StadiumSHA3,0.082884,0.0,0.0,0.143287,0.212938,0.0,StadiumSHA3,StadiumSHA3-3-20260809-23:07:20-359376,0,4,StadiumSHA3-3-20260809-23:07:20-359376|phase3|0|4,3,3,3,sha3,10,,,,1,0-4,0.012914,0.019345,0.18762
840,1,0.444367,0.231351,0.212541,197,sha3,pair=UAV0<->UAV5; config=StadiumSHA3,0.083736,0.0,0.0,0.147615,0.212541,0.0,StadiumSHA3,StadiumSHA3-3-20260809-23:07:20-359376,0,5,StadiumSHA3-3-20260809-23:07:20-359376|phase3|0|5,3,3,3,sha3,10,,,,1,0-5,0.012954,0.020168,0.191106
841,1,0.445223,0.227594,0.207683,197,sha3,pair=UAV0<->UAV6; config=StadiumSHA3,0.083876,0.0,0.0,0.143718,0.207683,0.0,StadiumSHA3,StadiumSHA3-3-20260809-23:07:20-359376,0,6,StadiumSHA3-3-20260809-23:07:20-359376|phase3|0|6,3,3,3,sha3,10,,,,1,0-6,0.013275,0.018795,0.188271
842,1,0.463087,0.240037,0.231199,197,sha3,pair=UAV0<->UAV7; config=StadiumSHA3,0.096119,0.0,0.0,0.143918,0.231199,0.0,StadiumSHA3,StadiumSHA3-3-20260809-23:07:20-359376,0,7,StadiumSHA3-3-20260809-23:07:20-359376|phase3|0|7,3,3,3,sha3,10,,,,1,0-7,0.013615,0.018385,0.202338
843,1,0.492513,0.228195,0.229012,197,sha3,pair=UAV0<->UAV8; config=StadiumSHA3,0.084748,0.0,0.0,0.143447,0.229012,0.0,StadiumSHA3,StadiumSHA3-3-20260809-23:07:20-359376,0,8,StadiumSHA3-3-20260809-23:07:20-359376|phase3|0|8,3,3,3,sha3,10,,,,1,0-8,0.012784,0.018596,0.191317
844,1,0.481232,0.237964,0.22987,197,sha3,pair=UAV0<->UAV9; config=StadiumSHA3,0.081191,0.0,0.0,0.156773,0.22987,0.0,StadiumSHA3,StadiumSHA3-3-20260809-23:07:20-359376,0,9,StadiumSHA3-3-20260809-23:07:20-359376|phase3|0|9,3,3,3,sha3,10,,,,1,0-9,0.012743,0.022271,0.197678
845,1,0.367688,0.087583,0.377315,197,sha3,pair=UAV1<->UAV0; config=StadiumSHA3,0.0,0.087583,0.228925,0.0,0.0,0.148389,StadiumSHA3,StadiumSHA3-3-20260809-23:07:20-359376,1,0,StadiumSHA3-3-20260809-23:07:20-359376|phase3|1|0,3,3,3,sha3,10,,,,0,0-1,0.012755,0.018484,0.188011
846,1,0.442432,0.241159,0.211351,197,sha3,pair=UAV1<->UAV2; config=StadiumSHA3,0.084537,0.0,0.0,0.156622,0.211351,0.0,StadiumSHA3,StadiumSHA3-3-20260809-23:07:20-359376,1,2,StadiumSHA3-3-20260809-23:07:20-359376|phase3|1|2,3,3,3,sha3,10,,,,1,1-2,0.012874,0.019336,0.201947
847,1,0.486907,0.22587,0.244298,197,sha3,pair=UAV1<->UAV3; config=StadiumSHA3,0.082393,0.0,0.0,0.143477,0.244298,0.0,StadiumSHA3,StadiumSHA3-3-20260809-23:07:20-359376,1,3,StadiumSHA3-3-20260809-23:07:20-359376|phase3|1|3,3,3,3,sha3,10,,,,1,1-3,0.013025,0.018554,0.18795
848,1,0.456714,0.2251,0.226617,197,sha3,pair=UAV1<->UAV4; config=StadiumSHA3,0.081582,0.0,0.0,0.143518,0.226617,0.0,StadiumSHA3,StadiumSHA3-3-20260809-23:07:20-359376,1,4,StadiumSHA3-3-20260809-23:07:20-359376|phase3|1|4,3,3,3,sha3,10,,,,1,1-4,0.012583,0.019446,0.18799
849,1,0.447893,0.234256,0.219375,197,sha3,pair=UAV1<->UAV5; config=StadiumSHA3,0.081972,0.0,0.0,0.152284,0.219375,0.0,StadiumSHA3,StadiumSHA3-3-20260809-23:07:20-359376,1,5,StadiumSHA3-3-20260809-23:07:20-359376|phase3|1|5,3,3,3,sha3,10,,,,1,1-5,0.013225,0.019025,0.196345
850,1,0.489415,0.22532,0.249161,197,sha3,pair=UAV1<->UAV6; config=StadiumSHA3,0.081302,0.0,0.0,0.144018,0.249161,0.0,StadiumSHA3,StadiumSHA3-3-20260809-23:07:20-359376,1,6,StadiumSHA3-3-20260809-23:07:20-359376|phase3|1|6,3,3,3,sha3,10,,,,1,1-6,0.012773,0.018535,0.188982
851,1,0.441499,0.226661,0.209358,197,sha3,pair=UAV1<->UAV7; config=StadiumSHA3,0.081992,0.0,0.0,0.144669,0.209358,0.0,StadiumSHA3,StadiumSHA3-3-20260809-23:07:20-359376,1,7,StadiumSHA3-3-20260809-23:07:20-359376|phase3|1|7,3,3,3,sha3,10,,,,1,1-7,0.013425,0.018825,0.187949
852,1,0.475057,0.236611,0.244717,197,sha3,pair=UAV1<->UAV8; config=StadiumSHA3,0.083977,0.0,0.0,0.152634,0.244717,0.0,StadiumSHA3,StadiumSHA3-3-20260809-23:07:20-359376,1,8,StadiumSHA3-3-20260809-23:07:20-359376|phase3|1|8,3,3,3,sha3,10,,,,1,1-8,0.013325,0.018745,0.198309
853,1,0.453971,0.226763,0.216788,197,sha3,pair=UAV1<->UAV9; config=StadiumSHA3,0.083486,0.0,0.0,0.143277,0.216788,0.0,StadiumSHA3,StadiumSHA3-3-20260809-23:07:20-359376,1,9,StadiumSHA3-3-20260809-23:07:20-359376|phase3|1|9,3,3,3,sha3,10,,,,1,1-9,0.012664,0.018674,0.188311
854,1,0.385665,0.087603,0.408727,197,sha3,pair=UAV2<->UAV0; config=StadiumSHA3,0.0,0.087603,0.250616,0.0,0.0,0.158111,StadiumSHA3,StadiumSHA3-3-20260809-23:07:20-359376,2,0,StadiumSHA3-3-20260809-23:07:20-359376|phase3|2|0,3,3,3,sha3,10,,,,0,0-2,0.013244,0.018635,0.189464
855,1,0.351317,0.127187,0.371048,197,sha3,pair=UAV2<->UAV1; config=StadiumSHA3,0.0,0.127187,0.231081,0.0,0.0,0.139966,StadiumSHA3,StadiumSHA3-3-20260809-23:07:20-359376,2,1,StadiumSHA3-3-20260809-23:07:20-359376|phase3|2|1,3,3,3,sha3,10,,,,0,1-2,0.022071,0.025338,0.207938
856,1,0.479297,0.239948,0.248742,197,sha3,pair=UAV2<->UAV3; config=StadiumSHA3,0.092132,0.0,0.0,0.147816,0.248742,0.0,StadiumSHA3,StadiumSHA3-3-20260809-23:07:20-359376,2,3,StadiumSHA3-3-20260809-23:07:20-359376|phase3|2|3,3,3,3,sha3,10,,,,1,2-3,0.013245,0.020728,0.197909
857,1,0.470899,0.230759,0.233078,197,sha3,pair=UAV2<->UAV4; config=StadiumSHA3,0.087152,0.0,0.0,0.143607,0.233078,0.0,StadiumSHA3,StadiumSHA3-3-20260809-23:07:20-359376,2,4,StadiumSHA3-3-20260809-23:07:20-359376|phase3|2|4,3,3,3,sha3,10,,,,1,2-4,0.013133,0.020899,0.189633
858,1,0.445717,0.225911,0.206676,197,sha3,pair=UAV2<->UAV5; config=StadiumSHA3,0.081953,0.0,0.0,0.143958,0.206676,0.0,StadiumSHA3,StadiumSHA3-3-20260809-23:07:20-359376,2,5,StadiumSHA3-3-20260809-23:07:20-359376|phase3|2|5,3,3,3,sha3,10,,,,1,2-5,0.012813,0.018945,0.18801
859,1,0.491134,0.22551,0.216222,197,sha3,pair=UAV2<->UAV6; config=StadiumSHA3,0.081442,0.0,0.0,0.144068,0.216222,0.0,StadiumSHA3,StadiumSHA3-3-20260809-23:07:20-359376,2,6,StadiumSHA3-3-20260809-23:07:20-359376|phase3|2|6,3,3,3,sha3,10,,,,1,2-6,0.013245,0.018504,0.187809
860,1,0.474439,0.223876,0.230563,197,sha3,pair=UAV2<->UAV7; config=StadiumSHA3,0.08092,0.0,0.0,0.142956,0.230563,0.0,StadiumSHA3,StadiumSHA3-3-20260809-23:07:20-359376,2,7,StadiumSHA3-3-20260809-23:07:20-359376|phase3|2|7,3,3,3,sha3,10,,,,1,2-7,0.012704,0.018554,0.18801
861,1,0.478952,0.22578,0.247134,197,sha3,pair=UAV2<->UAV8; config=StadiumSHA3,0.082764,0.0,0.0,0.143016,0.247134,0.0,StadiumSHA3,StadiumSHA3-3-20260809-23:07:20-359376,2,8,StadiumSHA3-3-20260809-23:07:20-359376|phase3|2|8,3,3,3,sha3,10,,,,1,2-8,0.012644,0.018685,0.18773
862,1,0.441353,0.227223,0.21033,197,sha3,pair=UAV2<->UAV9; config=StadiumSHA3,0.080911,0.0,0.0,0.146312,0.21033,0.0,StadiumSHA3,StadiumSHA3-3-20260809-23:07:20-359376,2,9,StadiumSHA3-3-20260809-23:07:20-359376|phase3|2|9,3,3,3,sha3,10,,,,1,2-9,0.013104,0.019406,0.188691
863,1,0.364386,0.090128,0.382481,197,sha3,pair=UAV3<->UAV0; config=StadiumSHA3,0.0,0.090128,0.22762,0.0,0.0,0.154861,StadiumSHA3,StadiumSHA3-3-20260809-23:07:20-359376,3,0,StadiumSHA3-3-20260809-23:07:20-359376|phase3|3|0,3,3,3,sha3,10,,,,0,0-3,0.013113,0.018646,0.189082
864,1,0.39765,0.08611,0.395961,197,sha3,pair=UAV3<->UAV1; config=StadiumSHA3,0.0,0.08611,0.242609,0.0,0.0,0.153352,StadiumSHA3,StadiumSHA3-3-20260809-23:07:20-359376,3,1,StadiumSHA3-3-20260809-23:07:20-359376|phase3|3|1,3,3,3,sha3,10,,,,0,1-3,0.012503,0.018605,0.188041
865,1,0.400081,0.134671,0.381895,197,sha3,pair=UAV3<->UAV2; config=StadiumSHA3,0.0,0.134671,0.230555,0.0,0.0,0.15134,StadiumSHA3,StadiumSHA3-3-20260809-23:07:20-359376,3,2,StadiumSHA3-3-20260809-23:07:20-359376|phase3|3|2,3,3,3,sha3,10,,,,0,2-3,0.019606,0.026029,0.217495
866,1,0.504123,0.238684,0.251312,197,sha3,pair=UAV3<->UAV4; config=StadiumSHA3,0.083195,0.0,0.0,0.155489,0.251312,0.0,StadiumSHA3,StadiumSHA3-3-20260809-23:07:20-359376,3,4,StadiumSHA3-3-20260809-23:07:20-359376|phase3|3|4,3,3,3,sha3,10,,,,1,3-4,0.013586,0.030637,0.189784
867,1,0.466518,0.225921,0.213501,197,sha3,pair=UAV3<->UAV5; config=StadiumSHA3,0.082854,0.0,0.0,0.143067,0.213501,0.0,StadiumSHA3,StadiumSHA3-3-20260809-23:07:20-359376,3,5,StadiumSHA3-3-20260809-23:07:20-359376|phase3|3|5,3,3,3,sha3,10,,,,1,3-5,0.012995,0.018546,0.187981
868,1,0.438155,0.227103,0.208162,197,sha3,pair=UAV3<->UAV6; config=StadiumSHA3,0.081392,0.0,0.0,0.145711,0.208162,0.0,StadiumSHA3,StadiumSHA3-3-20260809-23:07:20-359376,3,6,StadiumSHA3-3-20260809-23:07:20-359376|phase3|3|6,3,3,3,sha3,10,,,,1,3-6,0.012924,0.019256,0.188221
869,1,0.455656,0.224447,0.210741,197,sha3,pair=UAV3<->UAV7; config=StadiumSHA3,0.081501,0.0,0.0,0.142946,0.210741,0.0,StadiumSHA3,StadiumSHA3-3-20260809-23:07:20-359376,3,7,StadiumSHA3-3-20260809-23:07:20-359376|phase3|3|7,3,3,3,sha3,10,,,,1,3-7,0.012644,0.018595,0.187669
870,1,0.453795,0.233254,0.224173,197,sha3,pair=UAV3<->UAV8; config=StadiumSHA3,0.089877,0.0,0.0,0.143377,0.224173,0.0,StadiumSHA3,StadiumSHA3-3-20260809-23:07:20-359376,3,8,StadiumSHA3-3-20260809-23:07:20-359376|phase3|3|8,3,3,3,sha3,10,,,,1,3-8,0.012964,0.018525,0.196746
871,1,0.470687,0.227473,0.227618,197,sha3,pair=UAV3<->UAV9; config=StadiumSHA3,0.084116,0.0,0.0,0.143357,0.227618,0.0,StadiumSHA3,StadiumSHA3-3-20260809-23:07:20-359376,3,9,StadiumSHA3-3-20260809-23:07:20-359376|phase3|3|9,3,3,3,sha3,10,,,,1,3-9,0.012694,0.018895,0.190044
872,1,0.346861,0.086982,0.366243,197,sha3,pair=UAV4<->UAV0; config=StadiumSHA3,0.0,0.086982,0.23232,0.0,0.0,0.133923,StadiumSHA3,StadiumSHA3-3-20260809-23:07:20-359376,4,0,StadiumSHA3-3-20260809-23:07:20-359376|phase3|4|0,3,3,3,sha3,10,,,,0,0-4,0.013165,0.018986,0.19347
873,1,0.390614,0.100758,0.394093,197,sha3,pair=UAV4<->UAV1; config=StadiumSHA3,0.0,0.100758,0.230097,0.0,0.0,0.163996,StadiumSHA3,StadiumSHA3-3-20260809-23:07:20-359376,4,1,StadiumSHA3-3-20260809-23:07:20-359376|phase3|4|1,3,3,3,sha3,10,,,,0,1-4,0.012685,0.018664,0.187839
874,1,0.395388,0.087102,0.400131,197,sha3,pair=UAV4<->UAV2; config=StadiumSHA3,0.0,0.087102,0.23782,0.0,0.0,0.16231,StadiumSHA3,StadiumSHA3-3-20260809-23:07:20-359376,4,2,StadiumSHA3-3-20260809-23:07:20-359376|phase3|4|2,3,3,3,sha3,10,,,,0,2-4,0.012503,0.018554,0.1877
875,1,0.387486,0.121757,0.388984,197,sha3,pair=UAV4<->UAV3; config=StadiumSHA3,0.0,0.121757,0.25281,0.0,0.0,0.136174,StadiumSHA3,StadiumSHA3-3-20260809-23:07:20-359376,4,3,StadiumSHA3-3-20260809-23:07:20-359376|phase3|4|3,3,3,3,sha3,10,,,,0,3-4,0.019667,0.018545,0.213628
876,1,0.443163,0.226001,0.206055,197,sha3,pair=UAV4<->UAV5; config=StadiumSHA3,0.082063,0.0,0.0,0.143938,0.206055,0.0,StadiumSHA3,StadiumSHA3-3-20260809-23:07:20-359376,4,5,StadiumSHA3-3-20260809-23:07:20-359376|phase3|4|5,3,3,3,sha3,10,,,,1,4-5,0.012934,0.018665,0.188491
877,1,0.458369,0.226251,0.224299,197,sha3,pair=UAV4<->UAV6; config=StadiumSHA3,0.083124,0.0,0.0,0.143127,0.224299,0.0,StadiumSHA3,StadiumSHA3-3-20260809-23:07:20-359376,4,6,StadiumSHA3-3-20260809-23:07:20-359376|phase3|4|6,3,3,3,sha3,10,,,,1,4-6,0.013214,0.018524,0.18786
878,1,0.458954,0.225539,0.222644,197,sha3,pair=UAV4<->UAV7; config=StadiumSHA3,0.082233,0.0,0.0,0.143306,0.222644,0.0,StadiumSHA3,StadiumSHA3-3-20260809-23:07:20-359376,4,7,StadiumSHA3-3-20260809-23:07:20-359376|phase3|4|7,3,3,3,sha3,10,,,,1,4-7,0.012724,0.019767,0.187659
879,1,0.459635,0.224627,0.210182,197,sha3,pair=UAV4<->UAV8; config=StadiumSHA3,0.081531,0.0,0.0,0.143096,0.210182,0.0,StadiumSHA3,StadiumSHA3-3-20260809-23:07:20-359376,4,8,StadiumSHA3-3-20260809-23:07:20-359376|phase3|4|8,3,3,3,sha3,10,,,,1,4-8,0.012904,0.018514,0.187579
880,1,0.477332,0.229146,0.212007,197,sha3,pair=UAV4<->UAV9; config=StadiumSHA3,0.084387,0.0,0.0,0.144759,0.212007,0.0,StadiumSHA3,StadiumSHA3-3-20260809-23:07:20-359376,4,9,StadiumSHA3-3-20260809-23:07:20-359376|phase3|4|9,3,3,3,sha3,10,,,,1,4-9,0.012754,0.018685,0.191397
881,1,0.35473,0.092603,0.374016,197,sha3,pair=UAV5<->UAV0; config=StadiumSHA3,0.0,0.092603,0.231827,0.0,0.0,0.142189,StadiumSHA3,StadiumSHA3-3-20260809-23:07:20-359376,5,0,StadiumSHA3-3-20260809-23:07:20-359376|phase3|5|0,3,3,3,sha3,10,,,,0,0-5,0.012785,0.019627,0.189653
882,1,0.359537,0.087302,0.368681,197,sha3,pair=UAV5<->UAV1; config=StadiumSHA3,0.0,0.087302,0.228519,0.0,0.0,0.140163,StadiumSHA3,StadiumSHA3-3-20260809-23:07:20-359376,5,1,StadiumSHA3-3-20260809-23:07:20-359376|phase3|5|1,3,3,3,sha3,10,,,,0,1-5,0.014085,0.028222,0.188802
883,1,0.35103,0.087483,0.383394,197,sha3,pair=UAV5<->UAV2; config=StadiumSHA3,0.0,0.087483,0.23904,0.0,0.0,0.144354,StadiumSHA3,StadiumSHA3-3-20260809-23:07:20-359376,5,2,StadiumSHA3-3-20260809-23:07:20-359376|phase3|5|2,3,3,3,sha3,10,,,,0,2-5,0.012654,0.018735,0.18805
884,1,0.353005,0.140131,0.392522,197,sha3,pair=UAV5<->UAV3; config=StadiumSHA3,0.0,0.140131,0.253018,0.0,0.0,0.139505,StadiumSHA3,StadiumSHA3-3-20260809-23:07:20-359376,5,3,StadiumSHA3-3-20260809-23:07:20-359376|phase3|5|3,3,3,3,sha3,10,,,,0,3-5,0.019636,0.031429,0.215743
885,1,0.359446,0.08602,0.390498,197,sha3,pair=UAV5<->UAV4; config=StadiumSHA3,0.0,0.08602,0.237108,0.0,0.0,0.15339,StadiumSHA3,StadiumSHA3-3-20260809-23:07:20-359376,5,4,StadiumSHA3-3-20260809-23:07:20-359376|phase3|5|4,3,3,3,sha3,10,,,,0,4-5,0.012533,0.018855,0.188071
886,1,0.463033,0.226441,0.212478,197,sha3,pair=UAV5<->UAV6; config=StadiumSHA3,0.081541,0.0,0.0,0.1449,0.212478,0.0,StadiumSHA3,StadiumSHA3-3-20260809-23:07:20-359376,5,6,StadiumSHA3-3-20260809-23:07:20-359376|phase3|5|6,3,3,3,sha3,10,,,,1,5-6,0.012964,0.018835,0.189333
887,1,0.479952,0.224678,0.233686,197,sha3,pair=UAV5<->UAV7; config=StadiumSHA3,0.081812,0.0,0.0,0.142866,0.233686,0.0,StadiumSHA3,StadiumSHA3-3-20260809-23:07:20-359376,5,7,StadiumSHA3-3-20260809-23:07:20-359376|phase3|5|7,3,3,3,sha3,10,,,,1,5-7,0.012604,0.018465,0.188151
888,1,0.476446,0.227824,0.228202,197,sha3,pair=UAV5<->UAV8; config=StadiumSHA3,0.081351,0.0,0.0,0.146473,0.228202,0.0,StadiumSHA3,StadiumSHA3-3-20260809-23:07:20-359376,5,8,StadiumSHA3-3-20260809-23:07:20-359376|phase3|5|8,3,3,3,sha3,10,,,,1,5-8,0.013715,0.018525,0.188942
889,1,0.459315,0.226211,0.209982,197,sha3,pair=UAV5<->UAV9; config=StadiumSHA3,0.082914,0.0,0.0,0.143297,0.209982,0.0,StadiumSHA3,StadiumSHA3-3-20260809-23:07:20-359376,5,9,StadiumSHA3-3-20260809-23:07:20-359376|phase3|5|9,3,3,3,sha3,10,,,,1,5-9,0.012763,0.018404,0.188772
890,1,0.341846,0.087463,0.371703,197,sha3,pair=UAV6<->UAV0; config=StadiumSHA3,0.0,0.087463,0.23754,0.0,0.0,0.134163,StadiumSHA3,StadiumSHA3-3-20260809-23:07:20-359376,6,0,StadiumSHA3-3-20260809-23:07:20-359376|phase3|6|0,3,3,3,sha3,10,,,,0,0-6,0.012623,0.018846,0.187981
891,1,0.430893,0.086772,0.421986,197,sha3,pair=UAV6<->UAV1; config=StadiumSHA3,0.0,0.086772,0.240254,0.0,0.0,0.181732,StadiumSHA3,StadiumSHA3-3-20260809-23:07:20-359376,6,1,StadiumSHA3-3-20260809-23:07:20-359376|phase3|6|1,3,3,3,sha3,10,,,,0,1-6,0.012714,0.018684,0.18798
892,1,0.391037,0.100197,0.449727,197,sha3,pair=UAV6<->UAV2; config=StadiumSHA3,0.0,0.100197,0.274912,0.0,0.0,0.174815,StadiumSHA3,StadiumSHA3-3-20260809-23:07:20-359376,6,2,StadiumSHA3-3-20260809-23:07:20-359376|phase3|6|2,3,3,3,sha3,10,,,,0,2-6,0.014327,0.022091,0.196986
893,1,0.377122,0.086912,0.398952,197,sha3,pair=UAV6<->UAV3; config=StadiumSHA3,0.0,0.086912,0.229992,0.0,0.0,0.16896,StadiumSHA3,StadiumSHA3-3-20260809-23:07:20-359376,6,3,StadiumSHA3-3-20260809-23:07:20-359376|phase3|6|3,3,3,3,sha3,10,,,,0,3-6,0.012514,0.018374,0.187609
894,1,0.371394,0.086752,0.381166,197,sha3,pair=UAV6<->UAV4; config=StadiumSHA3,0.0,0.086752,0.234071,0.0,0.0,0.147095,StadiumSHA3,StadiumSHA3-3-20260809-23:07:20-359376,6,4,StadiumSHA3-3-20260809-23:07:20-359376|phase3|6|4,3,3,3,sha3,10,,,,0,4-6,0.012554,0.018774,0.188029
895,1,0.367469,0.098584,0.405546,197,sha3,pair=UAV6<->UAV5; config=StadiumSHA3,0.0,0.098584,0.250555,0.0,0.0,0.154991,StadiumSHA3,StadiumSHA3-3-20260809-23:07:20-359376,6,5,StadiumSHA3-3-20260809-23:07:20-359376|phase3|6|5,3,3,3,sha3,10,,,,0,5-6,0.012645,0.029244,0.1881
896,1,0.461152,0.227954,0.214212,197,sha3,pair=UAV6<->UAV7; config=StadiumSHA3,0.084577,0.0,0.0,0.143377,0.214212,0.0,StadiumSHA3,StadiumSHA3-3-20260809-23:07:20-359376,6,7,StadiumSHA3-3-20260809-23:07:20-359376|phase3|6|7,3,3,3,sha3,10,,,,1,6-7,0.013945,0.018906,0.188481
897,1,0.46196,0.252631,0.22692,197,sha3,pair=UAV6<->UAV8; config=StadiumSHA3,0.100027,0.0,0.0,0.152604,0.22692,0.0,StadiumSHA3,StadiumSHA3-3-20260809-23:07:20-359376,6,8,StadiumSHA3-3-20260809-23:07:20-359376|phase3|6|8,3,3,3,sha3,10,,,,1,6-8,0.016491,0.038512,0.189583
898,1,0.485949,0.227504,0.226509,197,sha3,pair=UAV6<->UAV9; config=StadiumSHA3,0.083796,0.0,0.0,0.143708,0.226509,0.0,StadiumSHA3,StadiumSHA3-3-20260809-23:07:20-359376,6,9,StadiumSHA3-3-20260809-23:07:20-359376|phase3|6|9,3,3,3,sha3,10,,,,1,6-9,0.013055,0.020558,0.188682
899,1,0.429934,0.099666,0.430624,197,sha3,pair=UAV7<->UAV0; config=StadiumSHA3,0.0,0.099666,0.231888,0.0,0.0,0.198736,StadiumSHA3,StadiumSHA3-3-20260809-23:07:20-359376,7,0,StadiumSHA3-3-20260809-23:07:20-359376|phase3|7|0,3,3,3,sha3,10,,,,0,0-7,0.013105,0.020788,0.211103
900,1,0.37146,0.090779,0.394242,197,sha3,pair=UAV7<->UAV1; config=StadiumSHA3,0.0,0.090779,0.23214,0.0,0.0,0.162102,StadiumSHA3,StadiumSHA3-3-20260809-23:07:20-359376,7,1,StadiumSHA3-3-20260809-23:07:20-359376|phase3|7|1,3,3,3,sha3,10,,,,0,1-7,0.012794,0.018785,0.190635
901,1,0.369081,0.086921,0.382393,197,sha3,pair=UAV7<->UAV2; config=StadiumSHA3,0.0,0.086921,0.243876,0.0,0.0,0.138518,StadiumSHA3,StadiumSHA3-3-20260809-23:07:20-359376,7,2,StadiumSHA3-3-20260809-23:07:20-359376|phase3|7|2,3,3,3,sha3,10,,,,0,2-7,0.012583,0.018584,0.187881
902,1,0.36525,0.08602,0.399424,197,sha3,pair=UAV7<->UAV3; config=StadiumSHA3,0.0,0.08602,0.244915,0.0,0.0,0.154509,StadiumSHA3,StadiumSHA3-3-20260809-23:07:20-359376,7,3,StadiumSHA3-3-20260809-23:07:20-359376|phase3|7|3,3,3,3,sha3,10,,,,0,3-7,0.012594,0.020037,0.188041
903,1,0.375687,0.08605,0.389353,197,sha3,pair=UAV7<->UAV4; config=StadiumSHA3,0.0,0.08605,0.23631,0.0,0.0,0.153043,StadiumSHA3,StadiumSHA3-3-20260809-23:07:20-359376,7,4,StadiumSHA3-3-20260809-23:07:20-359376|phase3|7|4,3,3,3,sha3,10,,,,0,4-7,0.013254,0.018584,0.188461
904,1,0.372258,0.087152,0.384838,197,sha3,pair=UAV7<->UAV5; config=StadiumSHA3,0.0,0.087152,0.246266,0.0,0.0,0.138571,StadiumSHA3,StadiumSHA3-3-20260809-23:07:20-359376,7,5,StadiumSHA3-3-20260809-23:07:20-359376|phase3|7|5,3,3,3,sha3,10,,,,0,5-7,0.012522,0.018805,0.196727
905,1,0.348768,0.086762,0.381497,197,sha3,pair=UAV7<->UAV6; config=StadiumSHA3,0.0,0.086762,0.246941,0.0,0.0,0.134557,StadiumSHA3,StadiumSHA3-3-20260809-23:07:20-359376,7,6,StadiumSHA3-3-20260809-23:07:20-359376|phase3|7|6,3,3,3,sha3,10,,,,0,6-7,0.012523,0.018535,0.188802
906,1,0.440531,0.22537,0.208678,197,sha3,pair=UAV7<->UAV8; config=StadiumSHA3,0.081382,0.0,0.0,0.143988,0.208678,0.0,StadiumSHA3,StadiumSHA3-3-20260809-23:07:20-359376,7,8,StadiumSHA3-3-20260809-23:07:20-359376|phase3|7|8,3,3,3,sha3,10,,,,1,7-8,0.013095,0.018865,0.188281
907,1,0.458414,0.235609,0.218718,197,sha3,pair=UAV7<->UAV9; config=StadiumSHA3,0.081552,0.0,0.0,0.154057,0.218718,0.0,StadiumSHA3,StadiumSHA3-3-20260809-23:07:20-359376,7,9,StadiumSHA3-3-20260809-23:07:20-359376|phase3|7|9,3,3,3,sha3,10,,,,1,7-9,0.012773,0.019015,0.197237
908,1,0.370836,0.087523,0.405325,197,sha3,pair=UAV8<->UAV0; config=StadiumSHA3,0.0,0.087523,0.263501,0.0,0.0,0.141824,StadiumSHA3,StadiumSHA3-3-20260809-23:07:20-359376,8,0,StadiumSHA3-3-20260809-23:07:20-359376|phase3|8|0,3,3,3,sha3,10,,,,0,0-8,0.012744,0.019155,0.18808
909,1,0.403851,0.143558,0.389474,197,sha3,pair=UAV8<->UAV1; config=StadiumSHA3,0.0,0.143558,0.23034,0.0,0.0,0.159134,StadiumSHA3,StadiumSHA3-3-20260809-23:07:20-359376,8,1,StadiumSHA3-3-20260809-23:07:20-359376|phase3|8|1,3,3,3,sha3,10,,,,0,1-8,0.019997,0.030006,0.236341
910,1,0.425772,0.089727,0.410457,197,sha3,pair=UAV8<->UAV2; config=StadiumSHA3,0.0,0.089727,0.231818,0.0,0.0,0.178638,StadiumSHA3,StadiumSHA3-3-20260809-23:07:20-359376,8,2,StadiumSHA3-3-20260809-23:07:20-359376|phase3|8|2,3,3,3,sha3,10,,,,0,2-8,0.012934,0.019657,0.188932
911,1,0.358786,0.087242,0.364235,197,sha3,pair=UAV8<->UAV3; config=StadiumSHA3,0.0,0.087242,0.229622,0.0,0.0,0.134613,StadiumSHA3,StadiumSHA3-3-20260809-23:07:20-359376,8,3,StadiumSHA3-3-20260809-23:07:20-359376|phase3|8|3,3,3,3,sha3,10,,,,0,3-8,0.012783,0.018654,0.189713
912,1,0.343197,0.087342,0.382467,197,sha3,pair=UAV8<->UAV4; config=StadiumSHA3,0.0,0.087342,0.249452,0.0,0.0,0.133014,StadiumSHA3,StadiumSHA3-3-20260809-23:07:20-359376,8,4,StadiumSHA3-3-20260809-23:07:20-359376|phase3|8|4,3,3,3,sha3,10,,,,0,4-8,0.012533,0.018424,0.18808
913,1,0.380546,0.086622,0.400587,197,sha3,pair=UAV8<->UAV5; config=StadiumSHA3,0.0,0.086622,0.248244,0.0,0.0,0.152344,StadiumSHA3,StadiumSHA3-3-20260809-23:07:20-359376,8,5,StadiumSHA3-3-20260809-23:07:20-359376|phase3|8|5,3,3,3,sha3,10,,,,0,5-8,0.012593,0.018685,0.18797
914,1,0.371619,0.088354,0.379739,197,sha3,pair=UAV8<->UAV6; config=StadiumSHA3,0.0,0.088354,0.23504,0.0,0.0,0.144699,StadiumSHA3,StadiumSHA3-3-20260809-23:07:20-359376,8,6,StadiumSHA3-3-20260809-23:07:20-359376|phase3|8|6,3,3,3,sha3,10,,,,0,6-8,0.012583,0.018986,0.189122
915,1,0.351688,0.087162,0.374863,197,sha3,pair=UAV8<->UAV7; config=StadiumSHA3,0.0,0.087162,0.231853,0.0,0.0,0.14301,StadiumSHA3,StadiumSHA3-3-20260809-23:07:20-359376,8,7,StadiumSHA3-3-20260809-23:07:20-359376|phase3|8|7,3,3,3,sha3,10,,,,0,7-8,0.012623,0.018534,0.18799
916,1,0.45927,0.224679,0.208597,197,sha3,pair=UAV8<->UAV9; config=StadiumSHA3,0.081172,0.0,0.0,0.143507,0.208597,0.0,StadiumSHA3,StadiumSHA3-3-20260809-23:07:20-359376,8,9,StadiumSHA3-3-20260809-23:07:20-359376|phase3|8|9,3,3,3,sha3,10,,,,1,8-9,0.012823,0.018635,0.187951
917,1,0.368775,0.086562,0.390268,197,sha3,pair=UAV9<->UAV0; config=StadiumSHA3,0.0,0.086562,0.251363,0.0,0.0,0.138906,StadiumSHA3,StadiumSHA3-3-20260809-23:07:20-359376,9,0,StadiumSHA3-3-20260809-23:07:20-359376|phase3|9|0,3,3,3,sha3,10,,,,0,0-9,0.012723,0.018634,0.188721
918,1,0.378865,0.087122,0.39926,197,sha3,pair=UAV9<->UAV1; config=StadiumSHA3,0.0,0.087122,0.237183,0.0,0.0,0.162077,StadiumSHA3,StadiumSHA3-3-20260809-23:07:20-359376,9,1,StadiumSHA3-3-20260809-23:07:20-359376|phase3|9|1,3,3,3,sha3,10,,,,0,1-9,0.012643,0.018535,0.187951
919,1,0.350712,0.136655,0.371404,197,sha3,pair=UAV9<->UAV2; config=StadiumSHA3,0.0,0.136655,0.231022,0.0,0.0,0.140382,StadiumSHA3,StadiumSHA3-3-20260809-23:07:20-359376,9,2,StadiumSHA3-3-20260809-23:07:20-359376|phase3|9|2,3,3,3,sha3,10,,,,0,2-9,0.020198,0.025668,0.220562
920,1,0.371913,0.087032,0.387364,197,sha3,pair=UAV9<->UAV3; config=StadiumSHA3,0.0,0.087032,0.243069,0.0,0.0,0.144295,StadiumSHA3,StadiumSHA3-3-20260809-23:07:20-359376,9,3,StadiumSHA3-3-20260809-23:07:20-359376|phase3|9|3,3,3,3,sha3,10,,,,0,3-9,0.012653,0.018635,0.187729
921,1,0.361943,0.098704,0.415261,197,sha3,pair=UAV9<->UAV4; config=StadiumSHA3,0.0,0.098704,0.265325,0.0,0.0,0.149936,StadiumSHA3,StadiumSHA3-3-20260809-23:07:20-359376,9,4,StadiumSHA3-3-20260809-23:07:20-359376|phase3|9|4,3,3,3,sha3,10,,,,0,4-9,0.012683,0.018495,0.199521
922,1,0.358125,0.086461,0.397476,197,sha3,pair=UAV9<->UAV5; config=StadiumSHA3,0.0,0.086461,0.249333,0.0,0.0,0.148143,StadiumSHA3,StadiumSHA3-3-20260809-23:07:20-359376,9,5,StadiumSHA3-3-20260809-23:07:20-359376|phase3|9|5,3,3,3,sha3,10,,,,0,5-9,0.012483,0.018444,0.18791
923,1,0.380524,0.133538,0.413455,197,sha3,pair=UAV9<->UAV6; config=StadiumSHA3,0.0,0.133538,0.25944,0.0,0.0,0.154015,StadiumSHA3,StadiumSHA3-3-20260809-23:07:20-359376,9,6,StadiumSHA3-3-20260809-23:07:20-359376|phase3|9|6,3,3,3,sha3,10,,,,0,6-9,0.016411,0.04238,0.200554
924,1,0.368054,0.099666,0.389032,197,sha3,pair=UAV9<->UAV7; config=StadiumSHA3,0.0,0.099666,0.239696,0.0,0.0,0.149336,StadiumSHA3,StadiumSHA3-3-20260809-23:07:20-359376,9,7,StadiumSHA3-3-20260809-23:07:20-359376|phase3|9|7,3,3,3,sha3,10,,,,0,7-9,0.014126,0.018684,0.206714
925,1,0.35259,0.087253,0.394666,197,sha3,pair=UAV9<->UAV8; config=StadiumSHA3,0.0,0.087253,0.250673,0.0,0.0,0.143993,StadiumSHA3,StadiumSHA3-3-20260809-23:07:20-359376,9,8,StadiumSHA3-3-20260809-23:07:20-359376|phase3|9|8,3,3,3,sha3,10,,,,0,8-9,0.012553,0.018816,0.205924
926,1,0.461895,0.239586,0.213391,197,sha3,pair=UAV0<->UAV1; config=StadiumSHA3,0.09662,0.0,0.0,0.142966,0.213391,0.0,StadiumSHA3,StadiumSHA3-4-20260809-23:07:20-359376,0,1,StadiumSHA3-4-20260809-23:07:20-359376|phase3|0|1,4,4,4,sha3,10,,,,1,0-1,0.013145,0.018925,0.200264
927,1,0.470531,0.227464,0.216033,197,sha3,pair=UAV0<->UAV2; config=StadiumSHA3,0.083936,0.0,0.0,0.143528,0.216033,0.0,StadiumSHA3,StadiumSHA3-4-20260809-23:07:20-359376,0,2,StadiumSHA3-4-20260809-23:07:20-359376|phase3|0|2,4,4,4,sha3,10,,,,1,0-2,0.012904,0.019046,0.188831
928,1,0.475466,0.224118,0.233498,197,sha3,pair=UAV0<->UAV3; config=StadiumSHA3,0.081542,0.0,0.0,0.142576,0.233498,0.0,StadiumSHA3,StadiumSHA3-4-20260809-23:07:20-359376,0,3,StadiumSHA3-4-20260809-23:07:20-359376|phase3|0|3,4,4,4,sha3,10,,,,1,0-3,0.012783,0.018354,0.187861
929,1,0.465892,0.225018,0.22609,197,sha3,pair=UAV0<->UAV4; config=StadiumSHA3,0.082002,0.0,0.0,0.143016,0.22609,0.0,StadiumSHA3,StadiumSHA3-4-20260809-23:07:20-359376,0,4,StadiumSHA3-4-20260809-23:07:20-359376|phase3|0|4,4,4,4,sha3,10,,,,1,0-4,0.012684,0.018475,0.18779
930,1,0.4738,0.224108,0.224373,197,sha3,pair=UAV0<->UAV5; config=StadiumSHA3,0.081482,0.0,0.0,0.142626,0.224373,0.0,StadiumSHA3,StadiumSHA3-4-20260809-23:07:20-359376,0,5,StadiumSHA3-4-20260809-23:07:20-359376|phase3|0|5,4,4,4,sha3,10,,,,1,0-5,0.012664,0.018445,0.187649
931,1,0.456973,0.226702,0.215735,197,sha3,pair=UAV0<->UAV6; config=StadiumSHA3,0.083816,0.0,0.0,0.142886,0.215735,0.0,StadiumSHA3,StadiumSHA3-4-20260809-23:07:20-359376,0,6,StadiumSHA3-4-20260809-23:07:20-359376|phase3|0|6,4,4,4,sha3,10,,,,1,0-6,0.012714,0.018354,0.188452
932,1,0.496873,0.224379,0.234932,197,sha3,pair=UAV0<->UAV7; config=StadiumSHA3,0.081813,0.0,0.0,0.142566,0.234932,0.0,StadiumSHA3,StadiumSHA3-4-20260809-23:07:20-359376,0,7,StadiumSHA3-4-20260809-23:07:20-359376|phase3|0|7,4,4,4,sha3,10,,,,1,0-7,0.012694,0.018294,0.188301
933,1,0.464244,0.224718,0.209864,197,sha3,pair=UAV0<->UAV8; config=StadiumSHA3,0.081792,0.0,0.0,0.142926,0.209864,0.0,StadiumSHA3,StadiumSHA3-4-20260809-23:07:20-359376,0,8,StadiumSHA3-4-20260809-23:07:20-359376|phase3|0|8,4,4,4,sha3,10,,,,1,0-8,0.012694,0.018344,0.18786
934,1,0.488978,0.223977,0.215162,197,sha3,pair=UAV0<->UAV9; config=StadiumSHA3,0.081011,0.0,0.0,0.142966,0.215162,0.0,StadiumSHA3,StadiumSHA3-4-20260809-23:07:20-359376,0,9,StadiumSHA3-4-20260809-23:07:20-359376|phase3|0|9,4,4,4,sha3,10,,,,1,0-9,0.012664,0.018214,0.18786
935,1,0.384878,0.088605,0.419992,197,sha3,pair=UAV1<->UAV0; config=StadiumSHA3,0.0,0.088605,0.248505,0.0,0.0,0.171488,StadiumSHA3,StadiumSHA3-4-20260809-23:07:20-359376,1,0,StadiumSHA3-4-20260809-23:07:20-359376|phase3|1|0,4,4,4,sha3,10,,,,0,0-1,0.013755,0.018805,0.188932
936,1,0.446683,0.227373,0.215607,197,sha3,pair=UAV1<->UAV2; config=StadiumSHA3,0.084447,0.0,0.0,0.142926,0.215607,0.0,StadiumSHA3,StadiumSHA3-4-20260809-23:07:20-359376,1,2,StadiumSHA3-4-20260809-23:07:20-359376|phase3|1|2,4,4,4,sha3,10,,,,1,1-2,0.012934,0.018845,0.188691
937,1,0.463318,0.228655,0.224826,197,sha3,pair=UAV1<->UAV3; config=StadiumSHA3,0.082403,0.0,0.0,0.146252,0.224826,0.0,StadiumSHA3,StadiumSHA3-4-20260809-23:07:20-359376,1,3,StadiumSHA3-4-20260809-23:07:20-359376|phase3|1|3,4,4,4,sha3,10,,,,1,1-3,0.013335,0.018504,0.190504
938,1,0.476089,0.234316,0.226068,197,sha3,pair=UAV1<->UAV4; config=StadiumSHA3,0.09149,0.0,0.0,0.142826,0.226068,0.0,StadiumSHA3,StadiumSHA3-4-20260809-23:07:20-359376,1,4,StadiumSHA3-4-20260809-23:07:20-359376|phase3|1|4,4,4,4,sha3,10,,,,1,1-4,0.012904,0.018434,0.197877
939,1,0.445314,0.242692,0.208021,197,sha3,pair=UAV1<->UAV5; config=StadiumSHA3,0.082654,0.0,0.0,0.160038,0.208021,0.0,StadiumSHA3,StadiumSHA3-4-20260809-23:07:20-359376,1,5,StadiumSHA3-4-20260809-23:07:20-359376|phase3|1|5,4,4,4,sha3,10,,,,1,1-5,0.012794,0.019245,0.204481
940,1,0.4698,0.245718,0.22197,197,sha3,pair=UAV1<->UAV6; config=StadiumSHA3,0.081662,0.0,0.0,0.164056,0.22197,0.0,StadiumSHA3,StadiumSHA3-4-20260809-23:07:20-359376,1,6,StadiumSHA3-4-20260809-23:07:20-359376|phase3|1|6,4,4,4,sha3,10,,,,1,1-6,0.012704,0.023494,0.203188
941,1,0.444832,0.225379,0.206742,197,sha3,pair=UAV1<->UAV7; config=StadiumSHA3,0.082774,0.0,0.0,0.142605,0.206742,0.0,StadiumSHA3,StadiumSHA3-4-20260809-23:07:20-359376,1,7,StadiumSHA3-4-20260809-23:07:20-359376|phase3|1|7,4,4,4,sha3,10,,,,1,1-7,0.012653,0.018374,0.18782
942,1,0.462211,0.229697,0.208517,197,sha3,pair=UAV1<->UAV8; config=StadiumSHA3,0.081381,0.0,0.0,0.148316,0.208517,0.0,StadiumSHA3,StadiumSHA3-4-20260809-23:07:20-359376,1,8,StadiumSHA3-4-20260809-23:07:20-359376|phase3|1|8,4,4,4,sha3,10,,,,1,1-8,0.014137,0.019717,0.189573
943,1,0.442532,0.224919,0.206585,197,sha3,pair=UAV1<->UAV9; config=StadiumSHA3,0.081432,0.0,0.0,0.143487,0.206585,0.0,StadiumSHA3,StadiumSHA3-4-20260809-23:07:20-359376,1,9,StadiumSHA3-4-20260809-23:07:20-359376|phase3|1|9,4,4,4,sha3,10,,,,1,1-9,0.012624,0.018344,0.18803
944,1,0.350041,0.086641,0.388506,197,sha3,pair=UAV2<->UAV0; config=StadiumSHA3,0.0,0.086641,0.254498,0.0,0.0,0.134008,StadiumSHA3,StadiumSHA3-4-20260809-23:07:20-359376,2,0,StadiumSHA3-4-20260809-23:07:20-359376|phase3|2|0,4,4,4,sha3,10,,,,0,0-2,0.012613,0.018494,0.187589
945,1,0.361617,0.090268,0.377085,197,sha3,pair=UAV2<->UAV1; config=StadiumSHA3,0.0,0.090268,0.231076,0.0,0.0,0.146009,StadiumSHA3,StadiumSHA3-4-20260809-23:07:20-359376,2,1,StadiumSHA3-4-20260809-23:07:20-359376|phase3|2|1,4,4,4,sha3,10,,,,0,1-2,0.012783,0.020668,0.196907
946,1,0.462895,0.239056,0.224727,197,sha3,pair=UAV2<->UAV3; config=StadiumSHA3,0.083095,0.0,0.0,0.155961,0.224727,0.0,StadiumSHA3,StadiumSHA3-4-20260809-23:07:20-359376,2,3,StadiumSHA3-4-20260809-23:07:20-359376|phase3|2|3,4,4,4,sha3,10,,,,1,2-3,0.012955,0.019756,0.200262
947,1,0.457824,0.224218,0.217727,197,sha3,pair=UAV2<->UAV4; config=StadiumSHA3,0.081532,0.0,0.0,0.142686,0.217727,0.0,StadiumSHA3,StadiumSHA3-4-20260809-23:07:20-359376,2,4,StadiumSHA3-4-20260809-23:07:20-359376|phase3|2|4,4,4,4,sha3,10,,,,1,2-4,0.012624,0.018365,0.187599
948,1,0.469709,0.224479,0.232661,197,sha3,pair=UAV2<->UAV5; config=StadiumSHA3,0.081903,0.0,0.0,0.142576,0.232661,0.0,StadiumSHA3,StadiumSHA3-4-20260809-23:07:20-359376,2,5,StadiumSHA3-4-20260809-23:07:20-359376|phase3|2|5,4,4,4,sha3,10,,,,1,2-5,0.012553,0.018265,0.187589
949,1,0.462156,0.263671,0.229279,197,sha3,pair=UAV2<->UAV6; config=StadiumSHA3,0.081322,0.0,0.0,0.182349,0.229279,0.0,StadiumSHA3,StadiumSHA3-4-20260809-23:07:20-359376,2,6,StadiumSHA3-4-20260809-23:07:20-359376|phase3|2|6,4,4,4,sha3,10,,,,1,2-6,0.012634,0.024726,0.22025
950,1,0.469482,0.223867,0.222501,197,sha3,pair=UAV2<->UAV7; config=StadiumSHA3,0.080821,0.0,0.0,0.143046,0.222501,0.0,StadiumSHA3,StadiumSHA3-4-20260809-23:07:20-359376,2,7,StadiumSHA3-4-20260809-23:07:20-359376|phase3|2|7,4,4,4,sha3,10,,,,1,2-7,0.012815,0.018293,0.187969
951,1,0.445258,0.224609,0.214831,197,sha3,pair=UAV2<->UAV8; config=StadiumSHA3,0.081773,0.0,0.0,0.142836,0.214831,0.0,StadiumSHA3,StadiumSHA3-4-20260809-23:07:20-359376,2,8,StadiumSHA3-4-20260809-23:07:20-359376|phase3|2|8,4,4,4,sha3,10,,,,1,2-8,0.012522,0.018374,0.18774
952,1,0.456836,0.237163,0.214048,197,sha3,pair=UAV2<->UAV9; config=StadiumSHA3,0.094236,0.0,0.0,0.142927,0.214048,0.0,StadiumSHA3,StadiumSHA3-4-20260809-23:07:20-359376,2,9,StadiumSHA3-4-20260809-23:07:20-359376|phase3|2|9,4,4,4,sha3,10,,,,1,2-9,0.014326,0.018324,0.199622
953,1,0.380861,0.086151,0.389331,197,sha3,pair=UAV3<->UAV0; config=StadiumSHA3,0.0,0.086151,0.241969,0.0,0.0,0.147363,StadiumSHA3,StadiumSHA3-4-20260809-23:07:20-359376,3,0,StadiumSHA3-4-20260809-23:07:20-359376|phase3|3|0,4,4,4,sha3,10,,,,0,0-3,0.012453,0.018505,0.18764
954,1,0.390331,0.086812,0.403998,197,sha3,pair=UAV3<->UAV1; config=StadiumSHA3,0.0,0.086812,0.238492,0.0,0.0,0.165506,StadiumSHA3,StadiumSHA3-4-20260809-23:07:20-359376,3,1,StadiumSHA3-4-20260809-23:07:20-359376|phase3|3|1,4,4,4,sha3,10,,,,0,1-3,0.012503,0.018535,0.195123
955,1,0.359819,0.08604,0.373261,197,sha3,pair=UAV3<->UAV2; config=StadiumSHA3,0.0,0.08604,0.238169,0.0,0.0,0.135092,StadiumSHA3,StadiumSHA3-4-20260809-23:07:20-359376,3,2,StadiumSHA3-4-20260809-23:07:20-359376|phase3|3|2,4,4,4,sha3,10,,,,0,2-3,0.012734,0.018305,0.18772
956,1,0.45333,0.235629,0.212209,197,sha3,pair=UAV3<->UAV4; config=StadiumSHA3,0.082534,0.0,0.0,0.153095,0.212209,0.0,StadiumSHA3,StadiumSHA3-4-20260809-23:07:20-359376,3,4,StadiumSHA3-4-20260809-23:07:20-359376|phase3|3|4,4,4,4,sha3,10,,,,1,3-4,0.012804,0.019417,0.198129
957,1,0.484029,0.226552,0.240662,197,sha3,pair=UAV3<->UAV5; config=StadiumSHA3,0.083555,0.0,0.0,0.142997,0.240662,0.0,StadiumSHA3,StadiumSHA3-4-20260809-23:07:20-359376,3,5,StadiumSHA3-4-20260809-23:07:20-359376|phase3|3|5,4,4,4,sha3,10,,,,1,3-5,0.012813,0.019265,0.18795
958,1,0.459859,0.226312,0.218117,197,sha3,pair=UAV3<->UAV6; config=StadiumSHA3,0.081101,0.0,0.0,0.145211,0.218117,0.0,StadiumSHA3,StadiumSHA3-4-20260809-23:07:20-359376,3,6,StadiumSHA3-4-20260809-23:07:20-359376|phase3|3|6,4,4,4,sha3,10,,,,1,3-6,0.012703,0.018464,0.190214
959,1,0.435577,0.228947,0.205913,197,sha3,pair=UAV3<->UAV7; config=StadiumSHA3,0.082053,0.0,0.0,0.146894,0.205913,0.0,StadiumSHA3,StadiumSHA3-4-20260809-23:07:20-359376,3,7,StadiumSHA3-4-20260809-23:07:20-359376|phase3|3|7,4,4,4,sha3,10,,,,1,3-7,0.013104,0.019607,0.189433
960,1,0.447757,0.223937,0.219409,197,sha3,pair=UAV3<->UAV8; config=StadiumSHA3,0.081071,0.0,0.0,0.142866,0.219409,0.0,StadiumSHA3,StadiumSHA3-4-20260809-23:07:20-359376,3,8,StadiumSHA3-4-20260809-23:07:20-359376|phase3|3|8,4,4,4,sha3,10,,,,1,3-8,0.012704,0.018494,0.187789
961,1,0.484099,0.225059,0.244941,197,sha3,pair=UAV3<->UAV9; config=StadiumSHA3,0.082183,0.0,0.0,0.142876,0.244941,0.0,StadiumSHA3,StadiumSHA3-4-20260809-23:07:20-359376,3,9,StadiumSHA3-4-20260809-23:07:20-359376|phase3|3|9,4,4,4,sha3,10,,,,1,3-9,0.012703,0.018434,0.18814
962,1,0.397726,0.089136,0.411438,197,sha3,pair=UAV4<->UAV0; config=StadiumSHA3,0.0,0.089136,0.239802,0.0,0.0,0.171636,StadiumSHA3,StadiumSHA3-4-20260809-23:07:20-359376,4,0,StadiumSHA3-4-20260809-23:07:20-359376|phase3|4|0,4,4,4,sha3,10,,,,0,0-4,0.012835,0.018965,0.202256
963,1,0.374234,0.094927,0.398187,197,sha3,pair=UAV4<->UAV1; config=StadiumSHA3,0.0,0.094927,0.250021,0.0,0.0,0.148166,StadiumSHA3,StadiumSHA3-4-20260809-23:07:20-359376,4,1,StadiumSHA3-4-20260809-23:07:20-359376|phase3|4|1,4,4,4,sha3,10,,,,0,1-4,0.013244,0.021099,0.189472
964,1,0.355012,0.086611,0.377381,197,sha3,pair=UAV4<->UAV2; config=StadiumSHA3,0.0,0.086611,0.240096,0.0,0.0,0.137284,StadiumSHA3,StadiumSHA3-4-20260809-23:07:20-359376,4,2,StadiumSHA3-4-20260809-23:07:20-359376|phase3|4|2,4,4,4,sha3,10,,,,0,2-4,0.012513,0.018514,0.188271
965,1,0.348236,0.098293,0.377149,197,sha3,pair=UAV4<->UAV3; config=StadiumSHA3,0.0,0.098293,0.241121,0.0,0.0,0.136027,StadiumSHA3,StadiumSHA3-4-20260809-23:07:20-359376,4,3,StadiumSHA3-4-20260809-23:07:20-359376|phase3|4|3,4,4,4,sha3,10,,,,0,3-4,0.012673,0.018384,0.19887
966,1,0.463458,0.228486,0.205707,197,sha3,pair=UAV4<->UAV5; config=StadiumSHA3,0.085419,0.0,0.0,0.143067,0.205707,0.0,StadiumSHA3,StadiumSHA3-4-20260809-23:07:20-359376,4,5,StadiumSHA3-4-20260809-23:07:20-359376|phase3|4|5,4,4,4,sha3,10,,,,1,4-5,0.014767,0.018645,0.188171
967,1,0.459681,0.228676,0.228033,197,sha3,pair=UAV4<->UAV6; config=StadiumSHA3,0.083676,0.0,0.0,0.145,0.228033,0.0,StadiumSHA3,StadiumSHA3-4-20260809-23:07:20-359376,4,6,StadiumSHA3-4-20260809-23:07:20-359376|phase3|4|6,4,4,4,sha3,10,,,,1,4-6,0.012604,0.021229,0.189092
968,1,0.477634,0.228346,0.229228,197,sha3,pair=UAV4<->UAV7; config=StadiumSHA3,0.081432,0.0,0.0,0.146914,0.229228,0.0,StadiumSHA3,StadiumSHA3-4-20260809-23:07:20-359376,4,7,StadiumSHA3-4-20260809-23:07:20-359376|phase3|4|7,4,4,4,sha3,10,,,,1,4-7,0.013064,0.018534,0.191577
969,1,0.497693,0.234847,0.235717,197,sha3,pair=UAV4<->UAV8; config=StadiumSHA3,0.082032,0.0,0.0,0.152815,0.235717,0.0,StadiumSHA3,StadiumSHA3-4-20260809-23:07:20-359376,4,8,StadiumSHA3-4-20260809-23:07:20-359376|phase3|4|8,4,4,4,sha3,10,,,,1,4-8,0.013374,0.018775,0.197357
970,1,0.474515,0.237392,0.229202,197,sha3,pair=UAV4<->UAV9; config=StadiumSHA3,0.094696,0.0,0.0,0.142696,0.229202,0.0,StadiumSHA3,StadiumSHA3-4-20260809-23:07:20-359376,4,9,StadiumSHA3-4-20260809-23:07:20-359376|phase3|4|9,4,4,4,sha3,10,,,,1,4-9,0.014707,0.018223,0.197627
971,1,0.377857,0.087323,0.402911,197,sha3,pair=UAV5<->UAV0; config=StadiumSHA3,0.0,0.087323,0.249427,0.0,0.0,0.153484,StadiumSHA3,StadiumSHA3-4-20260809-23:07:20-359376,5,0,StadiumSHA3-4-20260809-23:07:20-359376|phase3|5|0,4,4,4,sha3,10,,,,0,0-5,0.012864,0.018324,0.187549
972,1,0.34328,0.089246,0.372552,197,sha3,pair=UAV5<->UAV1; config=StadiumSHA3,0.0,0.089246,0.237293,0.0,0.0,0.135259,StadiumSHA3,StadiumSHA3-4-20260809-23:07:20-359376,5,1,StadiumSHA3-4-20260809-23:07:20-359376|phase3|5|1,4,4,4,sha3,10,,,,0,1-5,0.012533,0.018945,0.18817
973,1,0.373272,0.104895,0.377658,197,sha3,pair=UAV5<->UAV2; config=StadiumSHA3,0.0,0.104895,0.237047,0.0,0.0,0.14061,StadiumSHA3,StadiumSHA3-4-20260809-23:07:20-359376,5,2,StadiumSHA3-4-20260809-23:07:20-359376|phase3|5|2,4,4,4,sha3,10,,,,0,2-5,0.01625,0.018434,0.199783
974,1,0.381022,0.08594,0.383727,197,sha3,pair=UAV5<->UAV3; config=StadiumSHA3,0.0,0.08594,0.243367,0.0,0.0,0.140359,StadiumSHA3,StadiumSHA3-4-20260809-23:07:20-359376,5,3,StadiumSHA3-4-20260809-23:07:20-359376|phase3|5|3,4,4,4,sha3,10,,,,0,3-5,0.012523,0.018425,0.18746
975,1,0.339341,0.08578,0.391386,197,sha3,pair=UAV5<->UAV4; config=StadiumSHA3,0.0,0.08578,0.257751,0.0,0.0,0.133634,StadiumSHA3,StadiumSHA3-4-20260809-23:07:20-359376,5,4,StadiumSHA3-4-20260809-23:07:20-359376|phase3|5|4,4,4,4,sha3,10,,,,0,4-5,0.012433,0.018404,0.18746
976,1,0.446945,0.224538,0.215144,197,sha3,pair=UAV5<->UAV6; config=StadiumSHA3,0.081632,0.0,0.0,0.142906,0.215144,0.0,StadiumSHA3,StadiumSHA3-4-20260809-23:07:20-359376,5,6,StadiumSHA3-4-20260809-23:07:20-359376|phase3|5|6,4,4,4,sha3,10,,,,1,5-6,0.012813,0.018635,0.18833
977,1,0.447155,0.224598,0.207582,197,sha3,pair=UAV5<->UAV7; config=StadiumSHA3,0.081862,0.0,0.0,0.142736,0.207582,0.0,StadiumSHA3,StadiumSHA3-4-20260809-23:07:20-359376,5,7,StadiumSHA3-4-20260809-23:07:20-359376|phase3|5|7,4,4,4,sha3,10,,,,1,5-7,0.012564,0.018515,0.18768
978,1,0.490175,0.226181,0.245243,197,sha3,pair=UAV5<->UAV8; config=StadiumSHA3,0.083385,0.0,0.0,0.142796,0.245243,0.0,StadiumSHA3,StadiumSHA3-4-20260809-23:07:20-359376,5,8,StadiumSHA3-4-20260809-23:07:20-359376|phase3|5|8,4,4,4,sha3,10,,,,1,5-8,0.012664,0.018375,0.187891
979,1,0.459856,0.240118,0.223022,197,sha3,pair=UAV5<->UAV9; config=StadiumSHA3,0.081662,0.0,0.0,0.158456,0.223022,0.0,StadiumSHA3,StadiumSHA3-4-20260809-23:07:20-359376,5,9,StadiumSHA3-4-20260809-23:07:20-359376|phase3|5|9,4,4,4,sha3,10,,,,1,5-9,0.012682,0.021941,0.19889
980,1,0.361905,0.092291,0.387408,197,sha3,pair=UAV6<->UAV0; config=StadiumSHA3,0.0,0.092291,0.241238,0.0,0.0,0.14617,StadiumSHA3,StadiumSHA3-4-20260809-23:07:20-359376,6,0,StadiumSHA3-4-20260809-23:07:20-359376|phase3|6|0,4,4,4,sha3,10,,,,0,0-6,0.013094,0.02126,0.187899
981,1,0.360898,0.097401,0.386759,197,sha3,pair=UAV6<->UAV1; config=StadiumSHA3,0.0,0.097401,0.247831,0.0,0.0,0.138928,StadiumSHA3,StadiumSHA3-4-20260809-23:07:20-359376,6,1,StadiumSHA3-4-20260809-23:07:20-359376|phase3|6|1,4,4,4,sha3,10,,,,0,1-6,0.023604,0.018524,0.189863
982,1,0.383775,0.087293,0.387372,197,sha3,pair=UAV6<->UAV2; config=StadiumSHA3,0.0,0.087293,0.232877,0.0,0.0,0.154496,StadiumSHA3,StadiumSHA3-4-20260809-23:07:20-359376,6,2,StadiumSHA3-4-20260809-23:07:20-359376|phase3|6|2,4,4,4,sha3,10,,,,0,2-6,0.012493,0.018435,0.18773
983,1,0.354697,0.086561,0.378321,197,sha3,pair=UAV6<->UAV3; config=StadiumSHA3,0.0,0.086561,0.241742,0.0,0.0,0.13658,StadiumSHA3,StadiumSHA3-4-20260809-23:07:20-359376,6,3,StadiumSHA3-4-20260809-23:07:20-359376|phase3|6|3,4,4,4,sha3,10,,,,0,3-6,0.012513,0.018414,0.18735
984,1,0.399159,0.087133,0.402775,197,sha3,pair=UAV6<->UAV4; config=StadiumSHA3,0.0,0.087133,0.231649,0.0,0.0,0.171127,StadiumSHA3,StadiumSHA3-4-20260809-23:07:20-359376,6,4,StadiumSHA3-4-20260809-23:07:20-359376|phase3|6|4,4,4,4,sha3,10,,,,0,4-6,0.012613,0.018283,0.187679
985,1,0.348761,0.086361,0.365417,197,sha3,pair=UAV6<->UAV5; config=StadiumSHA3,0.0,0.086361,0.231801,0.0,0.0,0.133616,StadiumSHA3,StadiumSHA3-4-20260809-23:07:20-359376,6,5,StadiumSHA3-4-20260809-23:07:20-359376|phase3|6|5,4,4,4,sha3,10,,,,0,5-6,0.012904,0.018644,0.192909
986,1,0.456363,0.226993,0.223931,197,sha3,pair=UAV6<->UAV7; config=StadiumSHA3,0.081442,0.0,0.0,0.145551,0.223931,0.0,StadiumSHA3,StadiumSHA3-4-20260809-23:07:20-359376,6,7,StadiumSHA3-4-20260809-23:07:20-359376|phase3|6|7,4,4,4,sha3,10,,,,1,6-7,0.012924,0.018845,0.190426
987,1,0.459588,0.226152,0.214876,197,sha3,pair=UAV6<->UAV8; config=StadiumSHA3,0.083686,0.0,0.0,0.142466,0.214876,0.0,StadiumSHA3,StadiumSHA3-4-20260809-23:07:20-359376,6,8,StadiumSHA3-4-20260809-23:07:20-359376|phase3|6|8,4,4,4,sha3,10,,,,1,6-8,0.012494,0.018324,0.187809
988,1,0.439128,0.224829,0.208958,197,sha3,pair=UAV6<->UAV9; config=StadiumSHA3,0.081562,0.0,0.0,0.143267,0.208958,0.0,StadiumSHA3,StadiumSHA3-4-20260809-23:07:20-359376,6,9,StadiumSHA3-4-20260809-23:07:20-359376|phase3|6|9,4,4,4,sha3,10,,,,1,6-9,0.012673,0.019276,0.18779
989,1,0.374522,0.095427,0.401532,197,sha3,pair=UAV7<->UAV0; config=StadiumSHA3,0.0,0.095427,0.261941,0.0,0.0,0.13959,StadiumSHA3,StadiumSHA3-4-20260809-23:07:20-359376,7,0,StadiumSHA3-4-20260809-23:07:20-359376|phase3|7|0,4,4,4,sha3,10,,,,0,0-7,0.012663,0.018354,0.196637
990,1,0.362134,0.085991,0.393482,197,sha3,pair=UAV7<->UAV1; config=StadiumSHA3,0.0,0.085991,0.23809,0.0,0.0,0.155392,StadiumSHA3,StadiumSHA3-4-20260809-23:07:20-359376,7,1,StadiumSHA3-4-20260809-23:07:20-359376|phase3|7|1,4,4,4,sha3,10,,,,0,1-7,0.012474,0.018545,0.190856
991,1,0.373404,0.0856,0.397884,197,sha3,pair=UAV7<->UAV2; config=StadiumSHA3,0.0,0.0856,0.246982,0.0,0.0,0.150903,StadiumSHA3,StadiumSHA3-4-20260809-23:07:20-359376,7,2,StadiumSHA3-4-20260809-23:07:20-359376|phase3|7|2,4,4,4,sha3,10,,,,0,2-7,0.012574,0.018434,0.187749
992,1,0.358044,0.089707,0.381794,197,sha3,pair=UAV7<->UAV3; config=StadiumSHA3,0.0,0.089707,0.229664,0.0,0.0,0.152131,StadiumSHA3,StadiumSHA3-4-20260809-23:07:20-359376,7,3,StadiumSHA3-4-20260809-23:07:20-359376|phase3|7|3,4,4,4,sha3,10,,,,0,3-7,0.012744,0.018765,0.189283
993,1,0.363678,0.088966,0.382856,197,sha3,pair=UAV7<->UAV4; config=StadiumSHA3,0.0,0.088966,0.248406,0.0,0.0,0.13445,StadiumSHA3,StadiumSHA3-4-20260809-23:07:20-359376,7,4,StadiumSHA3-4-20260809-23:07:20-359376|phase3|7|4,4,4,4,sha3,10,,,,0,4-7,0.012483,0.018675,0.188922
994,1,0.362724,0.087403,0.394714,197,sha3,pair=UAV7<->UAV5; config=StadiumSHA3,0.0,0.087403,0.239573,0.0,0.0,0.155142,StadiumSHA3,StadiumSHA3-4-20260809-23:07:20-359376,7,5,StadiumSHA3-4-20260809-23:07:20-359376|phase3|7|5,4,4,4,sha3,10,,,,0,5-7,0.012493,0.018595,0.187559
995,1,0.381208,0.086701,0.389709,197,sha3,pair=UAV7<->UAV6; config=StadiumSHA3,0.0,0.086701,0.232432,0.0,0.0,0.157277,StadiumSHA3,StadiumSHA3-4-20260809-23:07:20-359376,7,6,StadiumSHA3-4-20260809-23:07:20-359376|phase3|7|6,4,4,4,sha3,10,,,,0,6-7,0.012533,0.018324,0.18785
996,1,0.476393,0.227695,0.229037,197,sha3,pair=UAV7<->UAV8; config=StadiumSHA3,0.082514,0.0,0.0,0.145181,0.229037,0.0,StadiumSHA3,StadiumSHA3-4-20260809-23:07:20-359376,7,8,StadiumSHA3-4-20260809-23:07:20-359376|phase3|7|8,4,4,4,sha3,10,,,,1,7-8,0.013024,0.018364,0.190384
997,1,0.461452,0.227002,0.212243,197,sha3,pair=UAV7<->UAV9; config=StadiumSHA3,0.084096,0.0,0.0,0.142906,0.212243,0.0,StadiumSHA3,StadiumSHA3-4-20260809-23:07:20-359376,7,9,StadiumSHA3-4-20260809-23:07:20-359376|phase3|7|9,4,4,4,sha3,10,,,,1,7-9,0.012794,0.018384,0.188572
998,1,0.346823,0.087143,0.39134,197,sha3,pair=UAV8<->UAV0; config=StadiumSHA3,0.0,0.087143,0.254381,0.0,0.0,0.136959,StadiumSHA3,StadiumSHA3-4-20260809-23:07:20-359376,8,0,StadiumSHA3-4-20260809-23:07:20-359376|phase3|8|0,4,4,4,sha3,10,,,,0,0-8,0.012443,0.018545,0.18769
999,1,0.370892,0.086542,0.416069,197,sha3,pair=UAV8<->UAV1; config=StadiumSHA3,0.0,0.086542,0.253695,0.0,0.0,0.162375,StadiumSHA3,StadiumSHA3-4-20260809-23:07:20-359376,8,1,StadiumSHA3-4-20260809-23:07:20-359376|phase3|8|1,4,4,4,sha3,10,,,,0,1-8,0.012493,0.018384,0.18776
1000,1,0.364698,0.087604,0.380294,197,sha3,pair=UAV8<->UAV2; config=StadiumSHA3,0.0,0.087604,0.230427,0.0,0.0,0.149867,StadiumSHA3,StadiumSHA3-4-20260809-23:07:20-359376,8,2,StadiumSHA3-4-20260809-23:07:20-359376|phase3|8|2,4,4,4,sha3,10,,,,0,2-8,0.012923,0.018454,0.188161
1001,1,0.367205,0.105055,0.376144,197,sha3,pair=UAV8<->UAV3; config=StadiumSHA3,0.0,0.105055,0.228348,0.0,0.0,0.147796,StadiumSHA3,StadiumSHA3-4-20260809-23:07:20-359376,8,3,StadiumSHA3-4-20260809-23:07:20-359376|phase3|8|3,4,4,4,sha3,10,,,,0,3-8,0.013544,0.018504,0.202297
1002,1,0.39738,0.086531,0.42364,197,sha3,pair=UAV8<->UAV4; config=StadiumSHA3,0.0,0.086531,0.261976,0.0,0.0,0.161663,StadiumSHA3,StadiumSHA3-4-20260809-23:07:20-359376,8,4,StadiumSHA3-4-20260809-23:07:20-359376|phase3|8|4,4,4,4,sha3,10,,,,0,4-8,0.012523,0.018715,0.188341
1003,1,0.385657,0.08627,0.385345,197,sha3,pair=UAV8<->UAV5; config=StadiumSHA3,0.0,0.08627,0.244931,0.0,0.0,0.140413,StadiumSHA3,StadiumSHA3-4-20260809-23:07:20-359376,8,5,StadiumSHA3-4-20260809-23:07:20-359376|phase3|8|5,4,4,4,sha3,10,,,,0,5-8,0.012693,0.018364,0.187711
1004,1,0.366087,0.086962,0.395924,197,sha3,pair=UAV8<->UAV6; config=StadiumSHA3,0.0,0.086962,0.244713,0.0,0.0,0.151211,StadiumSHA3,StadiumSHA3-4-20260809-23:07:20-359376,8,6,StadiumSHA3-4-20260809-23:07:20-359376|phase3|8|6,4,4,4,sha3,10,,,,0,6-8,0.012635,0.018464,0.187469
1005,1,0.370572,0.086742,0.388891,197,sha3,pair=UAV8<->UAV7; config=StadiumSHA3,0.0,0.086742,0.247355,0.0,0.0,0.141535,StadiumSHA3,StadiumSHA3-4-20260809-23:07:20-359376,8,7,StadiumSHA3-4-20260809-23:07:20-359376|phase3|8|7,4,4,4,sha3,10,,,,0,7-8,0.012542,0.018755,0.196947
1006,1,0.445719,0.228947,0.206673,197,sha3,pair=UAV8<->UAV9; config=StadiumSHA3,0.085249,0.0,0.0,0.143698,0.206673,0.0,StadiumSHA3,StadiumSHA3-4-20260809-23:07:20-359376,8,9,StadiumSHA3-4-20260809-23:07:20-359376|phase3|8|9,4,4,4,sha3,10,,,,1,8-9,0.013165,0.019827,0.188541
1007,1,0.379727,0.087953,0.438381,197,sha3,pair=UAV9<->UAV0; config=StadiumSHA3,0.0,0.087953,0.273816,0.0,0.0,0.164565,StadiumSHA3,StadiumSHA3-4-20260809-23:07:20-359376,9,0,StadiumSHA3-4-20260809-23:07:20-359376|phase3|9|0,4,4,4,sha3,10,,,,0,0-9,0.012643,0.018805,0.188461
1008,1,0.349327,0.086612,0.378689,197,sha3,pair=UAV9<->UAV1; config=StadiumSHA3,0.0,0.086612,0.235947,0.0,0.0,0.142742,StadiumSHA3,StadiumSHA3-4-20260809-23:07:20-359376,9,1,StadiumSHA3-4-20260809-23:07:20-359376|phase3|9|1,4,4,4,sha3,10,,,,0,1-9,0.012582,0.018444,0.187919
1009,1,0.361819,0.087323,0.39056,197,sha3,pair=UAV9<->UAV2; config=StadiumSHA3,0.0,0.087323,0.242788,0.0,0.0,0.147771,StadiumSHA3,StadiumSHA3-4-20260809-23:07:20-359376,9,2,StadiumSHA3-4-20260809-23:07:20-359376|phase3|9|2,4,4,4,sha3,10,,,,0,2-9,0.012514,0.018585,0.187308
1010,1,0.393593,0.088184,0.387809,197,sha3,pair=UAV9<->UAV3; config=StadiumSHA3,0.0,0.088184,0.239157,0.0,0.0,0.148652,StadiumSHA3,StadiumSHA3-4-20260809-23:07:20-359376,9,3,StadiumSHA3-4-20260809-23:07:20-359376|phase3|9|3,4,4,4,sha3,10,,,,0,3-9,0.012593,0.020418,0.187599
1011,1,0.366316,0.0861,0.382426,197,sha3,pair=UAV9<->UAV4; config=StadiumSHA3,0.0,0.0861,0.245312,0.0,0.0,0.137114,StadiumSHA3,StadiumSHA3-4-20260809-23:07:20-359376,9,4,StadiumSHA3-4-20260809-23:07:20-359376|phase3|9|4,4,4,4,sha3,10,,,,0,4-9,0.012474,0.018414,0.187699
1012,1,0.355813,0.086922,0.369624,197,sha3,pair=UAV9<->UAV5; config=StadiumSHA3,0.0,0.086922,0.236834,0.0,0.0,0.132791,StadiumSHA3,StadiumSHA3-4-20260809-23:07:20-359376,9,5,StadiumSHA3-4-20260809-23:07:20-359376|phase3|9|5,4,4,4,sha3,10,,,,0,5-9,0.012524,0.018435,0.18792
1013,1,0.368531,0.086832,0.389743,197,sha3,pair=UAV9<->UAV6; config=StadiumSHA3,0.0,0.086832,0.23017,0.0,0.0,0.159573,StadiumSHA3,StadiumSHA3-4-20260809-23:07:20-359376,9,6,StadiumSHA3-4-20260809-23:07:20-359376|phase3|9|6,4,4,4,sha3,10,,,,0,6-9,0.012543,0.018955,0.199992
1014,1,0.384398,0.087322,0.421364,197,sha3,pair=UAV9<->UAV7; config=StadiumSHA3,0.0,0.087322,0.249209,0.0,0.0,0.172155,StadiumSHA3,StadiumSHA3-4-20260809-23:07:20-359376,9,7,StadiumSHA3-4-20260809-23:07:20-359376|phase3|9|7,4,4,4,sha3,10,,,,0,7-9,0.012694,0.018334,0.187749
1015,1,0.365381,0.088545,0.397755,197,sha3,pair=UAV9<->UAV8; config=StadiumSHA3,0.0,0.088545,0.239046,0.0,0.0,0.158709,StadiumSHA3,StadiumSHA3-4-20260809-23:07:20-359376,9,8,StadiumSHA3-4-20260809-23:07:20-359376|phase3|9|8,4,4,4,sha3,10,,,,0,8-9,0.012825,0.018353,0.1878
1016,1,0.456196,0.280072,0.210401,197,sha3,pair=UAV0<->UAV1; config=StadiumSHA3,0.130884,0.0,0.0,0.149188,0.210401,0.0,StadiumSHA3,StadiumSHA3-5-20260809-23:07:20-359376,0,1,StadiumSHA3-5-20260809-23:07:20-359376|phase3|0|1,5,5,5,sha3,10,,,,1,0-1,0.017213,0.024747,0.228265
1017,1,0.496563,0.267679,0.210051,197,sha3,pair=UAV0<->UAV2; config=StadiumSHA3,0.111157,0.0,0.0,0.156522,0.210051,0.0,StadiumSHA3,StadiumSHA3-5-20260809-23:07:20-359376,0,2,StadiumSHA3-5-20260809-23:07:20-359376|phase3|0|2,5,5,5,sha3,10,,,,1,0-2,0.015078,0.023484,0.221422
1018,1,0.473805,0.260286,0.215325,197,sha3,pair=UAV0<->UAV3; config=StadiumSHA3,0.117339,0.0,0.0,0.142947,0.215325,0.0,StadiumSHA3,StadiumSHA3-5-20260809-23:07:20-359376,0,3,StadiumSHA3-5-20260809-23:07:20-359376|phase3|0|3,5,5,5,sha3,10,,,,1,0-3,0.015047,0.023022,0.215631
1019,1,0.459601,0.265123,0.220229,197,sha3,pair=UAV0<->UAV4; config=StadiumSHA3,0.121847,0.0,0.0,0.143276,0.220229,0.0,StadiumSHA3,StadiumSHA3-5-20260809-23:07:20-359376,0,4,StadiumSHA3-5-20260809-23:07:20-359376|phase3|0|4,5,5,5,sha3,10,,,,1,0-4,0.015279,0.023072,0.218637
1020,1,0.440298,0.286464,0.206208,197,sha3,pair=UAV0<->UAV5; config=StadiumSHA3,0.12328,0.0,0.0,0.163184,0.206208,0.0,StadiumSHA3,StadiumSHA3-5-20260809-23:07:20-359376,0,5,StadiumSHA3-5-20260809-23:07:20-359376|phase3|0|5,5,5,5,sha3,10,,,,1,0-5,0.017322,0.030507,0.228326
1021,1,0.473041,0.264012,0.204421,197,sha3,pair=UAV0<->UAV6; config=StadiumSHA3,0.114844,0.0,0.0,0.149168,0.204421,0.0,StadiumSHA3,StadiumSHA3-5-20260809-23:07:20-359376,0,6,StadiumSHA3-5-20260809-23:07:20-359376|phase3|0|6,5,5,5,sha3,10,,,,1,0-6,0.015259,0.025367,0.215681
1022,1,0.454813,0.26311,0.216828,197,sha3,pair=UAV0<->UAV7; config=StadiumSHA3,0.119703,0.0,0.0,0.143407,0.216828,0.0,StadiumSHA3,StadiumSHA3-5-20260809-23:07:20-359376,0,7,StadiumSHA3-5-20260809-23:07:20-359376|phase3|0|7,5,5,5,sha3,10,,,,1,0-7,0.01631,0.023434,0.216382
1023,1,0.46166,0.263831,0.211584,197,sha3,pair=UAV0<->UAV8; config=StadiumSHA3,0.120755,0.0,0.0,0.143076,0.211584,0.0,StadiumSHA3,StadiumSHA3-5-20260809-23:07:20-359376,0,8,StadiumSHA3-5-20260809-23:07:20-359376|phase3|0|8,5,5,5,sha3,10,,,,1,0-8,0.01514,0.024296,0.213918
1024,1,0.492958,0.249935,0.234501,197,sha3,pair=UAV0<->UAV9; config=StadiumSHA3,0.106458,0.0,0.0,0.143477,0.234501,0.0,StadiumSHA3,StadiumSHA3-5-20260809-23:07:20-359376,0,9,StadiumSHA3-5-20260809-23:07:20-359376|phase3|0|9,5,5,5,sha3,10,,,,1,0-9,0.014647,0.023093,0.205703
1025,1,0.365207,0.086411,0.400601,197,sha3,pair=UAV1<->UAV0; config=StadiumSHA3,0.0,0.086411,0.245795,0.0,0.0,0.154806,StadiumSHA3,StadiumSHA3-5-20260809-23:07:20-359376,1,0,StadiumSHA3-5-20260809-23:07:20-359376|phase3|1|0,5,5,5,sha3,10,,,,0,0-1,0.012552,0.018655,0.18761
1026,1,0.475338,0.272417,0.237092,197,sha3,pair=UAV1<->UAV2; config=StadiumSHA3,0.129361,0.0,0.0,0.143056,0.237092,0.0,StadiumSHA3,StadiumSHA3-5-20260809-23:07:20-359376,1,2,StadiumSHA3-5-20260809-23:07:20-359376|phase3|1|2,5,5,5,sha3,10,,,,1,1-2,0.016611,0.023384,0.224218
1027,1,0.455603,0.274301,0.207109,197,sha3,pair=UAV1<->UAV3; config=StadiumSHA3,0.131575,0.0,0.0,0.142726,0.207109,0.0,StadiumSHA3,StadiumSHA3-5-20260809-23:07:20-359376,1,3,StadiumSHA3-5-20260809-23:07:20-359376|phase3|1|3,5,5,5,sha3,10,,,,1,1-3,0.015529,0.027582,0.222505
1028,1,0.476691,0.262438,0.246776,197,sha3,pair=UAV1<->UAV4; config=StadiumSHA3,0.118801,0.0,0.0,0.143637,0.246776,0.0,StadiumSHA3,StadiumSHA3-5-20260809-23:07:20-359376,1,4,StadiumSHA3-5-20260809-23:07:20-359376|phase3|1|4,5,5,5,sha3,10,,,,1,1-4,0.016271,0.024316,0.213828
1029,1,0.456739,0.248754,0.217565,197,sha3,pair=UAV1<->UAV5; config=StadiumSHA3,0.105507,0.0,0.0,0.143247,0.217565,0.0,StadiumSHA3,StadiumSHA3-5-20260809-23:07:20-359376,1,5,StadiumSHA3-5-20260809-23:07:20-359376|phase3|1|5,5,5,5,sha3,10,,,,1,1-5,0.014597,0.022381,0.203799
1030,1,0.455366,0.244385,0.217057,197,sha3,pair=UAV1<->UAV6; config=StadiumSHA3,0.101529,0.0,0.0,0.142856,0.217057,0.0,StadiumSHA3,StadiumSHA3-5-20260809-23:07:20-359376,1,6,StadiumSHA3-5-20260809-23:07:20-359376|phase3|1|6,5,5,5,sha3,10,,,,1,1-6,0.014567,0.022322,0.201576
1031,1,0.468181,0.246319,0.240423,197,sha3,pair=UAV1<->UAV7; config=StadiumSHA3,0.102811,0.0,0.0,0.143508,0.240423,0.0,StadiumSHA3,StadiumSHA3-5-20260809-23:07:20-359376,1,7,StadiumSHA3-5-20260809-23:07:20-359376|phase3|1|7,5,5,5,sha3,10,,,,1,1-7,0.014937,0.022672,0.202116
1032,1,0.446673,0.245938,0.21461,197,sha3,pair=UAV1<->UAV8; config=StadiumSHA3,0.103062,0.0,0.0,0.142876,0.21461,0.0,StadiumSHA3,StadiumSHA3-5-20260809-23:07:20-359376,1,8,StadiumSHA3-5-20260809-23:07:20-359376|phase3|1|8,5,5,5,sha3,10,,,,1,1-8,0.014677,0.02217,0.202917
1033,1,0.438598,0.250768,0.207671,197,sha3,pair=UAV1<->UAV9; config=StadiumSHA3,0.106559,0.0,0.0,0.144209,0.207671,0.0,StadiumSHA3,StadiumSHA3-5-20260809-23:07:20-359376,1,9,StadiumSHA3-5-20260809-23:07:20-359376|phase3|1|9,5,5,5,sha3,10,,,,1,1-9,0.014628,0.022421,0.204912
1034,1,0.361791,0.088625,0.438251,197,sha3,pair=UAV2<->UAV0; config=StadiumSHA3,0.0,0.088625,0.286511,0.0,0.0,0.151739,StadiumSHA3,StadiumSHA3-5-20260809-23:07:20-359376,2,0,StadiumSHA3-5-20260809-23:07:20-359376|phase3|2|0,5,5,5,sha3,10,,,,0,0-2,0.012663,0.019517,0.198269
1035,1,0.386126,0.087383,0.38728,197,sha3,pair=UAV2<->UAV1; config=StadiumSHA3,0.0,0.087383,0.238246,0.0,0.0,0.149034,StadiumSHA3,StadiumSHA3-5-20260809-23:07:20-359376,2,1,StadiumSHA3-5-20260809-23:07:20-359376|phase3|2|1,5,5,5,sha3,10,,,,0,1-2,0.013465,0.018615,0.18762
1036,1,0.473315,0.247181,0.214695,197,sha3,pair=UAV2<->UAV3; config=StadiumSHA3,0.104535,0.0,0.0,0.142646,0.214695,0.0,StadiumSHA3,StadiumSHA3-5-20260809-23:07:20-359376,2,3,StadiumSHA3-5-20260809-23:07:20-359376|phase3|2|3,5,5,5,sha3,10,,,,1,2-3,0.014938,0.022733,0.202988
1037,1,0.454523,0.248813,0.212685,197,sha3,pair=UAV2<->UAV4; config=StadiumSHA3,0.105617,0.0,0.0,0.143196,0.212685,0.0,StadiumSHA3,StadiumSHA3-5-20260809-23:07:20-359376,2,4,StadiumSHA3-5-20260809-23:07:20-359376|phase3|2|4,5,5,5,sha3,10,,,,1,2-4,0.014596,0.022832,0.20409
1038,1,0.477375,0.27847,0.218664,197,sha3,pair=UAV2<->UAV5; config=StadiumSHA3,0.135363,0.0,0.0,0.143107,0.218664,0.0,StadiumSHA3,StadiumSHA3-5-20260809-23:07:20-359376,2,5,StadiumSHA3-5-20260809-23:07:20-359376|phase3|2|5,5,5,5,sha3,10,,,,1,2-5,0.0159,0.025137,0.23092
1039,1,0.457958,0.265335,0.214726,197,sha3,pair=UAV2<->UAV6; config=StadiumSHA3,0.122268,0.0,0.0,0.143067,0.214726,0.0,StadiumSHA3,StadiumSHA3-5-20260809-23:07:20-359376,2,6,StadiumSHA3-5-20260809-23:07:20-359376|phase3|2|6,5,5,5,sha3,10,,,,1,2-6,0.014688,0.02731,0.215331
1040,1,0.490956,0.260205,0.211802,197,sha3,pair=UAV2<->UAV7; config=StadiumSHA3,0.116878,0.0,0.0,0.143327,0.211802,0.0,StadiumSHA3,StadiumSHA3-5-20260809-23:07:20-359376,2,7,StadiumSHA3-5-20260809-23:07:20-359376|phase3|2|7,5,5,5,sha3,10,,,,1,2-7,0.014016,0.024224,0.215441
1041,1,0.45565,0.237541,0.211072,197,sha3,pair=UAV2<->UAV8; config=StadiumSHA3,0.084066,0.0,0.0,0.153475,0.211072,0.0,StadiumSHA3,StadiumSHA3-5-20260809-23:07:20-359376,2,8,StadiumSHA3-5-20260809-23:07:20-359376|phase3|2|8,5,5,5,sha3,10,,,,1,2-8,0.013025,0.020448,0.19804
1042,1,0.493905,0.223646,0.243362,197,sha3,pair=UAV2<->UAV9; config=StadiumSHA3,0.081121,0.0,0.0,0.142525,0.243362,0.0,StadiumSHA3,StadiumSHA3-5-20260809-23:07:20-359376,2,9,StadiumSHA3-5-20260809-23:07:20-359376|phase3|2|9,5,5,5,sha3,10,,,,1,2-9,0.012784,0.018675,0.18777
1043,1,0.357205,0.086912,0.400359,197,sha3,pair=UAV3<->UAV0; config=StadiumSHA3,0.0,0.086912,0.25848,0.0,0.0,0.14188,StadiumSHA3,StadiumSHA3-5-20260809-23:07:20-359376,3,0,StadiumSHA3-5-20260809-23:07:20-359376|phase3|3|0,5,5,5,sha3,10,,,,0,0-3,0.012463,0.018775,0.18771
1044,1,0.343398,0.086321,0.384783,197,sha3,pair=UAV3<->UAV1; config=StadiumSHA3,0.0,0.086321,0.248494,0.0,0.0,0.136289,StadiumSHA3,StadiumSHA3-5-20260809-23:07:20-359376,3,1,StadiumSHA3-5-20260809-23:07:20-359376|phase3|3|1,5,5,5,sha3,10,,,,0,1-3,0.012534,0.018655,0.18781
1045,1,0.36984,0.08576,0.413765,197,sha3,pair=UAV3<->UAV2; config=StadiumSHA3,0.0,0.08576,0.25862,0.0,0.0,0.155145,StadiumSHA3,StadiumSHA3-5-20260809-23:07:20-359376,3,2,StadiumSHA3-5-20260809-23:07:20-359376|phase3|3|2,5,5,5,sha3,10,,,,0,2-3,0.012423,0.018464,0.187499
1046,1,0.442855,0.226973,0.214495,197,sha3,pair=UAV3<->UAV4; config=StadiumSHA3,0.083646,0.0,0.0,0.143327,0.214495,0.0,StadiumSHA3,StadiumSHA3-5-20260809-23:07:20-359376,3,4,StadiumSHA3-5-20260809-23:07:20-359376|phase3|3|4,5,5,5,sha3,10,,,,1,3-4,0.013686,0.018965,0.188391
1047,1,0.472,0.23657,0.211215,197,sha3,pair=UAV3<->UAV5; config=StadiumSHA3,0.082533,0.0,0.0,0.154037,0.211215,0.0,StadiumSHA3,StadiumSHA3-5-20260809-23:07:20-359376,3,5,StadiumSHA3-5-20260809-23:07:20-359376|phase3|3|5,5,5,5,sha3,10,,,,1,3-5,0.012714,0.019727,0.198139
1048,1,0.457128,0.22502,0.215318,197,sha3,pair=UAV3<->UAV6; config=StadiumSHA3,0.082103,0.0,0.0,0.142917,0.215318,0.0,StadiumSHA3,StadiumSHA3-5-20260809-23:07:20-359376,3,6,StadiumSHA3-5-20260809-23:07:20-359376|phase3|3|6,5,5,5,sha3,10,,,,1,3-6,0.013506,0.018765,0.18795
1049,1,0.482867,0.230579,0.223515,197,sha3,pair=UAV3<->UAV7; config=StadiumSHA3,0.082283,0.0,0.0,0.148296,0.223515,0.0,StadiumSHA3,StadiumSHA3-5-20260809-23:07:20-359376,3,7,StadiumSHA3-5-20260809-23:07:20-359376|phase3|3|7,5,5,5,sha3,10,,,,1,3-7,0.015018,0.018595,0.189883
1050,1,0.451166,0.2253,0.216296,197,sha3,pair=UAV3<->UAV8; config=StadiumSHA3,0.082634,0.0,0.0,0.142666,0.216296,0.0,StadiumSHA3,StadiumSHA3-5-20260809-23:07:20-359376,3,8,StadiumSHA3-5-20260809-23:07:20-359376|phase3|3|8,5,5,5,sha3,10,,,,1,3-8,0.012614,0.018654,0.189223
1051,1,0.454753,0.238964,0.212181,197,sha3,pair=UAV3<->UAV9; config=StadiumSHA3,0.095768,0.0,0.0,0.143196,0.212181,0.0,StadiumSHA3,StadiumSHA3-5-20260809-23:07:20-359376,3,9,StadiumSHA3-5-20260809-23:07:20-359376|phase3|3|9,5,5,5,sha3,10,,,,1,3-9,0.013214,0.018634,0.200133
1052,1,0.373431,0.086822,0.392575,197,sha3,pair=UAV4<->UAV0; config=StadiumSHA3,0.0,0.086822,0.239372,0.0,0.0,0.153203,StadiumSHA3,StadiumSHA3-5-20260809-23:07:20-359376,4,0,StadiumSHA3-5-20260809-23:07:20-359376|phase3|4|0,5,5,5,sha3,10,,,,0,0-4,0.012664,0.018566,0.18796
1053,1,0.421146,0.089136,0.404286,197,sha3,pair=UAV4<->UAV1; config=StadiumSHA3,0.0,0.089136,0.229915,0.0,0.0,0.17437,StadiumSHA3,StadiumSHA3-5-20260809-23:07:20-359376,4,1,StadiumSHA3-5-20260809-23:07:20-359376|phase3|4|1,5,5,5,sha3,10,,,,0,1-4,0.012643,0.018694,0.190485
1054,1,0.353246,0.08588,0.382399,197,sha3,pair=UAV4<->UAV2; config=StadiumSHA3,0.0,0.08588,0.241838,0.0,0.0,0.140561,StadiumSHA3,StadiumSHA3-5-20260809-23:07:20-359376,4,2,StadiumSHA3-5-20260809-23:07:20-359376|phase3|4|2,5,5,5,sha3,10,,,,0,2-4,0.012523,0.021159,0.200253
1055,1,0.348229,0.087773,0.362095,197,sha3,pair=UAV4<->UAV3; config=StadiumSHA3,0.0,0.087773,0.228361,0.0,0.0,0.133734,StadiumSHA3,StadiumSHA3-5-20260809-23:07:20-359376,4,3,StadiumSHA3-5-20260809-23:07:20-359376|phase3|4|3,5,5,5,sha3,10,,,,0,3-4,0.012773,0.018876,0.18751
1056,1,0.445393,0.228165,0.217586,197,sha3,pair=UAV4<->UAV5; config=StadiumSHA3,0.085489,0.0,0.0,0.142676,0.217586,0.0,StadiumSHA3,StadiumSHA3-5-20260809-23:07:20-359376,4,5,StadiumSHA3-5-20260809-23:07:20-359376|phase3|4|5,5,5,5,sha3,10,,,,1,4-5,0.013033,0.019286,0.189712
1057,1,0.459137,0.22572,0.221321,197,sha3,pair=UAV4<->UAV6; config=StadiumSHA3,0.082684,0.0,0.0,0.143036,0.221321,0.0,StadiumSHA3,StadiumSHA3-5-20260809-23:07:20-359376,4,6,StadiumSHA3-5-20260809-23:07:20-359376|phase3|4|6,5,5,5,sha3,10,,,,1,4-6,0.012714,0.018585,0.18781
1058,1,0.497432,0.225511,0.263687,197,sha3,pair=UAV4<->UAV7; config=StadiumSHA3,0.081352,0.0,0.0,0.144159,0.263687,0.0,StadiumSHA3,StadiumSHA3-5-20260809-23:07:20-359376,4,7,StadiumSHA3-5-20260809-23:07:20-359376|phase3|4|7,5,5,5,sha3,10,,,,1,4-7,0.013045,0.019225,0.18795
1059,1,0.452709,0.23592,0.207062,197,sha3,pair=UAV4<->UAV8; config=StadiumSHA3,0.082133,0.0,0.0,0.153787,0.207062,0.0,StadiumSHA3,StadiumSHA3-5-20260809-23:07:20-359376,4,8,StadiumSHA3-5-20260809-23:07:20-359376|phase3|4|8,5,5,5,sha3,10,,,,1,4-8,0.012654,0.019225,0.197988
1060,1,0.468893,0.224648,0.223852,197,sha3,pair=UAV4<->UAV9; config=StadiumSHA3,0.081281,0.0,0.0,0.143367,0.223852,0.0,StadiumSHA3,StadiumSHA3-5-20260809-23:07:20-359376,4,9,StadiumSHA3-5-20260809-23:07:20-359376|phase3|4|9,5,5,5,sha3,10,,,,1,4-9,0.012753,0.018655,0.187821
1061,1,0.351423,0.087904,0.379305,197,sha3,pair=UAV5<->UAV0; config=StadiumSHA3,0.0,0.087904,0.23409,0.0,0.0,0.145215,StadiumSHA3,StadiumSHA3-5-20260809-23:07:20-359376,5,0,StadiumSHA3-5-20260809-23:07:20-359376|phase3|5|0,5,5,5,sha3,10,,,,0,0-5,0.012584,0.018725,0.187519
1062,1,0.366899,0.095588,0.388507,197,sha3,pair=UAV5<->UAV1; config=StadiumSHA3,0.0,0.095588,0.239174,0.0,0.0,0.149334,StadiumSHA3,StadiumSHA3-5-20260809-23:07:20-359376,5,1,StadiumSHA3-5-20260809-23:07:20-359376|phase3|5|1,5,5,5,sha3,10,,,,0,1-5,0.013766,0.020648,0.191466
1063,1,0.362239,0.087383,0.402285,197,sha3,pair=UAV5<->UAV2; config=StadiumSHA3,0.0,0.087383,0.25871,0.0,0.0,0.143575,StadiumSHA3,StadiumSHA3-5-20260809-23:07:20-359376,5,2,StadiumSHA3-5-20260809-23:07:20-359376|phase3|5|2,5,5,5,sha3,10,,,,0,2-5,0.012554,0.019336,0.200212
1064,1,0.374839,0.086942,0.424409,197,sha3,pair=UAV5<->UAV3; config=StadiumSHA3,0.0,0.086942,0.260785,0.0,0.0,0.163624,StadiumSHA3,StadiumSHA3-5-20260809-23:07:20-359376,5,3,StadiumSHA3-5-20260809-23:07:20-359376|phase3|5|3,5,5,5,sha3,10,,,,0,3-5,0.012594,0.018805,0.188281
1065,1,0.357784,0.090208,0.368005,197,sha3,pair=UAV5<->UAV4; config=StadiumSHA3,0.0,0.090208,0.227807,0.0,0.0,0.140198,StadiumSHA3,StadiumSHA3-5-20260809-23:07:20-359376,5,4,StadiumSHA3-5-20260809-23:07:20-359376|phase3|5|4,5,5,5,sha3,10,,,,0,4-5,0.012745,0.018835,0.189724
1066,1,0.453382,0.228886,0.214835,197,sha3,pair=UAV5<->UAV6; config=StadiumSHA3,0.082363,0.0,0.0,0.146523,0.214835,0.0,StadiumSHA3,StadiumSHA3-5-20260809-23:07:20-359376,5,6,StadiumSHA3-5-20260809-23:07:20-359376|phase3|5|6,5,5,5,sha3,10,,,,1,5-6,0.013014,0.019516,0.191216
1067,1,0.520417,0.224888,0.253886,197,sha3,pair=UAV5<->UAV7; config=StadiumSHA3,0.081962,0.0,0.0,0.142926,0.253886,0.0,StadiumSHA3,StadiumSHA3-5-20260809-23:07:20-359376,5,7,StadiumSHA3-5-20260809-23:07:20-359376|phase3|5|7,5,5,5,sha3,10,,,,1,5-7,0.012554,0.018686,0.18771
1068,1,0.467265,0.225579,0.232988,197,sha3,pair=UAV5<->UAV8; config=StadiumSHA3,0.082513,0.0,0.0,0.143066,0.232988,0.0,StadiumSHA3,StadiumSHA3-5-20260809-23:07:20-359376,5,8,StadiumSHA3-5-20260809-23:07:20-359376|phase3|5|8,5,5,5,sha3,10,,,,1,5-8,0.012843,0.018534,0.187589
1069,1,0.438506,0.231121,0.206571,197,sha3,pair=UAV5<->UAV9; config=StadiumSHA3,0.083626,0.0,0.0,0.147495,0.206571,0.0,StadiumSHA3,StadiumSHA3-5-20260809-23:07:20-359376,5,9,StadiumSHA3-5-20260809-23:07:20-359376|phase3|5|9,5,5,5,sha3,10,,,,1,5-9,0.013075,0.020989,0.189844
1070,1,0.35507,0.086471,0.419269,197,sha3,pair=UAV6<->UAV0; config=StadiumSHA3,0.0,0.086471,0.26862,0.0,0.0,0.150649,StadiumSHA3,StadiumSHA3-5-20260809-23:07:20-359376,6,0,StadiumSHA3-5-20260809-23:07:20-359376|phase3|6|0,5,5,5,sha3,10,,,,0,0-6,0.013736,0.018854,0.190024
1071,1,0.351482,0.08595,0.372735,197,sha3,pair=UAV6<->UAV1; config=StadiumSHA3,0.0,0.08595,0.238309,0.0,0.0,0.134425,StadiumSHA3,StadiumSHA3-5-20260809-23:07:20-359376,6,1,StadiumSHA3-5-20260809-23:07:20-359376|phase3|6|1,5,5,5,sha3,10,,,,0,1-6,0.012573,0.018474,0.187739
1072,1,0.392441,0.088885,0.420946,197,sha3,pair=UAV6<->UAV2; config=StadiumSHA3,0.0,0.088885,0.243231,0.0,0.0,0.177715,StadiumSHA3,StadiumSHA3-5-20260809-23:07:20-359376,6,2,StadiumSHA3-5-20260809-23:07:20-359376|phase3|6|2,5,5,5,sha3,10,,,,0,2-6,0.013485,0.018574,0.187839
1073,1,0.388961,0.086121,0.415453,197,sha3,pair=UAV6<->UAV3; config=StadiumSHA3,0.0,0.086121,0.24181,0.0,0.0,0.173643,StadiumSHA3,StadiumSHA3-5-20260809-23:07:20-359376,6,3,StadiumSHA3-5-20260809-23:07:20-359376|phase3|6|3,5,5,5,sha3,10,,,,0,3-6,0.012684,0.018564,0.187779
1074,1,0.355713,0.087293,0.372209,197,sha3,pair=UAV6<->UAV4; config=StadiumSHA3,0.0,0.087293,0.237816,0.0,0.0,0.134392,StadiumSHA3,StadiumSHA3-5-20260809-23:07:20-359376,6,4,StadiumSHA3-5-20260809-23:07:20-359376|phase3|6|4,5,5,5,sha3,10,,,,0,4-6,0.012703,0.018664,0.1878
1075,1,0.352225,0.097622,0.375936,197,sha3,pair=UAV6<->UAV5; config=StadiumSHA3,0.0,0.097622,0.238547,0.0,0.0,0.13739,StadiumSHA3,StadiumSHA3-5-20260809-23:07:20-359376,6,5,StadiumSHA3-5-20260809-23:07:20-359376|phase3|6|5,5,5,5,sha3,10,,,,0,5-6,0.012783,0.018846,0.197799
1076,1,0.492495,0.230409,0.223681,197,sha3,pair=UAV6<->UAV7; config=StadiumSHA3,0.086591,0.0,0.0,0.143818,0.223681,0.0,StadiumSHA3,StadiumSHA3-5-20260809-23:07:20-359376,6,7,StadiumSHA3-5-20260809-23:07:20-359376|phase3|6|7,5,5,5,sha3,10,,,,1,6-7,0.013376,0.020618,0.188621
1077,1,0.458063,0.22567,0.224018,197,sha3,pair=UAV6<->UAV8; config=StadiumSHA3,0.081972,0.0,0.0,0.143698,0.224018,0.0,StadiumSHA3,StadiumSHA3-5-20260809-23:07:20-359376,6,8,StadiumSHA3-5-20260809-23:07:20-359376|phase3|6|8,5,5,5,sha3,10,,,,1,6-8,0.013184,0.018675,0.188251
1078,1,0.479926,0.244336,0.236019,197,sha3,pair=UAV6<->UAV9; config=StadiumSHA3,0.09115,0.0,0.0,0.153186,0.236019,0.0,StadiumSHA3,StadiumSHA3-5-20260809-23:07:20-359376,6,9,StadiumSHA3-5-20260809-23:07:20-359376|phase3|6|9,5,5,5,sha3,10,,,,1,6-9,0.012854,0.027741,0.197728
1079,1,0.354874,0.08611,0.376031,197,sha3,pair=UAV7<->UAV0; config=StadiumSHA3,0.0,0.08611,0.237985,0.0,0.0,0.138046,StadiumSHA3,StadiumSHA3-5-20260809-23:07:20-359376,7,0,StadiumSHA3-5-20260809-23:07:20-359376|phase3|7|0,5,5,5,sha3,10,,,,0,0-7,0.012593,0.018464,0.18786
1080,1,0.402075,0.09084,0.38941,197,sha3,pair=UAV7<->UAV1; config=StadiumSHA3,0.0,0.09084,0.227758,0.0,0.0,0.161652,StadiumSHA3,StadiumSHA3-5-20260809-23:07:20-359376,7,1,StadiumSHA3-5-20260809-23:07:20-359376|phase3|7|1,5,5,5,sha3,10,,,,0,1-7,0.013145,0.018804,0.18833
1081,1,0.358454,0.086652,0.425806,197,sha3,pair=UAV7<->UAV2; config=StadiumSHA3,0.0,0.086652,0.279154,0.0,0.0,0.146652,StadiumSHA3,StadiumSHA3-5-20260809-23:07:20-359376,7,2,StadiumSHA3-5-20260809-23:07:20-359376|phase3|7|2,5,5,5,sha3,10,,,,0,2-7,0.012463,0.019066,0.18789
1082,1,0.392035,0.108473,0.427873,197,sha3,pair=UAV7<->UAV3; config=StadiumSHA3,0.0,0.108473,0.259352,0.0,0.0,0.16852,StadiumSHA3,StadiumSHA3-5-20260809-23:07:20-359376,7,3,StadiumSHA3-5-20260809-23:07:20-359376|phase3|7|3,5,5,5,sha3,10,,,,0,3-7,0.0161,0.018616,0.20396
1083,1,0.407658,0.090869,0.377715,197,sha3,pair=UAV7<->UAV4; config=StadiumSHA3,0.0,0.090869,0.233744,0.0,0.0,0.143971,StadiumSHA3,StadiumSHA3-5-20260809-23:07:20-359376,7,4,StadiumSHA3-5-20260809-23:07:20-359376|phase3|7|4,5,5,5,sha3,10,,,,0,4-7,0.012633,0.018795,0.188572
1084,1,0.400114,0.086431,0.41276,197,sha3,pair=UAV7<->UAV5; config=StadiumSHA3,0.0,0.086431,0.266532,0.0,0.0,0.146228,StadiumSHA3,StadiumSHA3-5-20260809-23:07:20-359376,7,5,StadiumSHA3-5-20260809-23:07:20-359376|phase3|7|5,5,5,5,sha3,10,,,,0,5-7,0.012694,0.018735,0.188111
1085,1,0.379215,0.086872,0.424347,197,sha3,pair=UAV7<->UAV6; config=StadiumSHA3,0.0,0.086872,0.268813,0.0,0.0,0.155534,StadiumSHA3,StadiumSHA3-5-20260809-23:07:20-359376,7,6,StadiumSHA3-5-20260809-23:07:20-359376|phase3|7|6,5,5,5,sha3,10,,,,0,6-7,0.012454,0.018505,0.187428
1086,1,0.448292,0.226982,0.217696,197,sha3,pair=UAV7<->UAV8; config=StadiumSHA3,0.083706,0.0,0.0,0.143276,0.217696,0.0,StadiumSHA3,StadiumSHA3-5-20260809-23:07:20-359376,7,8,StadiumSHA3-5-20260809-23:07:20-359376|phase3|7|8,5,5,5,sha3,10,,,,1,7-8,0.013084,0.019295,0.188069
1087,1,0.459183,0.233836,0.217083,197,sha3,pair=UAV7<->UAV9; config=StadiumSHA3,0.081712,0.0,0.0,0.152124,0.217083,0.0,StadiumSHA3,StadiumSHA3-5-20260809-23:07:20-359376,7,9,StadiumSHA3-5-20260809-23:07:20-359376|phase3|7|9,5,5,5,sha3,10,,,,1,7-9,0.012674,0.019085,0.196475
1088,1,0.370514,0.088595,0.409005,197,sha3,pair=UAV8<->UAV0; config=StadiumSHA3,0.0,0.088595,0.250076,0.0,0.0,0.15893,StadiumSHA3,StadiumSHA3-5-20260809-23:07:20-359376,8,0,StadiumSHA3-5-20260809-23:07:20-359376|phase3|8|0,5,5,5,sha3,10,,,,0,0-8,0.012654,0.018644,0.188632
1089,1,0.38827,0.098083,0.405723,197,sha3,pair=UAV8<->UAV1; config=StadiumSHA3,0.0,0.098083,0.232063,0.0,0.0,0.17366,StadiumSHA3,StadiumSHA3-5-20260809-23:07:20-359376,8,1,StadiumSHA3-5-20260809-23:07:20-359376|phase3|8|1,5,5,5,sha3,10,,,,0,1-8,0.013425,0.019566,0.195624
1090,1,0.375325,0.089296,0.408831,197,sha3,pair=UAV8<->UAV2; config=StadiumSHA3,0.0,0.089296,0.244578,0.0,0.0,0.164253,StadiumSHA3,StadiumSHA3-5-20260809-23:07:20-359376,8,2,StadiumSHA3-5-20260809-23:07:20-359376|phase3|8|2,5,5,5,sha3,10,,,,0,2-8,0.012643,0.018624,0.190014
1091,1,0.363938,0.087272,0.382513,197,sha3,pair=UAV8<->UAV3; config=StadiumSHA3,0.0,0.087272,0.23487,0.0,0.0,0.147643,StadiumSHA3,StadiumSHA3-5-20260809-23:07:20-359376,8,3,StadiumSHA3-5-20260809-23:07:20-359376|phase3|8|3,5,5,5,sha3,10,,,,0,3-8,0.012563,0.018755,0.18756
1092,1,0.351539,0.088134,0.390125,197,sha3,pair=UAV8<->UAV4; config=StadiumSHA3,0.0,0.088134,0.245647,0.0,0.0,0.144478,StadiumSHA3,StadiumSHA3-5-20260809-23:07:20-359376,8,4,StadiumSHA3-5-20260809-23:07:20-359376|phase3|8|4,5,5,5,sha3,10,,,,0,4-8,0.012653,0.018865,0.18777
1093,1,0.391125,0.087213,0.392413,197,sha3,pair=UAV8<->UAV5; config=StadiumSHA3,0.0,0.087213,0.234277,0.0,0.0,0.158137,StadiumSHA3,StadiumSHA3-5-20260809-23:07:20-359376,8,5,StadiumSHA3-5-20260809-23:07:20-359376|phase3|8|5,5,5,5,sha3,10,,,,0,5-8,0.012954,0.018656,0.188321
1094,1,0.366932,0.087393,0.376959,197,sha3,pair=UAV8<->UAV6; config=StadiumSHA3,0.0,0.087393,0.234045,0.0,0.0,0.142914,StadiumSHA3,StadiumSHA3-5-20260809-23:07:20-359376,8,6,StadiumSHA3-5-20260809-23:07:20-359376|phase3|8|6,5,5,5,sha3,10,,,,0,6-8,0.012603,0.018946,0.18833
1095,1,0.351354,0.089747,0.364255,197,sha3,pair=UAV8<->UAV7; config=StadiumSHA3,0.0,0.089747,0.230597,0.0,0.0,0.133658,StadiumSHA3,StadiumSHA3-5-20260809-23:07:20-359376,8,7,StadiumSHA3-5-20260809-23:07:20-359376|phase3|8|7,5,5,5,sha3,10,,,,0,7-8,0.012814,0.018745,0.189604
1096,1,0.492288,0.227273,0.234923,197,sha3,pair=UAV8<->UAV9; config=StadiumSHA3,0.083726,0.0,0.0,0.143547,0.234923,0.0,StadiumSHA3,StadiumSHA3-5-20260809-23:07:20-359376,8,9,StadiumSHA3-5-20260809-23:07:20-359376|phase3|8|9,5,5,5,sha3,10,,,,1,8-9,0.012863,0.019395,0.18829
1097,1,0.417084,0.086261,0.44104,197,sha3,pair=UAV9<->UAV0; config=StadiumSHA3,0.0,0.086261,0.258457,0.0,0.0,0.182583,StadiumSHA3,StadiumSHA3-5-20260809-23:07:20-359376,9,0,StadiumSHA3-5-20260809-23:07:20-359376|phase3|9|0,5,5,5,sha3,10,,,,0,0-9,0.012513,0.018485,0.18784
1098,1,0.359153,0.086281,0.38241,197,sha3,pair=UAV9<->UAV1; config=StadiumSHA3,0.0,0.086281,0.230928,0.0,0.0,0.151482,StadiumSHA3,StadiumSHA3-5-20260809-23:07:20-359376,9,1,StadiumSHA3-5-20260809-23:07:20-359376|phase3|9|1,5,5,5,sha3,10,,,,0,1-9,0.012574,0.018715,0.187869
1099,1,0.387074,0.087172,0.394256,197,sha3,pair=UAV9<->UAV2; config=StadiumSHA3,0.0,0.087172,0.250543,0.0,0.0,0.143712,StadiumSHA3,StadiumSHA3-5-20260809-23:07:20-359376,9,2,StadiumSHA3-5-20260809-23:07:20-359376|phase3|9|2,5,5,5,sha3,10,,,,0,2-9,0.012664,0.018625,0.18779
1100,1,0.369551,0.087103,0.399942,197,sha3,pair=UAV9<->UAV3; config=StadiumSHA3,0.0,0.087103,0.242573,0.0,0.0,0.15737,StadiumSHA3,StadiumSHA3-5-20260809-23:07:20-359376,9,3,StadiumSHA3-5-20260809-23:07:20-359376|phase3|9|3,5,5,5,sha3,10,,,,0,3-9,0.012584,0.018675,0.197858
1101,1,0.366936,0.097482,0.388125,197,sha3,pair=UAV9<->UAV4; config=StadiumSHA3,0.0,0.097482,0.245041,0.0,0.0,0.143084,StadiumSHA3,StadiumSHA3-5-20260809-23:07:20-359376,9,4,StadiumSHA3-5-20260809-23:07:20-359376|phase3|9|4,5,5,5,sha3,10,,,,0,4-9,0.012744,0.018815,0.197288
1102,1,0.354684,0.103462,0.380049,197,sha3,pair=UAV9<->UAV5; config=StadiumSHA3,0.0,0.103462,0.231935,0.0,0.0,0.148113,StadiumSHA3,StadiumSHA3-5-20260809-23:07:20-359376,9,5,StadiumSHA3-5-20260809-23:07:20-359376|phase3|9|5,5,5,5,sha3,10,,,,0,5-9,0.012984,0.018905,0.212015
1103,1,0.371885,0.088385,0.379772,197,sha3,pair=UAV9<->UAV6; config=StadiumSHA3,0.0,0.088385,0.243907,0.0,0.0,0.135866,StadiumSHA3,StadiumSHA3-5-20260809-23:07:20-359376,9,6,StadiumSHA3-5-20260809-23:07:20-359376|phase3|9|6,5,5,5,sha3,10,,,,0,6-9,0.012524,0.018916,0.188802
1104,1,0.392107,0.089377,0.417123,197,sha3,pair=UAV9<->UAV7; config=StadiumSHA3,0.0,0.089377,0.2421,0.0,0.0,0.175023,StadiumSHA3,StadiumSHA3-5-20260809-23:07:20-359376,9,7,StadiumSHA3-5-20260809-23:07:20-359376|phase3|9|7,5,5,5,sha3,10,,,,0,7-9,0.014807,0.019667,0.197027
1105,1,0.40063,0.087283,0.423072,197,sha3,pair=UAV9<->UAV8; config=StadiumSHA3,0.0,0.087283,0.257365,0.0,0.0,0.165707,StadiumSHA3,StadiumSHA3-5-20260809-23:07:20-359376,9,8,StadiumSHA3-5-20260809-23:07:20-359376|phase3|9|8,5,5,5,sha3,10,,,,0,8-9,0.012694,0.018424,0.18779
1106,1,0.461636,0.233415,0.229002,197,sha3,pair=UAV0<->UAV1; config=StadiumSHA3,0.089396,0.0,0.0,0.144019,0.229002,0.0,StadiumSHA3,StadiumSHA3-6-20260809-23:07:20-359376,0,1,StadiumSHA3-6-20260809-23:07:20-359376|phase3|0|1,6,6,6,sha3,10,,,,1,0-1,0.013254,0.019386,0.1933
1107,1,0.464969,0.227955,0.229288,197,sha3,pair=UAV0<->UAV2; config=StadiumSHA3,0.084568,0.0,0.0,0.143387,0.229288,0.0,StadiumSHA3,StadiumSHA3-6-20260809-23:07:20-359376,0,2,StadiumSHA3-6-20260809-23:07:20-359376|phase3|0|2,6,6,6,sha3,10,,,,1,0-2,0.012694,0.018746,0.189675
1108,1,0.441663,0.235339,0.206972,197,sha3,pair=UAV0<->UAV3; config=StadiumSHA3,0.083095,0.0,0.0,0.152244,0.206972,0.0,StadiumSHA3,StadiumSHA3-6-20260809-23:07:20-359376,0,3,StadiumSHA3-6-20260809-23:07:20-359376|phase3|0|3,6,6,6,sha3,10,,,,1,0-3,0.013235,0.019025,0.195784
1109,1,0.453002,0.264032,0.211199,197,sha3,pair=UAV0<->UAV4; config=StadiumSHA3,0.109734,0.0,0.0,0.154298,0.211199,0.0,StadiumSHA3,StadiumSHA3-6-20260809-23:07:20-359376,0,4,StadiumSHA3-6-20260809-23:07:20-359376|phase3|0|4,6,6,6,sha3,10,,,,1,0-4,0.026109,0.019105,0.208168
1110,1,0.461904,0.225622,0.227633,197,sha3,pair=UAV0<->UAV5; config=StadiumSHA3,0.081693,0.0,0.0,0.143929,0.227633,0.0,StadiumSHA3,StadiumSHA3-6-20260809-23:07:20-359376,0,5,StadiumSHA3-6-20260809-23:07:20-359376|phase3|0|5,6,6,6,sha3,10,,,,1,0-5,0.012723,0.018864,0.188842
1111,1,0.4748,0.249955,0.211491,197,sha3,pair=UAV0<->UAV6; config=StadiumSHA3,0.088014,0.0,0.0,0.161941,0.211491,0.0,StadiumSHA3,StadiumSHA3-6-20260809-23:07:20-359376,0,6,StadiumSHA3-6-20260809-23:07:20-359376|phase3|0|6,6,6,6,sha3,10,,,,1,0-6,0.012733,0.019306,0.206465
1112,1,0.443866,0.229788,0.215055,197,sha3,pair=UAV0<->UAV7; config=StadiumSHA3,0.081983,0.0,0.0,0.147805,0.215055,0.0,StadiumSHA3,StadiumSHA3-6-20260809-23:07:20-359376,0,7,StadiumSHA3-6-20260809-23:07:20-359376|phase3|0|7,6,6,6,sha3,10,,,,1,0-7,0.012894,0.018915,0.191726
1113,1,0.474535,0.232974,0.231245,197,sha3,pair=UAV0<->UAV8; config=StadiumSHA3,0.083486,0.0,0.0,0.149488,0.231245,0.0,StadiumSHA3,StadiumSHA3-6-20260809-23:07:20-359376,0,8,StadiumSHA3-6-20260809-23:07:20-359376|phase3|0|8,6,6,6,sha3,10,,,,1,0-8,0.013254,0.018965,0.19298
1114,1,0.450312,0.225961,0.215726,197,sha3,pair=UAV0<->UAV9; config=StadiumSHA3,0.082664,0.0,0.0,0.143297,0.215726,0.0,StadiumSHA3,StadiumSHA3-6-20260809-23:07:20-359376,0,9,StadiumSHA3-6-20260809-23:07:20-359376|phase3|0|9,6,6,6,sha3,10,,,,1,0-9,0.012734,0.018654,0.18785
1115,1,0.401431,0.114603,0.405062,197,sha3,pair=UAV1<->UAV0; config=StadiumSHA3,0.0,0.114603,0.232634,0.0,0.0,0.172429,StadiumSHA3,StadiumSHA3-6-20260809-23:07:20-359376,1,0,StadiumSHA3-6-20260809-23:07:20-359376|phase3|1|0,6,6,6,sha3,10,,,,0,0-1,0.014466,0.021429,0.207777
1116,1,0.467989,0.228245,0.222418,197,sha3,pair=UAV1<->UAV2; config=StadiumSHA3,0.083686,0.0,0.0,0.144559,0.222418,0.0,StadiumSHA3,StadiumSHA3-6-20260809-23:07:20-359376,1,2,StadiumSHA3-6-20260809-23:07:20-359376|phase3|1|2,6,6,6,sha3,10,,,,1,1-2,0.012814,0.019476,0.189142
1117,1,0.45959,0.233905,0.219717,197,sha3,pair=UAV1<->UAV3; config=StadiumSHA3,0.082904,0.0,0.0,0.151001,0.219717,0.0,StadiumSHA3,StadiumSHA3-6-20260809-23:07:20-359376,1,3,StadiumSHA3-6-20260809-23:07:20-359376|phase3|1|3,6,6,6,sha3,10,,,,1,1-3,0.013315,0.018825,0.194794
1118,1,0.450541,0.22537,0.211009,197,sha3,pair=UAV1<->UAV4; config=StadiumSHA3,0.081081,0.0,0.0,0.144289,0.211009,0.0,StadiumSHA3,StadiumSHA3-6-20260809-23:07:20-359376,1,4,StadiumSHA3-6-20260809-23:07:20-359376|phase3|1|4,6,6,6,sha3,10,,,,1,1-4,0.013065,0.018454,0.18818
1119,1,0.51197,0.225109,0.273054,197,sha3,pair=UAV1<->UAV5; config=StadiumSHA3,0.082163,0.0,0.0,0.142946,0.273054,0.0,StadiumSHA3,StadiumSHA3-6-20260809-23:07:20-359376,1,5,StadiumSHA3-6-20260809-23:07:20-359376|phase3|1|5,6,6,6,sha3,10,,,,1,1-5,0.012644,0.018334,0.187811
1120,1,0.461555,0.224809,0.207111,197,sha3,pair=UAV1<->UAV6; config=StadiumSHA3,0.080881,0.0,0.0,0.143928,0.207111,0.0,StadiumSHA3,StadiumSHA3-6-20260809-23:07:20-359376,1,6,StadiumSHA3-6-20260809-23:07:20-359376|phase3|1|6,6,6,6,sha3,10,,,,1,1-6,0.012594,0.018615,0.188441
1121,1,0.458734,0.291111,0.230699,197,sha3,pair=UAV1<->UAV7; config=StadiumSHA3,0.099805,0.0,0.0,0.191306,0.230699,0.0,StadiumSHA3,StadiumSHA3-6-20260809-23:07:20-359376,1,7,StadiumSHA3-6-20260809-23:07:20-359376|phase3|1|7,6,6,6,sha3,10,,,,1,1-7,0.024305,0.020969,0.23668
1122,1,0.473664,0.295331,0.219907,197,sha3,pair=UAV1<->UAV8; config=StadiumSHA3,0.084919,0.0,0.0,0.210412,0.219907,0.0,StadiumSHA3,StadiumSHA3-6-20260809-23:07:20-359376,1,8,StadiumSHA3-6-20260809-23:07:20-359376|phase3|1|8,6,6,6,sha3,10,,,,1,1-8,0.021369,0.027911,0.238455
1123,1,0.472143,0.225981,0.209728,197,sha3,pair=UAV1<->UAV9; config=StadiumSHA3,0.082393,0.0,0.0,0.143588,0.209728,0.0,StadiumSHA3,StadiumSHA3-6-20260809-23:07:20-359376,1,9,StadiumSHA3-6-20260809-23:07:20-359376|phase3|1|9,6,6,6,sha3,10,,,,1,1-9,0.012923,0.018485,0.188201
1124,1,0.373384,0.088265,0.379777,197,sha3,pair=UAV2<->UAV0; config=StadiumSHA3,0.0,0.088265,0.235681,0.0,0.0,0.144096,StadiumSHA3,StadiumSHA3-6-20260809-23:07:20-359376,2,0,StadiumSHA3-6-20260809-23:07:20-359376|phase3|2|0,6,6,6,sha3,10,,,,0,0-2,0.013034,0.018635,0.188231
1125,1,0.380027,0.086601,0.40318,197,sha3,pair=UAV2<->UAV1; config=StadiumSHA3,0.0,0.086601,0.245571,0.0,0.0,0.157609,StadiumSHA3,StadiumSHA3-6-20260809-23:07:20-359376,2,1,StadiumSHA3-6-20260809-23:07:20-359376|phase3|2|1,6,6,6,sha3,10,,,,0,1-2,0.012563,0.018945,0.18783
1126,1,0.480876,0.22631,0.214401,197,sha3,pair=UAV2<->UAV3; config=StadiumSHA3,0.083114,0.0,0.0,0.143196,0.214401,0.0,StadiumSHA3,StadiumSHA3-6-20260809-23:07:20-359376,2,3,StadiumSHA3-6-20260809-23:07:20-359376|phase3|2|3,6,6,6,sha3,10,,,,1,2-3,0.012944,0.019186,0.188532
1127,1,0.478963,0.225509,0.222883,197,sha3,pair=UAV2<->UAV4; config=StadiumSHA3,0.082553,0.0,0.0,0.142956,0.222883,0.0,StadiumSHA3,StadiumSHA3-6-20260809-23:07:20-359376,2,4,StadiumSHA3-6-20260809-23:07:20-359376|phase3|2|4,6,6,6,sha3,10,,,,1,2-4,0.012674,0.018445,0.187969
1128,1,0.467979,0.24708,0.226381,197,sha3,pair=UAV2<->UAV5; config=StadiumSHA3,0.083064,0.0,0.0,0.164016,0.226381,0.0,StadiumSHA3,StadiumSHA3-6-20260809-23:07:20-359376,2,5,StadiumSHA3-6-20260809-23:07:20-359376|phase3|2|5,6,6,6,sha3,10,,,,1,2-5,0.012663,0.024215,0.2046
1129,1,0.464136,0.226082,0.221534,197,sha3,pair=UAV2<->UAV6; config=StadiumSHA3,0.081933,0.0,0.0,0.144149,0.221534,0.0,StadiumSHA3,StadiumSHA3-6-20260809-23:07:20-359376,2,6,StadiumSHA3-6-20260809-23:07:20-359376|phase3|2|6,6,6,6,sha3,10,,,,1,2-6,0.012683,0.018745,0.18844
1130,1,0.443985,0.237773,0.213832,197,sha3,pair=UAV2<->UAV7; config=StadiumSHA3,0.081111,0.0,0.0,0.156662,0.213832,0.0,StadiumSHA3,StadiumSHA3-6-20260809-23:07:20-359376,2,7,StadiumSHA3-6-20260809-23:07:20-359376|phase3|2|7,6,6,6,sha3,10,,,,1,2-7,0.017823,0.021109,0.18813
1131,1,0.487357,0.240408,0.232283,197,sha3,pair=UAV2<->UAV8; config=StadiumSHA3,0.083796,0.0,0.0,0.156612,0.232283,0.0,StadiumSHA3,StadiumSHA3-6-20260809-23:07:20-359376,2,8,StadiumSHA3-6-20260809-23:07:20-359376|phase3|2|8,6,6,6,sha3,10,,,,1,2-8,0.012593,0.020407,0.201094
1132,1,0.483674,0.224147,0.240755,197,sha3,pair=UAV2<->UAV9; config=StadiumSHA3,0.081011,0.0,0.0,0.143136,0.240755,0.0,StadiumSHA3,StadiumSHA3-6-20260809-23:07:20-359376,2,9,StadiumSHA3-6-20260809-23:07:20-359376|phase3|2|9,6,6,6,sha3,10,,,,1,2-9,0.013556,0.018475,0.187589
1133,1,0.356912,0.089146,0.384631,197,sha3,pair=UAV3<->UAV0; config=StadiumSHA3,0.0,0.089146,0.234691,0.0,0.0,0.14994,StadiumSHA3,StadiumSHA3-6-20260809-23:07:20-359376,3,0,StadiumSHA3-6-20260809-23:07:20-359376|phase3|3|0,6,6,6,sha3,10,,,,0,0-3,0.012774,0.019506,0.189202
1134,1,0.376557,0.110866,0.396713,197,sha3,pair=UAV3<->UAV1; config=StadiumSHA3,0.0,0.110866,0.239873,0.0,0.0,0.15684,StadiumSHA3,StadiumSHA3-6-20260809-23:07:20-359376,3,1,StadiumSHA3-6-20260809-23:07:20-359376|phase3|3|1,6,6,6,sha3,10,,,,0,1-3,0.01638,0.018504,0.204812
1135,1,0.378766,0.101348,0.430841,197,sha3,pair=UAV3<->UAV2; config=StadiumSHA3,0.0,0.101348,0.266476,0.0,0.0,0.164365,StadiumSHA3,StadiumSHA3-6-20260809-23:07:20-359376,3,2,StadiumSHA3-6-20260809-23:07:20-359376|phase3|3|2,6,6,6,sha3,10,,,,0,2-3,0.012693,0.018815,0.202327
1136,1,0.444853,0.249124,0.213744,197,sha3,pair=UAV3<->UAV4; config=StadiumSHA3,0.105626,0.0,0.0,0.143498,0.213744,0.0,StadiumSHA3,StadiumSHA3-6-20260809-23:07:20-359376,3,4,StadiumSHA3-6-20260809-23:07:20-359376|phase3|3|4,6,6,6,sha3,10,,,,1,3-4,0.019084,0.019115,0.201214
1137,1,0.45834,0.323462,0.206821,197,sha3,pair=UAV3<->UAV5; config=StadiumSHA3,0.108672,0.0,0.0,0.21479,0.206821,0.0,StadiumSHA3,StadiumSHA3-6-20260809-23:07:20-359376,3,5,StadiumSHA3-6-20260809-23:07:20-359376|phase3|3|5,6,6,6,sha3,10,,,,1,3-5,0.021881,0.034665,0.257169
1138,1,0.47741,0.230168,0.217045,197,sha3,pair=UAV3<->UAV6; config=StadiumSHA3,0.086571,0.0,0.0,0.143597,0.217045,0.0,StadiumSHA3,StadiumSHA3-6-20260809-23:07:20-359376,3,6,StadiumSHA3-6-20260809-23:07:20-359376|phase3|3|6,6,6,6,sha3,10,,,,1,3-6,0.012884,0.019156,0.192478
1139,1,0.50147,0.23039,0.246748,197,sha3,pair=UAV3<->UAV7; config=StadiumSHA3,0.081763,0.0,0.0,0.148627,0.246748,0.0,StadiumSHA3,StadiumSHA3-6-20260809-23:07:20-359376,3,7,StadiumSHA3-6-20260809-23:07:20-359376|phase3|3|7,6,6,6,sha3,10,,,,1,3-7,0.012804,0.018694,0.192237
1140,1,0.505351,0.224738,0.233762,197,sha3,pair=UAV3<->UAV8; config=StadiumSHA3,0.081932,0.0,0.0,0.142806,0.233762,0.0,StadiumSHA3,StadiumSHA3-6-20260809-23:07:20-359376,3,8,StadiumSHA3-6-20260809-23:07:20-359376|phase3|3|8,6,6,6,sha3,10,,,,1,3-8,0.012964,0.018464,0.187811
1141,1,0.449591,0.227084,0.213933,197,sha3,pair=UAV3<->UAV9; config=StadiumSHA3,0.083466,0.0,0.0,0.143618,0.213933,0.0,StadiumSHA3,StadiumSHA3-6-20260809-23:07:20-359376,3,9,StadiumSHA3-6-20260809-23:07:20-359376|phase3|3|9,6,6,6,sha3,10,,,,1,3-9,0.013345,0.019175,0.187821
1142,1,0.351061,0.087554,0.381666,197,sha3,pair=UAV4<->UAV0; config=StadiumSHA3,0.0,0.087554,0.241803,0.0,0.0,0.139862,StadiumSHA3,StadiumSHA3-6-20260809-23:07:20-359376,4,0,StadiumSHA3-6-20260809-23:07:20-359376|phase3|4|0,6,6,6,sha3,10,,,,0,0-4,0.012713,0.018644,0.18786
1143,1,0.345355,0.086731,0.373877,197,sha3,pair=UAV4<->UAV1; config=StadiumSHA3,0.0,0.086731,0.239532,0.0,0.0,0.134346,StadiumSHA3,StadiumSHA3-6-20260809-23:07:20-359376,4,1,StadiumSHA3-6-20260809-23:07:20-359376|phase3|4|1,6,6,6,sha3,10,,,,0,1-4,0.012614,0.024416,0.202117
1144,1,0.359411,0.0862,0.392607,197,sha3,pair=UAV4<->UAV2; config=StadiumSHA3,0.0,0.0862,0.256079,0.0,0.0,0.136528,StadiumSHA3,StadiumSHA3-6-20260809-23:07:20-359376,4,2,StadiumSHA3-6-20260809-23:07:20-359376|phase3|4|2,6,6,6,sha3,10,,,,0,2-4,0.012684,0.018564,0.188119
1145,1,0.363725,0.116928,0.38109,197,sha3,pair=UAV4<->UAV3; config=StadiumSHA3,0.0,0.116928,0.231109,0.0,0.0,0.149981,StadiumSHA3,StadiumSHA3-6-20260809-23:07:20-359376,4,3,StadiumSHA3-6-20260809-23:07:20-359376|phase3|4|3,6,6,6,sha3,10,,,,0,3-4,0.017031,0.018525,0.210683
1146,1,0.443537,0.239386,0.212511,197,sha3,pair=UAV4<->UAV5; config=StadiumSHA3,0.083716,0.0,0.0,0.15567,0.212511,0.0,StadiumSHA3,StadiumSHA3-6-20260809-23:07:20-359376,4,5,StadiumSHA3-6-20260809-23:07:20-359376|phase3|4|5,6,6,6,sha3,10,,,,1,4-5,0.013835,0.019616,0.198329
1147,1,0.479358,0.22552,0.206893,197,sha3,pair=UAV4<->UAV6; config=StadiumSHA3,0.082313,0.0,0.0,0.143207,0.206893,0.0,StadiumSHA3,StadiumSHA3-6-20260809-23:07:20-359376,4,6,StadiumSHA3-6-20260809-23:07:20-359376|phase3|4|6,6,6,6,sha3,10,,,,1,4-6,0.012603,0.018644,0.187789
1148,1,0.458292,0.292785,0.225075,197,sha3,pair=UAV4<->UAV7; config=StadiumSHA3,0.081161,0.0,0.0,0.211624,0.225075,0.0,StadiumSHA3,StadiumSHA3-6-20260809-23:07:20-359376,4,7,StadiumSHA3-6-20260809-23:07:20-359376|phase3|4|7,6,6,6,sha3,10,,,,1,4-7,0.019075,0.027142,0.239686
1149,1,0.435689,0.240698,0.207056,197,sha3,pair=UAV4<->UAV8; config=StadiumSHA3,0.082353,0.0,0.0,0.158345,0.207056,0.0,StadiumSHA3,StadiumSHA3-6-20260809-23:07:20-359376,4,8,StadiumSHA3-6-20260809-23:07:20-359376|phase3|4|8,6,6,6,sha3,10,,,,1,4-8,0.012885,0.025296,0.193861
1150,1,0.463081,0.232924,0.232171,197,sha3,pair=UAV4<->UAV9; config=StadiumSHA3,0.081612,0.0,0.0,0.151312,0.232171,0.0,StadiumSHA3,StadiumSHA3-6-20260809-23:07:20-359376,4,9,StadiumSHA3-6-20260809-23:07:20-359376|phase3|4|9,6,6,6,sha3,10,,,,1,4-9,0.013746,0.018655,0.195514
1151,1,0.383696,0.09121,0.390336,197,sha3,pair=UAV5<->UAV0; config=StadiumSHA3,0.0,0.09121,0.234272,0.0,0.0,0.156064,StadiumSHA3,StadiumSHA3-6-20260809-23:07:20-359376,5,0,StadiumSHA3-6-20260809-23:07:20-359376|phase3|5|0,6,6,6,sha3,10,,,,0,0-5,0.012824,0.019446,0.189243
1152,1,0.419596,0.08615,0.385458,197,sha3,pair=UAV5<->UAV1; config=StadiumSHA3,0.0,0.08615,0.238917,0.0,0.0,0.146542,StadiumSHA3,StadiumSHA3-6-20260809-23:07:20-359376,5,1,StadiumSHA3-6-20260809-23:07:20-359376|phase3|5|1,6,6,6,sha3,10,,,,0,1-5,0.014036,0.018674,0.187749
1153,1,0.406893,0.087312,0.42211,197,sha3,pair=UAV5<->UAV2; config=StadiumSHA3,0.0,0.087312,0.241598,0.0,0.0,0.180512,StadiumSHA3,StadiumSHA3-6-20260809-23:07:20-359376,5,2,StadiumSHA3-6-20260809-23:07:20-359376|phase3|5|2,6,6,6,sha3,10,,,,0,2-5,0.012624,0.018514,0.18791
1154,1,0.385461,0.086702,0.430158,197,sha3,pair=UAV5<->UAV3; config=StadiumSHA3,0.0,0.086702,0.251518,0.0,0.0,0.178639,StadiumSHA3,StadiumSHA3-6-20260809-23:07:20-359376,5,3,StadiumSHA3-6-20260809-23:07:20-359376|phase3|5|3,6,6,6,sha3,10,,,,0,3-5,0.012524,0.018415,0.189332
1155,1,0.361789,0.08577,0.380304,197,sha3,pair=UAV5<->UAV4; config=StadiumSHA3,0.0,0.08577,0.231026,0.0,0.0,0.149278,StadiumSHA3,StadiumSHA3-6-20260809-23:07:20-359376,5,4,StadiumSHA3-6-20260809-23:07:20-359376|phase3|5|4,6,6,6,sha3,10,,,,0,4-5,0.012554,0.018616,0.187781
1156,1,0.466363,0.244135,0.231608,197,sha3,pair=UAV5<->UAV6; config=StadiumSHA3,0.100838,0.0,0.0,0.143297,0.231608,0.0,StadiumSHA3,StadiumSHA3-6-20260809-23:07:20-359376,5,6,StadiumSHA3-6-20260809-23:07:20-359376|phase3|5|6,6,6,6,sha3,10,,,,1,5-6,0.013334,0.019016,0.206024
1157,1,0.466044,0.235349,0.220521,197,sha3,pair=UAV5<->UAV7; config=StadiumSHA3,0.091741,0.0,0.0,0.143608,0.220521,0.0,StadiumSHA3,StadiumSHA3-6-20260809-23:07:20-359376,5,7,StadiumSHA3-6-20260809-23:07:20-359376|phase3|5|7,6,6,6,sha3,10,,,,1,5-7,0.012673,0.019626,0.195714
1158,1,0.456169,0.242712,0.215588,197,sha3,pair=UAV5<->UAV8; config=StadiumSHA3,0.082283,0.0,0.0,0.160429,0.215588,0.0,StadiumSHA3,StadiumSHA3-6-20260809-23:07:20-359376,5,8,StadiumSHA3-6-20260809-23:07:20-359376|phase3|5|8,6,6,6,sha3,10,,,,1,5-8,0.014006,0.028112,0.195013
1159,1,0.462697,0.248914,0.211399,197,sha3,pair=UAV5<->UAV9; config=StadiumSHA3,0.088034,0.0,0.0,0.16088,0.211399,0.0,StadiumSHA3,StadiumSHA3-6-20260809-23:07:20-359376,5,9,StadiumSHA3-6-20260809-23:07:20-359376|phase3|5|9,6,6,6,sha3,10,,,,1,5-9,0.013675,0.019747,0.204681
1160,1,0.345716,0.087192,0.397535,197,sha3,pair=UAV6<->UAV0; config=StadiumSHA3,0.0,0.087192,0.26331,0.0,0.0,0.134226,StadiumSHA3,StadiumSHA3-6-20260809-23:07:20-359376,6,0,StadiumSHA3-6-20260809-23:07:20-359376|phase3|6|0,6,6,6,sha3,10,,,,0,0-6,0.012533,0.018834,0.18803
1161,1,0.360257,0.087243,0.40759,197,sha3,pair=UAV6<->UAV1; config=StadiumSHA3,0.0,0.087243,0.254444,0.0,0.0,0.153146,StadiumSHA3,StadiumSHA3-6-20260809-23:07:20-359376,6,1,StadiumSHA3-6-20260809-23:07:20-359376|phase3|6|1,6,6,6,sha3,10,,,,0,1-6,0.012483,0.018515,0.189394
1162,1,0.354914,0.086041,0.375982,197,sha3,pair=UAV6<->UAV2; config=StadiumSHA3,0.0,0.086041,0.242602,0.0,0.0,0.13338,StadiumSHA3,StadiumSHA3-6-20260809-23:07:20-359376,6,2,StadiumSHA3-6-20260809-23:07:20-359376|phase3|6|2,6,6,6,sha3,10,,,,0,2-6,0.012474,0.018364,0.187991
1163,1,0.36215,0.08618,0.405469,197,sha3,pair=UAV6<->UAV3; config=StadiumSHA3,0.0,0.08618,0.260364,0.0,0.0,0.145105,StadiumSHA3,StadiumSHA3-6-20260809-23:07:20-359376,6,3,StadiumSHA3-6-20260809-23:07:20-359376|phase3|6|3,6,6,6,sha3,10,,,,0,3-6,0.012684,0.018664,0.18767
1164,1,0.341041,0.088816,0.406613,197,sha3,pair=UAV6<->UAV4; config=StadiumSHA3,0.0,0.088816,0.272465,0.0,0.0,0.134148,StadiumSHA3,StadiumSHA3-6-20260809-23:07:20-359376,6,4,StadiumSHA3-6-20260809-23:07:20-359376|phase3|6|4,6,6,6,sha3,10,,,,0,4-6,0.012654,0.019146,0.188672
1165,1,0.422649,0.087263,0.425795,197,sha3,pair=UAV6<->UAV5; config=StadiumSHA3,0.0,0.087263,0.234755,0.0,0.0,0.191041,StadiumSHA3,StadiumSHA3-6-20260809-23:07:20-359376,6,5,StadiumSHA3-6-20260809-23:07:20-359376|phase3|6|5,6,6,6,sha3,10,,,,0,5-6,0.012654,0.022072,0.18777
1166,1,0.43627,0.229719,0.205652,197,sha3,pair=UAV6<->UAV7; config=StadiumSHA3,0.08563,0.0,0.0,0.144089,0.205652,0.0,StadiumSHA3,StadiumSHA3-6-20260809-23:07:20-359376,6,7,StadiumSHA3-6-20260809-23:07:20-359376|phase3|6|7,6,6,6,sha3,10,,,,1,6-7,0.013565,0.021851,0.188551
1167,1,0.463131,0.226012,0.232857,197,sha3,pair=UAV6<->UAV8; config=StadiumSHA3,0.081973,0.0,0.0,0.144039,0.232857,0.0,StadiumSHA3,StadiumSHA3-6-20260809-23:07:20-359376,6,8,StadiumSHA3-6-20260809-23:07:20-359376|phase3|6|8,6,6,6,sha3,10,,,,1,6-8,0.012894,0.018784,0.188341
1168,1,0.472921,0.265565,0.242696,197,sha3,pair=UAV6<->UAV9; config=StadiumSHA3,0.081272,0.0,0.0,0.184293,0.242696,0.0,StadiumSHA3,StadiumSHA3-6-20260809-23:07:20-359376,6,9,StadiumSHA3-6-20260809-23:07:20-359376|phase3|6|9,6,6,6,sha3,10,,,,1,6-9,0.012804,0.022081,0.225471
1169,1,0.383573,0.088174,0.397328,197,sha3,pair=UAV7<->UAV0; config=StadiumSHA3,0.0,0.088174,0.228811,0.0,0.0,0.168517,StadiumSHA3,StadiumSHA3-6-20260809-23:07:20-359376,7,0,StadiumSHA3-6-20260809-23:07:20-359376|phase3|7|0,6,6,6,sha3,10,,,,0,0-7,0.012523,0.018845,0.18798
1170,1,0.363889,0.09141,0.361225,197,sha3,pair=UAV7<->UAV1; config=StadiumSHA3,0.0,0.09141,0.228035,0.0,0.0,0.13319,StadiumSHA3,StadiumSHA3-6-20260809-23:07:20-359376,7,1,StadiumSHA3-6-20260809-23:07:20-359376|phase3|7|1,6,6,6,sha3,10,,,,0,1-7,0.013395,0.018715,0.18826
1171,1,0.370192,0.086421,0.386513,197,sha3,pair=UAV7<->UAV2; config=StadiumSHA3,0.0,0.086421,0.230153,0.0,0.0,0.15636,StadiumSHA3,StadiumSHA3-6-20260809-23:07:20-359376,7,2,StadiumSHA3-6-20260809-23:07:20-359376|phase3|7|2,6,6,6,sha3,10,,,,0,2-7,0.012453,0.018534,0.18776
1172,1,0.380435,0.086641,0.38841,197,sha3,pair=UAV7<->UAV3; config=StadiumSHA3,0.0,0.086641,0.254722,0.0,0.0,0.133687,StadiumSHA3,StadiumSHA3-6-20260809-23:07:20-359376,7,3,StadiumSHA3-6-20260809-23:07:20-359376|phase3|7|3,6,6,6,sha3,10,,,,0,3-7,0.012653,0.018855,0.198189
1173,1,0.36289,0.10705,0.371032,197,sha3,pair=UAV7<->UAV4; config=StadiumSHA3,0.0,0.10705,0.233217,0.0,0.0,0.137815,StadiumSHA3,StadiumSHA3-6-20260809-23:07:20-359376,7,4,StadiumSHA3-6-20260809-23:07:20-359376|phase3|7|4,6,6,6,sha3,10,,,,0,4-7,0.017084,0.023744,0.195444
1174,1,0.370887,0.087303,0.39589,197,sha3,pair=UAV7<->UAV5; config=StadiumSHA3,0.0,0.087303,0.245523,0.0,0.0,0.150366,StadiumSHA3,StadiumSHA3-6-20260809-23:07:20-359376,7,5,StadiumSHA3-6-20260809-23:07:20-359376|phase3|7|5,6,6,6,sha3,10,,,,0,5-7,0.012463,0.018354,0.188241
1175,1,0.371271,0.087102,0.396236,197,sha3,pair=UAV7<->UAV6; config=StadiumSHA3,0.0,0.087102,0.230618,0.0,0.0,0.165619,StadiumSHA3,StadiumSHA3-6-20260809-23:07:20-359376,7,6,StadiumSHA3-6-20260809-23:07:20-359376|phase3|7|6,6,6,6,sha3,10,,,,0,6-7,0.012654,0.018454,0.188
1176,1,0.441277,0.226092,0.210781,197,sha3,pair=UAV7<->UAV8; config=StadiumSHA3,0.082173,0.0,0.0,0.143919,0.210781,0.0,StadiumSHA3,StadiumSHA3-6-20260809-23:07:20-359376,7,8,StadiumSHA3-6-20260809-23:07:20-359376|phase3|7|8,6,6,6,sha3,10,,,,1,7-8,0.013134,0.018874,0.1883
1177,1,0.45593,0.224709,0.214716,197,sha3,pair=UAV7<->UAV9; config=StadiumSHA3,0.081452,0.0,0.0,0.143257,0.214716,0.0,StadiumSHA3,StadiumSHA3-6-20260809-23:07:20-359376,7,9,StadiumSHA3-6-20260809-23:07:20-359376|phase3|7|9,6,6,6,sha3,10,,,,1,7-9,0.012683,0.018544,0.187851
1178,1,0.378436,0.087283,0.390481,197,sha3,pair=UAV8<->UAV0; config=StadiumSHA3,0.0,0.087283,0.24329,0.0,0.0,0.147191,StadiumSHA3,StadiumSHA3-6-20260809-23:07:20-359376,8,0,StadiumSHA3-6-20260809-23:07:20-359376|phase3|8|0,6,6,6,sha3,10,,,,0,0-8,0.012663,0.047709,0.187859
1179,1,0.3588,0.086201,0.39265,197,sha3,pair=UAV8<->UAV1; config=StadiumSHA3,0.0,0.086201,0.253757,0.0,0.0,0.138893,StadiumSHA3,StadiumSHA3-6-20260809-23:07:20-359376,8,1,StadiumSHA3-6-20260809-23:07:20-359376|phase3|8|1,6,6,6,sha3,10,,,,0,1-8,0.012544,0.018354,0.187579
1180,1,0.366932,0.086691,0.389721,197,sha3,pair=UAV8<->UAV2; config=StadiumSHA3,0.0,0.086691,0.255073,0.0,0.0,0.134648,StadiumSHA3,StadiumSHA3-6-20260809-23:07:20-359376,8,2,StadiumSHA3-6-20260809-23:07:20-359376|phase3|8|2,6,6,6,sha3,10,,,,0,2-8,0.012814,0.018815,0.191216
1181,1,0.368747,0.094286,0.406575,197,sha3,pair=UAV8<->UAV3; config=StadiumSHA3,0.0,0.094286,0.27159,0.0,0.0,0.134985,StadiumSHA3,StadiumSHA3-6-20260809-23:07:20-359376,8,3,StadiumSHA3-6-20260809-23:07:20-359376|phase3|8|3,6,6,6,sha3,10,,,,0,3-8,0.013144,0.018735,0.19314
1182,1,0.342869,0.100797,0.364445,197,sha3,pair=UAV8<->UAV4; config=StadiumSHA3,0.0,0.100797,0.228632,0.0,0.0,0.135813,StadiumSHA3,StadiumSHA3-6-20260809-23:07:20-359376,8,4,StadiumSHA3-6-20260809-23:07:20-359376|phase3|8|4,6,6,6,sha3,10,,,,0,4-8,0.013084,0.019035,0.200293
1183,1,0.358075,0.087312,0.383068,197,sha3,pair=UAV8<->UAV5; config=StadiumSHA3,0.0,0.087312,0.240581,0.0,0.0,0.142487,StadiumSHA3,StadiumSHA3-6-20260809-23:07:20-359376,8,5,StadiumSHA3-6-20260809-23:07:20-359376|phase3|8|5,6,6,6,sha3,10,,,,0,5-8,0.012925,0.018925,0.188411
1184,1,0.367485,0.086782,0.364902,197,sha3,pair=UAV8<->UAV6; config=StadiumSHA3,0.0,0.086782,0.230274,0.0,0.0,0.134628,StadiumSHA3,StadiumSHA3-6-20260809-23:07:20-359376,8,6,StadiumSHA3-6-20260809-23:07:20-359376|phase3|8|6,6,6,6,sha3,10,,,,0,6-8,0.012554,0.018485,0.1878
1185,1,0.353224,0.086842,0.372938,197,sha3,pair=UAV8<->UAV7; config=StadiumSHA3,0.0,0.086842,0.230496,0.0,0.0,0.142443,StadiumSHA3,StadiumSHA3-6-20260809-23:07:20-359376,8,7,StadiumSHA3-6-20260809-23:07:20-359376|phase3|8|7,6,6,6,sha3,10,,,,0,7-8,0.012502,0.018434,0.18766
1186,1,0.459646,0.226854,0.211937,197,sha3,pair=UAV8<->UAV9; config=StadiumSHA3,0.082785,0.0,0.0,0.144069,0.211937,0.0,StadiumSHA3,StadiumSHA3-6-20260809-23:07:20-359376,8,9,StadiumSHA3-6-20260809-23:07:20-359376|phase3|8|9,6,6,6,sha3,10,,,,1,8-9,0.013865,0.018864,0.189082
1187,1,0.356651,0.112038,0.37551,197,sha3,pair=UAV9<->UAV0; config=StadiumSHA3,0.0,0.112038,0.234586,0.0,0.0,0.140924,StadiumSHA3,StadiumSHA3-6-20260809-23:07:20-359376,9,0,StadiumSHA3-6-20260809-23:07:20-359376|phase3|9|0,6,6,6,sha3,10,,,,0,0-9,0.013454,0.018724,0.213557
1188,1,0.351774,0.086401,0.40446,197,sha3,pair=UAV9<->UAV1; config=StadiumSHA3,0.0,0.086401,0.262415,0.0,0.0,0.142045,StadiumSHA3,StadiumSHA3-6-20260809-23:07:20-359376,9,1,StadiumSHA3-6-20260809-23:07:20-359376|phase3|9|1,6,6,6,sha3,10,,,,0,1-9,0.012434,0.018665,0.196957
1189,1,0.382972,0.087192,0.385135,197,sha3,pair=UAV9<->UAV2; config=StadiumSHA3,0.0,0.087192,0.242919,0.0,0.0,0.142216,StadiumSHA3,StadiumSHA3-6-20260809-23:07:20-359376,9,2,StadiumSHA3-6-20260809-23:07:20-359376|phase3|9|2,6,6,6,sha3,10,,,,0,2-9,0.012573,0.018444,0.18754
1190,1,0.348452,0.087463,0.370176,197,sha3,pair=UAV9<->UAV3; config=StadiumSHA3,0.0,0.087463,0.235657,0.0,0.0,0.134519,StadiumSHA3,StadiumSHA3-6-20260809-23:07:20-359376,9,3,StadiumSHA3-6-20260809-23:07:20-359376|phase3|9|3,6,6,6,sha3,10,,,,0,3-9,0.013005,0.018514,0.18812
1191,1,0.385651,0.086792,0.38439,197,sha3,pair=UAV9<->UAV4; config=StadiumSHA3,0.0,0.086792,0.23091,0.0,0.0,0.15348,StadiumSHA3,StadiumSHA3-6-20260809-23:07:20-359376,9,4,StadiumSHA3-6-20260809-23:07:20-359376|phase3|9|4,6,6,6,sha3,10,,,,0,4-9,0.012684,0.018394,0.18763
1192,1,0.343792,0.088485,0.383691,197,sha3,pair=UAV9<->UAV5; config=StadiumSHA3,0.0,0.088485,0.251298,0.0,0.0,0.132393,StadiumSHA3,StadiumSHA3-6-20260809-23:07:20-359376,9,5,StadiumSHA3-6-20260809-23:07:20-359376|phase3|9|5,6,6,6,sha3,10,,,,0,5-9,0.012985,0.018865,0.196707
1193,1,0.395464,0.087252,0.382992,197,sha3,pair=UAV9<->UAV6; config=StadiumSHA3,0.0,0.087252,0.230224,0.0,0.0,0.152767,StadiumSHA3,StadiumSHA3-6-20260809-23:07:20-359376,9,6,StadiumSHA3-6-20260809-23:07:20-359376|phase3|9|6,6,6,6,sha3,10,,,,0,6-9,0.012694,0.018534,0.188602
1194,1,0.368939,0.08628,0.395438,197,sha3,pair=UAV9<->UAV7; config=StadiumSHA3,0.0,0.08628,0.241215,0.0,0.0,0.154223,StadiumSHA3,StadiumSHA3-6-20260809-23:07:20-359376,9,7,StadiumSHA3-6-20260809-23:07:20-359376|phase3|9|7,6,6,6,sha3,10,,,,0,7-9,0.012522,0.018705,0.187951
1195,1,0.360931,0.097291,0.396703,197,sha3,pair=UAV9<->UAV8; config=StadiumSHA3,0.0,0.097291,0.24771,0.0,0.0,0.148994,StadiumSHA3,StadiumSHA3-6-20260809-23:07:20-359376,9,8,StadiumSHA3-6-20260809-23:07:20-359376|phase3|9|8,6,6,6,sha3,10,,,,0,8-9,0.012885,0.018734,0.207166
1196,1,0.473844,0.248142,0.239959,197,sha3,pair=UAV0<->UAV1; config=StadiumSHA3,0.104525,0.0,0.0,0.143617,0.239959,0.0,StadiumSHA3,StadiumSHA3-7-20260809-23:07:20-359376,0,1,StadiumSHA3-7-20260809-23:07:20-359376|phase3|0|1,7,7,7,sha3,10,,,,1,0-1,0.013425,0.018815,0.20896
1197,1,0.448801,0.258281,0.217829,197,sha3,pair=UAV0<->UAV2; config=StadiumSHA3,0.084728,0.0,0.0,0.173553,0.217829,0.0,StadiumSHA3,StadiumSHA3-7-20260809-23:07:20-359376,0,2,StadiumSHA3-7-20260809-23:07:20-359376|phase3|0|2,7,7,7,sha3,10,,,,1,0-2,0.012905,0.020889,0.212386
1198,1,0.463741,0.228866,0.22278,197,sha3,pair=UAV0<->UAV3; config=StadiumSHA3,0.085759,0.0,0.0,0.143107,0.22278,0.0,StadiumSHA3,StadiumSHA3-7-20260809-23:07:20-359376,0,3,StadiumSHA3-7-20260809-23:07:20-359376|phase3|0|3,7,7,7,sha3,10,,,,1,0-3,0.012975,0.018835,0.188751
1199,1,0.463625,0.237642,0.231162,197,sha3,pair=UAV0<->UAV4; config=StadiumSHA3,0.082343,0.0,0.0,0.155299,0.231162,0.0,StadiumSHA3,StadiumSHA3-7-20260809-23:07:20-359376,0,4,StadiumSHA3-7-20260809-23:07:20-359376|phase3|0|4,7,7,7,sha3,10,,,,1,0-4,0.012674,0.019046,0.199552
1200,1,0.449507,0.223978,0.206985,197,sha3,pair=UAV0<->UAV5; config=StadiumSHA3,0.081031,0.0,0.0,0.142947,0.206985,0.0,StadiumSHA3,StadiumSHA3-7-20260809-23:07:20-359376,0,5,StadiumSHA3-7-20260809-23:07:20-359376|phase3|0|5,7,7,7,sha3,10,,,,1,0-5,0.012854,0.018424,0.188
1201,1,0.487881,0.238764,0.250607,197,sha3,pair=UAV0<->UAV6; config=StadiumSHA3,0.081592,0.0,0.0,0.157172,0.250607,0.0,StadiumSHA3,StadiumSHA3-7-20260809-23:07:20-359376,0,6,StadiumSHA3-7-20260809-23:07:20-359376|phase3|0|6,7,7,7,sha3,10,,,,1,0-6,0.012613,0.019016,0.200634
1202,1,0.446178,0.224779,0.20736,197,sha3,pair=UAV0<->UAV7; config=StadiumSHA3,0.08033,0.0,0.0,0.144449,0.20736,0.0,StadiumSHA3,StadiumSHA3-7-20260809-23:07:20-359376,0,7,StadiumSHA3-7-20260809-23:07:20-359376|phase3|0|7,7,7,7,sha3,10,,,,1,0-7,0.013114,0.018384,0.188101
1203,1,0.459678,0.278037,0.223312,197,sha3,pair=UAV0<->UAV8; config=StadiumSHA3,0.081932,0.0,0.0,0.196105,0.223312,0.0,StadiumSHA3,StadiumSHA3-7-20260809-23:07:20-359376,0,8,StadiumSHA3-7-20260809-23:07:20-359376|phase3|0|8,7,7,7,sha3,10,,,,1,0-8,0.019567,0.032921,0.213818
1204,1,0.541655,0.223077,0.280823,197,sha3,pair=UAV0<->UAV9; config=StadiumSHA3,0.080541,0.0,0.0,0.142536,0.280823,0.0,StadiumSHA3,StadiumSHA3-7-20260809-23:07:20-359376,0,9,StadiumSHA3-7-20260809-23:07:20-359376|phase3|0|9,7,7,7,sha3,10,,,,1,0-9,0.012523,0.018205,0.187729
1205,1,0.372813,0.086631,0.36674,197,sha3,pair=UAV1<->UAV0; config=StadiumSHA3,0.0,0.086631,0.233885,0.0,0.0,0.132854,StadiumSHA3,StadiumSHA3-7-20260809-23:07:20-359376,1,0,StadiumSHA3-7-20260809-23:07:20-359376|phase3|1|0,7,7,7,sha3,10,,,,0,0-1,0.012513,0.018494,0.18846
1206,1,0.452998,0.248513,0.214029,197,sha3,pair=UAV1<->UAV2; config=StadiumSHA3,0.080991,0.0,0.0,0.167522,0.214029,0.0,StadiumSHA3,StadiumSHA3-7-20260809-23:07:20-359376,1,2,StadiumSHA3-7-20260809-23:07:20-359376|phase3|1|2,7,7,7,sha3,10,,,,1,1-2,0.019086,0.019496,0.202136
1207,1,0.466191,0.226222,0.216856,197,sha3,pair=UAV1<->UAV3; config=StadiumSHA3,0.083095,0.0,0.0,0.143127,0.216856,0.0,StadiumSHA3,StadiumSHA3-7-20260809-23:07:20-359376,1,3,StadiumSHA3-7-20260809-23:07:20-359376|phase3|1|3,7,7,7,sha3,10,,,,1,1-3,0.013295,0.018365,0.18782
1208,1,0.437744,0.256908,0.209563,197,sha3,pair=UAV1<->UAV4; config=StadiumSHA3,0.097842,0.0,0.0,0.159066,0.209563,0.0,StadiumSHA3,StadiumSHA3-7-20260809-23:07:20-359376,1,4,StadiumSHA3-7-20260809-23:07:20-359376|phase3|1|4,7,7,7,sha3,10,,,,1,1-4,0.025888,0.02142,0.203459
1209,1,0.442878,0.23636,0.214766,197,sha3,pair=UAV1<->UAV5; config=StadiumSHA3,0.090809,0.0,0.0,0.145551,0.214766,0.0,StadiumSHA3,StadiumSHA3-7-20260809-23:07:20-359376,1,5,StadiumSHA3-7-20260809-23:07:20-359376|phase3|1|5,7,7,7,sha3,10,,,,1,1-5,0.012654,0.02164,0.193119
1210,1,0.472013,0.223766,0.210514,197,sha3,pair=UAV1<->UAV6; config=StadiumSHA3,0.08063,0.0,0.0,0.143136,0.210514,0.0,StadiumSHA3,StadiumSHA3-7-20260809-23:07:20-359376,1,6,StadiumSHA3-7-20260809-23:07:20-359376|phase3|1|6,7,7,7,sha3,10,,,,1,1-6,0.012574,0.018635,0.1878
1211,1,0.448294,0.224658,0.207978,197,sha3,pair=UAV1<->UAV7; config=StadiumSHA3,0.081582,0.0,0.0,0.143076,0.207978,0.0,StadiumSHA3,StadiumSHA3-7-20260809-23:07:20-359376,1,7,StadiumSHA3-7-20260809-23:07:20-359376|phase3|1|7,7,7,7,sha3,10,,,,1,1-7,0.012664,0.018344,0.187669
1212,1,0.448356,0.255275,0.206015,197,sha3,pair=UAV1<->UAV8; config=StadiumSHA3,0.110335,0.0,0.0,0.14494,0.206015,0.0,StadiumSHA3,StadiumSHA3-7-20260809-23:07:20-359376,1,8,StadiumSHA3-7-20260809-23:07:20-359376|phase3|1|8,7,7,7,sha3,10,,,,1,1-8,0.017553,0.018664,0.211343
1213,1,0.445765,0.248523,0.212577,197,sha3,pair=UAV1<->UAV9; config=StadiumSHA3,0.088865,0.0,0.0,0.159658,0.212577,0.0,StadiumSHA3,StadiumSHA3-7-20260809-23:07:20-359376,1,9,StadiumSHA3-7-20260809-23:07:20-359376|phase3|1|9,7,7,7,sha3,10,,,,1,1-9,0.013205,0.023082,0.204782
1214,1,0.356959,0.087302,0.370102,197,sha3,pair=UAV2<->UAV0; config=StadiumSHA3,0.0,0.087302,0.230972,0.0,0.0,0.13913,StadiumSHA3,StadiumSHA3-7-20260809-23:07:20-359376,2,0,StadiumSHA3-7-20260809-23:07:20-359376|phase3|2|0,7,7,7,sha3,10,,,,0,0-2,0.012633,0.022732,0.200303
1215,1,0.360166,0.08609,0.385106,197,sha3,pair=UAV2<->UAV1; config=StadiumSHA3,0.0,0.08609,0.238969,0.0,0.0,0.146137,StadiumSHA3,StadiumSHA3-7-20260809-23:07:20-359376,2,1,StadiumSHA3-7-20260809-23:07:20-359376|phase3|2|1,7,7,7,sha3,10,,,,0,1-2,0.012524,0.018384,0.18763
1216,1,0.45063,0.227594,0.21223,197,sha3,pair=UAV2<->UAV3; config=StadiumSHA3,0.082524,0.0,0.0,0.14507,0.21223,0.0,StadiumSHA3,StadiumSHA3-7-20260809-23:07:20-359376,2,3,StadiumSHA3-7-20260809-23:07:20-359376|phase3|2|3,7,7,7,sha3,10,,,,1,2-3,0.013214,0.019086,0.190145
1217,1,0.452196,0.22556,0.212077,197,sha3,pair=UAV2<->UAV4; config=StadiumSHA3,0.082583,0.0,0.0,0.142977,0.212077,0.0,StadiumSHA3,StadiumSHA3-7-20260809-23:07:20-359376,2,4,StadiumSHA3-7-20260809-23:07:20-359376|phase3|2|4,7,7,7,sha3,10,,,,1,2-4,0.013035,0.018574,0.187799
1218,1,0.468304,0.224077,0.214623,197,sha3,pair=UAV2<->UAV5; config=StadiumSHA3,0.081051,0.0,0.0,0.143026,0.214623,0.0,StadiumSHA3,StadiumSHA3-7-20260809-23:07:20-359376,2,5,StadiumSHA3-7-20260809-23:07:20-359376|phase3|2|5,7,7,7,sha3,10,,,,1,2-5,0.013135,0.018435,0.18788
1219,1,0.442927,0.224709,0.208337,197,sha3,pair=UAV2<->UAV6; config=StadiumSHA3,0.081522,0.0,0.0,0.143187,0.208337,0.0,StadiumSHA3,StadiumSHA3-7-20260809-23:07:20-359376,2,6,StadiumSHA3-7-20260809-23:07:20-359376|phase3|2|6,7,7,7,sha3,10,,,,1,2-6,0.012743,0.018385,0.18804
1220,1,0.458947,0.224408,0.207499,197,sha3,pair=UAV2<->UAV7; config=StadiumSHA3,0.08073,0.0,0.0,0.143678,0.207499,0.0,StadiumSHA3,StadiumSHA3-7-20260809-23:07:20-359376,2,7,StadiumSHA3-7-20260809-23:07:20-359376|phase3|2|7,7,7,7,sha3,10,,,,1,2-7,0.012864,0.019116,0.18778
1221,1,0.501133,0.236811,0.248621,197,sha3,pair=UAV2<->UAV8; config=StadiumSHA3,0.093885,0.0,0.0,0.142926,0.248621,0.0,StadiumSHA3,StadiumSHA3-7-20260809-23:07:20-359376,2,8,StadiumSHA3-7-20260809-23:07:20-359376|phase3|2|8,7,7,7,sha3,10,,,,1,2-8,0.012893,0.018395,0.199922
1222,1,0.453575,0.242262,0.210876,197,sha3,pair=UAV2<->UAV9; config=StadiumSHA3,0.081081,0.0,0.0,0.161181,0.210876,0.0,StadiumSHA3,StadiumSHA3-7-20260809-23:07:20-359376,2,9,StadiumSHA3-7-20260809-23:07:20-359376|phase3|2|9,7,7,7,sha3,10,,,,1,2-9,0.012984,0.019436,0.202587
1223,1,0.390329,0.086842,0.40851,197,sha3,pair=UAV3<->UAV0; config=StadiumSHA3,0.0,0.086842,0.240961,0.0,0.0,0.167549,StadiumSHA3,StadiumSHA3-7-20260809-23:07:20-359376,3,0,StadiumSHA3-7-20260809-23:07:20-359376|phase3|3|0,7,7,7,sha3,10,,,,0,0-3,0.012502,0.018404,0.187749
1224,1,0.354659,0.135562,0.387137,197,sha3,pair=UAV3<->UAV1; config=StadiumSHA3,0.0,0.135562,0.249335,0.0,0.0,0.137802,StadiumSHA3,StadiumSHA3-7-20260809-23:07:20-359376,3,1,StadiumSHA3-7-20260809-23:07:20-359376|phase3|3|1,7,7,7,sha3,10,,,,0,1-3,0.02705,0.023454,0.215582
1225,1,0.357658,0.086641,0.383828,197,sha3,pair=UAV3<->UAV2; config=StadiumSHA3,0.0,0.086641,0.2384,0.0,0.0,0.145428,StadiumSHA3,StadiumSHA3-7-20260809-23:07:20-359376,3,2,StadiumSHA3-7-20260809-23:07:20-359376|phase3|3|2,7,7,7,sha3,10,,,,0,2-3,0.012463,0.018815,0.196326
1226,1,0.469712,0.227914,0.215369,197,sha3,pair=UAV3<->UAV4; config=StadiumSHA3,0.081481,0.0,0.0,0.146433,0.215369,0.0,StadiumSHA3,StadiumSHA3-7-20260809-23:07:20-359376,3,4,StadiumSHA3-7-20260809-23:07:20-359376|phase3|3|4,7,7,7,sha3,10,,,,1,3-4,0.013134,0.018604,0.190876
1227,1,0.451155,0.254964,0.214387,197,sha3,pair=UAV3<->UAV5; config=StadiumSHA3,0.082884,0.0,0.0,0.17208,0.214387,0.0,StadiumSHA3,StadiumSHA3-7-20260809-23:07:20-359376,3,5,StadiumSHA3-7-20260809-23:07:20-359376|phase3|3|5,7,7,7,sha3,10,,,,1,3-5,0.012914,0.028213,0.207465
1228,1,0.469473,0.232102,0.211785,197,sha3,pair=UAV3<->UAV6; config=StadiumSHA3,0.081121,0.0,0.0,0.150981,0.211785,0.0,StadiumSHA3,StadiumSHA3-7-20260809-23:07:20-359376,3,6,StadiumSHA3-7-20260809-23:07:20-359376|phase3|3|6,7,7,7,sha3,10,,,,1,3-6,0.012684,0.02668,0.187971
1229,1,0.463159,0.226782,0.204467,197,sha3,pair=UAV3<->UAV7; config=StadiumSHA3,0.081622,0.0,0.0,0.14516,0.204467,0.0,StadiumSHA3,StadiumSHA3-7-20260809-23:07:20-359376,3,7,StadiumSHA3-7-20260809-23:07:20-359376|phase3|3|7,7,7,7,sha3,10,,,,1,3-7,0.012924,0.018765,0.189143
1230,1,0.449323,0.25244,0.215055,197,sha3,pair=UAV3<->UAV8; config=StadiumSHA3,0.109283,0.0,0.0,0.143157,0.215055,0.0,StadiumSHA3,StadiumSHA3-7-20260809-23:07:20-359376,3,8,StadiumSHA3-7-20260809-23:07:20-359376|phase3|3|8,7,7,7,sha3,10,,,,1,3-8,0.013836,0.021139,0.211884
1231,1,0.45221,0.261077,0.21863,197,sha3,pair=UAV3<->UAV9; config=StadiumSHA3,0.092673,0.0,0.0,0.168404,0.21863,0.0,StadiumSHA3,StadiumSHA3-7-20260809-23:07:20-359376,3,9,StadiumSHA3-7-20260809-23:07:20-359376|phase3|3|9,7,7,7,sha3,10,,,,1,3-9,0.013384,0.031459,0.209279
1232,1,0.369877,0.08606,0.371179,197,sha3,pair=UAV4<->UAV0; config=StadiumSHA3,0.0,0.08606,0.232463,0.0,0.0,0.138716,StadiumSHA3,StadiumSHA3-7-20260809-23:07:20-359376,4,0,StadiumSHA3-7-20260809-23:07:20-359376|phase3|4|0,7,7,7,sha3,10,,,,0,0-4,0.012534,0.018395,0.188812
1233,1,0.359588,0.088284,0.378206,197,sha3,pair=UAV4<->UAV1; config=StadiumSHA3,0.0,0.088284,0.228181,0.0,0.0,0.150025,StadiumSHA3,StadiumSHA3-7-20260809-23:07:20-359376,4,1,StadiumSHA3-7-20260809-23:07:20-359376|phase3|4|1,7,7,7,sha3,10,,,,0,1-4,0.012724,0.018855,0.18801
1234,1,0.365175,0.087062,0.393218,197,sha3,pair=UAV4<->UAV2; config=StadiumSHA3,0.0,0.087062,0.24012,0.0,0.0,0.153098,StadiumSHA3,StadiumSHA3-7-20260809-23:07:20-359376,4,2,StadiumSHA3-7-20260809-23:07:20-359376|phase3|4|2,7,7,7,sha3,10,,,,0,2-4,0.012443,0.018474,0.187338
1235,1,0.370267,0.086291,0.409241,197,sha3,pair=UAV4<->UAV3; config=StadiumSHA3,0.0,0.086291,0.254343,0.0,0.0,0.154898,StadiumSHA3,StadiumSHA3-7-20260809-23:07:20-359376,4,3,StadiumSHA3-7-20260809-23:07:20-359376|phase3|4|3,7,7,7,sha3,10,,,,0,3-4,0.012673,0.018354,0.18813
1236,1,0.449125,0.242431,0.219562,197,sha3,pair=UAV4<->UAV5; config=StadiumSHA3,0.092803,0.0,0.0,0.149628,0.219562,0.0,StadiumSHA3,StadiumSHA3-7-20260809-23:07:20-359376,4,5,StadiumSHA3-7-20260809-23:07:20-359376|phase3|4|5,7,7,7,sha3,10,,,,1,4-5,0.015409,0.019276,0.200483
1237,1,0.481611,0.226712,0.228143,197,sha3,pair=UAV4<->UAV6; config=StadiumSHA3,0.083766,0.0,0.0,0.142946,0.228143,0.0,StadiumSHA3,StadiumSHA3-7-20260809-23:07:20-359376,4,6,StadiumSHA3-7-20260809-23:07:20-359376|phase3|4|6,7,7,7,sha3,10,,,,1,4-6,0.012764,0.018465,0.1883
1238,1,0.452026,0.223486,0.217369,197,sha3,pair=UAV4<->UAV7; config=StadiumSHA3,0.08052,0.0,0.0,0.142966,0.217369,0.0,StadiumSHA3,StadiumSHA3-7-20260809-23:07:20-359376,4,7,StadiumSHA3-7-20260809-23:07:20-359376|phase3|4|7,7,7,7,sha3,10,,,,1,4-7,0.012775,0.018435,0.18776
1239,1,0.443436,0.257479,0.210157,197,sha3,pair=UAV4<->UAV8; config=StadiumSHA3,0.094716,0.0,0.0,0.162763,0.210157,0.0,StadiumSHA3,StadiumSHA3-7-20260809-23:07:20-359376,4,8,StadiumSHA3-7-20260809-23:07:20-359376|phase3|4|8,7,7,7,sha3,10,,,,1,4-8,0.012965,0.023594,0.212265
1240,1,0.484889,0.224307,0.216799,197,sha3,pair=UAV4<->UAV9; config=StadiumSHA3,0.081341,0.0,0.0,0.142966,0.216799,0.0,StadiumSHA3,StadiumSHA3-7-20260809-23:07:20-359376,4,9,StadiumSHA3-7-20260809-23:07:20-359376|phase3|4|9,7,7,7,sha3,10,,,,1,4-9,0.012524,0.018745,0.188301
1241,1,0.363553,0.127828,0.39909,197,sha3,pair=UAV5<->UAV0; config=StadiumSHA3,0.0,0.127828,0.242522,0.0,0.0,0.156568,StadiumSHA3,StadiumSHA3-7-20260809-23:07:20-359376,5,0,StadiumSHA3-7-20260809-23:07:20-359376|phase3|5|0,7,7,7,sha3,10,,,,0,0-5,0.017924,0.024054,0.21498
1242,1,0.389217,0.09108,0.402563,197,sha3,pair=UAV5<->UAV1; config=StadiumSHA3,0.0,0.09108,0.228112,0.0,0.0,0.174451,StadiumSHA3,StadiumSHA3-7-20260809-23:07:20-359376,5,1,StadiumSHA3-7-20260809-23:07:20-359376|phase3|5|1,7,7,7,sha3,10,,,,0,1-5,0.013275,0.018775,0.191356
1243,1,0.364842,0.086161,0.4039,197,sha3,pair=UAV5<->UAV2; config=StadiumSHA3,0.0,0.086161,0.253681,0.0,0.0,0.150219,StadiumSHA3,StadiumSHA3-7-20260809-23:07:20-359376,5,2,StadiumSHA3-7-20260809-23:07:20-359376|phase3|5|2,7,7,7,sha3,10,,,,0,2-5,0.012404,0.018365,0.18763
1244,1,0.365769,0.08567,0.388149,197,sha3,pair=UAV5<->UAV3; config=StadiumSHA3,0.0,0.08567,0.236768,0.0,0.0,0.151382,StadiumSHA3,StadiumSHA3-7-20260809-23:07:20-359376,5,3,StadiumSHA3-7-20260809-23:07:20-359376|phase3|5|3,7,7,7,sha3,10,,,,0,3-5,0.012483,0.018284,0.18794
1245,1,0.368725,0.088394,0.378726,197,sha3,pair=UAV5<->UAV4; config=StadiumSHA3,0.0,0.088394,0.229563,0.0,0.0,0.149163,StadiumSHA3,StadiumSHA3-7-20260809-23:07:20-359376,5,4,StadiumSHA3-7-20260809-23:07:20-359376|phase3|5|4,7,7,7,sha3,10,,,,0,4-5,0.012644,0.018695,0.188221
1246,1,0.472784,0.223737,0.24321,197,sha3,pair=UAV5<->UAV6; config=StadiumSHA3,0.080931,0.0,0.0,0.142806,0.24321,0.0,StadiumSHA3,StadiumSHA3-7-20260809-23:07:20-359376,5,6,StadiumSHA3-7-20260809-23:07:20-359376|phase3|5|6,7,7,7,sha3,10,,,,1,5-6,0.012604,0.018565,0.187771
1247,1,0.464424,0.224197,0.21104,197,sha3,pair=UAV5<->UAV7; config=StadiumSHA3,0.081291,0.0,0.0,0.142906,0.21104,0.0,StadiumSHA3,StadiumSHA3-7-20260809-23:07:20-359376,5,7,StadiumSHA3-7-20260809-23:07:20-359376|phase3|5|7,7,7,7,sha3,10,,,,1,5-7,0.012674,0.018464,0.187559
1248,1,0.445537,0.224738,0.216411,197,sha3,pair=UAV5<->UAV8; config=StadiumSHA3,0.081051,0.0,0.0,0.143687,0.216411,0.0,StadiumSHA3,StadiumSHA3-7-20260809-23:07:20-359376,5,8,StadiumSHA3-7-20260809-23:07:20-359376|phase3|5|8,7,7,7,sha3,10,,,,1,5-8,0.013075,0.018555,0.188081
1249,1,0.451258,0.225209,0.219308,197,sha3,pair=UAV5<->UAV9; config=StadiumSHA3,0.081722,0.0,0.0,0.143487,0.219308,0.0,StadiumSHA3,StadiumSHA3-7-20260809-23:07:20-359376,5,9,StadiumSHA3-7-20260809-23:07:20-359376|phase3|5|9,7,7,7,sha3,10,,,,1,5-9,0.012764,0.018454,0.187961
1250,1,0.389283,0.097011,0.375951,197,sha3,pair=UAV6<->UAV0; config=StadiumSHA3,0.0,0.097011,0.237274,0.0,0.0,0.138676,StadiumSHA3,StadiumSHA3-7-20260809-23:07:20-359376,6,0,StadiumSHA3-7-20260809-23:07:20-359376|phase3|6|0,7,7,7,sha3,10,,,,0,0-6,0.012773,0.018744,0.194943
1251,1,0.344463,0.086,0.395448,197,sha3,pair=UAV6<->UAV1; config=StadiumSHA3,0.0,0.086,0.261499,0.0,0.0,0.133949,StadiumSHA3,StadiumSHA3-7-20260809-23:07:20-359376,6,1,StadiumSHA3-7-20260809-23:07:20-359376|phase3|6|1,7,7,7,sha3,10,,,,0,1-6,0.012454,0.018434,0.192509
1252,1,0.378721,0.08597,0.404974,197,sha3,pair=UAV6<->UAV2; config=StadiumSHA3,0.0,0.08597,0.234589,0.0,0.0,0.170384,StadiumSHA3,StadiumSHA3-7-20260809-23:07:20-359376,6,2,StadiumSHA3-7-20260809-23:07:20-359376|phase3|6|2,7,7,7,sha3,10,,,,0,2-6,0.012454,0.019035,0.198289
1253,1,0.390549,0.104254,0.436452,197,sha3,pair=UAV6<->UAV3; config=StadiumSHA3,0.0,0.104254,0.257688,0.0,0.0,0.178764,StadiumSHA3,StadiumSHA3-7-20260809-23:07:20-359376,6,3,StadiumSHA3-7-20260809-23:07:20-359376|phase3|6|3,7,7,7,sha3,10,,,,0,3-6,0.013015,0.030967,0.189142
1254,1,0.393327,0.090749,0.418652,197,sha3,pair=UAV6<->UAV4; config=StadiumSHA3,0.0,0.090749,0.253468,0.0,0.0,0.165184,StadiumSHA3,StadiumSHA3-7-20260809-23:07:20-359376,6,4,StadiumSHA3-7-20260809-23:07:20-359376|phase3|6|4,7,7,7,sha3,10,,,,0,4-6,0.013737,0.018565,0.188191
1255,1,0.392491,0.087032,0.378854,197,sha3,pair=UAV6<->UAV5; config=StadiumSHA3,0.0,0.087032,0.229574,0.0,0.0,0.149281,StadiumSHA3,StadiumSHA3-7-20260809-23:07:20-359376,6,5,StadiumSHA3-7-20260809-23:07:20-359376|phase3|6|5,7,7,7,sha3,10,,,,0,5-6,0.012604,0.018475,0.18769
1256,1,0.488613,0.233124,0.232901,197,sha3,pair=UAV6<->UAV7; config=StadiumSHA3,0.084117,0.0,0.0,0.149007,0.232901,0.0,StadiumSHA3,StadiumSHA3-7-20260809-23:07:20-359376,6,7,StadiumSHA3-7-20260809-23:07:20-359376|phase3|6|7,7,7,7,sha3,10,,,,1,6-7,0.014957,0.018695,0.194612
1257,1,0.458307,0.233925,0.207848,197,sha3,pair=UAV6<->UAV8; config=StadiumSHA3,0.081321,0.0,0.0,0.152604,0.207848,0.0,StadiumSHA3,StadiumSHA3-7-20260809-23:07:20-359376,6,8,StadiumSHA3-7-20260809-23:07:20-359376|phase3|6|8,7,7,7,sha3,10,,,,1,6-8,0.013406,0.018805,0.195233
1258,1,0.467259,0.224879,0.209657,197,sha3,pair=UAV6<->UAV9; config=StadiumSHA3,0.081993,0.0,0.0,0.142886,0.209657,0.0,StadiumSHA3,StadiumSHA3-7-20260809-23:07:20-359376,6,9,StadiumSHA3-7-20260809-23:07:20-359376|phase3|6|9,7,7,7,sha3,10,,,,1,6-9,0.012925,0.018424,0.18809
1259,1,0.371171,0.089517,0.402628,197,sha3,pair=UAV7<->UAV0; config=StadiumSHA3,0.0,0.089517,0.238817,0.0,0.0,0.163811,StadiumSHA3,StadiumSHA3-7-20260809-23:07:20-359376,7,0,StadiumSHA3-7-20260809-23:07:20-359376|phase3|7|0,7,7,7,sha3,10,,,,0,0-7,0.012733,0.018454,0.189945
1260,1,0.354427,0.08595,0.386764,197,sha3,pair=UAV7<->UAV1; config=StadiumSHA3,0.0,0.08595,0.240316,0.0,0.0,0.146449,StadiumSHA3,StadiumSHA3-7-20260809-23:07:20-359376,7,1,StadiumSHA3-7-20260809-23:07:20-359376|phase3|7|1,7,7,7,sha3,10,,,,0,1-7,0.012374,0.018346,0.187729
1261,1,0.350546,0.089998,0.394494,197,sha3,pair=UAV7<->UAV2; config=StadiumSHA3,0.0,0.089998,0.251448,0.0,0.0,0.143046,StadiumSHA3,StadiumSHA3-7-20260809-23:07:20-359376,7,2,StadiumSHA3-7-20260809-23:07:20-359376|phase3|7|2,7,7,7,sha3,10,,,,0,2-7,0.014417,0.018455,0.187189
1262,1,0.337096,0.086641,0.39132,197,sha3,pair=UAV7<->UAV3; config=StadiumSHA3,0.0,0.086641,0.258691,0.0,0.0,0.132629,StadiumSHA3,StadiumSHA3-7-20260809-23:07:20-359376,7,3,StadiumSHA3-7-20260809-23:07:20-359376|phase3|7|3,7,7,7,sha3,10,,,,0,3-7,0.012443,0.018706,0.18764
1263,1,0.355597,0.086792,0.372884,197,sha3,pair=UAV7<->UAV4; config=StadiumSHA3,0.0,0.086792,0.234657,0.0,0.0,0.138228,StadiumSHA3,StadiumSHA3-7-20260809-23:07:20-359376,7,4,StadiumSHA3-7-20260809-23:07:20-359376|phase3|7|4,7,7,7,sha3,10,,,,0,4-7,0.012725,0.018835,0.189733
1264,1,0.346003,0.08605,0.388347,197,sha3,pair=UAV7<->UAV5; config=StadiumSHA3,0.0,0.08605,0.253384,0.0,0.0,0.134963,StadiumSHA3,StadiumSHA3-7-20260809-23:07:20-359376,7,5,StadiumSHA3-7-20260809-23:07:20-359376|phase3|7|5,7,7,7,sha3,10,,,,0,5-7,0.012553,0.018514,0.18777
1265,1,0.38277,0.086741,0.405581,197,sha3,pair=UAV7<->UAV6; config=StadiumSHA3,0.0,0.086741,0.255712,0.0,0.0,0.149869,StadiumSHA3,StadiumSHA3-7-20260809-23:07:20-359376,7,6,StadiumSHA3-7-20260809-23:07:20-359376|phase3|7|6,7,7,7,sha3,10,,,,0,6-7,0.012633,0.018424,0.187529
1266,1,0.456419,0.252309,0.222345,197,sha3,pair=UAV7<->UAV8; config=StadiumSHA3,0.082734,0.0,0.0,0.169575,0.222345,0.0,StadiumSHA3,StadiumSHA3-7-20260809-23:07:20-359376,7,8,StadiumSHA3-7-20260809-23:07:20-359376|phase3|7|8,7,7,7,sha3,10,,,,1,7-8,0.013645,0.024796,0.207657
1267,1,0.450145,0.228056,0.221208,197,sha3,pair=UAV7<->UAV9; config=StadiumSHA3,0.081432,0.0,0.0,0.146624,0.221208,0.0,StadiumSHA3,StadiumSHA3-7-20260809-23:07:20-359376,7,9,StadiumSHA3-7-20260809-23:07:20-359376|phase3|7|9,7,7,7,sha3,10,,,,1,7-9,0.014909,0.018574,0.188811
1268,1,0.361387,0.086922,0.374442,197,sha3,pair=UAV8<->UAV0; config=StadiumSHA3,0.0,0.086922,0.236367,0.0,0.0,0.138075,StadiumSHA3,StadiumSHA3-7-20260809-23:07:20-359376,8,0,StadiumSHA3-7-20260809-23:07:20-359376|phase3|8|0,7,7,7,sha3,10,,,,0,0-8,0.013616,0.018365,0.191006
1269,1,0.36346,0.122668,0.399786,197,sha3,pair=UAV8<->UAV1; config=StadiumSHA3,0.0,0.122668,0.242341,0.0,0.0,0.157445,StadiumSHA3,StadiumSHA3-7-20260809-23:07:20-359376,8,1,StadiumSHA3-7-20260809-23:07:20-359376|phase3|8|1,7,7,7,sha3,10,,,,0,1-8,0.021851,0.019056,0.222235
1270,1,0.397204,0.090478,0.401093,197,sha3,pair=UAV8<->UAV2; config=StadiumSHA3,0.0,0.090478,0.252511,0.0,0.0,0.148582,StadiumSHA3,StadiumSHA3-7-20260809-23:07:20-359376,8,2,StadiumSHA3-7-20260809-23:07:20-359376|phase3|8|2,7,7,7,sha3,10,,,,0,2-8,0.013546,0.019266,0.187829
1271,1,0.360847,0.086361,0.38006,197,sha3,pair=UAV8<->UAV3; config=StadiumSHA3,0.0,0.086361,0.234268,0.0,0.0,0.145792,StadiumSHA3,StadiumSHA3-7-20260809-23:07:20-359376,8,3,StadiumSHA3-7-20260809-23:07:20-359376|phase3|8|3,7,7,7,sha3,10,,,,0,3-8,0.012512,0.018554,0.188181
1272,1,0.368256,0.09675,0.391377,197,sha3,pair=UAV8<->UAV4; config=StadiumSHA3,0.0,0.09675,0.233279,0.0,0.0,0.158099,StadiumSHA3,StadiumSHA3-7-20260809-23:07:20-359376,8,4,StadiumSHA3-7-20260809-23:07:20-359376|phase3|8|4,7,7,7,sha3,10,,,,0,4-8,0.013695,0.018724,0.196877
1273,1,0.362876,0.088785,0.37559,197,sha3,pair=UAV8<->UAV5; config=StadiumSHA3,0.0,0.088785,0.229126,0.0,0.0,0.146465,StadiumSHA3,StadiumSHA3-7-20260809-23:07:20-359376,8,5,StadiumSHA3-7-20260809-23:07:20-359376|phase3|8|5,7,7,7,sha3,10,,,,0,5-8,0.012603,0.018635,0.188291
1274,1,0.36722,0.089055,0.409832,197,sha3,pair=UAV8<->UAV6; config=StadiumSHA3,0.0,0.089055,0.250459,0.0,0.0,0.159373,StadiumSHA3,StadiumSHA3-7-20260809-23:07:20-359376,8,6,StadiumSHA3-7-20260809-23:07:20-359376|phase3|8|6,7,7,7,sha3,10,,,,0,6-8,0.012834,0.019306,0.18835
1275,1,0.369087,0.087283,0.380816,197,sha3,pair=UAV8<->UAV7; config=StadiumSHA3,0.0,0.087283,0.234074,0.0,0.0,0.146742,StadiumSHA3,StadiumSHA3-7-20260809-23:07:20-359376,8,7,StadiumSHA3-7-20260809-23:07:20-359376|phase3|8|7,7,7,7,sha3,10,,,,0,7-8,0.012995,0.018485,0.18793
1276,1,0.450945,0.236181,0.215184,197,sha3,pair=UAV8<->UAV9; config=StadiumSHA3,0.093034,0.0,0.0,0.143147,0.215184,0.0,StadiumSHA3,StadiumSHA3-7-20260809-23:07:20-359376,8,9,StadiumSHA3-7-20260809-23:07:20-359376|phase3|8|9,7,7,7,sha3,10,,,,1,8-9,0.013104,0.018745,0.198631
1277,1,0.446424,0.089777,0.426434,197,sha3,pair=UAV9<->UAV0; config=StadiumSHA3,0.0,0.089777,0.260832,0.0,0.0,0.165602,StadiumSHA3,StadiumSHA3-7-20260809-23:07:20-359376,9,0,StadiumSHA3-7-20260809-23:07:20-359376|phase3|9|0,7,7,7,sha3,10,,,,0,0-9,0.012974,0.018805,0.189173
1278,1,0.345612,0.08609,0.366223,197,sha3,pair=UAV9<->UAV1; config=StadiumSHA3,0.0,0.08609,0.233188,0.0,0.0,0.133035,StadiumSHA3,StadiumSHA3-7-20260809-23:07:20-359376,9,1,StadiumSHA3-7-20260809-23:07:20-359376|phase3|9|1,7,7,7,sha3,10,,,,0,1-9,0.012793,0.018595,0.187781
1279,1,0.362284,0.123339,0.394108,197,sha3,pair=UAV9<->UAV2; config=StadiumSHA3,0.0,0.123339,0.242699,0.0,0.0,0.151408,StadiumSHA3,StadiumSHA3-7-20260809-23:07:20-359376,9,2,StadiumSHA3-7-20260809-23:07:20-359376|phase3|9|2,7,7,7,sha3,10,,,,0,2-9,0.017141,0.023875,0.211474
1280,1,0.358441,0.094847,0.373392,197,sha3,pair=UAV9<->UAV3; config=StadiumSHA3,0.0,0.094847,0.233581,0.0,0.0,0.139811,StadiumSHA3,StadiumSHA3-7-20260809-23:07:20-359376,9,3,StadiumSHA3-7-20260809-23:07:20-359376|phase3|9|3,7,7,7,sha3,10,,,,0,3-9,0.014497,0.020408,0.191927
1281,1,0.349796,0.086672,0.401088,197,sha3,pair=UAV9<->UAV4; config=StadiumSHA3,0.0,0.086672,0.26809,0.0,0.0,0.132997,StadiumSHA3,StadiumSHA3-7-20260809-23:07:20-359376,9,4,StadiumSHA3-7-20260809-23:07:20-359376|phase3|9|4,7,7,7,sha3,10,,,,0,4-9,0.012433,0.019897,0.190045
1282,1,0.379264,0.087463,0.391905,197,sha3,pair=UAV9<->UAV5; config=StadiumSHA3,0.0,0.087463,0.23195,0.0,0.0,0.159955,StadiumSHA3,StadiumSHA3-7-20260809-23:07:20-359376,9,5,StadiumSHA3-7-20260809-23:07:20-359376|phase3|9|5,7,7,7,sha3,10,,,,0,5-9,0.012654,0.018535,0.187579
1283,1,0.35512,0.086091,0.403065,197,sha3,pair=UAV9<->UAV6; config=StadiumSHA3,0.0,0.086091,0.257602,0.0,0.0,0.145463,StadiumSHA3,StadiumSHA3-7-20260809-23:07:20-359376,9,6,StadiumSHA3-7-20260809-23:07:20-359376|phase3|9|6,7,7,7,sha3,10,,,,0,6-9,0.012684,0.018434,0.18804
1284,1,0.373093,0.089757,0.380822,197,sha3,pair=UAV9<->UAV7; config=StadiumSHA3,0.0,0.089757,0.228937,0.0,0.0,0.151885,StadiumSHA3,StadiumSHA3-7-20260809-23:07:20-359376,9,7,StadiumSHA3-7-20260809-23:07:20-359376|phase3|9|7,7,7,7,sha3,10,,,,0,7-9,0.012703,0.018644,0.196978
1285,1,0.349327,0.087583,0.369905,197,sha3,pair=UAV9<->UAV8; config=StadiumSHA3,0.0,0.087583,0.235762,0.0,0.0,0.134144,StadiumSHA3,StadiumSHA3-7-20260809-23:07:20-359376,9,8,StadiumSHA3-7-20260809-23:07:20-359376|phase3|9|8,7,7,7,sha3,10,,,,0,8-9,0.012494,0.018404,0.18822
